financial_year,measure,basis,is_pct_change,series_type,unit,value,series_id
1959-60,Farm ; Gross domestic product,Current prices,False,Original,$ Millions,2581.0,A2304615C
1959-60,GDP per capita,Chain volume measures,False,Original,$,32351.0,A2305001C
1959-60,GDP per capita,Current prices,False,Original,$,1637.0,A2304887J
1959-60,Gross domestic product,Chain volume measures,False,Original,$ Millions,328717.0,A2304755F
1959-60,Gross domestic product,Current prices,False,Original,$ Millions,16639.0,A2304617J
1959-60,Gross domestic product - Expenditure based,Chain volume measures,False,Original,$ Millions,326247.0,A2304843F
1959-60,Gross domestic product - Income based,Chain volume measures,False,Original,$ Millions,334511.0,A2304844J
1959-60,Gross domestic product - Production based,Chain volume measures,False,Original,$ Millions,325392.0,A2304845K
1959-60,Gross fixed capital formation - New private business investment,Current prices,False,Original,$ Millions,3030.0,A2305129R
1959-60,Gross national income,Current prices,False,Original,$ Millions,16668.0,A2304605X
1959-60,Household saving ratio,Ratio,False,Original,proportion,14.2,A2323368K
1959-60,Imports of merchandise goods,Current prices,False,Original,$ Millions,1820.0,A2304889L
1959-60,Net domestic product,Chain volume measures,False,Original,$ Millions,310508.0,A2304773K
1959-60,Net saving,Current prices,False,Original,$ Millions,2487.0,A2304633J
1959-60,Non-farm ; Gross domestic product,Chain volume measures,False,Original,$ Millions,287877.0,A2304754C
1959-60,Non-farm ; Gross domestic product,Current prices,False,Original,$ Millions,14057.0,A2304616F
1959-60,Non-farm ; Gross domestic product,Implicit price deflators,False,Original,Index Numbers,4.9,A2304681A
1959-60,Non-farm ; Total compensation of employees,Current prices,False,Original,$ Millions,7500.0,A2304583W
1959-60,Private non-farm inventory levels - book values,Current prices,False,Original,$ Millions,7499.0,A2304619L
1959-60,Profits share of total factor income,Ratio,False,Original,Percent,18.8,A2304901T
1959-60,Real gross domestic income,Chain volume measures,False,Original,$ Millions,290655.0,A2304775R
1959-60,Real gross national income,Chain volume measures,False,Original,$ Millions,286243.0,A2304735W
1959-60,Real net national disposable income,Chain volume measures,False,Original,$ Millions,266110.0,A2304846L
1959-60,Real net national disposable income per capita,Chain volume measures,False,Original,$,26189.0,A2305058T
1959-60,Terms of trade,Index,False,Original,Index Numbers,57.9,A2304708R
1959-60,Wages share of total factor income,Ratio,False,Original,Percent,50.4,A2304902V
1960-61,Farm ; Gross domestic product,Current prices,False,Original,$ Millions,2553.0,A2304615C
1960-61,Farm ; Gross domestic product,Current prices,True,Original,Percent,-1.1,A2304655W
1960-61,GDP per capita,Chain volume measures,False,Original,$,32417.0,A2305001C
1960-61,GDP per capita,Chain volume measures,True,Original,Percent,0.2,A2305033W
1960-61,GDP per capita,Current prices,False,Original,$,1694.0,A2304887J
1960-61,Gross domestic product,Chain volume measures,False,Original,$ Millions,336872.0,A2304755F
1960-61,Gross domestic product,Chain volume measures,True,Original,Percent,2.5,A2304830V
1960-61,Gross domestic product,Current prices,False,Original,$ Millions,17601.0,A2304617J
1960-61,Gross domestic product,Current prices,True,Original,Percent,5.8,A2304657A
1960-61,Gross domestic product - Expenditure based,Chain volume measures,False,Original,$ Millions,336213.0,A2304843F
1960-61,Gross domestic product - Expenditure based,Chain volume measures,True,Original,Percent,3.1,A2304848T
1960-61,Gross domestic product - Income based,Chain volume measures,False,Original,$ Millions,341530.0,A2304844J
1960-61,Gross domestic product - Income based,Chain volume measures,True,Original,Percent,2.1,A2304849V
1960-61,Gross domestic product - Production based,Chain volume measures,False,Original,$ Millions,332872.0,A2304845K
1960-61,Gross domestic product - Production based,Chain volume measures,True,Original,Percent,2.3,A2304850C
1960-61,Gross fixed capital formation - New private business investment,Current prices,False,Original,$ Millions,3208.0,A2305129R
1960-61,Gross fixed capital formation - New private business investment,Current prices,True,Original,Percent,5.9,A2305127K
1960-61,Gross national income,Current prices,False,Original,$ Millions,17582.0,A2304605X
1960-61,Household saving ratio,Ratio,False,Original,proportion,14.0,A2323368K
1960-61,Imports of merchandise goods,Current prices,False,Original,$ Millions,2060.0,A2304889L
1960-61,Net domestic product,Chain volume measures,False,Original,$ Millions,316185.0,A2304773K
1960-61,Net domestic product,Chain volume measures,True,Original,Percent,1.8,A2304836J
1960-61,Net saving,Current prices,False,Original,$ Millions,2518.0,A2304633J
1960-61,Non-farm ; Gross domestic product,Chain volume measures,False,Original,$ Millions,300085.0,A2304754C
1960-61,Non-farm ; Gross domestic product,Chain volume measures,True,Original,Percent,4.2,A2304829K
1960-61,Non-farm ; Gross domestic product,Current prices,False,Original,$ Millions,15048.0,A2304616F
1960-61,Non-farm ; Gross domestic product,Current prices,True,Original,Percent,7.1,A2304656X
1960-61,Non-farm ; Gross domestic product,Implicit price deflators,False,Original,Index Numbers,5.0,A2304681A
1960-61,Non-farm ; Gross domestic product,Implicit price deflators,True,Original,Percent,2.7,A2304789C
1960-61,Non-farm ; Total compensation of employees,Current prices,False,Original,$ Millions,8097.0,A2304583W
1960-61,Non-farm ; Total compensation of employees,Current prices,True,Original,Percent,8.0,A2304645T
1960-61,Private non-farm inventory levels - book values,Current prices,False,Original,$ Millions,7939.0,A2304619L
1960-61,Profits share of total factor income,Ratio,False,Original,Percent,18.5,A2304901T
1960-61,Real gross domestic income,Chain volume measures,False,Original,$ Millions,296180.0,A2304775R
1960-61,Real gross domestic income,Chain volume measures,True,Original,Percent,1.9,A2304838L
1960-61,Real gross national income,Chain volume measures,False,Original,$ Millions,291971.0,A2304735W
1960-61,Real gross national income,Chain volume measures,True,Original,Percent,2.0,A2304810K
1960-61,Real net national disposable income,Chain volume measures,False,Original,$ Millions,269422.0,A2304846L
1960-61,Real net national disposable income,Chain volume measures,True,Original,Percent,1.2,A2304851F
1960-61,Real net national disposable income per capita,Chain volume measures,False,Original,$,25926.0,A2305058T
1960-61,Real net national disposable income per capita,Chain volume measures,True,Original,Percent,-1.0,A2305076W
1960-61,Terms of trade,Index,False,Original,Index Numbers,55.4,A2304708R
1960-61,Terms of trade,Index,True,Original,Percent,-4.3,A2304802K
1960-61,Wages share of total factor income,Ratio,False,Original,Percent,51.5,A2304902V
1961-62,Farm ; Gross domestic product,Current prices,False,Original,$ Millions,2360.0,A2304615C
1961-62,Farm ; Gross domestic product,Current prices,True,Original,Percent,-7.6,A2304655W
1961-62,GDP per capita,Chain volume measures,False,Original,$,32064.0,A2305001C
1961-62,GDP per capita,Chain volume measures,True,Original,Percent,-1.1,A2305033W
1961-62,GDP per capita,Current prices,False,Original,$,1674.0,A2304887J
1961-62,Gross domestic product,Chain volume measures,False,Original,$ Millions,341241.0,A2304755F
1961-62,Gross domestic product,Chain volume measures,True,Original,Percent,1.3,A2304830V
1961-62,Gross domestic product,Current prices,False,Original,$ Millions,17816.0,A2304617J
1961-62,Gross domestic product,Current prices,True,Original,Percent,1.2,A2304657A
1961-62,Gross domestic product - Expenditure based,Chain volume measures,False,Original,$ Millions,343742.0,A2304843F
1961-62,Gross domestic product - Expenditure based,Chain volume measures,True,Original,Percent,2.2,A2304848T
1961-62,Gross domestic product - Income based,Chain volume measures,False,Original,$ Millions,346376.0,A2304844J
1961-62,Gross domestic product - Income based,Chain volume measures,True,Original,Percent,1.4,A2304849V
1961-62,Gross domestic product - Production based,Chain volume measures,False,Original,$ Millions,333605.0,A2304845K
1961-62,Gross domestic product - Production based,Chain volume measures,True,Original,Percent,0.2,A2304850C
1961-62,Gross fixed capital formation - New private business investment,Current prices,False,Original,$ Millions,3069.0,A2305129R
1961-62,Gross fixed capital formation - New private business investment,Current prices,True,Original,Percent,-4.3,A2305127K
1961-62,Gross national income,Current prices,False,Original,$ Millions,17869.0,A2304605X
1961-62,Household saving ratio,Ratio,False,Original,proportion,13.7,A2323368K
1961-62,Imports of merchandise goods,Current prices,False,Original,$ Millions,1705.0,A2304889L
1961-62,Net domestic product,Chain volume measures,False,Original,$ Millions,317589.0,A2304773K
1961-62,Net domestic product,Chain volume measures,True,Original,Percent,0.4,A2304836J
1961-62,Net saving,Current prices,False,Original,$ Millions,2296.0,A2304633J
1961-62,Non-farm ; Gross domestic product,Chain volume measures,False,Original,$ Millions,304016.0,A2304754C
1961-62,Non-farm ; Gross domestic product,Chain volume measures,True,Original,Percent,1.3,A2304829K
1961-62,Non-farm ; Gross domestic product,Current prices,False,Original,$ Millions,15456.0,A2304616F
1961-62,Non-farm ; Gross domestic product,Current prices,True,Original,Percent,2.7,A2304656X
1961-62,Non-farm ; Gross domestic product,Implicit price deflators,False,Original,Index Numbers,5.1,A2304681A
1961-62,Non-farm ; Gross domestic product,Implicit price deflators,True,Original,Percent,1.4,A2304789C
1961-62,Non-farm ; Total compensation of employees,Current prices,False,Original,$ Millions,8356.0,A2304583W
1961-62,Non-farm ; Total compensation of employees,Current prices,True,Original,Percent,3.2,A2304645T
1961-62,Private non-farm inventory levels - book values,Current prices,False,Original,$ Millions,7833.0,A2304619L
1961-62,Profits share of total factor income,Ratio,False,Original,Percent,19.0,A2304901T
1961-62,Real gross domestic income,Chain volume measures,False,Original,$ Millions,300428.0,A2304775R
1961-62,Real gross domestic income,Chain volume measures,True,Original,Percent,1.4,A2304838L
1961-62,Real gross national income,Chain volume measures,False,Original,$ Millions,297007.0,A2304735W
1961-62,Real gross national income,Chain volume measures,True,Original,Percent,1.7,A2304810K
1961-62,Real net national disposable income,Chain volume measures,False,Original,$ Millions,271932.0,A2304846L
1961-62,Real net national disposable income,Chain volume measures,True,Original,Percent,0.9,A2304851F
1961-62,Real net national disposable income per capita,Chain volume measures,False,Original,$,25551.0,A2305058T
1961-62,Real net national disposable income per capita,Chain volume measures,True,Original,Percent,-1.4,A2305076W
1961-62,Terms of trade,Index,False,Original,Index Numbers,56.0,A2304708R
1961-62,Terms of trade,Index,True,Original,Percent,1.0,A2304802K
1961-62,Wages share of total factor income,Ratio,False,Original,Percent,52.1,A2304902V
1962-63,Farm ; Gross domestic product,Current prices,False,Original,$ Millions,2586.0,A2304615C
1962-63,Farm ; Gross domestic product,Current prices,True,Original,Percent,9.6,A2304655W
1962-63,GDP per capita,Chain volume measures,False,Original,$,33417.0,A2305001C
1962-63,GDP per capita,Chain volume measures,True,Original,Percent,4.2,A2305033W
1962-63,GDP per capita,Current prices,False,Original,$,1776.0,A2304887J
1962-63,Gross domestic product,Chain volume measures,False,Original,$ Millions,362447.0,A2304755F
1962-63,Gross domestic product,Chain volume measures,True,Original,Percent,6.2,A2304830V
1962-63,Gross domestic product,Current prices,False,Original,$ Millions,19262.0,A2304617J
1962-63,Gross domestic product,Current prices,True,Original,Percent,8.1,A2304657A
1962-63,Gross domestic product - Expenditure based,Chain volume measures,False,Original,$ Millions,362451.0,A2304843F
1962-63,Gross domestic product - Expenditure based,Chain volume measures,True,Original,Percent,5.4,A2304848T
1962-63,Gross domestic product - Income based,Chain volume measures,False,Original,$ Millions,366734.0,A2304844J
1962-63,Gross domestic product - Income based,Chain volume measures,True,Original,Percent,5.9,A2304849V
1962-63,Gross domestic product - Production based,Chain volume measures,False,Original,$ Millions,358155.0,A2304845K
1962-63,Gross domestic product - Production based,Chain volume measures,True,Original,Percent,7.4,A2304850C
1962-63,Gross fixed capital formation - New private business investment,Current prices,False,Original,$ Millions,3325.0,A2305129R
1962-63,Gross fixed capital formation - New private business investment,Current prices,True,Original,Percent,8.4,A2305127K
1962-63,Gross national income,Current prices,False,Original,$ Millions,19208.0,A2304605X
1962-63,Household saving ratio,Ratio,False,Original,proportion,13.8,A2323368K
1962-63,Imports of merchandise goods,Current prices,False,Original,$ Millions,2070.0,A2304889L
1962-63,Net domestic product,Chain volume measures,False,Original,$ Millions,337966.0,A2304773K
1962-63,Net domestic product,Chain volume measures,True,Original,Percent,6.4,A2304836J
1962-63,Net saving,Current prices,False,Original,$ Millions,2602.0,A2304633J
1962-63,Non-farm ; Gross domestic product,Chain volume measures,False,Original,$ Millions,323818.0,A2304754C
1962-63,Non-farm ; Gross domestic product,Chain volume measures,True,Original,Percent,6.5,A2304829K
1962-63,Non-farm ; Gross domestic product,Current prices,False,Original,$ Millions,16675.0,A2304616F
1962-63,Non-farm ; Gross domestic product,Current prices,True,Original,Percent,7.9,A2304656X
1962-63,Non-farm ; Gross domestic product,Implicit price deflators,False,Original,Index Numbers,5.1,A2304681A
1962-63,Non-farm ; Gross domestic product,Implicit price deflators,True,Original,Percent,1.3,A2304789C
1962-63,Non-farm ; Total compensation of employees,Current prices,False,Original,$ Millions,8851.0,A2304583W
1962-63,Non-farm ; Total compensation of employees,Current prices,True,Original,Percent,5.9,A2304645T
1962-63,Private non-farm inventory levels - book values,Current prices,False,Original,$ Millions,8069.0,A2304619L
1962-63,Profits share of total factor income,Ratio,False,Original,Percent,19.7,A2304901T
1962-63,Real gross domestic income,Chain volume measures,False,Original,$ Millions,319996.0,A2304775R
1962-63,Real gross domestic income,Chain volume measures,True,Original,Percent,6.5,A2304838L
1962-63,Real gross national income,Chain volume measures,False,Original,$ Millions,315527.0,A2304735W
1962-63,Real gross national income,Chain volume measures,True,Original,Percent,6.2,A2304810K
1962-63,Real net national disposable income,Chain volume measures,False,Original,$ Millions,289275.0,A2304846L
1962-63,Real net national disposable income,Chain volume measures,True,Original,Percent,6.4,A2304851F
1962-63,Real net national disposable income per capita,Chain volume measures,False,Original,$,26671.0,A2305058T
1962-63,Real net national disposable income per capita,Chain volume measures,True,Original,Percent,4.4,A2305076W
1962-63,Terms of trade,Index,False,Original,Index Numbers,57.2,A2304708R
1962-63,Terms of trade,Index,True,Original,Percent,2.2,A2304802K
1962-63,Wages share of total factor income,Ratio,False,Original,Percent,51.4,A2304902V
1963-64,Farm ; Gross domestic product,Current prices,False,Original,$ Millions,3040.0,A2304615C
1963-64,Farm ; Gross domestic product,Current prices,True,Original,Percent,17.5,A2304655W
1963-64,GDP per capita,Chain volume measures,False,Original,$,35072.0,A2305001C
1963-64,GDP per capita,Chain volume measures,True,Original,Percent,5.0,A2305033W
1963-64,GDP per capita,Current prices,False,Original,$,1925.0,A2304887J
1963-64,Gross domestic product,Chain volume measures,False,Original,$ Millions,387737.0,A2304755F
1963-64,Gross domestic product,Chain volume measures,True,Original,Percent,7.0,A2304830V
1963-64,Gross domestic product,Current prices,False,Original,$ Millions,21282.0,A2304617J
1963-64,Gross domestic product,Current prices,True,Original,Percent,10.5,A2304657A
1963-64,Gross domestic product - Expenditure based,Chain volume measures,False,Original,$ Millions,389901.0,A2304843F
1963-64,Gross domestic product - Expenditure based,Chain volume measures,True,Original,Percent,7.6,A2304848T
1963-64,Gross domestic product - Income based,Chain volume measures,False,Original,$ Millions,393110.0,A2304844J
1963-64,Gross domestic product - Income based,Chain volume measures,True,Original,Percent,7.2,A2304849V
1963-64,Gross domestic product - Production based,Chain volume measures,False,Original,$ Millions,380200.0,A2304845K
1963-64,Gross domestic product - Production based,Chain volume measures,True,Original,Percent,6.2,A2304850C
1963-64,Gross fixed capital formation - New private business investment,Current prices,False,Original,$ Millions,3668.0,A2305129R
1963-64,Gross fixed capital formation - New private business investment,Current prices,True,Original,Percent,10.3,A2305127K
1963-64,Gross national income,Current prices,False,Original,$ Millions,21280.0,A2304605X
1963-64,Household saving ratio,Ratio,False,Original,proportion,14.8,A2323368K
1963-64,Imports of merchandise goods,Current prices,False,Original,$ Millions,2242.0,A2304889L
1963-64,Net domestic product,Chain volume measures,False,Original,$ Millions,362741.0,A2304773K
1963-64,Net domestic product,Chain volume measures,True,Original,Percent,7.3,A2304836J
1963-64,Net saving,Current prices,False,Original,$ Millions,3237.0,A2304633J
1963-64,Non-farm ; Gross domestic product,Chain volume measures,False,Original,$ Millions,348264.0,A2304754C
1963-64,Non-farm ; Gross domestic product,Chain volume measures,True,Original,Percent,7.5,A2304829K
1963-64,Non-farm ; Gross domestic product,Current prices,False,Original,$ Millions,18242.0,A2304616F
1963-64,Non-farm ; Gross domestic product,Current prices,True,Original,Percent,9.4,A2304656X
1963-64,Non-farm ; Gross domestic product,Implicit price deflators,False,Original,Index Numbers,5.2,A2304681A
1963-64,Non-farm ; Gross domestic product,Implicit price deflators,True,Original,Percent,1.7,A2304789C
1963-64,Non-farm ; Total compensation of employees,Current prices,False,Original,$ Millions,9694.0,A2304583W
1963-64,Non-farm ; Total compensation of employees,Current prices,True,Original,Percent,9.5,A2304645T
1963-64,Private non-farm inventory levels - book values,Current prices,False,Original,$ Millions,8278.0,A2304619L
1963-64,Profits share of total factor income,Ratio,False,Original,Percent,20.4,A2304901T
1963-64,Real gross domestic income,Chain volume measures,False,Original,$ Millions,347270.0,A2304775R
1963-64,Real gross domestic income,Chain volume measures,True,Original,Percent,8.5,A2304838L
1963-64,Real gross national income,Chain volume measures,False,Original,$ Millions,342660.0,A2304735W
1963-64,Real gross national income,Chain volume measures,True,Original,Percent,8.6,A2304810K
1963-64,Real net national disposable income,Chain volume measures,False,Original,$ Millions,315790.0,A2304846L
1963-64,Real net national disposable income,Chain volume measures,True,Original,Percent,9.2,A2304851F
1963-64,Real net national disposable income per capita,Chain volume measures,False,Original,$,28564.0,A2305058T
1963-64,Real net national disposable income per capita,Chain volume measures,True,Original,Percent,7.1,A2305076W
1963-64,Terms of trade,Index,False,Original,Index Numbers,63.1,A2304708R
1963-64,Terms of trade,Index,True,Original,Percent,10.2,A2304802K
1963-64,Wages share of total factor income,Ratio,False,Original,Percent,50.5,A2304902V
1964-65,Farm ; Gross domestic product,Current prices,False,Original,$ Millions,2926.0,A2304615C
1964-65,Farm ; Gross domestic product,Current prices,True,Original,Percent,-3.8,A2304655W
1964-65,GDP per capita,Chain volume measures,False,Original,$,36427.0,A2305001C
1964-65,GDP per capita,Chain volume measures,True,Original,Percent,3.9,A2305033W
1964-65,GDP per capita,Current prices,False,Original,$,2059.0,A2304887J
1964-65,Gross domestic product,Chain volume measures,False,Original,$ Millions,410914.0,A2304755F
1964-65,Gross domestic product,Chain volume measures,True,Original,Percent,6.0,A2304830V
1964-65,Gross domestic product,Current prices,False,Original,$ Millions,23227.0,A2304617J
1964-65,Gross domestic product,Current prices,True,Original,Percent,9.1,A2304657A
1964-65,Gross domestic product - Expenditure based,Chain volume measures,False,Original,$ Millions,412246.0,A2304843F
1964-65,Gross domestic product - Expenditure based,Chain volume measures,True,Original,Percent,5.7,A2304848T
1964-65,Gross domestic product - Income based,Chain volume measures,False,Original,$ Millions,417060.0,A2304844J
1964-65,Gross domestic product - Income based,Chain volume measures,True,Original,Percent,6.1,A2304849V
1964-65,Gross domestic product - Production based,Chain volume measures,False,Original,$ Millions,403435.0,A2304845K
1964-65,Gross domestic product - Production based,Chain volume measures,True,Original,Percent,6.1,A2304850C
1964-65,Gross fixed capital formation - New private business investment,Current prices,False,Original,$ Millions,4031.0,A2305129R
1964-65,Gross fixed capital formation - New private business investment,Current prices,True,Original,Percent,9.9,A2305127K
1964-65,Gross national income,Current prices,False,Original,$ Millions,23295.0,A2304605X
1964-65,Household saving ratio,Ratio,False,Original,proportion,13.2,A2323368K
1964-65,Imports of merchandise goods,Current prices,False,Original,$ Millions,2743.0,A2304889L
1964-65,Net domestic product,Chain volume measures,False,Original,$ Millions,385264.0,A2304773K
1964-65,Net domestic product,Chain volume measures,True,Original,Percent,6.2,A2304836J
1964-65,Net saving,Current prices,False,Original,$ Millions,3418.0,A2304633J
1964-65,Non-farm ; Gross domestic product,Chain volume measures,False,Original,$ Millions,373218.0,A2304754C
1964-65,Non-farm ; Gross domestic product,Chain volume measures,True,Original,Percent,7.2,A2304829K
1964-65,Non-farm ; Gross domestic product,Current prices,False,Original,$ Millions,20301.0,A2304616F
1964-65,Non-farm ; Gross domestic product,Current prices,True,Original,Percent,11.3,A2304656X
1964-65,Non-farm ; Gross domestic product,Implicit price deflators,False,Original,Index Numbers,5.4,A2304681A
1964-65,Non-farm ; Gross domestic product,Implicit price deflators,True,Original,Percent,3.8,A2304789C
1964-65,Non-farm ; Total compensation of employees,Current prices,False,Original,$ Millions,10907.0,A2304583W
1964-65,Non-farm ; Total compensation of employees,Current prices,True,Original,Percent,12.5,A2304645T
1964-65,Private non-farm inventory levels - book values,Current prices,False,Original,$ Millions,8829.0,A2304619L
1964-65,Profits share of total factor income,Ratio,False,Original,Percent,20.5,A2304901T
1964-65,Real gross domestic income,Chain volume measures,False,Original,$ Millions,365584.0,A2304775R
1964-65,Real gross domestic income,Chain volume measures,True,Original,Percent,5.3,A2304838L
1964-65,Real gross national income,Chain volume measures,False,Original,$ Millions,361441.0,A2304735W
1964-65,Real gross national income,Chain volume measures,True,Original,Percent,5.5,A2304810K
1964-65,Real net national disposable income,Chain volume measures,False,Original,$ Millions,333063.0,A2304846L
1964-65,Real net national disposable income,Chain volume measures,True,Original,Percent,5.5,A2304851F
1964-65,Real net national disposable income per capita,Chain volume measures,False,Original,$,29526.0,A2305058T
1964-65,Real net national disposable income per capita,Chain volume measures,True,Original,Percent,3.4,A2305076W
1964-65,Terms of trade,Index,False,Original,Index Numbers,60.1,A2304708R
1964-65,Terms of trade,Index,True,Original,Percent,-4.7,A2304802K
1964-65,Wages share of total factor income,Ratio,False,Original,Percent,52.1,A2304902V
1965-66,Farm ; Gross domestic product,Current prices,False,Original,$ Millions,2692.0,A2304615C
1965-66,Farm ; Gross domestic product,Current prices,True,Original,Percent,-8.0,A2304655W
1965-66,GDP per capita,Chain volume measures,False,Original,$,36565.0,A2305001C
1965-66,GDP per capita,Chain volume measures,True,Original,Percent,0.4,A2305033W
1965-66,GDP per capita,Current prices,False,Original,$,2122.0,A2304887J
1965-66,Gross domestic product,Chain volume measures,False,Original,$ Millions,420698.0,A2304755F
1965-66,Gross domestic product,Chain volume measures,True,Original,Percent,2.4,A2304830V
1965-66,Gross domestic product,Current prices,False,Original,$ Millions,24419.0,A2304617J
1965-66,Gross domestic product,Current prices,True,Original,Percent,5.1,A2304657A
1965-66,Gross domestic product - Expenditure based,Chain volume measures,False,Original,$ Millions,424588.0,A2304843F
1965-66,Gross domestic product - Expenditure based,Chain volume measures,True,Original,Percent,3.0,A2304848T
1965-66,Gross domestic product - Income based,Chain volume measures,False,Original,$ Millions,425120.0,A2304844J
1965-66,Gross domestic product - Income based,Chain volume measures,True,Original,Percent,1.9,A2304849V
1965-66,Gross domestic product - Production based,Chain volume measures,False,Original,$ Millions,412387.0,A2304845K
1965-66,Gross domestic product - Production based,Chain volume measures,True,Original,Percent,2.2,A2304850C
1965-66,Gross fixed capital formation - New private business investment,Current prices,False,Original,$ Millions,4420.0,A2305129R
1965-66,Gross fixed capital formation - New private business investment,Current prices,True,Original,Percent,9.6,A2305127K
1965-66,Gross national income,Current prices,False,Original,$ Millions,24367.0,A2304605X
1965-66,Household saving ratio,Ratio,False,Original,proportion,12.3,A2323368K
1965-66,Imports of merchandise goods,Current prices,False,Original,$ Millions,2826.0,A2304889L
1965-66,Net domestic product,Chain volume measures,False,Original,$ Millions,392690.0,A2304773K
1965-66,Net domestic product,Chain volume measures,True,Original,Percent,1.9,A2304836J
1965-66,Net saving,Current prices,False,Original,$ Millions,3048.0,A2304633J
1965-66,Non-farm ; Gross domestic product,Chain volume measures,False,Original,$ Millions,386365.0,A2304754C
1965-66,Non-farm ; Gross domestic product,Chain volume measures,True,Original,Percent,3.5,A2304829K
1965-66,Non-farm ; Gross domestic product,Current prices,False,Original,$ Millions,21726.0,A2304616F
1965-66,Non-farm ; Gross domestic product,Current prices,True,Original,Percent,7.0,A2304656X
1965-66,Non-farm ; Gross domestic product,Implicit price deflators,False,Original,Index Numbers,5.6,A2304681A
1965-66,Non-farm ; Gross domestic product,Implicit price deflators,True,Original,Percent,3.4,A2304789C
1965-66,Non-farm ; Total compensation of employees,Current prices,False,Original,$ Millions,11844.0,A2304583W
1965-66,Non-farm ; Total compensation of employees,Current prices,True,Original,Percent,8.6,A2304645T
1965-66,Private non-farm inventory levels - book values,Current prices,False,Original,$ Millions,9108.0,A2304619L
1965-66,Profits share of total factor income,Ratio,False,Original,Percent,19.8,A2304901T
1965-66,Real gross domestic income,Chain volume measures,False,Original,$ Millions,374276.0,A2304775R
1965-66,Real gross domestic income,Chain volume measures,True,Original,Percent,2.4,A2304838L
1965-66,Real gross national income,Chain volume measures,False,Original,$ Millions,369808.0,A2304735W
1965-66,Real gross national income,Chain volume measures,True,Original,Percent,2.3,A2304810K
1965-66,Real net national disposable income,Chain volume measures,False,Original,$ Millions,338675.0,A2304846L
1965-66,Real net national disposable income,Chain volume measures,True,Original,Percent,1.7,A2304851F
1965-66,Real net national disposable income per capita,Chain volume measures,False,Original,$,29436.0,A2305058T
1965-66,Real net national disposable income per capita,Chain volume measures,True,Original,Percent,-0.3,A2305076W
1965-66,Terms of trade,Index,False,Original,Index Numbers,60.1,A2304708R
1965-66,Terms of trade,Index,True,Original,Percent,0.0,A2304802K
1965-66,Wages share of total factor income,Ratio,False,Original,Percent,54.0,A2304902V
1966-67,Farm ; Gross domestic product,Current prices,False,Original,$ Millions,3312.0,A2304615C
1966-67,Farm ; Gross domestic product,Current prices,True,Original,Percent,23.0,A2304655W
1966-67,GDP per capita,Chain volume measures,False,Original,$,38209.0,A2305001C
1966-67,GDP per capita,Chain volume measures,True,Original,Percent,4.5,A2305033W
1966-67,GDP per capita,Current prices,False,Original,$,2326.0,A2304887J
1966-67,Gross domestic product,Chain volume measures,False,Original,$ Millions,447231.0,A2304755F
1966-67,Gross domestic product,Chain volume measures,True,Original,Percent,6.3,A2304830V
1966-67,Gross domestic product,Current prices,False,Original,$ Millions,27221.0,A2304617J
1966-67,Gross domestic product,Current prices,True,Original,Percent,11.5,A2304657A
1966-67,Gross domestic product - Expenditure based,Chain volume measures,False,Original,$ Millions,450187.0,A2304843F
1966-67,Gross domestic product - Expenditure based,Chain volume measures,True,Original,Percent,6.0,A2304848T
1966-67,Gross domestic product - Income based,Chain volume measures,False,Original,$ Millions,449606.0,A2304844J
1966-67,Gross domestic product - Income based,Chain volume measures,True,Original,Percent,5.8,A2304849V
1966-67,Gross domestic product - Production based,Chain volume measures,False,Original,$ Millions,441901.0,A2304845K
1966-67,Gross domestic product - Production based,Chain volume measures,True,Original,Percent,7.2,A2304850C
1966-67,Gross fixed capital formation - New private business investment,Current prices,False,Original,$ Millions,4761.0,A2305129R
1966-67,Gross fixed capital formation - New private business investment,Current prices,True,Original,Percent,7.7,A2305127K
1966-67,Gross national income,Current prices,False,Original,$ Millions,27031.0,A2304605X
1966-67,Household saving ratio,Ratio,False,Original,proportion,15.1,A2323368K
1966-67,Imports of merchandise goods,Current prices,False,Original,$ Millions,2841.0,A2304889L
1966-67,Net domestic product,Chain volume measures,False,Original,$ Millions,418359.0,A2304773K
1966-67,Net domestic product,Chain volume measures,True,Original,Percent,6.5,A2304836J
1966-67,Net saving,Current prices,False,Original,$ Millions,3814.0,A2304633J
1966-67,Non-farm ; Gross domestic product,Chain volume measures,False,Original,$ Millions,407503.0,A2304754C
1966-67,Non-farm ; Gross domestic product,Chain volume measures,True,Original,Percent,5.5,A2304829K
1966-67,Non-farm ; Gross domestic product,Current prices,False,Original,$ Millions,23909.0,A2304616F
1966-67,Non-farm ; Gross domestic product,Current prices,True,Original,Percent,10.0,A2304656X
1966-67,Non-farm ; Gross domestic product,Implicit price deflators,False,Original,Index Numbers,5.9,A2304681A
1966-67,Non-farm ; Gross domestic product,Implicit price deflators,True,Original,Percent,4.3,A2304789C
1966-67,Non-farm ; Total compensation of employees,Current prices,False,Original,$ Millions,12980.0,A2304583W
1966-67,Non-farm ; Total compensation of employees,Current prices,True,Original,Percent,9.6,A2304645T
1966-67,Private non-farm inventory levels - book values,Current prices,False,Original,$ Millions,9387.0,A2304619L
1966-67,Profits share of total factor income,Ratio,False,Original,Percent,19.8,A2304901T
1966-67,Real gross domestic income,Chain volume measures,False,Original,$ Millions,397571.0,A2304775R
1966-67,Real gross domestic income,Chain volume measures,True,Original,Percent,6.2,A2304838L
1966-67,Real gross national income,Chain volume measures,False,Original,$ Millions,392959.0,A2304735W
1966-67,Real gross national income,Chain volume measures,True,Original,Percent,6.3,A2304810K
1966-67,Real net national disposable income,Chain volume measures,False,Original,$ Millions,360086.0,A2304846L
1966-67,Real net national disposable income,Chain volume measures,True,Original,Percent,6.3,A2304851F
1966-67,Real net national disposable income per capita,Chain volume measures,False,Original,$,30764.0,A2305058T
1966-67,Real net national disposable income per capita,Chain volume measures,True,Original,Percent,4.5,A2305076W
1966-67,Terms of trade,Index,False,Original,Index Numbers,59.7,A2304708R
1966-67,Terms of trade,Index,True,Original,Percent,-0.6,A2304802K
1966-67,Wages share of total factor income,Ratio,False,Original,Percent,53.1,A2304902V
1967-68,Farm ; Gross domestic product,Current prices,False,Original,$ Millions,2988.0,A2304615C
1967-68,Farm ; Gross domestic product,Current prices,True,Original,Percent,-9.8,A2304655W
1967-68,GDP per capita,Chain volume measures,False,Original,$,39457.0,A2305001C
1967-68,GDP per capita,Chain volume measures,True,Original,Percent,3.3,A2305033W
1967-68,GDP per capita,Current prices,False,Original,$,2456.0,A2304887J
1967-68,Gross domestic product,Chain volume measures,False,Original,$ Millions,470018.0,A2304755F
1967-68,Gross domestic product,Chain volume measures,True,Original,Percent,5.1,A2304830V
1967-68,Gross domestic product,Current prices,False,Original,$ Millions,29253.0,A2304617J
1967-68,Gross domestic product,Current prices,True,Original,Percent,7.5,A2304657A
1967-68,Gross domestic product - Expenditure based,Chain volume measures,False,Original,$ Millions,475393.0,A2304843F
1967-68,Gross domestic product - Expenditure based,Chain volume measures,True,Original,Percent,5.6,A2304848T
1967-68,Gross domestic product - Income based,Chain volume measures,False,Original,$ Millions,473150.0,A2304844J
1967-68,Gross domestic product - Income based,Chain volume measures,True,Original,Percent,5.2,A2304849V
1967-68,Gross domestic product - Production based,Chain volume measures,False,Original,$ Millions,461511.0,A2304845K
1967-68,Gross domestic product - Production based,Chain volume measures,True,Original,Percent,4.4,A2304850C
1967-68,Gross fixed capital formation - New private business investment,Current prices,False,Original,$ Millions,5291.0,A2305129R
1967-68,Gross fixed capital formation - New private business investment,Current prices,True,Original,Percent,11.1,A2305127K
1967-68,Gross national income,Current prices,False,Original,$ Millions,28984.0,A2304605X
1967-68,Household saving ratio,Ratio,False,Original,proportion,11.8,A2323368K
1967-68,Imports of merchandise goods,Current prices,False,Original,$ Millions,3164.0,A2304889L
1967-68,Net domestic product,Chain volume measures,False,Original,$ Millions,439264.0,A2304773K
1967-68,Net domestic product,Chain volume measures,True,Original,Percent,5.0,A2304836J
1967-68,Net saving,Current prices,False,Original,$ Millions,3467.0,A2304633J
1967-68,Non-farm ; Gross domestic product,Chain volume measures,False,Original,$ Millions,433286.0,A2304754C
1967-68,Non-farm ; Gross domestic product,Chain volume measures,True,Original,Percent,6.3,A2304829K
1967-68,Non-farm ; Gross domestic product,Current prices,False,Original,$ Millions,26264.0,A2304616F
1967-68,Non-farm ; Gross domestic product,Current prices,True,Original,Percent,9.9,A2304656X
1967-68,Non-farm ; Gross domestic product,Implicit price deflators,False,Original,Index Numbers,6.1,A2304681A
1967-68,Non-farm ; Gross domestic product,Implicit price deflators,True,Original,Percent,3.3,A2304789C
1967-68,Non-farm ; Total compensation of employees,Current prices,False,Original,$ Millions,14158.0,A2304583W
1967-68,Non-farm ; Total compensation of employees,Current prices,True,Original,Percent,9.1,A2304645T
1967-68,Private non-farm inventory levels - book values,Current prices,False,Original,$ Millions,9823.0,A2304619L
1967-68,Profits share of total factor income,Ratio,False,Original,Percent,20.6,A2304901T
1967-68,Real gross domestic income,Chain volume measures,False,Original,$ Millions,415682.0,A2304775R
1967-68,Real gross domestic income,Chain volume measures,True,Original,Percent,4.6,A2304838L
1967-68,Real gross national income,Chain volume measures,False,Original,$ Millions,409365.0,A2304735W
1967-68,Real gross national income,Chain volume measures,True,Original,Percent,4.2,A2304810K
1967-68,Real net national disposable income,Chain volume measures,False,Original,$ Millions,374275.0,A2304846L
1967-68,Real net national disposable income,Chain volume measures,True,Original,Percent,3.9,A2304851F
1967-68,Real net national disposable income per capita,Chain volume measures,False,Original,$,31419.0,A2305058T
1967-68,Real net national disposable income per capita,Chain volume measures,True,Original,Percent,2.1,A2305076W
1967-68,Terms of trade,Index,False,Original,Index Numbers,57.3,A2304708R
1967-68,Terms of trade,Index,True,Original,Percent,-4.0,A2304802K
1967-68,Wages share of total factor income,Ratio,False,Original,Percent,53.9,A2304902V
1968-69,Farm ; Gross domestic product,Current prices,False,Original,$ Millions,3473.0,A2304615C
1968-69,Farm ; Gross domestic product,Current prices,True,Original,Percent,16.2,A2304655W
1968-69,GDP per capita,Chain volume measures,False,Original,$,41426.0,A2305001C
1968-69,GDP per capita,Chain volume measures,True,Original,Percent,5.0,A2305033W
1968-69,GDP per capita,Current prices,False,Original,$,2701.0,A2304887J
1968-69,Gross domestic product,Chain volume measures,False,Original,$ Millions,503143.0,A2304755F
1968-69,Gross domestic product,Chain volume measures,True,Original,Percent,7.0,A2304830V
1968-69,Gross domestic product,Current prices,False,Original,$ Millions,32802.0,A2304617J
1968-69,Gross domestic product,Current prices,True,Original,Percent,12.1,A2304657A
1968-69,Gross domestic product - Expenditure based,Chain volume measures,False,Original,$ Millions,505023.0,A2304843F
1968-69,Gross domestic product - Expenditure based,Chain volume measures,True,Original,Percent,6.2,A2304848T
1968-69,Gross domestic product - Income based,Chain volume measures,False,Original,$ Millions,503755.0,A2304844J
1968-69,Gross domestic product - Income based,Chain volume measures,True,Original,Percent,6.5,A2304849V
1968-69,Gross domestic product - Production based,Chain volume measures,False,Original,$ Millions,500652.0,A2304845K
1968-69,Gross domestic product - Production based,Chain volume measures,True,Original,Percent,8.5,A2304850C
1968-69,Gross fixed capital formation - New private business investment,Current prices,False,Original,$ Millions,5751.0,A2305129R
1968-69,Gross fixed capital formation - New private business investment,Current prices,True,Original,Percent,8.7,A2305127K
1968-69,Gross national income,Current prices,False,Original,$ Millions,32327.0,A2304605X
1968-69,Household saving ratio,Ratio,False,Original,proportion,14.4,A2323368K
1968-69,Imports of merchandise goods,Current prices,False,Original,$ Millions,3207.0,A2304889L
1968-69,Net domestic product,Chain volume measures,False,Original,$ Millions,471410.0,A2304773K
1968-69,Net domestic product,Chain volume measures,True,Original,Percent,7.3,A2304836J
1968-69,Net saving,Current prices,False,Original,$ Millions,4736.0,A2304633J
1968-69,Non-farm ; Gross domestic product,Chain volume measures,False,Original,$ Millions,462589.0,A2304754C
1968-69,Non-farm ; Gross domestic product,Chain volume measures,True,Original,Percent,6.8,A2304829K
1968-69,Non-farm ; Gross domestic product,Current prices,False,Original,$ Millions,29329.0,A2304616F
1968-69,Non-farm ; Gross domestic product,Current prices,True,Original,Percent,11.7,A2304656X
1968-69,Non-farm ; Gross domestic product,Implicit price deflators,False,Original,Index Numbers,6.3,A2304681A
1968-69,Non-farm ; Gross domestic product,Implicit price deflators,True,Original,Percent,4.6,A2304789C
1968-69,Non-farm ; Total compensation of employees,Current prices,False,Original,$ Millions,15692.0,A2304583W
1968-69,Non-farm ; Total compensation of employees,Current prices,True,Original,Percent,10.8,A2304645T
1968-69,Private non-farm inventory levels - book values,Current prices,False,Original,$ Millions,10295.0,A2304619L
1968-69,Profits share of total factor income,Ratio,False,Original,Percent,21.1,A2304901T
1968-69,Real gross domestic income,Chain volume measures,False,Original,$ Millions,446369.0,A2304775R
1968-69,Real gross domestic income,Chain volume measures,True,Original,Percent,7.4,A2304838L
1968-69,Real gross national income,Chain volume measures,False,Original,$ Millions,439653.0,A2304735W
1968-69,Real gross national income,Chain volume measures,True,Original,Percent,7.4,A2304810K
1968-69,Real net national disposable income,Chain volume measures,False,Original,$ Millions,403472.0,A2304846L
1968-69,Real net national disposable income,Chain volume measures,True,Original,Percent,7.8,A2304851F
1968-69,Real net national disposable income per capita,Chain volume measures,False,Original,$,33220.0,A2305058T
1968-69,Real net national disposable income per capita,Chain volume measures,True,Original,Percent,5.7,A2305076W
1968-69,Terms of trade,Index,False,Original,Index Numbers,58.8,A2304708R
1968-69,Terms of trade,Index,True,Original,Percent,2.6,A2304802K
1968-69,Wages share of total factor income,Ratio,False,Original,Percent,53.3,A2304902V
1969-70,Farm ; Gross domestic product,Current prices,False,Original,$ Millions,4300.0,A2304615C
1969-70,Farm ; Gross domestic product,Current prices,True,Original,Percent,23.8,A2304655W
1969-70,GDP per capita,Chain volume measures,False,Original,$,43462.0,A2305001C
1969-70,GDP per capita,Chain volume measures,True,Original,Percent,4.9,A2305033W
1969-70,GDP per capita,Current prices,False,Original,$,2979.0,A2304887J
1969-70,Gross domestic product,Chain volume measures,False,Original,$ Millions,539242.0,A2304755F
1969-70,Gross domestic product,Chain volume measures,True,Original,Percent,7.2,A2304830V
1969-70,Gross domestic product,Current prices,False,Original,$ Millions,36960.0,A2304617J
1969-70,Gross domestic product,Current prices,True,Original,Percent,12.7,A2304657A
1969-70,Gross domestic product - Expenditure based,Chain volume measures,False,Original,$ Millions,539159.0,A2304843F
1969-70,Gross domestic product - Expenditure based,Chain volume measures,True,Original,Percent,6.8,A2304848T
1969-70,Gross domestic product - Income based,Chain volume measures,False,Original,$ Millions,541640.0,A2304844J
1969-70,Gross domestic product - Income based,Chain volume measures,True,Original,Percent,7.5,A2304849V
1969-70,Gross domestic product - Production based,Chain volume measures,False,Original,$ Millions,536929.0,A2304845K
1969-70,Gross domestic product - Production based,Chain volume measures,True,Original,Percent,7.2,A2304850C
1969-70,Gross fixed capital formation - New private business investment,Current prices,False,Original,$ Millions,6703.0,A2305129R
1969-70,Gross fixed capital formation - New private business investment,Current prices,True,Original,Percent,16.6,A2305127K
1969-70,Gross national income,Current prices,False,Original,$ Millions,36546.0,A2304605X
1969-70,Household saving ratio,Ratio,False,Original,proportion,13.7,A2323368K
1969-70,Imports of merchandise goods,Current prices,False,Original,$ Millions,3561.0,A2304889L
1969-70,Net domestic product,Chain volume measures,False,Original,$ Millions,506801.0,A2304773K
1969-70,Net domestic product,Chain volume measures,True,Original,Percent,7.5,A2304836J
1969-70,Net saving,Current prices,False,Original,$ Millions,5383.0,A2304633J
1969-70,Non-farm ; Gross domestic product,Chain volume measures,False,Original,$ Millions,493574.0,A2304754C
1969-70,Non-farm ; Gross domestic product,Chain volume measures,True,Original,Percent,6.7,A2304829K
1969-70,Non-farm ; Gross domestic product,Current prices,False,Original,$ Millions,32660.0,A2304616F
1969-70,Non-farm ; Gross domestic product,Current prices,True,Original,Percent,11.4,A2304656X
1969-70,Non-farm ; Gross domestic product,Implicit price deflators,False,Original,Index Numbers,6.6,A2304681A
1969-70,Non-farm ; Gross domestic product,Implicit price deflators,True,Original,Percent,4.4,A2304789C
1969-70,Non-farm ; Total compensation of employees,Current prices,False,Original,$ Millions,17699.0,A2304583W
1969-70,Non-farm ; Total compensation of employees,Current prices,True,Original,Percent,12.8,A2304645T
1969-70,Private non-farm inventory levels - book values,Current prices,False,Original,$ Millions,10921.0,A2304619L
1969-70,Profits share of total factor income,Ratio,False,Original,Percent,21.9,A2304901T
1969-70,Real gross domestic income,Chain volume measures,False,Original,$ Millions,479554.0,A2304775R
1969-70,Real gross domestic income,Chain volume measures,True,Original,Percent,7.4,A2304838L
1969-70,Real gross national income,Chain volume measures,False,Original,$ Millions,472369.0,A2304735W
1969-70,Real gross national income,Chain volume measures,True,Original,Percent,7.4,A2304810K
1969-70,Real net national disposable income,Chain volume measures,False,Original,$ Millions,434897.0,A2304846L
1969-70,Real net national disposable income,Chain volume measures,True,Original,Percent,7.8,A2304851F
1969-70,Real net national disposable income per capita,Chain volume measures,False,Original,$,35052.0,A2305058T
1969-70,Real net national disposable income per capita,Chain volume measures,True,Original,Percent,5.5,A2305076W
1969-70,Terms of trade,Index,False,Original,Index Numbers,59.9,A2304708R
1969-70,Terms of trade,Index,True,Original,Percent,1.9,A2304802K
1969-70,Wages share of total factor income,Ratio,False,Original,Percent,53.1,A2304902V
1970-71,Farm ; Gross domestic product,Current prices,False,Original,$ Millions,3887.0,A2304615C
1970-71,Farm ; Gross domestic product,Current prices,True,Original,Percent,-9.6,A2304655W
1970-71,GDP per capita,Chain volume measures,False,Original,$,44286.0,A2305001C
1970-71,GDP per capita,Chain volume measures,True,Original,Percent,1.9,A2305033W
1970-71,GDP per capita,Current prices,False,Original,$,3193.0,A2304887J
1970-71,Gross domestic product,Chain volume measures,False,Original,$ Millions,560817.0,A2304755F
1970-71,Gross domestic product,Chain volume measures,True,Original,Percent,4.0,A2304830V
1970-71,Gross domestic product,Current prices,False,Original,$ Millions,40432.0,A2304617J
1970-71,Gross domestic product,Current prices,True,Original,Percent,9.4,A2304657A
1970-71,Gross domestic product - Expenditure based,Chain volume measures,False,Original,$ Millions,561751.0,A2304843F
1970-71,Gross domestic product - Expenditure based,Chain volume measures,True,Original,Percent,4.2,A2304848T
1970-71,Gross domestic product - Income based,Chain volume measures,False,Original,$ Millions,563003.0,A2304844J
1970-71,Gross domestic product - Income based,Chain volume measures,True,Original,Percent,3.9,A2304849V
1970-71,Gross domestic product - Production based,Chain volume measures,False,Original,$ Millions,557697.0,A2304845K
1970-71,Gross domestic product - Production based,Chain volume measures,True,Original,Percent,3.9,A2304850C
1970-71,Gross fixed capital formation - New private business investment,Current prices,False,Original,$ Millions,7232.0,A2305129R
1970-71,Gross fixed capital formation - New private business investment,Current prices,True,Original,Percent,7.9,A2305127K
1970-71,Gross national income,Current prices,False,Original,$ Millions,39991.0,A2304605X
1970-71,Household saving ratio,Ratio,False,Original,proportion,14.7,A2323368K
1970-71,Imports of merchandise goods,Current prices,False,Original,$ Millions,3806.0,A2304889L
1970-71,Net domestic product,Chain volume measures,False,Original,$ Millions,526413.0,A2304773K
1970-71,Net domestic product,Chain volume measures,True,Original,Percent,3.9,A2304836J
1970-71,Net saving,Current prices,False,Original,$ Millions,5688.0,A2304633J
1970-71,Non-farm ; Gross domestic product,Chain volume measures,False,Original,$ Millions,520030.0,A2304754C
1970-71,Non-farm ; Gross domestic product,Chain volume measures,True,Original,Percent,5.4,A2304829K
1970-71,Non-farm ; Gross domestic product,Current prices,False,Original,$ Millions,36545.0,A2304616F
1970-71,Non-farm ; Gross domestic product,Current prices,True,Original,Percent,11.9,A2304656X
1970-71,Non-farm ; Gross domestic product,Implicit price deflators,False,Original,Index Numbers,7.0,A2304681A
1970-71,Non-farm ; Gross domestic product,Implicit price deflators,True,Original,Percent,6.2,A2304789C
1970-71,Non-farm ; Total compensation of employees,Current prices,False,Original,$ Millions,20380.0,A2304583W
1970-71,Non-farm ; Total compensation of employees,Current prices,True,Original,Percent,15.1,A2304645T
1970-71,Private non-farm inventory levels - book values,Current prices,False,Original,$ Millions,11660.0,A2304619L
1970-71,Profits share of total factor income,Ratio,False,Original,Percent,21.1,A2304901T
1970-71,Real gross domestic income,Chain volume measures,False,Original,$ Millions,494460.0,A2304775R
1970-71,Real gross domestic income,Chain volume measures,True,Original,Percent,3.1,A2304838L
1970-71,Real gross national income,Chain volume measures,False,Original,$ Millions,487457.0,A2304735W
1970-71,Real gross national income,Chain volume measures,True,Original,Percent,3.2,A2304810K
1970-71,Real net national disposable income,Chain volume measures,False,Original,$ Millions,447167.0,A2304846L
1970-71,Real net national disposable income,Chain volume measures,True,Original,Percent,2.8,A2304851F
1970-71,Real net national disposable income per capita,Chain volume measures,False,Original,$,35312.0,A2305058T
1970-71,Real net national disposable income per capita,Chain volume measures,True,Original,Percent,0.7,A2305076W
1970-71,Terms of trade,Index,False,Original,Index Numbers,56.1,A2304708R
1970-71,Terms of trade,Index,True,Original,Percent,-6.3,A2304802K
1970-71,Wages share of total factor income,Ratio,False,Original,Percent,55.6,A2304902V
1971-72,Average non-farm compensation per employee,Current prices,False,Original,$,4791.0,A2304919R
1971-72,Farm ; Gross domestic product,Current prices,False,Original,$ Millions,4169.0,A2304615C
1971-72,Farm ; Gross domestic product,Current prices,True,Original,Percent,7.3,A2304655W
1971-72,GDP per capita,Chain volume measures,False,Original,$,44151.0,A2305001C
1971-72,GDP per capita,Chain volume measures,True,Original,Percent,-0.3,A2305033W
1971-72,GDP per capita,Current prices,False,Original,$,3380.0,A2304887J
1971-72,Gross domestic product,Chain volume measures,False,Original,$ Millions,582728.0,A2304755F
1971-72,Gross domestic product,Chain volume measures,True,Original,Percent,3.9,A2304830V
1971-72,Gross domestic product,Current prices,False,Original,$ Millions,44613.0,A2304617J
1971-72,Gross domestic product,Current prices,True,Original,Percent,10.3,A2304657A
1971-72,Gross domestic product - Expenditure based,Chain volume measures,False,Original,$ Millions,584326.0,A2304843F
1971-72,Gross domestic product - Expenditure based,Chain volume measures,True,Original,Percent,4.0,A2304848T
1971-72,Gross domestic product - Income based,Chain volume measures,False,Original,$ Millions,587936.0,A2304844J
1971-72,Gross domestic product - Income based,Chain volume measures,True,Original,Percent,4.4,A2304849V
1971-72,Gross domestic product - Production based,Chain volume measures,False,Original,$ Millions,575923.0,A2304845K
1971-72,Gross domestic product - Production based,Chain volume measures,True,Original,Percent,3.3,A2304850C
1971-72,Gross fixed capital formation - New private business investment,Current prices,False,Original,$ Millions,7578.0,A2305129R
1971-72,Gross fixed capital formation - New private business investment,Current prices,True,Original,Percent,4.8,A2305127K
1971-72,Gross national income,Current prices,False,Original,$ Millions,44425.0,A2304605X
1971-72,Household saving ratio,Ratio,False,Original,proportion,14.8,A2323368K
1971-72,Imports of merchandise goods,Current prices,False,Original,$ Millions,3814.0,A2304889L
1971-72,Net domestic product,Chain volume measures,False,Original,$ Millions,546330.0,A2304773K
1971-72,Net domestic product,Chain volume measures,True,Original,Percent,3.8,A2304836J
1971-72,Net saving,Current prices,False,Original,$ Millions,6235.0,A2304633J
1971-72,Non-farm ; Gross domestic product,Chain volume measures,False,Original,$ Millions,539882.0,A2304754C
1971-72,Non-farm ; Gross domestic product,Chain volume measures,True,Original,Percent,3.8,A2304829K
1971-72,Non-farm ; Gross domestic product,Current prices,False,Original,$ Millions,40444.0,A2304616F
1971-72,Non-farm ; Gross domestic product,Current prices,True,Original,Percent,10.7,A2304656X
1971-72,Non-farm ; Gross domestic product,Implicit price deflators,False,Original,Index Numbers,7.5,A2304681A
1971-72,Non-farm ; Gross domestic product,Implicit price deflators,True,Original,Percent,6.6,A2304789C
1971-72,Non-farm ; Total compensation of employees,Current prices,False,Original,$ Millions,22833.0,A2304583W
1971-72,Non-farm ; Total compensation of employees,Current prices,True,Original,Percent,12.0,A2304645T
1971-72,Private non-farm inventory levels - book values,Current prices,False,Original,$ Millions,12216.0,A2304619L
1971-72,Profits share of total factor income,Ratio,False,Original,Percent,20.6,A2304901T
1971-72,Real gross domestic income,Chain volume measures,False,Original,$ Millions,509555.0,A2304775R
1971-72,Real gross domestic income,Chain volume measures,True,Original,Percent,3.1,A2304838L
1971-72,Real gross national income,Chain volume measures,False,Original,$ Millions,503182.0,A2304735W
1971-72,Real gross national income,Chain volume measures,True,Original,Percent,3.2,A2304810K
1971-72,Real net national disposable income,Chain volume measures,False,Original,$ Millions,460501.0,A2304846L
1971-72,Real net national disposable income,Chain volume measures,True,Original,Percent,3.0,A2304851F
1971-72,Real net national disposable income per capita,Chain volume measures,False,Original,$,34891.0,A2305058T
1971-72,Real net national disposable income per capita,Chain volume measures,True,Original,Percent,-1.2,A2305076W
1971-72,Terms of trade,Index,False,Original,Index Numbers,52.6,A2304708R
1971-72,Terms of trade,Index,True,Original,Percent,-6.3,A2304802K
1971-72,Wages share of total factor income,Ratio,False,Original,Percent,56.1,A2304902V
1972-73,Average non-farm compensation per employee,Current prices,False,Original,$,5241.0,A2304919R
1972-73,Average non-farm compensation per employee,Current prices,True,Original,Percent,9.4,A2304923F
1972-73,Farm ; Gross domestic product,Current prices,False,Original,$ Millions,5066.0,A2304615C
1972-73,Farm ; Gross domestic product,Current prices,True,Original,Percent,21.5,A2304655W
1972-73,GDP per capita,Chain volume measures,False,Original,$,44595.0,A2305001C
1972-73,GDP per capita,Chain volume measures,True,Original,Percent,1.0,A2305033W
1972-73,GDP per capita,Current prices,False,Original,$,3721.0,A2304887J
1972-73,Gross domestic product,Chain volume measures,False,Original,$ Millions,597987.0,A2304755F
1972-73,Gross domestic product,Chain volume measures,True,Original,Percent,2.6,A2304830V
1972-73,Gross domestic product,Current prices,False,Original,$ Millions,49892.0,A2304617J
1972-73,Gross domestic product,Current prices,True,Original,Percent,11.8,A2304657A
1972-73,Gross domestic product - Expenditure based,Chain volume measures,False,Original,$ Millions,601303.0,A2304843F
1972-73,Gross domestic product - Expenditure based,Chain volume measures,True,Original,Percent,2.9,A2304848T
1972-73,Gross domestic product - Income based,Chain volume measures,False,Original,$ Millions,606235.0,A2304844J
1972-73,Gross domestic product - Income based,Chain volume measures,True,Original,Percent,3.1,A2304849V
1972-73,Gross domestic product - Production based,Chain volume measures,False,Original,$ Millions,586424.0,A2304845K
1972-73,Gross domestic product - Production based,Chain volume measures,True,Original,Percent,1.8,A2304850C
1972-73,Gross fixed capital formation - New private business investment,Current prices,False,Original,$ Millions,7846.0,A2305129R
1972-73,Gross fixed capital formation - New private business investment,Current prices,True,Original,Percent,3.5,A2305127K
1972-73,Gross national income,Current prices,False,Original,$ Millions,49925.0,A2304605X
1972-73,Household saving ratio,Ratio,False,Original,proportion,16.9,A2323368K
1972-73,Imports of merchandise goods,Current prices,False,Original,$ Millions,3831.0,A2304889L
1972-73,Net domestic product,Chain volume measures,False,Original,$ Millions,559086.0,A2304773K
1972-73,Net domestic product,Chain volume measures,True,Original,Percent,2.3,A2304836J
1972-73,Net saving,Current prices,False,Original,$ Millions,7499.0,A2304633J
1972-73,Non-farm ; Gross domestic product,Chain volume measures,False,Original,$ Millions,566725.0,A2304754C
1972-73,Non-farm ; Gross domestic product,Chain volume measures,True,Original,Percent,5.0,A2304829K
1972-73,Non-farm ; Gross domestic product,Current prices,False,Original,$ Millions,44826.0,A2304616F
1972-73,Non-farm ; Gross domestic product,Current prices,True,Original,Percent,10.8,A2304656X
1972-73,Non-farm ; Gross domestic product,Implicit price deflators,False,Original,Index Numbers,7.9,A2304681A
1972-73,Non-farm ; Gross domestic product,Implicit price deflators,True,Original,Percent,5.6,A2304789C
1972-73,Non-farm ; Total compensation of employees,Current prices,False,Original,$ Millions,25452.0,A2304583W
1972-73,Non-farm ; Total compensation of employees,Current prices,True,Original,Percent,11.5,A2304645T
1972-73,Private non-farm inventory levels - book values,Current prices,False,Original,$ Millions,12703.0,A2304619L
1972-73,Profits share of total factor income,Ratio,False,Original,Percent,20.9,A2304901T
1972-73,Real gross domestic income,Chain volume measures,False,Original,$ Millions,535542.0,A2304775R
1972-73,Real gross domestic income,Chain volume measures,True,Original,Percent,5.1,A2304838L
1972-73,Real gross national income,Chain volume measures,False,Original,$ Millions,528871.0,A2304735W
1972-73,Real gross national income,Chain volume measures,True,Original,Percent,5.1,A2304810K
1972-73,Real net national disposable income,Chain volume measures,False,Original,$ Millions,484511.0,A2304846L
1972-73,Real net national disposable income,Chain volume measures,True,Original,Percent,5.2,A2304851F
1972-73,Real net national disposable income per capita,Chain volume measures,False,Original,$,36132.0,A2305058T
1972-73,Real net national disposable income per capita,Chain volume measures,True,Original,Percent,3.6,A2305076W
1972-73,Terms of trade,Index,False,Original,Index Numbers,62.6,A2304708R
1972-73,Terms of trade,Index,True,Original,Percent,19.0,A2304802K
1972-73,Wages share of total factor income,Ratio,False,Original,Percent,55.7,A2304902V
1973-74,Average non-farm compensation per employee,Current prices,False,Original,$,6176.0,A2304919R
1973-74,Average non-farm compensation per employee,Current prices,True,Original,Percent,17.8,A2304923F
1973-74,Farm ; Gross domestic product,Current prices,False,Original,$ Millions,7094.0,A2304615C
1973-74,Farm ; Gross domestic product,Current prices,True,Original,Percent,40.0,A2304655W
1973-74,GDP per capita,Chain volume measures,False,Original,$,45727.0,A2305001C
1973-74,GDP per capita,Chain volume measures,True,Original,Percent,2.5,A2305033W
1973-74,GDP per capita,Current prices,False,Original,$,4440.0,A2304887J
1973-74,Gross domestic product,Chain volume measures,False,Original,$ Millions,622544.0,A2304755F
1973-74,Gross domestic product,Chain volume measures,True,Original,Percent,4.1,A2304830V
1973-74,Gross domestic product,Current prices,False,Original,$ Millions,60445.0,A2304617J
1973-74,Gross domestic product,Current prices,True,Original,Percent,21.2,A2304657A
1973-74,Gross domestic product - Expenditure based,Chain volume measures,False,Original,$ Millions,612984.0,A2304843F
1973-74,Gross domestic product - Expenditure based,Chain volume measures,True,Original,Percent,1.9,A2304848T
1973-74,Gross domestic product - Income based,Chain volume measures,False,Original,$ Millions,627127.0,A2304844J
1973-74,Gross domestic product - Income based,Chain volume measures,True,Original,Percent,3.4,A2304849V
1973-74,Gross domestic product - Production based,Chain volume measures,False,Original,$ Millions,627521.0,A2304845K
1973-74,Gross domestic product - Production based,Chain volume measures,True,Original,Percent,7.0,A2304850C
1973-74,Gross fixed capital formation - New private business investment,Current prices,False,Original,$ Millions,9454.0,A2305129R
1973-74,Gross fixed capital formation - New private business investment,Current prices,True,Original,Percent,20.5,A2305127K
1973-74,Gross national income,Current prices,False,Original,$ Millions,60239.0,A2304605X
1973-74,Household saving ratio,Ratio,False,Original,proportion,18.7,A2323368K
1973-74,Imports of merchandise goods,Current prices,False,Original,$ Millions,5795.0,A2304889L
1973-74,Net domestic product,Chain volume measures,False,Original,$ Millions,581479.0,A2304773K
1973-74,Net domestic product,Chain volume measures,True,Original,Percent,4.0,A2304836J
1973-74,Net saving,Current prices,False,Original,$ Millions,9616.0,A2304633J
1973-74,Non-farm ; Gross domestic product,Chain volume measures,False,Original,$ Millions,592256.0,A2304754C
1973-74,Non-farm ; Gross domestic product,Chain volume measures,True,Original,Percent,4.5,A2304829K
1973-74,Non-farm ; Gross domestic product,Current prices,False,Original,$ Millions,53351.0,A2304616F
1973-74,Non-farm ; Gross domestic product,Current prices,True,Original,Percent,19.0,A2304656X
1973-74,Non-farm ; Gross domestic product,Implicit price deflators,False,Original,Index Numbers,9.0,A2304681A
1973-74,Non-farm ; Gross domestic product,Implicit price deflators,True,Original,Percent,13.9,A2304789C
1973-74,Non-farm ; Total compensation of employees,Current prices,False,Original,$ Millions,31156.0,A2304583W
1973-74,Non-farm ; Total compensation of employees,Current prices,True,Original,Percent,22.4,A2304645T
1973-74,Private non-farm inventory levels - book values,Current prices,False,Original,$ Millions,14620.0,A2304619L
1973-74,Profits share of total factor income,Ratio,False,Original,Percent,18.9,A2304901T
1973-74,Real gross domestic income,Chain volume measures,False,Original,$ Millions,562840.0,A2304775R
1973-74,Real gross domestic income,Chain volume measures,True,Original,Percent,5.1,A2304838L
1973-74,Real gross national income,Chain volume measures,False,Original,$ Millions,557156.0,A2304735W
1973-74,Real gross national income,Chain volume measures,True,Original,Percent,5.3,A2304810K
1973-74,Real net national disposable income,Chain volume measures,False,Original,$ Millions,510463.0,A2304846L
1973-74,Real net national disposable income,Chain volume measures,True,Original,Percent,5.4,A2304851F
1973-74,Real net national disposable income per capita,Chain volume measures,False,Original,$,37494.0,A2305058T
1973-74,Real net national disposable income per capita,Chain volume measures,True,Original,Percent,3.8,A2305076W
1973-74,Terms of trade,Index,False,Original,Index Numbers,67.3,A2304708R
1973-74,Terms of trade,Index,True,Original,Percent,7.5,A2304802K
1973-74,Wages share of total factor income,Ratio,False,Original,Percent,56.8,A2304902V
1974-75,Average non-farm compensation per employee,Current prices,False,Original,$,7952.0,A2304919R
1974-75,Average non-farm compensation per employee,Current prices,True,Original,Percent,28.8,A2304923F
1974-75,Farm ; Gross domestic product,Current prices,False,Original,$ Millions,5169.0,A2304615C
1974-75,Farm ; Gross domestic product,Current prices,True,Original,Percent,-27.1,A2304655W
1974-75,GDP per capita,Chain volume measures,False,Original,$,45610.0,A2305001C
1974-75,GDP per capita,Chain volume measures,True,Original,Percent,-0.3,A2305033W
1974-75,GDP per capita,Current prices,False,Original,$,5159.0,A2304887J
1974-75,Gross domestic product,Chain volume measures,False,Original,$ Millions,630878.0,A2304755F
1974-75,Gross domestic product,Chain volume measures,True,Original,Percent,1.3,A2304830V
1974-75,Gross domestic product,Current prices,False,Original,$ Millions,71356.0,A2304617J
1974-75,Gross domestic product,Current prices,True,Original,Percent,18.1,A2304657A
1974-75,Gross domestic product - Expenditure based,Chain volume measures,False,Original,$ Millions,624731.0,A2304843F
1974-75,Gross domestic product - Expenditure based,Chain volume measures,True,Original,Percent,1.9,A2304848T
1974-75,Gross domestic product - Income based,Chain volume measures,False,Original,$ Millions,638349.0,A2304844J
1974-75,Gross domestic product - Income based,Chain volume measures,True,Original,Percent,1.8,A2304849V
1974-75,Gross domestic product - Production based,Chain volume measures,False,Original,$ Millions,629554.0,A2304845K
1974-75,Gross domestic product - Production based,Chain volume measures,True,Original,Percent,0.3,A2304850C
1974-75,Gross fixed capital formation - New private business investment,Current prices,False,Original,$ Millions,9545.0,A2305129R
1974-75,Gross fixed capital formation - New private business investment,Current prices,True,Original,Percent,1.0,A2305127K
1974-75,Gross national income,Current prices,False,Original,$ Millions,71513.0,A2304605X
1974-75,Household saving ratio,Ratio,False,Original,proportion,17.9,A2323368K
1974-75,Imports of merchandise goods,Current prices,False,Original,$ Millions,7728.0,A2304889L
1974-75,Net domestic product,Chain volume measures,False,Original,$ Millions,586437.0,A2304773K
1974-75,Net domestic product,Chain volume measures,True,Original,Percent,0.9,A2304836J
1974-75,Net saving,Current prices,False,Original,$ Millions,8873.0,A2304633J
1974-75,Non-farm ; Gross domestic product,Chain volume measures,False,Original,$ Millions,603483.0,A2304754C
1974-75,Non-farm ; Gross domestic product,Chain volume measures,True,Original,Percent,1.9,A2304829K
1974-75,Non-farm ; Gross domestic product,Current prices,False,Original,$ Millions,66187.0,A2304616F
1974-75,Non-farm ; Gross domestic product,Current prices,True,Original,Percent,24.1,A2304656X
1974-75,Non-farm ; Gross domestic product,Implicit price deflators,False,Original,Index Numbers,11.0,A2304681A
1974-75,Non-farm ; Gross domestic product,Implicit price deflators,True,Original,Percent,21.8,A2304789C
1974-75,Non-farm ; Total compensation of employees,Current prices,False,Original,$ Millions,40258.0,A2304583W
1974-75,Non-farm ; Total compensation of employees,Current prices,True,Original,Percent,29.2,A2304645T
1974-75,Private non-farm inventory levels - book values,Current prices,False,Original,$ Millions,17216.0,A2304619L
1974-75,Profits share of total factor income,Ratio,False,Original,Percent,17.3,A2304901T
1974-75,Real gross domestic income,Chain volume measures,False,Original,$ Millions,563083.0,A2304775R
1974-75,Real gross domestic income,Chain volume measures,True,Original,Percent,0.0,A2304838L
1974-75,Real gross national income,Chain volume measures,False,Original,$ Millions,558035.0,A2304735W
1974-75,Real gross national income,Chain volume measures,True,Original,Percent,0.2,A2304810K
1974-75,Real net national disposable income,Chain volume measures,False,Original,$ Millions,507569.0,A2304846L
1974-75,Real net national disposable income,Chain volume measures,True,Original,Percent,-0.6,A2304851F
1974-75,Real net national disposable income per capita,Chain volume measures,False,Original,$,36695.0,A2305058T
1974-75,Real net national disposable income per capita,Chain volume measures,True,Original,Percent,-2.1,A2305076W
1974-75,Terms of trade,Index,False,Original,Index Numbers,61.2,A2304708R
1974-75,Terms of trade,Index,True,Original,Percent,-9.0,A2304802K
1974-75,Wages share of total factor income,Ratio,False,Original,Percent,62.0,A2304902V
1975-76,Average non-farm compensation per employee,Current prices,False,Original,$,9192.0,A2304919R
1975-76,Average non-farm compensation per employee,Current prices,True,Original,Percent,15.6,A2304923F
1975-76,Farm ; Gross domestic product,Current prices,False,Original,$ Millions,5161.0,A2304615C
1975-76,Farm ; Gross domestic product,Current prices,True,Original,Percent,-0.1,A2304655W
1975-76,GDP per capita,Chain volume measures,False,Original,$,46332.0,A2305001C
1975-76,GDP per capita,Chain volume measures,True,Original,Percent,1.6,A2305033W
1975-76,GDP per capita,Current prices,False,Original,$,5975.0,A2304887J
1975-76,Gross domestic product,Chain volume measures,False,Original,$ Millions,647204.0,A2304755F
1975-76,Gross domestic product,Chain volume measures,True,Original,Percent,2.6,A2304830V
1975-76,Gross domestic product,Current prices,False,Original,$ Millions,83467.0,A2304617J
1975-76,Gross domestic product,Current prices,True,Original,Percent,17.0,A2304657A
1975-76,Gross domestic product - Expenditure based,Chain volume measures,False,Original,$ Millions,648691.0,A2304843F
1975-76,Gross domestic product - Expenditure based,Chain volume measures,True,Original,Percent,3.8,A2304848T
1975-76,Gross domestic product - Income based,Chain volume measures,False,Original,$ Millions,656525.0,A2304844J
1975-76,Gross domestic product - Income based,Chain volume measures,True,Original,Percent,2.8,A2304849V
1975-76,Gross domestic product - Production based,Chain volume measures,False,Original,$ Millions,636395.0,A2304845K
1975-76,Gross domestic product - Production based,Chain volume measures,True,Original,Percent,1.1,A2304850C
1975-76,Gross fixed capital formation - New private business investment,Current prices,False,Original,$ Millions,10505.0,A2305129R
1975-76,Gross fixed capital formation - New private business investment,Current prices,True,Original,Percent,10.1,A2305127K
1975-76,Gross national income,Current prices,False,Original,$ Millions,83471.0,A2304605X
1975-76,Household saving ratio,Ratio,False,Original,proportion,16.5,A2323368K
1975-76,Imports of merchandise goods,Current prices,False,Original,$ Millions,7999.0,A2304889L
1975-76,Net domestic product,Chain volume measures,False,Original,$ Millions,600565.0,A2304773K
1975-76,Net domestic product,Chain volume measures,True,Original,Percent,2.4,A2304836J
1975-76,Net saving,Current prices,False,Original,$ Millions,9136.0,A2304633J
1975-76,Non-farm ; Gross domestic product,Chain volume measures,False,Original,$ Millions,619595.0,A2304754C
1975-76,Non-farm ; Gross domestic product,Chain volume measures,True,Original,Percent,2.7,A2304829K
1975-76,Non-farm ; Gross domestic product,Current prices,False,Original,$ Millions,78306.0,A2304616F
1975-76,Non-farm ; Gross domestic product,Current prices,True,Original,Percent,18.3,A2304656X
1975-76,Non-farm ; Gross domestic product,Implicit price deflators,False,Original,Index Numbers,12.6,A2304681A
1975-76,Non-farm ; Gross domestic product,Implicit price deflators,True,Original,Percent,15.2,A2304789C
1975-76,Non-farm ; Total compensation of employees,Current prices,False,Original,$ Millions,46562.0,A2304583W
1975-76,Non-farm ; Total compensation of employees,Current prices,True,Original,Percent,15.7,A2304645T
1975-76,Private non-farm inventory levels - book values,Current prices,False,Original,$ Millions,19196.0,A2304619L
1975-76,Profits share of total factor income,Ratio,False,Original,Percent,17.4,A2304901T
1975-76,Real gross domestic income,Chain volume measures,False,Original,$ Millions,573834.0,A2304775R
1975-76,Real gross domestic income,Chain volume measures,True,Original,Percent,1.9,A2304838L
1975-76,Real gross national income,Chain volume measures,False,Original,$ Millions,565985.0,A2304735W
1975-76,Real gross national income,Chain volume measures,True,Original,Percent,1.4,A2304810K
1975-76,Real net national disposable income,Chain volume measures,False,Original,$ Millions,512009.0,A2304846L
1975-76,Real net national disposable income,Chain volume measures,True,Original,Percent,0.9,A2304851F
1975-76,Real net national disposable income per capita,Chain volume measures,False,Original,$,36654.0,A2305058T
1975-76,Real net national disposable income per capita,Chain volume measures,True,Original,Percent,-0.1,A2305076W
1975-76,Terms of trade,Index,False,Original,Index Numbers,58.4,A2304708R
1975-76,Terms of trade,Index,True,Original,Percent,-4.6,A2304802K
1975-76,Wages share of total factor income,Ratio,False,Original,Percent,61.7,A2304902V
1976-77,Average non-farm compensation per employee,Current prices,False,Original,$,10366.0,A2304919R
1976-77,Average non-farm compensation per employee,Current prices,True,Original,Percent,12.8,A2304923F
1976-77,Farm ; Gross domestic product,Current prices,False,Original,$ Millions,5490.0,A2304615C
1976-77,Farm ; Gross domestic product,Current prices,True,Original,Percent,6.4,A2304655W
1976-77,GDP per capita,Chain volume measures,False,Original,$,47516.0,A2305001C
1976-77,GDP per capita,Chain volume measures,True,Original,Percent,2.6,A2305033W
1976-77,GDP per capita,Current prices,False,Original,$,6828.0,A2304887J
1976-77,Gross domestic product,Chain volume measures,False,Original,$ Millions,670454.0,A2304755F
1976-77,Gross domestic product,Chain volume measures,True,Original,Percent,3.6,A2304830V
1976-77,Gross domestic product,Current prices,False,Original,$ Millions,96338.0,A2304617J
1976-77,Gross domestic product,Current prices,True,Original,Percent,15.4,A2304657A
1976-77,Gross domestic product - Expenditure based,Chain volume measures,False,Original,$ Millions,673740.0,A2304843F
1976-77,Gross domestic product - Expenditure based,Chain volume measures,True,Original,Percent,3.9,A2304848T
1976-77,Gross domestic product - Income based,Chain volume measures,False,Original,$ Millions,675466.0,A2304844J
1976-77,Gross domestic product - Income based,Chain volume measures,True,Original,Percent,2.9,A2304849V
1976-77,Gross domestic product - Production based,Chain volume measures,False,Original,$ Millions,662157.0,A2304845K
1976-77,Gross domestic product - Production based,Chain volume measures,True,Original,Percent,4.0,A2304850C
1976-77,Gross fixed capital formation - New private business investment,Current prices,False,Original,$ Millions,11644.0,A2305129R
1976-77,Gross fixed capital formation - New private business investment,Current prices,True,Original,Percent,10.8,A2305127K
1976-77,Gross national income,Current prices,False,Original,$ Millions,95666.0,A2304605X
1976-77,Household saving ratio,Ratio,False,Original,proportion,15.2,A2323368K
1976-77,Imports of merchandise goods,Current prices,False,Original,$ Millions,10428.0,A2304889L
1976-77,Net domestic product,Chain volume measures,False,Original,$ Millions,622194.0,A2304773K
1976-77,Net domestic product,Chain volume measures,True,Original,Percent,3.6,A2304836J
1976-77,Net saving,Current prices,False,Original,$ Millions,9686.0,A2304633J
1976-77,Non-farm ; Gross domestic product,Chain volume measures,False,Original,$ Millions,639635.0,A2304754C
1976-77,Non-farm ; Gross domestic product,Chain volume measures,True,Original,Percent,3.2,A2304829K
1976-77,Non-farm ; Gross domestic product,Current prices,False,Original,$ Millions,90848.0,A2304616F
1976-77,Non-farm ; Gross domestic product,Current prices,True,Original,Percent,16.0,A2304656X
1976-77,Non-farm ; Gross domestic product,Implicit price deflators,False,Original,Index Numbers,14.2,A2304681A
1976-77,Non-farm ; Gross domestic product,Implicit price deflators,True,Original,Percent,12.4,A2304789C
1976-77,Non-farm ; Total compensation of employees,Current prices,False,Original,$ Millions,52635.0,A2304583W
1976-77,Non-farm ; Total compensation of employees,Current prices,True,Original,Percent,13.0,A2304645T
1976-77,Private non-farm inventory levels - book values,Current prices,False,Original,$ Millions,21968.0,A2304619L
1976-77,Profits share of total factor income,Ratio,False,Original,Percent,18.3,A2304901T
1976-77,Real gross domestic income,Chain volume measures,False,Original,$ Millions,591803.0,A2304775R
1976-77,Real gross domestic income,Chain volume measures,True,Original,Percent,3.1,A2304838L
1976-77,Real gross national income,Chain volume measures,False,Original,$ Millions,583652.0,A2304735W
1976-77,Real gross national income,Chain volume measures,True,Original,Percent,3.1,A2304810K
1976-77,Real net national disposable income,Chain volume measures,False,Original,$ Millions,527224.0,A2304846L
1976-77,Real net national disposable income,Chain volume measures,True,Original,Percent,3.0,A2304851F
1976-77,Real net national disposable income per capita,Chain volume measures,False,Original,$,37365.0,A2305058T
1976-77,Real net national disposable income per capita,Chain volume measures,True,Original,Percent,1.9,A2305076W
1976-77,Terms of trade,Index,False,Original,Index Numbers,56.6,A2304708R
1976-77,Terms of trade,Index,True,Original,Percent,-3.2,A2304802K
1976-77,Wages share of total factor income,Ratio,False,Original,Percent,60.6,A2304902V
1977-78,Average non-farm compensation per employee,Current prices,False,Original,$,11387.0,A2304919R
1977-78,Average non-farm compensation per employee,Current prices,True,Original,Percent,9.9,A2304923F
1977-78,Farm ; Gross domestic product,Current prices,False,Original,$ Millions,5216.0,A2304615C
1977-78,Farm ; Gross domestic product,Current prices,True,Original,Percent,-5.0,A2304655W
1977-78,GDP per capita,Chain volume measures,False,Original,$,47366.0,A2305001C
1977-78,GDP per capita,Chain volume measures,True,Original,Percent,-0.3,A2305033W
1977-78,GDP per capita,Current prices,False,Original,$,7367.0,A2304887J
1977-78,Gross domestic product,Chain volume measures,False,Original,$ Millions,676457.0,A2304755F
1977-78,Gross domestic product,Chain volume measures,True,Original,Percent,0.9,A2304830V
1977-78,Gross domestic product,Current prices,False,Original,$ Millions,105208.0,A2304617J
1977-78,Gross domestic product,Current prices,True,Original,Percent,9.2,A2304657A
1977-78,Gross domestic product - Expenditure based,Chain volume measures,False,Original,$ Millions,679988.0,A2304843F
1977-78,Gross domestic product - Expenditure based,Chain volume measures,True,Original,Percent,0.9,A2304848T
1977-78,Gross domestic product - Income based,Chain volume measures,False,Original,$ Millions,678284.0,A2304844J
1977-78,Gross domestic product - Income based,Chain volume measures,True,Original,Percent,0.4,A2304849V
1977-78,Gross domestic product - Production based,Chain volume measures,False,Original,$ Millions,671099.0,A2304845K
1977-78,Gross domestic product - Production based,Chain volume measures,True,Original,Percent,1.4,A2304850C
1977-78,Gross fixed capital formation - New private business investment,Current prices,False,Original,$ Millions,13224.0,A2305129R
1977-78,Gross fixed capital formation - New private business investment,Current prices,True,Original,Percent,13.6,A2305127K
1977-78,Gross national income,Current prices,False,Original,$ Millions,103948.0,A2304605X
1977-78,Household saving ratio,Ratio,False,Original,proportion,14.3,A2323368K
1977-78,Imports of merchandise goods,Current prices,False,Original,$ Millions,11242.0,A2304889L
1977-78,Net domestic product,Chain volume measures,False,Original,$ Millions,624610.0,A2304773K
1977-78,Net domestic product,Chain volume measures,True,Original,Percent,0.4,A2304836J
1977-78,Net saving,Current prices,False,Original,$ Millions,7993.0,A2304633J
1977-78,Non-farm ; Gross domestic product,Chain volume measures,False,Original,$ Millions,646327.0,A2304754C
1977-78,Non-farm ; Gross domestic product,Chain volume measures,True,Original,Percent,1.0,A2304829K
1977-78,Non-farm ; Gross domestic product,Current prices,False,Original,$ Millions,99992.0,A2304616F
1977-78,Non-farm ; Gross domestic product,Current prices,True,Original,Percent,10.1,A2304656X
1977-78,Non-farm ; Gross domestic product,Implicit price deflators,False,Original,Index Numbers,15.5,A2304681A
1977-78,Non-farm ; Gross domestic product,Implicit price deflators,True,Original,Percent,8.9,A2304789C
1977-78,Non-farm ; Total compensation of employees,Current prices,False,Original,$ Millions,57692.0,A2304583W
1977-78,Non-farm ; Total compensation of employees,Current prices,True,Original,Percent,9.6,A2304645T
1977-78,Private non-farm inventory levels - book values,Current prices,False,Original,$ Millions,23271.0,A2304619L
1977-78,Profits share of total factor income,Ratio,False,Original,Percent,17.9,A2304901T
1977-78,Real gross domestic income,Chain volume measures,False,Original,$ Millions,589456.0,A2304775R
1977-78,Real gross domestic income,Chain volume measures,True,Original,Percent,-0.4,A2304838L
1977-78,Real gross national income,Chain volume measures,False,Original,$ Millions,581207.0,A2304735W
1977-78,Real gross national income,Chain volume measures,True,Original,Percent,-0.4,A2304810K
1977-78,Real net national disposable income,Chain volume measures,False,Original,$ Millions,521102.0,A2304846L
1977-78,Real net national disposable income,Chain volume measures,True,Original,Percent,-1.2,A2304851F
1977-78,Real net national disposable income per capita,Chain volume measures,False,Original,$,36488.0,A2305058T
1977-78,Real net national disposable income per capita,Chain volume measures,True,Original,Percent,-2.3,A2305076W
1977-78,Terms of trade,Index,False,Original,Index Numbers,51.4,A2304708R
1977-78,Terms of trade,Index,True,Original,Percent,-9.0,A2304802K
1977-78,Wages share of total factor income,Ratio,False,Original,Percent,60.9,A2304902V
1978-79,Average compensation per employee,Current prices,False,Original,$,12176.0,A2304854L
1978-79,Average non-farm compensation per employee,Current prices,False,Original,$,12254.0,A2304919R
1978-79,Average non-farm compensation per employee,Current prices,True,Original,Percent,7.6,A2304923F
1978-79,Farm ; Gross domestic product,Current prices,False,Original,$ Millions,8231.0,A2304615C
1978-79,Farm ; Gross domestic product,Current prices,True,Original,Percent,57.8,A2304655W
1978-79,GDP per capita,Chain volume measures,False,Original,$,48775.0,A2305001C
1978-79,GDP per capita,Chain volume measures,True,Original,Percent,3.0,A2305033W
1978-79,GDP per capita,Current prices,False,Original,$,8241.0,A2304887J
1978-79,GDP per hour worked,Index,False,Original,Index Numbers,55.0,A2304964A
1978-79,Gross domestic product,Chain volume measures,False,Original,$ Millions,703864.0,A2304755F
1978-79,Gross domestic product,Chain volume measures,True,Original,Percent,4.1,A2304830V
1978-79,Gross domestic product,Current prices,False,Original,$ Millions,118923.0,A2304617J
1978-79,Gross domestic product,Current prices,True,Original,Percent,13.0,A2304657A
1978-79,Gross domestic product - Expenditure based,Chain volume measures,False,Original,$ Millions,709624.0,A2304843F
1978-79,Gross domestic product - Expenditure based,Chain volume measures,True,Original,Percent,4.4,A2304848T
1978-79,Gross domestic product - Income based,Chain volume measures,False,Original,$ Millions,706246.0,A2304844J
1978-79,Gross domestic product - Income based,Chain volume measures,True,Original,Percent,4.1,A2304849V
1978-79,Gross domestic product - Production based,Chain volume measures,False,Original,$ Millions,695721.0,A2304845K
1978-79,Gross domestic product - Production based,Chain volume measures,True,Original,Percent,3.7,A2304850C
1978-79,Gross fixed capital formation - New private business investment,Current prices,False,Original,$ Millions,16316.0,A2305129R
1978-79,Gross fixed capital formation - New private business investment,Current prices,True,Original,Percent,23.4,A2305127K
1978-79,Gross national income,Current prices,False,Original,$ Millions,117485.0,A2304605X
1978-79,Hours worked,Index,False,Original,Index Numbers,47.8,A2304958F
1978-79,Household saving ratio,Ratio,False,Original,proportion,15.7,A2323368K
1978-79,Imports of merchandise goods,Current prices,False,Original,$ Millions,13506.0,A2304889L
1978-79,Net domestic product,Chain volume measures,False,Original,$ Millions,649559.0,A2304773K
1978-79,Net domestic product,Chain volume measures,True,Original,Percent,4.0,A2304836J
1978-79,Net saving,Current prices,False,Original,$ Millions,11351.0,A2304633J
1978-79,Non-farm ; Gross domestic product,Chain volume measures,False,Original,$ Millions,677172.0,A2304754C
1978-79,Non-farm ; Gross domestic product,Chain volume measures,True,Original,Percent,4.8,A2304829K
1978-79,Non-farm ; Gross domestic product,Current prices,False,Original,$ Millions,110692.0,A2304616F
1978-79,Non-farm ; Gross domestic product,Current prices,True,Original,Percent,10.7,A2304656X
1978-79,Non-farm ; Gross domestic product,Implicit price deflators,False,Original,Index Numbers,16.3,A2304681A
1978-79,Non-farm ; Gross domestic product,Implicit price deflators,True,Original,Percent,5.7,A2304789C
1978-79,Non-farm ; Total compensation of employees,Current prices,False,Original,$ Millions,61974.0,A2304583W
1978-79,Non-farm ; Total compensation of employees,Current prices,True,Original,Percent,7.4,A2304645T
1978-79,Private non-farm inventory levels - book values,Current prices,False,Original,$ Millions,25639.0,A2304619L
1978-79,Profits share of total factor income,Ratio,False,Original,Percent,18.6,A2304901T
1978-79,Real gross domestic income,Chain volume measures,False,Original,$ Millions,613924.0,A2304775R
1978-79,Real gross domestic income,Chain volume measures,True,Original,Percent,4.2,A2304838L
1978-79,Real gross national income,Chain volume measures,False,Original,$ Millions,604839.0,A2304735W
1978-79,Real gross national income,Chain volume measures,True,Original,Percent,4.1,A2304810K
1978-79,Real net national disposable income,Chain volume measures,False,Original,$ Millions,541743.0,A2304846L
1978-79,Real net national disposable income,Chain volume measures,True,Original,Percent,4.0,A2304851F
1978-79,Real net national disposable income per capita,Chain volume measures,False,Original,$,37541.0,A2305058T
1978-79,Real net national disposable income per capita,Chain volume measures,True,Original,Percent,2.9,A2305076W
1978-79,Terms of trade,Index,False,Original,Index Numbers,51.8,A2304708R
1978-79,Terms of trade,Index,True,Original,Percent,0.7,A2304802K
1978-79,Wages share of total factor income,Ratio,False,Original,Percent,58.0,A2304902V
1979-80,Average compensation per employee,Current prices,False,Original,$,13265.0,A2304854L
1979-80,Average compensation per employee,Current prices,True,Original,Percent,8.9,A2304907F
1979-80,Average non-farm compensation per employee,Current prices,False,Original,$,13364.0,A2304919R
1979-80,Average non-farm compensation per employee,Current prices,True,Original,Percent,9.1,A2304923F
1979-80,Farm ; Gross domestic product,Current prices,False,Original,$ Millions,9576.0,A2304615C
1979-80,Farm ; Gross domestic product,Current prices,True,Original,Percent,16.3,A2304655W
1979-80,GDP per capita,Chain volume measures,False,Original,$,49664.0,A2305001C
1979-80,GDP per capita,Chain volume measures,True,Original,Percent,1.8,A2305033W
1979-80,GDP per capita,Current prices,False,Original,$,9232.0,A2304887J
1979-80,GDP per hour worked,Index,False,Original,Index Numbers,55.3,A2304964A
1979-80,GDP per hour worked,Index,True,Original,Percent,0.5,A2305020K
1979-80,Gross domestic product,Chain volume measures,False,Original,$ Millions,725223.0,A2304755F
1979-80,Gross domestic product,Chain volume measures,True,Original,Percent,3.0,A2304830V
1979-80,Gross domestic product,Current prices,False,Original,$ Millions,134805.0,A2304617J
1979-80,Gross domestic product,Current prices,True,Original,Percent,13.4,A2304657A
1979-80,Gross domestic product - Expenditure based,Chain volume measures,False,Original,$ Millions,730610.0,A2304843F
1979-80,Gross domestic product - Expenditure based,Chain volume measures,True,Original,Percent,3.0,A2304848T
1979-80,Gross domestic product - Income based,Chain volume measures,False,Original,$ Millions,730426.0,A2304844J
1979-80,Gross domestic product - Income based,Chain volume measures,True,Original,Percent,3.4,A2304849V
1979-80,Gross domestic product - Production based,Chain volume measures,False,Original,$ Millions,714634.0,A2304845K
1979-80,Gross domestic product - Production based,Chain volume measures,True,Original,Percent,2.7,A2304850C
1979-80,Gross fixed capital formation - New private business investment,Current prices,False,Original,$ Millions,17947.0,A2305129R
1979-80,Gross fixed capital formation - New private business investment,Current prices,True,Original,Percent,10.0,A2305127K
1979-80,Gross national income,Current prices,False,Original,$ Millions,133407.0,A2304605X
1979-80,Hours worked,Index,False,Original,Index Numbers,49.0,A2304958F
1979-80,Hours worked,Index,True,Original,Percent,2.5,A2305015T
1979-80,Household saving ratio,Ratio,False,Original,proportion,15.0,A2323368K
1979-80,Imports of merchandise goods,Current prices,False,Original,$ Millions,16066.0,A2304889L
1979-80,Net domestic product,Chain volume measures,False,Original,$ Millions,667454.0,A2304773K
1979-80,Net domestic product,Chain volume measures,True,Original,Percent,2.8,A2304836J
1979-80,Net saving,Current prices,False,Original,$ Millions,14125.0,A2304633J
1979-80,Non-farm ; Gross domestic product,Chain volume measures,False,Original,$ Millions,698659.0,A2304754C
1979-80,Non-farm ; Gross domestic product,Chain volume measures,True,Original,Percent,3.2,A2304829K
1979-80,Non-farm ; Gross domestic product,Current prices,False,Original,$ Millions,125229.0,A2304616F
1979-80,Non-farm ; Gross domestic product,Current prices,True,Original,Percent,13.1,A2304656X
1979-80,Non-farm ; Gross domestic product,Implicit price deflators,False,Original,Index Numbers,17.9,A2304681A
1979-80,Non-farm ; Gross domestic product,Implicit price deflators,True,Original,Percent,9.7,A2304789C
1979-80,Non-farm ; Total compensation of employees,Current prices,False,Original,$ Millions,68972.0,A2304583W
1979-80,Non-farm ; Total compensation of employees,Current prices,True,Original,Percent,11.3,A2304645T
1979-80,Private non-farm inventory levels - book values,Current prices,False,Original,$ Millions,29830.0,A2304619L
1979-80,Profits share of total factor income,Ratio,False,Original,Percent,19.3,A2304901T
1979-80,Real gross domestic income,Chain volume measures,False,Original,$ Millions,635991.0,A2304775R
1979-80,Real gross domestic income,Chain volume measures,True,Original,Percent,3.6,A2304838L
1979-80,Real gross national income,Chain volume measures,False,Original,$ Millions,625263.0,A2304735W
1979-80,Real gross national income,Chain volume measures,True,Original,Percent,3.4,A2304810K
1979-80,Real net national disposable income,Chain volume measures,False,Original,$ Millions,559471.0,A2304846L
1979-80,Real net national disposable income,Chain volume measures,True,Original,Percent,3.3,A2304851F
1979-80,Real net national disposable income per capita,Chain volume measures,False,Original,$,38313.0,A2305058T
1979-80,Real net national disposable income per capita,Chain volume measures,True,Original,Percent,2.1,A2305076W
1979-80,Terms of trade,Index,False,Original,Index Numbers,53.7,A2304708R
1979-80,Terms of trade,Index,True,Original,Percent,3.7,A2304802K
1979-80,Wages share of total factor income,Ratio,False,Original,Percent,57.0,A2304902V
1980-81,Average compensation per employee,Current prices,False,Original,$,14933.0,A2304854L
1980-81,Average compensation per employee,Current prices,True,Original,Percent,12.6,A2304907F
1980-81,Average non-farm compensation per employee,Current prices,False,Original,$,15042.0,A2304919R
1980-81,Average non-farm compensation per employee,Current prices,True,Original,Percent,12.6,A2304923F
1980-81,Farm ; Gross domestic product,Current prices,False,Original,$ Millions,9005.0,A2304615C
1980-81,Farm ; Gross domestic product,Current prices,True,Original,Percent,-6.0,A2304655W
1980-81,GDP per capita,Chain volume measures,False,Original,$,50614.0,A2305001C
1980-81,GDP per capita,Chain volume measures,True,Original,Percent,1.9,A2305033W
1980-81,GDP per capita,Current prices,False,Original,$,10304.0,A2304887J
1980-81,GDP per hour worked,Index,False,Original,Index Numbers,55.9,A2304964A
1980-81,GDP per hour worked,Index,True,Original,Percent,1.1,A2305020K
1980-81,Gross domestic product,Chain volume measures,False,Original,$ Millions,749463.0,A2304755F
1980-81,Gross domestic product,Chain volume measures,True,Original,Percent,3.3,A2304830V
1980-81,Gross domestic product,Current prices,False,Original,$ Millions,152581.0,A2304617J
1980-81,Gross domestic product,Current prices,True,Original,Percent,13.2,A2304657A
1980-81,Gross domestic product - Expenditure based,Chain volume measures,False,Original,$ Millions,754491.0,A2304843F
1980-81,Gross domestic product - Expenditure based,Chain volume measures,True,Original,Percent,3.3,A2304848T
1980-81,Gross domestic product - Income based,Chain volume measures,False,Original,$ Millions,758545.0,A2304844J
1980-81,Gross domestic product - Income based,Chain volume measures,True,Original,Percent,3.8,A2304849V
1980-81,Gross domestic product - Production based,Chain volume measures,False,Original,$ Millions,735352.0,A2304845K
1980-81,Gross domestic product - Production based,Chain volume measures,True,Original,Percent,2.9,A2304850C
1980-81,Gross fixed capital formation - New private business investment,Current prices,False,Original,$ Millions,22143.0,A2305129R
1980-81,Gross fixed capital formation - New private business investment,Current prices,True,Original,Percent,23.4,A2305127K
1980-81,Gross national income,Current prices,False,Original,$ Millions,152084.0,A2304605X
1980-81,Hours worked,Index,False,Original,Index Numbers,50.0,A2304958F
1980-81,Hours worked,Index,True,Original,Percent,2.2,A2305015T
1980-81,Household saving ratio,Ratio,False,Original,proportion,14.9,A2323368K
1980-81,Imports of merchandise goods,Current prices,False,Original,$ Millions,19486.0,A2304889L
1980-81,Net domestic product,Chain volume measures,False,Original,$ Millions,687625.0,A2304773K
1980-81,Net domestic product,Chain volume measures,True,Original,Percent,3.0,A2304836J
1980-81,Net saving,Current prices,False,Original,$ Millions,15903.0,A2304633J
1980-81,Non-farm ; Gross domestic product,Chain volume measures,False,Original,$ Millions,725736.0,A2304754C
1980-81,Non-farm ; Gross domestic product,Chain volume measures,True,Original,Percent,3.9,A2304829K
1980-81,Non-farm ; Gross domestic product,Current prices,False,Original,$ Millions,143576.0,A2304616F
1980-81,Non-farm ; Gross domestic product,Current prices,True,Original,Percent,14.7,A2304656X
1980-81,Non-farm ; Gross domestic product,Implicit price deflators,False,Original,Index Numbers,19.8,A2304681A
1980-81,Non-farm ; Gross domestic product,Implicit price deflators,True,Original,Percent,10.4,A2304789C
1980-81,Non-farm ; Total compensation of employees,Current prices,False,Original,$ Millions,79739.0,A2304583W
1980-81,Non-farm ; Total compensation of employees,Current prices,True,Original,Percent,15.6,A2304645T
1980-81,Private non-farm inventory levels - book values,Current prices,False,Original,$ Millions,32866.0,A2304619L
1980-81,Profits share of total factor income,Ratio,False,Original,Percent,19.5,A2304901T
1980-81,Real gross domestic income,Chain volume measures,False,Original,$ Millions,656425.0,A2304775R
1980-81,Real gross domestic income,Chain volume measures,True,Original,Percent,3.2,A2304838L
1980-81,Real gross national income,Chain volume measures,False,Original,$ Millions,646775.0,A2304735W
1980-81,Real gross national income,Chain volume measures,True,Original,Percent,3.4,A2304810K
1980-81,Real net national disposable income,Chain volume measures,False,Original,$ Millions,576714.0,A2304846L
1980-81,Real net national disposable income,Chain volume measures,True,Original,Percent,3.1,A2304851F
1980-81,Real net national disposable income per capita,Chain volume measures,False,Original,$,38948.0,A2305058T
1980-81,Real net national disposable income per capita,Chain volume measures,True,Original,Percent,1.7,A2305076W
1980-81,Terms of trade,Index,False,Original,Index Numbers,53.2,A2304708R
1980-81,Terms of trade,Index,True,Original,Percent,-0.8,A2304802K
1980-81,Wages share of total factor income,Ratio,False,Original,Percent,58.0,A2304902V
1981-82,Average compensation per employee,Current prices,False,Original,$,17054.0,A2304854L
1981-82,Average compensation per employee,Current prices,True,Original,Percent,14.2,A2304907F
1981-82,Average non-farm compensation per employee,Current prices,False,Original,$,17179.0,A2304919R
1981-82,Average non-farm compensation per employee,Current prices,True,Original,Percent,14.2,A2304923F
1981-82,Farm ; Gross domestic product,Current prices,False,Original,$ Millions,9387.0,A2304615C
1981-82,Farm ; Gross domestic product,Current prices,True,Original,Percent,4.2,A2304655W
1981-82,GDP per capita,Chain volume measures,False,Original,$,51442.0,A2305001C
1981-82,GDP per capita,Chain volume measures,True,Original,Percent,1.6,A2305033W
1981-82,GDP per capita,Current prices,False,Original,$,11699.0,A2304887J
1981-82,GDP per hour worked,Index,False,Original,Index Numbers,57.5,A2304964A
1981-82,GDP per hour worked,Index,True,Original,Percent,2.9,A2305020K
1981-82,Gross domestic product,Chain volume measures,False,Original,$ Millions,774410.0,A2304755F
1981-82,Gross domestic product,Chain volume measures,True,Original,Percent,3.3,A2304830V
1981-82,Gross domestic product,Current prices,False,Original,$ Millions,176115.0,A2304617J
1981-82,Gross domestic product,Current prices,True,Original,Percent,15.4,A2304657A
1981-82,Gross domestic product - Expenditure based,Chain volume measures,False,Original,$ Millions,777219.0,A2304843F
1981-82,Gross domestic product - Expenditure based,Chain volume measures,True,Original,Percent,3.0,A2304848T
1981-82,Gross domestic product - Income based,Chain volume measures,False,Original,$ Millions,771326.0,A2304844J
1981-82,Gross domestic product - Income based,Chain volume measures,True,Original,Percent,1.7,A2304849V
1981-82,Gross domestic product - Production based,Chain volume measures,False,Original,$ Millions,774684.0,A2304845K
1981-82,Gross domestic product - Production based,Chain volume measures,True,Original,Percent,5.3,A2304850C
1981-82,Gross fixed capital formation - New private business investment,Current prices,False,Original,$ Millions,27041.0,A2305129R
1981-82,Gross fixed capital formation - New private business investment,Current prices,True,Original,Percent,22.1,A2305127K
1981-82,Gross national income,Current prices,False,Original,$ Millions,172779.0,A2304605X
1981-82,Hours worked,Index,False,Original,Index Numbers,50.3,A2304958F
1981-82,Hours worked,Index,True,Original,Percent,0.4,A2305015T
1981-82,Household saving ratio,Ratio,False,Original,proportion,14.2,A2323368K
1981-82,Imports of merchandise goods,Current prices,False,Original,$ Millions,22640.0,A2304889L
1981-82,Net domestic product,Chain volume measures,False,Original,$ Millions,707756.0,A2304773K
1981-82,Net domestic product,Chain volume measures,True,Original,Percent,2.9,A2304836J
1981-82,Net saving,Current prices,False,Original,$ Millions,15739.0,A2304633J
1981-82,Non-farm ; Gross domestic product,Chain volume measures,False,Original,$ Millions,744958.0,A2304754C
1981-82,Non-farm ; Gross domestic product,Chain volume measures,True,Original,Percent,2.6,A2304829K
1981-82,Non-farm ; Gross domestic product,Current prices,False,Original,$ Millions,166728.0,A2304616F
1981-82,Non-farm ; Gross domestic product,Current prices,True,Original,Percent,16.1,A2304656X
1981-82,Non-farm ; Gross domestic product,Implicit price deflators,False,Original,Index Numbers,22.4,A2304681A
1981-82,Non-farm ; Gross domestic product,Implicit price deflators,True,Original,Percent,13.1,A2304789C
1981-82,Non-farm ; Total compensation of employees,Current prices,False,Original,$ Millions,92368.0,A2304583W
1981-82,Non-farm ; Total compensation of employees,Current prices,True,Original,Percent,15.8,A2304645T
1981-82,Private non-farm inventory levels - book values,Current prices,False,Original,$ Millions,36208.0,A2304619L
1981-82,Profits share of total factor income,Ratio,False,Original,Percent,19.2,A2304901T
1981-82,Real gross domestic income,Chain volume measures,False,Original,$ Millions,676723.0,A2304775R
1981-82,Real gross domestic income,Chain volume measures,True,Original,Percent,3.1,A2304838L
1981-82,Real gross national income,Chain volume measures,False,Original,$ Millions,667031.0,A2304735W
1981-82,Real gross national income,Chain volume measures,True,Original,Percent,3.1,A2304810K
1981-82,Real net national disposable income,Chain volume measures,False,Original,$ Millions,592507.0,A2304846L
1981-82,Real net national disposable income,Chain volume measures,True,Original,Percent,2.7,A2304851F
1981-82,Real net national disposable income per capita,Chain volume measures,False,Original,$,39358.0,A2305058T
1981-82,Real net national disposable income per capita,Chain volume measures,True,Original,Percent,1.1,A2305076W
1981-82,Terms of trade,Index,False,Original,Index Numbers,52.4,A2304708R
1981-82,Terms of trade,Index,True,Original,Percent,-1.6,A2304802K
1981-82,Wages share of total factor income,Ratio,False,Original,Percent,59.2,A2304902V
1982-83,Average compensation per employee,Current prices,False,Original,$,19219.0,A2304854L
1982-83,Average compensation per employee,Current prices,True,Original,Percent,12.7,A2304907F
1982-83,Average non-farm compensation per employee,Current prices,False,Original,$,19347.0,A2304919R
1982-83,Average non-farm compensation per employee,Current prices,True,Original,Percent,12.6,A2304923F
1982-83,Farm ; Gross domestic product,Current prices,False,Original,$ Millions,6478.0,A2304615C
1982-83,Farm ; Gross domestic product,Current prices,True,Original,Percent,-31.0,A2304655W
1982-83,GDP per capita,Chain volume measures,False,Original,$,49524.0,A2305001C
1982-83,GDP per capita,Chain volume measures,True,Original,Percent,-3.7,A2305033W
1982-83,GDP per capita,Current prices,False,Original,$,12407.0,A2304887J
1982-83,GDP per hour worked,Index,False,Original,Index Numbers,58.2,A2304964A
1982-83,GDP per hour worked,Index,True,Original,Percent,1.2,A2305020K
1982-83,Gross domestic product,Chain volume measures,False,Original,$ Millions,757173.0,A2304755F
1982-83,Gross domestic product,Chain volume measures,True,Original,Percent,-2.2,A2304830V
1982-83,Gross domestic product,Current prices,False,Original,$ Millions,189688.0,A2304617J
1982-83,Gross domestic product,Current prices,True,Original,Percent,7.7,A2304657A
1982-83,Gross domestic product - Expenditure based,Chain volume measures,False,Original,$ Millions,764715.0,A2304843F
1982-83,Gross domestic product - Expenditure based,Chain volume measures,True,Original,Percent,-1.6,A2304848T
1982-83,Gross domestic product - Income based,Chain volume measures,False,Original,$ Millions,760533.0,A2304844J
1982-83,Gross domestic product - Income based,Chain volume measures,True,Original,Percent,-1.4,A2304849V
1982-83,Gross domestic product - Production based,Chain volume measures,False,Original,$ Millions,746269.0,A2304845K
1982-83,Gross domestic product - Production based,Chain volume measures,True,Original,Percent,-3.7,A2304850C
1982-83,Gross fixed capital formation - New private business investment,Current prices,False,Original,$ Millions,25839.0,A2305129R
1982-83,Gross fixed capital formation - New private business investment,Current prices,True,Original,Percent,-4.4,A2305127K
1982-83,Gross national income,Current prices,False,Original,$ Millions,188251.0,A2304605X
1982-83,Hours worked,Index,False,Original,Index Numbers,48.6,A2304958F
1982-83,Hours worked,Index,True,Original,Percent,-3.4,A2305015T
1982-83,Household saving ratio,Ratio,False,Original,proportion,11.7,A2323368K
1982-83,Imports of merchandise goods,Current prices,False,Original,$ Millions,21978.0,A2304889L
1982-83,Net domestic product,Chain volume measures,False,Original,$ Millions,682760.0,A2304773K
1982-83,Net domestic product,Chain volume measures,True,Original,Percent,-3.5,A2304836J
1982-83,Net saving,Current prices,False,Original,$ Millions,10094.0,A2304633J
1982-83,Non-farm ; Gross domestic product,Chain volume measures,False,Original,$ Millions,733195.0,A2304754C
1982-83,Non-farm ; Gross domestic product,Chain volume measures,True,Original,Percent,-1.6,A2304829K
1982-83,Non-farm ; Gross domestic product,Current prices,False,Original,$ Millions,183210.0,A2304616F
1982-83,Non-farm ; Gross domestic product,Current prices,True,Original,Percent,9.9,A2304656X
1982-83,Non-farm ; Gross domestic product,Implicit price deflators,False,Original,Index Numbers,25.0,A2304681A
1982-83,Non-farm ; Gross domestic product,Implicit price deflators,True,Original,Percent,11.6,A2304789C
1982-83,Non-farm ; Total compensation of employees,Current prices,False,Original,$ Millions,102436.0,A2304583W
1982-83,Non-farm ; Total compensation of employees,Current prices,True,Original,Percent,10.9,A2304645T
1982-83,Private non-farm inventory levels - book values,Current prices,False,Original,$ Millions,36608.0,A2304619L
1982-83,Profits share of total factor income,Ratio,False,Original,Percent,19.7,A2304901T
1982-83,Real gross domestic income,Chain volume measures,False,Original,$ Millions,660289.0,A2304775R
1982-83,Real gross domestic income,Chain volume measures,True,Original,Percent,-2.4,A2304838L
1982-83,Real gross national income,Chain volume measures,False,Original,$ Millions,652777.0,A2304735W
1982-83,Real gross national income,Chain volume measures,True,Original,Percent,-2.1,A2304810K
1982-83,Real net national disposable income,Chain volume measures,False,Original,$ Millions,571827.0,A2304846L
1982-83,Real net national disposable income,Chain volume measures,True,Original,Percent,-3.5,A2304851F
1982-83,Real net national disposable income per capita,Chain volume measures,False,Original,$,37401.0,A2305058T
1982-83,Real net national disposable income per capita,Chain volume measures,True,Original,Percent,-5.0,A2305076W
1982-83,Terms of trade,Index,False,Original,Index Numbers,51.6,A2304708R
1982-83,Terms of trade,Index,True,Original,Percent,-1.5,A2304802K
1982-83,Wages share of total factor income,Ratio,False,Original,Percent,60.7,A2304902V
1983-84,Average compensation per employee,Current prices,False,Original,$,20219.0,A2304854L
1983-84,Average compensation per employee,Current prices,True,Original,Percent,5.2,A2304907F
1983-84,Average non-farm compensation per employee,Current prices,False,Original,$,20343.0,A2304919R
1983-84,Average non-farm compensation per employee,Current prices,True,Original,Percent,5.1,A2304923F
1983-84,Farm ; Gross domestic product,Current prices,False,Original,$ Millions,11052.0,A2304615C
1983-84,Farm ; Gross domestic product,Current prices,True,Original,Percent,70.6,A2304655W
1983-84,GDP per capita,Chain volume measures,False,Original,$,51134.0,A2305001C
1983-84,GDP per capita,Chain volume measures,True,Original,Percent,3.3,A2305033W
1983-84,GDP per capita,Current prices,False,Original,$,13817.0,A2304887J
1983-84,GDP per hour worked,Index,False,Original,Index Numbers,59.8,A2304964A
1983-84,GDP per hour worked,Index,True,Original,Percent,2.7,A2305020K
1983-84,Gross domestic product,Chain volume measures,False,Original,$ Millions,791734.0,A2304755F
1983-84,Gross domestic product,Chain volume measures,True,Original,Percent,4.6,A2304830V
1983-84,Gross domestic product,Current prices,False,Original,$ Millions,213941.0,A2304617J
1983-84,Gross domestic product,Current prices,True,Original,Percent,12.8,A2304657A
1983-84,Gross domestic product - Expenditure based,Chain volume measures,False,Original,$ Millions,794350.0,A2304843F
1983-84,Gross domestic product - Expenditure based,Chain volume measures,True,Original,Percent,3.9,A2304848T
1983-84,Gross domestic product - Income based,Chain volume measures,False,Original,$ Millions,797342.0,A2304844J
1983-84,Gross domestic product - Income based,Chain volume measures,True,Original,Percent,4.8,A2304849V
1983-84,Gross domestic product - Production based,Chain volume measures,False,Original,$ Millions,783511.0,A2304845K
1983-84,Gross domestic product - Production based,Chain volume measures,True,Original,Percent,5.0,A2304850C
1983-84,Gross fixed capital formation - New private business investment,Current prices,False,Original,$ Millions,27543.0,A2305129R
1983-84,Gross fixed capital formation - New private business investment,Current prices,True,Original,Percent,6.6,A2305127K
1983-84,Gross national income,Current prices,False,Original,$ Millions,211358.0,A2304605X
1983-84,Hours worked,Index,False,Original,Index Numbers,49.4,A2304958F
1983-84,Hours worked,Index,True,Original,Percent,1.8,A2305015T
1983-84,Household saving ratio,Ratio,False,Original,proportion,13.7,A2323368K
1983-84,Imports of merchandise goods,Current prices,False,Original,$ Millions,23694.0,A2304889L
1983-84,Net domestic product,Chain volume measures,False,Original,$ Millions,713815.0,A2304773K
1983-84,Net domestic product,Chain volume measures,True,Original,Percent,4.5,A2304836J
1983-84,Net saving,Current prices,False,Original,$ Millions,16663.0,A2304633J
1983-84,Non-farm ; Gross domestic product,Chain volume measures,False,Original,$ Millions,761985.0,A2304754C
1983-84,Non-farm ; Gross domestic product,Chain volume measures,True,Original,Percent,3.9,A2304829K
1983-84,Non-farm ; Gross domestic product,Current prices,False,Original,$ Millions,202889.0,A2304616F
1983-84,Non-farm ; Gross domestic product,Current prices,True,Original,Percent,10.7,A2304656X
1983-84,Non-farm ; Gross domestic product,Implicit price deflators,False,Original,Index Numbers,26.6,A2304681A
1983-84,Non-farm ; Gross domestic product,Implicit price deflators,True,Original,Percent,6.6,A2304789C
1983-84,Non-farm ; Total compensation of employees,Current prices,False,Original,$ Millions,108385.0,A2304583W
1983-84,Non-farm ; Total compensation of employees,Current prices,True,Original,Percent,5.8,A2304645T
1983-84,Private non-farm inventory levels - book values,Current prices,False,Original,$ Millions,37870.0,A2304619L
1983-84,Profits share of total factor income,Ratio,False,Original,Percent,22.0,A2304901T
1983-84,Real gross domestic income,Chain volume measures,False,Original,$ Millions,692761.0,A2304775R
1983-84,Real gross domestic income,Chain volume measures,True,Original,Percent,4.9,A2304838L
1983-84,Real gross national income,Chain volume measures,False,Original,$ Millions,679921.0,A2304735W
1983-84,Real gross national income,Chain volume measures,True,Original,Percent,4.2,A2304810K
1983-84,Real net national disposable income,Chain volume measures,False,Original,$ Millions,595547.0,A2304846L
1983-84,Real net national disposable income,Chain volume measures,True,Original,Percent,4.1,A2304851F
1983-84,Real net national disposable income per capita,Chain volume measures,False,Original,$,38463.0,A2305058T
1983-84,Real net national disposable income per capita,Chain volume measures,True,Original,Percent,2.8,A2305076W
1983-84,Terms of trade,Index,False,Original,Index Numbers,52.9,A2304708R
1983-84,Terms of trade,Index,True,Original,Percent,2.4,A2304802K
1983-84,Wages share of total factor income,Ratio,False,Original,Percent,56.9,A2304902V
1984-85,Average compensation per employee,Current prices,False,Original,$,21553.0,A2304854L
1984-85,Average compensation per employee,Current prices,True,Original,Percent,6.6,A2304907F
1984-85,Average non-farm compensation per employee,Current prices,False,Original,$,21675.0,A2304919R
1984-85,Average non-farm compensation per employee,Current prices,True,Original,Percent,6.5,A2304923F
1984-85,Farm ; Gross domestic product,Chain volume measures,False,Original,$ Millions,25617.0,A2304753A
1984-85,Farm ; Gross domestic product,Current prices,False,Original,$ Millions,11329.0,A2304615C
1984-85,Farm ; Gross domestic product,Current prices,True,Original,Percent,2.5,A2304655W
1984-85,Farm ; Gross domestic product,Implicit price deflators,False,Original,Index Numbers,44.2,A2304680X
1984-85,GDP per capita,Chain volume measures,False,Original,$,53169.0,A2305001C
1984-85,GDP per capita,Chain volume measures,True,Original,Percent,4.0,A2305033W
1984-85,GDP per capita,Current prices,False,Original,$,15040.0,A2304887J
1984-85,GDP per hour worked,Index,False,Original,Index Numbers,61.1,A2304964A
1984-85,GDP per hour worked,Index,True,Original,Percent,2.3,A2305020K
1984-85,Gross domestic product,Chain volume measures,False,Original,$ Millions,833551.0,A2304755F
1984-85,Gross domestic product,Chain volume measures,True,Original,Percent,5.3,A2304830V
1984-85,Gross domestic product,Current prices,False,Original,$ Millions,235787.0,A2304617J
1984-85,Gross domestic product,Current prices,True,Original,Percent,10.2,A2304657A
1984-85,Gross domestic product - Expenditure based,Chain volume measures,False,Original,$ Millions,834522.0,A2304843F
1984-85,Gross domestic product - Expenditure based,Chain volume measures,True,Original,Percent,5.1,A2304848T
1984-85,Gross domestic product - Income based,Chain volume measures,False,Original,$ Millions,842161.0,A2304844J
1984-85,Gross domestic product - Income based,Chain volume measures,True,Original,Percent,5.6,A2304849V
1984-85,Gross domestic product - Production based,Chain volume measures,False,Original,$ Millions,823972.0,A2304845K
1984-85,Gross domestic product - Production based,Chain volume measures,True,Original,Percent,5.2,A2304850C
1984-85,Gross fixed capital formation - New private business investment,Current prices,False,Original,$ Millions,31468.0,A2305129R
1984-85,Gross fixed capital formation - New private business investment,Current prices,True,Original,Percent,14.2,A2305127K
1984-85,Gross national income,Current prices,False,Original,$ Millions,232516.0,A2304605X
1984-85,Hours worked,Index,False,Original,Index Numbers,50.9,A2304958F
1984-85,Hours worked,Index,True,Original,Percent,3.0,A2305015T
1984-85,Household saving ratio,Ratio,False,Original,proportion,14.1,A2323368K
1984-85,Imports of merchandise goods,Current prices,False,Original,$ Millions,30282.0,A2304889L
1984-85,Net domestic product,Chain volume measures,False,Original,$ Millions,751752.0,A2304773K
1984-85,Net domestic product,Chain volume measures,True,Original,Percent,5.3,A2304836J
1984-85,Net saving,Current prices,False,Original,$ Millions,20531.0,A2304633J
1984-85,Non-farm ; Gross domestic product,Chain volume measures,False,Original,$ Millions,806699.0,A2304754C
1984-85,Non-farm ; Gross domestic product,Chain volume measures,True,Original,Percent,5.9,A2304829K
1984-85,Non-farm ; Gross domestic product,Current prices,False,Original,$ Millions,224458.0,A2304616F
1984-85,Non-farm ; Gross domestic product,Current prices,True,Original,Percent,10.6,A2304656X
1984-85,Non-farm ; Gross domestic product,Implicit price deflators,False,Original,Index Numbers,27.8,A2304681A
1984-85,Non-farm ; Gross domestic product,Implicit price deflators,True,Original,Percent,4.5,A2304789C
1984-85,Non-farm ; Total compensation of employees,Current prices,False,Original,$ Millions,119292.0,A2304583W
1984-85,Non-farm ; Total compensation of employees,Current prices,True,Original,Percent,10.1,A2304645T
1984-85,Private non-farm inventory levels,Chain volume measures,False,Original,$ Millions,106720.0,A2305012K
1984-85,Private non-farm inventory levels - book values,Current prices,False,Original,$ Millions,42528.0,A2304619L
1984-85,Profits share of total factor income,Ratio,False,Original,Percent,22.4,A2304901T
1984-85,Real gross domestic income,Chain volume measures,False,Original,$ Millions,727670.0,A2304775R
1984-85,Real gross domestic income,Chain volume measures,True,Original,Percent,5.0,A2304838L
1984-85,Real gross national income,Chain volume measures,False,Original,$ Millions,710519.0,A2304735W
1984-85,Real gross national income,Chain volume measures,True,Original,Percent,4.5,A2304810K
1984-85,Real net national disposable income,Chain volume measures,False,Original,$ Millions,621565.0,A2304846L
1984-85,Real net national disposable income,Chain volume measures,True,Original,Percent,4.4,A2304851F
1984-85,Real net national disposable income per capita,Chain volume measures,False,Original,$,39648.0,A2305058T
1984-85,Real net national disposable income per capita,Chain volume measures,True,Original,Percent,3.1,A2305076W
1984-85,Terms of trade,Index,False,Original,Index Numbers,52.1,A2304708R
1984-85,Terms of trade,Index,True,Original,Percent,-1.6,A2304802K
1984-85,Wages share of total factor income,Ratio,False,Original,Percent,56.9,A2304902V
1985-86,Average compensation per employee,Current prices,False,Original,$,22574.0,A2304854L
1985-86,Average compensation per employee,Current prices,True,Original,Percent,4.7,A2304907F
1985-86,Average non-farm compensation per employee,Current prices,False,Original,$,22672.0,A2304919R
1985-86,Average non-farm compensation per employee,Current prices,True,Original,Percent,4.6,A2304923F
1985-86,Compensation of employees per hour,Current prices,False,Original,$,13.1,A129552316A
1985-86,Domestic final demand,Index,False,Original,Index Numbers,34.6,A2304703C
1985-86,Farm ; Gross domestic product,Chain volume measures,False,Original,$ Millions,20903.0,A2304753A
1985-86,Farm ; Gross domestic product,Chain volume measures,True,Original,Percent,-18.4,A2304828J
1985-86,Farm ; Gross domestic product,Current prices,False,Original,$ Millions,10640.0,A2304615C
1985-86,Farm ; Gross domestic product,Current prices,True,Original,Percent,-6.1,A2304655W
1985-86,Farm ; Gross domestic product,Implicit price deflators,False,Original,Index Numbers,50.9,A2304680X
1985-86,Farm ; Gross domestic product,Implicit price deflators,True,Original,Percent,15.1,A2304788A
1985-86,GDP per capita,Chain volume measures,False,Original,$,54504.0,A2305001C
1985-86,GDP per capita,Chain volume measures,True,Original,Percent,2.5,A2305033W
1985-86,GDP per capita,Current prices,False,Original,$,16427.0,A2304887J
1985-86,GDP per hour worked,Index,False,Original,Index Numbers,61.0,A2304964A
1985-86,GDP per hour worked,Index,True,Original,Percent,-0.2,A2305020K
1985-86,Gross domestic product,Chain volume measures,False,Original,$ Millions,866641.0,A2304755F
1985-86,Gross domestic product,Chain volume measures,True,Original,Percent,4.0,A2304830V
1985-86,Gross domestic product,Current prices,False,Original,$ Millions,261198.0,A2304617J
1985-86,Gross domestic product,Current prices,True,Original,Percent,10.8,A2304657A
1985-86,Gross domestic product,Index,False,Original,Index Numbers,29.8,A2304706K
1985-86,Gross domestic product - Expenditure based,Chain volume measures,False,Original,$ Millions,872945.0,A2304843F
1985-86,Gross domestic product - Expenditure based,Chain volume measures,True,Original,Percent,4.6,A2304848T
1985-86,Gross domestic product - Income based,Chain volume measures,False,Original,$ Millions,873324.0,A2304844J
1985-86,Gross domestic product - Income based,Chain volume measures,True,Original,Percent,3.7,A2304849V
1985-86,Gross domestic product - Production based,Chain volume measures,False,Original,$ Millions,853654.0,A2304845K
1985-86,Gross domestic product - Production based,Chain volume measures,True,Original,Percent,3.6,A2304850C
1985-86,Gross fixed capital formation - New private business investment,Chain volume measures,False,Original,$ Millions,54651.0,A2305130X
1985-86,Gross fixed capital formation - New private business investment,Current prices,False,Original,$ Millions,36628.0,A2305129R
1985-86,Gross fixed capital formation - New private business investment,Current prices,True,Original,Percent,16.4,A2305127K
1985-86,Gross national income,Current prices,False,Original,$ Millions,256537.0,A2304605X
1985-86,Hours worked,Index,False,Original,Index Numbers,53.0,A2304958F
1985-86,Hours worked,Index,True,Original,Percent,4.2,A2305015T
1985-86,Hours worked market sector,Index,False,Original,Index Numbers,58.8,A2305086A
1985-86,Hours worked non-market sector,Index,False,Original,Index Numbers,37.4,A130272187C
1985-86,Household saving ratio,Ratio,False,Original,proportion,11.4,A2323368K
1985-86,Households ; Final consumption expenditure - Discretionary consumption,Chain volume measures,False,Original,$ Millions,163253.0,A124830443X
1985-86,Households ; Final consumption expenditure - Discretionary consumption,Current prices,False,Original,$ Millions,67373.0,A124830453C
1985-86,Households ; Final consumption expenditure - Essential consumption,Chain volume measures,False,Original,$ Millions,274507.0,A124830442W
1985-86,Households ; Final consumption expenditure - Essential consumption,Current prices,False,Original,$ Millions,78752.0,A124830452A
1985-86,Households ; Final consumption expenditure - Goods,Chain volume measures,False,Original,$ Millions,166635.0,A124830440T
1985-86,Households ; Final consumption expenditure - Goods,Current prices,False,Original,$ Millions,71919.0,A124830450W
1985-86,Households ; Final consumption expenditure - Services,Chain volume measures,False,Original,$ Millions,261714.0,A124830441V
1985-86,Households ; Final consumption expenditure - Services,Current prices,False,Original,$ Millions,74206.0,A124830451X
1985-86,Imports of merchandise goods,Current prices,False,Original,$ Millions,35872.0,A2304889L
1985-86,Net domestic product,Chain volume measures,False,Original,$ Millions,779394.0,A2304773K
1985-86,Net domestic product,Chain volume measures,True,Original,Percent,3.7,A2304836J
1985-86,Net saving,Current prices,False,Original,$ Millions,17259.0,A2304633J
1985-86,Non-farm ; Gross domestic product,Chain volume measures,False,Original,$ Millions,847380.0,A2304754C
1985-86,Non-farm ; Gross domestic product,Chain volume measures,True,Original,Percent,5.0,A2304829K
1985-86,Non-farm ; Gross domestic product,Current prices,False,Original,$ Millions,250558.0,A2304616F
1985-86,Non-farm ; Gross domestic product,Current prices,True,Original,Percent,11.6,A2304656X
1985-86,Non-farm ; Gross domestic product,Implicit price deflators,False,Original,Index Numbers,29.6,A2304681A
1985-86,Non-farm ; Gross domestic product,Implicit price deflators,True,Original,Percent,6.3,A2304789C
1985-86,Non-farm ; Total compensation of employees,Current prices,False,Original,$ Millions,131038.0,A2304583W
1985-86,Non-farm ; Total compensation of employees,Current prices,True,Original,Percent,9.8,A2304645T
1985-86,Non-farm compensation of employees per hour,Current prices,False,Original,$,13.5,A129552317C
1985-86,Private ; Final demand,Chain volume measures,False,Original,$ Millions,552512.0,A124830437C
1985-86,Private ; Final demand,Current prices,False,Original,$ Millions,198076.0,A124830439J
1985-86,Private non-farm inventory levels,Chain volume measures,False,Original,$ Millions,110921.0,A2305012K
1985-86,Private non-farm inventory levels - book values,Current prices,False,Original,$ Millions,45890.0,A2304619L
1985-86,Profits share of total factor income,Ratio,False,Original,Percent,22.2,A2304901T
1985-86,Public ; Final demand,Chain volume measures,False,Original,$ Millions,212220.0,A124830436A
1985-86,Public ; Final demand,Current prices,False,Original,$ Millions,72129.0,A124830438F
1985-86,Real gross domestic income,Chain volume measures,False,Original,$ Millions,746670.0,A2304775R
1985-86,Real gross domestic income,Chain volume measures,True,Original,Percent,2.6,A2304838L
1985-86,Real gross national income,Chain volume measures,False,Original,$ Millions,728064.0,A2304735W
1985-86,Real gross national income,Chain volume measures,True,Original,Percent,2.5,A2304810K
1985-86,Real net national disposable income,Chain volume measures,False,Original,$ Millions,633421.0,A2304846L
1985-86,Real net national disposable income,Chain volume measures,True,Original,Percent,1.9,A2304851F
1985-86,Real net national disposable income per capita,Chain volume measures,False,Original,$,39836.0,A2305058T
1985-86,Real net national disposable income per capita,Chain volume measures,True,Original,Percent,0.5,A2305076W
1985-86,Real unit of labour costs,Index,False,Original,Index Numbers,120.1,A2432926J
1985-86,Real unit of labour costs - Non-farm,Index,False,Original,Index Numbers,116.5,A2432927K
1985-86,Terms of trade,Index,False,Original,Index Numbers,47.1,A2304708R
1985-86,Terms of trade,Index,True,Original,Percent,-9.5,A2304802K
1985-86,Wages share of total factor income,Ratio,False,Original,Percent,56.6,A2304902V
1986-87,Average compensation per employee,Current prices,False,Original,$,23956.0,A2304854L
1986-87,Average compensation per employee,Current prices,True,Original,Percent,6.1,A2304907F
1986-87,Average non-farm compensation per employee,Current prices,False,Original,$,24051.0,A2304919R
1986-87,Average non-farm compensation per employee,Current prices,True,Original,Percent,6.1,A2304923F
1986-87,Compensation of employees per hour,Current prices,False,Original,$,13.8,A129552316A
1986-87,Compensation of employees per hour,Current prices,True,Original,Percent,5.4,A129552318F
1986-87,Domestic final demand,Index,False,Original,Index Numbers,37.4,A2304703C
1986-87,Domestic final demand,Index,True,Original,Percent,8.2,A2304797C
1986-87,Farm ; Gross domestic product,Chain volume measures,False,Original,$ Millions,20723.0,A2304753A
1986-87,Farm ; Gross domestic product,Chain volume measures,True,Original,Percent,-0.9,A2304828J
1986-87,Farm ; Gross domestic product,Current prices,False,Original,$ Millions,11104.0,A2304615C
1986-87,Farm ; Gross domestic product,Current prices,True,Original,Percent,4.4,A2304655W
1986-87,Farm ; Gross domestic product,Implicit price deflators,False,Original,Index Numbers,53.6,A2304680X
1986-87,Farm ; Gross domestic product,Implicit price deflators,True,Original,Percent,5.3,A2304788A
1986-87,GDP per capita,Chain volume measures,False,Original,$,55072.0,A2305001C
1986-87,GDP per capita,Chain volume measures,True,Original,Percent,1.0,A2305033W
1986-87,GDP per capita,Current prices,False,Original,$,17766.0,A2304887J
1986-87,GDP per hour worked,Index,False,Original,Index Numbers,61.0,A2304964A
1986-87,GDP per hour worked,Index,True,Original,Percent,-0.1,A2305020K
1986-87,Gross domestic product,Chain volume measures,False,Original,$ Millions,888799.0,A2304755F
1986-87,Gross domestic product,Chain volume measures,True,Original,Percent,2.6,A2304830V
1986-87,Gross domestic product,Current prices,False,Original,$ Millions,286715.0,A2304617J
1986-87,Gross domestic product,Current prices,True,Original,Percent,9.8,A2304657A
1986-87,Gross domestic product,Index,False,Original,Index Numbers,31.8,A2304706K
1986-87,Gross domestic product,Index,True,Original,Percent,6.7,A2304800F
1986-87,Gross domestic product - Expenditure based,Chain volume measures,False,Original,$ Millions,901892.0,A2304843F
1986-87,Gross domestic product - Expenditure based,Chain volume measures,True,Original,Percent,3.3,A2304848T
1986-87,Gross domestic product - Income based,Chain volume measures,False,Original,$ Millions,896123.0,A2304844J
1986-87,Gross domestic product - Income based,Chain volume measures,True,Original,Percent,2.6,A2304849V
1986-87,Gross domestic product - Production based,Chain volume measures,False,Original,$ Millions,868383.0,A2304845K
1986-87,Gross domestic product - Production based,Chain volume measures,True,Original,Percent,1.7,A2304850C
1986-87,Gross fixed capital formation - New private business investment,Chain volume measures,False,Original,$ Millions,57242.0,A2305130X
1986-87,Gross fixed capital formation - New private business investment,Chain volume measures,True,Original,Percent,4.7,A2305128L
1986-87,Gross fixed capital formation - New private business investment,Current prices,False,Original,$ Millions,41633.0,A2305129R
1986-87,Gross fixed capital formation - New private business investment,Current prices,True,Original,Percent,13.7,A2305127K
1986-87,Gross national income,Current prices,False,Original,$ Millions,281500.0,A2304605X
1986-87,Hours worked,Index,False,Original,Index Numbers,54.4,A2304958F
1986-87,Hours worked,Index,True,Original,Percent,2.6,A2305015T
1986-87,Hours worked market sector,Index,False,Original,Index Numbers,59.8,A2305086A
1986-87,Hours worked market sector,Index,True,Original,Percent,1.8,A2305088F
1986-87,Hours worked non-market sector,Index,False,Original,Index Numbers,39.6,A130272187C
1986-87,Hours worked non-market sector,Index,True,Original,Percent,6.1,A130272184W
1986-87,Household saving ratio,Ratio,False,Original,proportion,8.7,A2323368K
1986-87,Households ; Final consumption expenditure - Discretionary consumption,Chain volume measures,False,Original,$ Millions,160122.0,A124830443X
1986-87,Households ; Final consumption expenditure - Discretionary consumption,Chain volume measures,True,Original,Percent,-1.9,A124830467T
1986-87,Households ; Final consumption expenditure - Discretionary consumption,Current prices,False,Original,$ Millions,72239.0,A124830453C
1986-87,Households ; Final consumption expenditure - Discretionary consumption,Current prices,True,Original,Percent,7.2,A124830477W
1986-87,Households ; Final consumption expenditure - Essential consumption,Chain volume measures,False,Original,$ Millions,289288.0,A124830442W
1986-87,Households ; Final consumption expenditure - Essential consumption,Chain volume measures,True,Original,Percent,5.4,A124830466R
1986-87,Households ; Final consumption expenditure - Essential consumption,Current prices,False,Original,$ Millions,89480.0,A124830452A
1986-87,Households ; Final consumption expenditure - Essential consumption,Current prices,True,Original,Percent,13.6,A124830476V
1986-87,Households ; Final consumption expenditure - Goods,Chain volume measures,False,Original,$ Millions,163504.0,A124830440T
1986-87,Households ; Final consumption expenditure - Goods,Chain volume measures,True,Original,Percent,-1.9,A124830464K
1986-87,Households ; Final consumption expenditure - Goods,Current prices,False,Original,$ Millions,76870.0,A124830450W
1986-87,Households ; Final consumption expenditure - Goods,Current prices,True,Original,Percent,6.9,A124830474R
1986-87,Households ; Final consumption expenditure - Services,Chain volume measures,False,Original,$ Millions,276878.0,A124830441V
1986-87,Households ; Final consumption expenditure - Services,Chain volume measures,True,Original,Percent,5.8,A124830465L
1986-87,Households ; Final consumption expenditure - Services,Current prices,False,Original,$ Millions,84849.0,A124830451X
1986-87,Households ; Final consumption expenditure - Services,Current prices,True,Original,Percent,14.3,A124830475T
1986-87,Imports of merchandise goods,Current prices,False,Original,$ Millions,37118.0,A2304889L
1986-87,Net domestic product,Chain volume measures,False,Original,$ Millions,794880.0,A2304773K
1986-87,Net domestic product,Chain volume measures,True,Original,Percent,2.0,A2304836J
1986-87,Net saving,Current prices,False,Original,$ Millions,15767.0,A2304633J
1986-87,Non-farm ; Gross domestic product,Chain volume measures,False,Original,$ Millions,867997.0,A2304754C
1986-87,Non-farm ; Gross domestic product,Chain volume measures,True,Original,Percent,2.4,A2304829K
1986-87,Non-farm ; Gross domestic product,Current prices,False,Original,$ Millions,275611.0,A2304616F
1986-87,Non-farm ; Gross domestic product,Current prices,True,Original,Percent,10.0,A2304656X
1986-87,Non-farm ; Gross domestic product,Implicit price deflators,False,Original,Index Numbers,31.8,A2304681A
1986-87,Non-farm ; Gross domestic product,Implicit price deflators,True,Original,Percent,7.4,A2304789C
1986-87,Non-farm ; Total compensation of employees,Current prices,False,Original,$ Millions,142507.0,A2304583W
1986-87,Non-farm ; Total compensation of employees,Current prices,True,Original,Percent,8.8,A2304645T
1986-87,Non-farm compensation of employees per hour,Current prices,False,Original,$,14.2,A129552317C
1986-87,Non-farm compensation of employees per hour,Current prices,True,Original,Percent,5.4,A129552319J
1986-87,Private ; Final demand,Chain volume measures,False,Original,$ Millions,561553.0,A124830437C
1986-87,Private ; Final demand,Chain volume measures,True,Original,Percent,1.6,A124830461C
1986-87,Private ; Final demand,Current prices,False,Original,$ Millions,218700.0,A124830439J
1986-87,Private ; Final demand,Current prices,True,Original,Percent,10.4,A124830463J
1986-87,Private non-farm inventory levels,Chain volume measures,False,Original,$ Millions,108038.0,A2305012K
1986-87,Private non-farm inventory levels - book values,Current prices,False,Original,$ Millions,48599.0,A2304619L
1986-87,Profits share of total factor income,Ratio,False,Original,Percent,22.8,A2304901T
1986-87,Public ; Final demand,Chain volume measures,False,Original,$ Millions,217248.0,A124830436A
1986-87,Public ; Final demand,Chain volume measures,True,Original,Percent,2.4,A124830460A
1986-87,Public ; Final demand,Current prices,False,Original,$ Millions,78465.0,A124830438F
1986-87,Public ; Final demand,Current prices,True,Original,Percent,8.8,A124830462F
1986-87,Real gross domestic income,Chain volume measures,False,Original,$ Millions,759065.0,A2304775R
1986-87,Real gross domestic income,Chain volume measures,True,Original,Percent,1.7,A2304838L
1986-87,Real gross national income,Chain volume measures,False,Original,$ Millions,739489.0,A2304735W
1986-87,Real gross national income,Chain volume measures,True,Original,Percent,1.6,A2304810K
1986-87,Real net national disposable income,Chain volume measures,False,Original,$ Millions,639741.0,A2304846L
1986-87,Real net national disposable income,Chain volume measures,True,Original,Percent,1.0,A2304851F
1986-87,Real net national disposable income per capita,Chain volume measures,False,Original,$,39640.0,A2305058T
1986-87,Real net national disposable income per capita,Chain volume measures,True,Original,Percent,-0.5,A2305076W
1986-87,Real unit of labour costs,Index,False,Original,Index Numbers,118.4,A2432926J
1986-87,Real unit of labour costs,Index,True,Original,Percent,-1.4,A2478946W
1986-87,Real unit of labour costs - Non-farm,Index,False,Original,Index Numbers,115.2,A2432927K
1986-87,Real unit of labour costs - Non-farm,Index,True,Original,Percent,-1.2,A2478947X
1986-87,Terms of trade,Index,False,Original,Index Numbers,44.6,A2304708R
1986-87,Terms of trade,Index,True,Original,Percent,-5.5,A2304802K
1986-87,Wages share of total factor income,Ratio,False,Original,Percent,55.9,A2304902V
1987-88,Average compensation per employee,Current prices,False,Original,$,25498.0,A2304854L
1987-88,Average compensation per employee,Current prices,True,Original,Percent,6.4,A2304907F
1987-88,Average non-farm compensation per employee,Current prices,False,Original,$,25584.0,A2304919R
1987-88,Average non-farm compensation per employee,Current prices,True,Original,Percent,6.4,A2304923F
1987-88,Compensation of employees per hour,Current prices,False,Original,$,14.7,A129552316A
1987-88,Compensation of employees per hour,Current prices,True,Original,Percent,6.6,A129552318F
1987-88,Domestic final demand,Index,False,Original,Index Numbers,39.6,A2304703C
1987-88,Domestic final demand,Index,True,Original,Percent,5.9,A2304797C
1987-88,Farm ; Gross domestic product,Chain volume measures,False,Original,$ Millions,19822.0,A2304753A
1987-88,Farm ; Gross domestic product,Chain volume measures,True,Original,Percent,-4.3,A2304828J
1987-88,Farm ; Gross domestic product,Current prices,False,Original,$ Millions,14126.0,A2304615C
1987-88,Farm ; Gross domestic product,Current prices,True,Original,Percent,27.2,A2304655W
1987-88,Farm ; Gross domestic product,Implicit price deflators,False,Original,Index Numbers,71.3,A2304680X
1987-88,Farm ; Gross domestic product,Implicit price deflators,True,Original,Percent,33.0,A2304788A
1987-88,GDP per capita,Chain volume measures,False,Original,$,57336.0,A2305001C
1987-88,GDP per capita,Chain volume measures,True,Original,Percent,4.1,A2305033W
1987-88,GDP per capita,Current prices,False,Original,$,19823.0,A2304887J
1987-88,GDP per hour worked,Index,False,Original,Index Numbers,62.6,A2304964A
1987-88,GDP per hour worked,Index,True,Original,Percent,2.7,A2305020K
1987-88,Gross domestic product,Chain volume measures,False,Original,$ Millions,940006.0,A2304755F
1987-88,Gross domestic product,Chain volume measures,True,Original,Percent,5.8,A2304830V
1987-88,Gross domestic product,Current prices,False,Original,$ Millions,324994.0,A2304617J
1987-88,Gross domestic product,Current prices,True,Original,Percent,13.4,A2304657A
1987-88,Gross domestic product,Index,False,Original,Index Numbers,34.0,A2304706K
1987-88,Gross domestic product,Index,True,Original,Percent,6.8,A2304800F
1987-88,Gross domestic product - Expenditure based,Chain volume measures,False,Original,$ Millions,946524.0,A2304843F
1987-88,Gross domestic product - Expenditure based,Chain volume measures,True,Original,Percent,4.9,A2304848T
1987-88,Gross domestic product - Income based,Chain volume measures,False,Original,$ Millions,948432.0,A2304844J
1987-88,Gross domestic product - Income based,Chain volume measures,True,Original,Percent,5.8,A2304849V
1987-88,Gross domestic product - Production based,Chain volume measures,False,Original,$ Millions,925063.0,A2304845K
1987-88,Gross domestic product - Production based,Chain volume measures,True,Original,Percent,6.5,A2304850C
1987-88,Gross fixed capital formation - New private business investment,Chain volume measures,False,Original,$ Millions,65960.0,A2305130X
1987-88,Gross fixed capital formation - New private business investment,Chain volume measures,True,Original,Percent,15.2,A2305128L
1987-88,Gross fixed capital formation - New private business investment,Current prices,False,Original,$ Millions,50203.0,A2305129R
1987-88,Gross fixed capital formation - New private business investment,Current prices,True,Original,Percent,20.6,A2305127K
1987-88,Gross national income,Current prices,False,Original,$ Millions,318964.0,A2304605X
1987-88,Hours worked,Index,False,Original,Index Numbers,56.0,A2304958F
1987-88,Hours worked,Index,True,Original,Percent,3.0,A2305015T
1987-88,Hours worked market sector,Index,False,Original,Index Numbers,61.8,A2305086A
1987-88,Hours worked market sector,Index,True,Original,Percent,3.3,A2305088F
1987-88,Hours worked non-market sector,Index,False,Original,Index Numbers,40.4,A130272187C
1987-88,Hours worked non-market sector,Index,True,Original,Percent,2.0,A130272184W
1987-88,Household saving ratio,Ratio,False,Original,proportion,7.7,A2323368K
1987-88,Households ; Final consumption expenditure - Discretionary consumption,Chain volume measures,False,Original,$ Millions,166148.0,A124830443X
1987-88,Households ; Final consumption expenditure - Discretionary consumption,Chain volume measures,True,Original,Percent,3.8,A124830467T
1987-88,Households ; Final consumption expenditure - Discretionary consumption,Current prices,False,Original,$ Millions,80185.0,A124830453C
1987-88,Households ; Final consumption expenditure - Discretionary consumption,Current prices,True,Original,Percent,11.0,A124830477W
1987-88,Households ; Final consumption expenditure - Essential consumption,Chain volume measures,False,Original,$ Millions,297317.0,A124830442W
1987-88,Households ; Final consumption expenditure - Essential consumption,Chain volume measures,True,Original,Percent,2.8,A124830466R
1987-88,Households ; Final consumption expenditure - Essential consumption,Current prices,False,Original,$ Millions,98510.0,A124830452A
1987-88,Households ; Final consumption expenditure - Essential consumption,Current prices,True,Original,Percent,10.1,A124830476V
1987-88,Households ; Final consumption expenditure - Goods,Chain volume measures,False,Original,$ Millions,167653.0,A124830440T
1987-88,Households ; Final consumption expenditure - Goods,Chain volume measures,True,Original,Percent,2.5,A124830464K
1987-88,Households ; Final consumption expenditure - Goods,Current prices,False,Original,$ Millions,83462.0,A124830450W
1987-88,Households ; Final consumption expenditure - Goods,Current prices,True,Original,Percent,8.6,A124830474R
1987-88,Households ; Final consumption expenditure - Services,Chain volume measures,False,Original,$ Millions,287488.0,A124830441V
1987-88,Households ; Final consumption expenditure - Services,Chain volume measures,True,Original,Percent,3.8,A124830465L
1987-88,Households ; Final consumption expenditure - Services,Current prices,False,Original,$ Millions,95233.0,A124830451X
1987-88,Households ; Final consumption expenditure - Services,Current prices,True,Original,Percent,12.2,A124830475T
1987-88,Imports of merchandise goods,Current prices,False,Original,$ Millions,40487.0,A2304889L
1987-88,Net domestic product,Chain volume measures,False,Original,$ Millions,841198.0,A2304773K
1987-88,Net domestic product,Chain volume measures,True,Original,Percent,5.8,A2304836J
1987-88,Net saving,Current prices,False,Original,$ Millions,26340.0,A2304633J
1987-88,Non-farm ; Gross domestic product,Chain volume measures,False,Original,$ Millions,921565.0,A2304754C
1987-88,Non-farm ; Gross domestic product,Chain volume measures,True,Original,Percent,6.2,A2304829K
1987-88,Non-farm ; Gross domestic product,Current prices,False,Original,$ Millions,310868.0,A2304616F
1987-88,Non-farm ; Gross domestic product,Current prices,True,Original,Percent,12.8,A2304656X
1987-88,Non-farm ; Gross domestic product,Implicit price deflators,False,Original,Index Numbers,33.7,A2304681A
1987-88,Non-farm ; Gross domestic product,Implicit price deflators,True,Original,Percent,6.2,A2304789C
1987-88,Non-farm ; Total compensation of employees,Current prices,False,Original,$ Millions,156596.0,A2304583W
1987-88,Non-farm ; Total compensation of employees,Current prices,True,Original,Percent,9.9,A2304645T
1987-88,Non-farm compensation of employees per hour,Current prices,False,Original,$,15.1,A129552317C
1987-88,Non-farm compensation of employees per hour,Current prices,True,Original,Percent,6.4,A129552319J
1987-88,Private ; Final demand,Chain volume measures,False,Original,$ Millions,596912.0,A124830437C
1987-88,Private ; Final demand,Chain volume measures,True,Original,Percent,6.3,A124830461C
1987-88,Private ; Final demand,Current prices,False,Original,$ Millions,247749.0,A124830439J
1987-88,Private ; Final demand,Current prices,True,Original,Percent,13.3,A124830463J
1987-88,Private non-farm inventory levels,Chain volume measures,False,Original,$ Millions,111940.0,A2305012K
1987-88,Private non-farm inventory levels - book values,Current prices,False,Original,$ Millions,53086.0,A2304619L
1987-88,Profits share of total factor income,Ratio,False,Original,Percent,24.7,A2304901T
1987-88,Public ; Final demand,Chain volume measures,False,Original,$ Millions,215891.0,A124830436A
1987-88,Public ; Final demand,Chain volume measures,True,Original,Percent,-0.6,A124830460A
1987-88,Public ; Final demand,Current prices,False,Original,$ Millions,80968.0,A124830438F
1987-88,Public ; Final demand,Current prices,True,Original,Percent,3.2,A124830462F
1987-88,Real gross domestic income,Chain volume measures,False,Original,$ Millions,813797.0,A2304775R
1987-88,Real gross domestic income,Chain volume measures,True,Original,Percent,7.2,A2304838L
1987-88,Real gross national income,Chain volume measures,False,Original,$ Millions,791915.0,A2304735W
1987-88,Real gross national income,Chain volume measures,True,Original,Percent,7.1,A2304810K
1987-88,Real net national disposable income,Chain volume measures,False,Original,$ Millions,687197.0,A2304846L
1987-88,Real net national disposable income,Chain volume measures,True,Original,Percent,7.4,A2304851F
1987-88,Real net national disposable income per capita,Chain volume measures,False,Original,$,41916.0,A2305058T
1987-88,Real net national disposable income per capita,Chain volume measures,True,Original,Percent,5.7,A2305076W
1987-88,Real unit of labour costs,Index,False,Original,Index Numbers,114.7,A2432926J
1987-88,Real unit of labour costs,Index,True,Original,Percent,-3.2,A2478946W
1987-88,Real unit of labour costs - Non-farm,Index,False,Original,Index Numbers,112.3,A2432927K
1987-88,Real unit of labour costs - Non-farm,Index,True,Original,Percent,-2.5,A2478947X
1987-88,Terms of trade,Index,False,Original,Index Numbers,48.4,A2304708R
1987-88,Terms of trade,Index,True,Original,Percent,8.7,A2304802K
1987-88,Wages share of total factor income,Ratio,False,Original,Percent,54.3,A2304902V
1988-89,Average compensation per employee,Current prices,False,Original,$,27343.0,A2304854L
1988-89,Average compensation per employee,Current prices,True,Original,Percent,7.2,A2304907F
1988-89,Average non-farm compensation per employee,Current prices,False,Original,$,27440.0,A2304919R
1988-89,Average non-farm compensation per employee,Current prices,True,Original,Percent,7.3,A2304923F
1988-89,Compensation of employees per hour,Current prices,False,Original,$,15.7,A129552316A
1988-89,Compensation of employees per hour,Current prices,True,Original,Percent,6.5,A129552318F
1988-89,Domestic final demand,Index,False,Original,Index Numbers,42.2,A2304703C
1988-89,Domestic final demand,Index,True,Original,Percent,6.4,A2304797C
1988-89,Farm ; Gross domestic product,Chain volume measures,False,Original,$ Millions,20474.0,A2304753A
1988-89,Farm ; Gross domestic product,Chain volume measures,True,Original,Percent,3.3,A2304828J
1988-89,Farm ; Gross domestic product,Current prices,False,Original,$ Millions,17373.0,A2304615C
1988-89,Farm ; Gross domestic product,Current prices,True,Original,Percent,23.0,A2304655W
1988-89,Farm ; Gross domestic product,Implicit price deflators,False,Original,Index Numbers,84.9,A2304680X
1988-89,Farm ; Gross domestic product,Implicit price deflators,True,Original,Percent,19.1,A2304788A
1988-89,GDP per capita,Chain volume measures,False,Original,$,58516.0,A2305001C
1988-89,GDP per capita,Chain volume measures,True,Original,Percent,2.1,A2305033W
1988-89,GDP per capita,Current prices,False,Original,$,22098.0,A2304887J
1988-89,GDP per hour worked,Index,False,Original,Index Numbers,62.4,A2304964A
1988-89,GDP per hour worked,Index,True,Original,Percent,-0.4,A2305020K
1988-89,Gross domestic product,Chain volume measures,False,Original,$ Millions,976469.0,A2304755F
1988-89,Gross domestic product,Chain volume measures,True,Original,Percent,3.9,A2304830V
1988-89,Gross domestic product,Current prices,False,Original,$ Millions,368757.0,A2304617J
1988-89,Gross domestic product,Current prices,True,Original,Percent,13.5,A2304657A
1988-89,Gross domestic product,Index,False,Original,Index Numbers,37.0,A2304706K
1988-89,Gross domestic product,Index,True,Original,Percent,8.8,A2304800F
1988-89,Gross domestic product - Expenditure based,Chain volume measures,False,Original,$ Millions,972436.0,A2304843F
1988-89,Gross domestic product - Expenditure based,Chain volume measures,True,Original,Percent,2.7,A2304848T
1988-89,Gross domestic product - Income based,Chain volume measures,False,Original,$ Millions,982776.0,A2304844J
1988-89,Gross domestic product - Income based,Chain volume measures,True,Original,Percent,3.6,A2304849V
1988-89,Gross domestic product - Production based,Chain volume measures,False,Original,$ Millions,974193.0,A2304845K
1988-89,Gross domestic product - Production based,Chain volume measures,True,Original,Percent,5.3,A2304850C
1988-89,Gross fixed capital formation - New private business investment,Chain volume measures,False,Original,$ Millions,73552.0,A2305130X
1988-89,Gross fixed capital formation - New private business investment,Chain volume measures,True,Original,Percent,11.5,A2305128L
1988-89,Gross fixed capital formation - New private business investment,Current prices,False,Original,$ Millions,57259.0,A2305129R
1988-89,Gross fixed capital formation - New private business investment,Current prices,True,Original,Percent,14.1,A2305127K
1988-89,Gross national income,Current prices,False,Original,$ Millions,358722.0,A2304605X
1988-89,Hours worked,Index,False,Original,Index Numbers,58.4,A2304958F
1988-89,Hours worked,Index,True,Original,Percent,4.3,A2305015T
1988-89,Hours worked market sector,Index,False,Original,Index Numbers,64.7,A2305086A
1988-89,Hours worked market sector,Index,True,Original,Percent,4.7,A2305088F
1988-89,Hours worked non-market sector,Index,False,Original,Index Numbers,41.4,A130272187C
1988-89,Hours worked non-market sector,Index,True,Original,Percent,2.4,A130272184W
1988-89,Household saving ratio,Ratio,False,Original,proportion,8.5,A2323368K
1988-89,Households ; Final consumption expenditure - Discretionary consumption,Chain volume measures,False,Original,$ Millions,175705.0,A124830443X
1988-89,Households ; Final consumption expenditure - Discretionary consumption,Chain volume measures,True,Original,Percent,5.8,A124830467T
1988-89,Households ; Final consumption expenditure - Discretionary consumption,Current prices,False,Original,$ Millions,89449.0,A124830453C
1988-89,Households ; Final consumption expenditure - Discretionary consumption,Current prices,True,Original,Percent,11.6,A124830477W
1988-89,Households ; Final consumption expenditure - Essential consumption,Chain volume measures,False,Original,$ Millions,308442.0,A124830442W
1988-89,Households ; Final consumption expenditure - Essential consumption,Chain volume measures,True,Original,Percent,3.7,A124830466R
1988-89,Households ; Final consumption expenditure - Essential consumption,Current prices,False,Original,$ Millions,109985.0,A124830452A
1988-89,Households ; Final consumption expenditure - Essential consumption,Current prices,True,Original,Percent,11.6,A124830476V
1988-89,Households ; Final consumption expenditure - Goods,Chain volume measures,False,Original,$ Millions,174122.0,A124830440T
1988-89,Households ; Final consumption expenditure - Goods,Chain volume measures,True,Original,Percent,3.9,A124830464K
1988-89,Households ; Final consumption expenditure - Goods,Current prices,False,Original,$ Millions,91390.0,A124830450W
1988-89,Households ; Final consumption expenditure - Goods,Current prices,True,Original,Percent,9.5,A124830474R
1988-89,Households ; Final consumption expenditure - Services,Chain volume measures,False,Original,$ Millions,302816.0,A124830441V
1988-89,Households ; Final consumption expenditure - Services,Chain volume measures,True,Original,Percent,5.3,A124830465L
1988-89,Households ; Final consumption expenditure - Services,Current prices,False,Original,$ Millions,108044.0,A124830451X
1988-89,Households ; Final consumption expenditure - Services,Current prices,True,Original,Percent,13.5,A124830475T
1988-89,Imports of merchandise goods,Current prices,False,Original,$ Millions,47049.0,A2304889L
1988-89,Net domestic product,Chain volume measures,False,Original,$ Millions,870869.0,A2304773K
1988-89,Net domestic product,Chain volume measures,True,Original,Percent,3.5,A2304836J
1988-89,Net saving,Current prices,False,Original,$ Millions,33805.0,A2304633J
1988-89,Non-farm ; Gross domestic product,Chain volume measures,False,Original,$ Millions,957517.0,A2304754C
1988-89,Non-farm ; Gross domestic product,Chain volume measures,True,Original,Percent,3.9,A2304829K
1988-89,Non-farm ; Gross domestic product,Current prices,False,Original,$ Millions,351384.0,A2304616F
1988-89,Non-farm ; Gross domestic product,Current prices,True,Original,Percent,13.0,A2304656X
1988-89,Non-farm ; Gross domestic product,Implicit price deflators,False,Original,Index Numbers,36.7,A2304681A
1988-89,Non-farm ; Gross domestic product,Implicit price deflators,True,Original,Percent,8.8,A2304789C
1988-89,Non-farm ; Total compensation of employees,Current prices,False,Original,$ Millions,174997.0,A2304583W
1988-89,Non-farm ; Total compensation of employees,Current prices,True,Original,Percent,11.8,A2304645T
1988-89,Non-farm compensation of employees per hour,Current prices,False,Original,$,16.1,A129552317C
1988-89,Non-farm compensation of employees per hour,Current prices,True,Original,Percent,6.5,A129552319J
1988-89,Private ; Final demand,Chain volume measures,False,Original,$ Millions,639632.0,A124830437C
1988-89,Private ; Final demand,Chain volume measures,True,Original,Percent,7.2,A124830461C
1988-89,Private ; Final demand,Current prices,False,Original,$ Millions,283239.0,A124830439J
1988-89,Private ; Final demand,Current prices,True,Original,Percent,14.3,A124830463J
1988-89,Private non-farm inventory levels,Chain volume measures,False,Original,$ Millions,117534.0,A2305012K
1988-89,Private non-farm inventory levels - book values,Current prices,False,Original,$ Millions,58061.0,A2304619L
1988-89,Profits share of total factor income,Ratio,False,Original,Percent,24.7,A2304901T
1988-89,Public ; Final demand,Chain volume measures,False,Original,$ Millions,221203.0,A124830436A
1988-89,Public ; Final demand,Chain volume measures,True,Original,Percent,2.5,A124830460A
1988-89,Public ; Final demand,Current prices,False,Original,$ Millions,87377.0,A124830438F
1988-89,Public ; Final demand,Current prices,True,Original,Percent,7.9,A124830462F
1988-89,Real gross domestic income,Chain volume measures,False,Original,$ Millions,864768.0,A2304775R
1988-89,Real gross domestic income,Chain volume measures,True,Original,Percent,6.3,A2304838L
1988-89,Real gross national income,Chain volume measures,False,Original,$ Millions,836106.0,A2304735W
1988-89,Real gross national income,Chain volume measures,True,Original,Percent,5.6,A2304810K
1988-89,Real net national disposable income,Chain volume measures,False,Original,$ Millions,725671.0,A2304846L
1988-89,Real net national disposable income,Chain volume measures,True,Original,Percent,5.6,A2304851F
1988-89,Real net national disposable income per capita,Chain volume measures,False,Original,$,43487.0,A2305058T
1988-89,Real net national disposable income per capita,Chain volume measures,True,Original,Percent,3.7,A2305076W
1988-89,Real unit of labour costs,Index,False,Original,Index Numbers,112.3,A2432926J
1988-89,Real unit of labour costs,Index,True,Original,Percent,-2.0,A2478946W
1988-89,Real unit of labour costs - Non-farm,Index,False,Original,Index Numbers,110.7,A2432927K
1988-89,Real unit of labour costs - Non-farm,Index,True,Original,Percent,-1.4,A2478947X
1988-89,Terms of trade,Index,False,Original,Index Numbers,55.6,A2304708R
1988-89,Terms of trade,Index,True,Original,Percent,14.8,A2304802K
1988-89,Wages share of total factor income,Ratio,False,Original,Percent,53.6,A2304902V
1989-90,Average compensation per employee,Current prices,False,Original,$,29402.0,A2304854L
1989-90,Average compensation per employee,Current prices,True,Original,Percent,7.5,A2304907F
1989-90,Average non-farm compensation per employee,Current prices,False,Original,$,29543.0,A2304919R
1989-90,Average non-farm compensation per employee,Current prices,True,Original,Percent,7.7,A2304923F
1989-90,Compensation of employees per hour,Current prices,False,Original,$,16.8,A129552316A
1989-90,Compensation of employees per hour,Current prices,True,Original,Percent,7.4,A129552318F
1989-90,Domestic final demand,Index,False,Original,Index Numbers,44.7,A2304703C
1989-90,Domestic final demand,Index,True,Original,Percent,6.1,A2304797C
1989-90,Farm ; Gross domestic product,Chain volume measures,False,Original,$ Millions,22382.0,A2304753A
1989-90,Farm ; Gross domestic product,Chain volume measures,True,Original,Percent,9.3,A2304828J
1989-90,Farm ; Gross domestic product,Current prices,False,Original,$ Millions,17537.0,A2304615C
1989-90,Farm ; Gross domestic product,Current prices,True,Original,Percent,0.9,A2304655W
1989-90,Farm ; Gross domestic product,Implicit price deflators,False,Original,Index Numbers,78.4,A2304680X
1989-90,Farm ; Gross domestic product,Implicit price deflators,True,Original,Percent,-7.7,A2304788A
1989-90,GDP per capita,Chain volume measures,False,Original,$,59714.0,A2305001C
1989-90,GDP per capita,Chain volume measures,True,Original,Percent,2.0,A2305033W
1989-90,GDP per capita,Current prices,False,Original,$,23927.0,A2304887J
1989-90,GDP per hour worked,Index,False,Original,Index Numbers,62.4,A2304964A
1989-90,GDP per hour worked,Index,True,Original,Percent,0.0,A2305020K
1989-90,Gross domestic product,Chain volume measures,False,Original,$ Millions,1011358.0,A2304755F
1989-90,Gross domestic product,Chain volume measures,True,Original,Percent,3.6,A2304830V
1989-90,Gross domestic product,Current prices,False,Original,$ Millions,405241.0,A2304617J
1989-90,Gross domestic product,Current prices,True,Original,Percent,9.9,A2304657A
1989-90,Gross domestic product,Index,False,Original,Index Numbers,39.4,A2304706K
1989-90,Gross domestic product,Index,True,Original,Percent,6.5,A2304800F
1989-90,Gross domestic product - Expenditure based,Chain volume measures,False,Original,$ Millions,1004710.0,A2304843F
1989-90,Gross domestic product - Expenditure based,Chain volume measures,True,Original,Percent,3.3,A2304848T
1989-90,Gross domestic product - Income based,Chain volume measures,False,Original,$ Millions,1016276.0,A2304844J
1989-90,Gross domestic product - Income based,Chain volume measures,True,Original,Percent,3.4,A2304849V
1989-90,Gross domestic product - Production based,Chain volume measures,False,Original,$ Millions,1013088.0,A2304845K
1989-90,Gross domestic product - Production based,Chain volume measures,True,Original,Percent,4.0,A2304850C
1989-90,Gross fixed capital formation - New private business investment,Chain volume measures,False,Original,$ Millions,74649.0,A2305130X
1989-90,Gross fixed capital formation - New private business investment,Chain volume measures,True,Original,Percent,1.5,A2305128L
1989-90,Gross fixed capital formation - New private business investment,Current prices,False,Original,$ Millions,59706.0,A2305129R
1989-90,Gross fixed capital formation - New private business investment,Current prices,True,Original,Percent,4.3,A2305127K
1989-90,Gross national income,Current prices,False,Original,$ Millions,391142.0,A2304605X
1989-90,Hours worked,Index,False,Original,Index Numbers,60.5,A2304958F
1989-90,Hours worked,Index,True,Original,Percent,3.6,A2305015T
1989-90,Hours worked market sector,Index,False,Original,Index Numbers,66.9,A2305086A
1989-90,Hours worked market sector,Index,True,Original,Percent,3.3,A2305088F
1989-90,Hours worked non-market sector,Index,False,Original,Index Numbers,43.2,A130272187C
1989-90,Hours worked non-market sector,Index,True,Original,Percent,4.5,A130272184W
1989-90,Household saving ratio,Ratio,False,Original,proportion,8.5,A2323368K
1989-90,Households ; Final consumption expenditure - Discretionary consumption,Chain volume measures,False,Original,$ Millions,184238.0,A124830443X
1989-90,Households ; Final consumption expenditure - Discretionary consumption,Chain volume measures,True,Original,Percent,4.9,A124830467T
1989-90,Households ; Final consumption expenditure - Discretionary consumption,Current prices,False,Original,$ Millions,98938.0,A124830453C
1989-90,Households ; Final consumption expenditure - Discretionary consumption,Current prices,True,Original,Percent,10.6,A124830477W
1989-90,Households ; Final consumption expenditure - Essential consumption,Chain volume measures,False,Original,$ Millions,320440.0,A124830442W
1989-90,Households ; Final consumption expenditure - Essential consumption,Chain volume measures,True,Original,Percent,3.9,A124830466R
1989-90,Households ; Final consumption expenditure - Essential consumption,Current prices,False,Original,$ Millions,122897.0,A124830452A
1989-90,Households ; Final consumption expenditure - Essential consumption,Current prices,True,Original,Percent,11.7,A124830476V
1989-90,Households ; Final consumption expenditure - Goods,Chain volume measures,False,Original,$ Millions,181950.0,A124830440T
1989-90,Households ; Final consumption expenditure - Goods,Chain volume measures,True,Original,Percent,4.5,A124830464K
1989-90,Households ; Final consumption expenditure - Goods,Current prices,False,Original,$ Millions,100977.0,A124830450W
1989-90,Households ; Final consumption expenditure - Goods,Current prices,True,Original,Percent,10.5,A124830474R
1989-90,Households ; Final consumption expenditure - Services,Chain volume measures,False,Original,$ Millions,315467.0,A124830441V
1989-90,Households ; Final consumption expenditure - Services,Chain volume measures,True,Original,Percent,4.2,A124830465L
1989-90,Households ; Final consumption expenditure - Services,Current prices,False,Original,$ Millions,120858.0,A124830451X
1989-90,Households ; Final consumption expenditure - Services,Current prices,True,Original,Percent,11.9,A124830475T
1989-90,Imports of merchandise goods,Current prices,False,Original,$ Millions,50961.0,A2304889L
1989-90,Net domestic product,Chain volume measures,False,Original,$ Millions,898014.0,A2304773K
1989-90,Net domestic product,Chain volume measures,True,Original,Percent,3.1,A2304836J
1989-90,Net saving,Current prices,False,Original,$ Millions,31710.0,A2304633J
1989-90,Non-farm ; Gross domestic product,Chain volume measures,False,Original,$ Millions,989107.0,A2304754C
1989-90,Non-farm ; Gross domestic product,Chain volume measures,True,Original,Percent,3.3,A2304829K
1989-90,Non-farm ; Gross domestic product,Current prices,False,Original,$ Millions,387704.0,A2304616F
1989-90,Non-farm ; Gross domestic product,Current prices,True,Original,Percent,10.3,A2304656X
1989-90,Non-farm ; Gross domestic product,Implicit price deflators,False,Original,Index Numbers,39.2,A2304681A
1989-90,Non-farm ; Gross domestic product,Implicit price deflators,True,Original,Percent,6.8,A2304789C
1989-90,Non-farm ; Total compensation of employees,Current prices,False,Original,$ Millions,196445.0,A2304583W
1989-90,Non-farm ; Total compensation of employees,Current prices,True,Original,Percent,12.3,A2304645T
1989-90,Non-farm compensation of employees per hour,Current prices,False,Original,$,17.3,A129552317C
1989-90,Non-farm compensation of employees per hour,Current prices,True,Original,Percent,7.3,A129552319J
1989-90,Private ; Final demand,Chain volume measures,False,Original,$ Millions,653925.0,A124830437C
1989-90,Private ; Final demand,Chain volume measures,True,Original,Percent,2.2,A124830461C
1989-90,Private ; Final demand,Current prices,False,Original,$ Millions,307298.0,A124830439J
1989-90,Private ; Final demand,Current prices,True,Original,Percent,8.5,A124830463J
1989-90,Private non-farm inventory levels,Chain volume measures,False,Original,$ Millions,121567.0,A2305012K
1989-90,Private non-farm inventory levels - book values,Current prices,False,Original,$ Millions,63411.0,A2304619L
1989-90,Profits share of total factor income,Ratio,False,Original,Percent,23.7,A2304901T
1989-90,Public ; Final demand,Chain volume measures,False,Original,$ Millions,233829.0,A124830436A
1989-90,Public ; Final demand,Chain volume measures,True,Original,Percent,5.7,A124830460A
1989-90,Public ; Final demand,Current prices,False,Original,$ Millions,97872.0,A124830438F
1989-90,Public ; Final demand,Current prices,True,Original,Percent,12.0,A124830462F
1989-90,Real gross domestic income,Chain volume measures,False,Original,$ Millions,896144.0,A2304775R
1989-90,Real gross domestic income,Chain volume measures,True,Original,Percent,3.6,A2304838L
1989-90,Real gross national income,Chain volume measures,False,Original,$ Millions,861068.0,A2304735W
1989-90,Real gross national income,Chain volume measures,True,Original,Percent,3.0,A2304810K
1989-90,Real net national disposable income,Chain volume measures,False,Original,$ Millions,742593.0,A2304846L
1989-90,Real net national disposable income,Chain volume measures,True,Original,Percent,2.3,A2304851F
1989-90,Real net national disposable income per capita,Chain volume measures,False,Original,$,43845.0,A2305058T
1989-90,Real net national disposable income per capita,Chain volume measures,True,Original,Percent,0.8,A2305076W
1989-90,Real unit of labour costs,Index,False,Original,Index Numbers,113.7,A2432926J
1989-90,Real unit of labour costs,Index,True,Original,Percent,1.2,A2478946W
1989-90,Real unit of labour costs - Non-farm,Index,False,Original,Index Numbers,112.1,A2432927K
1989-90,Real unit of labour costs - Non-farm,Index,True,Original,Percent,1.2,A2478947X
1989-90,Terms of trade,Index,False,Original,Index Numbers,55.8,A2304708R
1989-90,Terms of trade,Index,True,Original,Percent,0.4,A2304802K
1989-90,Wages share of total factor income,Ratio,False,Original,Percent,54.7,A2304902V
1990-91,Average compensation per employee,Current prices,False,Original,$,30932.0,A2304854L
1990-91,Average compensation per employee,Current prices,True,Original,Percent,5.2,A2304907F
1990-91,Average non-farm compensation per employee,Current prices,False,Original,$,31123.0,A2304919R
1990-91,Average non-farm compensation per employee,Current prices,True,Original,Percent,5.3,A2304923F
1990-91,Compensation of employees per hour,Current prices,False,Original,$,17.9,A129552316A
1990-91,Compensation of employees per hour,Current prices,True,Original,Percent,6.2,A129552318F
1990-91,Domestic final demand,Index,False,Original,Index Numbers,46.6,A2304703C
1990-91,Domestic final demand,Index,True,Original,Percent,4.1,A2304797C
1990-91,Farm ; Gross domestic product,Chain volume measures,False,Original,$ Millions,23764.0,A2304753A
1990-91,Farm ; Gross domestic product,Chain volume measures,True,Original,Percent,6.2,A2304828J
1990-91,Farm ; Gross domestic product,Current prices,False,Original,$ Millions,13113.0,A2304615C
1990-91,Farm ; Gross domestic product,Current prices,True,Original,Percent,-25.2,A2304655W
1990-91,Farm ; Gross domestic product,Implicit price deflators,False,Original,Index Numbers,55.2,A2304680X
1990-91,Farm ; Gross domestic product,Implicit price deflators,True,Original,Percent,-29.6,A2304788A
1990-91,GDP per capita,Chain volume measures,False,Original,$,58677.0,A2305001C
1990-91,GDP per capita,Chain volume measures,True,Original,Percent,-1.7,A2305033W
1990-91,GDP per capita,Current prices,False,Original,$,24222.0,A2304887J
1990-91,GDP per hour worked,Index,False,Original,Index Numbers,63.2,A2304964A
1990-91,GDP per hour worked,Index,True,Original,Percent,1.4,A2305020K
1990-91,Gross domestic product,Chain volume measures,False,Original,$ Millions,1007468.0,A2304755F
1990-91,Gross domestic product,Chain volume measures,True,Original,Percent,-0.4,A2304830V
1990-91,Gross domestic product,Current prices,False,Original,$ Millions,415894.0,A2304617J
1990-91,Gross domestic product,Current prices,True,Original,Percent,2.6,A2304657A
1990-91,Gross domestic product,Index,False,Original,Index Numbers,40.7,A2304706K
1990-91,Gross domestic product,Index,True,Original,Percent,3.5,A2304800F
1990-91,Gross domestic product - Expenditure based,Chain volume measures,False,Original,$ Millions,1001433.0,A2304843F
1990-91,Gross domestic product - Expenditure based,Chain volume measures,True,Original,Percent,-0.3,A2304848T
1990-91,Gross domestic product - Income based,Chain volume measures,False,Original,$ Millions,1007640.0,A2304844J
1990-91,Gross domestic product - Income based,Chain volume measures,True,Original,Percent,-0.8,A2304849V
1990-91,Gross domestic product - Production based,Chain volume measures,False,Original,$ Millions,1013332.0,A2304845K
1990-91,Gross domestic product - Production based,Chain volume measures,True,Original,Percent,0.0,A2304850C
1990-91,Gross fixed capital formation - New private business investment,Chain volume measures,False,Original,$ Millions,64492.0,A2305130X
1990-91,Gross fixed capital formation - New private business investment,Chain volume measures,True,Original,Percent,-13.6,A2305128L
1990-91,Gross fixed capital formation - New private business investment,Current prices,False,Original,$ Millions,51662.0,A2305129R
1990-91,Gross fixed capital formation - New private business investment,Current prices,True,Original,Percent,-13.5,A2305127K
1990-91,Gross national income,Current prices,False,Original,$ Millions,399204.0,A2304605X
1990-91,Hours worked,Index,False,Original,Index Numbers,59.5,A2304958F
1990-91,Hours worked,Index,True,Original,Percent,-1.7,A2305015T
1990-91,Hours worked market sector,Index,False,Original,Index Numbers,65.0,A2305086A
1990-91,Hours worked market sector,Index,True,Original,Percent,-2.8,A2305088F
1990-91,Hours worked non-market sector,Index,False,Original,Index Numbers,44.4,A130272187C
1990-91,Hours worked non-market sector,Index,True,Original,Percent,2.8,A130272184W
1990-91,Household saving ratio,Ratio,False,Original,proportion,7.4,A2323368K
1990-91,Households ; Final consumption expenditure - Discretionary consumption,Chain volume measures,False,Original,$ Millions,182408.0,A124830443X
1990-91,Households ; Final consumption expenditure - Discretionary consumption,Chain volume measures,True,Original,Percent,-1.0,A124830467T
1990-91,Households ; Final consumption expenditure - Discretionary consumption,Current prices,False,Original,$ Millions,102637.0,A124830453C
1990-91,Households ; Final consumption expenditure - Discretionary consumption,Current prices,True,Original,Percent,3.7,A124830477W
1990-91,Households ; Final consumption expenditure - Essential consumption,Chain volume measures,False,Original,$ Millions,328696.0,A124830442W
1990-91,Households ; Final consumption expenditure - Essential consumption,Chain volume measures,True,Original,Percent,2.6,A124830466R
1990-91,Households ; Final consumption expenditure - Essential consumption,Current prices,False,Original,$ Millions,133341.0,A124830452A
1990-91,Households ; Final consumption expenditure - Essential consumption,Current prices,True,Original,Percent,8.5,A124830476V
1990-91,Households ; Final consumption expenditure - Goods,Chain volume measures,False,Original,$ Millions,180011.0,A124830440T
1990-91,Households ; Final consumption expenditure - Goods,Chain volume measures,True,Original,Percent,-1.1,A124830464K
1990-91,Households ; Final consumption expenditure - Goods,Current prices,False,Original,$ Millions,104482.0,A124830450W
1990-91,Households ; Final consumption expenditure - Goods,Current prices,True,Original,Percent,3.5,A124830474R
1990-91,Households ; Final consumption expenditure - Services,Chain volume measures,False,Original,$ Millions,323976.0,A124830441V
1990-91,Households ; Final consumption expenditure - Services,Chain volume measures,True,Original,Percent,2.7,A124830465L
1990-91,Households ; Final consumption expenditure - Services,Current prices,False,Original,$ Millions,131496.0,A124830451X
1990-91,Households ; Final consumption expenditure - Services,Current prices,True,Original,Percent,8.8,A124830475T
1990-91,Imports of merchandise goods,Current prices,False,Original,$ Millions,49001.0,A2304889L
1990-91,Net domestic product,Chain volume measures,False,Original,$ Millions,884648.0,A2304773K
1990-91,Net domestic product,Chain volume measures,True,Original,Percent,-1.5,A2304836J
1990-91,Net saving,Current prices,False,Original,$ Millions,16167.0,A2304633J
1990-91,Non-farm ; Gross domestic product,Chain volume measures,False,Original,$ Millions,982546.0,A2304754C
1990-91,Non-farm ; Gross domestic product,Chain volume measures,True,Original,Percent,-0.7,A2304829K
1990-91,Non-farm ; Gross domestic product,Current prices,False,Original,$ Millions,402782.0,A2304616F
1990-91,Non-farm ; Gross domestic product,Current prices,True,Original,Percent,3.9,A2304656X
1990-91,Non-farm ; Gross domestic product,Implicit price deflators,False,Original,Index Numbers,41.0,A2304681A
1990-91,Non-farm ; Gross domestic product,Implicit price deflators,True,Original,Percent,4.6,A2304789C
1990-91,Non-farm ; Total compensation of employees,Current prices,False,Original,$ Millions,204557.0,A2304583W
1990-91,Non-farm ; Total compensation of employees,Current prices,True,Original,Percent,4.1,A2304645T
1990-91,Non-farm compensation of employees per hour,Current prices,False,Original,$,18.4,A129552317C
1990-91,Non-farm compensation of employees per hour,Current prices,True,Original,Percent,6.3,A129552319J
1990-91,Private ; Final demand,Chain volume measures,False,Original,$ Millions,638195.0,A124830437C
1990-91,Private ; Final demand,Chain volume measures,True,Original,Percent,-2.4,A124830461C
1990-91,Private ; Final demand,Current prices,False,Original,$ Millions,312000.0,A124830439J
1990-91,Private ; Final demand,Current prices,True,Original,Percent,1.5,A124830463J
1990-91,Private non-farm inventory levels,Chain volume measures,False,Original,$ Millions,116857.0,A2305012K
1990-91,Private non-farm inventory levels - book values,Current prices,False,Original,$ Millions,62779.0,A2304619L
1990-91,Profits share of total factor income,Ratio,False,Original,Percent,22.6,A2304901T
1990-91,Public ; Final demand,Chain volume measures,False,Original,$ Millions,236820.0,A124830436A
1990-91,Public ; Final demand,Chain volume measures,True,Original,Percent,1.3,A124830460A
1990-91,Public ; Final demand,Current prices,False,Original,$ Millions,103400.0,A124830438F
1990-91,Public ; Final demand,Current prices,True,Original,Percent,5.6,A124830462F
1990-91,Real gross domestic income,Chain volume measures,False,Original,$ Millions,884790.0,A2304775R
1990-91,Real gross domestic income,Chain volume measures,True,Original,Percent,-1.3,A2304838L
1990-91,Real gross national income,Chain volume measures,False,Original,$ Millions,849588.0,A2304735W
1990-91,Real gross national income,Chain volume measures,True,Original,Percent,-1.3,A2304810K
1990-91,Real net national disposable income,Chain volume measures,False,Original,$ Millions,722925.0,A2304846L
1990-91,Real net national disposable income,Chain volume measures,True,Original,Percent,-2.6,A2304851F
1990-91,Real net national disposable income per capita,Chain volume measures,False,Original,$,42105.0,A2305058T
1990-91,Real net national disposable income per capita,Chain volume measures,True,Original,Percent,-4.0,A2305076W
1990-91,Real unit of labour costs,Index,False,Original,Index Numbers,115.9,A2432926J
1990-91,Real unit of labour costs,Index,True,Original,Percent,2.0,A2478946W
1990-91,Real unit of labour costs - Non-farm,Index,False,Original,Index Numbers,112.8,A2432927K
1990-91,Real unit of labour costs - Non-farm,Index,True,Original,Percent,0.7,A2478947X
1990-91,Terms of trade,Index,False,Original,Index Numbers,52.8,A2304708R
1990-91,Terms of trade,Index,True,Original,Percent,-5.3,A2304802K
1990-91,Wages share of total factor income,Ratio,False,Original,Percent,55.6,A2304902V
1991-92,Average compensation per employee,Current prices,False,Original,$,32123.0,A2304854L
1991-92,Average compensation per employee,Current prices,True,Original,Percent,3.9,A2304907F
1991-92,Average non-farm compensation per employee,Current prices,False,Original,$,32303.0,A2304919R
1991-92,Average non-farm compensation per employee,Current prices,True,Original,Percent,3.8,A2304923F
1991-92,Compensation of employees per hour,Current prices,False,Original,$,18.6,A129552316A
1991-92,Compensation of employees per hour,Current prices,True,Original,Percent,4.1,A129552318F
1991-92,Domestic final demand,Index,False,Original,Index Numbers,47.6,A2304703C
1991-92,Domestic final demand,Index,True,Original,Percent,2.0,A2304797C
1991-92,Farm ; Gross domestic product,Chain volume measures,False,Original,$ Millions,22503.0,A2304753A
1991-92,Farm ; Gross domestic product,Chain volume measures,True,Original,Percent,-5.3,A2304828J
1991-92,Farm ; Gross domestic product,Current prices,False,Original,$ Millions,11668.0,A2304615C
1991-92,Farm ; Gross domestic product,Current prices,True,Original,Percent,-11.0,A2304655W
1991-92,Farm ; Gross domestic product,Implicit price deflators,False,Original,Index Numbers,51.9,A2304680X
1991-92,Farm ; Gross domestic product,Implicit price deflators,True,Original,Percent,-6.0,A2304788A
1991-92,GDP per capita,Chain volume measures,False,Original,$,58222.0,A2305001C
1991-92,GDP per capita,Chain volume measures,True,Original,Percent,-0.8,A2305033W
1991-92,GDP per capita,Current prices,False,Original,$,24390.0,A2304887J
1991-92,GDP per hour worked,Index,False,Original,Index Numbers,64.8,A2304964A
1991-92,GDP per hour worked,Index,True,Original,Percent,2.6,A2305020K
1991-92,Gross domestic product,Chain volume measures,False,Original,$ Millions,1011831.0,A2304755F
1991-92,Gross domestic product,Chain volume measures,True,Original,Percent,0.4,A2304830V
1991-92,Gross domestic product,Current prices,False,Original,$ Millions,423875.0,A2304617J
1991-92,Gross domestic product,Current prices,True,Original,Percent,1.9,A2304657A
1991-92,Gross domestic product,Index,False,Original,Index Numbers,41.4,A2304706K
1991-92,Gross domestic product,Index,True,Original,Percent,1.6,A2304800F
1991-92,Gross domestic product - Expenditure based,Chain volume measures,False,Original,$ Millions,1017083.0,A2304843F
1991-92,Gross domestic product - Expenditure based,Chain volume measures,True,Original,Percent,1.6,A2304848T
1991-92,Gross domestic product - Income based,Chain volume measures,False,Original,$ Millions,1006985.0,A2304844J
1991-92,Gross domestic product - Income based,Chain volume measures,True,Original,Percent,-0.1,A2304849V
1991-92,Gross domestic product - Production based,Chain volume measures,False,Original,$ Millions,1011423.0,A2304845K
1991-92,Gross domestic product - Production based,Chain volume measures,True,Original,Percent,-0.2,A2304850C
1991-92,Gross fixed capital formation - New private business investment,Chain volume measures,False,Original,$ Millions,58235.0,A2305130X
1991-92,Gross fixed capital formation - New private business investment,Chain volume measures,True,Original,Percent,-9.7,A2305128L
1991-92,Gross fixed capital formation - New private business investment,Current prices,False,Original,$ Millions,45861.0,A2305129R
1991-92,Gross fixed capital formation - New private business investment,Current prices,True,Original,Percent,-11.2,A2305127K
1991-92,Gross national income,Current prices,False,Original,$ Millions,407554.0,A2304605X
1991-92,Hours worked,Index,False,Original,Index Numbers,58.2,A2304958F
1991-92,Hours worked,Index,True,Original,Percent,-2.1,A2305015T
1991-92,Hours worked market sector,Index,False,Original,Index Numbers,63.1,A2305086A
1991-92,Hours worked market sector,Index,True,Original,Percent,-2.9,A2305088F
1991-92,Hours worked non-market sector,Index,False,Original,Index Numbers,45.0,A130272187C
1991-92,Hours worked non-market sector,Index,True,Original,Percent,1.1,A130272184W
1991-92,Household saving ratio,Ratio,False,Original,proportion,5.6,A2323368K
1991-92,Households ; Final consumption expenditure - Discretionary consumption,Chain volume measures,False,Original,$ Millions,186872.0,A124830443X
1991-92,Households ; Final consumption expenditure - Discretionary consumption,Chain volume measures,True,Original,Percent,2.4,A124830467T
1991-92,Households ; Final consumption expenditure - Discretionary consumption,Current prices,False,Original,$ Millions,107814.0,A124830453C
1991-92,Households ; Final consumption expenditure - Discretionary consumption,Current prices,True,Original,Percent,5.0,A124830477W
1991-92,Households ; Final consumption expenditure - Essential consumption,Chain volume measures,False,Original,$ Millions,336311.0,A124830442W
1991-92,Households ; Final consumption expenditure - Essential consumption,Chain volume measures,True,Original,Percent,2.3,A124830466R
1991-92,Households ; Final consumption expenditure - Essential consumption,Current prices,False,Original,$ Millions,140002.0,A124830452A
1991-92,Households ; Final consumption expenditure - Essential consumption,Current prices,True,Original,Percent,5.0,A124830476V
1991-92,Households ; Final consumption expenditure - Goods,Chain volume measures,False,Original,$ Millions,182914.0,A124830440T
1991-92,Households ; Final consumption expenditure - Goods,Chain volume measures,True,Original,Percent,1.6,A124830464K
1991-92,Households ; Final consumption expenditure - Goods,Current prices,False,Original,$ Millions,108748.0,A124830450W
1991-92,Households ; Final consumption expenditure - Goods,Current prices,True,Original,Percent,4.1,A124830474R
1991-92,Households ; Final consumption expenditure - Services,Chain volume measures,False,Original,$ Millions,333623.0,A124830441V
1991-92,Households ; Final consumption expenditure - Services,Chain volume measures,True,Original,Percent,3.0,A124830465L
1991-92,Households ; Final consumption expenditure - Services,Current prices,False,Original,$ Millions,139068.0,A124830451X
1991-92,Households ; Final consumption expenditure - Services,Current prices,True,Original,Percent,5.8,A124830475T
1991-92,Imports of merchandise goods,Current prices,False,Original,$ Millions,50377.0,A2304889L
1991-92,Net domestic product,Chain volume measures,False,Original,$ Millions,881956.0,A2304773K
1991-92,Net domestic product,Chain volume measures,True,Original,Percent,-0.3,A2304836J
1991-92,Net saving,Current prices,False,Original,$ Millions,4908.0,A2304633J
1991-92,Non-farm ; Gross domestic product,Chain volume measures,False,Original,$ Millions,988733.0,A2304754C
1991-92,Non-farm ; Gross domestic product,Chain volume measures,True,Original,Percent,0.6,A2304829K
1991-92,Non-farm ; Gross domestic product,Current prices,False,Original,$ Millions,412207.0,A2304616F
1991-92,Non-farm ; Gross domestic product,Current prices,True,Original,Percent,2.3,A2304656X
1991-92,Non-farm ; Gross domestic product,Implicit price deflators,False,Original,Index Numbers,41.7,A2304681A
1991-92,Non-farm ; Gross domestic product,Implicit price deflators,True,Original,Percent,1.7,A2304789C
1991-92,Non-farm ; Total compensation of employees,Current prices,False,Original,$ Millions,207550.0,A2304583W
1991-92,Non-farm ; Total compensation of employees,Current prices,True,Original,Percent,1.5,A2304645T
1991-92,Non-farm compensation of employees per hour,Current prices,False,Original,$,19.1,A129552317C
1991-92,Non-farm compensation of employees per hour,Current prices,True,Original,Percent,3.8,A129552319J
1991-92,Private ; Final demand,Chain volume measures,False,Original,$ Millions,640707.0,A124830437C
1991-92,Private ; Final demand,Chain volume measures,True,Original,Percent,0.4,A124830461C
1991-92,Private ; Final demand,Current prices,False,Original,$ Millions,318481.0,A124830439J
1991-92,Private ; Final demand,Current prices,True,Original,Percent,2.1,A124830463J
1991-92,Private non-farm inventory levels,Chain volume measures,False,Original,$ Millions,113054.0,A2305012K
1991-92,Private non-farm inventory levels - book values,Current prices,False,Original,$ Millions,61628.0,A2304619L
1991-92,Profits share of total factor income,Ratio,False,Original,Percent,23.4,A2304901T
1991-92,Public ; Final demand,Chain volume measures,False,Original,$ Millions,242012.0,A124830436A
1991-92,Public ; Final demand,Chain volume measures,True,Original,Percent,2.2,A124830460A
1991-92,Public ; Final demand,Current prices,False,Original,$ Millions,108529.0,A124830438F
1991-92,Public ; Final demand,Current prices,True,Original,Percent,5.0,A124830462F
1991-92,Real gross domestic income,Chain volume measures,False,Original,$ Millions,883849.0,A2304775R
1991-92,Real gross domestic income,Chain volume measures,True,Original,Percent,-0.1,A2304838L
1991-92,Real gross national income,Chain volume measures,False,Original,$ Millions,854510.0,A2304735W
1991-92,Real gross national income,Chain volume measures,True,Original,Percent,0.6,A2304810K
1991-92,Real net national disposable income,Chain volume measures,False,Original,$ Millions,720830.0,A2304846L
1991-92,Real net national disposable income,Chain volume measures,True,Original,Percent,-0.3,A2304851F
1991-92,Real net national disposable income per capita,Chain volume measures,False,Original,$,41477.0,A2305058T
1991-92,Real net national disposable income per capita,Chain volume measures,True,Original,Percent,-1.5,A2305076W
1991-92,Real unit of labour costs,Index,False,Original,Index Numbers,115.8,A2432926J
1991-92,Real unit of labour costs,Index,True,Original,Percent,-0.1,A2478946W
1991-92,Real unit of labour costs - Non-farm,Index,False,Original,Index Numbers,112.6,A2432927K
1991-92,Real unit of labour costs - Non-farm,Index,True,Original,Percent,-0.2,A2478947X
1991-92,Terms of trade,Index,False,Original,Index Numbers,51.2,A2304708R
1991-92,Terms of trade,Index,True,Original,Percent,-3.1,A2304802K
1991-92,Wages share of total factor income,Ratio,False,Original,Percent,55.4,A2304902V
1992-93,Average compensation per employee,Current prices,False,Original,$,33480.0,A2304854L
1992-93,Average compensation per employee,Current prices,True,Original,Percent,4.2,A2304907F
1992-93,Average non-farm compensation per employee,Current prices,False,Original,$,33631.0,A2304919R
1992-93,Average non-farm compensation per employee,Current prices,True,Original,Percent,4.1,A2304923F
1992-93,Compensation of employees per hour,Current prices,False,Original,$,19.4,A129552316A
1992-93,Compensation of employees per hour,Current prices,True,Original,Percent,4.0,A129552318F
1992-93,Domestic final demand,Index,False,Original,Index Numbers,48.4,A2304703C
1992-93,Domestic final demand,Index,True,Original,Percent,1.7,A2304797C
1992-93,Farm ; Gross domestic product,Chain volume measures,False,Original,$ Millions,24216.0,A2304753A
1992-93,Farm ; Gross domestic product,Chain volume measures,True,Original,Percent,7.6,A2304828J
1992-93,Farm ; Gross domestic product,Current prices,False,Original,$ Millions,13076.0,A2304615C
1992-93,Farm ; Gross domestic product,Current prices,True,Original,Percent,12.1,A2304655W
1992-93,Farm ; Gross domestic product,Implicit price deflators,False,Original,Index Numbers,54.0,A2304680X
1992-93,Farm ; Gross domestic product,Implicit price deflators,True,Original,Percent,4.1,A2304788A
1992-93,GDP per capita,Chain volume measures,False,Original,$,59962.0,A2305001C
1992-93,GDP per capita,Chain volume measures,True,Original,Percent,3.0,A2305033W
1992-93,GDP per capita,Current prices,False,Original,$,25337.0,A2304887J
1992-93,GDP per hour worked,Index,False,Original,Index Numbers,67.4,A2304964A
1992-93,GDP per hour worked,Index,True,Original,Percent,3.9,A2305020K
1992-93,Gross domestic product,Chain volume measures,False,Original,$ Millions,1052768.0,A2304755F
1992-93,Gross domestic product,Chain volume measures,True,Original,Percent,4.0,A2304830V
1992-93,Gross domestic product,Current prices,False,Original,$ Millions,444848.0,A2304617J
1992-93,Gross domestic product,Current prices,True,Original,Percent,4.9,A2304657A
1992-93,Gross domestic product,Index,False,Original,Index Numbers,41.8,A2304706K
1992-93,Gross domestic product,Index,True,Original,Percent,0.9,A2304800F
1992-93,Gross domestic product - Expenditure based,Chain volume measures,False,Original,$ Millions,1056777.0,A2304843F
1992-93,Gross domestic product - Expenditure based,Chain volume measures,True,Original,Percent,3.9,A2304848T
1992-93,Gross domestic product - Income based,Chain volume measures,False,Original,$ Millions,1055235.0,A2304844J
1992-93,Gross domestic product - Income based,Chain volume measures,True,Original,Percent,4.8,A2304849V
1992-93,Gross domestic product - Production based,Chain volume measures,False,Original,$ Millions,1046291.0,A2304845K
1992-93,Gross domestic product - Production based,Chain volume measures,True,Original,Percent,3.4,A2304850C
1992-93,Gross fixed capital formation - New private business investment,Chain volume measures,False,Original,$ Millions,62380.0,A2305130X
1992-93,Gross fixed capital formation - New private business investment,Chain volume measures,True,Original,Percent,7.1,A2305128L
1992-93,Gross fixed capital formation - New private business investment,Current prices,False,Original,$ Millions,49847.0,A2305129R
1992-93,Gross fixed capital formation - New private business investment,Current prices,True,Original,Percent,8.7,A2305127K
1992-93,Gross national income,Current prices,False,Original,$ Millions,433025.0,A2304605X
1992-93,Hours worked,Index,False,Original,Index Numbers,58.3,A2304958F
1992-93,Hours worked,Index,True,Original,Percent,0.1,A2305015T
1992-93,Hours worked market sector,Index,False,Original,Index Numbers,63.1,A2305086A
1992-93,Hours worked market sector,Index,True,Original,Percent,-0.1,A2305088F
1992-93,Hours worked non-market sector,Index,False,Original,Index Numbers,45.3,A130272187C
1992-93,Hours worked non-market sector,Index,True,Original,Percent,0.7,A130272184W
1992-93,Household saving ratio,Ratio,False,Original,proportion,5.8,A2323368K
1992-93,Households ; Final consumption expenditure - Discretionary consumption,Chain volume measures,False,Original,$ Millions,189482.0,A124830443X
1992-93,Households ; Final consumption expenditure - Discretionary consumption,Chain volume measures,True,Original,Percent,1.4,A124830467T
1992-93,Households ; Final consumption expenditure - Discretionary consumption,Current prices,False,Original,$ Millions,112255.0,A124830453C
1992-93,Households ; Final consumption expenditure - Discretionary consumption,Current prices,True,Original,Percent,4.1,A124830477W
1992-93,Households ; Final consumption expenditure - Essential consumption,Chain volume measures,False,Original,$ Millions,344032.0,A124830442W
1992-93,Households ; Final consumption expenditure - Essential consumption,Chain volume measures,True,Original,Percent,2.3,A124830466R
1992-93,Households ; Final consumption expenditure - Essential consumption,Current prices,False,Original,$ Millions,144790.0,A124830452A
1992-93,Households ; Final consumption expenditure - Essential consumption,Current prices,True,Original,Percent,3.4,A124830476V
1992-93,Households ; Final consumption expenditure - Goods,Chain volume measures,False,Original,$ Millions,185397.0,A124830440T
1992-93,Households ; Final consumption expenditure - Goods,Chain volume measures,True,Original,Percent,1.4,A124830464K
1992-93,Households ; Final consumption expenditure - Goods,Current prices,False,Original,$ Millions,113293.0,A124830450W
1992-93,Households ; Final consumption expenditure - Goods,Current prices,True,Original,Percent,4.2,A124830474R
1992-93,Households ; Final consumption expenditure - Services,Chain volume measures,False,Original,$ Millions,341406.0,A124830441V
1992-93,Households ; Final consumption expenditure - Services,Chain volume measures,True,Original,Percent,2.3,A124830465L
1992-93,Households ; Final consumption expenditure - Services,Current prices,False,Original,$ Millions,143752.0,A124830451X
1992-93,Households ; Final consumption expenditure - Services,Current prices,True,Original,Percent,3.4,A124830475T
1992-93,Imports of merchandise goods,Current prices,False,Original,$ Millions,58829.0,A2304889L
1992-93,Net domestic product,Chain volume measures,False,Original,$ Millions,918118.0,A2304773K
1992-93,Net domestic product,Chain volume measures,True,Original,Percent,4.1,A2304836J
1992-93,Net saving,Current prices,False,Original,$ Millions,13369.0,A2304633J
1992-93,Non-farm ; Gross domestic product,Chain volume measures,False,Original,$ Millions,1028002.0,A2304754C
1992-93,Non-farm ; Gross domestic product,Chain volume measures,True,Original,Percent,4.0,A2304829K
1992-93,Non-farm ; Gross domestic product,Current prices,False,Original,$ Millions,431772.0,A2304616F
1992-93,Non-farm ; Gross domestic product,Current prices,True,Original,Percent,4.7,A2304656X
1992-93,Non-farm ; Gross domestic product,Implicit price deflators,False,Original,Index Numbers,42.0,A2304681A
1992-93,Non-farm ; Gross domestic product,Implicit price deflators,True,Original,Percent,0.7,A2304789C
1992-93,Non-farm ; Total compensation of employees,Current prices,False,Original,$ Millions,215941.0,A2304583W
1992-93,Non-farm ; Total compensation of employees,Current prices,True,Original,Percent,4.0,A2304645T
1992-93,Non-farm compensation of employees per hour,Current prices,False,Original,$,19.9,A129552317C
1992-93,Non-farm compensation of employees per hour,Current prices,True,Original,Percent,4.5,A129552319J
1992-93,Private ; Final demand,Chain volume measures,False,Original,$ Millions,663874.0,A124830437C
1992-93,Private ; Final demand,Chain volume measures,True,Original,Percent,3.6,A124830461C
1992-93,Private ; Final demand,Current prices,False,Original,$ Millions,335594.0,A124830439J
1992-93,Private ; Final demand,Current prices,True,Original,Percent,5.4,A124830463J
1992-93,Private non-farm inventory levels,Chain volume measures,False,Original,$ Millions,114045.0,A2305012K
1992-93,Private non-farm inventory levels - book values,Current prices,False,Original,$ Millions,63845.0,A2304619L
1992-93,Profits share of total factor income,Ratio,False,Original,Percent,24.5,A2304901T
1992-93,Public ; Final demand,Chain volume measures,False,Original,$ Millions,245844.0,A124830436A
1992-93,Public ; Final demand,Chain volume measures,True,Original,Percent,1.6,A124830460A
1992-93,Public ; Final demand,Current prices,False,Original,$ Millions,111852.0,A124830438F
1992-93,Public ; Final demand,Current prices,True,Original,Percent,3.1,A124830462F
1992-93,Real gross domestic income,Chain volume measures,False,Original,$ Millions,913085.0,A2304775R
1992-93,Real gross domestic income,Chain volume measures,True,Original,Percent,3.3,A2304838L
1992-93,Real gross national income,Chain volume measures,False,Original,$ Millions,887158.0,A2304735W
1992-93,Real gross national income,Chain volume measures,True,Original,Percent,3.8,A2304810K
1992-93,Real net national disposable income,Chain volume measures,False,Original,$ Millions,748047.0,A2304846L
1992-93,Real net national disposable income,Chain volume measures,True,Original,Percent,3.8,A2304851F
1992-93,Real net national disposable income per capita,Chain volume measures,False,Original,$,42606.0,A2305058T
1992-93,Real net national disposable income per capita,Chain volume measures,True,Original,Percent,2.7,A2305076W
1992-93,Real unit of labour costs,Index,False,Original,Index Numbers,114.6,A2432926J
1992-93,Real unit of labour costs,Index,True,Original,Percent,-1.1,A2478946W
1992-93,Real unit of labour costs - Non-farm,Index,False,Original,Index Numbers,112.2,A2432927K
1992-93,Real unit of labour costs - Non-farm,Index,True,Original,Percent,-0.4,A2478947X
1992-93,Terms of trade,Index,False,Original,Index Numbers,49.1,A2304708R
1992-93,Terms of trade,Index,True,Original,Percent,-4.1,A2304802K
1992-93,Wages share of total factor income,Ratio,False,Original,Percent,54.3,A2304902V
1993-94,Average compensation per employee,Current prices,False,Original,$,34339.0,A2304854L
1993-94,Average compensation per employee,Current prices,True,Original,Percent,2.6,A2304907F
1993-94,Average non-farm compensation per employee,Current prices,False,Original,$,34501.0,A2304919R
1993-94,Average non-farm compensation per employee,Current prices,True,Original,Percent,2.6,A2304923F
1993-94,Compensation of employees per hour,Current prices,False,Original,$,19.7,A129552316A
1993-94,Compensation of employees per hour,Current prices,True,Original,Percent,2.0,A129552318F
1993-94,Domestic final demand,Index,False,Original,Index Numbers,49.1,A2304703C
1993-94,Domestic final demand,Index,True,Original,Percent,1.6,A2304797C
1993-94,Farm ; Gross domestic product,Chain volume measures,False,Original,$ Millions,25410.0,A2304753A
1993-94,Farm ; Gross domestic product,Chain volume measures,True,Original,Percent,4.9,A2304828J
1993-94,Farm ; Gross domestic product,Current prices,False,Original,$ Millions,13925.0,A2304615C
1993-94,Farm ; Gross domestic product,Current prices,True,Original,Percent,6.5,A2304655W
1993-94,Farm ; Gross domestic product,Implicit price deflators,False,Original,Index Numbers,54.8,A2304680X
1993-94,Farm ; Gross domestic product,Implicit price deflators,True,Original,Percent,1.5,A2304788A
1993-94,GDP per capita,Chain volume measures,False,Original,$,61788.0,A2305001C
1993-94,GDP per capita,Chain volume measures,True,Original,Percent,3.0,A2305033W
1993-94,GDP per capita,Current prices,False,Original,$,26376.0,A2304887J
1993-94,GDP per hour worked,Index,False,Original,Index Numbers,68.5,A2304964A
1993-94,GDP per hour worked,Index,True,Original,Percent,1.7,A2305020K
1993-94,Gross domestic product,Chain volume measures,False,Original,$ Millions,1094656.0,A2304755F
1993-94,Gross domestic product,Chain volume measures,True,Original,Percent,4.0,A2304830V
1993-94,Gross domestic product,Current prices,False,Original,$ Millions,467286.0,A2304617J
1993-94,Gross domestic product,Current prices,True,Original,Percent,5.0,A2304657A
1993-94,Gross domestic product,Index,False,Original,Index Numbers,42.2,A2304706K
1993-94,Gross domestic product,Index,True,Original,Percent,1.1,A2304800F
1993-94,Gross domestic product - Expenditure based,Chain volume measures,False,Original,$ Millions,1091813.0,A2304843F
1993-94,Gross domestic product - Expenditure based,Chain volume measures,True,Original,Percent,3.3,A2304848T
1993-94,Gross domestic product - Income based,Chain volume measures,False,Original,$ Millions,1101777.0,A2304844J
1993-94,Gross domestic product - Income based,Chain volume measures,True,Original,Percent,4.4,A2304849V
1993-94,Gross domestic product - Production based,Chain volume measures,False,Original,$ Millions,1090379.0,A2304845K
1993-94,Gross domestic product - Production based,Chain volume measures,True,Original,Percent,4.2,A2304850C
1993-94,Gross fixed capital formation - New private business investment,Chain volume measures,False,Original,$ Millions,66779.0,A2305130X
1993-94,Gross fixed capital formation - New private business investment,Chain volume measures,True,Original,Percent,7.1,A2305128L
1993-94,Gross fixed capital formation - New private business investment,Current prices,False,Original,$ Millions,53951.0,A2305129R
1993-94,Gross fixed capital formation - New private business investment,Current prices,True,Original,Percent,8.2,A2305127K
1993-94,Gross national income,Current prices,False,Original,$ Millions,457026.0,A2304605X
1993-94,Hours worked,Index,False,Original,Index Numbers,59.6,A2304958F
1993-94,Hours worked,Index,True,Original,Percent,2.2,A2305015T
1993-94,Hours worked market sector,Index,False,Original,Index Numbers,64.4,A2305086A
1993-94,Hours worked market sector,Index,True,Original,Percent,2.1,A2305088F
1993-94,Hours worked non-market sector,Index,False,Original,Index Numbers,46.5,A130272187C
1993-94,Hours worked non-market sector,Index,True,Original,Percent,2.7,A130272184W
1993-94,Household saving ratio,Ratio,False,Original,proportion,5.8,A2323368K
1993-94,Households ; Final consumption expenditure - Discretionary consumption,Chain volume measures,False,Original,$ Millions,194884.0,A124830443X
1993-94,Households ; Final consumption expenditure - Discretionary consumption,Chain volume measures,True,Original,Percent,2.9,A124830467T
1993-94,Households ; Final consumption expenditure - Discretionary consumption,Current prices,False,Original,$ Millions,118408.0,A124830453C
1993-94,Households ; Final consumption expenditure - Discretionary consumption,Current prices,True,Original,Percent,5.5,A124830477W
1993-94,Households ; Final consumption expenditure - Essential consumption,Chain volume measures,False,Original,$ Millions,349618.0,A124830442W
1993-94,Households ; Final consumption expenditure - Essential consumption,Chain volume measures,True,Original,Percent,1.6,A124830466R
1993-94,Households ; Final consumption expenditure - Essential consumption,Current prices,False,Original,$ Millions,149028.0,A124830452A
1993-94,Households ; Final consumption expenditure - Essential consumption,Current prices,True,Original,Percent,2.9,A124830476V
1993-94,Households ; Final consumption expenditure - Goods,Chain volume measures,False,Original,$ Millions,188312.0,A124830440T
1993-94,Households ; Final consumption expenditure - Goods,Chain volume measures,True,Original,Percent,1.6,A124830464K
1993-94,Households ; Final consumption expenditure - Goods,Current prices,False,Original,$ Millions,117674.0,A124830450W
1993-94,Households ; Final consumption expenditure - Goods,Current prices,True,Original,Percent,3.9,A124830474R
1993-94,Households ; Final consumption expenditure - Services,Chain volume measures,False,Original,$ Millions,350359.0,A124830441V
1993-94,Households ; Final consumption expenditure - Services,Chain volume measures,True,Original,Percent,2.6,A124830465L
1993-94,Households ; Final consumption expenditure - Services,Current prices,False,Original,$ Millions,149762.0,A124830451X
1993-94,Households ; Final consumption expenditure - Services,Current prices,True,Original,Percent,4.2,A124830475T
1993-94,Imports of merchandise goods,Current prices,False,Original,$ Millions,63823.0,A2304889L
1993-94,Net domestic product,Chain volume measures,False,Original,$ Millions,954725.0,A2304773K
1993-94,Net domestic product,Chain volume measures,True,Original,Percent,4.0,A2304836J
1993-94,Net saving,Current prices,False,Original,$ Millions,21017.0,A2304633J
1993-94,Non-farm ; Gross domestic product,Chain volume measures,False,Original,$ Millions,1068753.0,A2304754C
1993-94,Non-farm ; Gross domestic product,Chain volume measures,True,Original,Percent,4.0,A2304829K
1993-94,Non-farm ; Gross domestic product,Current prices,False,Original,$ Millions,453360.0,A2304616F
1993-94,Non-farm ; Gross domestic product,Current prices,True,Original,Percent,5.0,A2304656X
1993-94,Non-farm ; Gross domestic product,Implicit price deflators,False,Original,Index Numbers,42.4,A2304681A
1993-94,Non-farm ; Gross domestic product,Implicit price deflators,True,Original,Percent,1.0,A2304789C
1993-94,Non-farm ; Total compensation of employees,Current prices,False,Original,$ Millions,224942.0,A2304583W
1993-94,Non-farm ; Total compensation of employees,Current prices,True,Original,Percent,4.2,A2304645T
1993-94,Non-farm compensation of employees per hour,Current prices,False,Original,$,20.3,A129552317C
1993-94,Non-farm compensation of employees per hour,Current prices,True,Original,Percent,1.8,A129552319J
1993-94,Private ; Final demand,Chain volume measures,False,Original,$ Millions,688271.0,A124830437C
1993-94,Private ; Final demand,Chain volume measures,True,Original,Percent,3.7,A124830461C
1993-94,Private ; Final demand,Current prices,False,Original,$ Millions,354217.0,A124830439J
1993-94,Private ; Final demand,Current prices,True,Original,Percent,5.5,A124830463J
1993-94,Private non-farm inventory levels,Chain volume measures,False,Original,$ Millions,116915.0,A2305012K
1993-94,Private non-farm inventory levels - book values,Current prices,False,Original,$ Millions,65749.0,A2304619L
1993-94,Profits share of total factor income,Ratio,False,Original,Percent,25.4,A2304901T
1993-94,Public ; Final demand,Chain volume measures,False,Original,$ Millions,246282.0,A124830436A
1993-94,Public ; Final demand,Chain volume measures,True,Original,Percent,0.2,A124830460A
1993-94,Public ; Final demand,Current prices,False,Original,$ Millions,112827.0,A124830438F
1993-94,Public ; Final demand,Current prices,True,Original,Percent,0.9,A124830462F
1993-94,Real gross domestic income,Chain volume measures,False,Original,$ Millions,944504.0,A2304775R
1993-94,Real gross domestic income,Chain volume measures,True,Original,Percent,3.4,A2304838L
1993-94,Real gross national income,Chain volume measures,False,Original,$ Millions,918120.0,A2304735W
1993-94,Real gross national income,Chain volume measures,True,Original,Percent,3.5,A2304810K
1993-94,Real net national disposable income,Chain volume measures,False,Original,$ Millions,773524.0,A2304846L
1993-94,Real net national disposable income,Chain volume measures,True,Original,Percent,3.4,A2304851F
1993-94,Real net national disposable income per capita,Chain volume measures,False,Original,$,43661.0,A2305058T
1993-94,Real net national disposable income per capita,Chain volume measures,True,Original,Percent,2.5,A2305076W
1993-94,Real unit of labour costs,Index,False,Original,Index Numbers,113.8,A2432926J
1993-94,Real unit of labour costs,Index,True,Original,Percent,-0.7,A2478946W
1993-94,Real unit of labour costs - Non-farm,Index,False,Original,Index Numbers,111.4,A2432927K
1993-94,Real unit of labour costs - Non-farm,Index,True,Original,Percent,-0.7,A2478947X
1993-94,Terms of trade,Index,False,Original,Index Numbers,47.7,A2304708R
1993-94,Terms of trade,Index,True,Original,Percent,-2.8,A2304802K
1993-94,Wages share of total factor income,Ratio,False,Original,Percent,54.0,A2304902V
1994-95,Average compensation per employee,Current prices,False,Original,$,34872.0,A2304854L
1994-95,Average compensation per employee,Current prices,True,Original,Percent,1.6,A2304907F
1994-95,Average non-farm compensation per employee,Current prices,False,Original,$,34997.0,A2304919R
1994-95,Average non-farm compensation per employee,Current prices,True,Original,Percent,1.4,A2304923F
1994-95,Compensation of employees per hour,Current prices,False,Original,$,19.9,A129552316A
1994-95,Compensation of employees per hour,Current prices,True,Original,Percent,0.9,A129552318F
1994-95,Domestic final demand,Index,False,Original,Index Numbers,49.9,A2304703C
1994-95,Domestic final demand,Index,True,Original,Percent,1.5,A2304797C
1994-95,Farm ; Gross domestic product,Chain volume measures,False,Original,$ Millions,20601.0,A2304753A
1994-95,Farm ; Gross domestic product,Chain volume measures,True,Original,Percent,-18.9,A2304828J
1994-95,Farm ; Gross domestic product,Current prices,False,Original,$ Millions,12288.0,A2304615C
1994-95,Farm ; Gross domestic product,Current prices,True,Original,Percent,-11.8,A2304655W
1994-95,Farm ; Gross domestic product,Implicit price deflators,False,Original,Index Numbers,59.6,A2304680X
1994-95,Farm ; Gross domestic product,Implicit price deflators,True,Original,Percent,8.8,A2304788A
1994-95,GDP per capita,Chain volume measures,False,Original,$,63566.0,A2305001C
1994-95,GDP per capita,Chain volume measures,True,Original,Percent,2.9,A2305033W
1994-95,GDP per capita,Current prices,False,Original,$,27758.0,A2304887J
1994-95,GDP per hour worked,Index,False,Original,Index Numbers,68.4,A2304964A
1994-95,GDP per hour worked,Index,True,Original,Percent,-0.2,A2305020K
1994-95,Gross domestic product,Chain volume measures,False,Original,$ Millions,1137240.0,A2304755F
1994-95,Gross domestic product,Chain volume measures,True,Original,Percent,3.9,A2304830V
1994-95,Gross domestic product,Current prices,False,Original,$ Millions,496599.0,A2304617J
1994-95,Gross domestic product,Current prices,True,Original,Percent,6.3,A2304657A
1994-95,Gross domestic product,Index,False,Original,Index Numbers,43.1,A2304706K
1994-95,Gross domestic product,Index,True,Original,Percent,1.9,A2304800F
1994-95,Gross domestic product - Expenditure based,Chain volume measures,False,Original,$ Millions,1137240.0,A2304843F
1994-95,Gross domestic product - Expenditure based,Chain volume measures,True,Original,Percent,4.2,A2304848T
1994-95,Gross domestic product - Income based,Chain volume measures,False,Original,$ Millions,1137240.0,A2304844J
1994-95,Gross domestic product - Income based,Chain volume measures,True,Original,Percent,3.2,A2304849V
1994-95,Gross domestic product - Production based,Chain volume measures,False,Original,$ Millions,1137240.0,A2304845K
1994-95,Gross domestic product - Production based,Chain volume measures,True,Original,Percent,4.3,A2304850C
1994-95,Gross fixed capital formation - New private business investment,Chain volume measures,False,Original,$ Millions,79789.0,A2305130X
1994-95,Gross fixed capital formation - New private business investment,Chain volume measures,True,Original,Percent,19.5,A2305128L
1994-95,Gross fixed capital formation - New private business investment,Current prices,False,Original,$ Millions,63802.0,A2305129R
1994-95,Gross fixed capital formation - New private business investment,Current prices,True,Original,Percent,18.3,A2305127K
1994-95,Gross national income,Current prices,False,Original,$ Millions,479511.0,A2304605X
1994-95,Gross value added market sector,Chain volume measures,False,Original,$ Millions,746836.0,A3605667L
1994-95,Gross value added non-market sector,Chain volume measures,False,Original,$ Millions,186072.0,A130272186A
1994-95,Gross value added per hour worked market sector,Index,False,Original,Index Numbers,61.0,A3605668R
1994-95,Gross value added per hour worked non-market sector,Index,False,Original,Index Numbers,84.8,A130272188F
1994-95,Hours worked,Index,False,Original,Index Numbers,62.0,A2304958F
1994-95,Hours worked,Index,True,Original,Percent,4.1,A2305015T
1994-95,Hours worked market sector,Index,False,Original,Index Numbers,67.8,A2305086A
1994-95,Hours worked market sector,Index,True,Original,Percent,5.2,A2305088F
1994-95,Hours worked non-market sector,Index,False,Original,Index Numbers,46.4,A130272187C
1994-95,Hours worked non-market sector,Index,True,Original,Percent,-0.2,A130272184W
1994-95,Household saving ratio,Ratio,False,Original,proportion,4.5,A2323368K
1994-95,Households ; Final consumption expenditure - Discretionary consumption,Chain volume measures,False,Original,$ Millions,207236.0,A124830443X
1994-95,Households ; Final consumption expenditure - Discretionary consumption,Chain volume measures,True,Original,Percent,6.3,A124830467T
1994-95,Households ; Final consumption expenditure - Discretionary consumption,Current prices,False,Original,$ Millions,128565.0,A124830453C
1994-95,Households ; Final consumption expenditure - Discretionary consumption,Current prices,True,Original,Percent,8.6,A124830477W
1994-95,Households ; Final consumption expenditure - Essential consumption,Chain volume measures,False,Original,$ Millions,359704.0,A124830442W
1994-95,Households ; Final consumption expenditure - Essential consumption,Chain volume measures,True,Original,Percent,2.9,A124830466R
1994-95,Households ; Final consumption expenditure - Essential consumption,Current prices,False,Original,$ Millions,156444.0,A124830452A
1994-95,Households ; Final consumption expenditure - Essential consumption,Current prices,True,Original,Percent,5.0,A124830476V
1994-95,Households ; Final consumption expenditure - Goods,Chain volume measures,False,Original,$ Millions,196687.0,A124830440T
1994-95,Households ; Final consumption expenditure - Goods,Chain volume measures,True,Original,Percent,4.4,A124830464K
1994-95,Households ; Final consumption expenditure - Goods,Current prices,False,Original,$ Millions,125350.0,A124830450W
1994-95,Households ; Final consumption expenditure - Goods,Current prices,True,Original,Percent,6.5,A124830474R
1994-95,Households ; Final consumption expenditure - Services,Chain volume measures,False,Original,$ Millions,365731.0,A124830441V
1994-95,Households ; Final consumption expenditure - Services,Chain volume measures,True,Original,Percent,4.4,A124830465L
1994-95,Households ; Final consumption expenditure - Services,Current prices,False,Original,$ Millions,159659.0,A124830451X
1994-95,Households ; Final consumption expenditure - Services,Current prices,True,Original,Percent,6.6,A124830475T
1994-95,Imports of merchandise goods,Current prices,False,Original,$ Millions,74534.0,A2304889L
1994-95,Net domestic product,Chain volume measures,False,Original,$ Millions,991554.0,A2304773K
1994-95,Net domestic product,Chain volume measures,True,Original,Percent,3.9,A2304836J
1994-95,Net saving,Current prices,False,Original,$ Millions,17848.0,A2304633J
1994-95,Non-farm ; Gross domestic product,Chain volume measures,False,Original,$ Millions,1117592.0,A2304754C
1994-95,Non-farm ; Gross domestic product,Chain volume measures,True,Original,Percent,4.6,A2304829K
1994-95,Non-farm ; Gross domestic product,Current prices,False,Original,$ Millions,484311.0,A2304616F
1994-95,Non-farm ; Gross domestic product,Current prices,True,Original,Percent,6.8,A2304656X
1994-95,Non-farm ; Gross domestic product,Implicit price deflators,False,Original,Index Numbers,43.3,A2304681A
1994-95,Non-farm ; Gross domestic product,Implicit price deflators,True,Original,Percent,2.2,A2304789C
1994-95,Non-farm ; Total compensation of employees,Current prices,False,Original,$ Millions,238488.0,A2304583W
1994-95,Non-farm ; Total compensation of employees,Current prices,True,Original,Percent,6.0,A2304645T
1994-95,Non-farm compensation of employees per hour,Current prices,False,Original,$,20.4,A129552317C
1994-95,Non-farm compensation of employees per hour,Current prices,True,Original,Percent,0.7,A129552319J
1994-95,Private ; Final demand,Chain volume measures,False,Original,$ Millions,730587.0,A124830437C
1994-95,Private ; Final demand,Chain volume measures,True,Original,Percent,6.1,A124830461C
1994-95,Private ; Final demand,Current prices,False,Original,$ Millions,382124.0,A124830439J
1994-95,Private ; Final demand,Current prices,True,Original,Percent,7.9,A124830463J
1994-95,Private non-farm inventory levels,Chain volume measures,False,Original,$ Millions,123569.0,A2305012K
1994-95,Private non-farm inventory levels - book values,Current prices,False,Original,$ Millions,73478.0,A2304619L
1994-95,Profits share of total factor income,Ratio,False,Original,Percent,25.5,A2304901T
1994-95,Public ; Final demand,Chain volume measures,False,Original,$ Millions,259678.0,A124830436A
1994-95,Public ; Final demand,Chain volume measures,True,Original,Percent,5.4,A124830460A
1994-95,Public ; Final demand,Current prices,False,Original,$ Millions,119751.0,A124830438F
1994-95,Public ; Final demand,Current prices,True,Original,Percent,6.1,A124830462F
1994-95,Real gross domestic income,Chain volume measures,False,Original,$ Millions,987040.0,A2304775R
1994-95,Real gross domestic income,Chain volume measures,True,Original,Percent,4.5,A2304838L
1994-95,Real gross national income,Chain volume measures,False,Original,$ Millions,953568.0,A2304735W
1994-95,Real gross national income,Chain volume measures,True,Original,Percent,3.9,A2304810K
1994-95,Real net national disposable income,Chain volume measures,False,Original,$ Millions,802801.0,A2304846L
1994-95,Real net national disposable income,Chain volume measures,True,Original,Percent,3.8,A2304851F
1994-95,Real net national disposable income per capita,Chain volume measures,False,Original,$,44873.0,A2305058T
1994-95,Real net national disposable income per capita,Chain volume measures,True,Original,Percent,2.8,A2305076W
1994-95,Real unit of labour costs,Index,False,Original,Index Numbers,112.7,A2432926J
1994-95,Real unit of labour costs,Index,True,Original,Percent,-1.0,A2478946W
1994-95,Real unit of labour costs - Non-farm,Index,False,Original,Index Numbers,109.9,A2432927K
1994-95,Real unit of labour costs - Non-farm,Index,True,Original,Percent,-1.4,A2478947X
1994-95,Terms of trade,Index,False,Original,Index Numbers,49.3,A2304708R
1994-95,Terms of trade,Index,True,Original,Percent,3.3,A2304802K
1994-95,Wages share of total factor income,Ratio,False,Original,Percent,54.5,A2304902V
1995-96,Average compensation per employee,Current prices,False,Original,$,36398.0,A2304854L
1995-96,Average compensation per employee,Current prices,True,Original,Percent,4.4,A2304907F
1995-96,Average non-farm compensation per employee,Current prices,False,Original,$,36626.0,A2304919R
1995-96,Average non-farm compensation per employee,Current prices,True,Original,Percent,4.7,A2304923F
1995-96,Compensation of employees per hour,Current prices,False,Original,$,20.8,A129552316A
1995-96,Compensation of employees per hour,Current prices,True,Original,Percent,4.4,A129552318F
1995-96,Domestic final demand,Index,False,Original,Index Numbers,50.9,A2304703C
1995-96,Domestic final demand,Index,True,Original,Percent,2.1,A2304797C
1995-96,Domestic sales,Current prices,False,Original,$ Millions,237560.0,A2304899T
1995-96,Farm ; Gross domestic product,Chain volume measures,False,Original,$ Millions,25756.0,A2304753A
1995-96,Farm ; Gross domestic product,Chain volume measures,True,Original,Percent,25.0,A2304828J
1995-96,Farm ; Gross domestic product,Current prices,False,Original,$ Millions,14911.0,A2304615C
1995-96,Farm ; Gross domestic product,Current prices,True,Original,Percent,21.3,A2304655W
1995-96,Farm ; Gross domestic product,Implicit price deflators,False,Original,Index Numbers,57.9,A2304680X
1995-96,Farm ; Gross domestic product,Implicit price deflators,True,Original,Percent,-2.9,A2304788A
1995-96,GDP per capita,Chain volume measures,False,Original,$,65200.0,A2305001C
1995-96,GDP per capita,Chain volume measures,True,Original,Percent,2.6,A2305033W
1995-96,GDP per capita,Current prices,False,Original,$,29243.0,A2304887J
1995-96,GDP per hour worked,Index,False,Original,Index Numbers,69.4,A2304964A
1995-96,GDP per hour worked,Index,True,Original,Percent,1.4,A2305020K
1995-96,Gross domestic product,Chain volume measures,False,Original,$ Millions,1181202.0,A2304755F
1995-96,Gross domestic product,Chain volume measures,True,Original,Percent,3.9,A2304830V
1995-96,Gross domestic product,Current prices,False,Original,$ Millions,529787.0,A2304617J
1995-96,Gross domestic product,Current prices,True,Original,Percent,6.7,A2304657A
1995-96,Gross domestic product,Index,False,Original,Index Numbers,44.2,A2304706K
1995-96,Gross domestic product,Index,True,Original,Percent,2.7,A2304800F
1995-96,Gross domestic product - Expenditure based,Chain volume measures,False,Original,$ Millions,1181202.0,A2304843F
1995-96,Gross domestic product - Expenditure based,Chain volume measures,True,Original,Percent,3.9,A2304848T
1995-96,Gross domestic product - Income based,Chain volume measures,False,Original,$ Millions,1181202.0,A2304844J
1995-96,Gross domestic product - Income based,Chain volume measures,True,Original,Percent,3.9,A2304849V
1995-96,Gross domestic product - Production based,Chain volume measures,False,Original,$ Millions,1181202.0,A2304845K
1995-96,Gross domestic product - Production based,Chain volume measures,True,Original,Percent,3.9,A2304850C
1995-96,Gross fixed capital formation - New private business investment,Chain volume measures,False,Original,$ Millions,88607.0,A2305130X
1995-96,Gross fixed capital formation - New private business investment,Chain volume measures,True,Original,Percent,11.1,A2305128L
1995-96,Gross fixed capital formation - New private business investment,Current prices,False,Original,$ Millions,69838.0,A2305129R
1995-96,Gross fixed capital formation - New private business investment,Current prices,True,Original,Percent,9.5,A2305127K
1995-96,Gross national income,Current prices,False,Original,$ Millions,511081.0,A2304605X
1995-96,Gross value added market sector,Chain volume measures,False,Original,$ Millions,779866.0,A3605667L
1995-96,Gross value added market sector,Chain volume measures,True,Original,Percent,4.4,A3605665J
1995-96,Gross value added non-market sector,Chain volume measures,False,Original,$ Millions,191138.0,A130272186A
1995-96,Gross value added non-market sector,Chain volume measures,True,Original,Percent,2.7,A130272183V
1995-96,Gross value added per hour worked market sector,Index,False,Original,Index Numbers,62.2,A3605668R
1995-96,Gross value added per hour worked market sector,Index,True,Original,Percent,2.0,A3605666K
1995-96,Gross value added per hour worked non-market sector,Index,False,Original,Index Numbers,84.9,A130272188F
1995-96,Gross value added per hour worked non-market sector,Index,True,Original,Percent,0.2,A130272185X
1995-96,Hours worked,Index,False,Original,Index Numbers,63.5,A2304958F
1995-96,Hours worked,Index,True,Original,Percent,2.4,A2305015T
1995-96,Hours worked market sector,Index,False,Original,Index Numbers,69.4,A2305086A
1995-96,Hours worked market sector,Index,True,Original,Percent,2.4,A2305088F
1995-96,Hours worked non-market sector,Index,False,Original,Index Numbers,47.6,A130272187C
1995-96,Hours worked non-market sector,Index,True,Original,Percent,2.5,A130272184W
1995-96,Household saving ratio,Ratio,False,Original,proportion,4.5,A2323368K
1995-96,Households ; Final consumption expenditure - Discretionary consumption,Chain volume measures,False,Original,$ Millions,216738.0,A124830443X
1995-96,Households ; Final consumption expenditure - Discretionary consumption,Chain volume measures,True,Original,Percent,4.6,A124830467T
1995-96,Households ; Final consumption expenditure - Discretionary consumption,Current prices,False,Original,$ Millions,137721.0,A124830453C
1995-96,Households ; Final consumption expenditure - Discretionary consumption,Current prices,True,Original,Percent,7.1,A124830477W
1995-96,Households ; Final consumption expenditure - Essential consumption,Chain volume measures,False,Original,$ Millions,368312.0,A124830442W
1995-96,Households ; Final consumption expenditure - Essential consumption,Chain volume measures,True,Original,Percent,2.4,A124830466R
1995-96,Households ; Final consumption expenditure - Essential consumption,Current prices,False,Original,$ Millions,165030.0,A124830452A
1995-96,Households ; Final consumption expenditure - Essential consumption,Current prices,True,Original,Percent,5.5,A124830476V
1995-96,Households ; Final consumption expenditure - Goods,Chain volume measures,False,Original,$ Millions,201249.0,A124830440T
1995-96,Households ; Final consumption expenditure - Goods,Chain volume measures,True,Original,Percent,2.3,A124830464K
1995-96,Households ; Final consumption expenditure - Goods,Current prices,False,Original,$ Millions,131402.0,A124830450W
1995-96,Households ; Final consumption expenditure - Goods,Current prices,True,Original,Percent,4.8,A124830474R
1995-96,Households ; Final consumption expenditure - Services,Chain volume measures,False,Original,$ Millions,381151.0,A124830441V
1995-96,Households ; Final consumption expenditure - Services,Chain volume measures,True,Original,Percent,4.2,A124830465L
1995-96,Households ; Final consumption expenditure - Services,Current prices,False,Original,$ Millions,171349.0,A124830451X
1995-96,Households ; Final consumption expenditure - Services,Current prices,True,Original,Percent,7.3,A124830475T
1995-96,Imports of merchandise goods,Current prices,False,Original,$ Millions,77209.0,A2304889L
1995-96,Imports to domestic sales,Ratio,False,Original,proportion,0.325,A2304903W
1995-96,Inventories to total sales,Ratio,False,Original,proportion,0.967,A2304906C
1995-96,Net domestic product,Chain volume measures,False,Original,$ Millions,1029113.0,A2304773K
1995-96,Net domestic product,Chain volume measures,True,Original,Percent,3.8,A2304836J
1995-96,Net saving,Current prices,False,Original,$ Millions,22911.0,A2304633J
1995-96,Non-farm ; Gross domestic product,Chain volume measures,False,Original,$ Millions,1154795.0,A2304754C
1995-96,Non-farm ; Gross domestic product,Chain volume measures,True,Original,Percent,3.3,A2304829K
1995-96,Non-farm ; Gross domestic product,Current prices,False,Original,$ Millions,514876.0,A2304616F
1995-96,Non-farm ; Gross domestic product,Current prices,True,Original,Percent,6.3,A2304656X
1995-96,Non-farm ; Gross domestic product,Implicit price deflators,False,Original,Index Numbers,44.6,A2304681A
1995-96,Non-farm ; Gross domestic product,Implicit price deflators,True,Original,Percent,2.9,A2304789C
1995-96,Non-farm ; Total compensation of employees,Current prices,False,Original,$ Millions,255699.0,A2304583W
1995-96,Non-farm ; Total compensation of employees,Current prices,True,Original,Percent,7.2,A2304645T
1995-96,Non-farm compensation of employees per hour,Current prices,False,Original,$,21.4,A129552317C
1995-96,Non-farm compensation of employees per hour,Current prices,True,Original,Percent,4.8,A129552319J
1995-96,Private ; Final demand,Chain volume measures,False,Original,$ Millions,756865.0,A124830437C
1995-96,Private ; Final demand,Chain volume measures,True,Original,Percent,3.6,A124830461C
1995-96,Private ; Final demand,Current prices,False,Original,$ Millions,403600.0,A124830439J
1995-96,Private ; Final demand,Current prices,True,Original,Percent,5.6,A124830463J
1995-96,Private non-farm inventory levels,Chain volume measures,False,Original,$ Millions,129377.0,A2305012K
1995-96,Private non-farm inventory levels - book values,Current prices,False,Original,$ Millions,75644.0,A2304619L
1995-96,Profits share of total factor income,Ratio,False,Original,Percent,25.5,A2304901T
1995-96,Public ; Final demand,Chain volume measures,False,Original,$ Millions,266628.0,A124830436A
1995-96,Public ; Final demand,Chain volume measures,True,Original,Percent,2.7,A124830460A
1995-96,Public ; Final demand,Current prices,False,Original,$ Millions,125197.0,A124830438F
1995-96,Public ; Final demand,Current prices,True,Original,Percent,4.5,A124830462F
1995-96,Real gross domestic income,Chain volume measures,False,Original,$ Millions,1031368.0,A2304775R
1995-96,Real gross domestic income,Chain volume measures,True,Original,Percent,4.5,A2304838L
1995-96,Real gross national income,Chain volume measures,False,Original,$ Millions,995462.0,A2304735W
1995-96,Real gross national income,Chain volume measures,True,Original,Percent,4.4,A2304810K
1995-96,Real net national disposable income,Chain volume measures,False,Original,$ Millions,839203.0,A2304846L
1995-96,Real net national disposable income,Chain volume measures,True,Original,Percent,4.5,A2304851F
1995-96,Real net national disposable income per capita,Chain volume measures,False,Original,$,46322.0,A2305058T
1995-96,Real net national disposable income per capita,Chain volume measures,True,Original,Percent,3.2,A2305076W
1995-96,Real unit of labour costs,Index,False,Original,Index Numbers,112.9,A2432926J
1995-96,Real unit of labour costs,Index,True,Original,Percent,0.2,A2478946W
1995-96,Real unit of labour costs - Non-farm,Index,False,Original,Index Numbers,110.6,A2432927K
1995-96,Real unit of labour costs - Non-farm,Index,True,Original,Percent,0.7,A2478947X
1995-96,Terms of trade,Index,False,Original,Index Numbers,50.9,A2304708R
1995-96,Terms of trade,Index,True,Original,Percent,3.2,A2304802K
1995-96,Total sales,Current prices,False,Original,$ Millions,313654.0,A2304632F
1995-96,Wages share of total factor income,Ratio,False,Original,Percent,54.8,A2304902V
1996-97,Average compensation per employee,Current prices,False,Original,$,38402.0,A2304854L
1996-97,Average compensation per employee,Current prices,True,Original,Percent,5.5,A2304907F
1996-97,Average non-farm compensation per employee,Current prices,False,Original,$,38645.0,A2304919R
1996-97,Average non-farm compensation per employee,Current prices,True,Original,Percent,5.5,A2304923F
1996-97,Compensation of employees per hour,Current prices,False,Original,$,22.0,A129552316A
1996-97,Compensation of employees per hour,Current prices,True,Original,Percent,5.6,A129552318F
1996-97,Domestic final demand,Index,False,Original,Index Numbers,51.3,A2304703C
1996-97,Domestic final demand,Index,True,Original,Percent,0.8,A2304797C
1996-97,Domestic sales,Current prices,False,Original,$ Millions,246319.0,A2304899T
1996-97,Farm ; Gross domestic product,Chain volume measures,False,Original,$ Millions,27622.0,A2304753A
1996-97,Farm ; Gross domestic product,Chain volume measures,True,Original,Percent,7.2,A2304828J
1996-97,Farm ; Gross domestic product,Current prices,False,Original,$ Millions,14588.0,A2304615C
1996-97,Farm ; Gross domestic product,Current prices,True,Original,Percent,-2.2,A2304655W
1996-97,Farm ; Gross domestic product,Implicit price deflators,False,Original,Index Numbers,52.8,A2304680X
1996-97,Farm ; Gross domestic product,Implicit price deflators,True,Original,Percent,-8.8,A2304788A
1996-97,GDP per capita,Chain volume measures,False,Original,$,66976.0,A2305001C
1996-97,GDP per capita,Chain volume measures,True,Original,Percent,2.7,A2305033W
1996-97,GDP per capita,Current prices,False,Original,$,30421.0,A2304887J
1996-97,GDP per hour worked,Index,False,Original,Index Numbers,71.8,A2304964A
1996-97,GDP per hour worked,Index,True,Original,Percent,3.5,A2305020K
1996-97,Gross domestic product,Chain volume measures,False,Original,$ Millions,1227481.0,A2304755F
1996-97,Gross domestic product,Chain volume measures,True,Original,Percent,3.9,A2304830V
1996-97,Gross domestic product,Current prices,False,Original,$ Millions,557533.0,A2304617J
1996-97,Gross domestic product,Current prices,True,Original,Percent,5.2,A2304657A
1996-97,Gross domestic product,Index,False,Original,Index Numbers,44.8,A2304706K
1996-97,Gross domestic product,Index,True,Original,Percent,1.3,A2304800F
1996-97,Gross domestic product - Expenditure based,Chain volume measures,False,Original,$ Millions,1227481.0,A2304843F
1996-97,Gross domestic product - Expenditure based,Chain volume measures,True,Original,Percent,3.9,A2304848T
1996-97,Gross domestic product - Income based,Chain volume measures,False,Original,$ Millions,1227481.0,A2304844J
1996-97,Gross domestic product - Income based,Chain volume measures,True,Original,Percent,3.9,A2304849V
1996-97,Gross domestic product - Production based,Chain volume measures,False,Original,$ Millions,1227481.0,A2304845K
1996-97,Gross domestic product - Production based,Chain volume measures,True,Original,Percent,3.9,A2304850C
1996-97,Gross fixed capital formation - New private business investment,Chain volume measures,False,Original,$ Millions,96797.0,A2305130X
1996-97,Gross fixed capital formation - New private business investment,Chain volume measures,True,Original,Percent,9.2,A2305128L
1996-97,Gross fixed capital formation - New private business investment,Current prices,False,Original,$ Millions,73603.0,A2305129R
1996-97,Gross fixed capital formation - New private business investment,Current prices,True,Original,Percent,5.4,A2305127K
1996-97,Gross national income,Current prices,False,Original,$ Millions,538831.0,A2304605X
1996-97,Gross value added market sector,Chain volume measures,False,Original,$ Millions,811764.0,A3605667L
1996-97,Gross value added market sector,Chain volume measures,True,Original,Percent,4.1,A3605665J
1996-97,Gross value added non-market sector,Chain volume measures,False,Original,$ Millions,198883.0,A130272186A
1996-97,Gross value added non-market sector,Chain volume measures,True,Original,Percent,4.1,A130272183V
1996-97,Gross value added per hour worked market sector,Index,False,Original,Index Numbers,65.0,A3605668R
1996-97,Gross value added per hour worked market sector,Index,True,Original,Percent,4.4,A3605666K
1996-97,Gross value added per hour worked non-market sector,Index,False,Original,Index Numbers,85.6,A130272188F
1996-97,Gross value added per hour worked non-market sector,Index,True,Original,Percent,0.8,A130272185X
1996-97,Hours worked,Index,False,Original,Index Numbers,63.8,A2304958F
1996-97,Hours worked,Index,True,Original,Percent,0.4,A2305015T
1996-97,Hours worked market sector,Index,False,Original,Index Numbers,69.2,A2305086A
1996-97,Hours worked market sector,Index,True,Original,Percent,-0.3,A2305088F
1996-97,Hours worked non-market sector,Index,False,Original,Index Numbers,49.1,A130272187C
1996-97,Hours worked non-market sector,Index,True,Original,Percent,3.2,A130272184W
1996-97,Household saving ratio,Ratio,False,Original,proportion,6.1,A2323368K
1996-97,Households ; Final consumption expenditure - Discretionary consumption,Chain volume measures,False,Original,$ Millions,224374.0,A124830443X
1996-97,Households ; Final consumption expenditure - Discretionary consumption,Chain volume measures,True,Original,Percent,3.5,A124830467T
1996-97,Households ; Final consumption expenditure - Discretionary consumption,Current prices,False,Original,$ Millions,143084.0,A124830453C
1996-97,Households ; Final consumption expenditure - Discretionary consumption,Current prices,True,Original,Percent,3.9,A124830477W
1996-97,Households ; Final consumption expenditure - Essential consumption,Chain volume measures,False,Original,$ Millions,376884.0,A124830442W
1996-97,Households ; Final consumption expenditure - Essential consumption,Chain volume measures,True,Original,Percent,2.3,A124830466R
1996-97,Households ; Final consumption expenditure - Essential consumption,Current prices,False,Original,$ Millions,172853.0,A124830452A
1996-97,Households ; Final consumption expenditure - Essential consumption,Current prices,True,Original,Percent,4.7,A124830476V
1996-97,Households ; Final consumption expenditure - Goods,Chain volume measures,False,Original,$ Millions,207005.0,A124830440T
1996-97,Households ; Final consumption expenditure - Goods,Chain volume measures,True,Original,Percent,2.9,A124830464K
1996-97,Households ; Final consumption expenditure - Goods,Current prices,False,Original,$ Millions,135769.0,A124830450W
1996-97,Households ; Final consumption expenditure - Goods,Current prices,True,Original,Percent,3.3,A124830474R
1996-97,Households ; Final consumption expenditure - Services,Chain volume measures,False,Original,$ Millions,392129.0,A124830441V
1996-97,Households ; Final consumption expenditure - Services,Chain volume measures,True,Original,Percent,2.9,A124830465L
1996-97,Households ; Final consumption expenditure - Services,Current prices,False,Original,$ Millions,180168.0,A124830451X
1996-97,Households ; Final consumption expenditure - Services,Current prices,True,Original,Percent,5.1,A124830475T
1996-97,Imports of merchandise goods,Current prices,False,Original,$ Millions,78562.0,A2304889L
1996-97,Imports to domestic sales,Ratio,False,Original,proportion,0.319,A2304903W
1996-97,Inventories to total sales,Ratio,False,Original,proportion,0.977,A2304906C
1996-97,Net domestic product,Chain volume measures,False,Original,$ Millions,1067916.0,A2304773K
1996-97,Net domestic product,Chain volume measures,True,Original,Percent,3.8,A2304836J
1996-97,Net saving,Current prices,False,Original,$ Millions,31873.0,A2304633J
1996-97,Non-farm ; Gross domestic product,Chain volume measures,False,Original,$ Millions,1198927.0,A2304754C
1996-97,Non-farm ; Gross domestic product,Chain volume measures,True,Original,Percent,3.8,A2304829K
1996-97,Non-farm ; Gross domestic product,Current prices,False,Original,$ Millions,542945.0,A2304616F
1996-97,Non-farm ; Gross domestic product,Current prices,True,Original,Percent,5.5,A2304656X
1996-97,Non-farm ; Gross domestic product,Implicit price deflators,False,Original,Index Numbers,45.3,A2304681A
1996-97,Non-farm ; Gross domestic product,Implicit price deflators,True,Original,Percent,1.6,A2304789C
1996-97,Non-farm ; Total compensation of employees,Current prices,False,Original,$ Millions,273711.0,A2304583W
1996-97,Non-farm ; Total compensation of employees,Current prices,True,Original,Percent,7.0,A2304645T
1996-97,Non-farm compensation of employees per hour,Current prices,False,Original,$,22.4,A129552317C
1996-97,Non-farm compensation of employees per hour,Current prices,True,Original,Percent,4.7,A129552319J
1996-97,Private ; Final demand,Chain volume measures,False,Original,$ Millions,790194.0,A124830437C
1996-97,Private ; Final demand,Chain volume measures,True,Original,Percent,4.4,A124830461C
1996-97,Private ; Final demand,Current prices,False,Original,$ Millions,423778.0,A124830439J
1996-97,Private ; Final demand,Current prices,True,Original,Percent,5.0,A124830463J
1996-97,Private non-farm inventory levels,Chain volume measures,False,Original,$ Millions,141676.0,A2305012K
1996-97,Private non-farm inventory levels - book values,Current prices,False,Original,$ Millions,81044.0,A2304619L
1996-97,Profits share of total factor income,Ratio,False,Original,Percent,24.2,A2304901T
1996-97,Public ; Final demand,Chain volume measures,False,Original,$ Millions,269762.0,A124830436A
1996-97,Public ; Final demand,Chain volume measures,True,Original,Percent,1.2,A124830460A
1996-97,Public ; Final demand,Current prices,False,Original,$ Millions,127678.0,A124830438F
1996-97,Public ; Final demand,Current prices,True,Original,Percent,2.0,A124830462F
1996-97,Real gross domestic income,Chain volume measures,False,Original,$ Millions,1078158.0,A2304775R
1996-97,Real gross domestic income,Chain volume measures,True,Original,Percent,4.5,A2304838L
1996-97,Real gross national income,Chain volume measures,False,Original,$ Millions,1042534.0,A2304735W
1996-97,Real gross national income,Chain volume measures,True,Original,Percent,4.7,A2304810K
1996-97,Real net national disposable income,Chain volume measures,False,Original,$ Millions,878864.0,A2304846L
1996-97,Real net national disposable income,Chain volume measures,True,Original,Percent,4.7,A2304851F
1996-97,Real net national disposable income per capita,Chain volume measures,False,Original,$,47954.0,A2305058T
1996-97,Real net national disposable income per capita,Chain volume measures,True,Original,Percent,3.5,A2305076W
1996-97,Real unit of labour costs,Index,False,Original,Index Numbers,113.7,A2432926J
1996-97,Real unit of labour costs,Index,True,Original,Percent,0.7,A2478946W
1996-97,Real unit of labour costs - Non-farm,Index,False,Original,Index Numbers,111.0,A2432927K
1996-97,Real unit of labour costs - Non-farm,Index,True,Original,Percent,0.3,A2478947X
1996-97,Terms of trade,Index,False,Original,Index Numbers,52.4,A2304708R
1996-97,Terms of trade,Index,True,Original,Percent,3.0,A2304802K
1996-97,Total sales,Current prices,False,Original,$ Millions,327147.0,A2304632F
1996-97,Wages share of total factor income,Ratio,False,Original,Percent,55.7,A2304902V
1997-98,Average compensation per employee,Current prices,False,Original,$,39613.0,A2304854L
1997-98,Average compensation per employee,Current prices,True,Original,Percent,3.2,A2304907F
1997-98,Average non-farm compensation per employee,Current prices,False,Original,$,39893.0,A2304919R
1997-98,Average non-farm compensation per employee,Current prices,True,Original,Percent,3.2,A2304923F
1997-98,Compensation of employees per hour,Current prices,False,Original,$,22.8,A129552316A
1997-98,Compensation of employees per hour,Current prices,True,Original,Percent,3.6,A129552318F
1997-98,Domestic final demand,Index,False,Original,Index Numbers,52.0,A2304703C
1997-98,Domestic final demand,Index,True,Original,Percent,1.4,A2304797C
1997-98,Domestic sales,Current prices,False,Original,$ Millions,265570.0,A2304899T
1997-98,Farm ; Gross domestic product,Chain volume measures,False,Original,$ Millions,27612.0,A2304753A
1997-98,Farm ; Gross domestic product,Chain volume measures,True,Original,Percent,0.0,A2304828J
1997-98,Farm ; Gross domestic product,Current prices,False,Original,$ Millions,14413.0,A2304615C
1997-98,Farm ; Gross domestic product,Current prices,True,Original,Percent,-1.2,A2304655W
1997-98,Farm ; Gross domestic product,Implicit price deflators,False,Original,Index Numbers,52.2,A2304680X
1997-98,Farm ; Gross domestic product,Implicit price deflators,True,Original,Percent,-1.2,A2304788A
1997-98,GDP per capita,Chain volume measures,False,Original,$,69426.0,A2305001C
1997-98,GDP per capita,Chain volume measures,True,Original,Percent,3.7,A2305033W
1997-98,GDP per capita,Current prices,False,Original,$,31893.0,A2304887J
1997-98,GDP per hour worked,Index,False,Original,Index Numbers,74.5,A2304964A
1997-98,GDP per hour worked,Index,True,Original,Percent,3.7,A2305020K
1997-98,Gross domestic product,Chain volume measures,False,Original,$ Millions,1284888.0,A2304755F
1997-98,Gross domestic product,Chain volume measures,True,Original,Percent,4.7,A2304830V
1997-98,Gross domestic product,Current prices,False,Original,$ Millions,590253.0,A2304617J
1997-98,Gross domestic product,Current prices,True,Original,Percent,5.9,A2304657A
1997-98,Gross domestic product,Index,False,Original,Index Numbers,45.3,A2304706K
1997-98,Gross domestic product,Index,True,Original,Percent,1.1,A2304800F
1997-98,Gross domestic product - Expenditure based,Chain volume measures,False,Original,$ Millions,1284888.0,A2304843F
1997-98,Gross domestic product - Expenditure based,Chain volume measures,True,Original,Percent,4.7,A2304848T
1997-98,Gross domestic product - Income based,Chain volume measures,False,Original,$ Millions,1284888.0,A2304844J
1997-98,Gross domestic product - Income based,Chain volume measures,True,Original,Percent,4.7,A2304849V
1997-98,Gross domestic product - Production based,Chain volume measures,False,Original,$ Millions,1284888.0,A2304845K
1997-98,Gross domestic product - Production based,Chain volume measures,True,Original,Percent,4.7,A2304850C
1997-98,Gross fixed capital formation - New private business investment,Chain volume measures,False,Original,$ Millions,106407.0,A2305130X
1997-98,Gross fixed capital formation - New private business investment,Chain volume measures,True,Original,Percent,9.9,A2305128L
1997-98,Gross fixed capital formation - New private business investment,Current prices,False,Original,$ Millions,81673.0,A2305129R
1997-98,Gross fixed capital formation - New private business investment,Current prices,True,Original,Percent,11.0,A2305127K
1997-98,Gross national income,Current prices,False,Original,$ Millions,571673.0,A2304605X
1997-98,Gross value added market sector,Chain volume measures,False,Original,$ Millions,853981.0,A3605667L
1997-98,Gross value added market sector,Chain volume measures,True,Original,Percent,5.2,A3605665J
1997-98,Gross value added non-market sector,Chain volume measures,False,Original,$ Millions,203036.0,A130272186A
1997-98,Gross value added non-market sector,Chain volume measures,True,Original,Percent,2.1,A130272183V
1997-98,Gross value added per hour worked market sector,Index,False,Original,Index Numbers,67.9,A3605668R
1997-98,Gross value added per hour worked market sector,Index,True,Original,Percent,4.5,A3605666K
1997-98,Gross value added per hour worked non-market sector,Index,False,Original,Index Numbers,86.0,A130272188F
1997-98,Gross value added per hour worked non-market sector,Index,True,Original,Percent,0.4,A130272185X
1997-98,Hours worked,Index,False,Original,Index Numbers,64.4,A2304958F
1997-98,Hours worked,Index,True,Original,Percent,0.9,A2305015T
1997-98,Hours worked market sector,Index,False,Original,Index Numbers,69.7,A2305086A
1997-98,Hours worked market sector,Index,True,Original,Percent,0.7,A2305088F
1997-98,Hours worked non-market sector,Index,False,Original,Index Numbers,49.9,A130272187C
1997-98,Hours worked non-market sector,Index,True,Original,Percent,1.7,A130272184W
1997-98,Household saving ratio,Ratio,False,Original,proportion,3.1,A2323368K
1997-98,Households ; Final consumption expenditure - Discretionary consumption,Chain volume measures,False,Original,$ Millions,238647.0,A124830443X
1997-98,Households ; Final consumption expenditure - Discretionary consumption,Chain volume measures,True,Original,Percent,6.4,A124830467T
1997-98,Households ; Final consumption expenditure - Discretionary consumption,Current prices,False,Original,$ Millions,152553.0,A124830453C
1997-98,Households ; Final consumption expenditure - Discretionary consumption,Current prices,True,Original,Percent,6.6,A124830477W
1997-98,Households ; Final consumption expenditure - Essential consumption,Chain volume measures,False,Original,$ Millions,392359.0,A124830442W
1997-98,Households ; Final consumption expenditure - Essential consumption,Chain volume measures,True,Original,Percent,4.1,A124830466R
1997-98,Households ; Final consumption expenditure - Essential consumption,Current prices,False,Original,$ Millions,184157.0,A124830452A
1997-98,Households ; Final consumption expenditure - Essential consumption,Current prices,True,Original,Percent,6.5,A124830476V
1997-98,Households ; Final consumption expenditure - Goods,Chain volume measures,False,Original,$ Millions,218549.0,A124830440T
1997-98,Households ; Final consumption expenditure - Goods,Chain volume measures,True,Original,Percent,5.6,A124830464K
1997-98,Households ; Final consumption expenditure - Goods,Current prices,False,Original,$ Millions,142729.0,A124830450W
1997-98,Households ; Final consumption expenditure - Goods,Current prices,True,Original,Percent,5.1,A124830474R
1997-98,Households ; Final consumption expenditure - Services,Chain volume measures,False,Original,$ Millions,410905.0,A124830441V
1997-98,Households ; Final consumption expenditure - Services,Chain volume measures,True,Original,Percent,4.8,A124830465L
1997-98,Households ; Final consumption expenditure - Services,Current prices,False,Original,$ Millions,193981.0,A124830451X
1997-98,Households ; Final consumption expenditure - Services,Current prices,True,Original,Percent,7.7,A124830475T
1997-98,Imports of merchandise goods,Current prices,False,Original,$ Millions,89352.0,A2304889L
1997-98,Imports to domestic sales,Ratio,False,Original,proportion,0.336,A2304903W
1997-98,Inventories to total sales,Ratio,False,Original,proportion,0.935,A2304906C
1997-98,Net domestic product,Chain volume measures,False,Original,$ Millions,1117284.0,A2304773K
1997-98,Net domestic product,Chain volume measures,True,Original,Percent,4.6,A2304836J
1997-98,Net saving,Current prices,False,Original,$ Millions,31166.0,A2304633J
1997-98,Non-farm ; Gross domestic product,Chain volume measures,False,Original,$ Millions,1256518.0,A2304754C
1997-98,Non-farm ; Gross domestic product,Chain volume measures,True,Original,Percent,4.8,A2304829K
1997-98,Non-farm ; Gross domestic product,Current prices,False,Original,$ Millions,575840.0,A2304616F
1997-98,Non-farm ; Gross domestic product,Current prices,True,Original,Percent,6.1,A2304656X
1997-98,Non-farm ; Gross domestic product,Implicit price deflators,False,Original,Index Numbers,45.8,A2304681A
1997-98,Non-farm ; Gross domestic product,Implicit price deflators,True,Original,Percent,1.2,A2304789C
1997-98,Non-farm ; Total compensation of employees,Current prices,False,Original,$ Millions,285647.0,A2304583W
1997-98,Non-farm ; Total compensation of employees,Current prices,True,Original,Percent,4.4,A2304645T
1997-98,Non-farm compensation of employees per hour,Current prices,False,Original,$,23.3,A129552317C
1997-98,Non-farm compensation of employees per hour,Current prices,True,Original,Percent,3.9,A129552319J
1997-98,Private ; Final demand,Chain volume measures,False,Original,$ Millions,847715.0,A124830437C
1997-98,Private ; Final demand,Chain volume measures,True,Original,Percent,7.3,A124830461C
1997-98,Private ; Final demand,Current prices,False,Original,$ Millions,460435.0,A124830439J
1997-98,Private ; Final demand,Current prices,True,Original,Percent,8.6,A124830463J
1997-98,Private non-farm inventory levels,Chain volume measures,False,Original,$ Millions,147234.0,A2305012K
1997-98,Private non-farm inventory levels - book values,Current prices,False,Original,$ Millions,83684.0,A2304619L
1997-98,Profits share of total factor income,Ratio,False,Original,Percent,24.5,A2304901T
1997-98,Public ; Final demand,Chain volume measures,False,Original,$ Millions,275031.0,A124830436A
1997-98,Public ; Final demand,Chain volume measures,True,Original,Percent,2.0,A124830460A
1997-98,Public ; Final demand,Current prices,False,Original,$ Millions,132130.0,A124830438F
1997-98,Public ; Final demand,Current prices,True,Original,Percent,3.5,A124830462F
1997-98,Real gross domestic income,Chain volume measures,False,Original,$ Millions,1127391.0,A2304775R
1997-98,Real gross domestic income,Chain volume measures,True,Original,Percent,4.6,A2304838L
1997-98,Real gross national income,Chain volume measures,False,Original,$ Millions,1092479.0,A2304735W
1997-98,Real gross national income,Chain volume measures,True,Original,Percent,4.8,A2304810K
1997-98,Real net national disposable income,Chain volume measures,False,Original,$ Millions,920556.0,A2304846L
1997-98,Real net national disposable income,Chain volume measures,True,Original,Percent,4.7,A2304851F
1997-98,Real net national disposable income per capita,Chain volume measures,False,Original,$,49740.0,A2305058T
1997-98,Real net national disposable income per capita,Chain volume measures,True,Original,Percent,3.7,A2305076W
1997-98,Real unit of labour costs,Index,False,Original,Index Numbers,112.4,A2432926J
1997-98,Real unit of labour costs,Index,True,Original,Percent,-1.1,A2478946W
1997-98,Real unit of labour costs - Non-farm,Index,False,Original,Index Numbers,110.2,A2432927K
1997-98,Real unit of labour costs - Non-farm,Index,True,Original,Percent,-0.7,A2478947X
1997-98,Terms of trade,Index,False,Original,Index Numbers,52.1,A2304708R
1997-98,Terms of trade,Index,True,Original,Percent,-0.6,A2304802K
1997-98,Total sales,Current prices,False,Original,$ Millions,353944.0,A2304632F
1997-98,Wages share of total factor income,Ratio,False,Original,Percent,54.8,A2304902V
1998-99,Average compensation per employee,Current prices,False,Original,$,41146.0,A2304854L
1998-99,Average compensation per employee,Current prices,True,Original,Percent,3.9,A2304907F
1998-99,Average non-farm compensation per employee,Current prices,False,Original,$,41457.0,A2304919R
1998-99,Average non-farm compensation per employee,Current prices,True,Original,Percent,3.9,A2304923F
1998-99,Compensation of employees per hour,Current prices,False,Original,$,23.7,A129552316A
1998-99,Compensation of employees per hour,Current prices,True,Original,Percent,4.3,A129552318F
1998-99,Domestic final demand,Index,False,Original,Index Numbers,52.9,A2304703C
1998-99,Domestic final demand,Index,True,Original,Percent,1.6,A2304797C
1998-99,Domestic sales,Current prices,False,Original,$ Millions,280405.0,A2304899T
1998-99,Farm ; Gross domestic product,Chain volume measures,False,Original,$ Millions,30731.0,A2304753A
1998-99,Farm ; Gross domestic product,Chain volume measures,True,Original,Percent,11.3,A2304828J
1998-99,Farm ; Gross domestic product,Current prices,False,Original,$ Millions,15158.0,A2304615C
1998-99,Farm ; Gross domestic product,Current prices,True,Original,Percent,5.2,A2304655W
1998-99,Farm ; Gross domestic product,Implicit price deflators,False,Original,Index Numbers,49.3,A2304680X
1998-99,Farm ; Gross domestic product,Implicit price deflators,True,Original,Percent,-5.5,A2304788A
1998-99,GDP per capita,Chain volume measures,False,Original,$,72154.0,A2305001C
1998-99,GDP per capita,Chain volume measures,True,Original,Percent,3.9,A2305033W
1998-99,GDP per capita,Current prices,False,Original,$,33306.0,A2304887J
1998-99,GDP per hour worked,Index,False,Original,Index Numbers,77.4,A2304964A
1998-99,GDP per hour worked,Index,True,Original,Percent,3.9,A2305020K
1998-99,Gross domestic product,Chain volume measures,False,Original,$ Millions,1349495.0,A2304755F
1998-99,Gross domestic product,Chain volume measures,True,Original,Percent,5.0,A2304830V
1998-99,Gross domestic product,Current prices,False,Original,$ Millions,622917.0,A2304617J
1998-99,Gross domestic product,Current prices,True,Original,Percent,5.5,A2304657A
1998-99,Gross domestic product,Index,False,Original,Index Numbers,45.5,A2304706K
1998-99,Gross domestic product,Index,True,Original,Percent,0.6,A2304800F
1998-99,Gross domestic product - Expenditure based,Chain volume measures,False,Original,$ Millions,1349495.0,A2304843F
1998-99,Gross domestic product - Expenditure based,Chain volume measures,True,Original,Percent,5.0,A2304848T
1998-99,Gross domestic product - Income based,Chain volume measures,False,Original,$ Millions,1349495.0,A2304844J
1998-99,Gross domestic product - Income based,Chain volume measures,True,Original,Percent,5.0,A2304849V
1998-99,Gross domestic product - Production based,Chain volume measures,False,Original,$ Millions,1349495.0,A2304845K
1998-99,Gross domestic product - Production based,Chain volume measures,True,Original,Percent,5.0,A2304850C
1998-99,Gross fixed capital formation - New private business investment,Chain volume measures,False,Original,$ Millions,110819.0,A2305130X
1998-99,Gross fixed capital formation - New private business investment,Chain volume measures,True,Original,Percent,4.1,A2305128L
1998-99,Gross fixed capital formation - New private business investment,Current prices,False,Original,$ Millions,86074.0,A2305129R
1998-99,Gross fixed capital formation - New private business investment,Current prices,True,Original,Percent,5.4,A2305127K
1998-99,Gross national income,Current prices,False,Original,$ Millions,603510.0,A2304605X
1998-99,Gross value added market sector,Chain volume measures,False,Original,$ Millions,901212.0,A3605667L
1998-99,Gross value added market sector,Chain volume measures,True,Original,Percent,5.5,A3605665J
1998-99,Gross value added non-market sector,Chain volume measures,False,Original,$ Millions,210788.0,A130272186A
1998-99,Gross value added non-market sector,Chain volume measures,True,Original,Percent,3.8,A130272183V
1998-99,Gross value added per hour worked market sector,Index,False,Original,Index Numbers,70.4,A3605668R
1998-99,Gross value added per hour worked market sector,Index,True,Original,Percent,3.6,A3605666K
1998-99,Gross value added per hour worked non-market sector,Index,False,Original,Index Numbers,90.6,A130272188F
1998-99,Gross value added per hour worked non-market sector,Index,True,Original,Percent,5.4,A130272185X
1998-99,Hours worked,Index,False,Original,Index Numbers,65.1,A2304958F
1998-99,Hours worked,Index,True,Original,Percent,1.1,A2305015T
1998-99,Hours worked market sector,Index,False,Original,Index Numbers,71.0,A2305086A
1998-99,Hours worked market sector,Index,True,Original,Percent,1.8,A2305088F
1998-99,Hours worked non-market sector,Index,False,Original,Index Numbers,49.2,A130272187C
1998-99,Hours worked non-market sector,Index,True,Original,Percent,-1.5,A130272184W
1998-99,Household saving ratio,Ratio,False,Original,proportion,0.6,A2323368K
1998-99,Households ; Final consumption expenditure - Discretionary consumption,Chain volume measures,False,Original,$ Millions,253666.0,A124830443X
1998-99,Households ; Final consumption expenditure - Discretionary consumption,Chain volume measures,True,Original,Percent,6.3,A124830467T
1998-99,Households ; Final consumption expenditure - Discretionary consumption,Current prices,False,Original,$ Millions,162926.0,A124830453C
1998-99,Households ; Final consumption expenditure - Discretionary consumption,Current prices,True,Original,Percent,6.8,A124830477W
1998-99,Households ; Final consumption expenditure - Essential consumption,Chain volume measures,False,Original,$ Millions,411806.0,A124830442W
1998-99,Households ; Final consumption expenditure - Essential consumption,Chain volume measures,True,Original,Percent,5.0,A124830466R
1998-99,Households ; Final consumption expenditure - Essential consumption,Current prices,False,Original,$ Millions,196119.0,A124830452A
1998-99,Households ; Final consumption expenditure - Essential consumption,Current prices,True,Original,Percent,6.5,A124830476V
1998-99,Households ; Final consumption expenditure - Goods,Chain volume measures,False,Original,$ Millions,227998.0,A124830440T
1998-99,Households ; Final consumption expenditure - Goods,Chain volume measures,True,Original,Percent,4.3,A124830464K
1998-99,Households ; Final consumption expenditure - Goods,Current prices,False,Original,$ Millions,149109.0,A124830450W
1998-99,Households ; Final consumption expenditure - Goods,Current prices,True,Original,Percent,4.5,A124830474R
1998-99,Households ; Final consumption expenditure - Services,Chain volume measures,False,Original,$ Millions,437506.0,A124830441V
1998-99,Households ; Final consumption expenditure - Services,Chain volume measures,True,Original,Percent,6.5,A124830465L
1998-99,Households ; Final consumption expenditure - Services,Current prices,False,Original,$ Millions,209936.0,A124830451X
1998-99,Households ; Final consumption expenditure - Services,Current prices,True,Original,Percent,8.2,A124830475T
1998-99,Imports of merchandise goods,Current prices,False,Original,$ Millions,96136.0,A2304889L
1998-99,Imports to domestic sales,Ratio,False,Original,proportion,0.343,A2304903W
1998-99,Inventories to total sales,Ratio,False,Original,proportion,0.949,A2304906C
1998-99,Net domestic product,Chain volume measures,False,Original,$ Millions,1173984.0,A2304773K
1998-99,Net domestic product,Chain volume measures,True,Original,Percent,5.1,A2304836J
1998-99,Net saving,Current prices,False,Original,$ Millions,25822.0,A2304633J
1998-99,Non-farm ; Gross domestic product,Chain volume measures,False,Original,$ Millions,1317726.0,A2304754C
1998-99,Non-farm ; Gross domestic product,Chain volume measures,True,Original,Percent,4.9,A2304829K
1998-99,Non-farm ; Gross domestic product,Current prices,False,Original,$ Millions,607759.0,A2304616F
1998-99,Non-farm ; Gross domestic product,Current prices,True,Original,Percent,5.5,A2304656X
1998-99,Non-farm ; Gross domestic product,Implicit price deflators,False,Original,Index Numbers,46.1,A2304681A
1998-99,Non-farm ; Gross domestic product,Implicit price deflators,True,Original,Percent,0.6,A2304789C
1998-99,Non-farm ; Total compensation of employees,Current prices,False,Original,$ Millions,303876.0,A2304583W
1998-99,Non-farm ; Total compensation of employees,Current prices,True,Original,Percent,6.4,A2304645T
1998-99,Non-farm compensation of employees per hour,Current prices,False,Original,$,24.3,A129552317C
1998-99,Non-farm compensation of employees per hour,Current prices,True,Original,Percent,4.2,A129552319J
1998-99,Private ; Final demand,Chain volume measures,False,Original,$ Millions,886080.0,A124830437C
1998-99,Private ; Final demand,Chain volume measures,True,Original,Percent,4.5,A124830461C
1998-99,Private ; Final demand,Current prices,False,Original,$ Millions,487079.0,A124830439J
1998-99,Private ; Final demand,Current prices,True,Original,Percent,5.8,A124830463J
1998-99,Private non-farm inventory levels,Chain volume measures,False,Original,$ Millions,158124.0,A2305012K
1998-99,Private non-farm inventory levels - book values,Current prices,False,Original,$ Millions,87837.0,A2304619L
1998-99,Profits share of total factor income,Ratio,False,Original,Percent,24.6,A2304901T
1998-99,Public ; Final demand,Chain volume measures,False,Original,$ Millions,295273.0,A124830436A
1998-99,Public ; Final demand,Chain volume measures,True,Original,Percent,7.4,A124830460A
1998-99,Public ; Final demand,Current prices,False,Original,$ Millions,146218.0,A124830438F
1998-99,Public ; Final demand,Current prices,True,Original,Percent,10.7,A124830462F
1998-99,Real gross domestic income,Chain volume measures,False,Original,$ Millions,1173047.0,A2304775R
1998-99,Real gross domestic income,Chain volume measures,True,Original,Percent,4.0,A2304838L
1998-99,Real gross national income,Chain volume measures,False,Original,$ Millions,1137104.0,A2304735W
1998-99,Real gross national income,Chain volume measures,True,Original,Percent,4.1,A2304810K
1998-99,Real net national disposable income,Chain volume measures,False,Original,$ Millions,956533.0,A2304846L
1998-99,Real net national disposable income,Chain volume measures,True,Original,Percent,3.9,A2304851F
1998-99,Real net national disposable income per capita,Chain volume measures,False,Original,$,51144.0,A2305058T
1998-99,Real net national disposable income per capita,Chain volume measures,True,Original,Percent,2.8,A2305076W
1998-99,Real unit of labour costs,Index,False,Original,Index Numbers,112.3,A2432926J
1998-99,Real unit of labour costs,Index,True,Original,Percent,-0.1,A2478946W
1998-99,Real unit of labour costs - Non-farm,Index,False,Original,Index Numbers,110.3,A2432927K
1998-99,Real unit of labour costs - Non-farm,Index,True,Original,Percent,0.1,A2478947X
1998-99,Terms of trade,Index,False,Original,Index Numbers,49.5,A2304708R
1998-99,Terms of trade,Index,True,Original,Percent,-4.9,A2304802K
1998-99,Total sales,Current prices,False,Original,$ Millions,365912.0,A2304632F
1998-99,Wages share of total factor income,Ratio,False,Original,Percent,55.4,A2304902V
1999-00,Average compensation per employee,Current prices,False,Original,$,42534.0,A2304854L
1999-00,Average compensation per employee,Current prices,True,Original,Percent,3.4,A2304907F
1999-00,Average non-farm compensation per employee,Current prices,False,Original,$,42905.0,A2304919R
1999-00,Average non-farm compensation per employee,Current prices,True,Original,Percent,3.5,A2304923F
1999-00,Compensation of employees per hour,Current prices,False,Original,$,24.4,A129552316A
1999-00,Compensation of employees per hour,Current prices,True,Original,Percent,2.6,A129552318F
1999-00,Domestic final demand,Index,False,Original,Index Numbers,53.7,A2304703C
1999-00,Domestic final demand,Index,True,Original,Percent,1.5,A2304797C
1999-00,Domestic sales,Current prices,False,Original,$ Millions,298764.0,A2304899T
1999-00,Farm ; Gross domestic product,Chain volume measures,False,Original,$ Millions,32261.0,A2304753A
1999-00,Farm ; Gross domestic product,Chain volume measures,True,Original,Percent,5.0,A2304828J
1999-00,Farm ; Gross domestic product,Current prices,False,Original,$ Millions,16229.0,A2304615C
1999-00,Farm ; Gross domestic product,Current prices,True,Original,Percent,7.1,A2304655W
1999-00,Farm ; Gross domestic product,Implicit price deflators,False,Original,Index Numbers,50.3,A2304680X
1999-00,Farm ; Gross domestic product,Implicit price deflators,True,Original,Percent,2.0,A2304788A
1999-00,GDP per capita,Chain volume measures,False,Original,$,74133.0,A2305001C
1999-00,GDP per capita,Chain volume measures,True,Original,Percent,2.7,A2305033W
1999-00,GDP per capita,Current prices,False,Original,$,35093.0,A2304887J
1999-00,GDP per hour worked,Index,False,Original,Index Numbers,78.0,A2304964A
1999-00,GDP per hour worked,Index,True,Original,Percent,0.8,A2305020K
1999-00,Gross domestic product,Chain volume measures,False,Original,$ Millions,1402342.0,A2304755F
1999-00,Gross domestic product,Chain volume measures,True,Original,Percent,3.9,A2304830V
1999-00,Gross domestic product,Current prices,False,Original,$ Millions,663843.0,A2304617J
1999-00,Gross domestic product,Current prices,True,Original,Percent,6.6,A2304657A
1999-00,Gross domestic product,Index,False,Original,Index Numbers,46.5,A2304706K
1999-00,Gross domestic product,Index,True,Original,Percent,2.1,A2304800F
1999-00,Gross domestic product - Expenditure based,Chain volume measures,False,Original,$ Millions,1402342.0,A2304843F
1999-00,Gross domestic product - Expenditure based,Chain volume measures,True,Original,Percent,3.9,A2304848T
1999-00,Gross domestic product - Income based,Chain volume measures,False,Original,$ Millions,1402342.0,A2304844J
1999-00,Gross domestic product - Income based,Chain volume measures,True,Original,Percent,3.9,A2304849V
1999-00,Gross domestic product - Production based,Chain volume measures,False,Original,$ Millions,1402342.0,A2304845K
1999-00,Gross domestic product - Production based,Chain volume measures,True,Original,Percent,3.9,A2304850C
1999-00,Gross fixed capital formation - New private business investment,Chain volume measures,False,Original,$ Millions,118645.0,A2305130X
1999-00,Gross fixed capital formation - New private business investment,Chain volume measures,True,Original,Percent,7.1,A2305128L
1999-00,Gross fixed capital formation - New private business investment,Current prices,False,Original,$ Millions,90764.0,A2305129R
1999-00,Gross fixed capital formation - New private business investment,Current prices,True,Original,Percent,5.4,A2305127K
1999-00,Gross national income,Current prices,False,Original,$ Millions,644759.0,A2304605X
1999-00,Gross value added market sector,Chain volume measures,False,Original,$ Millions,940005.0,A3605667L
1999-00,Gross value added market sector,Chain volume measures,True,Original,Percent,4.3,A3605665J
1999-00,Gross value added non-market sector,Chain volume measures,False,Original,$ Millions,216665.0,A130272186A
1999-00,Gross value added non-market sector,Chain volume measures,True,Original,Percent,2.8,A130272183V
1999-00,Gross value added per hour worked market sector,Index,False,Original,Index Numbers,70.7,A3605668R
1999-00,Gross value added per hour worked market sector,Index,True,Original,Percent,0.5,A3605666K
1999-00,Gross value added per hour worked non-market sector,Index,False,Original,Index Numbers,92.6,A130272188F
1999-00,Gross value added per hour worked non-market sector,Index,True,Original,Percent,2.2,A130272185X
1999-00,Hours worked,Index,False,Original,Index Numbers,67.1,A2304958F
1999-00,Hours worked,Index,True,Original,Percent,3.1,A2305015T
1999-00,Hours worked market sector,Index,False,Original,Index Numbers,73.6,A2305086A
1999-00,Hours worked market sector,Index,True,Original,Percent,3.8,A2305088F
1999-00,Hours worked non-market sector,Index,False,Original,Index Numbers,49.4,A130272187C
1999-00,Hours worked non-market sector,Index,True,Original,Percent,0.5,A130272184W
1999-00,Household saving ratio,Ratio,False,Original,proportion,0.1,A2323368K
1999-00,Households ; Final consumption expenditure - Discretionary consumption,Chain volume measures,False,Original,$ Millions,264603.0,A124830443X
1999-00,Households ; Final consumption expenditure - Discretionary consumption,Chain volume measures,True,Original,Percent,4.3,A124830467T
1999-00,Households ; Final consumption expenditure - Discretionary consumption,Current prices,False,Original,$ Millions,171718.0,A124830453C
1999-00,Households ; Final consumption expenditure - Discretionary consumption,Current prices,True,Original,Percent,5.4,A124830477W
1999-00,Households ; Final consumption expenditure - Essential consumption,Chain volume measures,False,Original,$ Millions,428693.0,A124830442W
1999-00,Households ; Final consumption expenditure - Essential consumption,Chain volume measures,True,Original,Percent,4.1,A124830466R
1999-00,Households ; Final consumption expenditure - Essential consumption,Current prices,False,Original,$ Millions,209602.0,A124830452A
1999-00,Households ; Final consumption expenditure - Essential consumption,Current prices,True,Original,Percent,6.9,A124830476V
1999-00,Households ; Final consumption expenditure - Goods,Chain volume measures,False,Original,$ Millions,236345.0,A124830440T
1999-00,Households ; Final consumption expenditure - Goods,Chain volume measures,True,Original,Percent,3.7,A124830464K
1999-00,Households ; Final consumption expenditure - Goods,Current prices,False,Original,$ Millions,156391.0,A124830450W
1999-00,Households ; Final consumption expenditure - Goods,Current prices,True,Original,Percent,4.9,A124830474R
1999-00,Households ; Final consumption expenditure - Services,Chain volume measures,False,Original,$ Millions,457529.0,A124830441V
1999-00,Households ; Final consumption expenditure - Services,Chain volume measures,True,Original,Percent,4.6,A124830465L
1999-00,Households ; Final consumption expenditure - Services,Current prices,False,Original,$ Millions,224929.0,A124830451X
1999-00,Households ; Final consumption expenditure - Services,Current prices,True,Original,Percent,7.1,A124830475T
1999-00,Imports of merchandise goods,Current prices,False,Original,$ Millions,108559.0,A2304889L
1999-00,Imports to domestic sales,Ratio,False,Original,proportion,0.363,A2304903W
1999-00,Inventories to total sales,Ratio,False,Original,proportion,0.949,A2304906C
1999-00,Net domestic product,Chain volume measures,False,Original,$ Millions,1217755.0,A2304773K
1999-00,Net domestic product,Chain volume measures,True,Original,Percent,3.7,A2304836J
1999-00,Net saving,Current prices,False,Original,$ Millions,32036.0,A2304633J
1999-00,Non-farm ; Gross domestic product,Chain volume measures,False,Original,$ Millions,1368981.0,A2304754C
1999-00,Non-farm ; Gross domestic product,Chain volume measures,True,Original,Percent,3.9,A2304829K
1999-00,Non-farm ; Gross domestic product,Current prices,False,Original,$ Millions,647614.0,A2304616F
1999-00,Non-farm ; Gross domestic product,Current prices,True,Original,Percent,6.6,A2304656X
1999-00,Non-farm ; Gross domestic product,Implicit price deflators,False,Original,Index Numbers,47.3,A2304681A
1999-00,Non-farm ; Gross domestic product,Implicit price deflators,True,Original,Percent,2.6,A2304789C
1999-00,Non-farm ; Total compensation of employees,Current prices,False,Original,$ Millions,320726.0,A2304583W
1999-00,Non-farm ; Total compensation of employees,Current prices,True,Original,Percent,5.5,A2304645T
1999-00,Non-farm compensation of employees per hour,Current prices,False,Original,$,25.0,A129552317C
1999-00,Non-farm compensation of employees per hour,Current prices,True,Original,Percent,3.0,A129552319J
1999-00,Private ; Final demand,Chain volume measures,False,Original,$ Millions,937001.0,A124830437C
1999-00,Private ; Final demand,Chain volume measures,True,Original,Percent,5.7,A124830461C
1999-00,Private ; Final demand,Current prices,False,Original,$ Millions,524138.0,A124830439J
1999-00,Private ; Final demand,Current prices,True,Original,Percent,7.6,A124830463J
1999-00,Private non-farm inventory levels,Chain volume measures,False,Original,$ Millions,161567.0,A2305012K
1999-00,Private non-farm inventory levels - book values,Current prices,False,Original,$ Millions,95248.0,A2304619L
1999-00,Profits share of total factor income,Ratio,False,Original,Percent,25.5,A2304901T
1999-00,Public ; Final demand,Chain volume measures,False,Original,$ Millions,302541.0,A124830436A
1999-00,Public ; Final demand,Chain volume measures,True,Original,Percent,2.5,A124830460A
1999-00,Public ; Final demand,Current prices,False,Original,$ Millions,151911.0,A124830438F
1999-00,Public ; Final demand,Current prices,True,Original,Percent,3.9,A124830462F
1999-00,Real gross domestic income,Chain volume measures,False,Original,$ Millions,1228407.0,A2304775R
1999-00,Real gross domestic income,Chain volume measures,True,Original,Percent,4.7,A2304838L
1999-00,Real gross national income,Chain volume measures,False,Original,$ Millions,1193704.0,A2304735W
1999-00,Real gross national income,Chain volume measures,True,Original,Percent,5.0,A2304810K
1999-00,Real net national disposable income,Chain volume measures,False,Original,$ Millions,1003867.0,A2304846L
1999-00,Real net national disposable income,Chain volume measures,True,Original,Percent,4.9,A2304851F
1999-00,Real net national disposable income per capita,Chain volume measures,False,Original,$,53068.0,A2305058T
1999-00,Real net national disposable income per capita,Chain volume measures,True,Original,Percent,3.8,A2305076W
1999-00,Real unit of labour costs,Index,False,Original,Index Numbers,111.6,A2432926J
1999-00,Real unit of labour costs,Index,True,Original,Percent,-0.7,A2478946W
1999-00,Real unit of labour costs - Non-farm,Index,False,Original,Index Numbers,109.7,A2432927K
1999-00,Real unit of labour costs - Non-farm,Index,True,Original,Percent,-0.6,A2478947X
1999-00,Terms of trade,Index,False,Original,Index Numbers,51.5,A2304708R
1999-00,Terms of trade,Index,True,Original,Percent,4.0,A2304802K
1999-00,Total sales,Current prices,False,Original,$ Millions,396172.0,A2304632F
1999-00,Wages share of total factor income,Ratio,False,Original,Percent,54.8,A2304902V
2000-01,Average compensation per employee,Current prices,False,Original,$,44373.0,A2304854L
2000-01,Average compensation per employee,Current prices,True,Original,Percent,4.3,A2304907F
2000-01,Average non-farm compensation per employee,Current prices,False,Original,$,44724.0,A2304919R
2000-01,Average non-farm compensation per employee,Current prices,True,Original,Percent,4.2,A2304923F
2000-01,Compensation of employees per hour,Current prices,False,Original,$,25.7,A129552316A
2000-01,Compensation of employees per hour,Current prices,True,Original,Percent,5.5,A129552318F
2000-01,Domestic final demand,Index,False,Original,Index Numbers,56.3,A2304703C
2000-01,Domestic final demand,Index,True,Original,Percent,4.9,A2304797C
2000-01,Domestic sales,Current prices,False,Original,$ Millions,299342.0,A2304899T
2000-01,Farm ; Gross domestic product,Chain volume measures,False,Original,$ Millions,33514.0,A2304753A
2000-01,Farm ; Gross domestic product,Chain volume measures,True,Original,Percent,3.9,A2304828J
2000-01,Farm ; Gross domestic product,Current prices,False,Original,$ Millions,19962.0,A2304615C
2000-01,Farm ; Gross domestic product,Current prices,True,Original,Percent,23.0,A2304655W
2000-01,Farm ; Gross domestic product,Implicit price deflators,False,Original,Index Numbers,59.6,A2304680X
2000-01,Farm ; Gross domestic product,Implicit price deflators,True,Original,Percent,18.4,A2304788A
2000-01,GDP per capita,Chain volume measures,False,Original,$,74762.0,A2305001C
2000-01,GDP per capita,Chain volume measures,True,Original,Percent,0.8,A2305033W
2000-01,GDP per capita,Current prices,False,Original,$,37034.0,A2304887J
2000-01,GDP per hour worked,Index,False,Original,Index Numbers,79.0,A2304964A
2000-01,GDP per hour worked,Index,True,Original,Percent,1.3,A2305020K
2000-01,Gross domestic product,Chain volume measures,False,Original,$ Millions,1430830.0,A2304755F
2000-01,Gross domestic product,Chain volume measures,True,Original,Percent,2.0,A2304830V
2000-01,Gross domestic product,Current prices,False,Original,$ Millions,708764.0,A2304617J
2000-01,Gross domestic product,Current prices,True,Original,Percent,6.8,A2304657A
2000-01,Gross domestic product,Index,False,Original,Index Numbers,48.8,A2304706K
2000-01,Gross domestic product,Index,True,Original,Percent,5.1,A2304800F
2000-01,Gross domestic product - Expenditure based,Chain volume measures,False,Original,$ Millions,1430830.0,A2304843F
2000-01,Gross domestic product - Expenditure based,Chain volume measures,True,Original,Percent,2.0,A2304848T
2000-01,Gross domestic product - Income based,Chain volume measures,False,Original,$ Millions,1430830.0,A2304844J
2000-01,Gross domestic product - Income based,Chain volume measures,True,Original,Percent,2.0,A2304849V
2000-01,Gross domestic product - Production based,Chain volume measures,False,Original,$ Millions,1430830.0,A2304845K
2000-01,Gross domestic product - Production based,Chain volume measures,True,Original,Percent,2.0,A2304850C
2000-01,Gross fixed capital formation - Mining private business investment,Current prices,False,Original,$ Millions,10828.0,A108322798W
2000-01,Gross fixed capital formation - New private business investment,Chain volume measures,False,Original,$ Millions,117386.0,A2305130X
2000-01,Gross fixed capital formation - New private business investment,Chain volume measures,True,Original,Percent,-1.1,A2305128L
2000-01,Gross fixed capital formation - New private business investment,Current prices,False,Original,$ Millions,92172.0,A2305129R
2000-01,Gross fixed capital formation - New private business investment,Current prices,True,Original,Percent,1.6,A2305127K
2000-01,Gross fixed capital formation - Non-mining private business investment,Current prices,False,Original,$ Millions,79793.0,A108322799X
2000-01,Gross national income,Current prices,False,Original,$ Millions,688982.0,A2304605X
2000-01,Gross value added market sector,Chain volume measures,False,Original,$ Millions,957808.0,A3605667L
2000-01,Gross value added market sector,Chain volume measures,True,Original,Percent,1.9,A3605665J
2000-01,Gross value added non-market sector,Chain volume measures,False,Original,$ Millions,224025.0,A130272186A
2000-01,Gross value added non-market sector,Chain volume measures,True,Original,Percent,3.4,A130272183V
2000-01,Gross value added per hour worked market sector,Index,False,Original,Index Numbers,71.7,A3605668R
2000-01,Gross value added per hour worked market sector,Index,True,Original,Percent,1.4,A3605666K
2000-01,Gross value added per hour worked non-market sector,Index,False,Original,Index Numbers,94.1,A130272188F
2000-01,Gross value added per hour worked non-market sector,Index,True,Original,Percent,1.6,A130272185X
2000-01,Hours worked,Index,False,Original,Index Numbers,67.6,A2304958F
2000-01,Hours worked,Index,True,Original,Percent,0.7,A2305015T
2000-01,Hours worked market sector,Index,False,Original,Index Numbers,74.0,A2305086A
2000-01,Hours worked market sector,Index,True,Original,Percent,0.5,A2305088F
2000-01,Hours worked non-market sector,Index,False,Original,Index Numbers,50.3,A130272187C
2000-01,Hours worked non-market sector,Index,True,Original,Percent,1.8,A130272184W
2000-01,Household saving ratio,Ratio,False,Original,proportion,1.4,A2323368K
2000-01,Households ; Final consumption expenditure - Discretionary consumption,Chain volume measures,False,Original,$ Millions,273250.0,A124830443X
2000-01,Households ; Final consumption expenditure - Discretionary consumption,Chain volume measures,True,Original,Percent,3.3,A124830467T
2000-01,Households ; Final consumption expenditure - Discretionary consumption,Current prices,False,Original,$ Millions,185645.0,A124830453C
2000-01,Households ; Final consumption expenditure - Discretionary consumption,Current prices,True,Original,Percent,8.1,A124830477W
2000-01,Households ; Final consumption expenditure - Essential consumption,Chain volume measures,False,Original,$ Millions,443151.0,A124830442W
2000-01,Households ; Final consumption expenditure - Essential consumption,Chain volume measures,True,Original,Percent,3.4,A124830466R
2000-01,Households ; Final consumption expenditure - Essential consumption,Current prices,False,Original,$ Millions,225857.0,A124830452A
2000-01,Households ; Final consumption expenditure - Essential consumption,Current prices,True,Original,Percent,7.8,A124830476V
2000-01,Households ; Final consumption expenditure - Goods,Chain volume measures,False,Original,$ Millions,244572.0,A124830440T
2000-01,Households ; Final consumption expenditure - Goods,Chain volume measures,True,Original,Percent,3.5,A124830464K
2000-01,Households ; Final consumption expenditure - Goods,Current prices,False,Original,$ Millions,167836.0,A124830450W
2000-01,Households ; Final consumption expenditure - Goods,Current prices,True,Original,Percent,7.3,A124830474R
2000-01,Households ; Final consumption expenditure - Services,Chain volume measures,False,Original,$ Millions,472249.0,A124830441V
2000-01,Households ; Final consumption expenditure - Services,Chain volume measures,True,Original,Percent,3.2,A124830465L
2000-01,Households ; Final consumption expenditure - Services,Current prices,False,Original,$ Millions,243666.0,A124830451X
2000-01,Households ; Final consumption expenditure - Services,Current prices,True,Original,Percent,8.3,A124830475T
2000-01,Imports of merchandise goods,Current prices,False,Original,$ Millions,119008.0,A2304889L
2000-01,Imports to domestic sales,Ratio,False,Original,proportion,0.398,A2304903W
2000-01,Inventories to total sales,Ratio,False,Original,proportion,0.962,A2304906C
2000-01,Net domestic product,Chain volume measures,False,Original,$ Millions,1236462.0,A2304773K
2000-01,Net domestic product,Chain volume measures,True,Original,Percent,1.5,A2304836J
2000-01,Net saving,Current prices,False,Original,$ Millions,27616.0,A2304633J
2000-01,Non-farm ; Gross domestic product,Chain volume measures,False,Original,$ Millions,1396155.0,A2304754C
2000-01,Non-farm ; Gross domestic product,Chain volume measures,True,Original,Percent,2.0,A2304829K
2000-01,Non-farm ; Gross domestic product,Current prices,False,Original,$ Millions,688802.0,A2304616F
2000-01,Non-farm ; Gross domestic product,Current prices,True,Original,Percent,6.4,A2304656X
2000-01,Non-farm ; Gross domestic product,Implicit price deflators,False,Original,Index Numbers,49.3,A2304681A
2000-01,Non-farm ; Gross domestic product,Implicit price deflators,True,Original,Percent,4.3,A2304789C
2000-01,Non-farm ; Total compensation of employees,Current prices,False,Original,$ Millions,342236.0,A2304583W
2000-01,Non-farm ; Total compensation of employees,Current prices,True,Original,Percent,6.7,A2304645T
2000-01,Non-farm compensation of employees per hour,Current prices,False,Original,$,26.4,A129552317C
2000-01,Non-farm compensation of employees per hour,Current prices,True,Original,Percent,5.8,A129552319J
2000-01,Private ; Final demand,Chain volume measures,False,Original,$ Millions,934396.0,A124830437C
2000-01,Private ; Final demand,Chain volume measures,True,Original,Percent,-0.3,A124830461C
2000-01,Private ; Final demand,Current prices,False,Original,$ Millions,545864.0,A124830439J
2000-01,Private ; Final demand,Current prices,True,Original,Percent,4.1,A124830463J
2000-01,Private non-farm inventory levels,Chain volume measures,False,Original,$ Millions,164750.0,A2305012K
2000-01,Private non-farm inventory levels - book values,Current prices,False,Original,$ Millions,101578.0,A2304619L
2000-01,Profits share of total factor income,Ratio,False,Original,Percent,25.8,A2304901T
2000-01,Public ; Final demand,Chain volume measures,False,Original,$ Millions,308098.0,A124830436A
2000-01,Public ; Final demand,Chain volume measures,True,Original,Percent,1.8,A124830460A
2000-01,Public ; Final demand,Current prices,False,Original,$ Millions,160946.0,A124830438F
2000-01,Public ; Final demand,Current prices,True,Original,Percent,5.9,A124830462F
2000-01,Real gross domestic income,Chain volume measures,False,Original,$ Millions,1257679.0,A2304775R
2000-01,Real gross domestic income,Chain volume measures,True,Original,Percent,2.4,A2304838L
2000-01,Real gross national income,Chain volume measures,False,Original,$ Millions,1223201.0,A2304735W
2000-01,Real gross national income,Chain volume measures,True,Original,Percent,2.5,A2304810K
2000-01,Real net national disposable income,Chain volume measures,False,Original,$ Millions,1023836.0,A2304846L
2000-01,Real net national disposable income,Chain volume measures,True,Original,Percent,2.0,A2304851F
2000-01,Real net national disposable income per capita,Chain volume measures,False,Original,$,53496.0,A2305058T
2000-01,Real net national disposable income per capita,Chain volume measures,True,Original,Percent,0.8,A2305076W
2000-01,Real unit of labour costs,Index,False,Original,Index Numbers,111.0,A2432926J
2000-01,Real unit of labour costs,Index,True,Original,Percent,-0.5,A2478946W
2000-01,Real unit of labour costs - Non-farm,Index,False,Original,Index Numbers,109.8,A2432927K
2000-01,Real unit of labour costs - Non-farm,Index,True,Original,Percent,0.1,A2478947X
2000-01,Terms of trade,Index,False,Original,Index Numbers,52.4,A2304708R
2000-01,Terms of trade,Index,True,Original,Percent,1.7,A2304802K
2000-01,Total sales,Current prices,False,Original,$ Millions,419376.0,A2304632F
2000-01,Wages share of total factor income,Ratio,False,Original,Percent,55.2,A2304902V
2001-02,Average compensation per employee,Current prices,False,Original,$,46088.0,A2304854L
2001-02,Average compensation per employee,Current prices,True,Original,Percent,3.9,A2304907F
2001-02,Average non-farm compensation per employee,Current prices,False,Original,$,46576.0,A2304919R
2001-02,Average non-farm compensation per employee,Current prices,True,Original,Percent,4.1,A2304923F
2001-02,Compensation of employees per hour,Current prices,False,Original,$,27.0,A129552316A
2001-02,Compensation of employees per hour,Current prices,True,Original,Percent,5.2,A129552318F
2001-02,Domestic final demand,Index,False,Original,Index Numbers,57.7,A2304703C
2001-02,Domestic final demand,Index,True,Original,Percent,2.4,A2304797C
2001-02,Domestic sales,Current prices,False,Original,$ Millions,322396.0,A2304899T
2001-02,Farm ; Gross domestic product,Chain volume measures,False,Original,$ Millions,34793.0,A2304753A
2001-02,Farm ; Gross domestic product,Chain volume measures,True,Original,Percent,3.8,A2304828J
2001-02,Farm ; Gross domestic product,Current prices,False,Original,$ Millions,24910.0,A2304615C
2001-02,Farm ; Gross domestic product,Current prices,True,Original,Percent,24.8,A2304655W
2001-02,Farm ; Gross domestic product,Implicit price deflators,False,Original,Index Numbers,71.6,A2304680X
2001-02,Farm ; Gross domestic product,Implicit price deflators,True,Original,Percent,20.2,A2304788A
2001-02,GDP per capita,Chain volume measures,False,Original,$,76731.0,A2305001C
2001-02,GDP per capita,Chain volume measures,True,Original,Percent,2.6,A2305033W
2001-02,GDP per capita,Current prices,False,Original,$,39088.0,A2304887J
2001-02,GDP per hour worked,Index,False,Original,Index Numbers,82.0,A2304964A
2001-02,GDP per hour worked,Index,True,Original,Percent,3.8,A2305020K
2001-02,Gross domestic product,Chain volume measures,False,Original,$ Millions,1487345.0,A2304755F
2001-02,Gross domestic product,Chain volume measures,True,Original,Percent,3.9,A2304830V
2001-02,Gross domestic product,Current prices,False,Original,$ Millions,757685.0,A2304617J
2001-02,Gross domestic product,Current prices,True,Original,Percent,6.9,A2304657A
2001-02,Gross domestic product,Index,False,Original,Index Numbers,50.2,A2304706K
2001-02,Gross domestic product,Index,True,Original,Percent,2.7,A2304800F
2001-02,Gross domestic product - Expenditure based,Chain volume measures,False,Original,$ Millions,1487345.0,A2304843F
2001-02,Gross domestic product - Expenditure based,Chain volume measures,True,Original,Percent,3.9,A2304848T
2001-02,Gross domestic product - Income based,Chain volume measures,False,Original,$ Millions,1487345.0,A2304844J
2001-02,Gross domestic product - Income based,Chain volume measures,True,Original,Percent,3.9,A2304849V
2001-02,Gross domestic product - Production based,Chain volume measures,False,Original,$ Millions,1487345.0,A2304845K
2001-02,Gross domestic product - Production based,Chain volume measures,True,Original,Percent,3.9,A2304850C
2001-02,Gross fixed capital formation - Mining private business investment,Chain volume measures,False,Original,$ Millions,25978.0,A108322796T
2001-02,Gross fixed capital formation - Mining private business investment,Current prices,False,Original,$ Millions,14456.0,A108322798W
2001-02,Gross fixed capital formation - Mining private business investment,Current prices,True,Original,Percent,33.5,A108322802A
2001-02,Gross fixed capital formation - New private business investment,Chain volume measures,False,Original,$ Millions,124371.0,A2305130X
2001-02,Gross fixed capital formation - New private business investment,Chain volume measures,True,Original,Percent,6.0,A2305128L
2001-02,Gross fixed capital formation - New private business investment,Current prices,False,Original,$ Millions,98695.0,A2305129R
2001-02,Gross fixed capital formation - New private business investment,Current prices,True,Original,Percent,7.1,A2305127K
2001-02,Gross fixed capital formation - Non-mining private business investment,Chain volume measures,False,Original,$ Millions,91271.0,A108322797V
2001-02,Gross fixed capital formation - Non-mining private business investment,Current prices,False,Original,$ Millions,81052.0,A108322799X
2001-02,Gross fixed capital formation - Non-mining private business investment,Current prices,True,Original,Percent,1.6,A108322803C
2001-02,Gross national income,Current prices,False,Original,$ Millions,737190.0,A2304605X
2001-02,Gross value added market sector,Chain volume measures,False,Original,$ Millions,997313.0,A3605667L
2001-02,Gross value added market sector,Chain volume measures,True,Original,Percent,4.1,A3605665J
2001-02,Gross value added non-market sector,Chain volume measures,False,Original,$ Millions,233571.0,A130272186A
2001-02,Gross value added non-market sector,Chain volume measures,True,Original,Percent,4.3,A130272183V
2001-02,Gross value added per hour worked market sector,Index,False,Original,Index Numbers,75.1,A3605668R
2001-02,Gross value added per hour worked market sector,Index,True,Original,Percent,4.8,A3605666K
2001-02,Gross value added per hour worked non-market sector,Index,False,Original,Index Numbers,95.1,A130272188F
2001-02,Gross value added per hour worked non-market sector,Index,True,Original,Percent,1.1,A130272185X
2001-02,Hours worked,Index,False,Original,Index Numbers,67.7,A2304958F
2001-02,Hours worked,Index,True,Original,Percent,0.1,A2305015T
2001-02,Hours worked market sector,Index,False,Original,Index Numbers,73.5,A2305086A
2001-02,Hours worked market sector,Index,True,Original,Percent,-0.6,A2305088F
2001-02,Hours worked non-market sector,Index,False,Original,Index Numbers,51.9,A130272187C
2001-02,Hours worked non-market sector,Index,True,Original,Percent,3.1,A130272184W
2001-02,Household saving ratio,Ratio,False,Original,proportion,2.6,A2323368K
2001-02,Households ; Final consumption expenditure - Discretionary consumption,Chain volume measures,False,Original,$ Millions,280306.0,A124830443X
2001-02,Households ; Final consumption expenditure - Discretionary consumption,Chain volume measures,True,Original,Percent,2.6,A124830467T
2001-02,Households ; Final consumption expenditure - Discretionary consumption,Current prices,False,Original,$ Millions,193841.0,A124830453C
2001-02,Households ; Final consumption expenditure - Discretionary consumption,Current prices,True,Original,Percent,4.4,A124830477W
2001-02,Households ; Final consumption expenditure - Essential consumption,Chain volume measures,False,Original,$ Millions,457360.0,A124830442W
2001-02,Households ; Final consumption expenditure - Essential consumption,Chain volume measures,True,Original,Percent,3.2,A124830466R
2001-02,Households ; Final consumption expenditure - Essential consumption,Current prices,False,Original,$ Millions,240387.0,A124830452A
2001-02,Households ; Final consumption expenditure - Essential consumption,Current prices,True,Original,Percent,6.4,A124830476V
2001-02,Households ; Final consumption expenditure - Goods,Chain volume measures,False,Original,$ Millions,253540.0,A124830440T
2001-02,Households ; Final consumption expenditure - Goods,Chain volume measures,True,Original,Percent,3.7,A124830464K
2001-02,Households ; Final consumption expenditure - Goods,Current prices,False,Original,$ Millions,176667.0,A124830450W
2001-02,Households ; Final consumption expenditure - Goods,Current prices,True,Original,Percent,5.3,A124830474R
2001-02,Households ; Final consumption expenditure - Services,Chain volume measures,False,Original,$ Millions,483649.0,A124830441V
2001-02,Households ; Final consumption expenditure - Services,Chain volume measures,True,Original,Percent,2.4,A124830465L
2001-02,Households ; Final consumption expenditure - Services,Current prices,False,Original,$ Millions,257561.0,A124830451X
2001-02,Households ; Final consumption expenditure - Services,Current prices,True,Original,Percent,5.7,A124830475T
2001-02,Imports of merchandise goods,Current prices,False,Original,$ Millions,119890.0,A2304889L
2001-02,Imports to domestic sales,Ratio,False,Original,proportion,0.372,A2304903W
2001-02,Inventories to total sales,Ratio,False,Original,proportion,0.924,A2304906C
2001-02,Net domestic product,Chain volume measures,False,Original,$ Millions,1284265.0,A2304773K
2001-02,Net domestic product,Chain volume measures,True,Original,Percent,3.9,A2304836J
2001-02,Net saving,Current prices,False,Original,$ Millions,39059.0,A2304633J
2001-02,Non-farm ; Gross domestic product,Chain volume measures,False,Original,$ Millions,1451354.0,A2304754C
2001-02,Non-farm ; Gross domestic product,Chain volume measures,True,Original,Percent,4.0,A2304829K
2001-02,Non-farm ; Gross domestic product,Current prices,False,Original,$ Millions,732775.0,A2304616F
2001-02,Non-farm ; Gross domestic product,Current prices,True,Original,Percent,6.4,A2304656X
2001-02,Non-farm ; Gross domestic product,Implicit price deflators,False,Original,Index Numbers,50.5,A2304681A
2001-02,Non-farm ; Gross domestic product,Implicit price deflators,True,Original,Percent,2.3,A2304789C
2001-02,Non-farm ; Total compensation of employees,Current prices,False,Original,$ Millions,360604.0,A2304583W
2001-02,Non-farm ; Total compensation of employees,Current prices,True,Original,Percent,5.4,A2304645T
2001-02,Non-farm compensation of employees per hour,Current prices,False,Original,$,27.8,A129552317C
2001-02,Non-farm compensation of employees per hour,Current prices,True,Original,Percent,5.1,A129552319J
2001-02,Private ; Final demand,Chain volume measures,False,Original,$ Millions,977226.0,A124830437C
2001-02,Private ; Final demand,Chain volume measures,True,Original,Percent,4.6,A124830461C
2001-02,Private ; Final demand,Current prices,False,Original,$ Millions,584976.0,A124830439J
2001-02,Private ; Final demand,Current prices,True,Original,Percent,7.2,A124830463J
2001-02,Private non-farm inventory levels,Chain volume measures,False,Original,$ Millions,165773.0,A2305012K
2001-02,Private non-farm inventory levels - book values,Current prices,False,Original,$ Millions,101212.0,A2304619L
2001-02,Profits share of total factor income,Ratio,False,Original,Percent,24.9,A2304901T
2001-02,Public ; Final demand,Chain volume measures,False,Original,$ Millions,320269.0,A124830436A
2001-02,Public ; Final demand,Chain volume measures,True,Original,Percent,4.0,A124830460A
2001-02,Public ; Final demand,Current prices,False,Original,$ Millions,171828.0,A124830438F
2001-02,Public ; Final demand,Current prices,True,Original,Percent,6.8,A124830462F
2001-02,Real gross domestic income,Chain volume measures,False,Original,$ Millions,1311434.0,A2304775R
2001-02,Real gross domestic income,Chain volume measures,True,Original,Percent,4.3,A2304838L
2001-02,Real gross national income,Chain volume measures,False,Original,$ Millions,1276613.0,A2304735W
2001-02,Real gross national income,Chain volume measures,True,Original,Percent,4.4,A2304810K
2001-02,Real net national disposable income,Chain volume measures,False,Original,$ Millions,1069815.0,A2304846L
2001-02,Real net national disposable income,Chain volume measures,True,Original,Percent,4.5,A2304851F
2001-02,Real net national disposable income per capita,Chain volume measures,False,Original,$,55191.0,A2305058T
2001-02,Real net national disposable income per capita,Chain volume measures,True,Original,Percent,3.2,A2305076W
2001-02,Real unit of labour costs,Index,False,Original,Index Numbers,109.3,A2432926J
2001-02,Real unit of labour costs,Index,True,Original,Percent,-1.6,A2478946W
2001-02,Real unit of labour costs - Non-farm,Index,False,Original,Index Numbers,108.5,A2432927K
2001-02,Real unit of labour costs - Non-farm,Index,True,Original,Percent,-1.2,A2478947X
2001-02,Terms of trade,Index,False,Original,Index Numbers,53.1,A2304708R
2001-02,Terms of trade,Index,True,Original,Percent,1.5,A2304802K
2001-02,Total sales,Current prices,False,Original,$ Millions,443216.0,A2304632F
2001-02,Wages share of total factor income,Ratio,False,Original,Percent,54.2,A2304902V
2002-03,Average compensation per employee,Current prices,False,Original,$,47663.0,A2304854L
2002-03,Average compensation per employee,Current prices,True,Original,Percent,3.4,A2304907F
2002-03,Average non-farm compensation per employee,Current prices,False,Original,$,48037.0,A2304919R
2002-03,Average non-farm compensation per employee,Current prices,True,Original,Percent,3.1,A2304923F
2002-03,Compensation of employees per hour,Current prices,False,Original,$,28.0,A129552316A
2002-03,Compensation of employees per hour,Current prices,True,Original,Percent,3.5,A129552318F
2002-03,Domestic final demand,Index,False,Original,Index Numbers,59.1,A2304703C
2002-03,Domestic final demand,Index,True,Original,Percent,2.5,A2304797C
2002-03,Domestic sales,Current prices,False,Original,$ Millions,357831.0,A2304899T
2002-03,Farm ; Gross domestic product,Chain volume measures,False,Original,$ Millions,25827.0,A2304753A
2002-03,Farm ; Gross domestic product,Chain volume measures,True,Original,Percent,-25.8,A2304828J
2002-03,Farm ; Gross domestic product,Current prices,False,Original,$ Millions,18944.0,A2304615C
2002-03,Farm ; Gross domestic product,Current prices,True,Original,Percent,-24.0,A2304655W
2002-03,Farm ; Gross domestic product,Implicit price deflators,False,Original,Index Numbers,73.4,A2304680X
2002-03,Farm ; Gross domestic product,Implicit price deflators,True,Original,Percent,2.5,A2304788A
2002-03,GDP per capita,Chain volume measures,False,Original,$,78218.0,A2305001C
2002-03,GDP per capita,Chain volume measures,True,Original,Percent,1.9,A2305033W
2002-03,GDP per capita,Current prices,False,Original,$,41037.0,A2304887J
2002-03,GDP per hour worked,Index,False,Original,Index Numbers,82.7,A2304964A
2002-03,GDP per hour worked,Index,True,Original,Percent,0.9,A2305020K
2002-03,Gross domestic product,Chain volume measures,False,Original,$ Millions,1533323.0,A2304755F
2002-03,Gross domestic product,Chain volume measures,True,Original,Percent,3.1,A2304830V
2002-03,Gross domestic product,Current prices,False,Original,$ Millions,804444.0,A2304617J
2002-03,Gross domestic product,Current prices,True,Original,Percent,6.2,A2304657A
2002-03,Gross domestic product,Index,False,Original,Index Numbers,51.5,A2304706K
2002-03,Gross domestic product,Index,True,Original,Percent,2.8,A2304800F
2002-03,Gross domestic product - Expenditure based,Chain volume measures,False,Original,$ Millions,1533323.0,A2304843F
2002-03,Gross domestic product - Expenditure based,Chain volume measures,True,Original,Percent,3.1,A2304848T
2002-03,Gross domestic product - Income based,Chain volume measures,False,Original,$ Millions,1533323.0,A2304844J
2002-03,Gross domestic product - Income based,Chain volume measures,True,Original,Percent,3.1,A2304849V
2002-03,Gross domestic product - Production based,Chain volume measures,False,Original,$ Millions,1533323.0,A2304845K
2002-03,Gross domestic product - Production based,Chain volume measures,True,Original,Percent,3.1,A2304850C
2002-03,Gross fixed capital formation - Mining private business investment,Chain volume measures,False,Original,$ Millions,31291.0,A108322796T
2002-03,Gross fixed capital formation - Mining private business investment,Chain volume measures,True,Original,Percent,20.4,A108322800W
2002-03,Gross fixed capital formation - Mining private business investment,Current prices,False,Original,$ Millions,17852.0,A108322798W
2002-03,Gross fixed capital formation - Mining private business investment,Current prices,True,Original,Percent,23.5,A108322802A
2002-03,Gross fixed capital formation - New private business investment,Chain volume measures,False,Original,$ Millions,143535.0,A2305130X
2002-03,Gross fixed capital formation - New private business investment,Chain volume measures,True,Original,Percent,15.4,A2305128L
2002-03,Gross fixed capital formation - New private business investment,Current prices,False,Original,$ Millions,112759.0,A2305129R
2002-03,Gross fixed capital formation - New private business investment,Current prices,True,Original,Percent,14.2,A2305127K
2002-03,Gross fixed capital formation - Non-mining private business investment,Chain volume measures,False,Original,$ Millions,105312.0,A108322797V
2002-03,Gross fixed capital formation - Non-mining private business investment,Chain volume measures,True,Original,Percent,15.4,A108322801X
2002-03,Gross fixed capital formation - Non-mining private business investment,Current prices,False,Original,$ Millions,92125.0,A108322799X
2002-03,Gross fixed capital formation - Non-mining private business investment,Current prices,True,Original,Percent,13.7,A108322803C
2002-03,Gross national income,Current prices,False,Original,$ Millions,782091.0,A2304605X
2002-03,Gross value added market sector,Chain volume measures,False,Original,$ Millions,1028714.0,A3605667L
2002-03,Gross value added market sector,Chain volume measures,True,Original,Percent,3.1,A3605665J
2002-03,Gross value added non-market sector,Chain volume measures,False,Original,$ Millions,237921.0,A130272186A
2002-03,Gross value added non-market sector,Chain volume measures,True,Original,Percent,1.9,A130272183V
2002-03,Gross value added per hour worked market sector,Index,False,Original,Index Numbers,75.7,A3605668R
2002-03,Gross value added per hour worked market sector,Index,True,Original,Percent,0.8,A3605666K
2002-03,Gross value added per hour worked non-market sector,Index,False,Original,Index Numbers,95.4,A130272188F
2002-03,Gross value added per hour worked non-market sector,Index,True,Original,Percent,0.2,A130272185X
2002-03,Hours worked,Index,False,Original,Index Numbers,69.2,A2304958F
2002-03,Hours worked,Index,True,Original,Percent,2.2,A2305015T
2002-03,Hours worked market sector,Index,False,Original,Index Numbers,75.2,A2305086A
2002-03,Hours worked market sector,Index,True,Original,Percent,2.3,A2305088F
2002-03,Hours worked non-market sector,Index,False,Original,Index Numbers,52.7,A130272187C
2002-03,Hours worked non-market sector,Index,True,Original,Percent,1.6,A130272184W
2002-03,Household saving ratio,Ratio,False,Original,proportion,-1.5,A2323368K
2002-03,Households ; Final consumption expenditure - Discretionary consumption,Chain volume measures,False,Original,$ Millions,295811.0,A124830443X
2002-03,Households ; Final consumption expenditure - Discretionary consumption,Chain volume measures,True,Original,Percent,5.5,A124830467T
2002-03,Households ; Final consumption expenditure - Discretionary consumption,Current prices,False,Original,$ Millions,207968.0,A124830453C
2002-03,Households ; Final consumption expenditure - Discretionary consumption,Current prices,True,Original,Percent,7.3,A124830477W
2002-03,Households ; Final consumption expenditure - Essential consumption,Chain volume measures,False,Original,$ Millions,472331.0,A124830442W
2002-03,Households ; Final consumption expenditure - Essential consumption,Chain volume measures,True,Original,Percent,3.3,A124830466R
2002-03,Households ; Final consumption expenditure - Essential consumption,Current prices,False,Original,$ Millions,257077.0,A124830452A
2002-03,Households ; Final consumption expenditure - Essential consumption,Current prices,True,Original,Percent,6.9,A124830476V
2002-03,Households ; Final consumption expenditure - Goods,Chain volume measures,False,Original,$ Millions,267151.0,A124830440T
2002-03,Households ; Final consumption expenditure - Goods,Chain volume measures,True,Original,Percent,5.4,A124830464K
2002-03,Households ; Final consumption expenditure - Goods,Current prices,False,Original,$ Millions,189567.0,A124830450W
2002-03,Households ; Final consumption expenditure - Goods,Current prices,True,Original,Percent,7.3,A124830474R
2002-03,Households ; Final consumption expenditure - Services,Chain volume measures,False,Original,$ Millions,500750.0,A124830441V
2002-03,Households ; Final consumption expenditure - Services,Chain volume measures,True,Original,Percent,3.5,A124830465L
2002-03,Households ; Final consumption expenditure - Services,Current prices,False,Original,$ Millions,275478.0,A124830451X
2002-03,Households ; Final consumption expenditure - Services,Current prices,True,Original,Percent,7.0,A124830475T
2002-03,Imports of merchandise goods,Current prices,False,Original,$ Millions,131767.0,A2304889L
2002-03,Imports to domestic sales,Ratio,False,Original,proportion,0.368,A2304903W
2002-03,Inventories to total sales,Ratio,False,Original,proportion,0.864,A2304906C
2002-03,Net domestic product,Chain volume measures,False,Original,$ Millions,1319920.0,A2304773K
2002-03,Net domestic product,Chain volume measures,True,Original,Percent,2.8,A2304836J
2002-03,Net saving,Current prices,False,Original,$ Millions,37212.0,A2304633J
2002-03,Non-farm ; Gross domestic product,Chain volume measures,False,Original,$ Millions,1510459.0,A2304754C
2002-03,Non-farm ; Gross domestic product,Chain volume measures,True,Original,Percent,4.1,A2304829K
2002-03,Non-farm ; Gross domestic product,Current prices,False,Original,$ Millions,785500.0,A2304616F
2002-03,Non-farm ; Gross domestic product,Current prices,True,Original,Percent,7.2,A2304656X
2002-03,Non-farm ; Gross domestic product,Implicit price deflators,False,Original,Index Numbers,52.0,A2304681A
2002-03,Non-farm ; Gross domestic product,Implicit price deflators,True,Original,Percent,3.0,A2304789C
2002-03,Non-farm ; Total compensation of employees,Current prices,False,Original,$ Millions,383200.0,A2304583W
2002-03,Non-farm ; Total compensation of employees,Current prices,True,Original,Percent,6.3,A2304645T
2002-03,Non-farm compensation of employees per hour,Current prices,False,Original,$,28.9,A129552317C
2002-03,Non-farm compensation of employees per hour,Current prices,True,Original,Percent,4.1,A129552319J
2002-03,Private ; Final demand,Chain volume measures,False,Original,$ Millions,1044182.0,A124830437C
2002-03,Private ; Final demand,Chain volume measures,True,Original,Percent,6.9,A124830461C
2002-03,Private ; Final demand,Current prices,False,Original,$ Millions,640224.0,A124830439J
2002-03,Private ; Final demand,Current prices,True,Original,Percent,9.4,A124830463J
2002-03,Private non-farm inventory levels,Chain volume measures,False,Original,$ Millions,164351.0,A2305012K
2002-03,Private non-farm inventory levels - book values,Current prices,False,Original,$ Millions,100652.0,A2304619L
2002-03,Profits share of total factor income,Ratio,False,Original,Percent,26.2,A2304901T
2002-03,Public ; Final demand,Chain volume measures,False,Original,$ Millions,330437.0,A124830436A
2002-03,Public ; Final demand,Chain volume measures,True,Original,Percent,3.2,A124830460A
2002-03,Public ; Final demand,Current prices,False,Original,$ Millions,181891.0,A124830438F
2002-03,Public ; Final demand,Current prices,True,Original,Percent,5.9,A124830462F
2002-03,Real gross domestic income,Chain volume measures,False,Original,$ Millions,1356041.0,A2304775R
2002-03,Real gross domestic income,Chain volume measures,True,Original,Percent,3.4,A2304838L
2002-03,Real gross national income,Chain volume measures,False,Original,$ Millions,1318979.0,A2304735W
2002-03,Real gross national income,Chain volume measures,True,Original,Percent,3.3,A2304810K
2002-03,Real net national disposable income,Chain volume measures,False,Original,$ Millions,1101990.0,A2304846L
2002-03,Real net national disposable income,Chain volume measures,True,Original,Percent,3.0,A2304851F
2002-03,Real net national disposable income per capita,Chain volume measures,False,Original,$,56215.0,A2305058T
2002-03,Real net national disposable income per capita,Chain volume measures,True,Original,Percent,1.9,A2305076W
2002-03,Real unit of labour costs,Index,False,Original,Index Numbers,108.9,A2432926J
2002-03,Real unit of labour costs,Index,True,Original,Percent,-0.4,A2478946W
2002-03,Real unit of labour costs - Non-farm,Index,False,Original,Index Numbers,107.7,A2432927K
2002-03,Real unit of labour costs - Non-farm,Index,True,Original,Percent,-0.7,A2478947X
2002-03,Terms of trade,Index,False,Original,Index Numbers,53.9,A2304708R
2002-03,Terms of trade,Index,True,Original,Percent,1.5,A2304802K
2002-03,Total sales,Current prices,False,Original,$ Millions,473467.0,A2304632F
2002-03,Wages share of total factor income,Ratio,False,Original,Percent,54.4,A2304902V
2003-04,Average compensation per employee,Current prices,False,Original,$,49909.0,A2304854L
2003-04,Average compensation per employee,Current prices,True,Original,Percent,4.7,A2304907F
2003-04,Average non-farm compensation per employee,Current prices,False,Original,$,50313.0,A2304919R
2003-04,Average non-farm compensation per employee,Current prices,True,Original,Percent,4.7,A2304923F
2003-04,Compensation of employees per hour,Current prices,False,Original,$,29.3,A129552316A
2003-04,Compensation of employees per hour,Current prices,True,Original,Percent,4.8,A129552318F
2003-04,Domestic final demand,Index,False,Original,Index Numbers,60.1,A2304703C
2003-04,Domestic final demand,Index,True,Original,Percent,1.7,A2304797C
2003-04,Domestic sales,Current prices,False,Original,$ Millions,386173.0,A2304899T
2003-04,Farm ; Gross domestic product,Chain volume measures,False,Original,$ Millions,33432.0,A2304753A
2003-04,Farm ; Gross domestic product,Chain volume measures,True,Original,Percent,29.4,A2304828J
2003-04,Farm ; Gross domestic product,Current prices,False,Original,$ Millions,22394.0,A2304615C
2003-04,Farm ; Gross domestic product,Current prices,True,Original,Percent,18.2,A2304655W
2003-04,Farm ; Gross domestic product,Implicit price deflators,False,Original,Index Numbers,67.0,A2304680X
2003-04,Farm ; Gross domestic product,Implicit price deflators,True,Original,Percent,-8.7,A2304788A
2003-04,GDP per capita,Chain volume measures,False,Original,$,80607.0,A2305001C
2003-04,GDP per capita,Chain volume measures,True,Original,Percent,3.1,A2305033W
2003-04,GDP per capita,Current prices,False,Original,$,43656.0,A2304887J
2003-04,GDP per hour worked,Index,False,Original,Index Numbers,85.0,A2304964A
2003-04,GDP per hour worked,Index,True,Original,Percent,2.8,A2305020K
2003-04,Gross domestic product,Chain volume measures,False,Original,$ Millions,1598013.0,A2304755F
2003-04,Gross domestic product,Chain volume measures,True,Original,Percent,4.2,A2304830V
2003-04,Gross domestic product,Current prices,False,Original,$ Millions,865471.0,A2304617J
2003-04,Gross domestic product,Current prices,True,Original,Percent,7.6,A2304657A
2003-04,Gross domestic product,Index,False,Original,Index Numbers,53.2,A2304706K
2003-04,Gross domestic product,Index,True,Original,Percent,3.3,A2304800F
2003-04,Gross domestic product - Expenditure based,Chain volume measures,False,Original,$ Millions,1598013.0,A2304843F
2003-04,Gross domestic product - Expenditure based,Chain volume measures,True,Original,Percent,4.2,A2304848T
2003-04,Gross domestic product - Income based,Chain volume measures,False,Original,$ Millions,1598013.0,A2304844J
2003-04,Gross domestic product - Income based,Chain volume measures,True,Original,Percent,4.2,A2304849V
2003-04,Gross domestic product - Production based,Chain volume measures,False,Original,$ Millions,1598013.0,A2304845K
2003-04,Gross domestic product - Production based,Chain volume measures,True,Original,Percent,4.2,A2304850C
2003-04,Gross fixed capital formation - Mining private business investment,Chain volume measures,False,Original,$ Millions,33007.0,A108322796T
2003-04,Gross fixed capital formation - Mining private business investment,Chain volume measures,True,Original,Percent,5.5,A108322800W
2003-04,Gross fixed capital formation - Mining private business investment,Current prices,False,Original,$ Millions,19195.0,A108322798W
2003-04,Gross fixed capital formation - Mining private business investment,Current prices,True,Original,Percent,7.5,A108322802A
2003-04,Gross fixed capital formation - New private business investment,Chain volume measures,False,Original,$ Millions,161413.0,A2305130X
2003-04,Gross fixed capital formation - New private business investment,Chain volume measures,True,Original,Percent,12.5,A2305128L
2003-04,Gross fixed capital formation - New private business investment,Current prices,False,Original,$ Millions,123126.0,A2305129R
2003-04,Gross fixed capital formation - New private business investment,Current prices,True,Original,Percent,9.2,A2305127K
2003-04,Gross fixed capital formation - Non-mining private business investment,Chain volume measures,False,Original,$ Millions,118631.0,A108322797V
2003-04,Gross fixed capital formation - Non-mining private business investment,Chain volume measures,True,Original,Percent,12.6,A108322801X
2003-04,Gross fixed capital formation - Non-mining private business investment,Current prices,False,Original,$ Millions,100056.0,A108322799X
2003-04,Gross fixed capital formation - Non-mining private business investment,Current prices,True,Original,Percent,8.6,A108322803C
2003-04,Gross national income,Current prices,False,Original,$ Millions,841110.0,A2304605X
2003-04,Gross value added market sector,Chain volume measures,False,Original,$ Millions,1077297.0,A3605667L
2003-04,Gross value added market sector,Chain volume measures,True,Original,Percent,4.7,A3605665J
2003-04,Gross value added non-market sector,Chain volume measures,False,Original,$ Millions,244646.0,A130272186A
2003-04,Gross value added non-market sector,Chain volume measures,True,Original,Percent,2.8,A130272183V
2003-04,Gross value added per hour worked market sector,Index,False,Original,Index Numbers,78.2,A3605668R
2003-04,Gross value added per hour worked market sector,Index,True,Original,Percent,3.3,A3605666K
2003-04,Gross value added per hour worked non-market sector,Index,False,Original,Index Numbers,96.7,A130272188F
2003-04,Gross value added per hour worked non-market sector,Index,True,Original,Percent,1.4,A130272185X
2003-04,Hours worked,Index,False,Original,Index Numbers,70.1,A2304958F
2003-04,Hours worked,Index,True,Original,Percent,1.4,A2305015T
2003-04,Hours worked market sector,Index,False,Original,Index Numbers,76.3,A2305086A
2003-04,Hours worked market sector,Index,True,Original,Percent,1.4,A2305088F
2003-04,Hours worked non-market sector,Index,False,Original,Index Numbers,53.5,A130272187C
2003-04,Hours worked non-market sector,Index,True,Original,Percent,1.4,A130272184W
2003-04,Household saving ratio,Ratio,False,Original,proportion,-0.9,A2323368K
2003-04,Households ; Final consumption expenditure - Discretionary consumption,Chain volume measures,False,Original,$ Millions,314587.0,A124830443X
2003-04,Households ; Final consumption expenditure - Discretionary consumption,Chain volume measures,True,Original,Percent,6.3,A124830467T
2003-04,Households ; Final consumption expenditure - Discretionary consumption,Current prices,False,Original,$ Millions,221396.0,A124830453C
2003-04,Households ; Final consumption expenditure - Discretionary consumption,Current prices,True,Original,Percent,6.5,A124830477W
2003-04,Households ; Final consumption expenditure - Essential consumption,Chain volume measures,False,Original,$ Millions,493360.0,A124830442W
2003-04,Households ; Final consumption expenditure - Essential consumption,Chain volume measures,True,Original,Percent,4.5,A124830466R
2003-04,Households ; Final consumption expenditure - Essential consumption,Current prices,False,Original,$ Millions,275270.0,A124830452A
2003-04,Households ; Final consumption expenditure - Essential consumption,Current prices,True,Original,Percent,7.1,A124830476V
2003-04,Households ; Final consumption expenditure - Goods,Chain volume measures,False,Original,$ Millions,285357.0,A124830440T
2003-04,Households ; Final consumption expenditure - Goods,Chain volume measures,True,Original,Percent,6.8,A124830464K
2003-04,Households ; Final consumption expenditure - Goods,Current prices,False,Original,$ Millions,202189.0,A124830450W
2003-04,Households ; Final consumption expenditure - Goods,Current prices,True,Original,Percent,6.7,A124830474R
2003-04,Households ; Final consumption expenditure - Services,Chain volume measures,False,Original,$ Millions,522065.0,A124830441V
2003-04,Households ; Final consumption expenditure - Services,Chain volume measures,True,Original,Percent,4.3,A124830465L
2003-04,Households ; Final consumption expenditure - Services,Current prices,False,Original,$ Millions,294477.0,A124830451X
2003-04,Households ; Final consumption expenditure - Services,Current prices,True,Original,Percent,6.9,A124830475T
2003-04,Imports of merchandise goods,Current prices,False,Original,$ Millions,131008.0,A2304889L
2003-04,Imports to domestic sales,Ratio,False,Original,proportion,0.339,A2304903W
2003-04,Inventories to total sales,Ratio,False,Original,proportion,0.838,A2304906C
2003-04,Net domestic product,Chain volume measures,False,Original,$ Millions,1372954.0,A2304773K
2003-04,Net domestic product,Chain volume measures,True,Original,Percent,4.0,A2304836J
2003-04,Net saving,Current prices,False,Original,$ Millions,46929.0,A2304633J
2003-04,Non-farm ; Gross domestic product,Chain volume measures,False,Original,$ Millions,1564995.0,A2304754C
2003-04,Non-farm ; Gross domestic product,Chain volume measures,True,Original,Percent,3.6,A2304829K
2003-04,Non-farm ; Gross domestic product,Current prices,False,Original,$ Millions,843077.0,A2304616F
2003-04,Non-farm ; Gross domestic product,Current prices,True,Original,Percent,7.3,A2304656X
2003-04,Non-farm ; Gross domestic product,Implicit price deflators,False,Original,Index Numbers,53.9,A2304681A
2003-04,Non-farm ; Gross domestic product,Implicit price deflators,True,Original,Percent,3.6,A2304789C
2003-04,Non-farm ; Total compensation of employees,Current prices,False,Original,$ Millions,409216.0,A2304583W
2003-04,Non-farm ; Total compensation of employees,Current prices,True,Original,Percent,6.8,A2304645T
2003-04,Non-farm compensation of employees per hour,Current prices,False,Original,$,30.3,A129552317C
2003-04,Non-farm compensation of employees per hour,Current prices,True,Original,Percent,4.7,A129552319J
2003-04,Private ; Final demand,Chain volume measures,False,Original,$ Millions,1111413.0,A124830437C
2003-04,Private ; Final demand,Chain volume measures,True,Original,Percent,6.4,A124830461C
2003-04,Private ; Final demand,Current prices,False,Original,$ Millions,691242.0,A124830439J
2003-04,Private ; Final demand,Current prices,True,Original,Percent,8.0,A124830463J
2003-04,Private non-farm inventory levels,Chain volume measures,False,Original,$ Millions,172185.0,A2305012K
2003-04,Private non-farm inventory levels - book values,Current prices,False,Original,$ Millions,105214.0,A2304619L
2003-04,Profits share of total factor income,Ratio,False,Original,Percent,26.1,A2304901T
2003-04,Public ; Final demand,Chain volume measures,False,Original,$ Millions,345597.0,A124830436A
2003-04,Public ; Final demand,Chain volume measures,True,Original,Percent,4.6,A124830460A
2003-04,Public ; Final demand,Current prices,False,Original,$ Millions,193685.0,A124830438F
2003-04,Public ; Final demand,Current prices,True,Original,Percent,6.5,A124830462F
2003-04,Real gross domestic income,Chain volume measures,False,Original,$ Millions,1432775.0,A2304775R
2003-04,Real gross domestic income,Chain volume measures,True,Original,Percent,5.7,A2304838L
2003-04,Real gross national income,Chain volume measures,False,Original,$ Millions,1392946.0,A2304735W
2003-04,Real gross national income,Chain volume measures,True,Original,Percent,5.6,A2304810K
2003-04,Real net national disposable income,Chain volume measures,False,Original,$ Millions,1165274.0,A2304846L
2003-04,Real net national disposable income,Chain volume measures,True,Original,Percent,5.7,A2304851F
2003-04,Real net national disposable income per capita,Chain volume measures,False,Original,$,58779.0,A2305058T
2003-04,Real net national disposable income per capita,Chain volume measures,True,Original,Percent,4.6,A2305076W
2003-04,Real unit of labour costs,Index,False,Original,Index Numbers,107.5,A2432926J
2003-04,Real unit of labour costs,Index,True,Original,Percent,-1.2,A2478946W
2003-04,Real unit of labour costs - Non-farm,Index,False,Original,Index Numbers,106.8,A2432927K
2003-04,Real unit of labour costs - Non-farm,Index,True,Original,Percent,-0.9,A2478947X
2003-04,Terms of trade,Index,False,Original,Index Numbers,57.9,A2304708R
2003-04,Terms of trade,Index,True,Original,Percent,7.5,A2304802K
2003-04,Total sales,Current prices,False,Original,$ Millions,495468.0,A2304632F
2003-04,Wages share of total factor income,Ratio,False,Original,Percent,54.0,A2304902V
2004-05,Average compensation per employee,Current prices,False,Original,$,52168.0,A2304854L
2004-05,Average compensation per employee,Current prices,True,Original,Percent,4.5,A2304907F
2004-05,Average non-farm compensation per employee,Current prices,False,Original,$,52551.0,A2304919R
2004-05,Average non-farm compensation per employee,Current prices,True,Original,Percent,4.4,A2304923F
2004-05,Compensation of employees per hour,Current prices,False,Original,$,30.5,A129552316A
2004-05,Compensation of employees per hour,Current prices,True,Original,Percent,4.1,A129552318F
2004-05,Domestic final demand,Index,False,Original,Index Numbers,61.8,A2304703C
2004-05,Domestic final demand,Index,True,Original,Percent,2.7,A2304797C
2004-05,Domestic sales,Current prices,False,Original,$ Millions,418286.0,A2304899T
2004-05,Farm ; Gross domestic product,Chain volume measures,False,Original,$ Millions,34982.0,A2304753A
2004-05,Farm ; Gross domestic product,Chain volume measures,True,Original,Percent,4.6,A2304828J
2004-05,Farm ; Gross domestic product,Current prices,False,Original,$ Millions,22751.0,A2304615C
2004-05,Farm ; Gross domestic product,Current prices,True,Original,Percent,1.6,A2304655W
2004-05,Farm ; Gross domestic product,Implicit price deflators,False,Original,Index Numbers,65.0,A2304680X
2004-05,Farm ; Gross domestic product,Implicit price deflators,True,Original,Percent,-2.9,A2304788A
2004-05,GDP per capita,Chain volume measures,False,Original,$,82242.0,A2305001C
2004-05,GDP per capita,Chain volume measures,True,Original,Percent,2.0,A2305033W
2004-05,GDP per capita,Current prices,False,Original,$,46246.0,A2304887J
2004-05,GDP per hour worked,Index,False,Original,Index Numbers,85.3,A2304964A
2004-05,GDP per hour worked,Index,True,Original,Percent,0.3,A2305020K
2004-05,Gross domestic product,Chain volume measures,False,Original,$ Millions,1648438.0,A2304755F
2004-05,Gross domestic product,Chain volume measures,True,Original,Percent,3.2,A2304830V
2004-05,Gross domestic product,Current prices,False,Original,$ Millions,926930.0,A2304617J
2004-05,Gross domestic product,Current prices,True,Original,Percent,7.1,A2304657A
2004-05,Gross domestic product,Index,False,Original,Index Numbers,55.6,A2304706K
2004-05,Gross domestic product,Index,True,Original,Percent,4.5,A2304800F
2004-05,Gross domestic product - Expenditure based,Chain volume measures,False,Original,$ Millions,1648438.0,A2304843F
2004-05,Gross domestic product - Expenditure based,Chain volume measures,True,Original,Percent,3.2,A2304848T
2004-05,Gross domestic product - Income based,Chain volume measures,False,Original,$ Millions,1648438.0,A2304844J
2004-05,Gross domestic product - Income based,Chain volume measures,True,Original,Percent,3.2,A2304849V
2004-05,Gross domestic product - Production based,Chain volume measures,False,Original,$ Millions,1648438.0,A2304845K
2004-05,Gross domestic product - Production based,Chain volume measures,True,Original,Percent,3.2,A2304850C
2004-05,Gross fixed capital formation - Mining private business investment,Chain volume measures,False,Original,$ Millions,35783.0,A108322796T
2004-05,Gross fixed capital formation - Mining private business investment,Chain volume measures,True,Original,Percent,8.4,A108322800W
2004-05,Gross fixed capital formation - Mining private business investment,Current prices,False,Original,$ Millions,21508.0,A108322798W
2004-05,Gross fixed capital formation - Mining private business investment,Current prices,True,Original,Percent,12.1,A108322802A
2004-05,Gross fixed capital formation - New private business investment,Chain volume measures,False,Original,$ Millions,178875.0,A2305130X
2004-05,Gross fixed capital formation - New private business investment,Chain volume measures,True,Original,Percent,10.8,A2305128L
2004-05,Gross fixed capital formation - New private business investment,Current prices,False,Original,$ Millions,136883.0,A2305129R
2004-05,Gross fixed capital formation - New private business investment,Current prices,True,Original,Percent,11.2,A2305127K
2004-05,Gross fixed capital formation - Non-mining private business investment,Chain volume measures,False,Original,$ Millions,132446.0,A108322797V
2004-05,Gross fixed capital formation - Non-mining private business investment,Chain volume measures,True,Original,Percent,11.6,A108322801X
2004-05,Gross fixed capital formation - Non-mining private business investment,Current prices,False,Original,$ Millions,111495.0,A108322799X
2004-05,Gross fixed capital formation - Non-mining private business investment,Current prices,True,Original,Percent,11.4,A108322803C
2004-05,Gross national income,Current prices,False,Original,$ Millions,892968.0,A2304605X
2004-05,Gross value added market sector,Chain volume measures,False,Original,$ Millions,1111172.0,A3605667L
2004-05,Gross value added market sector,Chain volume measures,True,Original,Percent,3.1,A3605665J
2004-05,Gross value added non-market sector,Chain volume measures,False,Original,$ Millions,252386.0,A130272186A
2004-05,Gross value added non-market sector,Chain volume measures,True,Original,Percent,3.2,A130272183V
2004-05,Gross value added per hour worked market sector,Index,False,Original,Index Numbers,78.3,A3605668R
2004-05,Gross value added per hour worked market sector,Index,True,Original,Percent,0.2,A3605666K
2004-05,Gross value added per hour worked non-market sector,Index,False,Original,Index Numbers,97.6,A130272188F
2004-05,Gross value added per hour worked non-market sector,Index,True,Original,Percent,1.0,A130272185X
2004-05,Hours worked,Index,False,Original,Index Numbers,72.1,A2304958F
2004-05,Hours worked,Index,True,Original,Percent,2.8,A2305015T
2004-05,Hours worked market sector,Index,False,Original,Index Numbers,78.6,A2305086A
2004-05,Hours worked market sector,Index,True,Original,Percent,3.0,A2305088F
2004-05,Hours worked non-market sector,Index,False,Original,Index Numbers,54.6,A130272187C
2004-05,Hours worked non-market sector,Index,True,Original,Percent,2.2,A130272184W
2004-05,Household saving ratio,Ratio,False,Original,proportion,0.1,A2323368K
2004-05,Households ; Final consumption expenditure - Discretionary consumption,Chain volume measures,False,Original,$ Millions,329770.0,A124830443X
2004-05,Households ; Final consumption expenditure - Discretionary consumption,Chain volume measures,True,Original,Percent,4.8,A124830467T
2004-05,Households ; Final consumption expenditure - Discretionary consumption,Current prices,False,Original,$ Millions,232580.0,A124830453C
2004-05,Households ; Final consumption expenditure - Discretionary consumption,Current prices,True,Original,Percent,5.1,A124830477W
2004-05,Households ; Final consumption expenditure - Essential consumption,Chain volume measures,False,Original,$ Millions,514608.0,A124830442W
2004-05,Households ; Final consumption expenditure - Essential consumption,Chain volume measures,True,Original,Percent,4.3,A124830466R
2004-05,Households ; Final consumption expenditure - Essential consumption,Current prices,False,Original,$ Millions,295239.0,A124830452A
2004-05,Households ; Final consumption expenditure - Essential consumption,Current prices,True,Original,Percent,7.3,A124830476V
2004-05,Households ; Final consumption expenditure - Goods,Chain volume measures,False,Original,$ Millions,302235.0,A124830440T
2004-05,Households ; Final consumption expenditure - Goods,Chain volume measures,True,Original,Percent,5.9,A124830464K
2004-05,Households ; Final consumption expenditure - Goods,Current prices,False,Original,$ Millions,213570.0,A124830450W
2004-05,Households ; Final consumption expenditure - Goods,Current prices,True,Original,Percent,5.6,A124830474R
2004-05,Households ; Final consumption expenditure - Services,Chain volume measures,False,Original,$ Millions,540825.0,A124830441V
2004-05,Households ; Final consumption expenditure - Services,Chain volume measures,True,Original,Percent,3.6,A124830465L
2004-05,Households ; Final consumption expenditure - Services,Current prices,False,Original,$ Millions,314249.0,A124830451X
2004-05,Households ; Final consumption expenditure - Services,Current prices,True,Original,Percent,6.7,A124830475T
2004-05,Imports of merchandise goods,Current prices,False,Original,$ Millions,149064.0,A2304889L
2004-05,Imports to domestic sales,Ratio,False,Original,proportion,0.356,A2304903W
2004-05,Inventories to total sales,Ratio,False,Original,proportion,0.832,A2304906C
2004-05,Net domestic product,Chain volume measures,False,Original,$ Millions,1410668.0,A2304773K
2004-05,Net domestic product,Chain volume measures,True,Original,Percent,2.7,A2304836J
2004-05,Net saving,Current prices,False,Original,$ Millions,42867.0,A2304633J
2004-05,Non-farm ; Gross domestic product,Chain volume measures,False,Original,$ Millions,1613763.0,A2304754C
2004-05,Non-farm ; Gross domestic product,Chain volume measures,True,Original,Percent,3.1,A2304829K
2004-05,Non-farm ; Gross domestic product,Current prices,False,Original,$ Millions,904179.0,A2304616F
2004-05,Non-farm ; Gross domestic product,Current prices,True,Original,Percent,7.2,A2304656X
2004-05,Non-farm ; Gross domestic product,Implicit price deflators,False,Original,Index Numbers,56.0,A2304681A
2004-05,Non-farm ; Gross domestic product,Implicit price deflators,True,Original,Percent,4.0,A2304789C
2004-05,Non-farm ; Total compensation of employees,Current prices,False,Original,$ Millions,440571.0,A2304583W
2004-05,Non-farm ; Total compensation of employees,Current prices,True,Original,Percent,7.7,A2304645T
2004-05,Non-farm compensation of employees per hour,Current prices,False,Original,$,31.6,A129552317C
2004-05,Non-farm compensation of employees per hour,Current prices,True,Original,Percent,4.2,A129552319J
2004-05,Private ; Final demand,Chain volume measures,False,Original,$ Millions,1163791.0,A124830437C
2004-05,Private ; Final demand,Chain volume measures,True,Original,Percent,4.7,A124830461C
2004-05,Private ; Final demand,Current prices,False,Original,$ Millions,737150.0,A124830439J
2004-05,Private ; Final demand,Current prices,True,Original,Percent,6.6,A124830463J
2004-05,Private non-farm inventory levels,Chain volume measures,False,Original,$ Millions,182340.0,A2305012K
2004-05,Private non-farm inventory levels - book values,Current prices,False,Original,$ Millions,116206.0,A2304619L
2004-05,Profits share of total factor income,Ratio,False,Original,Percent,25.8,A2304901T
2004-05,Public ; Final demand,Chain volume measures,False,Original,$ Millions,361331.0,A124830436A
2004-05,Public ; Final demand,Chain volume measures,True,Original,Percent,4.6,A124830460A
2004-05,Public ; Final demand,Current prices,False,Original,$ Millions,210752.0,A124830438F
2004-05,Public ; Final demand,Current prices,True,Original,Percent,8.8,A124830462F
2004-05,Real gross domestic income,Chain volume measures,False,Original,$ Millions,1502011.0,A2304775R
2004-05,Real gross domestic income,Chain volume measures,True,Original,Percent,4.8,A2304838L
2004-05,Real gross national income,Chain volume measures,False,Original,$ Millions,1447473.0,A2304735W
2004-05,Real gross national income,Chain volume measures,True,Original,Percent,3.9,A2304810K
2004-05,Real net national disposable income,Chain volume measures,False,Original,$ Millions,1205182.0,A2304846L
2004-05,Real net national disposable income,Chain volume measures,True,Original,Percent,3.4,A2304851F
2004-05,Real net national disposable income per capita,Chain volume measures,False,Original,$,60128.0,A2305058T
2004-05,Real net national disposable income per capita,Chain volume measures,True,Original,Percent,2.3,A2305076W
2004-05,Real unit of labour costs,Index,False,Original,Index Numbers,107.5,A2432926J
2004-05,Real unit of labour costs,Index,True,Original,Percent,0.0,A2478946W
2004-05,Real unit of labour costs - Non-farm,Index,False,Original,Index Numbers,107.0,A2432927K
2004-05,Real unit of labour costs - Non-farm,Index,True,Original,Percent,0.2,A2478947X
2004-05,Terms of trade,Index,False,Original,Index Numbers,63.4,A2304708R
2004-05,Terms of trade,Index,True,Original,Percent,9.5,A2304802K
2004-05,Total sales,Current prices,False,Original,$ Millions,545952.0,A2304632F
2004-05,Wages share of total factor income,Ratio,False,Original,Percent,53.9,A2304902V
2005-06,Average compensation per employee,Current prices,False,Original,$,54142.0,A2304854L
2005-06,Average compensation per employee,Current prices,True,Original,Percent,3.8,A2304907F
2005-06,Average non-farm compensation per employee,Current prices,False,Original,$,54526.0,A2304919R
2005-06,Average non-farm compensation per employee,Current prices,True,Original,Percent,3.8,A2304923F
2005-06,Compensation of employees per hour,Current prices,False,Original,$,31.9,A129552316A
2005-06,Compensation of employees per hour,Current prices,True,Original,Percent,4.4,A129552318F
2005-06,Domestic final demand,Index,False,Original,Index Numbers,63.7,A2304703C
2005-06,Domestic final demand,Index,True,Original,Percent,3.2,A2304797C
2005-06,Domestic sales,Current prices,False,Original,$ Millions,451300.0,A2304899T
2005-06,Farm ; Gross domestic product,Chain volume measures,False,Original,$ Millions,36109.0,A2304753A
2005-06,Farm ; Gross domestic product,Chain volume measures,True,Original,Percent,3.2,A2304828J
2005-06,Farm ; Gross domestic product,Current prices,False,Original,$ Millions,23132.0,A2304615C
2005-06,Farm ; Gross domestic product,Current prices,True,Original,Percent,1.7,A2304655W
2005-06,Farm ; Gross domestic product,Implicit price deflators,False,Original,Index Numbers,64.1,A2304680X
2005-06,Farm ; Gross domestic product,Implicit price deflators,True,Original,Percent,-1.5,A2304788A
2005-06,GDP per capita,Chain volume measures,False,Original,$,83416.0,A2305001C
2005-06,GDP per capita,Chain volume measures,True,Original,Percent,1.4,A2305033W
2005-06,GDP per capita,Current prices,False,Original,$,49303.0,A2304887J
2005-06,GDP per hour worked,Index,False,Original,Index Numbers,86.0,A2304964A
2005-06,GDP per hour worked,Index,True,Original,Percent,0.8,A2305020K
2005-06,Gross domestic product,Chain volume measures,False,Original,$ Millions,1694115.0,A2304755F
2005-06,Gross domestic product,Chain volume measures,True,Original,Percent,2.8,A2304830V
2005-06,Gross domestic product,Current prices,False,Original,$ Millions,1001309.0,A2304617J
2005-06,Gross domestic product,Current prices,True,Original,Percent,8.0,A2304657A
2005-06,Gross domestic product,Index,False,Original,Index Numbers,58.5,A2304706K
2005-06,Gross domestic product,Index,True,Original,Percent,5.3,A2304800F
2005-06,Gross domestic product - Expenditure based,Chain volume measures,False,Original,$ Millions,1694115.0,A2304843F
2005-06,Gross domestic product - Expenditure based,Chain volume measures,True,Original,Percent,2.8,A2304848T
2005-06,Gross domestic product - Income based,Chain volume measures,False,Original,$ Millions,1694115.0,A2304844J
2005-06,Gross domestic product - Income based,Chain volume measures,True,Original,Percent,2.8,A2304849V
2005-06,Gross domestic product - Production based,Chain volume measures,False,Original,$ Millions,1694115.0,A2304845K
2005-06,Gross domestic product - Production based,Chain volume measures,True,Original,Percent,2.8,A2304850C
2005-06,Gross fixed capital formation - Mining private business investment,Chain volume measures,False,Original,$ Millions,54060.0,A108322796T
2005-06,Gross fixed capital formation - Mining private business investment,Chain volume measures,True,Original,Percent,51.1,A108322800W
2005-06,Gross fixed capital formation - Mining private business investment,Current prices,False,Original,$ Millions,33183.0,A108322798W
2005-06,Gross fixed capital formation - Mining private business investment,Current prices,True,Original,Percent,54.3,A108322802A
2005-06,Gross fixed capital formation - New private business investment,Chain volume measures,False,Original,$ Millions,205525.0,A2305130X
2005-06,Gross fixed capital formation - New private business investment,Chain volume measures,True,Original,Percent,14.9,A2305128L
2005-06,Gross fixed capital formation - New private business investment,Current prices,False,Original,$ Millions,157797.0,A2305129R
2005-06,Gross fixed capital formation - New private business investment,Current prices,True,Original,Percent,15.3,A2305127K
2005-06,Gross fixed capital formation - Non-mining private business investment,Chain volume measures,False,Original,$ Millions,142786.0,A108322797V
2005-06,Gross fixed capital formation - Non-mining private business investment,Chain volume measures,True,Original,Percent,7.8,A108322801X
2005-06,Gross fixed capital formation - Non-mining private business investment,Current prices,False,Original,$ Millions,120082.0,A108322799X
2005-06,Gross fixed capital formation - Non-mining private business investment,Current prices,True,Original,Percent,7.7,A108322803C
2005-06,Gross national income,Current prices,False,Original,$ Millions,962781.0,A2304605X
2005-06,Gross value added market sector,Chain volume measures,False,Original,$ Millions,1143405.0,A3605667L
2005-06,Gross value added market sector,Chain volume measures,True,Original,Percent,2.9,A3605665J
2005-06,Gross value added non-market sector,Chain volume measures,False,Original,$ Millions,258505.0,A130272186A
2005-06,Gross value added non-market sector,Chain volume measures,True,Original,Percent,2.4,A130272183V
2005-06,Gross value added per hour worked market sector,Index,False,Original,Index Numbers,79.5,A3605668R
2005-06,Gross value added per hour worked market sector,Index,True,Original,Percent,1.4,A3605666K
2005-06,Gross value added per hour worked non-market sector,Index,False,Original,Index Numbers,96.2,A130272188F
2005-06,Gross value added per hour worked non-market sector,Index,True,Original,Percent,-1.4,A130272185X
2005-06,Hours worked,Index,False,Original,Index Numbers,73.5,A2304958F
2005-06,Hours worked,Index,True,Original,Percent,2.0,A2305015T
2005-06,Hours worked market sector,Index,False,Original,Index Numbers,79.7,A2305086A
2005-06,Hours worked market sector,Index,True,Original,Percent,1.5,A2305088F
2005-06,Hours worked non-market sector,Index,False,Original,Index Numbers,56.8,A130272187C
2005-06,Hours worked non-market sector,Index,True,Original,Percent,3.9,A130272184W
2005-06,Household saving ratio,Ratio,False,Original,proportion,-1.0,A2323368K
2005-06,Households ; Final consumption expenditure - Discretionary consumption,Chain volume measures,False,Original,$ Millions,340785.0,A124830443X
2005-06,Households ; Final consumption expenditure - Discretionary consumption,Chain volume measures,True,Original,Percent,3.3,A124830467T
2005-06,Households ; Final consumption expenditure - Discretionary consumption,Current prices,False,Original,$ Millions,243044.0,A124830453C
2005-06,Households ; Final consumption expenditure - Discretionary consumption,Current prices,True,Original,Percent,4.5,A124830477W
2005-06,Households ; Final consumption expenditure - Essential consumption,Chain volume measures,False,Original,$ Millions,531556.0,A124830442W
2005-06,Households ; Final consumption expenditure - Essential consumption,Chain volume measures,True,Original,Percent,3.3,A124830466R
2005-06,Households ; Final consumption expenditure - Essential consumption,Current prices,False,Original,$ Millions,318849.0,A124830452A
2005-06,Households ; Final consumption expenditure - Essential consumption,Current prices,True,Original,Percent,8.0,A124830476V
2005-06,Households ; Final consumption expenditure - Goods,Chain volume measures,False,Original,$ Millions,309156.0,A124830440T
2005-06,Households ; Final consumption expenditure - Goods,Chain volume measures,True,Original,Percent,2.3,A124830464K
2005-06,Households ; Final consumption expenditure - Goods,Current prices,False,Original,$ Millions,223312.0,A124830450W
2005-06,Households ; Final consumption expenditure - Goods,Current prices,True,Original,Percent,4.6,A124830474R
2005-06,Households ; Final consumption expenditure - Services,Chain volume measures,False,Original,$ Millions,562513.0,A124830441V
2005-06,Households ; Final consumption expenditure - Services,Chain volume measures,True,Original,Percent,4.0,A124830465L
2005-06,Households ; Final consumption expenditure - Services,Current prices,False,Original,$ Millions,338581.0,A124830451X
2005-06,Households ; Final consumption expenditure - Services,Current prices,True,Original,Percent,7.7,A124830475T
2005-06,Imports of merchandise goods,Current prices,False,Original,$ Millions,166862.0,A2304889L
2005-06,Imports to domestic sales,Ratio,False,Original,proportion,0.37,A2304903W
2005-06,Inventories to total sales,Ratio,False,Original,proportion,0.788,A2304906C
2005-06,Net domestic product,Chain volume measures,False,Original,$ Millions,1442579.0,A2304773K
2005-06,Net domestic product,Chain volume measures,True,Original,Percent,2.3,A2304836J
2005-06,Net saving,Current prices,False,Original,$ Millions,53045.0,A2304633J
2005-06,Non-farm ; Gross domestic product,Chain volume measures,False,Original,$ Millions,1658295.0,A2304754C
2005-06,Non-farm ; Gross domestic product,Chain volume measures,True,Original,Percent,2.8,A2304829K
2005-06,Non-farm ; Gross domestic product,Current prices,False,Original,$ Millions,978177.0,A2304616F
2005-06,Non-farm ; Gross domestic product,Current prices,True,Original,Percent,8.2,A2304656X
2005-06,Non-farm ; Gross domestic product,Implicit price deflators,False,Original,Index Numbers,59.0,A2304681A
2005-06,Non-farm ; Gross domestic product,Implicit price deflators,True,Original,Percent,5.3,A2304789C
2005-06,Non-farm ; Total compensation of employees,Current prices,False,Original,$ Millions,472338.0,A2304583W
2005-06,Non-farm ; Total compensation of employees,Current prices,True,Original,Percent,7.2,A2304645T
2005-06,Non-farm compensation of employees per hour,Current prices,False,Original,$,32.8,A129552317C
2005-06,Non-farm compensation of employees per hour,Current prices,True,Original,Percent,3.9,A129552319J
2005-06,Private ; Final demand,Chain volume measures,False,Original,$ Millions,1218563.0,A124830437C
2005-06,Private ; Final demand,Chain volume measures,True,Original,Percent,4.7,A124830461C
2005-06,Private ; Final demand,Current prices,False,Original,$ Millions,792566.0,A124830439J
2005-06,Private ; Final demand,Current prices,True,Original,Percent,7.5,A124830463J
2005-06,Private non-farm inventory levels,Chain volume measures,False,Original,$ Millions,176513.0,A2305012K
2005-06,Private non-farm inventory levels - book values,Current prices,False,Original,$ Millions,118466.0,A2304619L
2005-06,Profits share of total factor income,Ratio,False,Original,Percent,27.1,A2304901T
2005-06,Public ; Final demand,Chain volume measures,False,Original,$ Millions,376456.0,A124830436A
2005-06,Public ; Final demand,Chain volume measures,True,Original,Percent,4.2,A124830460A
2005-06,Public ; Final demand,Current prices,False,Original,$ Millions,230101.0,A124830438F
2005-06,Public ; Final demand,Current prices,True,Original,Percent,9.2,A124830462F
2005-06,Real gross domestic income,Chain volume measures,False,Original,$ Millions,1573639.0,A2304775R
2005-06,Real gross domestic income,Chain volume measures,True,Original,Percent,4.8,A2304838L
2005-06,Real gross national income,Chain volume measures,False,Original,$ Millions,1513608.0,A2304735W
2005-06,Real gross national income,Chain volume measures,True,Original,Percent,4.6,A2304810K
2005-06,Real net national disposable income,Chain volume measures,False,Original,$ Millions,1258363.0,A2304846L
2005-06,Real net national disposable income,Chain volume measures,True,Original,Percent,4.4,A2304851F
2005-06,Real net national disposable income per capita,Chain volume measures,False,Original,$,61960.0,A2305058T
2005-06,Real net national disposable income per capita,Chain volume measures,True,Original,Percent,3.0,A2305076W
2005-06,Real unit of labour costs,Index,False,Original,Index Numbers,106.1,A2432926J
2005-06,Real unit of labour costs,Index,True,Original,Percent,-1.3,A2478946W
2005-06,Real unit of labour costs - Non-farm,Index,False,Original,Index Numbers,105.6,A2432927K
2005-06,Real unit of labour costs - Non-farm,Index,True,Original,Percent,-1.3,A2478947X
2005-06,Terms of trade,Index,False,Original,Index Numbers,70.2,A2304708R
2005-06,Terms of trade,Index,True,Original,Percent,10.7,A2304802K
2005-06,Total sales,Current prices,False,Original,$ Millions,605247.0,A2304632F
2005-06,Wages share of total factor income,Ratio,False,Original,Percent,53.4,A2304902V
2006-07,Average compensation per employee,Current prices,False,Original,$,57144.0,A2304854L
2006-07,Average compensation per employee,Current prices,True,Original,Percent,5.5,A2304907F
2006-07,Average non-farm compensation per employee,Current prices,False,Original,$,57547.0,A2304919R
2006-07,Average non-farm compensation per employee,Current prices,True,Original,Percent,5.5,A2304923F
2006-07,Compensation of employees per hour,Current prices,False,Original,$,33.7,A129552316A
2006-07,Compensation of employees per hour,Current prices,True,Original,Percent,5.7,A129552318F
2006-07,Domestic final demand,Index,False,Original,Index Numbers,65.8,A2304703C
2006-07,Domestic final demand,Index,True,Original,Percent,3.3,A2304797C
2006-07,Domestic sales,Current prices,False,Original,$ Millions,486625.0,A2304899T
2006-07,Farm ; Gross domestic product,Chain volume measures,False,Original,$ Millions,29605.0,A2304753A
2006-07,Farm ; Gross domestic product,Chain volume measures,True,Original,Percent,-18.0,A2304828J
2006-07,Farm ; Gross domestic product,Current prices,False,Original,$ Millions,19962.0,A2304615C
2006-07,Farm ; Gross domestic product,Current prices,True,Original,Percent,-13.7,A2304655W
2006-07,Farm ; Gross domestic product,Implicit price deflators,False,Original,Index Numbers,67.4,A2304680X
2006-07,Farm ; Gross domestic product,Implicit price deflators,True,Original,Percent,5.3,A2304788A
2006-07,GDP per capita,Chain volume measures,False,Original,$,85251.0,A2305001C
2006-07,GDP per capita,Chain volume measures,True,Original,Percent,2.2,A2305033W
2006-07,GDP per capita,Current prices,False,Original,$,52900.0,A2304887J
2006-07,GDP per hour worked,Index,False,Original,Index Numbers,86.7,A2304964A
2006-07,GDP per hour worked,Index,True,Original,Percent,0.8,A2305020K
2006-07,Gross domestic product,Chain volume measures,False,Original,$ Millions,1758313.0,A2304755F
2006-07,Gross domestic product,Chain volume measures,True,Original,Percent,3.8,A2304830V
2006-07,Gross domestic product,Current prices,False,Original,$ Millions,1091056.0,A2304617J
2006-07,Gross domestic product,Current prices,True,Original,Percent,9.0,A2304657A
2006-07,Gross domestic product,Index,False,Original,Index Numbers,61.4,A2304706K
2006-07,Gross domestic product,Index,True,Original,Percent,4.8,A2304800F
2006-07,Gross domestic product - Expenditure based,Chain volume measures,False,Original,$ Millions,1758313.0,A2304843F
2006-07,Gross domestic product - Expenditure based,Chain volume measures,True,Original,Percent,3.8,A2304848T
2006-07,Gross domestic product - Income based,Chain volume measures,False,Original,$ Millions,1758313.0,A2304844J
2006-07,Gross domestic product - Income based,Chain volume measures,True,Original,Percent,3.8,A2304849V
2006-07,Gross domestic product - Production based,Chain volume measures,False,Original,$ Millions,1758313.0,A2304845K
2006-07,Gross domestic product - Production based,Chain volume measures,True,Original,Percent,3.8,A2304850C
2006-07,Gross fixed capital formation - Mining private business investment,Chain volume measures,False,Original,$ Millions,63841.0,A108322796T
2006-07,Gross fixed capital formation - Mining private business investment,Chain volume measures,True,Original,Percent,18.1,A108322800W
2006-07,Gross fixed capital formation - Mining private business investment,Current prices,False,Original,$ Millions,41264.0,A108322798W
2006-07,Gross fixed capital formation - Mining private business investment,Current prices,True,Original,Percent,24.4,A108322802A
2006-07,Gross fixed capital formation - New private business investment,Chain volume measures,False,Original,$ Millions,220503.0,A2305130X
2006-07,Gross fixed capital formation - New private business investment,Chain volume measures,True,Original,Percent,7.3,A2305128L
2006-07,Gross fixed capital formation - New private business investment,Current prices,False,Original,$ Millions,172161.0,A2305129R
2006-07,Gross fixed capital formation - New private business investment,Current prices,True,Original,Percent,9.1,A2305127K
2006-07,Gross fixed capital formation - Non-mining private business investment,Chain volume measures,False,Original,$ Millions,148356.0,A108322797V
2006-07,Gross fixed capital formation - Non-mining private business investment,Chain volume measures,True,Original,Percent,3.9,A108322801X
2006-07,Gross fixed capital formation - Non-mining private business investment,Current prices,False,Original,$ Millions,125540.0,A108322799X
2006-07,Gross fixed capital formation - Non-mining private business investment,Current prices,True,Original,Percent,4.5,A108322803C
2006-07,Gross national income,Current prices,False,Original,$ Millions,1042858.0,A2304605X
2006-07,Gross value added market sector,Chain volume measures,False,Original,$ Millions,1192675.0,A3605667L
2006-07,Gross value added market sector,Chain volume measures,True,Original,Percent,4.3,A3605665J
2006-07,Gross value added non-market sector,Chain volume measures,False,Original,$ Millions,266554.0,A130272186A
2006-07,Gross value added non-market sector,Chain volume measures,True,Original,Percent,3.1,A130272183V
2006-07,Gross value added per hour worked market sector,Index,False,Original,Index Numbers,80.2,A3605668R
2006-07,Gross value added per hour worked market sector,Index,True,Original,Percent,1.0,A3605666K
2006-07,Gross value added per hour worked non-market sector,Index,False,Original,Index Numbers,97.6,A130272188F
2006-07,Gross value added per hour worked non-market sector,Index,True,Original,Percent,1.4,A130272185X
2006-07,Hours worked,Index,False,Original,Index Numbers,75.7,A2304958F
2006-07,Hours worked,Index,True,Original,Percent,3.0,A2305015T
2006-07,Hours worked market sector,Index,False,Original,Index Numbers,82.4,A2305086A
2006-07,Hours worked market sector,Index,True,Original,Percent,3.3,A2305088F
2006-07,Hours worked non-market sector,Index,False,Original,Index Numbers,57.7,A130272187C
2006-07,Hours worked non-market sector,Index,True,Original,Percent,1.7,A130272184W
2006-07,Household saving ratio,Ratio,False,Original,proportion,-0.4,A2323368K
2006-07,Households ; Final consumption expenditure - Discretionary consumption,Chain volume measures,False,Original,$ Millions,364032.0,A124830443X
2006-07,Households ; Final consumption expenditure - Discretionary consumption,Chain volume measures,True,Original,Percent,6.8,A124830467T
2006-07,Households ; Final consumption expenditure - Discretionary consumption,Current prices,False,Original,$ Millions,264924.0,A124830453C
2006-07,Households ; Final consumption expenditure - Discretionary consumption,Current prices,True,Original,Percent,9.0,A124830477W
2006-07,Households ; Final consumption expenditure - Essential consumption,Chain volume measures,False,Original,$ Millions,553617.0,A124830442W
2006-07,Households ; Final consumption expenditure - Essential consumption,Chain volume measures,True,Original,Percent,4.2,A124830466R
2006-07,Households ; Final consumption expenditure - Essential consumption,Current prices,False,Original,$ Millions,346600.0,A124830452A
2006-07,Households ; Final consumption expenditure - Essential consumption,Current prices,True,Original,Percent,8.7,A124830476V
2006-07,Households ; Final consumption expenditure - Goods,Chain volume measures,False,Original,$ Millions,328019.0,A124830440T
2006-07,Households ; Final consumption expenditure - Goods,Chain volume measures,True,Original,Percent,6.1,A124830464K
2006-07,Households ; Final consumption expenditure - Goods,Current prices,False,Original,$ Millions,243075.0,A124830450W
2006-07,Households ; Final consumption expenditure - Goods,Current prices,True,Original,Percent,8.8,A124830474R
2006-07,Households ; Final consumption expenditure - Services,Chain volume measures,False,Original,$ Millions,589406.0,A124830441V
2006-07,Households ; Final consumption expenditure - Services,Chain volume measures,True,Original,Percent,4.8,A124830465L
2006-07,Households ; Final consumption expenditure - Services,Current prices,False,Original,$ Millions,368450.0,A124830451X
2006-07,Households ; Final consumption expenditure - Services,Current prices,True,Original,Percent,8.8,A124830475T
2006-07,Imports of merchandise goods,Current prices,False,Original,$ Millions,181569.0,A2304889L
2006-07,Imports to domestic sales,Ratio,False,Original,proportion,0.373,A2304903W
2006-07,Inventories to total sales,Ratio,False,Original,proportion,0.739,A2304906C
2006-07,Net domestic product,Chain volume measures,False,Original,$ Millions,1492983.0,A2304773K
2006-07,Net domestic product,Chain volume measures,True,Original,Percent,3.5,A2304836J
2006-07,Net saving,Current prices,False,Original,$ Millions,54501.0,A2304633J
2006-07,Non-farm ; Gross domestic product,Chain volume measures,False,Original,$ Millions,1729686.0,A2304754C
2006-07,Non-farm ; Gross domestic product,Chain volume measures,True,Original,Percent,4.3,A2304829K
2006-07,Non-farm ; Gross domestic product,Current prices,False,Original,$ Millions,1071094.0,A2304616F
2006-07,Non-farm ; Gross domestic product,Current prices,True,Original,Percent,9.5,A2304656X
2006-07,Non-farm ; Gross domestic product,Implicit price deflators,False,Original,Index Numbers,61.9,A2304681A
2006-07,Non-farm ; Gross domestic product,Implicit price deflators,True,Original,Percent,5.0,A2304789C
2006-07,Non-farm ; Total compensation of employees,Current prices,False,Original,$ Millions,516352.0,A2304583W
2006-07,Non-farm ; Total compensation of employees,Current prices,True,Original,Percent,9.3,A2304645T
2006-07,Non-farm compensation of employees per hour,Current prices,False,Original,$,34.5,A129552317C
2006-07,Non-farm compensation of employees per hour,Current prices,True,Original,Percent,5.2,A129552319J
2006-07,Private ; Final demand,Chain volume measures,False,Original,$ Millions,1279334.0,A124830437C
2006-07,Private ; Final demand,Chain volume measures,True,Original,Percent,5.0,A124830461C
2006-07,Private ; Final demand,Current prices,False,Original,$ Millions,858465.0,A124830439J
2006-07,Private ; Final demand,Current prices,True,Original,Percent,8.3,A124830463J
2006-07,Private non-farm inventory levels,Chain volume measures,False,Original,$ Millions,177814.0,A2305012K
2006-07,Private non-farm inventory levels - book values,Current prices,False,Original,$ Millions,121980.0,A2304619L
2006-07,Profits share of total factor income,Ratio,False,Original,Percent,27.9,A2304901T
2006-07,Public ; Final demand,Chain volume measures,False,Original,$ Millions,390321.0,A124830436A
2006-07,Public ; Final demand,Chain volume measures,True,Original,Percent,3.7,A124830460A
2006-07,Public ; Final demand,Current prices,False,Original,$ Millions,249332.0,A124830438F
2006-07,Public ; Final demand,Current prices,True,Original,Percent,8.4,A124830462F
2006-07,Real gross domestic income,Chain volume measures,False,Original,$ Millions,1656451.0,A2304775R
2006-07,Real gross domestic income,Chain volume measures,True,Original,Percent,5.3,A2304838L
2006-07,Real gross national income,Chain volume measures,False,Original,$ Millions,1583768.0,A2304735W
2006-07,Real gross national income,Chain volume measures,True,Original,Percent,4.6,A2304810K
2006-07,Real net national disposable income,Chain volume measures,False,Original,$ Millions,1315799.0,A2304846L
2006-07,Real net national disposable income,Chain volume measures,True,Original,Percent,4.6,A2304851F
2006-07,Real net national disposable income per capita,Chain volume measures,False,Original,$,63796.0,A2305058T
2006-07,Real net national disposable income per capita,Chain volume measures,True,Original,Percent,3.0,A2305076W
2006-07,Real unit of labour costs,Index,False,Original,Index Numbers,105.9,A2432926J
2006-07,Real unit of labour costs,Index,True,Original,Percent,-0.1,A2478946W
2006-07,Real unit of labour costs - Non-farm,Index,False,Original,Index Numbers,104.6,A2432927K
2006-07,Real unit of labour costs - Non-farm,Index,True,Original,Percent,-0.9,A2478947X
2006-07,Terms of trade,Index,False,Original,Index Numbers,75.2,A2304708R
2006-07,Terms of trade,Index,True,Original,Percent,7.1,A2304802K
2006-07,Total sales,Current prices,False,Original,$ Millions,656032.0,A2304632F
2006-07,Wages share of total factor income,Ratio,False,Original,Percent,53.5,A2304902V
2007-08,Average compensation per employee,Current prices,False,Original,$,60248.0,A2304854L
2007-08,Average compensation per employee,Current prices,True,Original,Percent,5.4,A2304907F
2007-08,Average non-farm compensation per employee,Current prices,False,Original,$,60595.0,A2304919R
2007-08,Average non-farm compensation per employee,Current prices,True,Original,Percent,5.3,A2304923F
2007-08,Compensation of employees per hour,Current prices,False,Original,$,35.4,A129552316A
2007-08,Compensation of employees per hour,Current prices,True,Original,Percent,5.1,A129552318F
2007-08,Domestic final demand,Index,False,Original,Index Numbers,67.9,A2304703C
2007-08,Domestic final demand,Index,True,Original,Percent,3.1,A2304797C
2007-08,Domestic sales,Current prices,False,Original,$ Millions,535294.0,A2304899T
2007-08,Farm ; Gross domestic product,Chain volume measures,False,Original,$ Millions,32515.0,A2304753A
2007-08,Farm ; Gross domestic product,Chain volume measures,True,Original,Percent,9.8,A2304828J
2007-08,Farm ; Gross domestic product,Current prices,False,Original,$ Millions,23736.0,A2304615C
2007-08,Farm ; Gross domestic product,Current prices,True,Original,Percent,18.9,A2304655W
2007-08,Farm ; Gross domestic product,Implicit price deflators,False,Original,Index Numbers,73.0,A2304680X
2007-08,Farm ; Gross domestic product,Implicit price deflators,True,Original,Percent,8.3,A2304788A
2007-08,GDP per capita,Chain volume measures,False,Original,$,86708.0,A2305001C
2007-08,GDP per capita,Chain volume measures,True,Original,Percent,1.7,A2305033W
2007-08,GDP per capita,Current prices,False,Original,$,56261.0,A2304887J
2007-08,GDP per hour worked,Index,False,Original,Index Numbers,87.1,A2304964A
2007-08,GDP per hour worked,Index,True,Original,Percent,0.5,A2305020K
2007-08,Gross domestic product,Chain volume measures,False,Original,$ Millions,1822034.0,A2304755F
2007-08,Gross domestic product,Chain volume measures,True,Original,Percent,3.6,A2304830V
2007-08,Gross domestic product,Current prices,False,Original,$ Millions,1182238.0,A2304617J
2007-08,Gross domestic product,Current prices,True,Original,Percent,8.4,A2304657A
2007-08,Gross domestic product,Index,False,Original,Index Numbers,64.0,A2304706K
2007-08,Gross domestic product,Index,True,Original,Percent,4.3,A2304800F
2007-08,Gross domestic product - Expenditure based,Chain volume measures,False,Original,$ Millions,1822034.0,A2304843F
2007-08,Gross domestic product - Expenditure based,Chain volume measures,True,Original,Percent,3.6,A2304848T
2007-08,Gross domestic product - Income based,Chain volume measures,False,Original,$ Millions,1822034.0,A2304844J
2007-08,Gross domestic product - Income based,Chain volume measures,True,Original,Percent,3.6,A2304849V
2007-08,Gross domestic product - Production based,Chain volume measures,False,Original,$ Millions,1822034.0,A2304845K
2007-08,Gross domestic product - Production based,Chain volume measures,True,Original,Percent,3.6,A2304850C
2007-08,Gross fixed capital formation - Mining private business investment,Chain volume measures,False,Original,$ Millions,76501.0,A108322796T
2007-08,Gross fixed capital formation - Mining private business investment,Chain volume measures,True,Original,Percent,19.8,A108322800W
2007-08,Gross fixed capital formation - Mining private business investment,Current prices,False,Original,$ Millions,51274.0,A108322798W
2007-08,Gross fixed capital formation - Mining private business investment,Current prices,True,Original,Percent,24.3,A108322802A
2007-08,Gross fixed capital formation - New private business investment,Chain volume measures,False,Original,$ Millions,246443.0,A2305130X
2007-08,Gross fixed capital formation - New private business investment,Chain volume measures,True,Original,Percent,11.8,A2305128L
2007-08,Gross fixed capital formation - New private business investment,Current prices,False,Original,$ Millions,192235.0,A2305129R
2007-08,Gross fixed capital formation - New private business investment,Current prices,True,Original,Percent,11.7,A2305127K
2007-08,Gross fixed capital formation - Non-mining private business investment,Chain volume measures,False,Original,$ Millions,163476.0,A108322797V
2007-08,Gross fixed capital formation - Non-mining private business investment,Chain volume measures,True,Original,Percent,10.2,A108322801X
2007-08,Gross fixed capital formation - Non-mining private business investment,Current prices,False,Original,$ Millions,136451.0,A108322799X
2007-08,Gross fixed capital formation - Non-mining private business investment,Current prices,True,Original,Percent,8.7,A108322803C
2007-08,Gross national income,Current prices,False,Original,$ Millions,1134268.0,A2304605X
2007-08,Gross value added market sector,Chain volume measures,False,Original,$ Millions,1243005.0,A3605667L
2007-08,Gross value added market sector,Chain volume measures,True,Original,Percent,4.2,A3605665J
2007-08,Gross value added non-market sector,Chain volume measures,False,Original,$ Millions,275193.0,A130272186A
2007-08,Gross value added non-market sector,Chain volume measures,True,Original,Percent,3.2,A130272183V
2007-08,Gross value added per hour worked market sector,Index,False,Original,Index Numbers,80.8,A3605668R
2007-08,Gross value added per hour worked market sector,Index,True,Original,Percent,0.7,A3605666K
2007-08,Gross value added per hour worked non-market sector,Index,False,Original,Index Numbers,99.1,A130272188F
2007-08,Gross value added per hour worked non-market sector,Index,True,Original,Percent,1.6,A130272185X
2007-08,Hours worked,Index,False,Original,Index Numbers,78.1,A2304958F
2007-08,Hours worked,Index,True,Original,Percent,3.1,A2305015T
2007-08,Hours worked market sector,Index,False,Original,Index Numbers,85.3,A2305086A
2007-08,Hours worked market sector,Index,True,Original,Percent,3.5,A2305088F
2007-08,Hours worked non-market sector,Index,False,Original,Index Numbers,58.7,A130272187C
2007-08,Hours worked non-market sector,Index,True,Original,Percent,1.6,A130272184W
2007-08,Household saving ratio,Ratio,False,Original,proportion,0.8,A2323368K
2007-08,Households ; Final consumption expenditure - Discretionary consumption,Chain volume measures,False,Original,$ Millions,386415.0,A124830443X
2007-08,Households ; Final consumption expenditure - Discretionary consumption,Chain volume measures,True,Original,Percent,6.1,A124830467T
2007-08,Households ; Final consumption expenditure - Discretionary consumption,Current prices,False,Original,$ Millions,285437.0,A124830453C
2007-08,Households ; Final consumption expenditure - Discretionary consumption,Current prices,True,Original,Percent,7.7,A124830477W
2007-08,Households ; Final consumption expenditure - Essential consumption,Chain volume measures,False,Original,$ Millions,575138.0,A124830442W
2007-08,Households ; Final consumption expenditure - Essential consumption,Chain volume measures,True,Original,Percent,3.9,A124830466R
2007-08,Households ; Final consumption expenditure - Essential consumption,Current prices,False,Original,$ Millions,376018.0,A124830452A
2007-08,Households ; Final consumption expenditure - Essential consumption,Current prices,True,Original,Percent,8.5,A124830476V
2007-08,Households ; Final consumption expenditure - Goods,Chain volume measures,False,Original,$ Millions,348965.0,A124830440T
2007-08,Households ; Final consumption expenditure - Goods,Chain volume measures,True,Original,Percent,6.4,A124830464K
2007-08,Households ; Final consumption expenditure - Goods,Current prices,False,Original,$ Millions,264273.0,A124830450W
2007-08,Households ; Final consumption expenditure - Goods,Current prices,True,Original,Percent,8.7,A124830474R
2007-08,Households ; Final consumption expenditure - Services,Chain volume measures,False,Original,$ Millions,612188.0,A124830441V
2007-08,Households ; Final consumption expenditure - Services,Chain volume measures,True,Original,Percent,3.9,A124830465L
2007-08,Households ; Final consumption expenditure - Services,Current prices,False,Original,$ Millions,397182.0,A124830451X
2007-08,Households ; Final consumption expenditure - Services,Current prices,True,Original,Percent,7.8,A124830475T
2007-08,Imports of merchandise goods,Current prices,False,Original,$ Millions,201283.0,A2304889L
2007-08,Imports to domestic sales,Ratio,False,Original,proportion,0.376,A2304903W
2007-08,Inventories to total sales,Ratio,False,Original,proportion,0.721,A2304906C
2007-08,Net domestic product,Chain volume measures,False,Original,$ Millions,1542054.0,A2304773K
2007-08,Net domestic product,Chain volume measures,True,Original,Percent,3.3,A2304836J
2007-08,Net saving,Current prices,False,Original,$ Millions,67005.0,A2304633J
2007-08,Non-farm ; Gross domestic product,Chain volume measures,False,Original,$ Millions,1790369.0,A2304754C
2007-08,Non-farm ; Gross domestic product,Chain volume measures,True,Original,Percent,3.5,A2304829K
2007-08,Non-farm ; Gross domestic product,Current prices,False,Original,$ Millions,1158502.0,A2304616F
2007-08,Non-farm ; Gross domestic product,Current prices,True,Original,Percent,8.2,A2304656X
2007-08,Non-farm ; Gross domestic product,Implicit price deflators,False,Original,Index Numbers,64.7,A2304681A
2007-08,Non-farm ; Gross domestic product,Implicit price deflators,True,Original,Percent,4.5,A2304789C
2007-08,Non-farm ; Total compensation of employees,Current prices,False,Original,$ Millions,562260.0,A2304583W
2007-08,Non-farm ; Total compensation of employees,Current prices,True,Original,Percent,8.9,A2304645T
2007-08,Non-farm compensation of employees per hour,Current prices,False,Original,$,36.3,A129552317C
2007-08,Non-farm compensation of employees per hour,Current prices,True,Original,Percent,5.1,A129552319J
2007-08,Private ; Final demand,Chain volume measures,False,Original,$ Millions,1356507.0,A124830437C
2007-08,Private ; Final demand,Chain volume measures,True,Original,Percent,6.0,A124830461C
2007-08,Private ; Final demand,Current prices,False,Original,$ Millions,935036.0,A124830439J
2007-08,Private ; Final demand,Current prices,True,Original,Percent,8.9,A124830463J
2007-08,Private non-farm inventory levels,Chain volume measures,False,Original,$ Millions,183734.0,A2305012K
2007-08,Private non-farm inventory levels - book values,Current prices,False,Original,$ Millions,133249.0,A2304619L
2007-08,Profits share of total factor income,Ratio,False,Original,Percent,27.0,A2304901T
2007-08,Public ; Final demand,Chain volume measures,False,Original,$ Millions,406338.0,A124830436A
2007-08,Public ; Final demand,Chain volume measures,True,Original,Percent,4.1,A124830460A
2007-08,Public ; Final demand,Current prices,False,Original,$ Millions,272652.0,A124830438F
2007-08,Public ; Final demand,Current prices,True,Original,Percent,9.4,A124830462F
2007-08,Real gross domestic income,Chain volume measures,False,Original,$ Millions,1736078.0,A2304775R
2007-08,Real gross domestic income,Chain volume measures,True,Original,Percent,4.8,A2304838L
2007-08,Real gross national income,Chain volume measures,False,Original,$ Millions,1666065.0,A2304735W
2007-08,Real gross national income,Chain volume measures,True,Original,Percent,5.2,A2304810K
2007-08,Real net national disposable income,Chain volume measures,False,Original,$ Millions,1383647.0,A2304846L
2007-08,Real net national disposable income,Chain volume measures,True,Original,Percent,5.2,A2304851F
2007-08,Real net national disposable income per capita,Chain volume measures,False,Original,$,65846.0,A2305058T
2007-08,Real net national disposable income per capita,Chain volume measures,True,Original,Percent,3.2,A2305076W
2007-08,Real unit of labour costs,Index,False,Original,Index Numbers,106.0,A2432926J
2007-08,Real unit of labour costs,Index,True,Original,Percent,0.1,A2478946W
2007-08,Real unit of labour costs - Non-farm,Index,False,Original,Index Numbers,105.2,A2432927K
2007-08,Real unit of labour costs - Non-farm,Index,True,Original,Percent,0.5,A2478947X
2007-08,Terms of trade,Index,False,Original,Index Numbers,79.4,A2304708R
2007-08,Terms of trade,Index,True,Original,Percent,5.6,A2304802K
2007-08,Total sales,Current prices,False,Original,$ Millions,718010.0,A2304632F
2007-08,Wages share of total factor income,Ratio,False,Original,Percent,53.6,A2304902V
2008-09,Average compensation per employee,Current prices,False,Original,$,61466.0,A2304854L
2008-09,Average compensation per employee,Current prices,True,Original,Percent,2.0,A2304907F
2008-09,Average non-farm compensation per employee,Current prices,False,Original,$,61860.0,A2304919R
2008-09,Average non-farm compensation per employee,Current prices,True,Original,Percent,2.1,A2304923F
2008-09,Compensation of employees per hour,Current prices,False,Original,$,36.4,A129552316A
2008-09,Compensation of employees per hour,Current prices,True,Original,Percent,2.8,A129552318F
2008-09,Domestic final demand,Index,False,Original,Index Numbers,70.8,A2304703C
2008-09,Domestic final demand,Index,True,Original,Percent,4.3,A2304797C
2008-09,Domestic sales,Current prices,False,Original,$ Millions,557404.0,A2304899T
2008-09,Farm ; Gross domestic product,Chain volume measures,False,Original,$ Millions,38778.0,A2304753A
2008-09,Farm ; Gross domestic product,Chain volume measures,True,Original,Percent,19.3,A2304828J
2008-09,Farm ; Gross domestic product,Current prices,False,Original,$ Millions,25217.0,A2304615C
2008-09,Farm ; Gross domestic product,Current prices,True,Original,Percent,6.2,A2304655W
2008-09,Farm ; Gross domestic product,Implicit price deflators,False,Original,Index Numbers,65.0,A2304680X
2008-09,Farm ; Gross domestic product,Implicit price deflators,True,Original,Percent,-10.9,A2304788A
2008-09,GDP per capita,Chain volume measures,False,Original,$,86512.0,A2305001C
2008-09,GDP per capita,Chain volume measures,True,Original,Percent,-0.2,A2305033W
2008-09,GDP per capita,Current prices,False,Original,$,58936.0,A2304887J
2008-09,GDP per hour worked,Index,False,Original,Index Numbers,87.9,A2304964A
2008-09,GDP per hour worked,Index,True,Original,Percent,1.0,A2305020K
2008-09,Gross domestic product,Chain volume measures,False,Original,$ Millions,1857652.0,A2304755F
2008-09,Gross domestic product,Chain volume measures,True,Original,Percent,2.0,A2304830V
2008-09,Gross domestic product,Current prices,False,Original,$ Millions,1265515.0,A2304617J
2008-09,Gross domestic product,Current prices,True,Original,Percent,7.0,A2304657A
2008-09,Gross domestic product,Index,False,Original,Index Numbers,67.7,A2304706K
2008-09,Gross domestic product,Index,True,Original,Percent,5.8,A2304800F
2008-09,Gross domestic product - Expenditure based,Chain volume measures,False,Original,$ Millions,1857652.0,A2304843F
2008-09,Gross domestic product - Expenditure based,Chain volume measures,True,Original,Percent,2.0,A2304848T
2008-09,Gross domestic product - Income based,Chain volume measures,False,Original,$ Millions,1857652.0,A2304844J
2008-09,Gross domestic product - Income based,Chain volume measures,True,Original,Percent,2.0,A2304849V
2008-09,Gross domestic product - Production based,Chain volume measures,False,Original,$ Millions,1857652.0,A2304845K
2008-09,Gross domestic product - Production based,Chain volume measures,True,Original,Percent,2.0,A2304850C
2008-09,Gross fixed capital formation - Mining private business investment,Chain volume measures,False,Original,$ Millions,87216.0,A108322796T
2008-09,Gross fixed capital formation - Mining private business investment,Chain volume measures,True,Original,Percent,14.0,A108322800W
2008-09,Gross fixed capital formation - Mining private business investment,Current prices,False,Original,$ Millions,61411.0,A108322798W
2008-09,Gross fixed capital formation - Mining private business investment,Current prices,True,Original,Percent,19.8,A108322802A
2008-09,Gross fixed capital formation - New private business investment,Chain volume measures,False,Original,$ Millions,256550.0,A2305130X
2008-09,Gross fixed capital formation - New private business investment,Chain volume measures,True,Original,Percent,4.1,A2305128L
2008-09,Gross fixed capital formation - New private business investment,Current prices,False,Original,$ Millions,206497.0,A2305129R
2008-09,Gross fixed capital formation - New private business investment,Current prices,True,Original,Percent,7.4,A2305127K
2008-09,Gross fixed capital formation - Non-mining private business investment,Chain volume measures,False,Original,$ Millions,163039.0,A108322797V
2008-09,Gross fixed capital formation - Non-mining private business investment,Chain volume measures,True,Original,Percent,-0.3,A108322801X
2008-09,Gross fixed capital formation - Non-mining private business investment,Current prices,False,Original,$ Millions,139256.0,A108322799X
2008-09,Gross fixed capital formation - Non-mining private business investment,Current prices,True,Original,Percent,2.1,A108322803C
2008-09,Gross national income,Current prices,False,Original,$ Millions,1221557.0,A2304605X
2008-09,Gross value added market sector,Chain volume measures,False,Original,$ Millions,1261427.0,A3605667L
2008-09,Gross value added market sector,Chain volume measures,True,Original,Percent,1.5,A3605665J
2008-09,Gross value added non-market sector,Chain volume measures,False,Original,$ Millions,290002.0,A130272186A
2008-09,Gross value added non-market sector,Chain volume measures,True,Original,Percent,5.4,A130272183V
2008-09,Gross value added per hour worked market sector,Index,False,Original,Index Numbers,82.2,A3605668R
2008-09,Gross value added per hour worked market sector,Index,True,Original,Percent,1.7,A3605666K
2008-09,Gross value added per hour worked non-market sector,Index,False,Original,Index Numbers,98.7,A130272188F
2008-09,Gross value added per hour worked non-market sector,Index,True,Original,Percent,-0.4,A130272185X
2008-09,Hours worked,Index,False,Original,Index Numbers,78.8,A2304958F
2008-09,Hours worked,Index,True,Original,Percent,1.0,A2305015T
2008-09,Hours worked market sector,Index,False,Original,Index Numbers,85.0,A2305086A
2008-09,Hours worked market sector,Index,True,Original,Percent,-0.3,A2305088F
2008-09,Hours worked non-market sector,Index,False,Original,Index Numbers,62.1,A130272187C
2008-09,Hours worked non-market sector,Index,True,Original,Percent,5.8,A130272184W
2008-09,Household saving ratio,Ratio,False,Original,proportion,7.5,A2323368K
2008-09,Households ; Final consumption expenditure - Discretionary consumption,Chain volume measures,False,Original,$ Millions,383772.0,A124830443X
2008-09,Households ; Final consumption expenditure - Discretionary consumption,Chain volume measures,True,Original,Percent,-0.7,A124830467T
2008-09,Households ; Final consumption expenditure - Discretionary consumption,Current prices,False,Original,$ Millions,284156.0,A124830453C
2008-09,Households ; Final consumption expenditure - Discretionary consumption,Current prices,True,Original,Percent,-0.4,A124830477W
2008-09,Households ; Final consumption expenditure - Essential consumption,Chain volume measures,False,Original,$ Millions,582378.0,A124830442W
2008-09,Households ; Final consumption expenditure - Essential consumption,Chain volume measures,True,Original,Percent,1.3,A124830466R
2008-09,Households ; Final consumption expenditure - Essential consumption,Current prices,False,Original,$ Millions,400135.0,A124830452A
2008-09,Households ; Final consumption expenditure - Essential consumption,Current prices,True,Original,Percent,6.4,A124830476V
2008-09,Households ; Final consumption expenditure - Goods,Chain volume measures,False,Original,$ Millions,351178.0,A124830440T
2008-09,Households ; Final consumption expenditure - Goods,Chain volume measures,True,Original,Percent,0.6,A124830464K
2008-09,Households ; Final consumption expenditure - Goods,Current prices,False,Original,$ Millions,267344.0,A124830450W
2008-09,Households ; Final consumption expenditure - Goods,Current prices,True,Original,Percent,1.2,A124830474R
2008-09,Households ; Final consumption expenditure - Services,Chain volume measures,False,Original,$ Millions,613891.0,A124830441V
2008-09,Households ; Final consumption expenditure - Services,Chain volume measures,True,Original,Percent,0.3,A124830465L
2008-09,Households ; Final consumption expenditure - Services,Current prices,False,Original,$ Millions,416947.0,A124830451X
2008-09,Households ; Final consumption expenditure - Services,Current prices,True,Original,Percent,5.0,A124830475T
2008-09,Imports of merchandise goods,Current prices,False,Original,$ Millions,213552.0,A2304889L
2008-09,Imports to domestic sales,Ratio,False,Original,proportion,0.383,A2304903W
2008-09,Inventories to total sales,Ratio,False,Original,proportion,0.716,A2304906C
2008-09,Net domestic product,Chain volume measures,False,Original,$ Millions,1562782.0,A2304773K
2008-09,Net domestic product,Chain volume measures,True,Original,Percent,1.3,A2304836J
2008-09,Net saving,Current prices,False,Original,$ Millions,96598.0,A2304633J
2008-09,Non-farm ; Gross domestic product,Chain volume measures,False,Original,$ Millions,1819020.0,A2304754C
2008-09,Non-farm ; Gross domestic product,Chain volume measures,True,Original,Percent,1.6,A2304829K
2008-09,Non-farm ; Gross domestic product,Current prices,False,Original,$ Millions,1240298.0,A2304616F
2008-09,Non-farm ; Gross domestic product,Current prices,True,Original,Percent,7.1,A2304656X
2008-09,Non-farm ; Gross domestic product,Implicit price deflators,False,Original,Index Numbers,68.2,A2304681A
2008-09,Non-farm ; Gross domestic product,Implicit price deflators,True,Original,Percent,5.4,A2304789C
2008-09,Non-farm ; Total compensation of employees,Current prices,False,Original,$ Millions,585036.0,A2304583W
2008-09,Non-farm ; Total compensation of employees,Current prices,True,Original,Percent,4.1,A2304645T
2008-09,Non-farm compensation of employees per hour,Current prices,False,Original,$,37.2,A129552317C
2008-09,Non-farm compensation of employees per hour,Current prices,True,Original,Percent,2.5,A129552319J
2008-09,Private ; Final demand,Chain volume measures,False,Original,$ Millions,1362516.0,A124830437C
2008-09,Private ; Final demand,Chain volume measures,True,Original,Percent,0.4,A124830461C
2008-09,Private ; Final demand,Current prices,False,Original,$ Millions,966074.0,A124830439J
2008-09,Private ; Final demand,Current prices,True,Original,Percent,3.3,A124830463J
2008-09,Private non-farm inventory levels,Chain volume measures,False,Original,$ Millions,178792.0,A2305012K
2008-09,Private non-farm inventory levels - book values,Current prices,False,Original,$ Millions,135782.0,A2304619L
2008-09,Profits share of total factor income,Ratio,False,Original,Percent,29.1,A2304901T
2008-09,Public ; Final demand,Chain volume measures,False,Original,$ Millions,425045.0,A124830436A
2008-09,Public ; Final demand,Chain volume measures,True,Original,Percent,4.6,A124830460A
2008-09,Public ; Final demand,Current prices,False,Original,$ Millions,298891.0,A124830438F
2008-09,Public ; Final demand,Current prices,True,Original,Percent,9.6,A124830462F
2008-09,Real gross domestic income,Chain volume measures,False,Original,$ Millions,1795804.0,A2304775R
2008-09,Real gross domestic income,Chain volume measures,True,Original,Percent,3.4,A2304838L
2008-09,Real gross national income,Chain volume measures,False,Original,$ Millions,1733860.0,A2304735W
2008-09,Real gross national income,Chain volume measures,True,Original,Percent,4.1,A2304810K
2008-09,Real net national disposable income,Chain volume measures,False,Original,$ Millions,1435763.0,A2304846L
2008-09,Real net national disposable income,Chain volume measures,True,Original,Percent,3.8,A2304851F
2008-09,Real net national disposable income per capita,Chain volume measures,False,Original,$,66864.0,A2305058T
2008-09,Real net national disposable income per capita,Chain volume measures,True,Original,Percent,1.5,A2305076W
2008-09,Real unit of labour costs,Index,False,Original,Index Numbers,102.9,A2432926J
2008-09,Real unit of labour costs,Index,True,Original,Percent,-3.0,A2478946W
2008-09,Real unit of labour costs - Non-farm,Index,False,Original,Index Numbers,101.9,A2432927K
2008-09,Real unit of labour costs - Non-farm,Index,True,Original,Percent,-3.1,A2478947X
2008-09,Terms of trade,Index,False,Original,Index Numbers,85.2,A2304708R
2008-09,Terms of trade,Index,True,Original,Percent,7.2,A2304802K
2008-09,Total sales,Current prices,False,Original,$ Millions,788725.0,A2304632F
2008-09,Wages share of total factor income,Ratio,False,Original,Percent,51.5,A2304902V
2009-10,Average compensation per employee,Current prices,False,Original,$,63287.0,A2304854L
2009-10,Average compensation per employee,Current prices,True,Original,Percent,3.0,A2304907F
2009-10,Average non-farm compensation per employee,Current prices,False,Original,$,63780.0,A2304919R
2009-10,Average non-farm compensation per employee,Current prices,True,Original,Percent,3.1,A2304923F
2009-10,Compensation of employees per hour,Current prices,False,Original,$,37.8,A129552316A
2009-10,Compensation of employees per hour,Current prices,True,Original,Percent,3.7,A129552318F
2009-10,Domestic final demand,Index,False,Original,Index Numbers,72.1,A2304703C
2009-10,Domestic final demand,Index,True,Original,Percent,1.8,A2304797C
2009-10,Domestic sales,Current prices,False,Original,$ Millions,569922.0,A2304899T
2009-10,Farm ; Gross domestic product,Chain volume measures,False,Original,$ Millions,38441.0,A2304753A
2009-10,Farm ; Gross domestic product,Chain volume measures,True,Original,Percent,-0.9,A2304828J
2009-10,Farm ; Gross domestic product,Current prices,False,Original,$ Millions,25010.0,A2304615C
2009-10,Farm ; Gross domestic product,Current prices,True,Original,Percent,-0.8,A2304655W
2009-10,Farm ; Gross domestic product,Implicit price deflators,False,Original,Index Numbers,65.1,A2304680X
2009-10,Farm ; Gross domestic product,Implicit price deflators,True,Original,Percent,0.0,A2304788A
2009-10,GDP per capita,Chain volume measures,False,Original,$,86847.0,A2305001C
2009-10,GDP per capita,Chain volume measures,True,Original,Percent,0.4,A2305033W
2009-10,GDP per capita,Current prices,False,Original,$,59853.0,A2304887J
2009-10,GDP per hour worked,Index,False,Original,Index Numbers,89.8,A2304964A
2009-10,GDP per hour worked,Index,True,Original,Percent,2.2,A2305020K
2009-10,Gross domestic product,Chain volume measures,False,Original,$ Millions,1898707.0,A2304755F
2009-10,Gross domestic product,Chain volume measures,True,Original,Percent,2.2,A2304830V
2009-10,Gross domestic product,Current prices,False,Original,$ Millions,1308555.0,A2304617J
2009-10,Gross domestic product,Current prices,True,Original,Percent,3.4,A2304657A
2009-10,Gross domestic product,Index,False,Original,Index Numbers,68.5,A2304706K
2009-10,Gross domestic product,Index,True,Original,Percent,1.3,A2304800F
2009-10,Gross domestic product - Expenditure based,Chain volume measures,False,Original,$ Millions,1898707.0,A2304843F
2009-10,Gross domestic product - Expenditure based,Chain volume measures,True,Original,Percent,2.2,A2304848T
2009-10,Gross domestic product - Income based,Chain volume measures,False,Original,$ Millions,1898707.0,A2304844J
2009-10,Gross domestic product - Income based,Chain volume measures,True,Original,Percent,2.2,A2304849V
2009-10,Gross domestic product - Production based,Chain volume measures,False,Original,$ Millions,1898707.0,A2304845K
2009-10,Gross domestic product - Production based,Chain volume measures,True,Original,Percent,2.2,A2304850C
2009-10,Gross fixed capital formation - Mining private business investment,Chain volume measures,False,Original,$ Millions,77005.0,A108322796T
2009-10,Gross fixed capital formation - Mining private business investment,Chain volume measures,True,Original,Percent,-11.7,A108322800W
2009-10,Gross fixed capital formation - Mining private business investment,Current prices,False,Original,$ Millions,54015.0,A108322798W
2009-10,Gross fixed capital formation - Mining private business investment,Current prices,True,Original,Percent,-12.0,A108322802A
2009-10,Gross fixed capital formation - New private business investment,Chain volume measures,False,Original,$ Millions,242895.0,A2305130X
2009-10,Gross fixed capital formation - New private business investment,Chain volume measures,True,Original,Percent,-5.3,A2305128L
2009-10,Gross fixed capital formation - New private business investment,Current prices,False,Original,$ Millions,191219.0,A2305129R
2009-10,Gross fixed capital formation - New private business investment,Current prices,True,Original,Percent,-7.4,A2305127K
2009-10,Gross fixed capital formation - Non-mining private business investment,Chain volume measures,False,Original,$ Millions,157796.0,A108322797V
2009-10,Gross fixed capital formation - Non-mining private business investment,Chain volume measures,True,Original,Percent,-3.2,A108322801X
2009-10,Gross fixed capital formation - Non-mining private business investment,Current prices,False,Original,$ Millions,130845.0,A108322799X
2009-10,Gross fixed capital formation - Non-mining private business investment,Current prices,True,Original,Percent,-6.0,A108322803C
2009-10,Gross national income,Current prices,False,Original,$ Millions,1258228.0,A2304605X
2009-10,Gross value added market sector,Chain volume measures,False,Original,$ Millions,1291700.0,A3605667L
2009-10,Gross value added market sector,Chain volume measures,True,Original,Percent,2.4,A3605665J
2009-10,Gross value added non-market sector,Chain volume measures,False,Original,$ Millions,298196.0,A130272186A
2009-10,Gross value added non-market sector,Chain volume measures,True,Original,Percent,2.8,A130272183V
2009-10,Gross value added per hour worked market sector,Index,False,Original,Index Numbers,84.7,A3605668R
2009-10,Gross value added per hour worked market sector,Index,True,Original,Percent,3.0,A3605666K
2009-10,Gross value added per hour worked non-market sector,Index,False,Original,Index Numbers,99.0,A130272188F
2009-10,Gross value added per hour worked non-market sector,Index,True,Original,Percent,0.4,A130272185X
2009-10,Hours worked,Index,False,Original,Index Numbers,78.9,A2304958F
2009-10,Hours worked,Index,True,Original,Percent,0.0,A2305015T
2009-10,Hours worked market sector,Index,False,Original,Index Numbers,84.5,A2305086A
2009-10,Hours worked market sector,Index,True,Original,Percent,-0.6,A2305088F
2009-10,Hours worked non-market sector,Index,False,Original,Index Numbers,63.6,A130272187C
2009-10,Hours worked non-market sector,Index,True,Original,Percent,2.5,A130272184W
2009-10,Household saving ratio,Ratio,False,Original,proportion,5.4,A2323368K
2009-10,Households ; Final consumption expenditure - Discretionary consumption,Chain volume measures,False,Original,$ Millions,398806.0,A124830443X
2009-10,Households ; Final consumption expenditure - Discretionary consumption,Chain volume measures,True,Original,Percent,3.9,A124830467T
2009-10,Households ; Final consumption expenditure - Discretionary consumption,Current prices,False,Original,$ Millions,299563.0,A124830453C
2009-10,Households ; Final consumption expenditure - Discretionary consumption,Current prices,True,Original,Percent,5.4,A124830477W
2009-10,Households ; Final consumption expenditure - Essential consumption,Chain volume measures,False,Original,$ Millions,600878.0,A124830442W
2009-10,Households ; Final consumption expenditure - Essential consumption,Chain volume measures,True,Original,Percent,3.2,A124830466R
2009-10,Households ; Final consumption expenditure - Essential consumption,Current prices,False,Original,$ Millions,426076.0,A124830452A
2009-10,Households ; Final consumption expenditure - Essential consumption,Current prices,True,Original,Percent,6.5,A124830476V
2009-10,Households ; Final consumption expenditure - Goods,Chain volume measures,False,Original,$ Millions,362869.0,A124830440T
2009-10,Households ; Final consumption expenditure - Goods,Chain volume measures,True,Original,Percent,3.3,A124830464K
2009-10,Households ; Final consumption expenditure - Goods,Current prices,False,Original,$ Millions,279055.0,A124830450W
2009-10,Households ; Final consumption expenditure - Goods,Current prices,True,Original,Percent,4.4,A124830474R
2009-10,Households ; Final consumption expenditure - Services,Chain volume measures,False,Original,$ Millions,635891.0,A124830441V
2009-10,Households ; Final consumption expenditure - Services,Chain volume measures,True,Original,Percent,3.6,A124830465L
2009-10,Households ; Final consumption expenditure - Services,Current prices,False,Original,$ Millions,446584.0,A124830451X
2009-10,Households ; Final consumption expenditure - Services,Current prices,True,Original,Percent,7.1,A124830475T
2009-10,Imports of merchandise goods,Current prices,False,Original,$ Millions,203892.0,A2304889L
2009-10,Imports to domestic sales,Ratio,False,Original,proportion,0.358,A2304903W
2009-10,Inventories to total sales,Ratio,False,Original,proportion,0.699,A2304906C
2009-10,Net domestic product,Chain volume measures,False,Original,$ Millions,1589851.0,A2304773K
2009-10,Net domestic product,Chain volume measures,True,Original,Percent,1.7,A2304836J
2009-10,Net saving,Current prices,False,Original,$ Millions,68356.0,A2304633J
2009-10,Non-farm ; Gross domestic product,Chain volume measures,False,Original,$ Millions,1860360.0,A2304754C
2009-10,Non-farm ; Gross domestic product,Chain volume measures,True,Original,Percent,2.3,A2304829K
2009-10,Non-farm ; Gross domestic product,Current prices,False,Original,$ Millions,1283545.0,A2304616F
2009-10,Non-farm ; Gross domestic product,Current prices,True,Original,Percent,3.5,A2304656X
2009-10,Non-farm ; Gross domestic product,Implicit price deflators,False,Original,Index Numbers,69.0,A2304681A
2009-10,Non-farm ; Gross domestic product,Implicit price deflators,True,Original,Percent,1.2,A2304789C
2009-10,Non-farm ; Total compensation of employees,Current prices,False,Original,$ Millions,608620.0,A2304583W
2009-10,Non-farm ; Total compensation of employees,Current prices,True,Original,Percent,4.0,A2304645T
2009-10,Non-farm compensation of employees per hour,Current prices,False,Original,$,38.6,A129552317C
2009-10,Non-farm compensation of employees per hour,Current prices,True,Original,Percent,3.8,A129552319J
2009-10,Private ; Final demand,Chain volume measures,False,Original,$ Millions,1382247.0,A124830437C
2009-10,Private ; Final demand,Chain volume measures,True,Original,Percent,1.4,A124830461C
2009-10,Private ; Final demand,Current prices,False,Original,$ Millions,997288.0,A124830439J
2009-10,Private ; Final demand,Current prices,True,Original,Percent,3.2,A124830463J
2009-10,Private non-farm inventory levels,Chain volume measures,False,Original,$ Millions,175755.0,A2305012K
2009-10,Private non-farm inventory levels - book values,Current prices,False,Original,$ Millions,134051.0,A2304619L
2009-10,Profits share of total factor income,Ratio,False,Original,Percent,28.1,A2304901T
2009-10,Public ; Final demand,Chain volume measures,False,Original,$ Millions,453220.0,A124830436A
2009-10,Public ; Final demand,Chain volume measures,True,Original,Percent,6.6,A124830460A
2009-10,Public ; Final demand,Current prices,False,Original,$ Millions,326634.0,A124830438F
2009-10,Public ; Final demand,Current prices,True,Original,Percent,9.3,A124830462F
2009-10,Real gross domestic income,Chain volume measures,False,Original,$ Millions,1819997.0,A2304775R
2009-10,Real gross domestic income,Chain volume measures,True,Original,Percent,1.3,A2304838L
2009-10,Real gross national income,Chain volume measures,False,Original,$ Millions,1750337.0,A2304735W
2009-10,Real gross national income,Chain volume measures,True,Original,Percent,1.0,A2304810K
2009-10,Real net national disposable income,Chain volume measures,False,Original,$ Millions,1437915.0,A2304846L
2009-10,Real net national disposable income,Chain volume measures,True,Original,Percent,0.1,A2304851F
2009-10,Real net national disposable income per capita,Chain volume measures,False,Original,$,65770.0,A2305058T
2009-10,Real net national disposable income per capita,Chain volume measures,True,Original,Percent,-1.6,A2305076W
2009-10,Real unit of labour costs,Index,False,Original,Index Numbers,103.1,A2432926J
2009-10,Real unit of labour costs,Index,True,Original,Percent,0.2,A2478946W
2009-10,Real unit of labour costs - Non-farm,Index,False,Original,Index Numbers,102.4,A2432927K
2009-10,Real unit of labour costs - Non-farm,Index,True,Original,Percent,0.4,A2478947X
2009-10,Terms of trade,Index,False,Original,Index Numbers,82.1,A2304708R
2009-10,Terms of trade,Index,True,Original,Percent,-3.6,A2304802K
2009-10,Total sales,Current prices,False,Original,$ Millions,771481.0,A2304632F
2009-10,Wages share of total factor income,Ratio,False,Original,Percent,52.0,A2304902V
2010-11,Average compensation per employee,Current prices,False,Original,$,67324.0,A2304854L
2010-11,Average compensation per employee,Current prices,True,Original,Percent,6.4,A2304907F
2010-11,Average non-farm compensation per employee,Current prices,False,Original,$,67872.0,A2304919R
2010-11,Average non-farm compensation per employee,Current prices,True,Original,Percent,6.4,A2304923F
2010-11,Compensation of employees per hour,Current prices,False,Original,$,40.0,A129552316A
2010-11,Compensation of employees per hour,Current prices,True,Original,Percent,5.8,A129552318F
2010-11,Domestic final demand,Index,False,Original,Index Numbers,73.7,A2304703C
2010-11,Domestic final demand,Index,True,Original,Percent,2.2,A2304797C
2010-11,Domestic sales,Current prices,False,Original,$ Millions,600157.0,A2304899T
2010-11,Farm ; Gross domestic product,Chain volume measures,False,Original,$ Millions,39993.0,A2304753A
2010-11,Farm ; Gross domestic product,Chain volume measures,True,Original,Percent,4.0,A2304828J
2010-11,Farm ; Gross domestic product,Current prices,False,Original,$ Millions,28916.0,A2304615C
2010-11,Farm ; Gross domestic product,Current prices,True,Original,Percent,15.6,A2304655W
2010-11,Farm ; Gross domestic product,Implicit price deflators,False,Original,Index Numbers,72.3,A2304680X
2010-11,Farm ; Gross domestic product,Implicit price deflators,True,Original,Percent,11.1,A2304788A
2010-11,GDP per capita,Chain volume measures,False,Original,$,87696.0,A2305001C
2010-11,GDP per capita,Chain volume measures,True,Original,Percent,1.0,A2305033W
2010-11,GDP per capita,Current prices,False,Original,$,64185.0,A2304887J
2010-11,GDP per hour worked,Index,False,Original,Index Numbers,89.5,A2304964A
2010-11,GDP per hour worked,Index,True,Original,Percent,-0.4,A2305020K
2010-11,Gross domestic product,Chain volume measures,False,Original,$ Millions,1944176.0,A2304755F
2010-11,Gross domestic product,Chain volume measures,True,Original,Percent,2.4,A2304830V
2010-11,Gross domestic product,Current prices,False,Original,$ Millions,1422950.0,A2304617J
2010-11,Gross domestic product,Current prices,True,Original,Percent,8.7,A2304657A
2010-11,Gross domestic product,Index,False,Original,Index Numbers,72.7,A2304706K
2010-11,Gross domestic product,Index,True,Original,Percent,6.0,A2304800F
2010-11,Gross domestic product - Expenditure based,Chain volume measures,False,Original,$ Millions,1944176.0,A2304843F
2010-11,Gross domestic product - Expenditure based,Chain volume measures,True,Original,Percent,2.4,A2304848T
2010-11,Gross domestic product - Income based,Chain volume measures,False,Original,$ Millions,1944176.0,A2304844J
2010-11,Gross domestic product - Income based,Chain volume measures,True,Original,Percent,2.4,A2304849V
2010-11,Gross domestic product - Production based,Chain volume measures,False,Original,$ Millions,1944176.0,A2304845K
2010-11,Gross domestic product - Production based,Chain volume measures,True,Original,Percent,2.4,A2304850C
2010-11,Gross fixed capital formation - Mining private business investment,Chain volume measures,False,Original,$ Millions,96371.0,A108322796T
2010-11,Gross fixed capital formation - Mining private business investment,Chain volume measures,True,Original,Percent,25.1,A108322800W
2010-11,Gross fixed capital formation - Mining private business investment,Current prices,False,Original,$ Millions,68770.0,A108322798W
2010-11,Gross fixed capital formation - Mining private business investment,Current prices,True,Original,Percent,27.3,A108322802A
2010-11,Gross fixed capital formation - New private business investment,Chain volume measures,False,Original,$ Millions,265374.0,A2305130X
2010-11,Gross fixed capital formation - New private business investment,Chain volume measures,True,Original,Percent,9.3,A2305128L
2010-11,Gross fixed capital formation - New private business investment,Current prices,False,Original,$ Millions,208616.0,A2305129R
2010-11,Gross fixed capital formation - New private business investment,Current prices,True,Original,Percent,9.1,A2305127K
2010-11,Gross fixed capital formation - Non-mining private business investment,Chain volume measures,False,Original,$ Millions,163477.0,A108322797V
2010-11,Gross fixed capital formation - Non-mining private business investment,Chain volume measures,True,Original,Percent,3.6,A108322801X
2010-11,Gross fixed capital formation - Non-mining private business investment,Current prices,False,Original,$ Millions,134313.0,A108322799X
2010-11,Gross fixed capital formation - Non-mining private business investment,Current prices,True,Original,Percent,2.7,A108322803C
2010-11,Gross national income,Current prices,False,Original,$ Millions,1366500.0,A2304605X
2010-11,Gross value added market sector,Chain volume measures,False,Original,$ Millions,1324549.0,A3605667L
2010-11,Gross value added market sector,Chain volume measures,True,Original,Percent,2.5,A3605665J
2010-11,Gross value added non-market sector,Chain volume measures,False,Original,$ Millions,304153.0,A130272186A
2010-11,Gross value added non-market sector,Chain volume measures,True,Original,Percent,2.0,A130272183V
2010-11,Gross value added per hour worked market sector,Index,False,Original,Index Numbers,84.7,A3605668R
2010-11,Gross value added per hour worked market sector,Index,True,Original,Percent,0.0,A3605666K
2010-11,Gross value added per hour worked non-market sector,Index,False,Original,Index Numbers,97.6,A130272188F
2010-11,Gross value added per hour worked non-market sector,Index,True,Original,Percent,-1.5,A130272185X
2010-11,Hours worked,Index,False,Original,Index Numbers,81.1,A2304958F
2010-11,Hours worked,Index,True,Original,Percent,2.8,A2305015T
2010-11,Hours worked market sector,Index,False,Original,Index Numbers,86.7,A2305086A
2010-11,Hours worked market sector,Index,True,Original,Percent,2.6,A2305088F
2010-11,Hours worked non-market sector,Index,False,Original,Index Numbers,65.9,A130272187C
2010-11,Hours worked non-market sector,Index,True,Original,Percent,3.5,A130272184W
2010-11,Household saving ratio,Ratio,False,Original,proportion,7.2,A2323368K
2010-11,Households ; Final consumption expenditure - Discretionary consumption,Chain volume measures,False,Original,$ Millions,420026.0,A124830443X
2010-11,Households ; Final consumption expenditure - Discretionary consumption,Chain volume measures,True,Original,Percent,5.3,A124830467T
2010-11,Households ; Final consumption expenditure - Discretionary consumption,Current prices,False,Original,$ Millions,316847.0,A124830453C
2010-11,Households ; Final consumption expenditure - Discretionary consumption,Current prices,True,Original,Percent,5.8,A124830477W
2010-11,Households ; Final consumption expenditure - Essential consumption,Chain volume measures,False,Original,$ Millions,619544.0,A124830442W
2010-11,Households ; Final consumption expenditure - Essential consumption,Chain volume measures,True,Original,Percent,3.1,A124830466R
2010-11,Households ; Final consumption expenditure - Essential consumption,Current prices,False,Original,$ Millions,451392.0,A124830452A
2010-11,Households ; Final consumption expenditure - Essential consumption,Current prices,True,Original,Percent,5.9,A124830476V
2010-11,Households ; Final consumption expenditure - Goods,Chain volume measures,False,Original,$ Millions,379614.0,A124830440T
2010-11,Households ; Final consumption expenditure - Goods,Chain volume measures,True,Original,Percent,4.6,A124830464K
2010-11,Households ; Final consumption expenditure - Goods,Current prices,False,Original,$ Millions,296042.0,A124830450W
2010-11,Households ; Final consumption expenditure - Goods,Current prices,True,Original,Percent,6.1,A124830474R
2010-11,Households ; Final consumption expenditure - Services,Chain volume measures,False,Original,$ Millions,659098.0,A124830441V
2010-11,Households ; Final consumption expenditure - Services,Chain volume measures,True,Original,Percent,3.6,A124830465L
2010-11,Households ; Final consumption expenditure - Services,Current prices,False,Original,$ Millions,472197.0,A124830451X
2010-11,Households ; Final consumption expenditure - Services,Current prices,True,Original,Percent,5.7,A124830475T
2010-11,Imports of merchandise goods,Current prices,False,Original,$ Millions,220061.0,A2304889L
2010-11,Imports to domestic sales,Ratio,False,Original,proportion,0.367,A2304903W
2010-11,Inventories to total sales,Ratio,False,Original,proportion,0.661,A2304906C
2010-11,Net domestic product,Chain volume measures,False,Original,$ Millions,1621716.0,A2304773K
2010-11,Net domestic product,Chain volume measures,True,Original,Percent,2.0,A2304836J
2010-11,Net saving,Current prices,False,Original,$ Millions,103348.0,A2304633J
2010-11,Non-farm ; Gross domestic product,Chain volume measures,False,Original,$ Millions,1904315.0,A2304754C
2010-11,Non-farm ; Gross domestic product,Chain volume measures,True,Original,Percent,2.4,A2304829K
2010-11,Non-farm ; Gross domestic product,Current prices,False,Original,$ Millions,1394034.0,A2304616F
2010-11,Non-farm ; Gross domestic product,Current prices,True,Original,Percent,8.6,A2304656X
2010-11,Non-farm ; Gross domestic product,Implicit price deflators,False,Original,Index Numbers,73.2,A2304681A
2010-11,Non-farm ; Gross domestic product,Implicit price deflators,True,Original,Percent,6.1,A2304789C
2010-11,Non-farm ; Total compensation of employees,Current prices,False,Original,$ Millions,663596.0,A2304583W
2010-11,Non-farm ; Total compensation of employees,Current prices,True,Original,Percent,9.0,A2304645T
2010-11,Non-farm compensation of employees per hour,Current prices,False,Original,$,41.0,A129552317C
2010-11,Non-farm compensation of employees per hour,Current prices,True,Original,Percent,6.3,A129552319J
2010-11,Private ; Final demand,Chain volume measures,False,Original,$ Millions,1444302.0,A124830437C
2010-11,Private ; Final demand,Chain volume measures,True,Original,Percent,4.5,A124830461C
2010-11,Private ; Final demand,Current prices,False,Original,$ Millions,1059093.0,A124830439J
2010-11,Private ; Final demand,Current prices,True,Original,Percent,6.2,A124830463J
2010-11,Private non-farm inventory levels,Chain volume measures,False,Original,$ Millions,180428.0,A2305012K
2010-11,Private non-farm inventory levels - book values,Current prices,False,Original,$ Millions,143930.0,A2304619L
2010-11,Profits share of total factor income,Ratio,False,Original,Percent,28.5,A2304901T
2010-11,Public ; Final demand,Chain volume measures,False,Original,$ Millions,459847.0,A124830436A
2010-11,Public ; Final demand,Chain volume measures,True,Original,Percent,1.5,A124830460A
2010-11,Public ; Final demand,Current prices,False,Original,$ Millions,343090.0,A124830438F
2010-11,Public ; Final demand,Current prices,True,Original,Percent,5.0,A124830462F
2010-11,Real gross domestic income,Chain volume measures,False,Original,$ Millions,1937448.0,A2304775R
2010-11,Real gross domestic income,Chain volume measures,True,Original,Percent,6.5,A2304838L
2010-11,Real gross national income,Chain volume measures,False,Original,$ Millions,1860988.0,A2304735W
2010-11,Real gross national income,Chain volume measures,True,Original,Percent,6.3,A2304810K
2010-11,Real net national disposable income,Chain volume measures,False,Original,$ Millions,1533730.0,A2304846L
2010-11,Real net national disposable income,Chain volume measures,True,Original,Percent,6.7,A2304851F
2010-11,Real net national disposable income per capita,Chain volume measures,False,Original,$,69182.0,A2305058T
2010-11,Real net national disposable income per capita,Chain volume measures,True,Original,Percent,5.2,A2305076W
2010-11,Real unit of labour costs,Index,False,Original,Index Numbers,103.1,A2432926J
2010-11,Real unit of labour costs,Index,True,Original,Percent,0.0,A2478946W
2010-11,Real unit of labour costs - Non-farm,Index,False,Original,Index Numbers,102.7,A2432927K
2010-11,Real unit of labour costs - Non-farm,Index,True,Original,Percent,0.4,A2478947X
2010-11,Terms of trade,Index,False,Original,Index Numbers,98.9,A2304708R
2010-11,Terms of trade,Index,True,Original,Percent,20.4,A2304802K
2010-11,Total sales,Current prices,False,Original,$ Millions,846955.0,A2304632F
2010-11,Wages share of total factor income,Ratio,False,Original,Percent,52.0,A2304902V
2011-12,Average compensation per employee,Current prices,False,Original,$,70593.0,A2304854L
2011-12,Average compensation per employee,Current prices,True,Original,Percent,4.9,A2304907F
2011-12,Average non-farm compensation per employee,Current prices,False,Original,$,71170.0,A2304919R
2011-12,Average non-farm compensation per employee,Current prices,True,Original,Percent,4.9,A2304923F
2011-12,Compensation of employees per hour,Current prices,False,Original,$,41.8,A129552316A
2011-12,Compensation of employees per hour,Current prices,True,Original,Percent,4.5,A129552318F
2011-12,Domestic final demand,Index,False,Original,Index Numbers,75.0,A2304703C
2011-12,Domestic final demand,Index,True,Original,Percent,1.8,A2304797C
2011-12,Domestic sales,Current prices,False,Original,$ Millions,655094.0,A2304899T
2011-12,Farm ; Gross domestic product,Chain volume measures,False,Original,$ Millions,40209.0,A2304753A
2011-12,Farm ; Gross domestic product,Chain volume measures,True,Original,Percent,0.5,A2304828J
2011-12,Farm ; Gross domestic product,Current prices,False,Original,$ Millions,30113.0,A2304615C
2011-12,Farm ; Gross domestic product,Current prices,True,Original,Percent,4.1,A2304655W
2011-12,Farm ; Gross domestic product,Implicit price deflators,False,Original,Index Numbers,74.9,A2304680X
2011-12,Farm ; Gross domestic product,Implicit price deflators,True,Original,Percent,3.6,A2304788A
2011-12,GDP per capita,Chain volume measures,False,Original,$,89747.0,A2305001C
2011-12,GDP per capita,Chain volume measures,True,Original,Percent,2.3,A2305033W
2011-12,GDP per capita,Current prices,False,Original,$,66867.0,A2304887J
2011-12,GDP per hour worked,Index,False,Original,Index Numbers,91.9,A2304964A
2011-12,GDP per hour worked,Index,True,Original,Percent,2.6,A2305020K
2011-12,Gross domestic product,Chain volume measures,False,Original,$ Millions,2021019.0,A2304755F
2011-12,Gross domestic product,Chain volume measures,True,Original,Percent,4.0,A2304830V
2011-12,Gross domestic product,Current prices,False,Original,$ Millions,1505777.0,A2304617J
2011-12,Gross domestic product,Current prices,True,Original,Percent,5.8,A2304657A
2011-12,Gross domestic product,Index,False,Original,Index Numbers,74.1,A2304706K
2011-12,Gross domestic product,Index,True,Original,Percent,1.9,A2304800F
2011-12,Gross domestic product - Expenditure based,Chain volume measures,False,Original,$ Millions,2021019.0,A2304843F
2011-12,Gross domestic product - Expenditure based,Chain volume measures,True,Original,Percent,4.0,A2304848T
2011-12,Gross domestic product - Income based,Chain volume measures,False,Original,$ Millions,2021019.0,A2304844J
2011-12,Gross domestic product - Income based,Chain volume measures,True,Original,Percent,4.0,A2304849V
2011-12,Gross domestic product - Production based,Chain volume measures,False,Original,$ Millions,2021019.0,A2304845K
2011-12,Gross domestic product - Production based,Chain volume measures,True,Original,Percent,4.0,A2304850C
2011-12,Gross fixed capital formation - Mining private business investment,Chain volume measures,False,Original,$ Millions,159401.0,A108322796T
2011-12,Gross fixed capital formation - Mining private business investment,Chain volume measures,True,Original,Percent,65.4,A108322800W
2011-12,Gross fixed capital formation - Mining private business investment,Current prices,False,Original,$ Millions,113645.0,A108322798W
2011-12,Gross fixed capital formation - Mining private business investment,Current prices,True,Original,Percent,65.3,A108322802A
2011-12,Gross fixed capital formation - New private business investment,Chain volume measures,False,Original,$ Millions,329997.0,A2305130X
2011-12,Gross fixed capital formation - New private business investment,Chain volume measures,True,Original,Percent,24.4,A2305128L
2011-12,Gross fixed capital formation - New private business investment,Current prices,False,Original,$ Millions,257710.0,A2305129R
2011-12,Gross fixed capital formation - New private business investment,Current prices,True,Original,Percent,23.5,A2305127K
2011-12,Gross fixed capital formation - Non-mining private business investment,Chain volume measures,False,Original,$ Millions,167985.0,A108322797V
2011-12,Gross fixed capital formation - Non-mining private business investment,Chain volume measures,True,Original,Percent,2.8,A108322801X
2011-12,Gross fixed capital formation - Non-mining private business investment,Current prices,False,Original,$ Millions,136541.0,A108322799X
2011-12,Gross fixed capital formation - Non-mining private business investment,Current prices,True,Original,Percent,1.7,A108322803C
2011-12,Gross national income,Current prices,False,Original,$ Millions,1460766.0,A2304605X
2011-12,Gross value added market sector,Chain volume measures,False,Original,$ Millions,1386756.0,A3605667L
2011-12,Gross value added market sector,Chain volume measures,True,Original,Percent,4.7,A3605665J
2011-12,Gross value added non-market sector,Chain volume measures,False,Original,$ Millions,312727.0,A130272186A
2011-12,Gross value added non-market sector,Chain volume measures,True,Original,Percent,2.8,A130272183V
2011-12,Gross value added per hour worked market sector,Index,False,Original,Index Numbers,87.7,A3605668R
2011-12,Gross value added per hour worked market sector,Index,True,Original,Percent,3.6,A3605666K
2011-12,Gross value added per hour worked non-market sector,Index,False,Original,Index Numbers,98.3,A130272188F
2011-12,Gross value added per hour worked non-market sector,Index,True,Original,Percent,0.7,A130272185X
2011-12,Hours worked,Index,False,Original,Index Numbers,82.1,A2304958F
2011-12,Hours worked,Index,True,Original,Percent,1.3,A2305015T
2011-12,Hours worked market sector,Index,False,Original,Index Numbers,87.6,A2305086A
2011-12,Hours worked market sector,Index,True,Original,Percent,1.1,A2305088F
2011-12,Hours worked non-market sector,Index,False,Original,Index Numbers,67.2,A130272187C
2011-12,Hours worked non-market sector,Index,True,Original,Percent,2.1,A130272184W
2011-12,Household saving ratio,Ratio,False,Original,proportion,7.7,A2323368K
2011-12,Households ; Final consumption expenditure - Discretionary consumption,Chain volume measures,False,Original,$ Millions,436706.0,A124830443X
2011-12,Households ; Final consumption expenditure - Discretionary consumption,Chain volume measures,True,Original,Percent,4.0,A124830467T
2011-12,Households ; Final consumption expenditure - Discretionary consumption,Current prices,False,Original,$ Millions,333213.0,A124830453C
2011-12,Households ; Final consumption expenditure - Discretionary consumption,Current prices,True,Original,Percent,5.2,A124830477W
2011-12,Households ; Final consumption expenditure - Essential consumption,Chain volume measures,False,Original,$ Millions,633407.0,A124830442W
2011-12,Households ; Final consumption expenditure - Essential consumption,Chain volume measures,True,Original,Percent,2.2,A124830466R
2011-12,Households ; Final consumption expenditure - Essential consumption,Current prices,False,Original,$ Millions,475674.0,A124830452A
2011-12,Households ; Final consumption expenditure - Essential consumption,Current prices,True,Original,Percent,5.4,A124830476V
2011-12,Households ; Final consumption expenditure - Goods,Chain volume measures,False,Original,$ Millions,395188.0,A124830440T
2011-12,Households ; Final consumption expenditure - Goods,Chain volume measures,True,Original,Percent,4.1,A124830464K
2011-12,Households ; Final consumption expenditure - Goods,Current prices,False,Original,$ Millions,311827.0,A124830450W
2011-12,Households ; Final consumption expenditure - Goods,Current prices,True,Original,Percent,5.3,A124830474R
2011-12,Households ; Final consumption expenditure - Services,Chain volume measures,False,Original,$ Millions,673806.0,A124830441V
2011-12,Households ; Final consumption expenditure - Services,Chain volume measures,True,Original,Percent,2.2,A124830465L
2011-12,Households ; Final consumption expenditure - Services,Current prices,False,Original,$ Millions,497060.0,A124830451X
2011-12,Households ; Final consumption expenditure - Services,Current prices,True,Original,Percent,5.3,A124830475T
2011-12,Imports of merchandise goods,Current prices,False,Original,$ Millions,249962.0,A2304889L
2011-12,Imports to domestic sales,Ratio,False,Original,proportion,0.382,A2304903W
2011-12,Inventories to total sales,Ratio,False,Original,proportion,0.638,A2304906C
2011-12,Net domestic product,Chain volume measures,False,Original,$ Millions,1683733.0,A2304773K
2011-12,Net domestic product,Chain volume measures,True,Original,Percent,3.8,A2304836J
2011-12,Net saving,Current prices,False,Original,$ Millions,128101.0,A2304633J
2011-12,Non-farm ; Gross domestic product,Chain volume measures,False,Original,$ Millions,1980930.0,A2304754C
2011-12,Non-farm ; Gross domestic product,Chain volume measures,True,Original,Percent,4.0,A2304829K
2011-12,Non-farm ; Gross domestic product,Current prices,False,Original,$ Millions,1475664.0,A2304616F
2011-12,Non-farm ; Gross domestic product,Current prices,True,Original,Percent,5.9,A2304656X
2011-12,Non-farm ; Gross domestic product,Implicit price deflators,False,Original,Index Numbers,74.5,A2304681A
2011-12,Non-farm ; Gross domestic product,Implicit price deflators,True,Original,Percent,1.8,A2304789C
2011-12,Non-farm ; Total compensation of employees,Current prices,False,Original,$ Millions,708999.0,A2304583W
2011-12,Non-farm ; Total compensation of employees,Current prices,True,Original,Percent,6.8,A2304645T
2011-12,Non-farm compensation of employees per hour,Current prices,False,Original,$,42.9,A129552317C
2011-12,Non-farm compensation of employees per hour,Current prices,True,Original,Percent,4.5,A129552319J
2011-12,Private ; Final demand,Chain volume measures,False,Original,$ Millions,1535020.0,A124830437C
2011-12,Private ; Final demand,Chain volume measures,True,Original,Percent,6.3,A124830461C
2011-12,Private ; Final demand,Current prices,False,Original,$ Millions,1142200.0,A124830439J
2011-12,Private ; Final demand,Current prices,True,Original,Percent,7.8,A124830463J
2011-12,Private non-farm inventory levels,Chain volume measures,False,Original,$ Millions,186261.0,A2305012K
2011-12,Private non-farm inventory levels - book values,Current prices,False,Original,$ Millions,146671.0,A2304619L
2011-12,Profits share of total factor income,Ratio,False,Original,Percent,28.6,A2304901T
2011-12,Public ; Final demand,Chain volume measures,False,Original,$ Millions,471997.0,A124830436A
2011-12,Public ; Final demand,Chain volume measures,True,Original,Percent,2.6,A124830460A
2011-12,Public ; Final demand,Current prices,False,Original,$ Millions,361643.0,A124830438F
2011-12,Public ; Final demand,Current prices,True,Original,Percent,5.4,A124830462F
2011-12,Real gross domestic income,Chain volume measures,False,Original,$ Millions,2016185.0,A2304775R
2011-12,Real gross domestic income,Chain volume measures,True,Original,Percent,4.1,A2304838L
2011-12,Real gross national income,Chain volume measures,False,Original,$ Millions,1956337.0,A2304735W
2011-12,Real gross national income,Chain volume measures,True,Original,Percent,5.1,A2304810K
2011-12,Real net national disposable income,Chain volume measures,False,Original,$ Millions,1614093.0,A2304846L
2011-12,Real net national disposable income,Chain volume measures,True,Original,Percent,5.2,A2304851F
2011-12,Real net national disposable income per capita,Chain volume measures,False,Original,$,71677.0,A2305058T
2011-12,Real net national disposable income per capita,Chain volume measures,True,Original,Percent,3.6,A2305076W
2011-12,Real unit of labour costs,Index,False,Original,Index Numbers,103.2,A2432926J
2011-12,Real unit of labour costs,Index,True,Original,Percent,0.1,A2478946W
2011-12,Real unit of labour costs - Non-farm,Index,False,Original,Index Numbers,102.9,A2432927K
2011-12,Real unit of labour costs - Non-farm,Index,True,Original,Percent,0.2,A2478947X
2011-12,Terms of trade,Index,False,Original,Index Numbers,99.4,A2304708R
2011-12,Terms of trade,Index,True,Original,Percent,0.5,A2304802K
2011-12,Total sales,Current prices,False,Original,$ Millions,920630.0,A2304632F
2011-12,Wages share of total factor income,Ratio,False,Original,Percent,52.3,A2304902V
2012-13,Average compensation per employee,Current prices,False,Original,$,71505.0,A2304854L
2012-13,Average compensation per employee,Current prices,True,Original,Percent,1.3,A2304907F
2012-13,Average non-farm compensation per employee,Current prices,False,Original,$,72022.0,A2304919R
2012-13,Average non-farm compensation per employee,Current prices,True,Original,Percent,1.2,A2304923F
2012-13,Compensation of employees per hour,Current prices,False,Original,$,42.5,A129552316A
2012-13,Compensation of employees per hour,Current prices,True,Original,Percent,1.9,A129552318F
2012-13,Domestic final demand,Index,False,Original,Index Numbers,76.5,A2304703C
2012-13,Domestic final demand,Index,True,Original,Percent,1.9,A2304797C
2012-13,Domestic sales,Current prices,False,Original,$ Millions,682176.0,A2304899T
2012-13,Farm ; Gross domestic product,Chain volume measures,False,Original,$ Millions,39799.0,A2304753A
2012-13,Farm ; Gross domestic product,Chain volume measures,True,Original,Percent,-1.0,A2304828J
2012-13,Farm ; Gross domestic product,Current prices,False,Original,$ Millions,31427.0,A2304615C
2012-13,Farm ; Gross domestic product,Current prices,True,Original,Percent,4.4,A2304655W
2012-13,Farm ; Gross domestic product,Implicit price deflators,False,Original,Index Numbers,79.0,A2304680X
2012-13,Farm ; Gross domestic product,Implicit price deflators,True,Original,Percent,5.4,A2304788A
2012-13,GDP per capita,Chain volume measures,False,Original,$,90498.0,A2305001C
2012-13,GDP per capita,Chain volume measures,True,Original,Percent,0.8,A2305033W
2012-13,GDP per capita,Current prices,False,Original,$,67338.0,A2304887J
2012-13,GDP per hour worked,Index,False,Original,Index Numbers,93.7,A2304964A
2012-13,GDP per hour worked,Index,True,Original,Percent,2.0,A2305020K
2012-13,Gross domestic product,Chain volume measures,False,Original,$ Millions,2074666.0,A2304755F
2012-13,Gross domestic product,Chain volume measures,True,Original,Percent,2.7,A2304830V
2012-13,Gross domestic product,Current prices,False,Original,$ Millions,1543718.0,A2304617J
2012-13,Gross domestic product,Current prices,True,Original,Percent,2.5,A2304657A
2012-13,Gross domestic product,Index,False,Original,Index Numbers,74.0,A2304706K
2012-13,Gross domestic product,Index,True,Original,Percent,0.0,A2304800F
2012-13,Gross domestic product - Expenditure based,Chain volume measures,False,Original,$ Millions,2074666.0,A2304843F
2012-13,Gross domestic product - Expenditure based,Chain volume measures,True,Original,Percent,2.7,A2304848T
2012-13,Gross domestic product - Income based,Chain volume measures,False,Original,$ Millions,2074666.0,A2304844J
2012-13,Gross domestic product - Income based,Chain volume measures,True,Original,Percent,2.7,A2304849V
2012-13,Gross domestic product - Production based,Chain volume measures,False,Original,$ Millions,2074666.0,A2304845K
2012-13,Gross domestic product - Production based,Chain volume measures,True,Original,Percent,2.7,A2304850C
2012-13,Gross fixed capital formation - Mining private business investment,Chain volume measures,False,Original,$ Millions,187738.0,A108322796T
2012-13,Gross fixed capital formation - Mining private business investment,Chain volume measures,True,Original,Percent,17.8,A108322800W
2012-13,Gross fixed capital formation - Mining private business investment,Current prices,False,Original,$ Millions,136240.0,A108322798W
2012-13,Gross fixed capital formation - Mining private business investment,Current prices,True,Original,Percent,19.9,A108322802A
2012-13,Gross fixed capital formation - New private business investment,Chain volume measures,False,Original,$ Millions,347400.0,A2305130X
2012-13,Gross fixed capital formation - New private business investment,Chain volume measures,True,Original,Percent,5.3,A2305128L
2012-13,Gross fixed capital formation - New private business investment,Current prices,False,Original,$ Millions,273311.0,A2305129R
2012-13,Gross fixed capital formation - New private business investment,Current prices,True,Original,Percent,6.1,A2305127K
2012-13,Gross fixed capital formation - Non-mining private business investment,Chain volume measures,False,Original,$ Millions,158021.0,A108322797V
2012-13,Gross fixed capital formation - Non-mining private business investment,Chain volume measures,True,Original,Percent,-5.9,A108322801X
2012-13,Gross fixed capital formation - Non-mining private business investment,Current prices,False,Original,$ Millions,128090.0,A108322799X
2012-13,Gross fixed capital formation - Non-mining private business investment,Current prices,True,Original,Percent,-6.2,A108322803C
2012-13,Gross national income,Current prices,False,Original,$ Millions,1505831.0,A2304605X
2012-13,Gross value added market sector,Chain volume measures,False,Original,$ Millions,1427186.0,A3605667L
2012-13,Gross value added market sector,Chain volume measures,True,Original,Percent,2.9,A3605665J
2012-13,Gross value added non-market sector,Chain volume measures,False,Original,$ Millions,320614.0,A130272186A
2012-13,Gross value added non-market sector,Chain volume measures,True,Original,Percent,2.5,A130272183V
2012-13,Gross value added per hour worked market sector,Index,False,Original,Index Numbers,90.0,A3605668R
2012-13,Gross value added per hour worked market sector,Index,True,Original,Percent,2.6,A3605666K
2012-13,Gross value added per hour worked non-market sector,Index,False,Original,Index Numbers,99.3,A130272188F
2012-13,Gross value added per hour worked non-market sector,Index,True,Original,Percent,1.0,A130272185X
2012-13,Hours worked,Index,False,Original,Index Numbers,82.6,A2304958F
2012-13,Hours worked,Index,True,Original,Percent,0.6,A2305015T
2012-13,Hours worked market sector,Index,False,Original,Index Numbers,87.9,A2305086A
2012-13,Hours worked market sector,Index,True,Original,Percent,0.3,A2305088F
2012-13,Hours worked non-market sector,Index,False,Original,Index Numbers,68.3,A130272187C
2012-13,Hours worked non-market sector,Index,True,Original,Percent,1.5,A130272184W
2012-13,Household saving ratio,Ratio,False,Original,proportion,6.2,A2323368K
2012-13,Households ; Final consumption expenditure - Discretionary consumption,Chain volume measures,False,Original,$ Millions,443411.0,A124830443X
2012-13,Households ; Final consumption expenditure - Discretionary consumption,Chain volume measures,True,Original,Percent,1.5,A124830467T
2012-13,Households ; Final consumption expenditure - Discretionary consumption,Current prices,False,Original,$ Millions,341421.0,A124830453C
2012-13,Households ; Final consumption expenditure - Discretionary consumption,Current prices,True,Original,Percent,2.5,A124830477W
2012-13,Households ; Final consumption expenditure - Essential consumption,Chain volume measures,False,Original,$ Millions,648348.0,A124830442W
2012-13,Households ; Final consumption expenditure - Essential consumption,Chain volume measures,True,Original,Percent,2.4,A124830466R
2012-13,Households ; Final consumption expenditure - Essential consumption,Current prices,False,Original,$ Millions,504258.0,A124830452A
2012-13,Households ; Final consumption expenditure - Essential consumption,Current prices,True,Original,Percent,6.0,A124830476V
2012-13,Households ; Final consumption expenditure - Goods,Chain volume measures,False,Original,$ Millions,405796.0,A124830440T
2012-13,Households ; Final consumption expenditure - Goods,Chain volume measures,True,Original,Percent,2.7,A124830464K
2012-13,Households ; Final consumption expenditure - Goods,Current prices,False,Original,$ Millions,324958.0,A124830450W
2012-13,Households ; Final consumption expenditure - Goods,Current prices,True,Original,Percent,4.2,A124830474R
2012-13,Households ; Final consumption expenditure - Services,Chain volume measures,False,Original,$ Millions,684605.0,A124830441V
2012-13,Households ; Final consumption expenditure - Services,Chain volume measures,True,Original,Percent,1.6,A124830465L
2012-13,Households ; Final consumption expenditure - Services,Current prices,False,Original,$ Millions,520721.0,A124830451X
2012-13,Households ; Final consumption expenditure - Services,Current prices,True,Original,Percent,4.8,A124830475T
2012-13,Imports of merchandise goods,Current prices,False,Original,$ Millions,246158.0,A2304889L
2012-13,Imports to domestic sales,Ratio,False,Original,proportion,0.361,A2304903W
2012-13,Inventories to total sales,Ratio,False,Original,proportion,0.633,A2304906C
2012-13,Net domestic product,Chain volume measures,False,Original,$ Millions,1721904.0,A2304773K
2012-13,Net domestic product,Chain volume measures,True,Original,Percent,2.3,A2304836J
2012-13,Net saving,Current prices,False,Original,$ Millions,116476.0,A2304633J
2012-13,Non-farm ; Gross domestic product,Chain volume measures,False,Original,$ Millions,2034998.0,A2304754C
2012-13,Non-farm ; Gross domestic product,Chain volume measures,True,Original,Percent,2.7,A2304829K
2012-13,Non-farm ; Gross domestic product,Current prices,False,Original,$ Millions,1512291.0,A2304616F
2012-13,Non-farm ; Gross domestic product,Current prices,True,Original,Percent,2.5,A2304656X
2012-13,Non-farm ; Gross domestic product,Implicit price deflators,False,Original,Index Numbers,74.3,A2304681A
2012-13,Non-farm ; Gross domestic product,Implicit price deflators,True,Original,Percent,-0.2,A2304789C
2012-13,Non-farm ; Total compensation of employees,Current prices,False,Original,$ Millions,732657.0,A2304583W
2012-13,Non-farm ; Total compensation of employees,Current prices,True,Original,Percent,3.3,A2304645T
2012-13,Non-farm compensation of employees per hour,Current prices,False,Original,$,43.7,A129552317C
2012-13,Non-farm compensation of employees per hour,Current prices,True,Original,Percent,2.0,A129552319J
2012-13,Private ; Final demand,Chain volume measures,False,Original,$ Millions,1575419.0,A124830437C
2012-13,Private ; Final demand,Chain volume measures,True,Original,Percent,2.6,A124830461C
2012-13,Private ; Final demand,Current prices,False,Original,$ Millions,1196619.0,A124830439J
2012-13,Private ; Final demand,Current prices,True,Original,Percent,4.8,A124830463J
2012-13,Private non-farm inventory levels,Chain volume measures,False,Original,$ Millions,185568.0,A2305012K
2012-13,Private non-farm inventory levels - book values,Current prices,False,Original,$ Millions,145643.0,A2304619L
2012-13,Profits share of total factor income,Ratio,False,Original,Percent,27.6,A2304901T
2012-13,Public ; Final demand,Chain volume measures,False,Original,$ Millions,471746.0,A124830436A
2012-13,Public ; Final demand,Chain volume measures,True,Original,Percent,-0.1,A124830460A
2012-13,Public ; Final demand,Current prices,False,Original,$ Millions,366945.0,A124830438F
2012-13,Public ; Final demand,Current prices,True,Original,Percent,1.5,A124830462F
2012-13,Real gross domestic income,Chain volume measures,False,Original,$ Millions,2026359.0,A2304775R
2012-13,Real gross domestic income,Chain volume measures,True,Original,Percent,0.5,A2304838L
2012-13,Real gross national income,Chain volume measures,False,Original,$ Millions,1977038.0,A2304735W
2012-13,Real gross national income,Chain volume measures,True,Original,Percent,1.1,A2304810K
2012-13,Real net national disposable income,Chain volume measures,False,Original,$ Millions,1619414.0,A2304846L
2012-13,Real net national disposable income,Chain volume measures,True,Original,Percent,0.3,A2304851F
2012-13,Real net national disposable income per capita,Chain volume measures,False,Original,$,70640.0,A2305058T
2012-13,Real net national disposable income per capita,Chain volume measures,True,Original,Percent,-1.4,A2305076W
2012-13,Real unit of labour costs,Index,False,Original,Index Numbers,103.1,A2432926J
2012-13,Real unit of labour costs,Index,True,Original,Percent,0.0,A2478946W
2012-13,Real unit of labour costs - Non-farm,Index,False,Original,Index Numbers,103.1,A2432927K
2012-13,Real unit of labour costs - Non-farm,Index,True,Original,Percent,0.2,A2478947X
2012-13,Terms of trade,Index,False,Original,Index Numbers,89.9,A2304708R
2012-13,Terms of trade,Index,True,Original,Percent,-9.5,A2304802K
2012-13,Total sales,Current prices,False,Original,$ Millions,930779.0,A2304632F
2012-13,Wages share of total factor income,Ratio,False,Original,Percent,52.9,A2304902V
2013-14,Average compensation per employee,Current prices,False,Original,$,73673.0,A2304854L
2013-14,Average compensation per employee,Current prices,True,Original,Percent,3.0,A2304907F
2013-14,Average non-farm compensation per employee,Current prices,False,Original,$,74205.0,A2304919R
2013-14,Average non-farm compensation per employee,Current prices,True,Original,Percent,3.0,A2304923F
2013-14,Compensation of employees per hour,Current prices,False,Original,$,43.9,A129552316A
2013-14,Compensation of employees per hour,Current prices,True,Original,Percent,3.1,A129552318F
2013-14,Domestic final demand,Index,False,Original,Index Numbers,78.3,A2304703C
2013-14,Domestic final demand,Index,True,Original,Percent,2.4,A2304797C
2013-14,Domestic sales,Current prices,False,Original,$ Millions,693291.0,A2304899T
2013-14,Farm ; Gross domestic product,Chain volume measures,False,Original,$ Millions,40229.0,A2304753A
2013-14,Farm ; Gross domestic product,Chain volume measures,True,Original,Percent,1.1,A2304828J
2013-14,Farm ; Gross domestic product,Current prices,False,Original,$ Millions,31310.0,A2304615C
2013-14,Farm ; Gross domestic product,Current prices,True,Original,Percent,-0.4,A2304655W
2013-14,Farm ; Gross domestic product,Implicit price deflators,False,Original,Index Numbers,77.8,A2304680X
2013-14,Farm ; Gross domestic product,Implicit price deflators,True,Original,Percent,-1.4,A2304788A
2013-14,GDP per capita,Chain volume measures,False,Original,$,91378.0,A2305001C
2013-14,GDP per capita,Chain volume measures,True,Original,Percent,1.0,A2305033W
2013-14,GDP per capita,Current prices,False,Original,$,68956.0,A2304887J
2013-14,GDP per hour worked,Index,False,Original,Index Numbers,95.6,A2304964A
2013-14,GDP per hour worked,Index,True,Original,Percent,2.0,A2305020K
2013-14,Gross domestic product,Chain volume measures,False,Original,$ Millions,2128632.0,A2304755F
2013-14,Gross domestic product,Chain volume measures,True,Original,Percent,2.6,A2304830V
2013-14,Gross domestic product,Current prices,False,Original,$ Millions,1606317.0,A2304617J
2013-14,Gross domestic product,Current prices,True,Original,Percent,4.1,A2304657A
2013-14,Gross domestic product,Index,False,Original,Index Numbers,75.2,A2304706K
2013-14,Gross domestic product,Index,True,Original,Percent,1.5,A2304800F
2013-14,Gross domestic product - Expenditure based,Chain volume measures,False,Original,$ Millions,2128632.0,A2304843F
2013-14,Gross domestic product - Expenditure based,Chain volume measures,True,Original,Percent,2.6,A2304848T
2013-14,Gross domestic product - Income based,Chain volume measures,False,Original,$ Millions,2128632.0,A2304844J
2013-14,Gross domestic product - Income based,Chain volume measures,True,Original,Percent,2.6,A2304849V
2013-14,Gross domestic product - Production based,Chain volume measures,False,Original,$ Millions,2128632.0,A2304845K
2013-14,Gross domestic product - Production based,Chain volume measures,True,Original,Percent,2.6,A2304850C
2013-14,Gross fixed capital formation - Mining private business investment,Chain volume measures,False,Original,$ Millions,170689.0,A108322796T
2013-14,Gross fixed capital formation - Mining private business investment,Chain volume measures,True,Original,Percent,-9.1,A108322800W
2013-14,Gross fixed capital formation - Mining private business investment,Current prices,False,Original,$ Millions,126947.0,A108322798W
2013-14,Gross fixed capital formation - Mining private business investment,Current prices,True,Original,Percent,-6.8,A108322802A
2013-14,Gross fixed capital formation - New private business investment,Chain volume measures,False,Original,$ Millions,331124.0,A2305130X
2013-14,Gross fixed capital formation - New private business investment,Chain volume measures,True,Original,Percent,-4.7,A2305128L
2013-14,Gross fixed capital formation - New private business investment,Current prices,False,Original,$ Millions,266104.0,A2305129R
2013-14,Gross fixed capital formation - New private business investment,Current prices,True,Original,Percent,-2.6,A2305127K
2013-14,Gross fixed capital formation - Non-mining private business investment,Chain volume measures,False,Original,$ Millions,157623.0,A108322797V
2013-14,Gross fixed capital formation - Non-mining private business investment,Chain volume measures,True,Original,Percent,-0.3,A108322801X
2013-14,Gross fixed capital formation - Non-mining private business investment,Current prices,False,Original,$ Millions,130042.0,A108322799X
2013-14,Gross fixed capital formation - Non-mining private business investment,Current prices,True,Original,Percent,1.5,A108322803C
2013-14,Gross national income,Current prices,False,Original,$ Millions,1564956.0,A2304605X
2013-14,Gross value added market sector,Chain volume measures,False,Original,$ Millions,1466205.0,A3605667L
2013-14,Gross value added market sector,Chain volume measures,True,Original,Percent,2.7,A3605665J
2013-14,Gross value added non-market sector,Chain volume measures,False,Original,$ Millions,331983.0,A130272186A
2013-14,Gross value added non-market sector,Chain volume measures,True,Original,Percent,3.5,A130272183V
2013-14,Gross value added per hour worked market sector,Index,False,Original,Index Numbers,92.4,A3605668R
2013-14,Gross value added per hour worked market sector,Index,True,Original,Percent,2.7,A3605666K
2013-14,Gross value added per hour worked non-market sector,Index,False,Original,Index Numbers,100.4,A130272188F
2013-14,Gross value added per hour worked non-market sector,Index,True,Original,Percent,1.1,A130272185X
2013-14,Hours worked,Index,False,Original,Index Numbers,83.1,A2304958F
2013-14,Hours worked,Index,True,Original,Percent,0.6,A2305015T
2013-14,Hours worked market sector,Index,False,Original,Index Numbers,87.9,A2305086A
2013-14,Hours worked market sector,Index,True,Original,Percent,0.0,A2305088F
2013-14,Hours worked non-market sector,Index,False,Original,Index Numbers,69.9,A130272187C
2013-14,Hours worked non-market sector,Index,True,Original,Percent,2.4,A130272184W
2013-14,Household saving ratio,Ratio,False,Original,proportion,7.1,A2323368K
2013-14,Households ; Final consumption expenditure - Discretionary consumption,Chain volume measures,False,Original,$ Millions,452229.0,A124830443X
2013-14,Households ; Final consumption expenditure - Discretionary consumption,Chain volume measures,True,Original,Percent,2.0,A124830467T
2013-14,Households ; Final consumption expenditure - Discretionary consumption,Current prices,False,Original,$ Millions,354514.0,A124830453C
2013-14,Households ; Final consumption expenditure - Discretionary consumption,Current prices,True,Original,Percent,3.8,A124830477W
2013-14,Households ; Final consumption expenditure - Essential consumption,Chain volume measures,False,Original,$ Millions,664618.0,A124830442W
2013-14,Households ; Final consumption expenditure - Essential consumption,Chain volume measures,True,Original,Percent,2.5,A124830466R
2013-14,Households ; Final consumption expenditure - Essential consumption,Current prices,False,Original,$ Millions,528966.0,A124830452A
2013-14,Households ; Final consumption expenditure - Essential consumption,Current prices,True,Original,Percent,4.9,A124830476V
2013-14,Households ; Final consumption expenditure - Goods,Chain volume measures,False,Original,$ Millions,414795.0,A124830440T
2013-14,Households ; Final consumption expenditure - Goods,Chain volume measures,True,Original,Percent,2.2,A124830464K
2013-14,Households ; Final consumption expenditure - Goods,Current prices,False,Original,$ Millions,337410.0,A124830450W
2013-14,Households ; Final consumption expenditure - Goods,Current prices,True,Original,Percent,3.8,A124830474R
2013-14,Households ; Final consumption expenditure - Services,Chain volume measures,False,Original,$ Millions,700695.0,A124830441V
2013-14,Households ; Final consumption expenditure - Services,Chain volume measures,True,Original,Percent,2.4,A124830465L
2013-14,Households ; Final consumption expenditure - Services,Current prices,False,Original,$ Millions,546071.0,A124830451X
2013-14,Households ; Final consumption expenditure - Services,Current prices,True,Original,Percent,4.9,A124830475T
2013-14,Imports of merchandise goods,Current prices,False,Original,$ Millions,259571.0,A2304889L
2013-14,Imports to domestic sales,Ratio,False,Original,proportion,0.374,A2304903W
2013-14,Inventories to total sales,Ratio,False,Original,proportion,0.618,A2304906C
2013-14,Net domestic product,Chain volume measures,False,Original,$ Millions,1761466.0,A2304773K
2013-14,Net domestic product,Chain volume measures,True,Original,Percent,2.3,A2304836J
2013-14,Net saving,Current prices,False,Original,$ Millions,109672.0,A2304633J
2013-14,Non-farm ; Gross domestic product,Chain volume measures,False,Original,$ Millions,2088576.0,A2304754C
2013-14,Non-farm ; Gross domestic product,Chain volume measures,True,Original,Percent,2.6,A2304829K
2013-14,Non-farm ; Gross domestic product,Current prices,False,Original,$ Millions,1575007.0,A2304616F
2013-14,Non-farm ; Gross domestic product,Current prices,True,Original,Percent,4.1,A2304656X
2013-14,Non-farm ; Gross domestic product,Implicit price deflators,False,Original,Index Numbers,75.4,A2304681A
2013-14,Non-farm ; Gross domestic product,Implicit price deflators,True,Original,Percent,1.5,A2304789C
2013-14,Non-farm ; Total compensation of employees,Current prices,False,Original,$ Millions,758560.0,A2304583W
2013-14,Non-farm ; Total compensation of employees,Current prices,True,Original,Percent,3.5,A2304645T
2013-14,Non-farm compensation of employees per hour,Current prices,False,Original,$,45.2,A129552317C
2013-14,Non-farm compensation of employees per hour,Current prices,True,Original,Percent,3.3,A129552319J
2013-14,Private ; Final demand,Chain volume measures,False,Original,$ Millions,1595386.0,A124830437C
2013-14,Private ; Final demand,Chain volume measures,True,Original,Percent,1.3,A124830461C
2013-14,Private ; Final demand,Current prices,False,Original,$ Millions,1239340.0,A124830439J
2013-14,Private ; Final demand,Current prices,True,Original,Percent,3.6,A124830463J
2013-14,Private non-farm inventory levels,Chain volume measures,False,Original,$ Millions,180187.0,A2305012K
2013-14,Private non-farm inventory levels - book values,Current prices,False,Original,$ Millions,146009.0,A2304619L
2013-14,Profits share of total factor income,Ratio,False,Original,Percent,27.4,A2304901T
2013-14,Public ; Final demand,Chain volume measures,False,Original,$ Millions,473023.0,A124830436A
2013-14,Public ; Final demand,Chain volume measures,True,Original,Percent,0.3,A124830460A
2013-14,Public ; Final demand,Current prices,False,Original,$ Millions,374282.0,A124830438F
2013-14,Public ; Final demand,Current prices,True,Original,Percent,2.0,A124830462F
2013-14,Real gross domestic income,Chain volume measures,False,Original,$ Millions,2062989.0,A2304775R
2013-14,Real gross domestic income,Chain volume measures,True,Original,Percent,1.8,A2304838L
2013-14,Real gross national income,Chain volume measures,False,Original,$ Millions,2010296.0,A2304735W
2013-14,Real gross national income,Chain volume measures,True,Original,Percent,1.7,A2304810K
2013-14,Real net national disposable income,Chain volume measures,False,Original,$ Millions,1638861.0,A2304846L
2013-14,Real net national disposable income,Chain volume measures,True,Original,Percent,1.2,A2304851F
2013-14,Real net national disposable income per capita,Chain volume measures,False,Original,$,70353.0,A2305058T
2013-14,Real net national disposable income per capita,Chain volume measures,True,Original,Percent,-0.4,A2305076W
2013-14,Real unit of labour costs,Index,False,Original,Index Numbers,102.8,A2432926J
2013-14,Real unit of labour costs,Index,True,Original,Percent,-0.3,A2478946W
2013-14,Real unit of labour costs - Non-farm,Index,False,Original,Index Numbers,102.7,A2432927K
2013-14,Real unit of labour costs - Non-farm,Index,True,Original,Percent,-0.4,A2478947X
2013-14,Terms of trade,Index,False,Original,Index Numbers,86.5,A2304708R
2013-14,Terms of trade,Index,True,Original,Percent,-3.8,A2304802K
2013-14,Total sales,Current prices,False,Original,$ Millions,966878.0,A2304632F
2013-14,Wages share of total factor income,Ratio,False,Original,Percent,52.8,A2304902V
2014-15,Average compensation per employee,Current prices,False,Original,$,74906.0,A2304854L
2014-15,Average compensation per employee,Current prices,True,Original,Percent,1.7,A2304907F
2014-15,Average non-farm compensation per employee,Current prices,False,Original,$,75358.0,A2304919R
2014-15,Average non-farm compensation per employee,Current prices,True,Original,Percent,1.6,A2304923F
2014-15,Compensation of employees per hour,Current prices,False,Original,$,44.8,A129552316A
2014-15,Compensation of employees per hour,Current prices,True,Original,Percent,2.1,A129552318F
2014-15,Domestic final demand,Index,False,Original,Index Numbers,79.8,A2304703C
2014-15,Domestic final demand,Index,True,Original,Percent,1.8,A2304797C
2014-15,Domestic sales,Current prices,False,Original,$ Millions,694636.0,A2304899T
2014-15,Farm ; Gross domestic product,Chain volume measures,False,Original,$ Millions,40920.0,A2304753A
2014-15,Farm ; Gross domestic product,Chain volume measures,True,Original,Percent,1.7,A2304828J
2014-15,Farm ; Gross domestic product,Current prices,False,Original,$ Millions,33823.0,A2304615C
2014-15,Farm ; Gross domestic product,Current prices,True,Original,Percent,8.0,A2304655W
2014-15,Farm ; Gross domestic product,Implicit price deflators,False,Original,Index Numbers,82.7,A2304680X
2014-15,Farm ; Gross domestic product,Implicit price deflators,True,Original,Percent,6.2,A2304788A
2014-15,GDP per capita,Chain volume measures,False,Original,$,92002.0,A2305001C
2014-15,GDP per capita,Chain volume measures,True,Original,Percent,0.7,A2305033W
2014-15,GDP per capita,Current prices,False,Original,$,68992.0,A2304887J
2014-15,GDP per hour worked,Index,False,Original,Index Numbers,96.8,A2304964A
2014-15,GDP per hour worked,Index,True,Original,Percent,1.3,A2305020K
2014-15,Gross domestic product,Chain volume measures,False,Original,$ Millions,2174703.0,A2304755F
2014-15,Gross domestic product,Chain volume measures,True,Original,Percent,2.2,A2304830V
2014-15,Gross domestic product,Current prices,False,Original,$ Millions,1630787.0,A2304617J
2014-15,Gross domestic product,Current prices,True,Original,Percent,1.5,A2304657A
2014-15,Gross domestic product,Index,False,Original,Index Numbers,75.1,A2304706K
2014-15,Gross domestic product,Index,True,Original,Percent,-0.1,A2304800F
2014-15,Gross domestic product - Expenditure based,Chain volume measures,False,Original,$ Millions,2174703.0,A2304843F
2014-15,Gross domestic product - Expenditure based,Chain volume measures,True,Original,Percent,2.2,A2304848T
2014-15,Gross domestic product - Income based,Chain volume measures,False,Original,$ Millions,2174703.0,A2304844J
2014-15,Gross domestic product - Income based,Chain volume measures,True,Original,Percent,2.2,A2304849V
2014-15,Gross domestic product - Production based,Chain volume measures,False,Original,$ Millions,2174703.0,A2304845K
2014-15,Gross domestic product - Production based,Chain volume measures,True,Original,Percent,2.2,A2304850C
2014-15,Gross fixed capital formation - Mining private business investment,Chain volume measures,False,Original,$ Millions,134943.0,A108322796T
2014-15,Gross fixed capital formation - Mining private business investment,Chain volume measures,True,Original,Percent,-20.9,A108322800W
2014-15,Gross fixed capital formation - Mining private business investment,Current prices,False,Original,$ Millions,101613.0,A108322798W
2014-15,Gross fixed capital formation - Mining private business investment,Current prices,True,Original,Percent,-20.0,A108322802A
2014-15,Gross fixed capital formation - New private business investment,Chain volume measures,False,Original,$ Millions,307750.0,A2305130X
2014-15,Gross fixed capital formation - New private business investment,Chain volume measures,True,Original,Percent,-7.1,A2305128L
2014-15,Gross fixed capital formation - New private business investment,Current prices,False,Original,$ Millions,250208.0,A2305129R
2014-15,Gross fixed capital formation - New private business investment,Current prices,True,Original,Percent,-6.0,A2305127K
2014-15,Gross fixed capital formation - Non-mining private business investment,Chain volume measures,False,Original,$ Millions,166182.0,A108322797V
2014-15,Gross fixed capital formation - Non-mining private business investment,Chain volume measures,True,Original,Percent,5.4,A108322801X
2014-15,Gross fixed capital formation - Non-mining private business investment,Current prices,False,Original,$ Millions,138553.0,A108322799X
2014-15,Gross fixed capital formation - Non-mining private business investment,Current prices,True,Original,Percent,6.5,A108322803C
2014-15,Gross national income,Current prices,False,Original,$ Millions,1598063.0,A2304605X
2014-15,Gross value added market sector,Chain volume measures,False,Original,$ Millions,1500887.0,A3605667L
2014-15,Gross value added market sector,Chain volume measures,True,Original,Percent,2.4,A3605665J
2014-15,Gross value added non-market sector,Chain volume measures,False,Original,$ Millions,340748.0,A130272186A
2014-15,Gross value added non-market sector,Chain volume measures,True,Original,Percent,2.6,A130272183V
2014-15,Gross value added per hour worked market sector,Index,False,Original,Index Numbers,94.3,A3605668R
2014-15,Gross value added per hour worked market sector,Index,True,Original,Percent,2.1,A3605666K
2014-15,Gross value added per hour worked non-market sector,Index,False,Original,Index Numbers,100.1,A130272188F
2014-15,Gross value added per hour worked non-market sector,Index,True,Original,Percent,-0.2,A130272185X
2014-15,Hours worked,Index,False,Original,Index Numbers,83.8,A2304958F
2014-15,Hours worked,Index,True,Original,Percent,0.9,A2305015T
2014-15,Hours worked market sector,Index,False,Original,Index Numbers,88.2,A2305086A
2014-15,Hours worked market sector,Index,True,Original,Percent,0.3,A2305088F
2014-15,Hours worked non-market sector,Index,False,Original,Index Numbers,71.9,A130272187C
2014-15,Hours worked non-market sector,Index,True,Original,Percent,2.9,A130272184W
2014-15,Household saving ratio,Ratio,False,Original,proportion,7.4,A2323368K
2014-15,Households ; Final consumption expenditure - Discretionary consumption,Chain volume measures,False,Original,$ Millions,466037.0,A124830443X
2014-15,Households ; Final consumption expenditure - Discretionary consumption,Chain volume measures,True,Original,Percent,3.1,A124830467T
2014-15,Households ; Final consumption expenditure - Discretionary consumption,Current prices,False,Original,$ Millions,371347.0,A124830453C
2014-15,Households ; Final consumption expenditure - Discretionary consumption,Current prices,True,Original,Percent,4.7,A124830477W
2014-15,Households ; Final consumption expenditure - Essential consumption,Chain volume measures,False,Original,$ Millions,679859.0,A124830442W
2014-15,Households ; Final consumption expenditure - Essential consumption,Chain volume measures,True,Original,Percent,2.3,A124830466R
2014-15,Households ; Final consumption expenditure - Essential consumption,Current prices,False,Original,$ Millions,545931.0,A124830452A
2014-15,Households ; Final consumption expenditure - Essential consumption,Current prices,True,Original,Percent,3.2,A124830476V
2014-15,Households ; Final consumption expenditure - Goods,Chain volume measures,False,Original,$ Millions,423438.0,A124830440T
2014-15,Households ; Final consumption expenditure - Goods,Chain volume measures,True,Original,Percent,2.1,A124830464K
2014-15,Households ; Final consumption expenditure - Goods,Current prices,False,Original,$ Millions,345464.0,A124830450W
2014-15,Households ; Final consumption expenditure - Goods,Current prices,True,Original,Percent,2.4,A124830474R
2014-15,Households ; Final consumption expenditure - Services,Chain volume measures,False,Original,$ Millions,721127.0,A124830441V
2014-15,Households ; Final consumption expenditure - Services,Chain volume measures,True,Original,Percent,2.9,A124830465L
2014-15,Households ; Final consumption expenditure - Services,Current prices,False,Original,$ Millions,571814.0,A124830451X
2014-15,Households ; Final consumption expenditure - Services,Current prices,True,Original,Percent,4.7,A124830475T
2014-15,Imports of merchandise goods,Current prices,False,Original,$ Millions,265235.0,A2304889L
2014-15,Imports to domestic sales,Ratio,False,Original,proportion,0.382,A2304903W
2014-15,Inventories to total sales,Ratio,False,Original,proportion,0.623,A2304906C
2014-15,Net domestic product,Chain volume measures,False,Original,$ Millions,1794873.0,A2304773K
2014-15,Net domestic product,Chain volume measures,True,Original,Percent,1.9,A2304836J
2014-15,Net saving,Current prices,False,Original,$ Millions,79367.0,A2304633J
2014-15,Non-farm ; Gross domestic product,Chain volume measures,False,Original,$ Millions,2133966.0,A2304754C
2014-15,Non-farm ; Gross domestic product,Chain volume measures,True,Original,Percent,2.2,A2304829K
2014-15,Non-farm ; Gross domestic product,Current prices,False,Original,$ Millions,1596964.0,A2304616F
2014-15,Non-farm ; Gross domestic product,Current prices,True,Original,Percent,1.4,A2304656X
2014-15,Non-farm ; Gross domestic product,Implicit price deflators,False,Original,Index Numbers,74.8,A2304681A
2014-15,Non-farm ; Gross domestic product,Implicit price deflators,True,Original,Percent,-0.8,A2304789C
2014-15,Non-farm ; Total compensation of employees,Current prices,False,Original,$ Millions,780445.0,A2304583W
2014-15,Non-farm ; Total compensation of employees,Current prices,True,Original,Percent,2.9,A2304645T
2014-15,Non-farm compensation of employees per hour,Current prices,False,Original,$,45.8,A129552317C
2014-15,Non-farm compensation of employees per hour,Current prices,True,Original,Percent,1.5,A129552319J
2014-15,Private ; Final demand,Chain volume measures,False,Original,$ Millions,1610051.0,A124830437C
2014-15,Private ; Final demand,Chain volume measures,True,Original,Percent,0.9,A124830461C
2014-15,Private ; Final demand,Current prices,False,Original,$ Millions,1271831.0,A124830439J
2014-15,Private ; Final demand,Current prices,True,Original,Percent,2.6,A124830463J
2014-15,Private non-farm inventory levels,Chain volume measures,False,Original,$ Millions,181909.0,A2305012K
2014-15,Private non-farm inventory levels - book values,Current prices,False,Original,$ Millions,146875.0,A2304619L
2014-15,Profits share of total factor income,Ratio,False,Original,Percent,25.3,A2304901T
2014-15,Public ; Final demand,Chain volume measures,False,Original,$ Millions,475999.0,A124830436A
2014-15,Public ; Final demand,Chain volume measures,True,Original,Percent,0.6,A124830460A
2014-15,Public ; Final demand,Current prices,False,Original,$ Millions,382928.0,A124830438F
2014-15,Public ; Final demand,Current prices,True,Original,Percent,2.3,A124830462F
2014-15,Real gross domestic income,Chain volume measures,False,Original,$ Millions,2059621.0,A2304775R
2014-15,Real gross domestic income,Chain volume measures,True,Original,Percent,-0.2,A2304838L
2014-15,Real gross national income,Chain volume measures,False,Original,$ Millions,2018715.0,A2304735W
2014-15,Real gross national income,Chain volume measures,True,Original,Percent,0.4,A2304810K
2014-15,Real net national disposable income,Chain volume measures,False,Original,$ Millions,1635809.0,A2304846L
2014-15,Real net national disposable income,Chain volume measures,True,Original,Percent,-0.2,A2304851F
2014-15,Real net national disposable income per capita,Chain volume measures,False,Original,$,69204.0,A2305058T
2014-15,Real net national disposable income per capita,Chain volume measures,True,Original,Percent,-1.6,A2305076W
2014-15,Real unit of labour costs,Index,False,Original,Index Numbers,104.2,A2432926J
2014-15,Real unit of labour costs,Index,True,Original,Percent,1.4,A2478946W
2014-15,Real unit of labour costs - Non-farm,Index,False,Original,Index Numbers,103.9,A2432927K
2014-15,Real unit of labour costs - Non-farm,Index,True,Original,Percent,1.2,A2478947X
2014-15,Terms of trade,Index,False,Original,Index Numbers,77.5,A2304708R
2014-15,Terms of trade,Index,True,Original,Percent,-10.4,A2304802K
2014-15,Total sales,Current prices,False,Original,$ Millions,949708.0,A2304632F
2014-15,Wages share of total factor income,Ratio,False,Original,Percent,53.6,A2304902V
2015-16,Average compensation per employee,Current prices,False,Original,$,75713.0,A2304854L
2015-16,Average compensation per employee,Current prices,True,Original,Percent,1.1,A2304907F
2015-16,Average non-farm compensation per employee,Current prices,False,Original,$,76227.0,A2304919R
2015-16,Average non-farm compensation per employee,Current prices,True,Original,Percent,1.2,A2304923F
2015-16,Compensation of employees per hour,Current prices,False,Original,$,45.4,A129552316A
2015-16,Compensation of employees per hour,Current prices,True,Original,Percent,1.4,A129552318F
2015-16,Domestic final demand,Index,False,Original,Index Numbers,81.0,A2304703C
2015-16,Domestic final demand,Index,True,Original,Percent,1.5,A2304797C
2015-16,Domestic sales,Current prices,False,Original,$ Millions,701672.0,A2304899T
2015-16,Farm ; Gross domestic product,Chain volume measures,False,Original,$ Millions,37315.0,A2304753A
2015-16,Farm ; Gross domestic product,Chain volume measures,True,Original,Percent,-8.8,A2304828J
2015-16,Farm ; Gross domestic product,Current prices,False,Original,$ Millions,34567.0,A2304615C
2015-16,Farm ; Gross domestic product,Current prices,True,Original,Percent,2.2,A2304655W
2015-16,Farm ; Gross domestic product,Implicit price deflators,False,Original,Index Numbers,92.6,A2304680X
2015-16,Farm ; Gross domestic product,Implicit price deflators,True,Original,Percent,12.1,A2304788A
2015-16,GDP per capita,Chain volume measures,False,Original,$,93181.0,A2305001C
2015-16,GDP per capita,Chain volume measures,True,Original,Percent,1.3,A2305033W
2015-16,GDP per capita,Current prices,False,Original,$,69405.0,A2304887J
2015-16,GDP per hour worked,Index,False,Original,Index Numbers,97.8,A2304964A
2015-16,GDP per hour worked,Index,True,Original,Percent,1.0,A2305020K
2015-16,Gross domestic product,Chain volume measures,False,Original,$ Millions,2234630.0,A2304755F
2015-16,Gross domestic product,Chain volume measures,True,Original,Percent,2.8,A2304830V
2015-16,Gross domestic product,Current prices,False,Original,$ Millions,1664441.0,A2304617J
2015-16,Gross domestic product,Current prices,True,Original,Percent,2.1,A2304657A
2015-16,Gross domestic product,Index,False,Original,Index Numbers,74.7,A2304706K
2015-16,Gross domestic product,Index,True,Original,Percent,-0.6,A2304800F
2015-16,Gross domestic product - Expenditure based,Chain volume measures,False,Original,$ Millions,2234630.0,A2304843F
2015-16,Gross domestic product - Expenditure based,Chain volume measures,True,Original,Percent,2.8,A2304848T
2015-16,Gross domestic product - Income based,Chain volume measures,False,Original,$ Millions,2234630.0,A2304844J
2015-16,Gross domestic product - Income based,Chain volume measures,True,Original,Percent,2.8,A2304849V
2015-16,Gross domestic product - Production based,Chain volume measures,False,Original,$ Millions,2234630.0,A2304845K
2015-16,Gross domestic product - Production based,Chain volume measures,True,Original,Percent,2.8,A2304850C
2015-16,Gross fixed capital formation - Mining private business investment,Chain volume measures,False,Original,$ Millions,97737.0,A108322796T
2015-16,Gross fixed capital formation - Mining private business investment,Chain volume measures,True,Original,Percent,-27.6,A108322800W
2015-16,Gross fixed capital formation - Mining private business investment,Current prices,False,Original,$ Millions,74593.0,A108322798W
2015-16,Gross fixed capital formation - Mining private business investment,Current prices,True,Original,Percent,-26.6,A108322802A
2015-16,Gross fixed capital formation - New private business investment,Chain volume measures,False,Original,$ Millions,272282.0,A2305130X
2015-16,Gross fixed capital formation - New private business investment,Chain volume measures,True,Original,Percent,-11.5,A2305128L
2015-16,Gross fixed capital formation - New private business investment,Current prices,False,Original,$ Millions,225902.0,A2305129R
2015-16,Gross fixed capital formation - New private business investment,Current prices,True,Original,Percent,-9.7,A2305127K
2015-16,Gross fixed capital formation - Non-mining private business investment,Chain volume measures,False,Original,$ Millions,165559.0,A108322797V
2015-16,Gross fixed capital formation - Non-mining private business investment,Chain volume measures,True,Original,Percent,-0.4,A108322801X
2015-16,Gross fixed capital formation - Non-mining private business investment,Current prices,False,Original,$ Millions,141301.0,A108322799X
2015-16,Gross fixed capital formation - Non-mining private business investment,Current prices,True,Original,Percent,2.0,A108322803C
2015-16,Gross national income,Current prices,False,Original,$ Millions,1625642.0,A2304605X
2015-16,Gross value added market sector,Chain volume measures,False,Original,$ Millions,1536784.0,A3605667L
2015-16,Gross value added market sector,Chain volume measures,True,Original,Percent,2.4,A3605665J
2015-16,Gross value added non-market sector,Chain volume measures,False,Original,$ Millions,351707.0,A130272186A
2015-16,Gross value added non-market sector,Chain volume measures,True,Original,Percent,3.2,A130272183V
2015-16,Gross value added per hour worked market sector,Index,False,Original,Index Numbers,95.3,A3605668R
2015-16,Gross value added per hour worked market sector,Index,True,Original,Percent,1.0,A3605666K
2015-16,Gross value added per hour worked non-market sector,Index,False,Original,Index Numbers,100.2,A130272188F
2015-16,Gross value added per hour worked non-market sector,Index,True,Original,Percent,0.0,A130272185X
2015-16,Hours worked,Index,False,Original,Index Numbers,85.3,A2304958F
2015-16,Hours worked,Index,True,Original,Percent,1.8,A2305015T
2015-16,Hours worked market sector,Index,False,Original,Index Numbers,89.4,A2305086A
2015-16,Hours worked market sector,Index,True,Original,Percent,1.4,A2305088F
2015-16,Hours worked non-market sector,Index,False,Original,Index Numbers,74.2,A130272187C
2015-16,Hours worked non-market sector,Index,True,Original,Percent,3.2,A130272184W
2015-16,Household saving ratio,Ratio,False,Original,proportion,5.9,A2323368K
2015-16,Households ; Final consumption expenditure - Discretionary consumption,Chain volume measures,False,Original,$ Millions,477626.0,A124830443X
2015-16,Households ; Final consumption expenditure - Discretionary consumption,Chain volume measures,True,Original,Percent,2.5,A124830467T
2015-16,Households ; Final consumption expenditure - Discretionary consumption,Current prices,False,Original,$ Millions,390110.0,A124830453C
2015-16,Households ; Final consumption expenditure - Discretionary consumption,Current prices,True,Original,Percent,5.1,A124830477W
2015-16,Households ; Final consumption expenditure - Essential consumption,Chain volume measures,False,Original,$ Millions,698851.0,A124830442W
2015-16,Households ; Final consumption expenditure - Essential consumption,Chain volume measures,True,Original,Percent,2.8,A124830466R
2015-16,Households ; Final consumption expenditure - Essential consumption,Current prices,False,Original,$ Millions,561342.0,A124830452A
2015-16,Households ; Final consumption expenditure - Essential consumption,Current prices,True,Original,Percent,2.8,A124830476V
2015-16,Households ; Final consumption expenditure - Goods,Chain volume measures,False,Original,$ Millions,436056.0,A124830440T
2015-16,Households ; Final consumption expenditure - Goods,Chain volume measures,True,Original,Percent,3.0,A124830464K
2015-16,Households ; Final consumption expenditure - Goods,Current prices,False,Original,$ Millions,358391.0,A124830450W
2015-16,Households ; Final consumption expenditure - Goods,Current prices,True,Original,Percent,3.7,A124830474R
2015-16,Households ; Final consumption expenditure - Services,Chain volume measures,False,Original,$ Millions,739024.0,A124830441V
2015-16,Households ; Final consumption expenditure - Services,Chain volume measures,True,Original,Percent,2.5,A124830465L
2015-16,Households ; Final consumption expenditure - Services,Current prices,False,Original,$ Millions,593061.0,A124830451X
2015-16,Households ; Final consumption expenditure - Services,Current prices,True,Original,Percent,3.7,A124830475T
2015-16,Imports of merchandise goods,Current prices,False,Original,$ Millions,266590.0,A2304889L
2015-16,Imports to domestic sales,Ratio,False,Original,proportion,0.38,A2304903W
2015-16,Inventories to total sales,Ratio,False,Original,proportion,0.627,A2304906C
2015-16,Net domestic product,Chain volume measures,False,Original,$ Millions,1843857.0,A2304773K
2015-16,Net domestic product,Chain volume measures,True,Original,Percent,2.7,A2304836J
2015-16,Net saving,Current prices,False,Original,$ Millions,39892.0,A2304633J
2015-16,Non-farm ; Gross domestic product,Chain volume measures,False,Original,$ Millions,2197997.0,A2304754C
2015-16,Non-farm ; Gross domestic product,Chain volume measures,True,Original,Percent,3.0,A2304829K
2015-16,Non-farm ; Gross domestic product,Current prices,False,Original,$ Millions,1629874.0,A2304616F
2015-16,Non-farm ; Gross domestic product,Current prices,True,Original,Percent,2.1,A2304656X
2015-16,Non-farm ; Gross domestic product,Implicit price deflators,False,Original,Index Numbers,74.2,A2304681A
2015-16,Non-farm ; Gross domestic product,Implicit price deflators,True,Original,Percent,-0.9,A2304789C
2015-16,Non-farm ; Total compensation of employees,Current prices,False,Original,$ Millions,805108.0,A2304583W
2015-16,Non-farm ; Total compensation of employees,Current prices,True,Original,Percent,3.2,A2304645T
2015-16,Non-farm compensation of employees per hour,Current prices,False,Original,$,46.5,A129552317C
2015-16,Non-farm compensation of employees per hour,Current prices,True,Original,Percent,1.6,A129552319J
2015-16,Private ; Final demand,Chain volume measures,False,Original,$ Millions,1616935.0,A124830437C
2015-16,Private ; Final demand,Chain volume measures,True,Original,Percent,0.4,A124830461C
2015-16,Private ; Final demand,Current prices,False,Original,$ Millions,1295131.0,A124830439J
2015-16,Private ; Final demand,Current prices,True,Original,Percent,1.8,A124830463J
2015-16,Private non-farm inventory levels,Chain volume measures,False,Original,$ Millions,183672.0,A2305012K
2015-16,Private non-farm inventory levels - book values,Current prices,False,Original,$ Millions,145857.0,A2304619L
2015-16,Profits share of total factor income,Ratio,False,Original,Percent,24.3,A2304901T
2015-16,Public ; Final demand,Chain volume measures,False,Original,$ Millions,499638.0,A124830436A
2015-16,Public ; Final demand,Chain volume measures,True,Original,Percent,5.0,A124830460A
2015-16,Public ; Final demand,Current prices,False,Original,$ Millions,408305.0,A124830438F
2015-16,Public ; Final demand,Current prices,True,Original,Percent,6.6,A124830462F
2015-16,Real gross domestic income,Chain volume measures,False,Original,$ Millions,2072465.0,A2304775R
2015-16,Real gross domestic income,Chain volume measures,True,Original,Percent,0.6,A2304838L
2015-16,Real gross national income,Chain volume measures,False,Original,$ Millions,2024590.0,A2304735W
2015-16,Real gross national income,Chain volume measures,True,Original,Percent,0.3,A2304810K
2015-16,Real net national disposable income,Chain volume measures,False,Original,$ Millions,1634096.0,A2304846L
2015-16,Real net national disposable income,Chain volume measures,True,Original,Percent,-0.1,A2304851F
2015-16,Real net national disposable income per capita,Chain volume measures,False,Original,$,68139.0,A2305058T
2015-16,Real net national disposable income per capita,Chain volume measures,True,Original,Percent,-1.5,A2305076W
2015-16,Real unit of labour costs,Index,False,Original,Index Numbers,105.4,A2432926J
2015-16,Real unit of labour costs,Index,True,Original,Percent,1.2,A2478946W
2015-16,Real unit of labour costs - Non-farm,Index,False,Original,Index Numbers,105.3,A2432927K
2015-16,Real unit of labour costs - Non-farm,Index,True,Original,Percent,1.3,A2478947X
2015-16,Terms of trade,Index,False,Original,Index Numbers,69.8,A2304708R
2015-16,Terms of trade,Index,True,Original,Percent,-10.0,A2304802K
2015-16,Total sales,Current prices,False,Original,$ Millions,945311.0,A2304632F
2015-16,Wages share of total factor income,Ratio,False,Original,Percent,54.4,A2304902V
2016-17,Average compensation per employee,Current prices,False,Original,$,76316.0,A2304854L
2016-17,Average compensation per employee,Current prices,True,Original,Percent,0.8,A2304907F
2016-17,Average non-farm compensation per employee,Current prices,False,Original,$,76758.0,A2304919R
2016-17,Average non-farm compensation per employee,Current prices,True,Original,Percent,0.7,A2304923F
2016-17,Compensation of employees per hour,Current prices,False,Original,$,45.6,A129552316A
2016-17,Compensation of employees per hour,Current prices,True,Original,Percent,0.3,A129552318F
2016-17,Domestic final demand,Index,False,Original,Index Numbers,81.5,A2304703C
2016-17,Domestic final demand,Index,True,Original,Percent,0.7,A2304797C
2016-17,Domestic sales,Current prices,False,Original,$ Millions,709726.0,A2304899T
2016-17,Farm ; Gross domestic product,Chain volume measures,False,Original,$ Millions,41149.0,A2304753A
2016-17,Farm ; Gross domestic product,Chain volume measures,True,Original,Percent,10.3,A2304828J
2016-17,Farm ; Gross domestic product,Current prices,False,Original,$ Millions,41818.0,A2304615C
2016-17,Farm ; Gross domestic product,Current prices,True,Original,Percent,21.0,A2304655W
2016-17,Farm ; Gross domestic product,Implicit price deflators,False,Original,Index Numbers,101.6,A2304680X
2016-17,Farm ; Gross domestic product,Implicit price deflators,True,Original,Percent,9.7,A2304788A
2016-17,GDP per capita,Chain volume measures,False,Original,$,93759.0,A2305001C
2016-17,GDP per capita,Chain volume measures,True,Original,Percent,0.6,A2305033W
2016-17,GDP per capita,Current prices,False,Original,$,72381.0,A2304887J
2016-17,GDP per hour worked,Index,False,Original,Index Numbers,98.5,A2304964A
2016-17,GDP per hour worked,Index,True,Original,Percent,0.7,A2305020K
2016-17,Gross domestic product,Chain volume measures,False,Original,$ Millions,2285877.0,A2304755F
2016-17,Gross domestic product,Chain volume measures,True,Original,Percent,2.3,A2304830V
2016-17,Gross domestic product,Current prices,False,Original,$ Millions,1764693.0,A2304617J
2016-17,Gross domestic product,Current prices,True,Original,Percent,6.0,A2304657A
2016-17,Gross domestic product,Index,False,Original,Index Numbers,77.4,A2304706K
2016-17,Gross domestic product,Index,True,Original,Percent,3.7,A2304800F
2016-17,Gross domestic product - Expenditure based,Chain volume measures,False,Original,$ Millions,2285877.0,A2304843F
2016-17,Gross domestic product - Expenditure based,Chain volume measures,True,Original,Percent,2.3,A2304848T
2016-17,Gross domestic product - Income based,Chain volume measures,False,Original,$ Millions,2285877.0,A2304844J
2016-17,Gross domestic product - Income based,Chain volume measures,True,Original,Percent,2.3,A2304849V
2016-17,Gross domestic product - Production based,Chain volume measures,False,Original,$ Millions,2285877.0,A2304845K
2016-17,Gross domestic product - Production based,Chain volume measures,True,Original,Percent,2.3,A2304850C
2016-17,Gross fixed capital formation - Mining private business investment,Chain volume measures,False,Original,$ Millions,73312.0,A108322796T
2016-17,Gross fixed capital formation - Mining private business investment,Chain volume measures,True,Original,Percent,-25.0,A108322800W
2016-17,Gross fixed capital formation - Mining private business investment,Current prices,False,Original,$ Millions,56385.0,A108322798W
2016-17,Gross fixed capital formation - Mining private business investment,Current prices,True,Original,Percent,-24.4,A108322802A
2016-17,Gross fixed capital formation - New private business investment,Chain volume measures,False,Original,$ Millions,262215.0,A2305130X
2016-17,Gross fixed capital formation - New private business investment,Chain volume measures,True,Original,Percent,-3.7,A2305128L
2016-17,Gross fixed capital formation - New private business investment,Current prices,False,Original,$ Millions,216753.0,A2305129R
2016-17,Gross fixed capital formation - New private business investment,Current prices,True,Original,Percent,-4.1,A2305127K
2016-17,Gross fixed capital formation - Non-mining private business investment,Chain volume measures,False,Original,$ Millions,171540.0,A108322797V
2016-17,Gross fixed capital formation - Non-mining private business investment,Chain volume measures,True,Original,Percent,3.6,A108322801X
2016-17,Gross fixed capital formation - Non-mining private business investment,Current prices,False,Original,$ Millions,145239.0,A108322799X
2016-17,Gross fixed capital formation - Non-mining private business investment,Current prices,True,Original,Percent,2.8,A108322803C
2016-17,Gross national income,Current prices,False,Original,$ Millions,1716994.0,A2304605X
2016-17,Gross value added market sector,Chain volume measures,False,Original,$ Millions,1567763.0,A3605667L
2016-17,Gross value added market sector,Chain volume measures,True,Original,Percent,2.0,A3605665J
2016-17,Gross value added non-market sector,Chain volume measures,False,Original,$ Millions,360587.0,A130272186A
2016-17,Gross value added non-market sector,Chain volume measures,True,Original,Percent,2.5,A130272183V
2016-17,Gross value added per hour worked market sector,Index,False,Original,Index Numbers,96.4,A3605668R
2016-17,Gross value added per hour worked market sector,Index,True,Original,Percent,1.2,A3605666K
2016-17,Gross value added per hour worked non-market sector,Index,False,Original,Index Numbers,98.6,A130272188F
2016-17,Gross value added per hour worked non-market sector,Index,True,Original,Percent,-1.6,A130272185X
2016-17,Hours worked,Index,False,Original,Index Numbers,86.6,A2304958F
2016-17,Hours worked,Index,True,Original,Percent,1.6,A2305015T
2016-17,Hours worked market sector,Index,False,Original,Index Numbers,90.1,A2305086A
2016-17,Hours worked market sector,Index,True,Original,Percent,0.8,A2305088F
2016-17,Hours worked non-market sector,Index,False,Original,Index Numbers,77.3,A130272187C
2016-17,Hours worked non-market sector,Index,True,Original,Percent,4.2,A130272184W
2016-17,Household saving ratio,Ratio,False,Original,proportion,5.2,A2323368K
2016-17,Households ; Final consumption expenditure - Discretionary consumption,Chain volume measures,False,Original,$ Millions,487202.0,A124830443X
2016-17,Households ; Final consumption expenditure - Discretionary consumption,Chain volume measures,True,Original,Percent,2.0,A124830467T
2016-17,Households ; Final consumption expenditure - Discretionary consumption,Current prices,False,Original,$ Millions,400828.0,A124830453C
2016-17,Households ; Final consumption expenditure - Discretionary consumption,Current prices,True,Original,Percent,2.7,A124830477W
2016-17,Households ; Final consumption expenditure - Essential consumption,Chain volume measures,False,Original,$ Millions,718400.0,A124830442W
2016-17,Households ; Final consumption expenditure - Essential consumption,Chain volume measures,True,Original,Percent,2.8,A124830466R
2016-17,Households ; Final consumption expenditure - Essential consumption,Current prices,False,Original,$ Millions,582865.0,A124830452A
2016-17,Households ; Final consumption expenditure - Essential consumption,Current prices,True,Original,Percent,3.8,A124830476V
2016-17,Households ; Final consumption expenditure - Goods,Chain volume measures,False,Original,$ Millions,443633.0,A124830440T
2016-17,Households ; Final consumption expenditure - Goods,Chain volume measures,True,Original,Percent,1.7,A124830464K
2016-17,Households ; Final consumption expenditure - Goods,Current prices,False,Original,$ Millions,368558.0,A124830450W
2016-17,Households ; Final consumption expenditure - Goods,Current prices,True,Original,Percent,2.8,A124830474R
2016-17,Households ; Final consumption expenditure - Services,Chain volume measures,False,Original,$ Millions,760576.0,A124830441V
2016-17,Households ; Final consumption expenditure - Services,Chain volume measures,True,Original,Percent,2.9,A124830465L
2016-17,Households ; Final consumption expenditure - Services,Current prices,False,Original,$ Millions,615135.0,A124830451X
2016-17,Households ; Final consumption expenditure - Services,Current prices,True,Original,Percent,3.7,A124830475T
2016-17,Imports of merchandise goods,Current prices,False,Original,$ Millions,271691.0,A2304889L
2016-17,Imports to domestic sales,Ratio,False,Original,proportion,0.383,A2304903W
2016-17,Inventories to total sales,Ratio,False,Original,proportion,0.618,A2304906C
2016-17,Net domestic product,Chain volume measures,False,Original,$ Millions,1885007.0,A2304773K
2016-17,Net domestic product,Chain volume measures,True,Original,Percent,2.2,A2304836J
2016-17,Net saving,Current prices,False,Original,$ Millions,70629.0,A2304633J
2016-17,Non-farm ; Gross domestic product,Chain volume measures,False,Original,$ Millions,2244682.0,A2304754C
2016-17,Non-farm ; Gross domestic product,Chain volume measures,True,Original,Percent,2.1,A2304829K
2016-17,Non-farm ; Gross domestic product,Current prices,False,Original,$ Millions,1722875.0,A2304616F
2016-17,Non-farm ; Gross domestic product,Current prices,True,Original,Percent,5.7,A2304656X
2016-17,Non-farm ; Gross domestic product,Implicit price deflators,False,Original,Index Numbers,76.8,A2304681A
2016-17,Non-farm ; Gross domestic product,Implicit price deflators,True,Original,Percent,3.5,A2304789C
2016-17,Non-farm ; Total compensation of employees,Current prices,False,Original,$ Millions,826306.0,A2304583W
2016-17,Non-farm ; Total compensation of employees,Current prices,True,Original,Percent,2.6,A2304645T
2016-17,Non-farm compensation of employees per hour,Current prices,False,Original,$,46.8,A129552317C
2016-17,Non-farm compensation of employees per hour,Current prices,True,Original,Percent,0.6,A129552319J
2016-17,Private ; Final demand,Chain volume measures,False,Original,$ Millions,1632270.0,A124830437C
2016-17,Private ; Final demand,Chain volume measures,True,Original,Percent,0.9,A124830461C
2016-17,Private ; Final demand,Current prices,False,Original,$ Millions,1318405.0,A124830439J
2016-17,Private ; Final demand,Current prices,True,Original,Percent,1.8,A124830463J
2016-17,Private non-farm inventory levels,Chain volume measures,False,Original,$ Millions,186360.0,A2305012K
2016-17,Private non-farm inventory levels - book values,Current prices,False,Original,$ Millions,153614.0,A2304619L
2016-17,Profits share of total factor income,Ratio,False,Original,Percent,26.2,A2304901T
2016-17,Public ; Final demand,Chain volume measures,False,Original,$ Millions,533425.0,A124830436A
2016-17,Public ; Final demand,Chain volume measures,True,Original,Percent,6.8,A124830460A
2016-17,Public ; Final demand,Current prices,False,Original,$ Millions,438986.0,A124830438F
2016-17,Public ; Final demand,Current prices,True,Original,Percent,7.5,A124830462F
2016-17,Real gross domestic income,Chain volume measures,False,Original,$ Millions,2179851.0,A2304775R
2016-17,Real gross domestic income,Chain volume measures,True,Original,Percent,5.2,A2304838L
2016-17,Real gross national income,Chain volume measures,False,Original,$ Millions,2121393.0,A2304735W
2016-17,Real gross national income,Chain volume measures,True,Original,Percent,4.8,A2304810K
2016-17,Real net national disposable income,Chain volume measures,False,Original,$ Millions,1719606.0,A2304846L
2016-17,Real net national disposable income,Chain volume measures,True,Original,Percent,5.2,A2304851F
2016-17,Real net national disposable income per capita,Chain volume measures,False,Original,$,70532.0,A2305058T
2016-17,Real net national disposable income per capita,Chain volume measures,True,Original,Percent,3.5,A2305076W
2016-17,Real unit of labour costs,Index,False,Original,Index Numbers,101.3,A2432926J
2016-17,Real unit of labour costs,Index,True,Original,Percent,-3.9,A2478946W
2016-17,Real unit of labour costs - Non-farm,Index,False,Original,Index Numbers,101.6,A2432927K
2016-17,Real unit of labour costs - Non-farm,Index,True,Original,Percent,-3.4,A2478947X
2016-17,Terms of trade,Index,False,Original,Index Numbers,79.7,A2304708R
2016-17,Terms of trade,Index,True,Original,Percent,14.3,A2304802K
2016-17,Total sales,Current prices,False,Original,$ Millions,1000814.0,A2304632F
2016-17,Wages share of total factor income,Ratio,False,Original,Percent,52.6,A2304902V
2017-18,Average compensation per employee,Current prices,False,Original,$,77751.0,A2304854L
2017-18,Average compensation per employee,Current prices,True,Original,Percent,1.9,A2304907F
2017-18,Average non-farm compensation per employee,Current prices,False,Original,$,78311.0,A2304919R
2017-18,Average non-farm compensation per employee,Current prices,True,Original,Percent,2.0,A2304923F
2017-18,Compensation of employees per hour,Current prices,False,Original,$,46.5,A129552316A
2017-18,Compensation of employees per hour,Current prices,True,Original,Percent,2.2,A129552318F
2017-18,Domestic final demand,Index,False,Original,Index Numbers,82.8,A2304703C
2017-18,Domestic final demand,Index,True,Original,Percent,1.5,A2304797C
2017-18,Domestic sales,Current prices,False,Original,$ Millions,750499.0,A2304899T
2017-18,Farm ; Gross domestic product,Chain volume measures,False,Original,$ Millions,39766.0,A2304753A
2017-18,Farm ; Gross domestic product,Chain volume measures,True,Original,Percent,-3.4,A2304828J
2017-18,Farm ; Gross domestic product,Current prices,False,Original,$ Millions,39484.0,A2304615C
2017-18,Farm ; Gross domestic product,Current prices,True,Original,Percent,-5.6,A2304655W
2017-18,Farm ; Gross domestic product,Implicit price deflators,False,Original,Index Numbers,99.3,A2304680X
2017-18,Farm ; Gross domestic product,Implicit price deflators,True,Original,Percent,-2.3,A2304788A
2017-18,GDP per capita,Chain volume measures,False,Original,$,94997.0,A2305001C
2017-18,GDP per capita,Chain volume measures,True,Original,Percent,1.3,A2305033W
2017-18,GDP per capita,Current prices,False,Original,$,74691.0,A2304887J
2017-18,GDP per hour worked,Index,False,Original,Index Numbers,98.8,A2304964A
2017-18,GDP per hour worked,Index,True,Original,Percent,0.3,A2305020K
2017-18,Gross domestic product,Chain volume measures,False,Original,$ Millions,2351577.0,A2304755F
2017-18,Gross domestic product,Chain volume measures,True,Original,Percent,2.9,A2304830V
2017-18,Gross domestic product,Current prices,False,Original,$ Millions,1848929.0,A2304617J
2017-18,Gross domestic product,Current prices,True,Original,Percent,4.8,A2304657A
2017-18,Gross domestic product,Index,False,Original,Index Numbers,79.0,A2304706K
2017-18,Gross domestic product,Index,True,Original,Percent,2.0,A2304800F
2017-18,Gross domestic product - Expenditure based,Chain volume measures,False,Original,$ Millions,2351577.0,A2304843F
2017-18,Gross domestic product - Expenditure based,Chain volume measures,True,Original,Percent,2.9,A2304848T
2017-18,Gross domestic product - Income based,Chain volume measures,False,Original,$ Millions,2351577.0,A2304844J
2017-18,Gross domestic product - Income based,Chain volume measures,True,Original,Percent,2.9,A2304849V
2017-18,Gross domestic product - Production based,Chain volume measures,False,Original,$ Millions,2351577.0,A2304845K
2017-18,Gross domestic product - Production based,Chain volume measures,True,Original,Percent,2.9,A2304850C
2017-18,Gross fixed capital formation - Mining private business investment,Chain volume measures,False,Original,$ Millions,70013.0,A108322796T
2017-18,Gross fixed capital formation - Mining private business investment,Chain volume measures,True,Original,Percent,-4.5,A108322800W
2017-18,Gross fixed capital formation - Mining private business investment,Current prices,False,Original,$ Millions,54825.0,A108322798W
2017-18,Gross fixed capital formation - Mining private business investment,Current prices,True,Original,Percent,-2.8,A108322802A
2017-18,Gross fixed capital formation - New private business investment,Chain volume measures,False,Original,$ Millions,280413.0,A2305130X
2017-18,Gross fixed capital formation - New private business investment,Chain volume measures,True,Original,Percent,6.9,A2305128L
2017-18,Gross fixed capital formation - New private business investment,Current prices,False,Original,$ Millions,232347.0,A2305129R
2017-18,Gross fixed capital formation - New private business investment,Current prices,True,Original,Percent,7.2,A2305127K
2017-18,Gross fixed capital formation - Non-mining private business investment,Chain volume measures,False,Original,$ Millions,197294.0,A108322797V
2017-18,Gross fixed capital formation - Non-mining private business investment,Chain volume measures,True,Original,Percent,15.0,A108322801X
2017-18,Gross fixed capital formation - Non-mining private business investment,Current prices,False,Original,$ Millions,166612.0,A108322799X
2017-18,Gross fixed capital formation - Non-mining private business investment,Current prices,True,Original,Percent,14.7,A108322803C
2017-18,Gross national income,Current prices,False,Original,$ Millions,1790794.0,A2304605X
2017-18,Gross value added market sector,Chain volume measures,False,Original,$ Millions,1615056.0,A3605667L
2017-18,Gross value added market sector,Chain volume measures,True,Original,Percent,3.0,A3605665J
2017-18,Gross value added non-market sector,Chain volume measures,False,Original,$ Millions,372868.0,A130272186A
2017-18,Gross value added non-market sector,Chain volume measures,True,Original,Percent,3.4,A130272183V
2017-18,Gross value added per hour worked market sector,Index,False,Original,Index Numbers,96.9,A3605668R
2017-18,Gross value added per hour worked market sector,Index,True,Original,Percent,0.4,A3605666K
2017-18,Gross value added per hour worked non-market sector,Index,False,Original,Index Numbers,99.4,A130272188F
2017-18,Gross value added per hour worked non-market sector,Index,True,Original,Percent,0.8,A130272185X
2017-18,Hours worked,Index,False,Original,Index Numbers,88.8,A2304958F
2017-18,Hours worked,Index,True,Original,Percent,2.6,A2305015T
2017-18,Hours worked market sector,Index,False,Original,Index Numbers,92.4,A2305086A
2017-18,Hours worked market sector,Index,True,Original,Percent,2.6,A2305088F
2017-18,Hours worked non-market sector,Index,False,Original,Index Numbers,79.3,A130272187C
2017-18,Hours worked non-market sector,Index,True,Original,Percent,2.6,A130272184W
2017-18,Household saving ratio,Ratio,False,Original,proportion,4.5,A2323368K
2017-18,Households ; Final consumption expenditure - Discretionary consumption,Chain volume measures,False,Original,$ Millions,503437.0,A124830443X
2017-18,Households ; Final consumption expenditure - Discretionary consumption,Chain volume measures,True,Original,Percent,3.3,A124830467T
2017-18,Households ; Final consumption expenditure - Discretionary consumption,Current prices,False,Original,$ Millions,416911.0,A124830453C
2017-18,Households ; Final consumption expenditure - Discretionary consumption,Current prices,True,Original,Percent,4.0,A124830477W
2017-18,Households ; Final consumption expenditure - Essential consumption,Chain volume measures,False,Original,$ Millions,736145.0,A124830442W
2017-18,Households ; Final consumption expenditure - Essential consumption,Chain volume measures,True,Original,Percent,2.5,A124830466R
2017-18,Households ; Final consumption expenditure - Essential consumption,Current prices,False,Original,$ Millions,608344.0,A124830452A
2017-18,Households ; Final consumption expenditure - Essential consumption,Current prices,True,Original,Percent,4.4,A124830476V
2017-18,Households ; Final consumption expenditure - Goods,Chain volume measures,False,Original,$ Millions,458456.0,A124830440T
2017-18,Households ; Final consumption expenditure - Goods,Chain volume measures,True,Original,Percent,3.3,A124830464K
2017-18,Households ; Final consumption expenditure - Goods,Current prices,False,Original,$ Millions,383105.0,A124830450W
2017-18,Households ; Final consumption expenditure - Goods,Current prices,True,Original,Percent,3.9,A124830474R
2017-18,Households ; Final consumption expenditure - Services,Chain volume measures,False,Original,$ Millions,779666.0,A124830441V
2017-18,Households ; Final consumption expenditure - Services,Chain volume measures,True,Original,Percent,2.5,A124830465L
2017-18,Households ; Final consumption expenditure - Services,Current prices,False,Original,$ Millions,642150.0,A124830451X
2017-18,Households ; Final consumption expenditure - Services,Current prices,True,Original,Percent,4.4,A124830475T
2017-18,Imports of merchandise goods,Current prices,False,Original,$ Millions,296578.0,A2304889L
2017-18,Imports to domestic sales,Ratio,False,Original,proportion,0.395,A2304903W
2017-18,Inventories to total sales,Ratio,False,Original,proportion,0.6,A2304906C
2017-18,Net domestic product,Chain volume measures,False,Original,$ Millions,1940298.0,A2304773K
2017-18,Net domestic product,Chain volume measures,True,Original,Percent,2.9,A2304836J
2017-18,Net saving,Current prices,False,Original,$ Millions,72283.0,A2304633J
2017-18,Non-farm ; Gross domestic product,Chain volume measures,False,Original,$ Millions,2312596.0,A2304754C
2017-18,Non-farm ; Gross domestic product,Chain volume measures,True,Original,Percent,3.0,A2304829K
2017-18,Non-farm ; Gross domestic product,Current prices,False,Original,$ Millions,1809445.0,A2304616F
2017-18,Non-farm ; Gross domestic product,Current prices,True,Original,Percent,5.0,A2304656X
2017-18,Non-farm ; Gross domestic product,Implicit price deflators,False,Original,Index Numbers,78.2,A2304681A
2017-18,Non-farm ; Gross domestic product,Implicit price deflators,True,Original,Percent,1.9,A2304789C
2017-18,Non-farm ; Total compensation of employees,Current prices,False,Original,$ Millions,866707.0,A2304583W
2017-18,Non-farm ; Total compensation of employees,Current prices,True,Original,Percent,4.9,A2304645T
2017-18,Non-farm compensation of employees per hour,Current prices,False,Original,$,47.6,A129552317C
2017-18,Non-farm compensation of employees per hour,Current prices,True,Original,Percent,1.6,A129552319J
2017-18,Private ; Final demand,Chain volume measures,False,Original,$ Millions,1688274.0,A124830437C
2017-18,Private ; Final demand,Chain volume measures,True,Original,Percent,3.4,A124830461C
2017-18,Private ; Final demand,Current prices,False,Original,$ Millions,1383146.0,A124830439J
2017-18,Private ; Final demand,Current prices,True,Original,Percent,4.9,A124830463J
2017-18,Private non-farm inventory levels,Chain volume measures,False,Original,$ Millions,192174.0,A2305012K
2017-18,Private non-farm inventory levels - book values,Current prices,False,Original,$ Millions,162481.0,A2304619L
2017-18,Profits share of total factor income,Ratio,False,Original,Percent,26.5,A2304901T
2017-18,Public ; Final demand,Chain volume measures,False,Original,$ Millions,552720.0,A124830436A
2017-18,Public ; Final demand,Chain volume measures,True,Original,Percent,3.6,A124830460A
2017-18,Public ; Final demand,Current prices,False,Original,$ Millions,461716.0,A124830438F
2017-18,Public ; Final demand,Current prices,True,Original,Percent,5.2,A124830462F
2017-18,Real gross domestic income,Chain volume measures,False,Original,$ Millions,2251594.0,A2304775R
2017-18,Real gross domestic income,Chain volume measures,True,Original,Percent,3.3,A2304838L
2017-18,Real gross national income,Chain volume measures,False,Original,$ Millions,2181275.0,A2304735W
2017-18,Real gross national income,Chain volume measures,True,Original,Percent,2.8,A2304810K
2017-18,Real net national disposable income,Chain volume measures,False,Original,$ Millions,1769779.0,A2304846L
2017-18,Real net national disposable income,Chain volume measures,True,Original,Percent,2.9,A2304851F
2017-18,Real net national disposable income per capita,Chain volume measures,False,Original,$,71494.0,A2305058T
2017-18,Real net national disposable income per capita,Chain volume measures,True,Original,Percent,1.4,A2305076W
2017-18,Real unit of labour costs,Index,False,Original,Index Numbers,101.3,A2432926J
2017-18,Real unit of labour costs,Index,True,Original,Percent,0.0,A2478946W
2017-18,Real unit of labour costs - Non-farm,Index,False,Original,Index Numbers,101.3,A2432927K
2017-18,Real unit of labour costs - Non-farm,Index,True,Original,Percent,-0.3,A2478947X
2017-18,Terms of trade,Index,False,Original,Index Numbers,81.2,A2304708R
2017-18,Terms of trade,Index,True,Original,Percent,1.9,A2304802K
2017-18,Total sales,Current prices,False,Original,$ Millions,1065672.0,A2304632F
2017-18,Wages share of total factor income,Ratio,False,Original,Percent,52.7,A2304902V
2018-19,Average compensation per employee,Current prices,False,Original,$,79725.0,A2304854L
2018-19,Average compensation per employee,Current prices,True,Original,Percent,2.5,A2304907F
2018-19,Average non-farm compensation per employee,Current prices,False,Original,$,80270.0,A2304919R
2018-19,Average non-farm compensation per employee,Current prices,True,Original,Percent,2.5,A2304923F
2018-19,Compensation of employees per hour,Current prices,False,Original,$,47.9,A129552316A
2018-19,Compensation of employees per hour,Current prices,True,Original,Percent,2.8,A129552318F
2018-19,Domestic final demand,Index,False,Original,Index Numbers,84.4,A2304703C
2018-19,Domestic final demand,Index,True,Original,Percent,1.9,A2304797C
2018-19,Domestic sales,Current prices,False,Original,$ Millions,772794.0,A2304899T
2018-19,Farm ; Gross domestic product,Chain volume measures,False,Original,$ Millions,35267.0,A2304753A
2018-19,Farm ; Gross domestic product,Chain volume measures,True,Original,Percent,-11.3,A2304828J
2018-19,Farm ; Gross domestic product,Current prices,False,Original,$ Millions,35434.0,A2304615C
2018-19,Farm ; Gross domestic product,Current prices,True,Original,Percent,-10.3,A2304655W
2018-19,Farm ; Gross domestic product,Implicit price deflators,False,Original,Index Numbers,100.5,A2304680X
2018-19,Farm ; Gross domestic product,Implicit price deflators,True,Original,Percent,1.2,A2304788A
2018-19,GDP per capita,Chain volume measures,False,Original,$,95586.0,A2305001C
2018-19,GDP per capita,Chain volume measures,True,Original,Percent,0.6,A2305033W
2018-19,GDP per capita,Current prices,False,Original,$,77767.0,A2304887J
2018-19,GDP per hour worked,Index,False,Original,Index Numbers,98.9,A2304964A
2018-19,GDP per hour worked,Index,True,Original,Percent,0.2,A2305020K
2018-19,Gross domestic product,Chain volume measures,False,Original,$ Millions,2403171.0,A2304755F
2018-19,Gross domestic product,Chain volume measures,True,Original,Percent,2.2,A2304830V
2018-19,Gross domestic product,Current prices,False,Original,$ Millions,1955185.0,A2304617J
2018-19,Gross domestic product,Current prices,True,Original,Percent,5.7,A2304657A
2018-19,Gross domestic product,Index,False,Original,Index Numbers,81.6,A2304706K
2018-19,Gross domestic product,Index,True,Original,Percent,3.3,A2304800F
2018-19,Gross domestic product - Expenditure based,Chain volume measures,False,Original,$ Millions,2403171.0,A2304843F
2018-19,Gross domestic product - Expenditure based,Chain volume measures,True,Original,Percent,2.2,A2304848T
2018-19,Gross domestic product - Income based,Chain volume measures,False,Original,$ Millions,2403171.0,A2304844J
2018-19,Gross domestic product - Income based,Chain volume measures,True,Original,Percent,2.2,A2304849V
2018-19,Gross domestic product - Production based,Chain volume measures,False,Original,$ Millions,2403171.0,A2304845K
2018-19,Gross domestic product - Production based,Chain volume measures,True,Original,Percent,2.2,A2304850C
2018-19,Gross fixed capital formation - Mining private business investment,Chain volume measures,False,Original,$ Millions,60366.0,A108322796T
2018-19,Gross fixed capital formation - Mining private business investment,Chain volume measures,True,Original,Percent,-13.8,A108322800W
2018-19,Gross fixed capital formation - Mining private business investment,Current prices,False,Original,$ Millions,49024.0,A108322798W
2018-19,Gross fixed capital formation - Mining private business investment,Current prices,True,Original,Percent,-10.6,A108322802A
2018-19,Gross fixed capital formation - New private business investment,Chain volume measures,False,Original,$ Millions,276405.0,A2305130X
2018-19,Gross fixed capital formation - New private business investment,Chain volume measures,True,Original,Percent,-1.4,A2305128L
2018-19,Gross fixed capital formation - New private business investment,Current prices,False,Original,$ Millions,234627.0,A2305129R
2018-19,Gross fixed capital formation - New private business investment,Current prices,True,Original,Percent,1.0,A2305127K
2018-19,Gross fixed capital formation - Non-mining private business investment,Chain volume measures,False,Original,$ Millions,202457.0,A108322797V
2018-19,Gross fixed capital formation - Non-mining private business investment,Chain volume measures,True,Original,Percent,2.6,A108322801X
2018-19,Gross fixed capital formation - Non-mining private business investment,Current prices,False,Original,$ Millions,174584.0,A108322799X
2018-19,Gross fixed capital formation - Non-mining private business investment,Current prices,True,Original,Percent,4.8,A108322803C
2018-19,Gross national income,Current prices,False,Original,$ Millions,1889120.0,A2304605X
2018-19,Gross value added market sector,Chain volume measures,False,Original,$ Millions,1643036.0,A3605667L
2018-19,Gross value added market sector,Chain volume measures,True,Original,Percent,1.7,A3605665J
2018-19,Gross value added non-market sector,Chain volume measures,False,Original,$ Millions,391634.0,A130272186A
2018-19,Gross value added non-market sector,Chain volume measures,True,Original,Percent,5.0,A130272183V
2018-19,Gross value added per hour worked market sector,Index,False,Original,Index Numbers,97.1,A3605668R
2018-19,Gross value added per hour worked market sector,Index,True,Original,Percent,0.3,A3605666K
2018-19,Gross value added per hour worked non-market sector,Index,False,Original,Index Numbers,100.5,A130272188F
2018-19,Gross value added per hour worked non-market sector,Index,True,Original,Percent,1.2,A130272185X
2018-19,Hours worked,Index,False,Original,Index Numbers,90.6,A2304958F
2018-19,Hours worked,Index,True,Original,Percent,2.0,A2305015T
2018-19,Hours worked market sector,Index,False,Original,Index Numbers,93.7,A2305086A
2018-19,Hours worked market sector,Index,True,Original,Percent,1.5,A2305088F
2018-19,Hours worked non-market sector,Index,False,Original,Index Numbers,82.3,A130272187C
2018-19,Hours worked non-market sector,Index,True,Original,Percent,3.8,A130272184W
2018-19,Household saving ratio,Ratio,False,Original,proportion,5.2,A2323368K
2018-19,Households ; Final consumption expenditure - Discretionary consumption,Chain volume measures,False,Original,$ Millions,509733.0,A124830443X
2018-19,Households ; Final consumption expenditure - Discretionary consumption,Chain volume measures,True,Original,Percent,1.3,A124830467T
2018-19,Households ; Final consumption expenditure - Discretionary consumption,Current prices,False,Original,$ Millions,429956.0,A124830453C
2018-19,Households ; Final consumption expenditure - Discretionary consumption,Current prices,True,Original,Percent,3.1,A124830477W
2018-19,Households ; Final consumption expenditure - Essential consumption,Chain volume measures,False,Original,$ Millions,750855.0,A124830442W
2018-19,Households ; Final consumption expenditure - Essential consumption,Chain volume measures,True,Original,Percent,2.0,A124830466R
2018-19,Households ; Final consumption expenditure - Essential consumption,Current prices,False,Original,$ Millions,631518.0,A124830452A
2018-19,Households ; Final consumption expenditure - Essential consumption,Current prices,True,Original,Percent,3.8,A124830476V
2018-19,Households ; Final consumption expenditure - Goods,Chain volume measures,False,Original,$ Millions,466130.0,A124830440T
2018-19,Households ; Final consumption expenditure - Goods,Chain volume measures,True,Original,Percent,1.7,A124830464K
2018-19,Households ; Final consumption expenditure - Goods,Current prices,False,Original,$ Millions,395767.0,A124830450W
2018-19,Households ; Final consumption expenditure - Goods,Current prices,True,Original,Percent,3.3,A124830474R
2018-19,Households ; Final consumption expenditure - Services,Chain volume measures,False,Original,$ Millions,792970.0,A124830441V
2018-19,Households ; Final consumption expenditure - Services,Chain volume measures,True,Original,Percent,1.7,A124830465L
2018-19,Households ; Final consumption expenditure - Services,Current prices,False,Original,$ Millions,665707.0,A124830451X
2018-19,Households ; Final consumption expenditure - Services,Current prices,True,Original,Percent,3.7,A124830475T
2018-19,Imports of merchandise goods,Current prices,False,Original,$ Millions,314639.0,A2304889L
2018-19,Imports to domestic sales,Ratio,False,Original,proportion,0.407,A2304903W
2018-19,Inventories to total sales,Ratio,False,Original,proportion,0.592,A2304906C
2018-19,Net domestic product,Chain volume measures,False,Original,$ Millions,1981553.0,A2304773K
2018-19,Net domestic product,Chain volume measures,True,Original,Percent,2.1,A2304836J
2018-19,Net saving,Current prices,False,Original,$ Millions,92828.0,A2304633J
2018-19,Non-farm ; Gross domestic product,Chain volume measures,False,Original,$ Millions,2370151.0,A2304754C
2018-19,Non-farm ; Gross domestic product,Chain volume measures,True,Original,Percent,2.5,A2304829K
2018-19,Non-farm ; Gross domestic product,Current prices,False,Original,$ Millions,1919751.0,A2304616F
2018-19,Non-farm ; Gross domestic product,Current prices,True,Original,Percent,6.1,A2304656X
2018-19,Non-farm ; Gross domestic product,Implicit price deflators,False,Original,Index Numbers,81.0,A2304681A
2018-19,Non-farm ; Gross domestic product,Implicit price deflators,True,Original,Percent,3.5,A2304789C
2018-19,Non-farm ; Total compensation of employees,Current prices,False,Original,$ Millions,912994.0,A2304583W
2018-19,Non-farm ; Total compensation of employees,Current prices,True,Original,Percent,5.3,A2304645T
2018-19,Non-farm compensation of employees per hour,Current prices,False,Original,$,48.8,A129552317C
2018-19,Non-farm compensation of employees per hour,Current prices,True,Original,Percent,2.6,A129552319J
2018-19,Private ; Final demand,Chain volume measures,False,Original,$ Millions,1698083.0,A124830437C
2018-19,Private ; Final demand,Chain volume measures,True,Original,Percent,0.6,A124830461C
2018-19,Private ; Final demand,Current prices,False,Original,$ Millions,1416975.0,A124830439J
2018-19,Private ; Final demand,Current prices,True,Original,Percent,2.4,A124830463J
2018-19,Private non-farm inventory levels,Chain volume measures,False,Original,$ Millions,191478.0,A2305012K
2018-19,Private non-farm inventory levels - book values,Current prices,False,Original,$ Millions,169844.0,A2304619L
2018-19,Profits share of total factor income,Ratio,False,Original,Percent,27.6,A2304901T
2018-19,Public ; Final demand,Chain volume measures,False,Original,$ Millions,579847.0,A124830436A
2018-19,Public ; Final demand,Chain volume measures,True,Original,Percent,4.9,A124830460A
2018-19,Public ; Final demand,Current prices,False,Original,$ Millions,497182.0,A124830438F
2018-19,Public ; Final demand,Current prices,True,Original,Percent,7.7,A124830462F
2018-19,Real gross domestic income,Chain volume measures,False,Original,$ Millions,2330723.0,A2304775R
2018-19,Real gross domestic income,Chain volume measures,True,Original,Percent,3.5,A2304838L
2018-19,Real gross national income,Chain volume measures,False,Original,$ Millions,2252398.0,A2304735W
2018-19,Real gross national income,Chain volume measures,True,Original,Percent,3.3,A2304810K
2018-19,Real net national disposable income,Chain volume measures,False,Original,$ Millions,1830518.0,A2304846L
2018-19,Real net national disposable income,Chain volume measures,True,Original,Percent,3.4,A2304851F
2018-19,Real net national disposable income per capita,Chain volume measures,False,Original,$,72809.0,A2305058T
2018-19,Real net national disposable income per capita,Chain volume measures,True,Original,Percent,1.8,A2305076W
2018-19,Real unit of labour costs,Index,False,Original,Index Numbers,100.5,A2432926J
2018-19,Real unit of labour costs,Index,True,Original,Percent,-0.8,A2478946W
2018-19,Real unit of labour costs - Non-farm,Index,False,Original,Index Numbers,100.2,A2432927K
2018-19,Real unit of labour costs - Non-farm,Index,True,Original,Percent,-1.1,A2478947X
2018-19,Terms of trade,Index,False,Original,Index Numbers,85.9,A2304708R
2018-19,Terms of trade,Index,True,Original,Percent,5.8,A2304802K
2018-19,Total sales,Current prices,False,Original,$ Millions,1145997.0,A2304632F
2018-19,Wages share of total factor income,Ratio,False,Original,Percent,52.3,A2304902V
2019-20,Average compensation per employee,Current prices,False,Original,$,82657.0,A2304854L
2019-20,Average compensation per employee,Current prices,True,Original,Percent,3.7,A2304907F
2019-20,Average non-farm compensation per employee,Current prices,False,Original,$,83245.0,A2304919R
2019-20,Average non-farm compensation per employee,Current prices,True,Original,Percent,3.7,A2304923F
2019-20,Compensation of employees per hour,Current prices,False,Original,$,50.5,A129552316A
2019-20,Compensation of employees per hour,Current prices,True,Original,Percent,5.4,A129552318F
2019-20,Domestic final demand,Index,False,Original,Index Numbers,85.9,A2304703C
2019-20,Domestic final demand,Index,True,Original,Percent,1.7,A2304797C
2019-20,Domestic sales,Current prices,False,Original,$ Millions,773082.0,A2304899T
2019-20,Farm ; Gross domestic product,Chain volume measures,False,Original,$ Millions,31267.0,A2304753A
2019-20,Farm ; Gross domestic product,Chain volume measures,True,Original,Percent,-11.3,A2304828J
2019-20,Farm ; Gross domestic product,Current prices,False,Original,$ Millions,33825.0,A2304615C
2019-20,Farm ; Gross domestic product,Current prices,True,Original,Percent,-4.5,A2304655W
2019-20,Farm ; Gross domestic product,Implicit price deflators,False,Original,Index Numbers,108.2,A2304680X
2019-20,Farm ; Gross domestic product,Implicit price deflators,True,Original,Percent,7.7,A2304788A
2019-20,GDP per capita,Chain volume measures,False,Original,$,94058.0,A2305001C
2019-20,GDP per capita,Chain volume measures,True,Original,Percent,-1.6,A2305033W
2019-20,GDP per capita,Current prices,False,Original,$,77952.0,A2304887J
2019-20,GDP per hour worked,Index,False,Original,Index Numbers,100.5,A2304964A
2019-20,GDP per hour worked,Index,True,Original,Percent,1.6,A2305020K
2019-20,Gross domestic product,Chain volume measures,False,Original,$ Millions,2399962.0,A2304755F
2019-20,Gross domestic product,Chain volume measures,True,Original,Percent,-0.1,A2304830V
2019-20,Gross domestic product,Current prices,False,Original,$ Millions,1989006.0,A2304617J
2019-20,Gross domestic product,Current prices,True,Original,Percent,1.7,A2304657A
2019-20,Gross domestic product,Index,False,Original,Index Numbers,83.2,A2304706K
2019-20,Gross domestic product,Index,True,Original,Percent,2.0,A2304800F
2019-20,Gross domestic product - Expenditure based,Chain volume measures,False,Original,$ Millions,2399962.0,A2304843F
2019-20,Gross domestic product - Expenditure based,Chain volume measures,True,Original,Percent,-0.1,A2304848T
2019-20,Gross domestic product - Income based,Chain volume measures,False,Original,$ Millions,2399962.0,A2304844J
2019-20,Gross domestic product - Income based,Chain volume measures,True,Original,Percent,-0.1,A2304849V
2019-20,Gross domestic product - Production based,Chain volume measures,False,Original,$ Millions,2399962.0,A2304845K
2019-20,Gross domestic product - Production based,Chain volume measures,True,Original,Percent,-0.1,A2304850C
2019-20,Gross fixed capital formation - Mining private business investment,Chain volume measures,False,Original,$ Millions,65168.0,A108322796T
2019-20,Gross fixed capital formation - Mining private business investment,Chain volume measures,True,Original,Percent,8.0,A108322800W
2019-20,Gross fixed capital formation - Mining private business investment,Current prices,False,Original,$ Millions,53964.0,A108322798W
2019-20,Gross fixed capital formation - Mining private business investment,Current prices,True,Original,Percent,10.1,A108322802A
2019-20,Gross fixed capital formation - New private business investment,Chain volume measures,False,Original,$ Millions,274731.0,A2305130X
2019-20,Gross fixed capital formation - New private business investment,Chain volume measures,True,Original,Percent,-0.6,A2305128L
2019-20,Gross fixed capital formation - New private business investment,Current prices,False,Original,$ Millions,237126.0,A2305129R
2019-20,Gross fixed capital formation - New private business investment,Current prices,True,Original,Percent,1.1,A2305127K
2019-20,Gross fixed capital formation - Non-mining private business investment,Chain volume measures,False,Original,$ Millions,196976.0,A108322797V
2019-20,Gross fixed capital formation - Non-mining private business investment,Chain volume measures,True,Original,Percent,-2.7,A108322801X
2019-20,Gross fixed capital formation - Non-mining private business investment,Current prices,False,Original,$ Millions,172469.0,A108322799X
2019-20,Gross fixed capital formation - Non-mining private business investment,Current prices,True,Original,Percent,-1.2,A108322803C
2019-20,Gross national income,Current prices,False,Original,$ Millions,1941782.0,A2304605X
2019-20,Gross value added market sector,Chain volume measures,False,Original,$ Millions,1625995.0,A3605667L
2019-20,Gross value added market sector,Chain volume measures,True,Original,Percent,-1.0,A3605665J
2019-20,Gross value added non-market sector,Chain volume measures,False,Original,$ Millions,405705.0,A130272186A
2019-20,Gross value added non-market sector,Chain volume measures,True,Original,Percent,3.6,A130272183V
2019-20,Gross value added per hour worked market sector,Index,False,Original,Index Numbers,98.7,A3605668R
2019-20,Gross value added per hour worked market sector,Index,True,Original,Percent,1.6,A3605666K
2019-20,Gross value added per hour worked non-market sector,Index,False,Original,Index Numbers,102.9,A130272188F
2019-20,Gross value added per hour worked non-market sector,Index,True,Original,Percent,2.4,A130272185X
2019-20,Hours worked,Index,False,Original,Index Numbers,89.1,A2304958F
2019-20,Hours worked,Index,True,Original,Percent,-1.7,A2305015T
2019-20,Hours worked market sector,Index,False,Original,Index Numbers,91.3,A2305086A
2019-20,Hours worked market sector,Index,True,Original,Percent,-2.6,A2305088F
2019-20,Hours worked non-market sector,Index,False,Original,Index Numbers,83.3,A130272187C
2019-20,Hours worked non-market sector,Index,True,Original,Percent,1.2,A130272184W
2019-20,Household saving ratio,Ratio,False,Original,proportion,11.6,A2323368K
2019-20,Households ; Final consumption expenditure - Discretionary consumption,Chain volume measures,False,Original,$ Millions,469317.0,A124830443X
2019-20,Households ; Final consumption expenditure - Discretionary consumption,Chain volume measures,True,Original,Percent,-7.9,A124830467T
2019-20,Households ; Final consumption expenditure - Discretionary consumption,Current prices,False,Original,$ Millions,404382.0,A124830453C
2019-20,Households ; Final consumption expenditure - Discretionary consumption,Current prices,True,Original,Percent,-5.9,A124830477W
2019-20,Households ; Final consumption expenditure - Essential consumption,Chain volume measures,False,Original,$ Millions,750066.0,A124830442W
2019-20,Households ; Final consumption expenditure - Essential consumption,Chain volume measures,True,Original,Percent,-0.1,A124830466R
2019-20,Households ; Final consumption expenditure - Essential consumption,Current prices,False,Original,$ Millions,639145.0,A124830452A
2019-20,Households ; Final consumption expenditure - Essential consumption,Current prices,True,Original,Percent,1.2,A124830476V
2019-20,Households ; Final consumption expenditure - Goods,Chain volume measures,False,Original,$ Millions,465608.0,A124830440T
2019-20,Households ; Final consumption expenditure - Goods,Chain volume measures,True,Original,Percent,-0.1,A124830464K
2019-20,Households ; Final consumption expenditure - Goods,Current prices,False,Original,$ Millions,403396.0,A124830450W
2019-20,Households ; Final consumption expenditure - Goods,Current prices,True,Original,Percent,1.9,A124830474R
2019-20,Households ; Final consumption expenditure - Services,Chain volume measures,False,Original,$ Millions,752100.0,A124830441V
2019-20,Households ; Final consumption expenditure - Services,Chain volume measures,True,Original,Percent,-5.2,A124830465L
2019-20,Households ; Final consumption expenditure - Services,Current prices,False,Original,$ Millions,640131.0,A124830451X
2019-20,Households ; Final consumption expenditure - Services,Current prices,True,Original,Percent,-3.8,A124830475T
2019-20,Imports of merchandise goods,Current prices,False,Original,$ Millions,303179.0,A2304889L
2019-20,Imports to domestic sales,Ratio,False,Original,proportion,0.392,A2304903W
2019-20,Inventories to total sales,Ratio,False,Original,proportion,0.579,A2304906C
2019-20,Net domestic product,Chain volume measures,False,Original,$ Millions,1968849.0,A2304773K
2019-20,Net domestic product,Chain volume measures,True,Original,Percent,-0.6,A2304836J
2019-20,Net saving,Current prices,False,Original,$ Millions,111813.0,A2304633J
2019-20,Non-farm ; Gross domestic product,Chain volume measures,False,Original,$ Millions,2371889.0,A2304754C
2019-20,Non-farm ; Gross domestic product,Chain volume measures,True,Original,Percent,0.1,A2304829K
2019-20,Non-farm ; Gross domestic product,Current prices,False,Original,$ Millions,1955181.0,A2304616F
2019-20,Non-farm ; Gross domestic product,Current prices,True,Original,Percent,1.8,A2304656X
2019-20,Non-farm ; Gross domestic product,Implicit price deflators,False,Original,Index Numbers,82.4,A2304681A
2019-20,Non-farm ; Gross domestic product,Implicit price deflators,True,Original,Percent,1.8,A2304789C
2019-20,Non-farm ; Total compensation of employees,Current prices,False,Original,$ Millions,950587.0,A2304583W
2019-20,Non-farm ; Total compensation of employees,Current prices,True,Original,Percent,4.1,A2304645T
2019-20,Non-farm compensation of employees per hour,Current prices,False,Original,$,51.4,A129552317C
2019-20,Non-farm compensation of employees per hour,Current prices,True,Original,Percent,5.4,A129552319J
2019-20,Private ; Final demand,Chain volume measures,False,Original,$ Millions,1644855.0,A124830437C
2019-20,Private ; Final demand,Chain volume measures,True,Original,Percent,-3.1,A124830461C
2019-20,Private ; Final demand,Current prices,False,Original,$ Millions,1393809.0,A124830439J
2019-20,Private ; Final demand,Current prices,True,Original,Percent,-1.6,A124830463J
2019-20,Private non-farm inventory levels,Chain volume measures,False,Original,$ Millions,178493.0,A2305012K
2019-20,Private non-farm inventory levels - book values,Current prices,False,Original,$ Millions,158201.0,A2304619L
2019-20,Profits share of total factor income,Ratio,False,Original,Percent,28.3,A2304901T
2019-20,Public ; Final demand,Chain volume measures,False,Original,$ Millions,613586.0,A124830436A
2019-20,Public ; Final demand,Chain volume measures,True,Original,Percent,5.8,A124830460A
2019-20,Public ; Final demand,Current prices,False,Original,$ Millions,535658.0,A124830438F
2019-20,Public ; Final demand,Current prices,True,Original,Percent,7.7,A124830462F
2019-20,Real gross domestic income,Chain volume measures,False,Original,$ Millions,2332574.0,A2304775R
2019-20,Real gross domestic income,Chain volume measures,True,Original,Percent,0.1,A2304838L
2019-20,Real gross national income,Chain volume measures,False,Original,$ Millions,2277619.0,A2304735W
2019-20,Real gross national income,Chain volume measures,True,Original,Percent,1.1,A2304810K
2019-20,Real net national disposable income,Chain volume measures,False,Original,$ Millions,1845771.0,A2304846L
2019-20,Real net national disposable income,Chain volume measures,True,Original,Percent,0.8,A2304851F
2019-20,Real net national disposable income per capita,Chain volume measures,False,Original,$,72339.0,A2305058T
2019-20,Real net national disposable income per capita,Chain volume measures,True,Original,Percent,-0.6,A2305076W
2019-20,Real unit of labour costs,Index,False,Original,Index Numbers,99.1,A2432926J
2019-20,Real unit of labour costs,Index,True,Original,Percent,-1.5,A2478946W
2019-20,Real unit of labour costs - Non-farm,Index,False,Original,Index Numbers,98.7,A2432927K
2019-20,Real unit of labour costs - Non-farm,Index,True,Original,Percent,-1.5,A2478947X
2019-20,Terms of trade,Index,False,Original,Index Numbers,86.7,A2304708R
2019-20,Terms of trade,Index,True,Original,Percent,0.9,A2304802K
2019-20,Total sales,Current prices,False,Original,$ Millions,1155772.0,A2304632F
2019-20,Wages share of total factor income,Ratio,False,Original,Percent,51.8,A2304902V
2020-21,Average compensation per employee,Current prices,False,Original,$,85767.0,A2304854L
2020-21,Average compensation per employee,Current prices,True,Original,Percent,3.8,A2304907F
2020-21,Average non-farm compensation per employee,Current prices,False,Original,$,86366.0,A2304919R
2020-21,Average non-farm compensation per employee,Current prices,True,Original,Percent,3.7,A2304923F
2020-21,Compensation of employees per hour,Current prices,False,Original,$,52.4,A129552316A
2020-21,Compensation of employees per hour,Current prices,True,Original,Percent,3.9,A129552318F
2020-21,Domestic final demand,Index,False,Original,Index Numbers,86.6,A2304703C
2020-21,Domestic final demand,Index,True,Original,Percent,0.9,A2304797C
2020-21,Domestic sales,Current prices,False,Original,$ Millions,809568.0,A2304899T
2020-21,Farm ; Gross domestic product,Chain volume measures,False,Original,$ Millions,39593.0,A2304753A
2020-21,Farm ; Gross domestic product,Chain volume measures,True,Original,Percent,26.6,A2304828J
2020-21,Farm ; Gross domestic product,Current prices,False,Original,$ Millions,42282.0,A2304615C
2020-21,Farm ; Gross domestic product,Current prices,True,Original,Percent,25.0,A2304655W
2020-21,Farm ; Gross domestic product,Implicit price deflators,False,Original,Index Numbers,106.8,A2304680X
2020-21,Farm ; Gross domestic product,Implicit price deflators,True,Original,Percent,-1.3,A2304788A
2020-21,GDP per capita,Chain volume measures,False,Original,$,95533.0,A2305001C
2020-21,GDP per capita,Chain volume measures,True,Original,Percent,1.6,A2305033W
2020-21,GDP per capita,Current prices,False,Original,$,81598.0,A2304887J
2020-21,GDP per hour worked,Index,False,Original,Index Numbers,102.2,A2304964A
2020-21,GDP per hour worked,Index,True,Original,Percent,1.7,A2305020K
2020-21,Gross domestic product,Chain volume measures,False,Original,$ Millions,2448128.0,A2304755F
2020-21,Gross domestic product,Chain volume measures,True,Original,Percent,2.0,A2304830V
2020-21,Gross domestic product,Current prices,False,Original,$ Millions,2091023.0,A2304617J
2020-21,Gross domestic product,Current prices,True,Original,Percent,5.1,A2304657A
2020-21,Gross domestic product,Index,False,Original,Index Numbers,85.5,A2304706K
2020-21,Gross domestic product,Index,True,Original,Percent,2.8,A2304800F
2020-21,Gross domestic product - Expenditure based,Chain volume measures,False,Original,$ Millions,2448128.0,A2304843F
2020-21,Gross domestic product - Expenditure based,Chain volume measures,True,Original,Percent,2.0,A2304848T
2020-21,Gross domestic product - Income based,Chain volume measures,False,Original,$ Millions,2448128.0,A2304844J
2020-21,Gross domestic product - Income based,Chain volume measures,True,Original,Percent,2.0,A2304849V
2020-21,Gross domestic product - Production based,Chain volume measures,False,Original,$ Millions,2448128.0,A2304845K
2020-21,Gross domestic product - Production based,Chain volume measures,True,Original,Percent,2.0,A2304850C
2020-21,Gross fixed capital formation - Mining private business investment,Chain volume measures,False,Original,$ Millions,66675.0,A108322796T
2020-21,Gross fixed capital formation - Mining private business investment,Chain volume measures,True,Original,Percent,2.3,A108322800W
2020-21,Gross fixed capital formation - Mining private business investment,Current prices,False,Original,$ Millions,55304.0,A108322798W
2020-21,Gross fixed capital formation - Mining private business investment,Current prices,True,Original,Percent,2.5,A108322802A
2020-21,Gross fixed capital formation - New private business investment,Chain volume measures,False,Original,$ Millions,279697.0,A2305130X
2020-21,Gross fixed capital formation - New private business investment,Chain volume measures,True,Original,Percent,1.8,A2305128L
2020-21,Gross fixed capital formation - New private business investment,Current prices,False,Original,$ Millions,241090.0,A2305129R
2020-21,Gross fixed capital formation - New private business investment,Current prices,True,Original,Percent,1.7,A2305127K
2020-21,Gross fixed capital formation - Non-mining private business investment,Chain volume measures,False,Original,$ Millions,199673.0,A108322797V
2020-21,Gross fixed capital formation - Non-mining private business investment,Chain volume measures,True,Original,Percent,1.4,A108322801X
2020-21,Gross fixed capital formation - Non-mining private business investment,Current prices,False,Original,$ Millions,174392.0,A108322799X
2020-21,Gross fixed capital formation - Non-mining private business investment,Current prices,True,Original,Percent,1.1,A108322803C
2020-21,Gross national income,Current prices,False,Original,$ Millions,2063554.0,A2304605X
2020-21,Gross value added market sector,Chain volume measures,False,Original,$ Millions,1645132.0,A3605667L
2020-21,Gross value added market sector,Chain volume measures,True,Original,Percent,1.2,A3605665J
2020-21,Gross value added non-market sector,Chain volume measures,False,Original,$ Millions,424665.0,A130272186A
2020-21,Gross value added non-market sector,Chain volume measures,True,Original,Percent,4.7,A130272183V
2020-21,Gross value added per hour worked market sector,Index,False,Original,Index Numbers,100.3,A3605668R
2020-21,Gross value added per hour worked market sector,Index,True,Original,Percent,1.6,A3605666K
2020-21,Gross value added per hour worked non-market sector,Index,False,Original,Index Numbers,105.2,A130272188F
2020-21,Gross value added per hour worked non-market sector,Index,True,Original,Percent,2.2,A130272185X
2020-21,Hours worked,Index,False,Original,Index Numbers,89.4,A2304958F
2020-21,Hours worked,Index,True,Original,Percent,0.3,A2305015T
2020-21,Hours worked market sector,Index,False,Original,Index Numbers,90.9,A2305086A
2020-21,Hours worked market sector,Index,True,Original,Percent,-0.4,A2305088F
2020-21,Hours worked non-market sector,Index,False,Original,Index Numbers,85.3,A130272187C
2020-21,Hours worked non-market sector,Index,True,Original,Percent,2.4,A130272184W
2020-21,Household saving ratio,Ratio,False,Original,proportion,15.0,A2323368K
2020-21,Households ; Final consumption expenditure - Discretionary consumption,Chain volume measures,False,Original,$ Millions,465747.0,A124830443X
2020-21,Households ; Final consumption expenditure - Discretionary consumption,Chain volume measures,True,Original,Percent,-0.8,A124830467T
2020-21,Households ; Final consumption expenditure - Discretionary consumption,Current prices,False,Original,$ Millions,410824.0,A124830453C
2020-21,Households ; Final consumption expenditure - Discretionary consumption,Current prices,True,Original,Percent,1.6,A124830477W
2020-21,Households ; Final consumption expenditure - Essential consumption,Chain volume measures,False,Original,$ Millions,762500.0,A124830442W
2020-21,Households ; Final consumption expenditure - Essential consumption,Chain volume measures,True,Original,Percent,1.7,A124830466R
2020-21,Households ; Final consumption expenditure - Essential consumption,Current prices,False,Original,$ Millions,654582.0,A124830452A
2020-21,Households ; Final consumption expenditure - Essential consumption,Current prices,True,Original,Percent,2.4,A124830476V
2020-21,Households ; Final consumption expenditure - Goods,Chain volume measures,False,Original,$ Millions,489571.0,A124830440T
2020-21,Households ; Final consumption expenditure - Goods,Chain volume measures,True,Original,Percent,5.1,A124830464K
2020-21,Households ; Final consumption expenditure - Goods,Current prices,False,Original,$ Millions,431254.0,A124830450W
2020-21,Households ; Final consumption expenditure - Goods,Current prices,True,Original,Percent,6.9,A124830474R
2020-21,Households ; Final consumption expenditure - Services,Chain volume measures,False,Original,$ Millions,736541.0,A124830441V
2020-21,Households ; Final consumption expenditure - Services,Chain volume measures,True,Original,Percent,-2.1,A124830465L
2020-21,Households ; Final consumption expenditure - Services,Current prices,False,Original,$ Millions,634152.0,A124830451X
2020-21,Households ; Final consumption expenditure - Services,Current prices,True,Original,Percent,-0.9,A124830475T
2020-21,Imports of merchandise goods,Current prices,False,Original,$ Millions,313003.0,A2304889L
2020-21,Imports to domestic sales,Ratio,False,Original,proportion,0.387,A2304903W
2020-21,Inventories to total sales,Ratio,False,Original,proportion,0.55,A2304906C
2020-21,Net domestic product,Chain volume measures,False,Original,$ Millions,2007246.0,A2304773K
2020-21,Net domestic product,Chain volume measures,True,Original,Percent,2.0,A2304836J
2020-21,Net saving,Current prices,False,Original,$ Millions,163866.0,A2304633J
2020-21,Non-farm ; Gross domestic product,Chain volume measures,False,Original,$ Millions,2409388.0,A2304754C
2020-21,Non-farm ; Gross domestic product,Chain volume measures,True,Original,Percent,1.6,A2304829K
2020-21,Non-farm ; Gross domestic product,Current prices,False,Original,$ Millions,2048741.0,A2304616F
2020-21,Non-farm ; Gross domestic product,Current prices,True,Original,Percent,4.8,A2304656X
2020-21,Non-farm ; Gross domestic product,Implicit price deflators,False,Original,Index Numbers,85.0,A2304681A
2020-21,Non-farm ; Gross domestic product,Implicit price deflators,True,Original,Percent,3.2,A2304789C
2020-21,Non-farm ; Total compensation of employees,Current prices,False,Original,$ Millions,991359.0,A2304583W
2020-21,Non-farm ; Total compensation of employees,Current prices,True,Original,Percent,4.3,A2304645T
2020-21,Non-farm compensation of employees per hour,Current prices,False,Original,$,53.3,A129552317C
2020-21,Non-farm compensation of employees per hour,Current prices,True,Original,Percent,3.7,A129552319J
2020-21,Private ; Final demand,Chain volume measures,False,Original,$ Millions,1670025.0,A124830437C
2020-21,Private ; Final demand,Chain volume measures,True,Original,Percent,1.5,A124830461C
2020-21,Private ; Final demand,Current prices,False,Original,$ Millions,1431823.0,A124830439J
2020-21,Private ; Final demand,Current prices,True,Original,Percent,2.7,A124830463J
2020-21,Private non-farm inventory levels,Chain volume measures,False,Original,$ Millions,182326.0,A2305012K
2020-21,Private non-farm inventory levels - book values,Current prices,False,Original,$ Millions,173044.0,A2304619L
2020-21,Profits share of total factor income,Ratio,False,Original,Percent,29.0,A2304901T
2020-21,Public ; Final demand,Chain volume measures,False,Original,$ Millions,651237.0,A124830436A
2020-21,Public ; Final demand,Chain volume measures,True,Original,Percent,6.1,A124830460A
2020-21,Public ; Final demand,Current prices,False,Original,$ Millions,573489.0,A124830438F
2020-21,Public ; Final demand,Current prices,True,Original,Percent,7.1,A124830462F
2020-21,Real gross domestic income,Chain volume measures,False,Original,$ Millions,2430475.0,A2304775R
2020-21,Real gross domestic income,Chain volume measures,True,Original,Percent,4.2,A2304838L
2020-21,Real gross national income,Chain volume measures,False,Original,$ Millions,2399061.0,A2304735W
2020-21,Real gross national income,Chain volume measures,True,Original,Percent,5.3,A2304810K
2020-21,Real net national disposable income,Chain volume measures,False,Original,$ Millions,1954333.0,A2304846L
2020-21,Real net national disposable income,Chain volume measures,True,Original,Percent,5.9,A2304851F
2020-21,Real net national disposable income per capita,Chain volume measures,False,Original,$,76264.0,A2305058T
2020-21,Real net national disposable income per capita,Chain volume measures,True,Original,Percent,5.4,A2305076W
2020-21,Real unit of labour costs,Index,False,Original,Index Numbers,96.5,A2432926J
2020-21,Real unit of labour costs,Index,True,Original,Percent,-2.6,A2478946W
2020-21,Real unit of labour costs - Non-farm,Index,False,Original,Index Numbers,96.2,A2432927K
2020-21,Real unit of labour costs - Non-farm,Index,True,Original,Percent,-2.5,A2478947X
2020-21,Terms of trade,Index,False,Original,Index Numbers,95.4,A2304708R
2020-21,Terms of trade,Index,True,Original,Percent,10.0,A2304802K
2020-21,Total sales,Current prices,False,Original,$ Millions,1204940.0,A2304632F
2020-21,Wages share of total factor income,Ratio,False,Original,Percent,50.8,A2304902V
2021-22,Average compensation per employee,Current prices,False,Original,$,89033.0,A2304854L
2021-22,Average compensation per employee,Current prices,True,Original,Percent,3.8,A2304907F
2021-22,Average non-farm compensation per employee,Current prices,False,Original,$,89561.0,A2304919R
2021-22,Average non-farm compensation per employee,Current prices,True,Original,Percent,3.7,A2304923F
2021-22,Compensation of employees per hour,Current prices,False,Original,$,54.7,A129552316A
2021-22,Compensation of employees per hour,Current prices,True,Original,Percent,4.4,A129552318F
2021-22,Domestic final demand,Index,False,Original,Index Numbers,89.9,A2304703C
2021-22,Domestic final demand,Index,True,Original,Percent,3.8,A2304797C
2021-22,Domestic sales,Current prices,False,Original,$ Millions,884032.0,A2304899T
2021-22,Farm ; Gross domestic product,Chain volume measures,False,Original,$ Millions,46563.0,A2304753A
2021-22,Farm ; Gross domestic product,Chain volume measures,True,Original,Percent,17.6,A2304828J
2021-22,Farm ; Gross domestic product,Current prices,False,Original,$ Millions,54751.0,A2304615C
2021-22,Farm ; Gross domestic product,Current prices,True,Original,Percent,29.5,A2304655W
2021-22,Farm ; Gross domestic product,Implicit price deflators,False,Original,Index Numbers,117.6,A2304680X
2021-22,Farm ; Gross domestic product,Implicit price deflators,True,Original,Percent,10.1,A2304788A
2021-22,GDP per capita,Chain volume measures,False,Original,$,99044.0,A2305001C
2021-22,GDP per capita,Chain volume measures,True,Original,Percent,3.7,A2305033W
2021-22,GDP per capita,Current prices,False,Original,$,90687.0,A2304887J
2021-22,GDP per hour worked,Index,False,Original,Index Numbers,103.8,A2304964A
2021-22,GDP per hour worked,Index,True,Original,Percent,1.5,A2305020K
2021-22,Gross domestic product,Chain volume measures,False,Original,$ Millions,2552248.0,A2304755F
2021-22,Gross domestic product,Chain volume measures,True,Original,Percent,4.3,A2304830V
2021-22,Gross domestic product,Current prices,False,Original,$ Millions,2336902.0,A2304617J
2021-22,Gross domestic product,Current prices,True,Original,Percent,11.8,A2304657A
2021-22,Gross domestic product,Index,False,Original,Index Numbers,91.5,A2304706K
2021-22,Gross domestic product,Index,True,Original,Percent,7.0,A2304800F
2021-22,Gross domestic product - Expenditure based,Chain volume measures,False,Original,$ Millions,2552248.0,A2304843F
2021-22,Gross domestic product - Expenditure based,Chain volume measures,True,Original,Percent,4.3,A2304848T
2021-22,Gross domestic product - Income based,Chain volume measures,False,Original,$ Millions,2552248.0,A2304844J
2021-22,Gross domestic product - Income based,Chain volume measures,True,Original,Percent,4.3,A2304849V
2021-22,Gross domestic product - Production based,Chain volume measures,False,Original,$ Millions,2552248.0,A2304845K
2021-22,Gross domestic product - Production based,Chain volume measures,True,Original,Percent,4.3,A2304850C
2021-22,Gross fixed capital formation - Mining private business investment,Chain volume measures,False,Original,$ Millions,72829.0,A108322796T
2021-22,Gross fixed capital formation - Mining private business investment,Chain volume measures,True,Original,Percent,9.2,A108322800W
2021-22,Gross fixed capital formation - Mining private business investment,Current prices,False,Original,$ Millions,63867.0,A108322798W
2021-22,Gross fixed capital formation - Mining private business investment,Current prices,True,Original,Percent,15.5,A108322802A
2021-22,Gross fixed capital formation - New private business investment,Chain volume measures,False,Original,$ Millions,297702.0,A2305130X
2021-22,Gross fixed capital formation - New private business investment,Chain volume measures,True,Original,Percent,6.4,A2305128L
2021-22,Gross fixed capital formation - New private business investment,Current prices,False,Original,$ Millions,268599.0,A2305129R
2021-22,Gross fixed capital formation - New private business investment,Current prices,True,Original,Percent,11.4,A2305127K
2021-22,Gross fixed capital formation - Non-mining private business investment,Chain volume measures,False,Original,$ Millions,214038.0,A108322797V
2021-22,Gross fixed capital formation - Non-mining private business investment,Chain volume measures,True,Original,Percent,7.2,A108322801X
2021-22,Gross fixed capital formation - Non-mining private business investment,Current prices,False,Original,$ Millions,195053.0,A108322799X
2021-22,Gross fixed capital formation - Non-mining private business investment,Current prices,True,Original,Percent,11.8,A108322803C
2021-22,Gross national income,Current prices,False,Original,$ Millions,2244969.0,A2304605X
2021-22,Gross value added market sector,Chain volume measures,False,Original,$ Millions,1718837.0,A3605667L
2021-22,Gross value added market sector,Chain volume measures,True,Original,Percent,4.5,A3605665J
2021-22,Gross value added non-market sector,Chain volume measures,False,Original,$ Millions,441572.0,A130272186A
2021-22,Gross value added non-market sector,Chain volume measures,True,Original,Percent,4.0,A130272183V
2021-22,Gross value added per hour worked market sector,Index,False,Original,Index Numbers,102.7,A3605668R
2021-22,Gross value added per hour worked market sector,Index,True,Original,Percent,2.4,A3605666K
2021-22,Gross value added per hour worked non-market sector,Index,False,Original,Index Numbers,104.6,A130272188F
2021-22,Gross value added per hour worked non-market sector,Index,True,Original,Percent,-0.5,A130272185X
2021-22,Hours worked,Index,False,Original,Index Numbers,91.8,A2304958F
2021-22,Hours worked,Index,True,Original,Percent,2.7,A2305015T
2021-22,Hours worked market sector,Index,False,Original,Index Numbers,92.8,A2305086A
2021-22,Hours worked market sector,Index,True,Original,Percent,2.0,A2305088F
2021-22,Hours worked non-market sector,Index,False,Original,Index Numbers,89.2,A130272187C
2021-22,Hours worked non-market sector,Index,True,Original,Percent,4.5,A130272184W
2021-22,Household saving ratio,Ratio,False,Original,proportion,13.5,A2323368K
2021-22,Households ; Final consumption expenditure - Discretionary consumption,Chain volume measures,False,Original,$ Millions,504126.0,A124830443X
2021-22,Households ; Final consumption expenditure - Discretionary consumption,Chain volume measures,True,Original,Percent,8.2,A124830467T
2021-22,Households ; Final consumption expenditure - Discretionary consumption,Current prices,False,Original,$ Millions,457339.0,A124830453C
2021-22,Households ; Final consumption expenditure - Discretionary consumption,Current prices,True,Original,Percent,11.3,A124830477W
2021-22,Households ; Final consumption expenditure - Essential consumption,Chain volume measures,False,Original,$ Millions,776443.0,A124830442W
2021-22,Households ; Final consumption expenditure - Essential consumption,Chain volume measures,True,Original,Percent,1.8,A124830466R
2021-22,Households ; Final consumption expenditure - Essential consumption,Current prices,False,Original,$ Millions,688999.0,A124830452A
2021-22,Households ; Final consumption expenditure - Essential consumption,Current prices,True,Original,Percent,5.3,A124830476V
2021-22,Households ; Final consumption expenditure - Goods,Chain volume measures,False,Original,$ Millions,504070.0,A124830440T
2021-22,Households ; Final consumption expenditure - Goods,Chain volume measures,True,Original,Percent,3.0,A124830464K
2021-22,Households ; Final consumption expenditure - Goods,Current prices,False,Original,$ Millions,459992.0,A124830450W
2021-22,Households ; Final consumption expenditure - Goods,Current prices,True,Original,Percent,6.7,A124830474R
2021-22,Households ; Final consumption expenditure - Services,Chain volume measures,False,Original,$ Millions,774929.0,A124830441V
2021-22,Households ; Final consumption expenditure - Services,Chain volume measures,True,Original,Percent,5.2,A124830465L
2021-22,Households ; Final consumption expenditure - Services,Current prices,False,Original,$ Millions,686346.0,A124830451X
2021-22,Households ; Final consumption expenditure - Services,Current prices,True,Original,Percent,8.2,A124830475T
2021-22,Imports of merchandise goods,Current prices,False,Original,$ Millions,381466.0,A2304889L
2021-22,Imports to domestic sales,Ratio,False,Original,proportion,0.432,A2304903W
2021-22,Inventories to total sales,Ratio,False,Original,proportion,0.554,A2304906C
2021-22,Net domestic product,Chain volume measures,False,Original,$ Millions,2099646.0,A2304773K
2021-22,Net domestic product,Chain volume measures,True,Original,Percent,4.6,A2304836J
2021-22,Net saving,Current prices,False,Original,$ Millions,179475.0,A2304633J
2021-22,Non-farm ; Gross domestic product,Chain volume measures,False,Original,$ Millions,2505212.0,A2304754C
2021-22,Non-farm ; Gross domestic product,Chain volume measures,True,Original,Percent,4.0,A2304829K
2021-22,Non-farm ; Gross domestic product,Current prices,False,Original,$ Millions,2282151.0,A2304616F
2021-22,Non-farm ; Gross domestic product,Current prices,True,Original,Percent,11.4,A2304656X
2021-22,Non-farm ; Gross domestic product,Implicit price deflators,False,Original,Index Numbers,91.1,A2304681A
2021-22,Non-farm ; Gross domestic product,Implicit price deflators,True,Original,Percent,7.1,A2304789C
2021-22,Non-farm ; Total compensation of employees,Current prices,False,Original,$ Millions,1064946.0,A2304583W
2021-22,Non-farm ; Total compensation of employees,Current prices,True,Original,Percent,7.4,A2304645T
2021-22,Non-farm compensation of employees per hour,Current prices,False,Original,$,55.9,A129552317C
2021-22,Non-farm compensation of employees per hour,Current prices,True,Original,Percent,4.8,A129552319J
2021-22,Private ; Final demand,Chain volume measures,False,Original,$ Millions,1755367.0,A124830437C
2021-22,Private ; Final demand,Chain volume measures,True,Original,Percent,5.1,A124830461C
2021-22,Private ; Final demand,Current prices,False,Original,$ Millions,1569986.0,A124830439J
2021-22,Private ; Final demand,Current prices,True,Original,Percent,9.6,A124830463J
2021-22,Private non-farm inventory levels,Chain volume measures,False,Original,$ Millions,196236.0,A2305012K
2021-22,Private non-farm inventory levels - book values,Current prices,False,Original,$ Millions,213475.0,A2304619L
2021-22,Profits share of total factor income,Ratio,False,Original,Percent,31.0,A2304901T
2021-22,Public ; Final demand,Chain volume measures,False,Original,$ Millions,693975.0,A124830436A
2021-22,Public ; Final demand,Chain volume measures,True,Original,Percent,6.6,A124830460A
2021-22,Public ; Final demand,Current prices,False,Original,$ Millions,631082.0,A124830438F
2021-22,Public ; Final demand,Current prices,True,Original,Percent,10.0,A124830462F
2021-22,Real gross domestic income,Chain volume measures,False,Original,$ Millions,2598393.0,A2304775R
2021-22,Real gross domestic income,Chain volume measures,True,Original,Percent,6.9,A2304838L
2021-22,Real gross national income,Chain volume measures,False,Original,$ Millions,2496161.0,A2304735W
2021-22,Real gross national income,Chain volume measures,True,Original,Percent,4.0,A2304810K
2021-22,Real net national disposable income,Chain volume measures,False,Original,$ Millions,2040142.0,A2304846L
2021-22,Real net national disposable income,Chain volume measures,True,Original,Percent,4.4,A2304851F
2021-22,Real net national disposable income per capita,Chain volume measures,False,Original,$,79171.0,A2305058T
2021-22,Real net national disposable income per capita,Chain volume measures,True,Original,Percent,3.8,A2305076W
2021-22,Real unit of labour costs,Index,False,Original,Index Numbers,97.0,A2432926J
2021-22,Real unit of labour costs,Index,True,Original,Percent,0.5,A2478946W
2021-22,Real unit of labour costs - Non-farm,Index,False,Original,Index Numbers,97.3,A2432927K
2021-22,Real unit of labour costs - Non-farm,Index,True,Original,Percent,1.1,A2478947X
2021-22,Terms of trade,Index,False,Original,Index Numbers,106.9,A2304708R
2021-22,Terms of trade,Index,True,Original,Percent,12.1,A2304802K
2021-22,Total sales,Current prices,False,Original,$ Millions,1416048.0,A2304632F
2021-22,Wages share of total factor income,Ratio,False,Original,Percent,50.3,A2304902V
2022-23,Average compensation per employee,Current prices,False,Original,$,93101.0,A2304854L
2022-23,Average compensation per employee,Current prices,True,Original,Percent,4.6,A2304907F
2022-23,Average non-farm compensation per employee,Current prices,False,Original,$,93545.0,A2304919R
2022-23,Average non-farm compensation per employee,Current prices,True,Original,Percent,4.4,A2304923F
2022-23,Compensation of employees per hour,Current prices,False,Original,$,55.7,A129552316A
2022-23,Compensation of employees per hour,Current prices,True,Original,Percent,1.8,A129552318F
2022-23,Domestic final demand,Index,False,Original,Index Numbers,95.6,A2304703C
2022-23,Domestic final demand,Index,True,Original,Percent,6.3,A2304797C
2022-23,Domestic sales,Current prices,False,Original,$ Millions,981313.0,A2304899T
2022-23,Farm ; Gross domestic product,Chain volume measures,False,Original,$ Millions,48640.0,A2304753A
2022-23,Farm ; Gross domestic product,Chain volume measures,True,Original,Percent,4.5,A2304828J
2022-23,Farm ; Gross domestic product,Current prices,False,Original,$ Millions,58071.0,A2304615C
2022-23,Farm ; Gross domestic product,Current prices,True,Original,Percent,6.1,A2304655W
2022-23,Farm ; Gross domestic product,Implicit price deflators,False,Original,Index Numbers,119.4,A2304680X
2022-23,Farm ; Gross domestic product,Implicit price deflators,True,Original,Percent,1.5,A2304788A
2022-23,GDP per capita,Chain volume measures,False,Original,$,100463.0,A2305001C
2022-23,GDP per capita,Chain volume measures,True,Original,Percent,1.4,A2305033W
2022-23,GDP per capita,Current prices,False,Original,$,97928.0,A2304887J
2022-23,GDP per hour worked,Index,False,Original,Index Numbers,99.9,A2304964A
2022-23,GDP per hour worked,Index,True,Original,Percent,-3.7,A2305020K
2022-23,Gross domestic product,Chain volume measures,False,Original,$ Millions,2643716.0,A2304755F
2022-23,Gross domestic product,Chain volume measures,True,Original,Percent,3.6,A2304830V
2022-23,Gross domestic product,Current prices,False,Original,$ Millions,2577013.0,A2304617J
2022-23,Gross domestic product,Current prices,True,Original,Percent,10.3,A2304657A
2022-23,Gross domestic product,Index,False,Original,Index Numbers,97.4,A2304706K
2022-23,Gross domestic product,Index,True,Original,Percent,6.4,A2304800F
2022-23,Gross domestic product - Expenditure based,Chain volume measures,False,Original,$ Millions,2643716.0,A2304843F
2022-23,Gross domestic product - Expenditure based,Chain volume measures,True,Original,Percent,3.6,A2304848T
2022-23,Gross domestic product - Income based,Chain volume measures,False,Original,$ Millions,2643716.0,A2304844J
2022-23,Gross domestic product - Income based,Chain volume measures,True,Original,Percent,3.6,A2304849V
2022-23,Gross domestic product - Production based,Chain volume measures,False,Original,$ Millions,2643716.0,A2304845K
2022-23,Gross domestic product - Production based,Chain volume measures,True,Original,Percent,3.6,A2304850C
2022-23,Gross fixed capital formation - Mining private business investment,Chain volume measures,False,Original,$ Millions,73207.0,A108322796T
2022-23,Gross fixed capital formation - Mining private business investment,Chain volume measures,True,Original,Percent,0.5,A108322800W
2022-23,Gross fixed capital formation - Mining private business investment,Current prices,False,Original,$ Millions,70031.0,A108322798W
2022-23,Gross fixed capital formation - Mining private business investment,Current prices,True,Original,Percent,9.7,A108322802A
2022-23,Gross fixed capital formation - New private business investment,Chain volume measures,False,Original,$ Millions,317979.0,A2305130X
2022-23,Gross fixed capital formation - New private business investment,Chain volume measures,True,Original,Percent,6.8,A2305128L
2022-23,Gross fixed capital formation - New private business investment,Current prices,False,Original,$ Millions,307933.0,A2305129R
2022-23,Gross fixed capital formation - New private business investment,Current prices,True,Original,Percent,14.6,A2305127K
2022-23,Gross fixed capital formation - Non-mining private business investment,Chain volume measures,False,Original,$ Millions,233380.0,A108322797V
2022-23,Gross fixed capital formation - Non-mining private business investment,Chain volume measures,True,Original,Percent,9.0,A108322801X
2022-23,Gross fixed capital formation - Non-mining private business investment,Current prices,False,Original,$ Millions,226962.0,A108322799X
2022-23,Gross fixed capital formation - Non-mining private business investment,Current prices,True,Original,Percent,16.4,A108322803C
2022-23,Gross national income,Current prices,False,Original,$ Millions,2464842.0,A2304605X
2022-23,Gross value added market sector,Chain volume measures,False,Original,$ Millions,1785901.0,A3605667L
2022-23,Gross value added market sector,Chain volume measures,True,Original,Percent,3.9,A3605665J
2022-23,Gross value added non-market sector,Chain volume measures,False,Original,$ Millions,457175.0,A130272186A
2022-23,Gross value added non-market sector,Chain volume measures,True,Original,Percent,3.5,A130272183V
2022-23,Gross value added per hour worked market sector,Index,False,Original,Index Numbers,99.0,A3605668R
2022-23,Gross value added per hour worked market sector,Index,True,Original,Percent,-3.5,A3605666K
2022-23,Gross value added per hour worked non-market sector,Index,False,Original,Index Numbers,101.1,A130272188F
2022-23,Gross value added per hour worked non-market sector,Index,True,Original,Percent,-3.3,A130272185X
2022-23,Hours worked,Index,False,Original,Index Numbers,98.7,A2304958F
2022-23,Hours worked,Index,True,Original,Percent,7.6,A2305015T
2022-23,Hours worked market sector,Index,False,Original,Index Numbers,99.9,A2305086A
2022-23,Hours worked market sector,Index,True,Original,Percent,7.7,A2305088F
2022-23,Hours worked non-market sector,Index,False,Original,Index Numbers,95.5,A130272187C
2022-23,Hours worked non-market sector,Index,True,Original,Percent,7.1,A130272184W
2022-23,Household saving ratio,Ratio,False,Original,proportion,4.3,A2323368K
2022-23,Households ; Final consumption expenditure - Discretionary consumption,Chain volume measures,False,Original,$ Millions,568141.0,A124830443X
2022-23,Households ; Final consumption expenditure - Discretionary consumption,Chain volume measures,True,Original,Percent,12.7,A124830467T
2022-23,Households ; Final consumption expenditure - Discretionary consumption,Current prices,False,Original,$ Millions,552176.0,A124830453C
2022-23,Households ; Final consumption expenditure - Discretionary consumption,Current prices,True,Original,Percent,20.7,A124830477W
2022-23,Households ; Final consumption expenditure - Essential consumption,Chain volume measures,False,Original,$ Millions,796015.0,A124830442W
2022-23,Households ; Final consumption expenditure - Essential consumption,Chain volume measures,True,Original,Percent,2.5,A124830466R
2022-23,Households ; Final consumption expenditure - Essential consumption,Current prices,False,Original,$ Millions,749839.0,A124830452A
2022-23,Households ; Final consumption expenditure - Essential consumption,Current prices,True,Original,Percent,8.8,A124830476V
2022-23,Households ; Final consumption expenditure - Goods,Chain volume measures,False,Original,$ Millions,512280.0,A124830440T
2022-23,Households ; Final consumption expenditure - Goods,Chain volume measures,True,Original,Percent,1.6,A124830464K
2022-23,Households ; Final consumption expenditure - Goods,Current prices,False,Original,$ Millions,496903.0,A124830450W
2022-23,Households ; Final consumption expenditure - Goods,Current prices,True,Original,Percent,8.0,A124830474R
2022-23,Households ; Final consumption expenditure - Services,Chain volume measures,False,Original,$ Millions,851648.0,A124830441V
2022-23,Households ; Final consumption expenditure - Services,Chain volume measures,True,Original,Percent,9.9,A124830465L
2022-23,Households ; Final consumption expenditure - Services,Current prices,False,Original,$ Millions,805111.0,A124830451X
2022-23,Households ; Final consumption expenditure - Services,Current prices,True,Original,Percent,17.3,A124830475T
2022-23,Imports of merchandise goods,Current prices,False,Original,$ Millions,431338.0,A2304889L
2022-23,Imports to domestic sales,Ratio,False,Original,proportion,0.44,A2304903W
2022-23,Inventories to total sales,Ratio,False,Original,proportion,0.581,A2304906C
2022-23,Net domestic product,Chain volume measures,False,Original,$ Millions,2178898.0,A2304773K
2022-23,Net domestic product,Chain volume measures,True,Original,Percent,3.8,A2304836J
2022-23,Net saving,Current prices,False,Original,$ Millions,168642.0,A2304633J
2022-23,Non-farm ; Gross domestic product,Chain volume measures,False,Original,$ Millions,2594478.0,A2304754C
2022-23,Non-farm ; Gross domestic product,Chain volume measures,True,Original,Percent,3.6,A2304829K
2022-23,Non-farm ; Gross domestic product,Current prices,False,Original,$ Millions,2518942.0,A2304616F
2022-23,Non-farm ; Gross domestic product,Current prices,True,Original,Percent,10.4,A2304656X
2022-23,Non-farm ; Gross domestic product,Implicit price deflators,False,Original,Index Numbers,97.1,A2304681A
2022-23,Non-farm ; Gross domestic product,Implicit price deflators,True,Original,Percent,6.6,A2304789C
2022-23,Non-farm ; Total compensation of employees,Current prices,False,Original,$ Millions,1171145.0,A2304583W
2022-23,Non-farm ; Total compensation of employees,Current prices,True,Original,Percent,10.0,A2304645T
2022-23,Non-farm compensation of employees per hour,Current prices,False,Original,$,56.9,A129552317C
2022-23,Non-farm compensation of employees per hour,Current prices,True,Original,Percent,1.8,A129552319J
2022-23,Private ; Final demand,Chain volume measures,False,Original,$ Millions,1846632.0,A124830437C
2022-23,Private ; Final demand,Chain volume measures,True,Original,Percent,5.2,A124830461C
2022-23,Private ; Final demand,Current prices,False,Original,$ Millions,1766172.0,A124830439J
2022-23,Private ; Final demand,Current prices,True,Original,Percent,12.5,A124830463J
2022-23,Private non-farm inventory levels,Chain volume measures,False,Original,$ Millions,209499.0,A2305012K
2022-23,Private non-farm inventory levels - book values,Current prices,False,Original,$ Millions,228324.0,A2304619L
2022-23,Profits share of total factor income,Ratio,False,Original,Percent,31.4,A2304901T
2022-23,Public ; Final demand,Chain volume measures,False,Original,$ Millions,711930.0,A124830436A
2022-23,Public ; Final demand,Chain volume measures,True,Original,Percent,2.6,A124830460A
2022-23,Public ; Final demand,Current prices,False,Original,$ Millions,681020.0,A124830438F
2022-23,Public ; Final demand,Current prices,True,Original,Percent,7.9,A124830462F
2022-23,Real gross domestic income,Chain volume measures,False,Original,$ Millions,2690108.0,A2304775R
2022-23,Real gross domestic income,Chain volume measures,True,Original,Percent,3.5,A2304838L
2022-23,Real gross national income,Chain volume measures,False,Original,$ Millions,2572901.0,A2304735W
2022-23,Real gross national income,Chain volume measures,True,Original,Percent,3.1,A2304810K
2022-23,Real net national disposable income,Chain volume measures,False,Original,$ Millions,2107221.0,A2304846L
2022-23,Real net national disposable income,Chain volume measures,True,Original,Percent,3.3,A2304851F
2022-23,Real net national disposable income per capita,Chain volume measures,False,Original,$,80076.0,A2305058T
2022-23,Real net national disposable income per capita,Chain volume measures,True,Original,Percent,1.1,A2305076W
2022-23,Real unit of labour costs,Index,False,Original,Index Numbers,96.5,A2432926J
2022-23,Real unit of labour costs,Index,True,Original,Percent,-0.5,A2478946W
2022-23,Real unit of labour costs - Non-farm,Index,False,Original,Index Numbers,97.0,A2432927K
2022-23,Real unit of labour costs - Non-farm,Index,True,Original,Percent,-0.3,A2478947X
2022-23,Terms of trade,Index,False,Original,Index Numbers,106.7,A2304708R
2022-23,Terms of trade,Index,True,Original,Percent,-0.2,A2304802K
2022-23,Total sales,Current prices,False,Original,$ Millions,1571928.0,A2304632F
2022-23,Wages share of total factor income,Ratio,False,Original,Percent,50.5,A2304902V
2023-24,Average compensation per employee,Current prices,False,Original,$,97448.0,A2304854L
2023-24,Average compensation per employee,Current prices,True,Original,Percent,4.7,A2304907F
2023-24,Average non-farm compensation per employee,Current prices,False,Original,$,98019.0,A2304919R
2023-24,Average non-farm compensation per employee,Current prices,True,Original,Percent,4.8,A2304923F
2023-24,Compensation of employees per hour,Current prices,False,Original,$,59.1,A129552316A
2023-24,Compensation of employees per hour,Current prices,True,Original,Percent,6.0,A129552318F
2023-24,Domestic final demand,Index,False,Original,Index Numbers,100.0,A2304703C
2023-24,Domestic final demand,Index,True,Original,Percent,4.6,A2304797C
2023-24,Domestic sales,Current prices,False,Original,$ Millions,1030161.0,A2304899T
2023-24,Farm ; Gross domestic product,Chain volume measures,False,Original,$ Millions,46590.0,A2304753A
2023-24,Farm ; Gross domestic product,Chain volume measures,True,Original,Percent,-4.2,A2304828J
2023-24,Farm ; Gross domestic product,Current prices,False,Original,$ Millions,46670.0,A2304615C
2023-24,Farm ; Gross domestic product,Current prices,True,Original,Percent,-19.6,A2304655W
2023-24,Farm ; Gross domestic product,Implicit price deflators,False,Original,Index Numbers,100.2,A2304680X
2023-24,Farm ; Gross domestic product,Implicit price deflators,True,Original,Percent,-16.1,A2304788A
2023-24,GDP per capita,Chain volume measures,False,Original,$,99438.0,A2305001C
2023-24,GDP per capita,Chain volume measures,True,Original,Percent,-1.0,A2305033W
2023-24,GDP per capita,Current prices,False,Original,$,99438.0,A2304887J
2023-24,GDP per hour worked,Index,False,Original,Index Numbers,100.0,A2304964A
2023-24,GDP per hour worked,Index,True,Original,Percent,0.1,A2305020K
2023-24,Gross domestic product,Chain volume measures,False,Original,$ Millions,2680025.0,A2304755F
2023-24,Gross domestic product,Chain volume measures,True,Original,Percent,1.4,A2304830V
2023-24,Gross domestic product,Current prices,False,Original,$ Millions,2680025.0,A2304617J
2023-24,Gross domestic product,Current prices,True,Original,Percent,4.0,A2304657A
2023-24,Gross domestic product,Index,False,Original,Index Numbers,100.0,A2304706K
2023-24,Gross domestic product,Index,True,Original,Percent,2.7,A2304800F
2023-24,Gross domestic product - Expenditure based,Chain volume measures,False,Original,$ Millions,2680025.0,A2304843F
2023-24,Gross domestic product - Expenditure based,Chain volume measures,True,Original,Percent,1.4,A2304848T
2023-24,Gross domestic product - Income based,Chain volume measures,False,Original,$ Millions,2680025.0,A2304844J
2023-24,Gross domestic product - Income based,Chain volume measures,True,Original,Percent,1.4,A2304849V
2023-24,Gross domestic product - Production based,Chain volume measures,False,Original,$ Millions,2680025.0,A2304845K
2023-24,Gross domestic product - Production based,Chain volume measures,True,Original,Percent,1.4,A2304850C
2023-24,Gross fixed capital formation - Mining private business investment,Chain volume measures,False,Original,$ Millions,77700.0,A108322796T
2023-24,Gross fixed capital formation - Mining private business investment,Chain volume measures,True,Original,Percent,6.1,A108322800W
2023-24,Gross fixed capital formation - Mining private business investment,Current prices,False,Original,$ Millions,77700.0,A108322798W
2023-24,Gross fixed capital formation - Mining private business investment,Current prices,True,Original,Percent,11.0,A108322802A
2023-24,Gross fixed capital formation - New private business investment,Chain volume measures,False,Original,$ Millions,333544.0,A2305130X
2023-24,Gross fixed capital formation - New private business investment,Chain volume measures,True,Original,Percent,4.9,A2305128L
2023-24,Gross fixed capital formation - New private business investment,Current prices,False,Original,$ Millions,333544.0,A2305129R
2023-24,Gross fixed capital formation - New private business investment,Current prices,True,Original,Percent,8.3,A2305127K
2023-24,Gross fixed capital formation - Non-mining private business investment,Chain volume measures,False,Original,$ Millions,241936.0,A108322797V
2023-24,Gross fixed capital formation - Non-mining private business investment,Chain volume measures,True,Original,Percent,3.7,A108322801X
2023-24,Gross fixed capital formation - Non-mining private business investment,Current prices,False,Original,$ Millions,241936.0,A108322799X
2023-24,Gross fixed capital formation - Non-mining private business investment,Current prices,True,Original,Percent,6.6,A108322803C
2023-24,Gross national income,Current prices,False,Original,$ Millions,2588048.0,A2304605X
2023-24,Gross value added market sector,Chain volume measures,False,Original,$ Millions,1804996.0,A3605667L
2023-24,Gross value added market sector,Chain volume measures,True,Original,Percent,1.1,A3605665J
2023-24,Gross value added non-market sector,Chain volume measures,False,Original,$ Millions,473285.0,A130272186A
2023-24,Gross value added non-market sector,Chain volume measures,True,Original,Percent,3.5,A130272183V
2023-24,Gross value added per hour worked market sector,Index,False,Original,Index Numbers,100.0,A3605668R
2023-24,Gross value added per hour worked market sector,Index,True,Original,Percent,1.0,A3605666K
2023-24,Gross value added per hour worked non-market sector,Index,False,Original,Index Numbers,100.0,A130272188F
2023-24,Gross value added per hour worked non-market sector,Index,True,Original,Percent,-1.1,A130272185X
2023-24,Hours worked,Index,False,Original,Index Numbers,100.0,A2304958F
2023-24,Hours worked,Index,True,Original,Percent,1.3,A2305015T
2023-24,Hours worked market sector,Index,False,Original,Index Numbers,100.0,A2305086A
2023-24,Hours worked market sector,Index,True,Original,Percent,0.1,A2305088F
2023-24,Hours worked non-market sector,Index,False,Original,Index Numbers,100.0,A130272187C
2023-24,Hours worked non-market sector,Index,True,Original,Percent,4.7,A130272184W
2023-24,Household saving ratio,Ratio,False,Original,proportion,3.0,A2323368K
2023-24,Households ; Final consumption expenditure - Discretionary consumption,Chain volume measures,False,Original,$ Millions,570375.0,A124830443X
2023-24,Households ; Final consumption expenditure - Discretionary consumption,Chain volume measures,True,Original,Percent,0.4,A124830467T
2023-24,Households ; Final consumption expenditure - Discretionary consumption,Current prices,False,Original,$ Millions,570375.0,A124830453C
2023-24,Households ; Final consumption expenditure - Discretionary consumption,Current prices,True,Original,Percent,3.3,A124830477W
2023-24,Households ; Final consumption expenditure - Essential consumption,Chain volume measures,False,Original,$ Millions,808040.0,A124830442W
2023-24,Households ; Final consumption expenditure - Essential consumption,Chain volume measures,True,Original,Percent,1.5,A124830466R
2023-24,Households ; Final consumption expenditure - Essential consumption,Current prices,False,Original,$ Millions,808040.0,A124830452A
2023-24,Households ; Final consumption expenditure - Essential consumption,Current prices,True,Original,Percent,7.8,A124830476V
2023-24,Households ; Final consumption expenditure - Goods,Chain volume measures,False,Original,$ Millions,504311.0,A124830440T
2023-24,Households ; Final consumption expenditure - Goods,Chain volume measures,True,Original,Percent,-1.6,A124830464K
2023-24,Households ; Final consumption expenditure - Goods,Current prices,False,Original,$ Millions,504311.0,A124830450W
2023-24,Households ; Final consumption expenditure - Goods,Current prices,True,Original,Percent,1.5,A124830474R
2023-24,Households ; Final consumption expenditure - Services,Chain volume measures,False,Original,$ Millions,874104.0,A124830441V
2023-24,Households ; Final consumption expenditure - Services,Chain volume measures,True,Original,Percent,2.6,A124830465L
2023-24,Households ; Final consumption expenditure - Services,Current prices,False,Original,$ Millions,874104.0,A124830451X
2023-24,Households ; Final consumption expenditure - Services,Current prices,True,Original,Percent,8.6,A124830475T
2023-24,Imports of merchandise goods,Current prices,False,Original,$ Millions,434080.0,A2304889L
2023-24,Imports to domestic sales,Ratio,False,Original,proportion,0.421,A2304903W
2023-24,Inventories to total sales,Ratio,False,Original,proportion,0.6,A2304906C
2023-24,Net domestic product,Chain volume measures,False,Original,$ Millions,2203607.0,A2304773K
2023-24,Net domestic product,Chain volume measures,True,Original,Percent,1.1,A2304836J
2023-24,Net saving,Current prices,False,Original,$ Millions,138855.0,A2304633J
2023-24,Non-farm ; Gross domestic product,Chain volume measures,False,Original,$ Millions,2633355.0,A2304754C
2023-24,Non-farm ; Gross domestic product,Chain volume measures,True,Original,Percent,1.5,A2304829K
2023-24,Non-farm ; Gross domestic product,Current prices,False,Original,$ Millions,2633355.0,A2304616F
2023-24,Non-farm ; Gross domestic product,Current prices,True,Original,Percent,4.5,A2304656X
2023-24,Non-farm ; Gross domestic product,Implicit price deflators,False,Original,Index Numbers,100.0,A2304681A
2023-24,Non-farm ; Gross domestic product,Implicit price deflators,True,Original,Percent,3.0,A2304789C
2023-24,Non-farm ; Total compensation of employees,Current prices,False,Original,$ Millions,1261374.0,A2304583W
2023-24,Non-farm ; Total compensation of employees,Current prices,True,Original,Percent,7.7,A2304645T
2023-24,Non-farm compensation of employees per hour,Current prices,False,Original,$,60.3,A129552317C
2023-24,Non-farm compensation of employees per hour,Current prices,True,Original,Percent,6.1,A129552319J
2023-24,Private ; Final demand,Chain volume measures,False,Original,$ Millions,1874672.0,A124830437C
2023-24,Private ; Final demand,Chain volume measures,True,Original,Percent,1.5,A124830461C
2023-24,Private ; Final demand,Current prices,False,Original,$ Millions,1874672.0,A124830439J
2023-24,Private ; Final demand,Current prices,True,Original,Percent,6.1,A124830463J
2023-24,Private non-farm inventory levels,Chain volume measures,False,Original,$ Millions,215491.0,A2305012K
2023-24,Private non-farm inventory levels - book values,Current prices,False,Original,$ Millions,235290.0,A2304619L
2023-24,Profits share of total factor income,Ratio,False,Original,Percent,29.3,A2304901T
2023-24,Public ; Final demand,Chain volume measures,False,Original,$ Millions,742929.0,A124830436A
2023-24,Public ; Final demand,Chain volume measures,True,Original,Percent,4.4,A124830460A
2023-24,Public ; Final demand,Current prices,False,Original,$ Millions,742929.0,A124830438F
2023-24,Public ; Final demand,Current prices,True,Original,Percent,9.1,A124830462F
2023-24,Real gross domestic income,Chain volume measures,False,Original,$ Millions,2680025.0,A2304775R
2023-24,Real gross domestic income,Chain volume measures,True,Original,Percent,-0.4,A2304838L
2023-24,Real gross national income,Chain volume measures,False,Original,$ Millions,2588048.0,A2304735W
2023-24,Real gross national income,Chain volume measures,True,Original,Percent,0.6,A2304810K
2023-24,Real net national disposable income,Chain volume measures,False,Original,$ Millions,2110784.0,A2304846L
2023-24,Real net national disposable income,Chain volume measures,True,Original,Percent,0.2,A2304851F
2023-24,Real net national disposable income per capita,Chain volume measures,False,Original,$,78317.0,A2305058T
2023-24,Real net national disposable income per capita,Chain volume measures,True,Original,Percent,-2.2,A2305076W
2023-24,Real unit of labour costs,Index,False,Original,Index Numbers,100.0,A2432926J
2023-24,Real unit of labour costs,Index,True,Original,Percent,3.6,A2478946W
2023-24,Real unit of labour costs - Non-farm,Index,False,Original,Index Numbers,100.0,A2432927K
2023-24,Real unit of labour costs - Non-farm,Index,True,Original,Percent,3.1,A2478947X
2023-24,Terms of trade,Index,False,Original,Index Numbers,100.0,A2304708R
2023-24,Terms of trade,Index,True,Original,Percent,-6.3,A2304802K
2023-24,Total sales,Current prices,False,Original,$ Millions,1565369.0,A2304632F
2023-24,Wages share of total factor income,Ratio,False,Original,Percent,52.5,A2304902V
2024-25,Average compensation per employee,Current prices,False,Original,$,100979.0,A2304854L
2024-25,Average compensation per employee,Current prices,True,Original,Percent,3.6,A2304907F
2024-25,Average non-farm compensation per employee,Current prices,False,Original,$,101545.0,A2304919R
2024-25,Average non-farm compensation per employee,Current prices,True,Original,Percent,3.6,A2304923F
2024-25,Compensation of employees per hour,Current prices,False,Original,$,61.4,A129552316A
2024-25,Compensation of employees per hour,Current prices,True,Original,Percent,3.9,A129552318F
2024-25,Domestic final demand,Index,False,Original,Index Numbers,103.3,A2304703C
2024-25,Domestic final demand,Index,True,Original,Percent,3.3,A2304797C
2024-25,Domestic sales,Current prices,False,Original,$ Millions,1058458.0,A2304899T
2024-25,Farm ; Gross domestic product,Chain volume measures,False,Original,$ Millions,49460.0,A2304753A
2024-25,Farm ; Gross domestic product,Chain volume measures,True,Original,Percent,6.2,A2304828J
2024-25,Farm ; Gross domestic product,Current prices,False,Original,$ Millions,55983.0,A2304615C
2024-25,Farm ; Gross domestic product,Current prices,True,Original,Percent,20.0,A2304655W
2024-25,Farm ; Gross domestic product,Implicit price deflators,False,Original,Index Numbers,113.2,A2304680X
2024-25,Farm ; Gross domestic product,Implicit price deflators,True,Original,Percent,13.0,A2304788A
2024-25,GDP per capita,Chain volume measures,False,Original,$,99149.0,A2305001C
2024-25,GDP per capita,Chain volume measures,True,Original,Percent,-0.3,A2305033W
2024-25,GDP per capita,Current prices,False,Original,$,101412.0,A2304887J
2024-25,GDP per hour worked,Index,False,Original,Index Numbers,99.4,A2304964A
2024-25,GDP per hour worked,Index,True,Original,Percent,-0.6,A2305020K
2024-25,Gross domestic product,Chain volume measures,False,Original,$ Millions,2715042.0,A2304755F
2024-25,Gross domestic product,Chain volume measures,True,Original,Percent,1.3,A2304830V
2024-25,Gross domestic product,Current prices,False,Original,$ Millions,2777012.0,A2304617J
2024-25,Gross domestic product,Current prices,True,Original,Percent,3.6,A2304657A
2024-25,Gross domestic product,Index,False,Original,Index Numbers,102.2,A2304706K
2024-25,Gross domestic product,Index,True,Original,Percent,2.2,A2304800F
2024-25,Gross domestic product - Expenditure based,Chain volume measures,False,Original,$ Millions,2717058.0,A2304843F
2024-25,Gross domestic product - Expenditure based,Chain volume measures,True,Original,Percent,1.4,A2304848T
2024-25,Gross domestic product - Income based,Chain volume measures,False,Original,$ Millions,2718072.0,A2304844J
2024-25,Gross domestic product - Income based,Chain volume measures,True,Original,Percent,1.4,A2304849V
2024-25,Gross domestic product - Production based,Chain volume measures,False,Original,$ Millions,2709995.0,A2304845K
2024-25,Gross domestic product - Production based,Chain volume measures,True,Original,Percent,1.1,A2304850C
2024-25,Gross fixed capital formation - Mining private business investment,Chain volume measures,False,Original,$ Millions,76914.0,A108322796T
2024-25,Gross fixed capital formation - Mining private business investment,Chain volume measures,True,Original,Percent,-1.0,A108322800W
2024-25,Gross fixed capital formation - Mining private business investment,Current prices,False,Original,$ Millions,79372.0,A108322798W
2024-25,Gross fixed capital formation - Mining private business investment,Current prices,True,Original,Percent,2.2,A108322802A
2024-25,Gross fixed capital formation - New private business investment,Chain volume measures,False,Original,$ Millions,333425.0,A2305130X
2024-25,Gross fixed capital formation - New private business investment,Chain volume measures,True,Original,Percent,0.0,A2305128L
2024-25,Gross fixed capital formation - New private business investment,Current prices,False,Original,$ Millions,341160.0,A2305129R
2024-25,Gross fixed capital formation - New private business investment,Current prices,True,Original,Percent,2.3,A2305127K
2024-25,Gross fixed capital formation - Non-mining private business investment,Chain volume measures,False,Original,$ Millions,242005.0,A108322797V
2024-25,Gross fixed capital formation - Non-mining private business investment,Chain volume measures,True,Original,Percent,0.0,A108322801X
2024-25,Gross fixed capital formation - Non-mining private business investment,Current prices,False,Original,$ Millions,246949.0,A108322799X
2024-25,Gross fixed capital formation - Non-mining private business investment,Current prices,True,Original,Percent,2.1,A108322803C
2024-25,Gross national income,Current prices,False,Original,$ Millions,2698574.0,A2304605X
2024-25,Gross value added market sector,Chain volume measures,False,Original,$ Millions,1816534.0,A3605667L
2024-25,Gross value added market sector,Chain volume measures,True,Original,Percent,0.6,A3605665J
2024-25,Gross value added non-market sector,Chain volume measures,False,Original,$ Millions,485907.0,A130272186A
2024-25,Gross value added non-market sector,Chain volume measures,True,Original,Percent,2.7,A130272183V
2024-25,Gross value added per hour worked market sector,Index,False,Original,Index Numbers,99.7,A3605668R
2024-25,Gross value added per hour worked market sector,Index,True,Original,Percent,-0.3,A3605666K
2024-25,Gross value added per hour worked non-market sector,Index,False,Original,Index Numbers,98.1,A130272188F
2024-25,Gross value added per hour worked non-market sector,Index,True,Original,Percent,-1.9,A130272185X
2024-25,Hours worked,Index,False,Original,Index Numbers,101.9,A2304958F
2024-25,Hours worked,Index,True,Original,Percent,1.9,A2305015T
2024-25,Hours worked market sector,Index,False,Original,Index Numbers,100.9,A2305086A
2024-25,Hours worked market sector,Index,True,Original,Percent,0.9,A2305088F
2024-25,Hours worked non-market sector,Index,False,Original,Index Numbers,104.6,A130272187C
2024-25,Hours worked non-market sector,Index,True,Original,Percent,4.6,A130272184W
2024-25,Household saving ratio,Ratio,False,Original,proportion,6.0,A2323368K
2024-25,Households ; Final consumption expenditure - Discretionary consumption,Chain volume measures,False,Original,$ Millions,573969.0,A124830443X
2024-25,Households ; Final consumption expenditure - Discretionary consumption,Chain volume measures,True,Original,Percent,0.6,A124830467T
2024-25,Households ; Final consumption expenditure - Discretionary consumption,Current prices,False,Original,$ Millions,585915.0,A124830453C
2024-25,Households ; Final consumption expenditure - Discretionary consumption,Current prices,True,Original,Percent,2.7,A124830477W
2024-25,Households ; Final consumption expenditure - Essential consumption,Chain volume measures,False,Original,$ Millions,820460.0,A124830442W
2024-25,Households ; Final consumption expenditure - Essential consumption,Chain volume measures,True,Original,Percent,1.5,A124830466R
2024-25,Households ; Final consumption expenditure - Essential consumption,Current prices,False,Original,$ Millions,856556.0,A124830452A
2024-25,Households ; Final consumption expenditure - Essential consumption,Current prices,True,Original,Percent,6.0,A124830476V
2024-25,Households ; Final consumption expenditure - Goods,Chain volume measures,False,Original,$ Millions,502897.0,A124830440T
2024-25,Households ; Final consumption expenditure - Goods,Chain volume measures,True,Original,Percent,-0.3,A124830464K
2024-25,Households ; Final consumption expenditure - Goods,Current prices,False,Original,$ Millions,508657.0,A124830450W
2024-25,Households ; Final consumption expenditure - Goods,Current prices,True,Original,Percent,0.9,A124830474R
2024-25,Households ; Final consumption expenditure - Services,Chain volume measures,False,Original,$ Millions,891532.0,A124830441V
2024-25,Households ; Final consumption expenditure - Services,Chain volume measures,True,Original,Percent,2.0,A124830465L
2024-25,Households ; Final consumption expenditure - Services,Current prices,False,Original,$ Millions,933814.0,A124830451X
2024-25,Households ; Final consumption expenditure - Services,Current prices,True,Original,Percent,6.8,A124830475T
2024-25,Imports of merchandise goods,Current prices,False,Original,$ Millions,443825.0,A2304889L
2024-25,Imports to domestic sales,Ratio,False,Original,proportion,0.419,A2304903W
2024-25,Inventories to total sales,Ratio,False,Original,proportion,0.607,A2304906C
2024-25,Net domestic product,Chain volume measures,False,Original,$ Millions,2227433.0,A2304773K
2024-25,Net domestic product,Chain volume measures,True,Original,Percent,1.1,A2304836J
2024-25,Net saving,Current prices,False,Original,$ Millions,111866.0,A2304633J
2024-25,Non-farm ; Gross domestic product,Chain volume measures,False,Original,$ Millions,2665581.0,A2304754C
2024-25,Non-farm ; Gross domestic product,Chain volume measures,True,Original,Percent,1.2,A2304829K
2024-25,Non-farm ; Gross domestic product,Current prices,False,Original,$ Millions,2721029.0,A2304616F
2024-25,Non-farm ; Gross domestic product,Current prices,True,Original,Percent,3.3,A2304656X
2024-25,Non-farm ; Gross domestic product,Implicit price deflators,False,Original,Index Numbers,102.1,A2304681A
2024-25,Non-farm ; Gross domestic product,Implicit price deflators,True,Original,Percent,2.1,A2304789C
2024-25,Non-farm ; Total compensation of employees,Current prices,False,Original,$ Millions,1339393.0,A2304583W
2024-25,Non-farm ; Total compensation of employees,Current prices,True,Original,Percent,6.2,A2304645T
2024-25,Non-farm compensation of employees per hour,Current prices,False,Original,$,62.7,A129552317C
2024-25,Non-farm compensation of employees per hour,Current prices,True,Original,Percent,4.0,A129552319J
2024-25,Private ; Final demand,Chain volume measures,False,Original,$ Millions,1897340.0,A124830437C
2024-25,Private ; Final demand,Chain volume measures,True,Original,Percent,1.2,A124830461C
2024-25,Private ; Final demand,Current prices,False,Original,$ Millions,1960488.0,A124830439J
2024-25,Private ; Final demand,Current prices,True,Original,Percent,4.6,A124830463J
2024-25,Private non-farm inventory levels,Chain volume measures,False,Original,$ Millions,217266.0,A2305012K
2024-25,Private non-farm inventory levels - book values,Current prices,False,Original,$ Millions,238817.0,A2304619L
2024-25,Profits share of total factor income,Ratio,False,Original,Percent,27.4,A2304901T
2024-25,Public ; Final demand,Chain volume measures,False,Original,$ Millions,774009.0,A124830436A
2024-25,Public ; Final demand,Chain volume measures,True,Original,Percent,4.2,A124830460A
2024-25,Public ; Final demand,Current prices,False,Original,$ Millions,799598.0,A124830438F
2024-25,Public ; Final demand,Current prices,True,Original,Percent,7.6,A124830462F
2024-25,Real gross domestic income,Chain volume measures,False,Original,$ Millions,2687920.0,A2304775R
2024-25,Real gross domestic income,Chain volume measures,True,Original,Percent,0.3,A2304838L
2024-25,Real gross national income,Chain volume measures,False,Original,$ Millions,2608898.0,A2304735W
2024-25,Real gross national income,Chain volume measures,True,Original,Percent,0.8,A2304810K
2024-25,Real net national disposable income,Chain volume measures,False,Original,$ Millions,2120591.0,A2304846L
2024-25,Real net national disposable income,Chain volume measures,True,Original,Percent,0.5,A2304851F
2024-25,Real net national disposable income per capita,Chain volume measures,False,Original,$,77440.0,A2305058T
2024-25,Real net national disposable income per capita,Chain volume measures,True,Original,Percent,-1.1,A2305076W
2024-25,Real unit of labour costs,Index,False,Original,Index Numbers,102.3,A2432926J
2024-25,Real unit of labour costs,Index,True,Original,Percent,2.3,A2478946W
2024-25,Real unit of labour costs - Non-farm,Index,False,Original,Index Numbers,102.7,A2432927K
2024-25,Real unit of labour costs - Non-farm,Index,True,Original,Percent,2.7,A2478947X
2024-25,Terms of trade,Index,False,Original,Index Numbers,95.9,A2304708R
2024-25,Terms of trade,Index,True,Original,Percent,-4.1,A2304802K
2024-25,Total sales,Current prices,False,Original,$ Millions,1570175.0,A2304632F
2024-25,Wages share of total factor income,Ratio,False,Original,Percent,53.7,A2304902V
2025-26,Average compensation per employee,Current prices,False,Original,$,105909.0,A2304854L
2025-26,Average compensation per employee,Current prices,True,Original,Percent,4.9,A2304907F
2025-26,Average non-farm compensation per employee,Current prices,False,Original,$,106425.0,A2304919R
2025-26,Average non-farm compensation per employee,Current prices,True,Original,Percent,4.8,A2304923F
2025-26,Compensation of employees per hour,Current prices,False,Original,$,64.0,A129552316A
2025-26,Compensation of employees per hour,Current prices,True,Original,Percent,4.3,A129552318F
2025-26,Domestic final demand,Index,False,Original,Index Numbers,106.5,A2304703C
2025-26,Domestic final demand,Index,True,Original,Percent,3.0,A2304797C
2025-26,Domestic sales,Current prices,False,Original,$ Millions,1117918.0,A2304899T
2025-26,Farm ; Gross domestic product,Chain volume measures,False,Original,$ Millions,53125.0,A2304753A
2025-26,Farm ; Gross domestic product,Chain volume measures,True,Original,Percent,7.4,A2304828J
2025-26,Farm ; Gross domestic product,Current prices,False,Original,$ Millions,63820.0,A2304615C
2025-26,Farm ; Gross domestic product,Current prices,True,Original,Percent,14.0,A2304655W
2025-26,Farm ; Gross domestic product,Implicit price deflators,False,Original,Index Numbers,120.1,A2304680X
2025-26,Farm ; Gross domestic product,Implicit price deflators,True,Original,Percent,6.1,A2304788A
2025-26,GDP per capita,Chain volume measures,False,Original,$,99984.0,A2305001C
2025-26,GDP per capita,Chain volume measures,True,Original,Percent,0.8,A2305033W
2025-26,GDP per capita,Current prices,False,Original,$,105308.0,A2304887J
2025-26,GDP per hour worked,Index,False,Original,Index Numbers,100.0,A2304964A
2025-26,GDP per hour worked,Index,True,Original,Percent,0.6,A2305020K
2025-26,Gross domestic product,Chain volume measures,False,Original,$ Millions,2779155.0,A2304755F
2025-26,Gross domestic product,Chain volume measures,True,Original,Percent,2.4,A2304830V
2025-26,Gross domestic product,Current prices,False,Original,$ Millions,2927146.0,A2304617J
2025-26,Gross domestic product,Current prices,True,Original,Percent,5.4,A2304657A
2025-26,Gross domestic product,Index,False,Original,Index Numbers,105.2,A2304706K
2025-26,Gross domestic product,Index,True,Original,Percent,2.9,A2304800F
2025-26,Gross domestic product - Expenditure based,Chain volume measures,False,Original,$ Millions,2780504.0,A2304843F
2025-26,Gross domestic product - Expenditure based,Chain volume measures,True,Original,Percent,2.3,A2304848T
2025-26,Gross domestic product - Income based,Chain volume measures,False,Original,$ Millions,2779954.0,A2304844J
2025-26,Gross domestic product - Income based,Chain volume measures,True,Original,Percent,2.3,A2304849V
2025-26,Gross domestic product - Production based,Chain volume measures,False,Original,$ Millions,2777008.0,A2304845K
2025-26,Gross domestic product - Production based,Chain volume measures,True,Original,Percent,2.5,A2304850C
2025-26,Gross fixed capital formation - Mining private business investment,Chain volume measures,False,Original,$ Millions,74997.0,A108322796T
2025-26,Gross fixed capital formation - Mining private business investment,Chain volume measures,True,Original,Percent,-2.5,A108322800W
2025-26,Gross fixed capital formation - Mining private business investment,Current prices,False,Original,$ Millions,78598.0,A108322798W
2025-26,Gross fixed capital formation - Mining private business investment,Current prices,True,Original,Percent,-1.0,A108322802A
2025-26,Gross fixed capital formation - New private business investment,Chain volume measures,False,Original,$ Millions,358066.0,A2305130X
2025-26,Gross fixed capital formation - New private business investment,Chain volume measures,True,Original,Percent,7.4,A2305128L
2025-26,Gross fixed capital formation - New private business investment,Current prices,False,Original,$ Millions,370652.0,A2305129R
2025-26,Gross fixed capital formation - New private business investment,Current prices,True,Original,Percent,8.6,A2305127K
2025-26,Gross fixed capital formation - Non-mining private business investment,Chain volume measures,False,Original,$ Millions,266982.0,A108322797V
2025-26,Gross fixed capital formation - Non-mining private business investment,Chain volume measures,True,Original,Percent,10.3,A108322801X
2025-26,Gross fixed capital formation - Non-mining private business investment,Current prices,False,Original,$ Millions,275575.0,A108322799X
2025-26,Gross fixed capital formation - Non-mining private business investment,Current prices,True,Original,Percent,11.6,A108322803C
2025-26,Gross national income,Current prices,False,Original,$ Millions,2843817.0,A2304605X
2025-26,Gross value added market sector,Chain volume measures,False,Original,$ Millions,1863526.0,A3605667L
2025-26,Gross value added market sector,Chain volume measures,True,Original,Percent,2.6,A3605665J
2025-26,Gross value added non-market sector,Chain volume measures,False,Original,$ Millions,494789.0,A130272186A
2025-26,Gross value added non-market sector,Chain volume measures,True,Original,Percent,1.8,A130272183V
2025-26,Gross value added per hour worked market sector,Index,False,Original,Index Numbers,100.6,A3605668R
2025-26,Gross value added per hour worked market sector,Index,True,Original,Percent,0.9,A3605666K
2025-26,Gross value added per hour worked non-market sector,Index,False,Original,Index Numbers,98.1,A130272188F
2025-26,Gross value added per hour worked non-market sector,Index,True,Original,Percent,-0.1,A130272185X
2025-26,Hours worked,Index,False,Original,Index Numbers,103.7,A2304958F
2025-26,Hours worked,Index,True,Original,Percent,1.8,A2305015T
2025-26,Hours worked market sector,Index,False,Original,Index Numbers,102.6,A2305086A
2025-26,Hours worked market sector,Index,True,Original,Percent,1.7,A2305088F
2025-26,Hours worked non-market sector,Index,False,Original,Index Numbers,106.6,A130272187C
2025-26,Hours worked non-market sector,Index,True,Original,Percent,1.9,A130272184W
2025-26,Household saving ratio,Ratio,False,Original,proportion,6.7,A2323368K
2025-26,Households ; Final consumption expenditure - Discretionary consumption,Chain volume measures,False,Original,$ Millions,586893.0,A124830443X
2025-26,Households ; Final consumption expenditure - Discretionary consumption,Chain volume measures,True,Original,Percent,2.3,A124830467T
2025-26,Households ; Final consumption expenditure - Discretionary consumption,Current prices,False,Original,$ Millions,613396.0,A124830453C
2025-26,Households ; Final consumption expenditure - Discretionary consumption,Current prices,True,Original,Percent,4.7,A124830477W
2025-26,Households ; Final consumption expenditure - Essential consumption,Chain volume measures,False,Original,$ Millions,841157.0,A124830442W
2025-26,Households ; Final consumption expenditure - Essential consumption,Chain volume measures,True,Original,Percent,2.5,A124830466R
2025-26,Households ; Final consumption expenditure - Essential consumption,Current prices,False,Original,$ Millions,909182.0,A124830452A
2025-26,Households ; Final consumption expenditure - Essential consumption,Current prices,True,Original,Percent,6.1,A124830476V
2025-26,Households ; Final consumption expenditure - Goods,Chain volume measures,False,Original,$ Millions,515310.0,A124830440T
2025-26,Households ; Final consumption expenditure - Goods,Chain volume measures,True,Original,Percent,2.5,A124830464K
2025-26,Households ; Final consumption expenditure - Goods,Current prices,False,Original,$ Millions,530054.0,A124830450W
2025-26,Households ; Final consumption expenditure - Goods,Current prices,True,Original,Percent,4.2,A124830474R
2025-26,Households ; Final consumption expenditure - Services,Chain volume measures,False,Original,$ Millions,912740.0,A124830441V
2025-26,Households ; Final consumption expenditure - Services,Chain volume measures,True,Original,Percent,2.4,A124830465L
2025-26,Households ; Final consumption expenditure - Services,Current prices,False,Original,$ Millions,992523.0,A124830451X
2025-26,Households ; Final consumption expenditure - Services,Current prices,True,Original,Percent,6.3,A124830475T
2025-26,Imports of merchandise goods,Current prices,False,Original,$ Millions,482362.0,A2304889L
2025-26,Imports to domestic sales,Ratio,False,Original,proportion,0.431,A2304903W
2025-26,Inventories to total sales,Ratio,False,Original,proportion,0.591,A2304906C
2025-26,Net domestic product,Chain volume measures,False,Original,$ Millions,2279323.0,A2304773K
2025-26,Net domestic product,Chain volume measures,True,Original,Percent,2.3,A2304836J
2025-26,Net saving,Current prices,False,Original,$ Millions,103966.0,A2304633J
2025-26,Non-farm ; Gross domestic product,Chain volume measures,False,Original,$ Millions,2726031.0,A2304754C
2025-26,Non-farm ; Gross domestic product,Chain volume measures,True,Original,Percent,2.3,A2304829K
2025-26,Non-farm ; Gross domestic product,Current prices,False,Original,$ Millions,2863326.0,A2304616F
2025-26,Non-farm ; Gross domestic product,Current prices,True,Original,Percent,5.2,A2304656X
2025-26,Non-farm ; Gross domestic product,Implicit price deflators,False,Original,Index Numbers,105.0,A2304681A
2025-26,Non-farm ; Gross domestic product,Implicit price deflators,True,Original,Percent,2.9,A2304789C
2025-26,Non-farm ; Total compensation of employees,Current prices,False,Original,$ Millions,1424381.0,A2304583W
2025-26,Non-farm ; Total compensation of employees,Current prices,True,Original,Percent,6.3,A2304645T
2025-26,Non-farm compensation of employees per hour,Current prices,False,Original,$,65.4,A129552317C
2025-26,Non-farm compensation of employees per hour,Current prices,True,Original,Percent,4.2,A129552319J
2025-26,Private ; Final demand,Chain volume measures,False,Original,$ Millions,1963151.0,A124830437C
2025-26,Private ; Final demand,Chain volume measures,True,Original,Percent,3.5,A124830461C
2025-26,Private ; Final demand,Current prices,False,Original,$ Millions,2087020.0,A124830439J
2025-26,Private ; Final demand,Current prices,True,Original,Percent,6.5,A124830463J
2025-26,Private non-farm inventory levels,Chain volume measures,False,Original,$ Millions,216502.0,A2305012K
2025-26,Private non-farm inventory levels - book values,Current prices,False,Original,$ Millions,247907.0,A2304619L
2025-26,Profits share of total factor income,Ratio,False,Original,Percent,27.0,A2304901T
2025-26,Public ; Final demand,Chain volume measures,False,Original,$ Millions,790707.0,A124830436A
2025-26,Public ; Final demand,Chain volume measures,True,Original,Percent,2.2,A124830460A
2025-26,Public ; Final demand,Current prices,False,Original,$ Millions,845449.0,A124830438F
2025-26,Public ; Final demand,Current prices,True,Original,Percent,5.7,A124830462F
2025-26,Real gross domestic income,Chain volume measures,False,Original,$ Millions,2746689.0,A2304775R
2025-26,Real gross domestic income,Chain volume measures,True,Original,Percent,2.2,A2304838L
2025-26,Real gross national income,Chain volume measures,False,Original,$ Millions,2666461.0,A2304735W
2025-26,Real gross national income,Chain volume measures,True,Original,Percent,2.2,A2304810K
2025-26,Real net national disposable income,Chain volume measures,False,Original,$ Millions,2164932.0,A2304846L
2025-26,Real net national disposable income,Chain volume measures,True,Original,Percent,2.1,A2304851F
2025-26,Real net national disposable income per capita,Chain volume measures,False,Original,$,77886.0,A2305058T
2025-26,Real net national disposable income per capita,Chain volume measures,True,Original,Percent,0.6,A2305076W
2025-26,Real unit of labour costs,Index,False,Original,Index Numbers,102.9,A2432926J
2025-26,Real unit of labour costs,Index,True,Original,Percent,0.6,A2478946W
2025-26,Real unit of labour costs - Non-farm,Index,False,Original,Index Numbers,103.5,A2432927K
2025-26,Real unit of labour costs - Non-farm,Index,True,Original,Percent,0.9,A2478947X
2025-26,Terms of trade,Index,False,Original,Index Numbers,95.3,A2304708R
2025-26,Terms of trade,Index,True,Original,Percent,-0.7,A2304802K
2025-26,Total sales,Current prices,False,Original,$ Millions,1652440.0,A2304632F
2025-26,Wages share of total factor income,Ratio,False,Original,Percent,54.1,A2304902V
