fy_label,fy,fy_complete,data_to,fy_quarter,month,visa_subclass,applicant_type,gender,visa_type,visa_subtype,count
2007-08,2007-08,True,,Q1 (Jul-Sep),03 SEP,485 Temporary Graduate,Primary,Female,Skilled Graduate,Skilled Graduate,232
2007-08,2007-08,True,,Q1 (Jul-Sep),03 SEP,485 Temporary Graduate,Primary,Male,Skilled Graduate,Skilled Graduate,349
2007-08,2007-08,True,,Q1 (Jul-Sep),03 SEP,485 Temporary Graduate,Secondary,Female,Skilled Graduate,Skilled Graduate,46
2007-08,2007-08,True,,Q1 (Jul-Sep),03 SEP,485 Temporary Graduate,Secondary,Male,Skilled Graduate,Skilled Graduate,33
2007-08,2007-08,True,,Q2 (Oct-Dec),04 OCT,485 Temporary Graduate,Primary,Female,Skilled Graduate,Skilled Graduate,110
2007-08,2007-08,True,,Q2 (Oct-Dec),04 OCT,485 Temporary Graduate,Primary,Male,Skilled Graduate,Skilled Graduate,137
2007-08,2007-08,True,,Q2 (Oct-Dec),04 OCT,485 Temporary Graduate,Secondary,Female,Skilled Graduate,Skilled Graduate,20
2007-08,2007-08,True,,Q2 (Oct-Dec),04 OCT,485 Temporary Graduate,Secondary,Male,Skilled Graduate,Skilled Graduate,27
2007-08,2007-08,True,,Q2 (Oct-Dec),05 NOV,485 Temporary Graduate,Primary,Female,Skilled Graduate,Skilled Graduate,123
2007-08,2007-08,True,,Q2 (Oct-Dec),05 NOV,485 Temporary Graduate,Primary,Male,Skilled Graduate,Skilled Graduate,169
2007-08,2007-08,True,,Q2 (Oct-Dec),05 NOV,485 Temporary Graduate,Secondary,Female,Skilled Graduate,Skilled Graduate,31
2007-08,2007-08,True,,Q2 (Oct-Dec),05 NOV,485 Temporary Graduate,Secondary,Male,Skilled Graduate,Skilled Graduate,29
2007-08,2007-08,True,,Q2 (Oct-Dec),06 DEC,485 Temporary Graduate,Primary,Female,Skilled Graduate,Skilled Graduate,298
2007-08,2007-08,True,,Q2 (Oct-Dec),06 DEC,485 Temporary Graduate,Primary,Male,Skilled Graduate,Skilled Graduate,424
2007-08,2007-08,True,,Q2 (Oct-Dec),06 DEC,485 Temporary Graduate,Secondary,Female,Skilled Graduate,Skilled Graduate,75
2007-08,2007-08,True,,Q2 (Oct-Dec),06 DEC,485 Temporary Graduate,Secondary,Male,Skilled Graduate,Skilled Graduate,71
2007-08,2007-08,True,,Q3 (Jan-Mar),07 JAN,485 Temporary Graduate,Primary,Female,Skilled Graduate,Skilled Graduate,517
2007-08,2007-08,True,,Q3 (Jan-Mar),07 JAN,485 Temporary Graduate,Primary,Male,Skilled Graduate,Skilled Graduate,697
2007-08,2007-08,True,,Q3 (Jan-Mar),07 JAN,485 Temporary Graduate,Secondary,Female,Skilled Graduate,Skilled Graduate,103
2007-08,2007-08,True,,Q3 (Jan-Mar),07 JAN,485 Temporary Graduate,Secondary,Male,Skilled Graduate,Skilled Graduate,107
2007-08,2007-08,True,,Q3 (Jan-Mar),08 FEB,485 Temporary Graduate,Primary,Female,Skilled Graduate,Skilled Graduate,906
2007-08,2007-08,True,,Q3 (Jan-Mar),08 FEB,485 Temporary Graduate,Primary,Male,Skilled Graduate,Skilled Graduate,1125
2007-08,2007-08,True,,Q3 (Jan-Mar),08 FEB,485 Temporary Graduate,Secondary,Female,Skilled Graduate,Skilled Graduate,177
2007-08,2007-08,True,,Q3 (Jan-Mar),08 FEB,485 Temporary Graduate,Secondary,Male,Skilled Graduate,Skilled Graduate,157
2007-08,2007-08,True,,Q3 (Jan-Mar),09 MAR,485 Temporary Graduate,Primary,Female,Skilled Graduate,Skilled Graduate,1787
2007-08,2007-08,True,,Q3 (Jan-Mar),09 MAR,485 Temporary Graduate,Primary,Male,Skilled Graduate,Skilled Graduate,2601
2007-08,2007-08,True,,Q3 (Jan-Mar),09 MAR,485 Temporary Graduate,Secondary,Female,Skilled Graduate,Skilled Graduate,336
2007-08,2007-08,True,,Q3 (Jan-Mar),09 MAR,485 Temporary Graduate,Secondary,Male,Skilled Graduate,Skilled Graduate,331
2007-08,2007-08,True,,Q4 (Apr-Jun),10 APR,485 Temporary Graduate,Primary,Female,Skilled Graduate,Skilled Graduate,467
2007-08,2007-08,True,,Q4 (Apr-Jun),10 APR,485 Temporary Graduate,Primary,Male,Skilled Graduate,Skilled Graduate,812
2007-08,2007-08,True,,Q4 (Apr-Jun),10 APR,485 Temporary Graduate,Primary,Not Specified,Skilled Graduate,Skilled Graduate,1
2007-08,2007-08,True,,Q4 (Apr-Jun),10 APR,485 Temporary Graduate,Secondary,Female,Skilled Graduate,Skilled Graduate,174
2007-08,2007-08,True,,Q4 (Apr-Jun),10 APR,485 Temporary Graduate,Secondary,Male,Skilled Graduate,Skilled Graduate,115
2007-08,2007-08,True,,Q4 (Apr-Jun),11 MAY,485 Temporary Graduate,Primary,Female,Skilled Graduate,Skilled Graduate,339
2007-08,2007-08,True,,Q4 (Apr-Jun),11 MAY,485 Temporary Graduate,Primary,Male,Skilled Graduate,Skilled Graduate,560
2007-08,2007-08,True,,Q4 (Apr-Jun),11 MAY,485 Temporary Graduate,Secondary,Female,Skilled Graduate,Skilled Graduate,105
2007-08,2007-08,True,,Q4 (Apr-Jun),11 MAY,485 Temporary Graduate,Secondary,Male,Skilled Graduate,Skilled Graduate,95
2007-08,2007-08,True,,Q4 (Apr-Jun),12 JUN,485 Temporary Graduate,Primary,Female,Skilled Graduate,Skilled Graduate,227
2007-08,2007-08,True,,Q4 (Apr-Jun),12 JUN,485 Temporary Graduate,Primary,Male,Skilled Graduate,Skilled Graduate,499
2007-08,2007-08,True,,Q4 (Apr-Jun),12 JUN,485 Temporary Graduate,Secondary,Female,Skilled Graduate,Skilled Graduate,92
2007-08,2007-08,True,,Q4 (Apr-Jun),12 JUN,485 Temporary Graduate,Secondary,Male,Skilled Graduate,Skilled Graduate,79
2008-09,2008-09,True,,Q1 (Jul-Sep),01 JUL,485 Temporary Graduate,Primary,Female,Skilled Graduate,Skilled Graduate,658
2008-09,2008-09,True,,Q1 (Jul-Sep),01 JUL,485 Temporary Graduate,Primary,Male,Skilled Graduate,Skilled Graduate,1248
2008-09,2008-09,True,,Q1 (Jul-Sep),01 JUL,485 Temporary Graduate,Secondary,Female,Skilled Graduate,Skilled Graduate,224
2008-09,2008-09,True,,Q1 (Jul-Sep),01 JUL,485 Temporary Graduate,Secondary,Male,Skilled Graduate,Skilled Graduate,203
2008-09,2008-09,True,,Q1 (Jul-Sep),02 AUG,485 Temporary Graduate,Primary,Female,Skilled Graduate,Skilled Graduate,1358
2008-09,2008-09,True,,Q1 (Jul-Sep),02 AUG,485 Temporary Graduate,Primary,Male,Skilled Graduate,Skilled Graduate,2390
2008-09,2008-09,True,,Q1 (Jul-Sep),02 AUG,485 Temporary Graduate,Secondary,Female,Skilled Graduate,Skilled Graduate,391
2008-09,2008-09,True,,Q1 (Jul-Sep),02 AUG,485 Temporary Graduate,Secondary,Male,Skilled Graduate,Skilled Graduate,302
2008-09,2008-09,True,,Q1 (Jul-Sep),03 SEP,485 Temporary Graduate,Primary,Female,Skilled Graduate,Skilled Graduate,930
2008-09,2008-09,True,,Q1 (Jul-Sep),03 SEP,485 Temporary Graduate,Primary,Male,Skilled Graduate,Skilled Graduate,1739
2008-09,2008-09,True,,Q1 (Jul-Sep),03 SEP,485 Temporary Graduate,Secondary,Female,Skilled Graduate,Skilled Graduate,339
2008-09,2008-09,True,,Q1 (Jul-Sep),03 SEP,485 Temporary Graduate,Secondary,Male,Skilled Graduate,Skilled Graduate,260
2008-09,2008-09,True,,Q2 (Oct-Dec),04 OCT,485 Temporary Graduate,Primary,Female,Skilled Graduate,Skilled Graduate,551
2008-09,2008-09,True,,Q2 (Oct-Dec),04 OCT,485 Temporary Graduate,Primary,Male,Skilled Graduate,Skilled Graduate,1189
2008-09,2008-09,True,,Q2 (Oct-Dec),04 OCT,485 Temporary Graduate,Primary,Not Specified,Skilled Graduate,Skilled Graduate,1
2008-09,2008-09,True,,Q2 (Oct-Dec),04 OCT,485 Temporary Graduate,Secondary,Female,Skilled Graduate,Skilled Graduate,228
2008-09,2008-09,True,,Q2 (Oct-Dec),04 OCT,485 Temporary Graduate,Secondary,Male,Skilled Graduate,Skilled Graduate,198
2008-09,2008-09,True,,Q2 (Oct-Dec),05 NOV,485 Temporary Graduate,Primary,Female,Skilled Graduate,Skilled Graduate,124
2008-09,2008-09,True,,Q2 (Oct-Dec),05 NOV,485 Temporary Graduate,Primary,Male,Skilled Graduate,Skilled Graduate,305
2008-09,2008-09,True,,Q2 (Oct-Dec),05 NOV,485 Temporary Graduate,Secondary,Female,Skilled Graduate,Skilled Graduate,59
2008-09,2008-09,True,,Q2 (Oct-Dec),05 NOV,485 Temporary Graduate,Secondary,Male,Skilled Graduate,Skilled Graduate,60
2008-09,2008-09,True,,Q2 (Oct-Dec),06 DEC,485 Temporary Graduate,Primary,Female,Skilled Graduate,Skilled Graduate,287
2008-09,2008-09,True,,Q2 (Oct-Dec),06 DEC,485 Temporary Graduate,Primary,Male,Skilled Graduate,Skilled Graduate,637
2008-09,2008-09,True,,Q2 (Oct-Dec),06 DEC,485 Temporary Graduate,Secondary,Female,Skilled Graduate,Skilled Graduate,117
2008-09,2008-09,True,,Q2 (Oct-Dec),06 DEC,485 Temporary Graduate,Secondary,Male,Skilled Graduate,Skilled Graduate,128
2008-09,2008-09,True,,Q3 (Jan-Mar),07 JAN,485 Temporary Graduate,Primary,Female,Skilled Graduate,Skilled Graduate,380
2008-09,2008-09,True,,Q3 (Jan-Mar),07 JAN,485 Temporary Graduate,Primary,Female,Skilled Regional,Skilled Australian Sponsored,1
2008-09,2008-09,True,,Q3 (Jan-Mar),07 JAN,485 Temporary Graduate,Primary,Male,Skilled Graduate,Skilled Graduate,768
2008-09,2008-09,True,,Q3 (Jan-Mar),07 JAN,485 Temporary Graduate,Secondary,Female,Skilled Graduate,Skilled Graduate,145
2008-09,2008-09,True,,Q3 (Jan-Mar),07 JAN,485 Temporary Graduate,Secondary,Male,Skilled Graduate,Skilled Graduate,124
2008-09,2008-09,True,,Q3 (Jan-Mar),08 FEB,485 Temporary Graduate,Primary,Female,Skilled Graduate,Skilled Graduate,832
2008-09,2008-09,True,,Q3 (Jan-Mar),08 FEB,485 Temporary Graduate,Primary,Male,Skilled Graduate,Skilled Graduate,1301
2008-09,2008-09,True,,Q3 (Jan-Mar),08 FEB,485 Temporary Graduate,Secondary,Female,Skilled Graduate,Skilled Graduate,246
2008-09,2008-09,True,,Q3 (Jan-Mar),08 FEB,485 Temporary Graduate,Secondary,Male,Skilled Graduate,Skilled Graduate,228
2008-09,2008-09,True,,Q3 (Jan-Mar),09 MAR,485 Temporary Graduate,Primary,Female,Skilled Graduate,Skilled Graduate,1765
2008-09,2008-09,True,,Q3 (Jan-Mar),09 MAR,485 Temporary Graduate,Primary,Male,Skilled Graduate,Skilled Graduate,2813
2008-09,2008-09,True,,Q3 (Jan-Mar),09 MAR,485 Temporary Graduate,Primary,Not Specified,Skilled Graduate,Skilled Graduate,1
2008-09,2008-09,True,,Q3 (Jan-Mar),09 MAR,485 Temporary Graduate,Secondary,Female,Skilled Graduate,Skilled Graduate,503
2008-09,2008-09,True,,Q3 (Jan-Mar),09 MAR,485 Temporary Graduate,Secondary,Male,Skilled Graduate,Skilled Graduate,486
2008-09,2008-09,True,,Q4 (Apr-Jun),10 APR,485 Temporary Graduate,Primary,Female,Skilled Graduate,Skilled Graduate,485
2008-09,2008-09,True,,Q4 (Apr-Jun),10 APR,485 Temporary Graduate,Primary,Male,Skilled Graduate,Skilled Graduate,972
2008-09,2008-09,True,,Q4 (Apr-Jun),10 APR,485 Temporary Graduate,Secondary,Female,Skilled Graduate,Skilled Graduate,206
2008-09,2008-09,True,,Q4 (Apr-Jun),10 APR,485 Temporary Graduate,Secondary,Male,Skilled Graduate,Skilled Graduate,192
2008-09,2008-09,True,,Q4 (Apr-Jun),11 MAY,485 Temporary Graduate,Primary,Female,Skilled Graduate,Skilled Graduate,485
2008-09,2008-09,True,,Q4 (Apr-Jun),11 MAY,485 Temporary Graduate,Primary,Male,Skilled Graduate,Skilled Graduate,992
2008-09,2008-09,True,,Q4 (Apr-Jun),11 MAY,485 Temporary Graduate,Primary,Not Specified,Skilled Graduate,Skilled Graduate,1
2008-09,2008-09,True,,Q4 (Apr-Jun),11 MAY,485 Temporary Graduate,Secondary,Female,Skilled Graduate,Skilled Graduate,269
2008-09,2008-09,True,,Q4 (Apr-Jun),11 MAY,485 Temporary Graduate,Secondary,Male,Skilled Graduate,Skilled Graduate,206
2008-09,2008-09,True,,Q4 (Apr-Jun),11 MAY,485 Temporary Graduate,Secondary,Not Specified,Skilled Graduate,Skilled Graduate,1
2008-09,2008-09,True,,Q4 (Apr-Jun),12 JUN,485 Temporary Graduate,Primary,Female,Skilled Graduate,Skilled Graduate,409
2008-09,2008-09,True,,Q4 (Apr-Jun),12 JUN,485 Temporary Graduate,Primary,Male,Skilled Graduate,Skilled Graduate,875
2008-09,2008-09,True,,Q4 (Apr-Jun),12 JUN,485 Temporary Graduate,Secondary,Female,Skilled Graduate,Skilled Graduate,241
2008-09,2008-09,True,,Q4 (Apr-Jun),12 JUN,485 Temporary Graduate,Secondary,Male,Skilled Graduate,Skilled Graduate,233
2009-10,2009-10,True,,Q1 (Jul-Sep),01 JUL,485 Temporary Graduate,Primary,Female,Skilled Graduate,Skilled Graduate,600
2009-10,2009-10,True,,Q1 (Jul-Sep),01 JUL,485 Temporary Graduate,Primary,Male,Skilled Graduate,Skilled Graduate,1165
2009-10,2009-10,True,,Q1 (Jul-Sep),01 JUL,485 Temporary Graduate,Primary,Not Specified,Skilled Graduate,Skilled Graduate,1
2009-10,2009-10,True,,Q1 (Jul-Sep),01 JUL,485 Temporary Graduate,Secondary,Female,Skilled Graduate,Skilled Graduate,334
2009-10,2009-10,True,,Q1 (Jul-Sep),01 JUL,485 Temporary Graduate,Secondary,Male,Skilled Graduate,Skilled Graduate,333
2009-10,2009-10,True,,Q1 (Jul-Sep),02 AUG,485 Temporary Graduate,Primary,Female,Skilled Graduate,Skilled Graduate,1343
2009-10,2009-10,True,,Q1 (Jul-Sep),02 AUG,485 Temporary Graduate,Primary,Male,Skilled Graduate,Skilled Graduate,2319
2009-10,2009-10,True,,Q1 (Jul-Sep),02 AUG,485 Temporary Graduate,Secondary,Female,Skilled Graduate,Skilled Graduate,474
2009-10,2009-10,True,,Q1 (Jul-Sep),02 AUG,485 Temporary Graduate,Secondary,Male,Skilled Graduate,Skilled Graduate,477
2009-10,2009-10,True,,Q1 (Jul-Sep),03 SEP,485 Temporary Graduate,Primary,Female,Skilled Graduate,Skilled Graduate,906
2009-10,2009-10,True,,Q1 (Jul-Sep),03 SEP,485 Temporary Graduate,Primary,Male,Skilled Graduate,Skilled Graduate,1865
2009-10,2009-10,True,,Q1 (Jul-Sep),03 SEP,485 Temporary Graduate,Primary,Not Specified,Skilled Graduate,Skilled Graduate,1
2009-10,2009-10,True,,Q1 (Jul-Sep),03 SEP,485 Temporary Graduate,Secondary,Female,Skilled Graduate,Skilled Graduate,403
2009-10,2009-10,True,,Q1 (Jul-Sep),03 SEP,485 Temporary Graduate,Secondary,Male,Skilled Graduate,Skilled Graduate,348
2009-10,2009-10,True,,Q2 (Oct-Dec),04 OCT,485 Temporary Graduate,Primary,Female,Skilled Graduate,Skilled Graduate,425
2009-10,2009-10,True,,Q2 (Oct-Dec),04 OCT,485 Temporary Graduate,Primary,Male,Skilled Graduate,Skilled Graduate,1037
2009-10,2009-10,True,,Q2 (Oct-Dec),04 OCT,485 Temporary Graduate,Secondary,Female,Skilled Graduate,Skilled Graduate,253
2009-10,2009-10,True,,Q2 (Oct-Dec),04 OCT,485 Temporary Graduate,Secondary,Male,Skilled Graduate,Skilled Graduate,239
2009-10,2009-10,True,,Q2 (Oct-Dec),05 NOV,485 Temporary Graduate,Primary,Female,Skilled Graduate,Skilled Graduate,464
2009-10,2009-10,True,,Q2 (Oct-Dec),05 NOV,485 Temporary Graduate,Primary,Male,Skilled Graduate,Skilled Graduate,1211
2009-10,2009-10,True,,Q2 (Oct-Dec),05 NOV,485 Temporary Graduate,Primary,Not Specified,Skilled Graduate,Skilled Graduate,1
2009-10,2009-10,True,,Q2 (Oct-Dec),05 NOV,485 Temporary Graduate,Secondary,Female,Skilled Graduate,Skilled Graduate,303
2009-10,2009-10,True,,Q2 (Oct-Dec),05 NOV,485 Temporary Graduate,Secondary,Male,Skilled Graduate,Skilled Graduate,300
2009-10,2009-10,True,,Q2 (Oct-Dec),05 NOV,485 Temporary Graduate,Secondary,Not Specified,Skilled Graduate,Skilled Graduate,1
2009-10,2009-10,True,,Q2 (Oct-Dec),06 DEC,485 Temporary Graduate,Primary,Female,Skilled Graduate,Skilled Graduate,1640
2009-10,2009-10,True,,Q2 (Oct-Dec),06 DEC,485 Temporary Graduate,Primary,Female,Skilled Regional,Skilled Australian Sponsored,1
2009-10,2009-10,True,,Q2 (Oct-Dec),06 DEC,485 Temporary Graduate,Primary,Male,Skilled Graduate,Skilled Graduate,3659
2009-10,2009-10,True,,Q2 (Oct-Dec),06 DEC,485 Temporary Graduate,Secondary,Female,Skilled Graduate,Skilled Graduate,950
2009-10,2009-10,True,,Q2 (Oct-Dec),06 DEC,485 Temporary Graduate,Secondary,Male,Skilled Graduate,Skilled Graduate,1107
2009-10,2009-10,True,,Q3 (Jan-Mar),07 JAN,485 Temporary Graduate,Primary,Female,Skilled Graduate,Skilled Graduate,540
2009-10,2009-10,True,,Q3 (Jan-Mar),07 JAN,485 Temporary Graduate,Primary,Male,Skilled Graduate,Skilled Graduate,667
2009-10,2009-10,True,,Q3 (Jan-Mar),07 JAN,485 Temporary Graduate,Secondary,Female,Skilled Graduate,Skilled Graduate,219
2009-10,2009-10,True,,Q3 (Jan-Mar),07 JAN,485 Temporary Graduate,Secondary,Male,Skilled Graduate,Skilled Graduate,194
2009-10,2009-10,True,,Q3 (Jan-Mar),08 FEB,485 Temporary Graduate,Primary,Female,Skilled Graduate,Skilled Graduate,944
2009-10,2009-10,True,,Q3 (Jan-Mar),08 FEB,485 Temporary Graduate,Primary,Male,Skilled Graduate,Skilled Graduate,1062
2009-10,2009-10,True,,Q3 (Jan-Mar),08 FEB,485 Temporary Graduate,Secondary,Female,Skilled Graduate,Skilled Graduate,288
2009-10,2009-10,True,,Q3 (Jan-Mar),08 FEB,485 Temporary Graduate,Secondary,Male,Skilled Graduate,Skilled Graduate,317
2009-10,2009-10,True,,Q3 (Jan-Mar),09 MAR,485 Temporary Graduate,Primary,Female,Skilled Graduate,Skilled Graduate,1825
2009-10,2009-10,True,,Q3 (Jan-Mar),09 MAR,485 Temporary Graduate,Primary,Male,Skilled Graduate,Skilled Graduate,2277
2009-10,2009-10,True,,Q3 (Jan-Mar),09 MAR,485 Temporary Graduate,Secondary,Female,Skilled Graduate,Skilled Graduate,552
2009-10,2009-10,True,,Q3 (Jan-Mar),09 MAR,485 Temporary Graduate,Secondary,Male,Skilled Graduate,Skilled Graduate,525
2009-10,2009-10,True,,Q4 (Apr-Jun),10 APR,485 Temporary Graduate,Primary,Female,Skilled Graduate,Skilled Graduate,539
2009-10,2009-10,True,,Q4 (Apr-Jun),10 APR,485 Temporary Graduate,Primary,Male,Skilled Graduate,Skilled Graduate,828
2009-10,2009-10,True,,Q4 (Apr-Jun),10 APR,485 Temporary Graduate,Secondary,Female,Skilled Graduate,Skilled Graduate,287
2009-10,2009-10,True,,Q4 (Apr-Jun),10 APR,485 Temporary Graduate,Secondary,Male,Skilled Graduate,Skilled Graduate,296
2009-10,2009-10,True,,Q4 (Apr-Jun),11 MAY,485 Temporary Graduate,Primary,Female,Skilled Graduate,Skilled Graduate,510
2009-10,2009-10,True,,Q4 (Apr-Jun),11 MAY,485 Temporary Graduate,Primary,Male,Skilled Graduate,Skilled Graduate,857
2009-10,2009-10,True,,Q4 (Apr-Jun),11 MAY,485 Temporary Graduate,Secondary,Female,Skilled Graduate,Skilled Graduate,337
2009-10,2009-10,True,,Q4 (Apr-Jun),11 MAY,485 Temporary Graduate,Secondary,Male,Skilled Graduate,Skilled Graduate,323
2009-10,2009-10,True,,Q4 (Apr-Jun),12 JUN,485 Temporary Graduate,Primary,Female,Skilled Graduate,Skilled Graduate,787
2009-10,2009-10,True,,Q4 (Apr-Jun),12 JUN,485 Temporary Graduate,Primary,Male,Skilled Graduate,Skilled Graduate,1082
2009-10,2009-10,True,,Q4 (Apr-Jun),12 JUN,485 Temporary Graduate,Secondary,Female,Skilled Graduate,Skilled Graduate,483
2009-10,2009-10,True,,Q4 (Apr-Jun),12 JUN,485 Temporary Graduate,Secondary,Male,Skilled Graduate,Skilled Graduate,622
2010-11,2010-11,True,,Q1 (Jul-Sep),01 JUL,485 Temporary Graduate,Primary,Female,Skilled Graduate,Skilled Graduate,685
2010-11,2010-11,True,,Q1 (Jul-Sep),01 JUL,485 Temporary Graduate,Primary,Male,Skilled Graduate,Skilled Graduate,931
2010-11,2010-11,True,,Q1 (Jul-Sep),01 JUL,485 Temporary Graduate,Secondary,Female,Skilled Graduate,Skilled Graduate,415
2010-11,2010-11,True,,Q1 (Jul-Sep),01 JUL,485 Temporary Graduate,Secondary,Male,Skilled Graduate,Skilled Graduate,385
2010-11,2010-11,True,,Q1 (Jul-Sep),02 AUG,485 Temporary Graduate,Primary,Female,Skilled Graduate,Skilled Graduate,1754
2010-11,2010-11,True,,Q1 (Jul-Sep),02 AUG,485 Temporary Graduate,Primary,Male,Skilled Graduate,Skilled Graduate,2408
2010-11,2010-11,True,,Q1 (Jul-Sep),02 AUG,485 Temporary Graduate,Secondary,Female,Skilled Graduate,Skilled Graduate,742
2010-11,2010-11,True,,Q1 (Jul-Sep),02 AUG,485 Temporary Graduate,Secondary,Male,Skilled Graduate,Skilled Graduate,708
2010-11,2010-11,True,,Q1 (Jul-Sep),02 AUG,485 Temporary Graduate,Secondary,Not Specified,Skilled Graduate,Skilled Graduate,1
2010-11,2010-11,True,,Q1 (Jul-Sep),03 SEP,485 Temporary Graduate,Primary,Female,Skilled Graduate,Skilled Graduate,1073
2010-11,2010-11,True,,Q1 (Jul-Sep),03 SEP,485 Temporary Graduate,Primary,Male,Skilled Graduate,Skilled Graduate,1634
2010-11,2010-11,True,,Q1 (Jul-Sep),03 SEP,485 Temporary Graduate,Primary,Not Specified,Skilled Graduate,Skilled Graduate,1
2010-11,2010-11,True,,Q1 (Jul-Sep),03 SEP,485 Temporary Graduate,Secondary,Female,Skilled Graduate,Skilled Graduate,510
2010-11,2010-11,True,,Q1 (Jul-Sep),03 SEP,485 Temporary Graduate,Secondary,Male,Skilled Graduate,Skilled Graduate,512
2010-11,2010-11,True,,Q2 (Oct-Dec),04 OCT,485 Temporary Graduate,Primary,Female,Skilled Graduate,Skilled Graduate,471
2010-11,2010-11,True,,Q2 (Oct-Dec),04 OCT,485 Temporary Graduate,Primary,Male,Skilled Graduate,Skilled Graduate,589
2010-11,2010-11,True,,Q2 (Oct-Dec),04 OCT,485 Temporary Graduate,Primary,Not Specified,Skilled Graduate,Skilled Graduate,1
2010-11,2010-11,True,,Q2 (Oct-Dec),04 OCT,485 Temporary Graduate,Secondary,Female,Skilled Graduate,Skilled Graduate,304
2010-11,2010-11,True,,Q2 (Oct-Dec),04 OCT,485 Temporary Graduate,Secondary,Male,Skilled Graduate,Skilled Graduate,303
2010-11,2010-11,True,,Q2 (Oct-Dec),05 NOV,485 Temporary Graduate,Primary,Female,Skilled Graduate,Skilled Graduate,419
2010-11,2010-11,True,,Q2 (Oct-Dec),05 NOV,485 Temporary Graduate,Primary,Male,Skilled Graduate,Skilled Graduate,647
2010-11,2010-11,True,,Q2 (Oct-Dec),05 NOV,485 Temporary Graduate,Secondary,Female,Skilled Graduate,Skilled Graduate,307
2010-11,2010-11,True,,Q2 (Oct-Dec),05 NOV,485 Temporary Graduate,Secondary,Male,Skilled Graduate,Skilled Graduate,301
2010-11,2010-11,True,,Q2 (Oct-Dec),06 DEC,485 Temporary Graduate,Primary,Female,Skilled Graduate,Skilled Graduate,698
2010-11,2010-11,True,,Q2 (Oct-Dec),06 DEC,485 Temporary Graduate,Primary,Male,Skilled Graduate,Skilled Graduate,836
2010-11,2010-11,True,,Q2 (Oct-Dec),06 DEC,485 Temporary Graduate,Secondary,Female,Skilled Graduate,Skilled Graduate,380
2010-11,2010-11,True,,Q2 (Oct-Dec),06 DEC,485 Temporary Graduate,Secondary,Male,Skilled Graduate,Skilled Graduate,434
2010-11,2010-11,True,,Q3 (Jan-Mar),07 JAN,485 Temporary Graduate,Primary,Female,Skilled Graduate,Skilled Graduate,737
2010-11,2010-11,True,,Q3 (Jan-Mar),07 JAN,485 Temporary Graduate,Primary,Male,Skilled Graduate,Skilled Graduate,881
2010-11,2010-11,True,,Q3 (Jan-Mar),07 JAN,485 Temporary Graduate,Secondary,Female,Skilled Graduate,Skilled Graduate,333
2010-11,2010-11,True,,Q3 (Jan-Mar),07 JAN,485 Temporary Graduate,Secondary,Male,Skilled Graduate,Skilled Graduate,359
2010-11,2010-11,True,,Q3 (Jan-Mar),08 FEB,485 Temporary Graduate,Primary,Female,Skilled Graduate,Skilled Graduate,1163
2010-11,2010-11,True,,Q3 (Jan-Mar),08 FEB,485 Temporary Graduate,Primary,Male,Skilled Graduate,Skilled Graduate,1270
2010-11,2010-11,True,,Q3 (Jan-Mar),08 FEB,485 Temporary Graduate,Secondary,Female,Skilled Graduate,Skilled Graduate,412
2010-11,2010-11,True,,Q3 (Jan-Mar),08 FEB,485 Temporary Graduate,Secondary,Male,Skilled Graduate,Skilled Graduate,443
2010-11,2010-11,True,,Q3 (Jan-Mar),09 MAR,485 Temporary Graduate,Primary,Female,Skilled Graduate,Skilled Graduate,2999
2010-11,2010-11,True,,Q3 (Jan-Mar),09 MAR,485 Temporary Graduate,Primary,Male,Skilled Graduate,Skilled Graduate,3708
2010-11,2010-11,True,,Q3 (Jan-Mar),09 MAR,485 Temporary Graduate,Primary,Not Specified,Skilled Graduate,Skilled Graduate,1
2010-11,2010-11,True,,Q3 (Jan-Mar),09 MAR,485 Temporary Graduate,Secondary,Female,Skilled Graduate,Skilled Graduate,991
2010-11,2010-11,True,,Q3 (Jan-Mar),09 MAR,485 Temporary Graduate,Secondary,Male,Skilled Graduate,Skilled Graduate,1077
2010-11,2010-11,True,,Q4 (Apr-Jun),10 APR,485 Temporary Graduate,Primary,Female,Skilled Graduate,Skilled Graduate,579
2010-11,2010-11,True,,Q4 (Apr-Jun),10 APR,485 Temporary Graduate,Primary,Male,Skilled Graduate,Skilled Graduate,826
2010-11,2010-11,True,,Q4 (Apr-Jun),10 APR,485 Temporary Graduate,Secondary,Female,Skilled Graduate,Skilled Graduate,347
2010-11,2010-11,True,,Q4 (Apr-Jun),10 APR,485 Temporary Graduate,Secondary,Male,Skilled Graduate,Skilled Graduate,328
2010-11,2010-11,True,,Q4 (Apr-Jun),11 MAY,485 Temporary Graduate,Primary,Female,Skilled Graduate,Skilled Graduate,593
2010-11,2010-11,True,,Q4 (Apr-Jun),11 MAY,485 Temporary Graduate,Primary,Male,Skilled Graduate,Skilled Graduate,930
2010-11,2010-11,True,,Q4 (Apr-Jun),11 MAY,485 Temporary Graduate,Secondary,Female,Skilled Graduate,Skilled Graduate,409
2010-11,2010-11,True,,Q4 (Apr-Jun),11 MAY,485 Temporary Graduate,Secondary,Male,Skilled Graduate,Skilled Graduate,407
2010-11,2010-11,True,,Q4 (Apr-Jun),12 JUN,485 Temporary Graduate,Primary,Female,Skilled Graduate,Skilled Graduate,870
2010-11,2010-11,True,,Q4 (Apr-Jun),12 JUN,485 Temporary Graduate,Primary,Male,Skilled Graduate,Skilled Graduate,1326
2010-11,2010-11,True,,Q4 (Apr-Jun),12 JUN,485 Temporary Graduate,Primary,Not Specified,Skilled Graduate,Skilled Graduate,2
2010-11,2010-11,True,,Q4 (Apr-Jun),12 JUN,485 Temporary Graduate,Secondary,Female,Skilled Graduate,Skilled Graduate,538
2010-11,2010-11,True,,Q4 (Apr-Jun),12 JUN,485 Temporary Graduate,Secondary,Male,Skilled Graduate,Skilled Graduate,585
2011-12,2011-12,True,,Q1 (Jul-Sep),01 JUL,485 Temporary Graduate,Primary,Female,Skilled Graduate,Skilled Graduate,778
2011-12,2011-12,True,,Q1 (Jul-Sep),01 JUL,485 Temporary Graduate,Primary,Male,Skilled Graduate,Skilled Graduate,938
2011-12,2011-12,True,,Q1 (Jul-Sep),01 JUL,485 Temporary Graduate,Secondary,Female,Skilled Graduate,Skilled Graduate,345
2011-12,2011-12,True,,Q1 (Jul-Sep),01 JUL,485 Temporary Graduate,Secondary,Male,Skilled Graduate,Skilled Graduate,323
2011-12,2011-12,True,,Q1 (Jul-Sep),02 AUG,485 Temporary Graduate,Primary,Female,Skilled Graduate,Skilled Graduate,2015
2011-12,2011-12,True,,Q1 (Jul-Sep),02 AUG,485 Temporary Graduate,Primary,Male,Skilled Graduate,Skilled Graduate,2692
2011-12,2011-12,True,,Q1 (Jul-Sep),02 AUG,485 Temporary Graduate,Secondary,Female,Skilled Graduate,Skilled Graduate,638
2011-12,2011-12,True,,Q1 (Jul-Sep),02 AUG,485 Temporary Graduate,Secondary,Male,Skilled Graduate,Skilled Graduate,707
2011-12,2011-12,True,,Q1 (Jul-Sep),03 SEP,485 Temporary Graduate,Primary,Female,Skilled Graduate,Skilled Graduate,937
2011-12,2011-12,True,,Q1 (Jul-Sep),03 SEP,485 Temporary Graduate,Primary,Male,Skilled Graduate,Skilled Graduate,1584
2011-12,2011-12,True,,Q1 (Jul-Sep),03 SEP,485 Temporary Graduate,Secondary,Female,Skilled Graduate,Skilled Graduate,443
2011-12,2011-12,True,,Q1 (Jul-Sep),03 SEP,485 Temporary Graduate,Secondary,Male,Skilled Graduate,Skilled Graduate,372
2011-12,2011-12,True,,Q2 (Oct-Dec),04 OCT,485 Temporary Graduate,Primary,Female,Skilled Graduate,Skilled Graduate,328
2011-12,2011-12,True,,Q2 (Oct-Dec),04 OCT,485 Temporary Graduate,Primary,Male,Skilled Graduate,Skilled Graduate,527
2011-12,2011-12,True,,Q2 (Oct-Dec),04 OCT,485 Temporary Graduate,Secondary,Female,Skilled Graduate,Skilled Graduate,294
2011-12,2011-12,True,,Q2 (Oct-Dec),04 OCT,485 Temporary Graduate,Secondary,Male,Skilled Graduate,Skilled Graduate,219
2011-12,2011-12,True,,Q2 (Oct-Dec),05 NOV,485 Temporary Graduate,Primary,Female,Skilled Graduate,Skilled Graduate,374
2011-12,2011-12,True,,Q2 (Oct-Dec),05 NOV,485 Temporary Graduate,Primary,Male,Skilled Graduate,Skilled Graduate,509
2011-12,2011-12,True,,Q2 (Oct-Dec),05 NOV,485 Temporary Graduate,Secondary,Female,Skilled Graduate,Skilled Graduate,252
2011-12,2011-12,True,,Q2 (Oct-Dec),05 NOV,485 Temporary Graduate,Secondary,Male,Skilled Graduate,Skilled Graduate,219
2011-12,2011-12,True,,Q2 (Oct-Dec),06 DEC,485 Temporary Graduate,Primary,Female,Skilled Graduate,Skilled Graduate,592
2011-12,2011-12,True,,Q2 (Oct-Dec),06 DEC,485 Temporary Graduate,Primary,Male,Skilled Graduate,Skilled Graduate,723
2011-12,2011-12,True,,Q2 (Oct-Dec),06 DEC,485 Temporary Graduate,Secondary,Female,Skilled Graduate,Skilled Graduate,335
2011-12,2011-12,True,,Q2 (Oct-Dec),06 DEC,485 Temporary Graduate,Secondary,Male,Skilled Graduate,Skilled Graduate,304
2011-12,2011-12,True,,Q3 (Jan-Mar),07 JAN,485 Temporary Graduate,Primary,Female,Skilled Graduate,Skilled Graduate,701
2011-12,2011-12,True,,Q3 (Jan-Mar),07 JAN,485 Temporary Graduate,Primary,Male,Skilled Graduate,Skilled Graduate,754
2011-12,2011-12,True,,Q3 (Jan-Mar),07 JAN,485 Temporary Graduate,Primary,Not Specified,Skilled Graduate,Skilled Graduate,2
2011-12,2011-12,True,,Q3 (Jan-Mar),07 JAN,485 Temporary Graduate,Secondary,Female,Skilled Graduate,Skilled Graduate,324
2011-12,2011-12,True,,Q3 (Jan-Mar),07 JAN,485 Temporary Graduate,Secondary,Male,Skilled Graduate,Skilled Graduate,280
2011-12,2011-12,True,,Q3 (Jan-Mar),08 FEB,485 Temporary Graduate,Primary,Female,Skilled Graduate,Skilled Graduate,1602
2011-12,2011-12,True,,Q3 (Jan-Mar),08 FEB,485 Temporary Graduate,Primary,Male,Skilled Graduate,Skilled Graduate,1379
2011-12,2011-12,True,,Q3 (Jan-Mar),08 FEB,485 Temporary Graduate,Secondary,Female,Skilled Graduate,Skilled Graduate,479
2011-12,2011-12,True,,Q3 (Jan-Mar),08 FEB,485 Temporary Graduate,Secondary,Male,Skilled Graduate,Skilled Graduate,397
2011-12,2011-12,True,,Q3 (Jan-Mar),08 FEB,485 Temporary Graduate,Secondary,Not Specified,Skilled Graduate,Skilled Graduate,1
2011-12,2011-12,True,,Q3 (Jan-Mar),09 MAR,485 Temporary Graduate,Primary,Female,Skilled Graduate,Skilled Graduate,2590
2011-12,2011-12,True,,Q3 (Jan-Mar),09 MAR,485 Temporary Graduate,Primary,Male,Skilled Graduate,Skilled Graduate,2899
2011-12,2011-12,True,,Q3 (Jan-Mar),09 MAR,485 Temporary Graduate,Secondary,Female,Skilled Graduate,Skilled Graduate,804
2011-12,2011-12,True,,Q3 (Jan-Mar),09 MAR,485 Temporary Graduate,Secondary,Male,Skilled Graduate,Skilled Graduate,752
2011-12,2011-12,True,,Q4 (Apr-Jun),10 APR,485 Temporary Graduate,Primary,Female,Skilled Graduate,Skilled Graduate,434
2011-12,2011-12,True,,Q4 (Apr-Jun),10 APR,485 Temporary Graduate,Primary,Male,Skilled Graduate,Skilled Graduate,543
2011-12,2011-12,True,,Q4 (Apr-Jun),10 APR,485 Temporary Graduate,Secondary,Female,Skilled Graduate,Skilled Graduate,350
2011-12,2011-12,True,,Q4 (Apr-Jun),10 APR,485 Temporary Graduate,Secondary,Male,Skilled Graduate,Skilled Graduate,265
2011-12,2011-12,True,,Q4 (Apr-Jun),11 MAY,485 Temporary Graduate,Primary,Female,Skilled Graduate,Skilled Graduate,487
2011-12,2011-12,True,,Q4 (Apr-Jun),11 MAY,485 Temporary Graduate,Primary,Male,Skilled Graduate,Skilled Graduate,585
2011-12,2011-12,True,,Q4 (Apr-Jun),11 MAY,485 Temporary Graduate,Secondary,Female,Skilled Graduate,Skilled Graduate,404
2011-12,2011-12,True,,Q4 (Apr-Jun),11 MAY,485 Temporary Graduate,Secondary,Male,Skilled Graduate,Skilled Graduate,267
2011-12,2011-12,True,,Q4 (Apr-Jun),12 JUN,485 Temporary Graduate,Primary,Female,Skilled Graduate,Skilled Graduate,402
2011-12,2011-12,True,,Q4 (Apr-Jun),12 JUN,485 Temporary Graduate,Primary,Male,Skilled Graduate,Skilled Graduate,551
2011-12,2011-12,True,,Q4 (Apr-Jun),12 JUN,485 Temporary Graduate,Secondary,Female,Skilled Graduate,Skilled Graduate,374
2011-12,2011-12,True,,Q4 (Apr-Jun),12 JUN,485 Temporary Graduate,Secondary,Male,Skilled Graduate,Skilled Graduate,256
2012-13,2012-13,True,,Q1 (Jul-Sep),01 JUL,485 Temporary Graduate,Primary,Female,Skilled Graduate,Skilled Graduate,486
2012-13,2012-13,True,,Q1 (Jul-Sep),01 JUL,485 Temporary Graduate,Primary,Male,Skilled Graduate,Skilled Graduate,573
2012-13,2012-13,True,,Q1 (Jul-Sep),01 JUL,485 Temporary Graduate,Secondary,Female,Skilled Graduate,Skilled Graduate,330
2012-13,2012-13,True,,Q1 (Jul-Sep),01 JUL,485 Temporary Graduate,Secondary,Male,Skilled Graduate,Skilled Graduate,229
2012-13,2012-13,True,,Q1 (Jul-Sep),02 AUG,485 Temporary Graduate,Primary,Female,Skilled Graduate,Skilled Graduate,1882
2012-13,2012-13,True,,Q1 (Jul-Sep),02 AUG,485 Temporary Graduate,Primary,Male,Skilled Graduate,Skilled Graduate,2045
2012-13,2012-13,True,,Q1 (Jul-Sep),02 AUG,485 Temporary Graduate,Primary,Not Specified,Skilled Graduate,Skilled Graduate,1
2012-13,2012-13,True,,Q1 (Jul-Sep),02 AUG,485 Temporary Graduate,Secondary,Female,Skilled Graduate,Skilled Graduate,598
2012-13,2012-13,True,,Q1 (Jul-Sep),02 AUG,485 Temporary Graduate,Secondary,Male,Skilled Graduate,Skilled Graduate,518
2012-13,2012-13,True,,Q1 (Jul-Sep),03 SEP,485 Temporary Graduate,Primary,Female,Skilled Graduate,Skilled Graduate,793
2012-13,2012-13,True,,Q1 (Jul-Sep),03 SEP,485 Temporary Graduate,Primary,Male,Skilled Graduate,Skilled Graduate,1027
2012-13,2012-13,True,,Q1 (Jul-Sep),03 SEP,485 Temporary Graduate,Secondary,Female,Skilled Graduate,Skilled Graduate,415
2012-13,2012-13,True,,Q1 (Jul-Sep),03 SEP,485 Temporary Graduate,Secondary,Male,Skilled Graduate,Skilled Graduate,332
2012-13,2012-13,True,,Q2 (Oct-Dec),04 OCT,485 Temporary Graduate,Primary,Female,Skilled Graduate,Skilled Graduate,248
2012-13,2012-13,True,,Q2 (Oct-Dec),04 OCT,485 Temporary Graduate,Primary,Male,Skilled Graduate,Skilled Graduate,368
2012-13,2012-13,True,,Q2 (Oct-Dec),04 OCT,485 Temporary Graduate,Secondary,Female,Skilled Graduate,Skilled Graduate,300
2012-13,2012-13,True,,Q2 (Oct-Dec),04 OCT,485 Temporary Graduate,Secondary,Male,Skilled Graduate,Skilled Graduate,192
2012-13,2012-13,True,,Q2 (Oct-Dec),04 OCT,485 Temporary Graduate,Secondary,Not Specified,Skilled Graduate,Skilled Graduate,1
2012-13,2012-13,True,,Q2 (Oct-Dec),05 NOV,485 Temporary Graduate,Primary,Female,Skilled Graduate,Skilled Graduate,332
2012-13,2012-13,True,,Q2 (Oct-Dec),05 NOV,485 Temporary Graduate,Primary,Male,Skilled Graduate,Skilled Graduate,453
2012-13,2012-13,True,,Q2 (Oct-Dec),05 NOV,485 Temporary Graduate,Secondary,Female,Skilled Graduate,Skilled Graduate,240
2012-13,2012-13,True,,Q2 (Oct-Dec),05 NOV,485 Temporary Graduate,Secondary,Male,Skilled Graduate,Skilled Graduate,198
2012-13,2012-13,True,,Q2 (Oct-Dec),06 DEC,485 Temporary Graduate,Primary,Female,Skilled Graduate,Skilled Graduate,2432
2012-13,2012-13,True,,Q2 (Oct-Dec),06 DEC,485 Temporary Graduate,Primary,Male,Skilled Graduate,Skilled Graduate,2206
2012-13,2012-13,True,,Q2 (Oct-Dec),06 DEC,485 Temporary Graduate,Secondary,Female,Skilled Graduate,Skilled Graduate,674
2012-13,2012-13,True,,Q2 (Oct-Dec),06 DEC,485 Temporary Graduate,Secondary,Male,Skilled Graduate,Skilled Graduate,656
2012-13,2012-13,True,,Q2 (Oct-Dec),06 DEC,485 Temporary Graduate,Secondary,Not Specified,Skilled Graduate,Skilled Graduate,1
2012-13,2012-13,True,,Q3 (Jan-Mar),07 JAN,485 Temporary Graduate,Primary,Female,Skilled Graduate,Skilled Graduate,278
2012-13,2012-13,True,,Q3 (Jan-Mar),07 JAN,485 Temporary Graduate,Primary,Male,Skilled Graduate,Skilled Graduate,293
2012-13,2012-13,True,,Q3 (Jan-Mar),07 JAN,485 Temporary Graduate,Primary,Not Specified,Skilled Graduate,Skilled Graduate,1
2012-13,2012-13,True,,Q3 (Jan-Mar),07 JAN,485 Temporary Graduate,Secondary,Female,Skilled Graduate,Skilled Graduate,177
2012-13,2012-13,True,,Q3 (Jan-Mar),07 JAN,485 Temporary Graduate,Secondary,Male,Skilled Graduate,Skilled Graduate,110
2012-13,2012-13,True,,Q3 (Jan-Mar),08 FEB,485 Temporary Graduate,Primary,Female,Skilled Graduate,Skilled Graduate,597
2012-13,2012-13,True,,Q3 (Jan-Mar),08 FEB,485 Temporary Graduate,Primary,Male,Skilled Graduate,Skilled Graduate,543
2012-13,2012-13,True,,Q3 (Jan-Mar),08 FEB,485 Temporary Graduate,Secondary,Female,Skilled Graduate,Skilled Graduate,228
2012-13,2012-13,True,,Q3 (Jan-Mar),08 FEB,485 Temporary Graduate,Secondary,Male,Skilled Graduate,Skilled Graduate,185
2012-13,2012-13,True,,Q3 (Jan-Mar),09 MAR,485 Temporary Graduate,Primary,Female,Post-Vocational Education Work,Post-Vocational Education Work,44
2012-13,2012-13,True,,Q3 (Jan-Mar),09 MAR,485 Temporary Graduate,Primary,Female,Skilled Graduate,Skilled Graduate,992
2012-13,2012-13,True,,Q3 (Jan-Mar),09 MAR,485 Temporary Graduate,Primary,Male,Skilled Graduate,Skilled Graduate,1212
2012-13,2012-13,True,,Q3 (Jan-Mar),09 MAR,485 Temporary Graduate,Primary,Male,Post-Vocational Education Work,Post-Vocational Education Work,63
2012-13,2012-13,True,,Q3 (Jan-Mar),09 MAR,485 Temporary Graduate,Secondary,Female,Skilled Graduate,Skilled Graduate,327
2012-13,2012-13,True,,Q3 (Jan-Mar),09 MAR,485 Temporary Graduate,Secondary,Female,Post-Vocational Education Work,Post-Vocational Education Work,29
2012-13,2012-13,True,,Q3 (Jan-Mar),09 MAR,485 Temporary Graduate,Secondary,Male,Skilled Graduate,Skilled Graduate,277
2012-13,2012-13,True,,Q3 (Jan-Mar),09 MAR,485 Temporary Graduate,Secondary,Male,Post-Vocational Education Work,Post-Vocational Education Work,13
2012-13,2012-13,True,,Q4 (Apr-Jun),10 APR,485 Temporary Graduate,Primary,Female,Post-Vocational Education Work,Post-Vocational Education Work,189
2012-13,2012-13,True,,Q4 (Apr-Jun),10 APR,485 Temporary Graduate,Primary,Female,Post-Higher Education Work,Post-Higher Education Work,1
2012-13,2012-13,True,,Q4 (Apr-Jun),10 APR,485 Temporary Graduate,Primary,Male,Post-Vocational Education Work,Post-Vocational Education Work,243
2012-13,2012-13,True,,Q4 (Apr-Jun),10 APR,485 Temporary Graduate,Secondary,Female,Post-Vocational Education Work,Post-Vocational Education Work,169
2012-13,2012-13,True,,Q4 (Apr-Jun),10 APR,485 Temporary Graduate,Secondary,Male,Post-Vocational Education Work,Post-Vocational Education Work,112
2012-13,2012-13,True,,Q4 (Apr-Jun),11 MAY,485 Temporary Graduate,Primary,Female,Post-Vocational Education Work,Post-Vocational Education Work,189
2012-13,2012-13,True,,Q4 (Apr-Jun),11 MAY,485 Temporary Graduate,Primary,Male,Post-Vocational Education Work,Post-Vocational Education Work,250
2012-13,2012-13,True,,Q4 (Apr-Jun),11 MAY,485 Temporary Graduate,Secondary,Female,Post-Vocational Education Work,Post-Vocational Education Work,174
2012-13,2012-13,True,,Q4 (Apr-Jun),11 MAY,485 Temporary Graduate,Secondary,Male,Post-Vocational Education Work,Post-Vocational Education Work,112
2012-13,2012-13,True,,Q4 (Apr-Jun),12 JUN,485 Temporary Graduate,Primary,Female,Post-Vocational Education Work,Post-Vocational Education Work,140
2012-13,2012-13,True,,Q4 (Apr-Jun),12 JUN,485 Temporary Graduate,Primary,Male,Post-Vocational Education Work,Post-Vocational Education Work,173
2012-13,2012-13,True,,Q4 (Apr-Jun),12 JUN,485 Temporary Graduate,Secondary,Female,Post-Vocational Education Work,Post-Vocational Education Work,153
2012-13,2012-13,True,,Q4 (Apr-Jun),12 JUN,485 Temporary Graduate,Secondary,Male,Post-Vocational Education Work,Post-Vocational Education Work,101
2013-14,2013-14,True,,Q1 (Jul-Sep),01 JUL,485 Temporary Graduate,Primary,Female,Post-Vocational Education Work,Post-Vocational Education Work,304
2013-14,2013-14,True,,Q1 (Jul-Sep),01 JUL,485 Temporary Graduate,Primary,Female,Post-Higher Education Work,Post-Higher Education Work,4
2013-14,2013-14,True,,Q1 (Jul-Sep),01 JUL,485 Temporary Graduate,Primary,Male,Post-Vocational Education Work,Post-Vocational Education Work,299
2013-14,2013-14,True,,Q1 (Jul-Sep),01 JUL,485 Temporary Graduate,Primary,Male,Post-Higher Education Work,Post-Higher Education Work,2
2013-14,2013-14,True,,Q1 (Jul-Sep),01 JUL,485 Temporary Graduate,Secondary,Female,Post-Vocational Education Work,Post-Vocational Education Work,157
2013-14,2013-14,True,,Q1 (Jul-Sep),01 JUL,485 Temporary Graduate,Secondary,Female,Post-Higher Education Work,Post-Higher Education Work,1
2013-14,2013-14,True,,Q1 (Jul-Sep),01 JUL,485 Temporary Graduate,Secondary,Male,Post-Vocational Education Work,Post-Vocational Education Work,105
2013-14,2013-14,True,,Q1 (Jul-Sep),02 AUG,485 Temporary Graduate,Primary,Female,Post-Vocational Education Work,Post-Vocational Education Work,1401
2013-14,2013-14,True,,Q1 (Jul-Sep),02 AUG,485 Temporary Graduate,Primary,Female,Post-Higher Education Work,Post-Higher Education Work,4
2013-14,2013-14,True,,Q1 (Jul-Sep),02 AUG,485 Temporary Graduate,Primary,Male,Post-Vocational Education Work,Post-Vocational Education Work,1581
2013-14,2013-14,True,,Q1 (Jul-Sep),02 AUG,485 Temporary Graduate,Primary,Male,Post-Higher Education Work,Post-Higher Education Work,5
2013-14,2013-14,True,,Q1 (Jul-Sep),02 AUG,485 Temporary Graduate,Primary,Not Specified,Post-Vocational Education Work,Post-Vocational Education Work,1
2013-14,2013-14,True,,Q1 (Jul-Sep),02 AUG,485 Temporary Graduate,Secondary,Female,Post-Vocational Education Work,Post-Vocational Education Work,383
2013-14,2013-14,True,,Q1 (Jul-Sep),02 AUG,485 Temporary Graduate,Secondary,Female,Post-Higher Education Work,Post-Higher Education Work,1
2013-14,2013-14,True,,Q1 (Jul-Sep),02 AUG,485 Temporary Graduate,Secondary,Male,Post-Vocational Education Work,Post-Vocational Education Work,400
2013-14,2013-14,True,,Q1 (Jul-Sep),02 AUG,485 Temporary Graduate,Secondary,Male,Post-Higher Education Work,Post-Higher Education Work,1
2013-14,2013-14,True,,Q1 (Jul-Sep),03 SEP,485 Temporary Graduate,Primary,Female,Post-Vocational Education Work,Post-Vocational Education Work,390
2013-14,2013-14,True,,Q1 (Jul-Sep),03 SEP,485 Temporary Graduate,Primary,Female,Post-Higher Education Work,Post-Higher Education Work,2
2013-14,2013-14,True,,Q1 (Jul-Sep),03 SEP,485 Temporary Graduate,Primary,Male,Post-Higher Education Work,Post-Higher Education Work,2
2013-14,2013-14,True,,Q1 (Jul-Sep),03 SEP,485 Temporary Graduate,Primary,Male,Post-Vocational Education Work,Post-Vocational Education Work,561
2013-14,2013-14,True,,Q1 (Jul-Sep),03 SEP,485 Temporary Graduate,Secondary,Female,Post-Higher Education Work,Post-Higher Education Work,1
2013-14,2013-14,True,,Q1 (Jul-Sep),03 SEP,485 Temporary Graduate,Secondary,Female,Post-Vocational Education Work,Post-Vocational Education Work,181
2013-14,2013-14,True,,Q1 (Jul-Sep),03 SEP,485 Temporary Graduate,Secondary,Male,Post-Vocational Education Work,Post-Vocational Education Work,188
2013-14,2013-14,True,,Q2 (Oct-Dec),04 OCT,485 Temporary Graduate,Primary,Female,Post-Vocational Education Work,Post-Vocational Education Work,134
2013-14,2013-14,True,,Q2 (Oct-Dec),04 OCT,485 Temporary Graduate,Primary,Female,Post-Higher Education Work,Post-Higher Education Work,3
2013-14,2013-14,True,,Q2 (Oct-Dec),04 OCT,485 Temporary Graduate,Primary,Male,Post-Vocational Education Work,Post-Vocational Education Work,174
2013-14,2013-14,True,,Q2 (Oct-Dec),04 OCT,485 Temporary Graduate,Primary,Male,Post-Higher Education Work,Post-Higher Education Work,1
2013-14,2013-14,True,,Q2 (Oct-Dec),04 OCT,485 Temporary Graduate,Secondary,Female,Post-Vocational Education Work,Post-Vocational Education Work,106
2013-14,2013-14,True,,Q2 (Oct-Dec),04 OCT,485 Temporary Graduate,Secondary,Female,Post-Higher Education Work,Post-Higher Education Work,1
2013-14,2013-14,True,,Q2 (Oct-Dec),04 OCT,485 Temporary Graduate,Secondary,Male,Post-Vocational Education Work,Post-Vocational Education Work,67
2013-14,2013-14,True,,Q2 (Oct-Dec),04 OCT,485 Temporary Graduate,Secondary,Male,Post-Higher Education Work,Post-Higher Education Work,1
2013-14,2013-14,True,,Q2 (Oct-Dec),05 NOV,485 Temporary Graduate,Primary,Female,Post-Vocational Education Work,Post-Vocational Education Work,174
2013-14,2013-14,True,,Q2 (Oct-Dec),05 NOV,485 Temporary Graduate,Primary,Female,Post-Higher Education Work,Post-Higher Education Work,11
2013-14,2013-14,True,,Q2 (Oct-Dec),05 NOV,485 Temporary Graduate,Primary,Male,Post-Vocational Education Work,Post-Vocational Education Work,207
2013-14,2013-14,True,,Q2 (Oct-Dec),05 NOV,485 Temporary Graduate,Primary,Male,Post-Higher Education Work,Post-Higher Education Work,17
2013-14,2013-14,True,,Q2 (Oct-Dec),05 NOV,485 Temporary Graduate,Secondary,Female,Post-Vocational Education Work,Post-Vocational Education Work,146
2013-14,2013-14,True,,Q2 (Oct-Dec),05 NOV,485 Temporary Graduate,Secondary,Female,Post-Higher Education Work,Post-Higher Education Work,4
2013-14,2013-14,True,,Q2 (Oct-Dec),05 NOV,485 Temporary Graduate,Secondary,Male,Post-Vocational Education Work,Post-Vocational Education Work,117
2013-14,2013-14,True,,Q2 (Oct-Dec),05 NOV,485 Temporary Graduate,Secondary,Male,Post-Higher Education Work,Post-Higher Education Work,2
2013-14,2013-14,True,,Q2 (Oct-Dec),06 DEC,485 Temporary Graduate,Primary,Female,Post-Vocational Education Work,Post-Vocational Education Work,300
2013-14,2013-14,True,,Q2 (Oct-Dec),06 DEC,485 Temporary Graduate,Primary,Female,Post-Higher Education Work,Post-Higher Education Work,45
2013-14,2013-14,True,,Q2 (Oct-Dec),06 DEC,485 Temporary Graduate,Primary,Male,Post-Vocational Education Work,Post-Vocational Education Work,364
2013-14,2013-14,True,,Q2 (Oct-Dec),06 DEC,485 Temporary Graduate,Primary,Male,Post-Higher Education Work,Post-Higher Education Work,48
2013-14,2013-14,True,,Q2 (Oct-Dec),06 DEC,485 Temporary Graduate,Secondary,Female,Post-Vocational Education Work,Post-Vocational Education Work,166
2013-14,2013-14,True,,Q2 (Oct-Dec),06 DEC,485 Temporary Graduate,Secondary,Female,Post-Higher Education Work,Post-Higher Education Work,5
2013-14,2013-14,True,,Q2 (Oct-Dec),06 DEC,485 Temporary Graduate,Secondary,Male,Post-Vocational Education Work,Post-Vocational Education Work,145
2013-14,2013-14,True,,Q2 (Oct-Dec),06 DEC,485 Temporary Graduate,Secondary,Male,Post-Higher Education Work,Post-Higher Education Work,6
2013-14,2013-14,True,,Q3 (Jan-Mar),07 JAN,485 Temporary Graduate,Primary,Female,Post-Higher Education Work,Post-Higher Education Work,63
2013-14,2013-14,True,,Q3 (Jan-Mar),07 JAN,485 Temporary Graduate,Primary,Female,Post-Vocational Education Work,Post-Vocational Education Work,487
2013-14,2013-14,True,,Q3 (Jan-Mar),07 JAN,485 Temporary Graduate,Primary,Male,Post-Vocational Education Work,Post-Vocational Education Work,471
2013-14,2013-14,True,,Q3 (Jan-Mar),07 JAN,485 Temporary Graduate,Primary,Male,Post-Higher Education Work,Post-Higher Education Work,85
2013-14,2013-14,True,,Q3 (Jan-Mar),07 JAN,485 Temporary Graduate,Secondary,Female,Post-Vocational Education Work,Post-Vocational Education Work,144
2013-14,2013-14,True,,Q3 (Jan-Mar),07 JAN,485 Temporary Graduate,Secondary,Female,Post-Higher Education Work,Post-Higher Education Work,14
2013-14,2013-14,True,,Q3 (Jan-Mar),07 JAN,485 Temporary Graduate,Secondary,Male,Post-Higher Education Work,Post-Higher Education Work,15
2013-14,2013-14,True,,Q3 (Jan-Mar),07 JAN,485 Temporary Graduate,Secondary,Male,Post-Vocational Education Work,Post-Vocational Education Work,177
2013-14,2013-14,True,,Q3 (Jan-Mar),08 FEB,485 Temporary Graduate,Primary,Female,Post-Higher Education Work,Post-Higher Education Work,150
2013-14,2013-14,True,,Q3 (Jan-Mar),08 FEB,485 Temporary Graduate,Primary,Female,Post-Vocational Education Work,Post-Vocational Education Work,876
2013-14,2013-14,True,,Q3 (Jan-Mar),08 FEB,485 Temporary Graduate,Primary,Male,Post-Vocational Education Work,Post-Vocational Education Work,825
2013-14,2013-14,True,,Q3 (Jan-Mar),08 FEB,485 Temporary Graduate,Primary,Male,Post-Higher Education Work,Post-Higher Education Work,173
2013-14,2013-14,True,,Q3 (Jan-Mar),08 FEB,485 Temporary Graduate,Secondary,Female,Post-Higher Education Work,Post-Higher Education Work,22
2013-14,2013-14,True,,Q3 (Jan-Mar),08 FEB,485 Temporary Graduate,Secondary,Female,Post-Vocational Education Work,Post-Vocational Education Work,236
2013-14,2013-14,True,,Q3 (Jan-Mar),08 FEB,485 Temporary Graduate,Secondary,Male,Post-Higher Education Work,Post-Higher Education Work,38
2013-14,2013-14,True,,Q3 (Jan-Mar),08 FEB,485 Temporary Graduate,Secondary,Male,Post-Vocational Education Work,Post-Vocational Education Work,223
2013-14,2013-14,True,,Q3 (Jan-Mar),09 MAR,485 Temporary Graduate,Primary,Female,Post-Vocational Education Work,Post-Vocational Education Work,1440
2013-14,2013-14,True,,Q3 (Jan-Mar),09 MAR,485 Temporary Graduate,Primary,Female,Post-Higher Education Work,Post-Higher Education Work,137
2013-14,2013-14,True,,Q3 (Jan-Mar),09 MAR,485 Temporary Graduate,Primary,Male,Post-Higher Education Work,Post-Higher Education Work,224
2013-14,2013-14,True,,Q3 (Jan-Mar),09 MAR,485 Temporary Graduate,Primary,Male,Post-Vocational Education Work,Post-Vocational Education Work,1558
2013-14,2013-14,True,,Q3 (Jan-Mar),09 MAR,485 Temporary Graduate,Secondary,Female,Post-Vocational Education Work,Post-Vocational Education Work,395
2013-14,2013-14,True,,Q3 (Jan-Mar),09 MAR,485 Temporary Graduate,Secondary,Female,Post-Higher Education Work,Post-Higher Education Work,25
2013-14,2013-14,True,,Q3 (Jan-Mar),09 MAR,485 Temporary Graduate,Secondary,Male,Post-Vocational Education Work,Post-Vocational Education Work,411
2013-14,2013-14,True,,Q3 (Jan-Mar),09 MAR,485 Temporary Graduate,Secondary,Male,Post-Higher Education Work,Post-Higher Education Work,42
2013-14,2013-14,True,,Q4 (Apr-Jun),10 APR,485 Temporary Graduate,Primary,Female,Post-Higher Education Work,Post-Higher Education Work,25
2013-14,2013-14,True,,Q4 (Apr-Jun),10 APR,485 Temporary Graduate,Primary,Female,Post-Vocational Education Work,Post-Vocational Education Work,196
2013-14,2013-14,True,,Q4 (Apr-Jun),10 APR,485 Temporary Graduate,Primary,Male,Post-Vocational Education Work,Post-Vocational Education Work,255
2013-14,2013-14,True,,Q4 (Apr-Jun),10 APR,485 Temporary Graduate,Primary,Male,Post-Higher Education Work,Post-Higher Education Work,56
2013-14,2013-14,True,,Q4 (Apr-Jun),10 APR,485 Temporary Graduate,Secondary,Female,Post-Vocational Education Work,Post-Vocational Education Work,125
2013-14,2013-14,True,,Q4 (Apr-Jun),10 APR,485 Temporary Graduate,Secondary,Female,Post-Higher Education Work,Post-Higher Education Work,11
2013-14,2013-14,True,,Q4 (Apr-Jun),10 APR,485 Temporary Graduate,Secondary,Male,Post-Higher Education Work,Post-Higher Education Work,14
2013-14,2013-14,True,,Q4 (Apr-Jun),10 APR,485 Temporary Graduate,Secondary,Male,Post-Vocational Education Work,Post-Vocational Education Work,99
2013-14,2013-14,True,,Q4 (Apr-Jun),11 MAY,485 Temporary Graduate,Primary,Female,Post-Vocational Education Work,Post-Vocational Education Work,233
2013-14,2013-14,True,,Q4 (Apr-Jun),11 MAY,485 Temporary Graduate,Primary,Female,Post-Higher Education Work,Post-Higher Education Work,20
2013-14,2013-14,True,,Q4 (Apr-Jun),11 MAY,485 Temporary Graduate,Primary,Male,Post-Vocational Education Work,Post-Vocational Education Work,267
2013-14,2013-14,True,,Q4 (Apr-Jun),11 MAY,485 Temporary Graduate,Primary,Male,Post-Higher Education Work,Post-Higher Education Work,26
2013-14,2013-14,True,,Q4 (Apr-Jun),11 MAY,485 Temporary Graduate,Secondary,Female,Post-Vocational Education Work,Post-Vocational Education Work,133
2013-14,2013-14,True,,Q4 (Apr-Jun),11 MAY,485 Temporary Graduate,Secondary,Female,Post-Higher Education Work,Post-Higher Education Work,7
2013-14,2013-14,True,,Q4 (Apr-Jun),11 MAY,485 Temporary Graduate,Secondary,Male,Post-Vocational Education Work,Post-Vocational Education Work,98
2013-14,2013-14,True,,Q4 (Apr-Jun),11 MAY,485 Temporary Graduate,Secondary,Male,Post-Higher Education Work,Post-Higher Education Work,7
2013-14,2013-14,True,,Q4 (Apr-Jun),12 JUN,485 Temporary Graduate,Primary,Female,Post-Vocational Education Work,Post-Vocational Education Work,155
2013-14,2013-14,True,,Q4 (Apr-Jun),12 JUN,485 Temporary Graduate,Primary,Female,Post-Higher Education Work,Post-Higher Education Work,25
2013-14,2013-14,True,,Q4 (Apr-Jun),12 JUN,485 Temporary Graduate,Primary,Male,Post-Vocational Education Work,Post-Vocational Education Work,207
2013-14,2013-14,True,,Q4 (Apr-Jun),12 JUN,485 Temporary Graduate,Primary,Male,Post-Higher Education Work,Post-Higher Education Work,24
2013-14,2013-14,True,,Q4 (Apr-Jun),12 JUN,485 Temporary Graduate,Secondary,Female,Post-Vocational Education Work,Post-Vocational Education Work,119
2013-14,2013-14,True,,Q4 (Apr-Jun),12 JUN,485 Temporary Graduate,Secondary,Female,Post-Higher Education Work,Post-Higher Education Work,3
2013-14,2013-14,True,,Q4 (Apr-Jun),12 JUN,485 Temporary Graduate,Secondary,Male,Post-Vocational Education Work,Post-Vocational Education Work,74
2013-14,2013-14,True,,Q4 (Apr-Jun),12 JUN,485 Temporary Graduate,Secondary,Male,Post-Higher Education Work,Post-Higher Education Work,2
2014-15,2014-15,True,,Q1 (Jul-Sep),01 JUL,485 Temporary Graduate,Primary,Female,Post-Higher Education Work,Post-Higher Education Work,187
2014-15,2014-15,True,,Q1 (Jul-Sep),01 JUL,485 Temporary Graduate,Primary,Female,Post-Vocational Education Work,Post-Vocational Education Work,292
2014-15,2014-15,True,,Q1 (Jul-Sep),01 JUL,485 Temporary Graduate,Primary,Male,Post-Higher Education Work,Post-Higher Education Work,200
2014-15,2014-15,True,,Q1 (Jul-Sep),01 JUL,485 Temporary Graduate,Primary,Male,Post-Vocational Education Work,Post-Vocational Education Work,304
2014-15,2014-15,True,,Q1 (Jul-Sep),01 JUL,485 Temporary Graduate,Secondary,Female,Post-Higher Education Work,Post-Higher Education Work,35
2014-15,2014-15,True,,Q1 (Jul-Sep),01 JUL,485 Temporary Graduate,Secondary,Female,Post-Vocational Education Work,Post-Vocational Education Work,131
2014-15,2014-15,True,,Q1 (Jul-Sep),01 JUL,485 Temporary Graduate,Secondary,Male,Post-Higher Education Work,Post-Higher Education Work,42
2014-15,2014-15,True,,Q1 (Jul-Sep),01 JUL,485 Temporary Graduate,Secondary,Male,Post-Vocational Education Work,Post-Vocational Education Work,104
2014-15,2014-15,True,,Q1 (Jul-Sep),02 AUG,485 Temporary Graduate,Primary,Female,Post-Higher Education Work,Post-Higher Education Work,559
2014-15,2014-15,True,,Q1 (Jul-Sep),02 AUG,485 Temporary Graduate,Primary,Female,Post-Vocational Education Work,Post-Vocational Education Work,1038
2014-15,2014-15,True,,Q1 (Jul-Sep),02 AUG,485 Temporary Graduate,Primary,Male,Post-Vocational Education Work,Post-Vocational Education Work,1221
2014-15,2014-15,True,,Q1 (Jul-Sep),02 AUG,485 Temporary Graduate,Primary,Male,Post-Higher Education Work,Post-Higher Education Work,815
2014-15,2014-15,True,,Q1 (Jul-Sep),02 AUG,485 Temporary Graduate,Secondary,Female,Post-Higher Education Work,Post-Higher Education Work,122
2014-15,2014-15,True,,Q1 (Jul-Sep),02 AUG,485 Temporary Graduate,Secondary,Female,Post-Vocational Education Work,Post-Vocational Education Work,318
2014-15,2014-15,True,,Q1 (Jul-Sep),02 AUG,485 Temporary Graduate,Secondary,Male,Post-Higher Education Work,Post-Higher Education Work,124
2014-15,2014-15,True,,Q1 (Jul-Sep),02 AUG,485 Temporary Graduate,Secondary,Male,Post-Vocational Education Work,Post-Vocational Education Work,264
2014-15,2014-15,True,,Q1 (Jul-Sep),03 SEP,485 Temporary Graduate,Primary,Female,Post-Higher Education Work,Post-Higher Education Work,170
2014-15,2014-15,True,,Q1 (Jul-Sep),03 SEP,485 Temporary Graduate,Primary,Female,Post-Vocational Education Work,Post-Vocational Education Work,374
2014-15,2014-15,True,,Q1 (Jul-Sep),03 SEP,485 Temporary Graduate,Primary,Male,Post-Higher Education Work,Post-Higher Education Work,194
2014-15,2014-15,True,,Q1 (Jul-Sep),03 SEP,485 Temporary Graduate,Primary,Male,Post-Vocational Education Work,Post-Vocational Education Work,542
2014-15,2014-15,True,,Q1 (Jul-Sep),03 SEP,485 Temporary Graduate,Secondary,Female,Post-Higher Education Work,Post-Higher Education Work,41
2014-15,2014-15,True,,Q1 (Jul-Sep),03 SEP,485 Temporary Graduate,Secondary,Female,Post-Vocational Education Work,Post-Vocational Education Work,200
2014-15,2014-15,True,,Q1 (Jul-Sep),03 SEP,485 Temporary Graduate,Secondary,Male,Post-Higher Education Work,Post-Higher Education Work,43
2014-15,2014-15,True,,Q1 (Jul-Sep),03 SEP,485 Temporary Graduate,Secondary,Male,Post-Vocational Education Work,Post-Vocational Education Work,149
2014-15,2014-15,True,,Q2 (Oct-Dec),04 OCT,485 Temporary Graduate,Primary,Female,Post-Higher Education Work,Post-Higher Education Work,54
2014-15,2014-15,True,,Q2 (Oct-Dec),04 OCT,485 Temporary Graduate,Primary,Female,Post-Vocational Education Work,Post-Vocational Education Work,142
2014-15,2014-15,True,,Q2 (Oct-Dec),04 OCT,485 Temporary Graduate,Primary,Male,Post-Higher Education Work,Post-Higher Education Work,49
2014-15,2014-15,True,,Q2 (Oct-Dec),04 OCT,485 Temporary Graduate,Primary,Male,Post-Vocational Education Work,Post-Vocational Education Work,178
2014-15,2014-15,True,,Q2 (Oct-Dec),04 OCT,485 Temporary Graduate,Secondary,Female,Post-Vocational Education Work,Post-Vocational Education Work,104
2014-15,2014-15,True,,Q2 (Oct-Dec),04 OCT,485 Temporary Graduate,Secondary,Female,Post-Higher Education Work,Post-Higher Education Work,11
2014-15,2014-15,True,,Q2 (Oct-Dec),04 OCT,485 Temporary Graduate,Secondary,Male,Post-Higher Education Work,Post-Higher Education Work,16
2014-15,2014-15,True,,Q2 (Oct-Dec),04 OCT,485 Temporary Graduate,Secondary,Male,Post-Vocational Education Work,Post-Vocational Education Work,56
2014-15,2014-15,True,,Q2 (Oct-Dec),05 NOV,485 Temporary Graduate,Primary,Female,Post-Higher Education Work,Post-Higher Education Work,77
2014-15,2014-15,True,,Q2 (Oct-Dec),05 NOV,485 Temporary Graduate,Primary,Female,Post-Vocational Education Work,Post-Vocational Education Work,149
2014-15,2014-15,True,,Q2 (Oct-Dec),05 NOV,485 Temporary Graduate,Primary,Male,Post-Higher Education Work,Post-Higher Education Work,110
2014-15,2014-15,True,,Q2 (Oct-Dec),05 NOV,485 Temporary Graduate,Primary,Male,Post-Vocational Education Work,Post-Vocational Education Work,212
2014-15,2014-15,True,,Q2 (Oct-Dec),05 NOV,485 Temporary Graduate,Secondary,Female,Post-Vocational Education Work,Post-Vocational Education Work,127
2014-15,2014-15,True,,Q2 (Oct-Dec),05 NOV,485 Temporary Graduate,Secondary,Female,Post-Higher Education Work,Post-Higher Education Work,29
2014-15,2014-15,True,,Q2 (Oct-Dec),05 NOV,485 Temporary Graduate,Secondary,Male,Post-Vocational Education Work,Post-Vocational Education Work,63
2014-15,2014-15,True,,Q2 (Oct-Dec),05 NOV,485 Temporary Graduate,Secondary,Male,Post-Higher Education Work,Post-Higher Education Work,32
2014-15,2014-15,True,,Q2 (Oct-Dec),06 DEC,485 Temporary Graduate,Primary,Female,Post-Higher Education Work,Post-Higher Education Work,237
2014-15,2014-15,True,,Q2 (Oct-Dec),06 DEC,485 Temporary Graduate,Primary,Female,Post-Vocational Education Work,Post-Vocational Education Work,244
2014-15,2014-15,True,,Q2 (Oct-Dec),06 DEC,485 Temporary Graduate,Primary,Male,Post-Higher Education Work,Post-Higher Education Work,300
2014-15,2014-15,True,,Q2 (Oct-Dec),06 DEC,485 Temporary Graduate,Primary,Male,Post-Vocational Education Work,Post-Vocational Education Work,340
2014-15,2014-15,True,,Q2 (Oct-Dec),06 DEC,485 Temporary Graduate,Secondary,Female,Post-Vocational Education Work,Post-Vocational Education Work,132
2014-15,2014-15,True,,Q2 (Oct-Dec),06 DEC,485 Temporary Graduate,Secondary,Female,Post-Higher Education Work,Post-Higher Education Work,43
2014-15,2014-15,True,,Q2 (Oct-Dec),06 DEC,485 Temporary Graduate,Secondary,Male,Post-Higher Education Work,Post-Higher Education Work,57
2014-15,2014-15,True,,Q2 (Oct-Dec),06 DEC,485 Temporary Graduate,Secondary,Male,Post-Vocational Education Work,Post-Vocational Education Work,107
2014-15,2014-15,True,,Q3 (Jan-Mar),07 JAN,485 Temporary Graduate,Primary,Female,Post-Vocational Education Work,Post-Vocational Education Work,389
2014-15,2014-15,True,,Q3 (Jan-Mar),07 JAN,485 Temporary Graduate,Primary,Female,Post-Higher Education Work,Post-Higher Education Work,400
2014-15,2014-15,True,,Q3 (Jan-Mar),07 JAN,485 Temporary Graduate,Primary,Male,Post-Higher Education Work,Post-Higher Education Work,411
2014-15,2014-15,True,,Q3 (Jan-Mar),07 JAN,485 Temporary Graduate,Primary,Male,Post-Vocational Education Work,Post-Vocational Education Work,420
2014-15,2014-15,True,,Q3 (Jan-Mar),07 JAN,485 Temporary Graduate,Secondary,Female,Post-Vocational Education Work,Post-Vocational Education Work,140
2014-15,2014-15,True,,Q3 (Jan-Mar),07 JAN,485 Temporary Graduate,Secondary,Female,Post-Higher Education Work,Post-Higher Education Work,73
2014-15,2014-15,True,,Q3 (Jan-Mar),07 JAN,485 Temporary Graduate,Secondary,Male,Post-Higher Education Work,Post-Higher Education Work,98
2014-15,2014-15,True,,Q3 (Jan-Mar),07 JAN,485 Temporary Graduate,Secondary,Male,Post-Vocational Education Work,Post-Vocational Education Work,130
2014-15,2014-15,True,,Q3 (Jan-Mar),08 FEB,485 Temporary Graduate,Primary,Female,Post-Higher Education Work,Post-Higher Education Work,596
2014-15,2014-15,True,,Q3 (Jan-Mar),08 FEB,485 Temporary Graduate,Primary,Female,Post-Vocational Education Work,Post-Vocational Education Work,682
2014-15,2014-15,True,,Q3 (Jan-Mar),08 FEB,485 Temporary Graduate,Primary,Male,Post-Vocational Education Work,Post-Vocational Education Work,586
2014-15,2014-15,True,,Q3 (Jan-Mar),08 FEB,485 Temporary Graduate,Primary,Male,Post-Higher Education Work,Post-Higher Education Work,617
2014-15,2014-15,True,,Q3 (Jan-Mar),08 FEB,485 Temporary Graduate,Secondary,Female,Post-Higher Education Work,Post-Higher Education Work,130
2014-15,2014-15,True,,Q3 (Jan-Mar),08 FEB,485 Temporary Graduate,Secondary,Female,Post-Vocational Education Work,Post-Vocational Education Work,175
2014-15,2014-15,True,,Q3 (Jan-Mar),08 FEB,485 Temporary Graduate,Secondary,Male,Post-Higher Education Work,Post-Higher Education Work,162
2014-15,2014-15,True,,Q3 (Jan-Mar),08 FEB,485 Temporary Graduate,Secondary,Male,Post-Vocational Education Work,Post-Vocational Education Work,175
2014-15,2014-15,True,,Q3 (Jan-Mar),09 MAR,485 Temporary Graduate,Primary,Female,Post-Vocational Education Work,Post-Vocational Education Work,1187
2014-15,2014-15,True,,Q3 (Jan-Mar),09 MAR,485 Temporary Graduate,Primary,Female,Post-Higher Education Work,Post-Higher Education Work,803
2014-15,2014-15,True,,Q3 (Jan-Mar),09 MAR,485 Temporary Graduate,Primary,Male,Post-Higher Education Work,Post-Higher Education Work,1012
2014-15,2014-15,True,,Q3 (Jan-Mar),09 MAR,485 Temporary Graduate,Primary,Male,Post-Vocational Education Work,Post-Vocational Education Work,1138
2014-15,2014-15,True,,Q3 (Jan-Mar),09 MAR,485 Temporary Graduate,Primary,Not Specified,Post-Vocational Education Work,Post-Vocational Education Work,2
2014-15,2014-15,True,,Q3 (Jan-Mar),09 MAR,485 Temporary Graduate,Secondary,Female,Post-Higher Education Work,Post-Higher Education Work,160
2014-15,2014-15,True,,Q3 (Jan-Mar),09 MAR,485 Temporary Graduate,Secondary,Female,Post-Vocational Education Work,Post-Vocational Education Work,341
2014-15,2014-15,True,,Q3 (Jan-Mar),09 MAR,485 Temporary Graduate,Secondary,Male,Post-Vocational Education Work,Post-Vocational Education Work,340
2014-15,2014-15,True,,Q3 (Jan-Mar),09 MAR,485 Temporary Graduate,Secondary,Male,Post-Higher Education Work,Post-Higher Education Work,230
2014-15,2014-15,True,,Q4 (Apr-Jun),10 APR,485 Temporary Graduate,Primary,Female,Post-Higher Education Work,Post-Higher Education Work,187
2014-15,2014-15,True,,Q4 (Apr-Jun),10 APR,485 Temporary Graduate,Primary,Female,Post-Vocational Education Work,Post-Vocational Education Work,211
2014-15,2014-15,True,,Q4 (Apr-Jun),10 APR,485 Temporary Graduate,Primary,Male,Post-Vocational Education Work,Post-Vocational Education Work,302
2014-15,2014-15,True,,Q4 (Apr-Jun),10 APR,485 Temporary Graduate,Primary,Male,Post-Higher Education Work,Post-Higher Education Work,244
2014-15,2014-15,True,,Q4 (Apr-Jun),10 APR,485 Temporary Graduate,Secondary,Female,Post-Higher Education Work,Post-Higher Education Work,37
2014-15,2014-15,True,,Q4 (Apr-Jun),10 APR,485 Temporary Graduate,Secondary,Female,Post-Vocational Education Work,Post-Vocational Education Work,122
2014-15,2014-15,True,,Q4 (Apr-Jun),10 APR,485 Temporary Graduate,Secondary,Male,Post-Vocational Education Work,Post-Vocational Education Work,98
2014-15,2014-15,True,,Q4 (Apr-Jun),10 APR,485 Temporary Graduate,Secondary,Male,Post-Higher Education Work,Post-Higher Education Work,55
2014-15,2014-15,True,,Q4 (Apr-Jun),11 MAY,485 Temporary Graduate,Primary,Female,Post-Higher Education Work,Post-Higher Education Work,149
2014-15,2014-15,True,,Q4 (Apr-Jun),11 MAY,485 Temporary Graduate,Primary,Female,Post-Vocational Education Work,Post-Vocational Education Work,255
2014-15,2014-15,True,,Q4 (Apr-Jun),11 MAY,485 Temporary Graduate,Primary,Male,Post-Higher Education Work,Post-Higher Education Work,179
2014-15,2014-15,True,,Q4 (Apr-Jun),11 MAY,485 Temporary Graduate,Primary,Male,Post-Vocational Education Work,Post-Vocational Education Work,376
2014-15,2014-15,True,,Q4 (Apr-Jun),11 MAY,485 Temporary Graduate,Secondary,Female,Post-Vocational Education Work,Post-Vocational Education Work,157
2014-15,2014-15,True,,Q4 (Apr-Jun),11 MAY,485 Temporary Graduate,Secondary,Female,Post-Higher Education Work,Post-Higher Education Work,58
2014-15,2014-15,True,,Q4 (Apr-Jun),11 MAY,485 Temporary Graduate,Secondary,Male,Post-Higher Education Work,Post-Higher Education Work,56
2014-15,2014-15,True,,Q4 (Apr-Jun),11 MAY,485 Temporary Graduate,Secondary,Male,Post-Vocational Education Work,Post-Vocational Education Work,126
2014-15,2014-15,True,,Q4 (Apr-Jun),12 JUN,485 Temporary Graduate,Primary,Female,Post-Higher Education Work,Post-Higher Education Work,105
2014-15,2014-15,True,,Q4 (Apr-Jun),12 JUN,485 Temporary Graduate,Primary,Female,Post-Vocational Education Work,Post-Vocational Education Work,202
2014-15,2014-15,True,,Q4 (Apr-Jun),12 JUN,485 Temporary Graduate,Primary,Male,Post-Higher Education Work,Post-Higher Education Work,110
2014-15,2014-15,True,,Q4 (Apr-Jun),12 JUN,485 Temporary Graduate,Primary,Male,Post-Vocational Education Work,Post-Vocational Education Work,254
2014-15,2014-15,True,,Q4 (Apr-Jun),12 JUN,485 Temporary Graduate,Secondary,Female,Post-Vocational Education Work,Post-Vocational Education Work,132
2014-15,2014-15,True,,Q4 (Apr-Jun),12 JUN,485 Temporary Graduate,Secondary,Female,Post-Higher Education Work,Post-Higher Education Work,41
2014-15,2014-15,True,,Q4 (Apr-Jun),12 JUN,485 Temporary Graduate,Secondary,Male,Post-Higher Education Work,Post-Higher Education Work,43
2014-15,2014-15,True,,Q4 (Apr-Jun),12 JUN,485 Temporary Graduate,Secondary,Male,Post-Vocational Education Work,Post-Vocational Education Work,97
2015-16,2015-16,True,,Q1 (Jul-Sep),01 JUL,485 Temporary Graduate,Primary,Female,Post-Higher Education Work,Post-Higher Education Work,656
2015-16,2015-16,True,,Q1 (Jul-Sep),01 JUL,485 Temporary Graduate,Primary,Female,Post-Vocational Education Work,Post-Vocational Education Work,266
2015-16,2015-16,True,,Q1 (Jul-Sep),01 JUL,485 Temporary Graduate,Primary,Male,Post-Vocational Education Work,Post-Vocational Education Work,339
2015-16,2015-16,True,,Q1 (Jul-Sep),01 JUL,485 Temporary Graduate,Primary,Male,Post-Higher Education Work,Post-Higher Education Work,662
2015-16,2015-16,True,,Q1 (Jul-Sep),01 JUL,485 Temporary Graduate,Secondary,Female,Post-Higher Education Work,Post-Higher Education Work,129
2015-16,2015-16,True,,Q1 (Jul-Sep),01 JUL,485 Temporary Graduate,Secondary,Female,Post-Vocational Education Work,Post-Vocational Education Work,151
2015-16,2015-16,True,,Q1 (Jul-Sep),01 JUL,485 Temporary Graduate,Secondary,Male,Post-Higher Education Work,Post-Higher Education Work,160
2015-16,2015-16,True,,Q1 (Jul-Sep),01 JUL,485 Temporary Graduate,Secondary,Male,Post-Vocational Education Work,Post-Vocational Education Work,101
2015-16,2015-16,True,,Q1 (Jul-Sep),02 AUG,485 Temporary Graduate,Primary,Female,Post-Higher Education Work,Post-Higher Education Work,1513
2015-16,2015-16,True,,Q1 (Jul-Sep),02 AUG,485 Temporary Graduate,Primary,Female,Post-Vocational Education Work,Post-Vocational Education Work,779
2015-16,2015-16,True,,Q1 (Jul-Sep),02 AUG,485 Temporary Graduate,Primary,Male,Post-Vocational Education Work,Post-Vocational Education Work,1026
2015-16,2015-16,True,,Q1 (Jul-Sep),02 AUG,485 Temporary Graduate,Primary,Male,Post-Higher Education Work,Post-Higher Education Work,1930
2015-16,2015-16,True,,Q1 (Jul-Sep),02 AUG,485 Temporary Graduate,Secondary,Female,Post-Vocational Education Work,Post-Vocational Education Work,303
2015-16,2015-16,True,,Q1 (Jul-Sep),02 AUG,485 Temporary Graduate,Secondary,Female,Post-Higher Education Work,Post-Higher Education Work,273
2015-16,2015-16,True,,Q1 (Jul-Sep),02 AUG,485 Temporary Graduate,Secondary,Male,Post-Higher Education Work,Post-Higher Education Work,392
2015-16,2015-16,True,,Q1 (Jul-Sep),02 AUG,485 Temporary Graduate,Secondary,Male,Post-Vocational Education Work,Post-Vocational Education Work,267
2015-16,2015-16,True,,Q1 (Jul-Sep),03 SEP,485 Temporary Graduate,Primary,Female,Post-Higher Education Work,Post-Higher Education Work,383
2015-16,2015-16,True,,Q1 (Jul-Sep),03 SEP,485 Temporary Graduate,Primary,Female,Post-Vocational Education Work,Post-Vocational Education Work,331
2015-16,2015-16,True,,Q1 (Jul-Sep),03 SEP,485 Temporary Graduate,Primary,Male,Post-Vocational Education Work,Post-Vocational Education Work,507
2015-16,2015-16,True,,Q1 (Jul-Sep),03 SEP,485 Temporary Graduate,Primary,Male,Post-Higher Education Work,Post-Higher Education Work,490
2015-16,2015-16,True,,Q1 (Jul-Sep),03 SEP,485 Temporary Graduate,Secondary,Female,Post-Vocational Education Work,Post-Vocational Education Work,210
2015-16,2015-16,True,,Q1 (Jul-Sep),03 SEP,485 Temporary Graduate,Secondary,Female,Post-Higher Education Work,Post-Higher Education Work,132
2015-16,2015-16,True,,Q1 (Jul-Sep),03 SEP,485 Temporary Graduate,Secondary,Male,Post-Higher Education Work,Post-Higher Education Work,166
2015-16,2015-16,True,,Q1 (Jul-Sep),03 SEP,485 Temporary Graduate,Secondary,Male,Post-Vocational Education Work,Post-Vocational Education Work,165
2015-16,2015-16,True,,Q2 (Oct-Dec),04 OCT,485 Temporary Graduate,Primary,Female,Post-Vocational Education Work,Post-Vocational Education Work,104
2015-16,2015-16,True,,Q2 (Oct-Dec),04 OCT,485 Temporary Graduate,Primary,Female,Post-Higher Education Work,Post-Higher Education Work,99
2015-16,2015-16,True,,Q2 (Oct-Dec),04 OCT,485 Temporary Graduate,Primary,Male,Post-Higher Education Work,Post-Higher Education Work,110
2015-16,2015-16,True,,Q2 (Oct-Dec),04 OCT,485 Temporary Graduate,Primary,Male,Post-Vocational Education Work,Post-Vocational Education Work,178
2015-16,2015-16,True,,Q2 (Oct-Dec),04 OCT,485 Temporary Graduate,Secondary,Female,Post-Higher Education Work,Post-Higher Education Work,68
2015-16,2015-16,True,,Q2 (Oct-Dec),04 OCT,485 Temporary Graduate,Secondary,Female,Post-Vocational Education Work,Post-Vocational Education Work,111
2015-16,2015-16,True,,Q2 (Oct-Dec),04 OCT,485 Temporary Graduate,Secondary,Male,Post-Vocational Education Work,Post-Vocational Education Work,60
2015-16,2015-16,True,,Q2 (Oct-Dec),04 OCT,485 Temporary Graduate,Secondary,Male,Post-Higher Education Work,Post-Higher Education Work,39
2015-16,2015-16,True,,Q2 (Oct-Dec),05 NOV,485 Temporary Graduate,Primary,Female,Post-Higher Education Work,Post-Higher Education Work,214
2015-16,2015-16,True,,Q2 (Oct-Dec),05 NOV,485 Temporary Graduate,Primary,Female,Post-Vocational Education Work,Post-Vocational Education Work,144
2015-16,2015-16,True,,Q2 (Oct-Dec),05 NOV,485 Temporary Graduate,Primary,Male,Post-Higher Education Work,Post-Higher Education Work,292
2015-16,2015-16,True,,Q2 (Oct-Dec),05 NOV,485 Temporary Graduate,Primary,Male,Post-Vocational Education Work,Post-Vocational Education Work,222
2015-16,2015-16,True,,Q2 (Oct-Dec),05 NOV,485 Temporary Graduate,Secondary,Female,Post-Higher Education Work,Post-Higher Education Work,91
2015-16,2015-16,True,,Q2 (Oct-Dec),05 NOV,485 Temporary Graduate,Secondary,Female,Post-Vocational Education Work,Post-Vocational Education Work,130
2015-16,2015-16,True,,Q2 (Oct-Dec),05 NOV,485 Temporary Graduate,Secondary,Male,Post-Higher Education Work,Post-Higher Education Work,93
2015-16,2015-16,True,,Q2 (Oct-Dec),05 NOV,485 Temporary Graduate,Secondary,Male,Post-Vocational Education Work,Post-Vocational Education Work,77
2015-16,2015-16,True,,Q2 (Oct-Dec),06 DEC,485 Temporary Graduate,Primary,Female,Post-Higher Education Work,Post-Higher Education Work,658
2015-16,2015-16,True,,Q2 (Oct-Dec),06 DEC,485 Temporary Graduate,Primary,Female,Post-Vocational Education Work,Post-Vocational Education Work,248
2015-16,2015-16,True,,Q2 (Oct-Dec),06 DEC,485 Temporary Graduate,Primary,Male,Post-Higher Education Work,Post-Higher Education Work,981
2015-16,2015-16,True,,Q2 (Oct-Dec),06 DEC,485 Temporary Graduate,Primary,Male,Post-Vocational Education Work,Post-Vocational Education Work,353
2015-16,2015-16,True,,Q2 (Oct-Dec),06 DEC,485 Temporary Graduate,Primary,Not Specified,Post-Vocational Education Work,Post-Vocational Education Work,1
2015-16,2015-16,True,,Q2 (Oct-Dec),06 DEC,485 Temporary Graduate,Secondary,Female,Post-Higher Education Work,Post-Higher Education Work,187
2015-16,2015-16,True,,Q2 (Oct-Dec),06 DEC,485 Temporary Graduate,Secondary,Female,Post-Vocational Education Work,Post-Vocational Education Work,137
2015-16,2015-16,True,,Q2 (Oct-Dec),06 DEC,485 Temporary Graduate,Secondary,Male,Post-Higher Education Work,Post-Higher Education Work,243
2015-16,2015-16,True,,Q2 (Oct-Dec),06 DEC,485 Temporary Graduate,Secondary,Male,Post-Vocational Education Work,Post-Vocational Education Work,102
2015-16,2015-16,True,,Q3 (Jan-Mar),07 JAN,485 Temporary Graduate,Primary,Female,Post-Higher Education Work,Post-Higher Education Work,824
2015-16,2015-16,True,,Q3 (Jan-Mar),07 JAN,485 Temporary Graduate,Primary,Female,Post-Vocational Education Work,Post-Vocational Education Work,322
2015-16,2015-16,True,,Q3 (Jan-Mar),07 JAN,485 Temporary Graduate,Primary,Male,Post-Higher Education Work,Post-Higher Education Work,807
2015-16,2015-16,True,,Q3 (Jan-Mar),07 JAN,485 Temporary Graduate,Primary,Male,Post-Vocational Education Work,Post-Vocational Education Work,338
2015-16,2015-16,True,,Q3 (Jan-Mar),07 JAN,485 Temporary Graduate,Primary,Not Specified,Post-Higher Education Work,Post-Higher Education Work,1
2015-16,2015-16,True,,Q3 (Jan-Mar),07 JAN,485 Temporary Graduate,Secondary,Female,Post-Higher Education Work,Post-Higher Education Work,183
2015-16,2015-16,True,,Q3 (Jan-Mar),07 JAN,485 Temporary Graduate,Secondary,Female,Post-Vocational Education Work,Post-Vocational Education Work,129
2015-16,2015-16,True,,Q3 (Jan-Mar),07 JAN,485 Temporary Graduate,Secondary,Male,Post-Vocational Education Work,Post-Vocational Education Work,94
2015-16,2015-16,True,,Q3 (Jan-Mar),07 JAN,485 Temporary Graduate,Secondary,Male,Post-Higher Education Work,Post-Higher Education Work,200
2015-16,2015-16,True,,Q3 (Jan-Mar),08 FEB,485 Temporary Graduate,Primary,Female,Post-Higher Education Work,Post-Higher Education Work,1328
2015-16,2015-16,True,,Q3 (Jan-Mar),08 FEB,485 Temporary Graduate,Primary,Female,Post-Vocational Education Work,Post-Vocational Education Work,575
2015-16,2015-16,True,,Q3 (Jan-Mar),08 FEB,485 Temporary Graduate,Primary,Male,Post-Higher Education Work,Post-Higher Education Work,1187
2015-16,2015-16,True,,Q3 (Jan-Mar),08 FEB,485 Temporary Graduate,Primary,Male,Post-Vocational Education Work,Post-Vocational Education Work,576
2015-16,2015-16,True,,Q3 (Jan-Mar),08 FEB,485 Temporary Graduate,Secondary,Female,Post-Higher Education Work,Post-Higher Education Work,295
2015-16,2015-16,True,,Q3 (Jan-Mar),08 FEB,485 Temporary Graduate,Secondary,Female,Post-Vocational Education Work,Post-Vocational Education Work,167
2015-16,2015-16,True,,Q3 (Jan-Mar),08 FEB,485 Temporary Graduate,Secondary,Male,Post-Higher Education Work,Post-Higher Education Work,389
2015-16,2015-16,True,,Q3 (Jan-Mar),08 FEB,485 Temporary Graduate,Secondary,Male,Post-Vocational Education Work,Post-Vocational Education Work,189
2015-16,2015-16,True,,Q3 (Jan-Mar),09 MAR,485 Temporary Graduate,Primary,Female,Post-Higher Education Work,Post-Higher Education Work,1724
2015-16,2015-16,True,,Q3 (Jan-Mar),09 MAR,485 Temporary Graduate,Primary,Female,Post-Vocational Education Work,Post-Vocational Education Work,900
2015-16,2015-16,True,,Q3 (Jan-Mar),09 MAR,485 Temporary Graduate,Primary,Male,Post-Higher Education Work,Post-Higher Education Work,1766
2015-16,2015-16,True,,Q3 (Jan-Mar),09 MAR,485 Temporary Graduate,Primary,Male,Post-Vocational Education Work,Post-Vocational Education Work,1045
2015-16,2015-16,True,,Q3 (Jan-Mar),09 MAR,485 Temporary Graduate,Primary,Not Specified,Post-Vocational Education Work,Post-Vocational Education Work,1
2015-16,2015-16,True,,Q3 (Jan-Mar),09 MAR,485 Temporary Graduate,Secondary,Female,Post-Higher Education Work,Post-Higher Education Work,399
2015-16,2015-16,True,,Q3 (Jan-Mar),09 MAR,485 Temporary Graduate,Secondary,Female,Post-Vocational Education Work,Post-Vocational Education Work,311
2015-16,2015-16,True,,Q3 (Jan-Mar),09 MAR,485 Temporary Graduate,Secondary,Male,Post-Vocational Education Work,Post-Vocational Education Work,300
2015-16,2015-16,True,,Q3 (Jan-Mar),09 MAR,485 Temporary Graduate,Secondary,Male,Post-Higher Education Work,Post-Higher Education Work,508
2015-16,2015-16,True,,Q4 (Apr-Jun),10 APR,485 Temporary Graduate,Primary,Female,Post-Higher Education Work,Post-Higher Education Work,209
2015-16,2015-16,True,,Q4 (Apr-Jun),10 APR,485 Temporary Graduate,Primary,Female,Post-Vocational Education Work,Post-Vocational Education Work,137
2015-16,2015-16,True,,Q4 (Apr-Jun),10 APR,485 Temporary Graduate,Primary,Male,Post-Higher Education Work,Post-Higher Education Work,339
2015-16,2015-16,True,,Q4 (Apr-Jun),10 APR,485 Temporary Graduate,Primary,Male,Post-Vocational Education Work,Post-Vocational Education Work,213
2015-16,2015-16,True,,Q4 (Apr-Jun),10 APR,485 Temporary Graduate,Secondary,Female,Post-Higher Education Work,Post-Higher Education Work,162
2015-16,2015-16,True,,Q4 (Apr-Jun),10 APR,485 Temporary Graduate,Secondary,Female,Post-Vocational Education Work,Post-Vocational Education Work,118
2015-16,2015-16,True,,Q4 (Apr-Jun),10 APR,485 Temporary Graduate,Secondary,Male,Post-Vocational Education Work,Post-Vocational Education Work,82
2015-16,2015-16,True,,Q4 (Apr-Jun),10 APR,485 Temporary Graduate,Secondary,Male,Post-Higher Education Work,Post-Higher Education Work,103
2015-16,2015-16,True,,Q4 (Apr-Jun),11 MAY,485 Temporary Graduate,Primary,Female,Post-Vocational Education Work,Post-Vocational Education Work,178
2015-16,2015-16,True,,Q4 (Apr-Jun),11 MAY,485 Temporary Graduate,Primary,Female,Post-Higher Education Work,Post-Higher Education Work,205
2015-16,2015-16,True,,Q4 (Apr-Jun),11 MAY,485 Temporary Graduate,Primary,Male,Post-Higher Education Work,Post-Higher Education Work,265
2015-16,2015-16,True,,Q4 (Apr-Jun),11 MAY,485 Temporary Graduate,Primary,Male,Post-Vocational Education Work,Post-Vocational Education Work,235
2015-16,2015-16,True,,Q4 (Apr-Jun),11 MAY,485 Temporary Graduate,Secondary,Female,Post-Higher Education Work,Post-Higher Education Work,122
2015-16,2015-16,True,,Q4 (Apr-Jun),11 MAY,485 Temporary Graduate,Secondary,Female,Post-Vocational Education Work,Post-Vocational Education Work,134
2015-16,2015-16,True,,Q4 (Apr-Jun),11 MAY,485 Temporary Graduate,Secondary,Male,Post-Higher Education Work,Post-Higher Education Work,99
2015-16,2015-16,True,,Q4 (Apr-Jun),11 MAY,485 Temporary Graduate,Secondary,Male,Post-Vocational Education Work,Post-Vocational Education Work,84
2015-16,2015-16,True,,Q4 (Apr-Jun),12 JUN,485 Temporary Graduate,Primary,Female,Post-Higher Education Work,Post-Higher Education Work,153
2015-16,2015-16,True,,Q4 (Apr-Jun),12 JUN,485 Temporary Graduate,Primary,Female,Post-Vocational Education Work,Post-Vocational Education Work,123
2015-16,2015-16,True,,Q4 (Apr-Jun),12 JUN,485 Temporary Graduate,Primary,Male,Post-Higher Education Work,Post-Higher Education Work,181
2015-16,2015-16,True,,Q4 (Apr-Jun),12 JUN,485 Temporary Graduate,Primary,Male,Post-Vocational Education Work,Post-Vocational Education Work,179
2015-16,2015-16,True,,Q4 (Apr-Jun),12 JUN,485 Temporary Graduate,Primary,Not Specified,Post-Vocational Education Work,Post-Vocational Education Work,1
2015-16,2015-16,True,,Q4 (Apr-Jun),12 JUN,485 Temporary Graduate,Secondary,Female,Post-Higher Education Work,Post-Higher Education Work,122
2015-16,2015-16,True,,Q4 (Apr-Jun),12 JUN,485 Temporary Graduate,Secondary,Female,Post-Vocational Education Work,Post-Vocational Education Work,135
2015-16,2015-16,True,,Q4 (Apr-Jun),12 JUN,485 Temporary Graduate,Secondary,Male,Post-Higher Education Work,Post-Higher Education Work,77
2015-16,2015-16,True,,Q4 (Apr-Jun),12 JUN,485 Temporary Graduate,Secondary,Male,Post-Vocational Education Work,Post-Vocational Education Work,88
2016-17,2016-17,True,,Q1 (Jul-Sep),01 JUL,485 Temporary Graduate,Primary,Female,Post-Higher Education Work,Post-Higher Education Work,955
2016-17,2016-17,True,,Q1 (Jul-Sep),01 JUL,485 Temporary Graduate,Primary,Female,Post-Vocational Education Work,Post-Vocational Education Work,179
2016-17,2016-17,True,,Q1 (Jul-Sep),01 JUL,485 Temporary Graduate,Primary,Male,Post-Higher Education Work,Post-Higher Education Work,1074
2016-17,2016-17,True,,Q1 (Jul-Sep),01 JUL,485 Temporary Graduate,Primary,Male,Post-Vocational Education Work,Post-Vocational Education Work,270
2016-17,2016-17,True,,Q1 (Jul-Sep),01 JUL,485 Temporary Graduate,Secondary,Female,Post-Higher Education Work,Post-Higher Education Work,247
2016-17,2016-17,True,,Q1 (Jul-Sep),01 JUL,485 Temporary Graduate,Secondary,Female,Post-Vocational Education Work,Post-Vocational Education Work,114
2016-17,2016-17,True,,Q1 (Jul-Sep),01 JUL,485 Temporary Graduate,Secondary,Male,Post-Higher Education Work,Post-Higher Education Work,323
2016-17,2016-17,True,,Q1 (Jul-Sep),01 JUL,485 Temporary Graduate,Secondary,Male,Post-Vocational Education Work,Post-Vocational Education Work,81
2016-17,2016-17,True,,Q1 (Jul-Sep),02 AUG,485 Temporary Graduate,Primary,Female,Post-Higher Education Work,Post-Higher Education Work,2500
2016-17,2016-17,True,,Q1 (Jul-Sep),02 AUG,485 Temporary Graduate,Primary,Female,Post-Vocational Education Work,Post-Vocational Education Work,549
2016-17,2016-17,True,,Q1 (Jul-Sep),02 AUG,485 Temporary Graduate,Primary,Male,Post-Higher Education Work,Post-Higher Education Work,2880
2016-17,2016-17,True,,Q1 (Jul-Sep),02 AUG,485 Temporary Graduate,Primary,Male,Post-Vocational Education Work,Post-Vocational Education Work,773
2016-17,2016-17,True,,Q1 (Jul-Sep),02 AUG,485 Temporary Graduate,Secondary,Female,Post-Higher Education Work,Post-Higher Education Work,563
2016-17,2016-17,True,,Q1 (Jul-Sep),02 AUG,485 Temporary Graduate,Secondary,Female,Post-Vocational Education Work,Post-Vocational Education Work,233
2016-17,2016-17,True,,Q1 (Jul-Sep),02 AUG,485 Temporary Graduate,Secondary,Male,Post-Higher Education Work,Post-Higher Education Work,726
2016-17,2016-17,True,,Q1 (Jul-Sep),02 AUG,485 Temporary Graduate,Secondary,Male,Post-Vocational Education Work,Post-Vocational Education Work,184
2016-17,2016-17,True,,Q1 (Jul-Sep),03 SEP,485 Temporary Graduate,Primary,Female,Post-Higher Education Work,Post-Higher Education Work,696
2016-17,2016-17,True,,Q1 (Jul-Sep),03 SEP,485 Temporary Graduate,Primary,Female,Post-Vocational Education Work,Post-Vocational Education Work,230
2016-17,2016-17,True,,Q1 (Jul-Sep),03 SEP,485 Temporary Graduate,Primary,Male,Post-Higher Education Work,Post-Higher Education Work,883
2016-17,2016-17,True,,Q1 (Jul-Sep),03 SEP,485 Temporary Graduate,Primary,Male,Post-Vocational Education Work,Post-Vocational Education Work,367
2016-17,2016-17,True,,Q1 (Jul-Sep),03 SEP,485 Temporary Graduate,Secondary,Female,Post-Higher Education Work,Post-Higher Education Work,263
2016-17,2016-17,True,,Q1 (Jul-Sep),03 SEP,485 Temporary Graduate,Secondary,Female,Post-Vocational Education Work,Post-Vocational Education Work,152
2016-17,2016-17,True,,Q1 (Jul-Sep),03 SEP,485 Temporary Graduate,Secondary,Male,Post-Vocational Education Work,Post-Vocational Education Work,117
2016-17,2016-17,True,,Q1 (Jul-Sep),03 SEP,485 Temporary Graduate,Secondary,Male,Post-Higher Education Work,Post-Higher Education Work,304
2016-17,2016-17,True,,Q2 (Oct-Dec),04 OCT,485 Temporary Graduate,Primary,Female,Post-Vocational Education Work,Post-Vocational Education Work,84
2016-17,2016-17,True,,Q2 (Oct-Dec),04 OCT,485 Temporary Graduate,Primary,Female,Post-Higher Education Work,Post-Higher Education Work,150
2016-17,2016-17,True,,Q2 (Oct-Dec),04 OCT,485 Temporary Graduate,Primary,Male,Post-Higher Education Work,Post-Higher Education Work,160
2016-17,2016-17,True,,Q2 (Oct-Dec),04 OCT,485 Temporary Graduate,Primary,Male,Post-Vocational Education Work,Post-Vocational Education Work,143
2016-17,2016-17,True,,Q2 (Oct-Dec),04 OCT,485 Temporary Graduate,Secondary,Female,Post-Higher Education Work,Post-Higher Education Work,90
2016-17,2016-17,True,,Q2 (Oct-Dec),04 OCT,485 Temporary Graduate,Secondary,Female,Post-Vocational Education Work,Post-Vocational Education Work,83
2016-17,2016-17,True,,Q2 (Oct-Dec),04 OCT,485 Temporary Graduate,Secondary,Male,Post-Higher Education Work,Post-Higher Education Work,87
2016-17,2016-17,True,,Q2 (Oct-Dec),04 OCT,485 Temporary Graduate,Secondary,Male,Post-Vocational Education Work,Post-Vocational Education Work,61
2016-17,2016-17,True,,Q2 (Oct-Dec),05 NOV,485 Temporary Graduate,Primary,Female,Post-Higher Education Work,Post-Higher Education Work,361
2016-17,2016-17,True,,Q2 (Oct-Dec),05 NOV,485 Temporary Graduate,Primary,Female,Post-Vocational Education Work,Post-Vocational Education Work,120
2016-17,2016-17,True,,Q2 (Oct-Dec),05 NOV,485 Temporary Graduate,Primary,Male,Post-Higher Education Work,Post-Higher Education Work,469
2016-17,2016-17,True,,Q2 (Oct-Dec),05 NOV,485 Temporary Graduate,Primary,Male,Post-Vocational Education Work,Post-Vocational Education Work,190
2016-17,2016-17,True,,Q2 (Oct-Dec),05 NOV,485 Temporary Graduate,Secondary,Female,Post-Higher Education Work,Post-Higher Education Work,171
2016-17,2016-17,True,,Q2 (Oct-Dec),05 NOV,485 Temporary Graduate,Secondary,Female,Post-Vocational Education Work,Post-Vocational Education Work,97
2016-17,2016-17,True,,Q2 (Oct-Dec),05 NOV,485 Temporary Graduate,Secondary,Male,Post-Higher Education Work,Post-Higher Education Work,209
2016-17,2016-17,True,,Q2 (Oct-Dec),05 NOV,485 Temporary Graduate,Secondary,Male,Post-Vocational Education Work,Post-Vocational Education Work,73
2016-17,2016-17,True,,Q2 (Oct-Dec),06 DEC,485 Temporary Graduate,Primary,Female,Post-Vocational Education Work,Post-Vocational Education Work,204
2016-17,2016-17,True,,Q2 (Oct-Dec),06 DEC,485 Temporary Graduate,Primary,Female,Post-Higher Education Work,Post-Higher Education Work,980
2016-17,2016-17,True,,Q2 (Oct-Dec),06 DEC,485 Temporary Graduate,Primary,Male,Post-Higher Education Work,Post-Higher Education Work,1283
2016-17,2016-17,True,,Q2 (Oct-Dec),06 DEC,485 Temporary Graduate,Primary,Male,Post-Vocational Education Work,Post-Vocational Education Work,269
2016-17,2016-17,True,,Q2 (Oct-Dec),06 DEC,485 Temporary Graduate,Secondary,Female,Post-Higher Education Work,Post-Higher Education Work,280
2016-17,2016-17,True,,Q2 (Oct-Dec),06 DEC,485 Temporary Graduate,Secondary,Female,Post-Vocational Education Work,Post-Vocational Education Work,113
2016-17,2016-17,True,,Q2 (Oct-Dec),06 DEC,485 Temporary Graduate,Secondary,Male,Post-Vocational Education Work,Post-Vocational Education Work,84
2016-17,2016-17,True,,Q2 (Oct-Dec),06 DEC,485 Temporary Graduate,Secondary,Male,Post-Higher Education Work,Post-Higher Education Work,368
2016-17,2016-17,True,,Q3 (Jan-Mar),07 JAN,485 Temporary Graduate,Primary,Female,Post-Higher Education Work,Post-Higher Education Work,1171
2016-17,2016-17,True,,Q3 (Jan-Mar),07 JAN,485 Temporary Graduate,Primary,Female,Post-Vocational Education Work,Post-Vocational Education Work,228
2016-17,2016-17,True,,Q3 (Jan-Mar),07 JAN,485 Temporary Graduate,Primary,Male,Post-Higher Education Work,Post-Higher Education Work,1125
2016-17,2016-17,True,,Q3 (Jan-Mar),07 JAN,485 Temporary Graduate,Primary,Male,Post-Vocational Education Work,Post-Vocational Education Work,271
2016-17,2016-17,True,,Q3 (Jan-Mar),07 JAN,485 Temporary Graduate,Secondary,Female,Post-Higher Education Work,Post-Higher Education Work,298
2016-17,2016-17,True,,Q3 (Jan-Mar),07 JAN,485 Temporary Graduate,Secondary,Female,Post-Vocational Education Work,Post-Vocational Education Work,97
2016-17,2016-17,True,,Q3 (Jan-Mar),07 JAN,485 Temporary Graduate,Secondary,Male,Post-Higher Education Work,Post-Higher Education Work,360
2016-17,2016-17,True,,Q3 (Jan-Mar),07 JAN,485 Temporary Graduate,Secondary,Male,Post-Vocational Education Work,Post-Vocational Education Work,79
2016-17,2016-17,True,,Q3 (Jan-Mar),08 FEB,485 Temporary Graduate,Primary,Female,Post-Higher Education Work,Post-Higher Education Work,1868
2016-17,2016-17,True,,Q3 (Jan-Mar),08 FEB,485 Temporary Graduate,Primary,Female,Post-Vocational Education Work,Post-Vocational Education Work,408
2016-17,2016-17,True,,Q3 (Jan-Mar),08 FEB,485 Temporary Graduate,Primary,Male,Post-Higher Education Work,Post-Higher Education Work,1730
2016-17,2016-17,True,,Q3 (Jan-Mar),08 FEB,485 Temporary Graduate,Primary,Male,Post-Vocational Education Work,Post-Vocational Education Work,414
2016-17,2016-17,True,,Q3 (Jan-Mar),08 FEB,485 Temporary Graduate,Secondary,Female,Post-Higher Education Work,Post-Higher Education Work,398
2016-17,2016-17,True,,Q3 (Jan-Mar),08 FEB,485 Temporary Graduate,Secondary,Female,Post-Vocational Education Work,Post-Vocational Education Work,133
2016-17,2016-17,True,,Q3 (Jan-Mar),08 FEB,485 Temporary Graduate,Secondary,Male,Post-Higher Education Work,Post-Higher Education Work,543
2016-17,2016-17,True,,Q3 (Jan-Mar),08 FEB,485 Temporary Graduate,Secondary,Male,Post-Vocational Education Work,Post-Vocational Education Work,119
2016-17,2016-17,True,,Q3 (Jan-Mar),09 MAR,485 Temporary Graduate,Primary,Female,Post-Higher Education Work,Post-Higher Education Work,2584
2016-17,2016-17,True,,Q3 (Jan-Mar),09 MAR,485 Temporary Graduate,Primary,Female,Post-Vocational Education Work,Post-Vocational Education Work,769
2016-17,2016-17,True,,Q3 (Jan-Mar),09 MAR,485 Temporary Graduate,Primary,Male,Post-Higher Education Work,Post-Higher Education Work,2610
2016-17,2016-17,True,,Q3 (Jan-Mar),09 MAR,485 Temporary Graduate,Primary,Male,Post-Vocational Education Work,Post-Vocational Education Work,864
2016-17,2016-17,True,,Q3 (Jan-Mar),09 MAR,485 Temporary Graduate,Secondary,Female,Post-Higher Education Work,Post-Higher Education Work,582
2016-17,2016-17,True,,Q3 (Jan-Mar),09 MAR,485 Temporary Graduate,Secondary,Female,Post-Vocational Education Work,Post-Vocational Education Work,250
2016-17,2016-17,True,,Q3 (Jan-Mar),09 MAR,485 Temporary Graduate,Secondary,Male,Post-Higher Education Work,Post-Higher Education Work,684
2016-17,2016-17,True,,Q3 (Jan-Mar),09 MAR,485 Temporary Graduate,Secondary,Male,Post-Vocational Education Work,Post-Vocational Education Work,280
2016-17,2016-17,True,,Q4 (Apr-Jun),10 APR,485 Temporary Graduate,Primary,Female,Post-Vocational Education Work,Post-Vocational Education Work,110
2016-17,2016-17,True,,Q4 (Apr-Jun),10 APR,485 Temporary Graduate,Primary,Female,Post-Higher Education Work,Post-Higher Education Work,321
2016-17,2016-17,True,,Q4 (Apr-Jun),10 APR,485 Temporary Graduate,Primary,Male,Post-Higher Education Work,Post-Higher Education Work,492
2016-17,2016-17,True,,Q4 (Apr-Jun),10 APR,485 Temporary Graduate,Primary,Male,Post-Vocational Education Work,Post-Vocational Education Work,170
2016-17,2016-17,True,,Q4 (Apr-Jun),10 APR,485 Temporary Graduate,Secondary,Female,Post-Higher Education Work,Post-Higher Education Work,230
2016-17,2016-17,True,,Q4 (Apr-Jun),10 APR,485 Temporary Graduate,Secondary,Female,Post-Vocational Education Work,Post-Vocational Education Work,92
2016-17,2016-17,True,,Q4 (Apr-Jun),10 APR,485 Temporary Graduate,Secondary,Male,Post-Higher Education Work,Post-Higher Education Work,172
2016-17,2016-17,True,,Q4 (Apr-Jun),10 APR,485 Temporary Graduate,Secondary,Male,Post-Vocational Education Work,Post-Vocational Education Work,62
2016-17,2016-17,True,,Q4 (Apr-Jun),11 MAY,485 Temporary Graduate,Primary,Female,Post-Higher Education Work,Post-Higher Education Work,369
2016-17,2016-17,True,,Q4 (Apr-Jun),11 MAY,485 Temporary Graduate,Primary,Female,Post-Vocational Education Work,Post-Vocational Education Work,171
2016-17,2016-17,True,,Q4 (Apr-Jun),11 MAY,485 Temporary Graduate,Primary,Male,Post-Vocational Education Work,Post-Vocational Education Work,233
2016-17,2016-17,True,,Q4 (Apr-Jun),11 MAY,485 Temporary Graduate,Primary,Male,Post-Higher Education Work,Post-Higher Education Work,413
2016-17,2016-17,True,,Q4 (Apr-Jun),11 MAY,485 Temporary Graduate,Secondary,Female,Post-Higher Education Work,Post-Higher Education Work,232
2016-17,2016-17,True,,Q4 (Apr-Jun),11 MAY,485 Temporary Graduate,Secondary,Female,Post-Vocational Education Work,Post-Vocational Education Work,110
2016-17,2016-17,True,,Q4 (Apr-Jun),11 MAY,485 Temporary Graduate,Secondary,Male,Post-Higher Education Work,Post-Higher Education Work,197
2016-17,2016-17,True,,Q4 (Apr-Jun),11 MAY,485 Temporary Graduate,Secondary,Male,Post-Vocational Education Work,Post-Vocational Education Work,69
2016-17,2016-17,True,,Q4 (Apr-Jun),12 JUN,485 Temporary Graduate,Primary,Female,Post-Higher Education Work,Post-Higher Education Work,228
2016-17,2016-17,True,,Q4 (Apr-Jun),12 JUN,485 Temporary Graduate,Primary,Female,Post-Vocational Education Work,Post-Vocational Education Work,153
2016-17,2016-17,True,,Q4 (Apr-Jun),12 JUN,485 Temporary Graduate,Primary,Male,Post-Higher Education Work,Post-Higher Education Work,273
2016-17,2016-17,True,,Q4 (Apr-Jun),12 JUN,485 Temporary Graduate,Primary,Male,Post-Vocational Education Work,Post-Vocational Education Work,191
2016-17,2016-17,True,,Q4 (Apr-Jun),12 JUN,485 Temporary Graduate,Secondary,Female,Post-Higher Education Work,Post-Higher Education Work,190
2016-17,2016-17,True,,Q4 (Apr-Jun),12 JUN,485 Temporary Graduate,Secondary,Female,Post-Vocational Education Work,Post-Vocational Education Work,93
2016-17,2016-17,True,,Q4 (Apr-Jun),12 JUN,485 Temporary Graduate,Secondary,Male,Post-Higher Education Work,Post-Higher Education Work,130
2016-17,2016-17,True,,Q4 (Apr-Jun),12 JUN,485 Temporary Graduate,Secondary,Male,Post-Vocational Education Work,Post-Vocational Education Work,79
2017-18,2017-18,True,,Q1 (Jul-Sep),01 JUL,485 Temporary Graduate,Primary,Female,Post-Higher Education Work,Post-Higher Education Work,1024
2017-18,2017-18,True,,Q1 (Jul-Sep),01 JUL,485 Temporary Graduate,Primary,Female,Post-Vocational Education Work,Post-Vocational Education Work,163
2017-18,2017-18,True,,Q1 (Jul-Sep),01 JUL,485 Temporary Graduate,Primary,Male,Post-Higher Education Work,Post-Higher Education Work,1268
2017-18,2017-18,True,,Q1 (Jul-Sep),01 JUL,485 Temporary Graduate,Primary,Male,Post-Vocational Education Work,Post-Vocational Education Work,255
2017-18,2017-18,True,,Q1 (Jul-Sep),01 JUL,485 Temporary Graduate,Secondary,Female,Post-Higher Education Work,Post-Higher Education Work,334
2017-18,2017-18,True,,Q1 (Jul-Sep),01 JUL,485 Temporary Graduate,Secondary,Female,Post-Vocational Education Work,Post-Vocational Education Work,84
2017-18,2017-18,True,,Q1 (Jul-Sep),01 JUL,485 Temporary Graduate,Secondary,Male,Post-Higher Education Work,Post-Higher Education Work,369
2017-18,2017-18,True,,Q1 (Jul-Sep),01 JUL,485 Temporary Graduate,Secondary,Male,Post-Vocational Education Work,Post-Vocational Education Work,47
2017-18,2017-18,True,,Q1 (Jul-Sep),02 AUG,485 Temporary Graduate,Primary,Female,Post-Higher Education Work,Post-Higher Education Work,3442
2017-18,2017-18,True,,Q1 (Jul-Sep),02 AUG,485 Temporary Graduate,Primary,Female,Post-Vocational Education Work,Post-Vocational Education Work,457
2017-18,2017-18,True,,Q1 (Jul-Sep),02 AUG,485 Temporary Graduate,Primary,Male,Post-Higher Education Work,Post-Higher Education Work,4022
2017-18,2017-18,True,,Q1 (Jul-Sep),02 AUG,485 Temporary Graduate,Primary,Male,Post-Vocational Education Work,Post-Vocational Education Work,698
2017-18,2017-18,True,,Q1 (Jul-Sep),02 AUG,485 Temporary Graduate,Secondary,Female,Post-Vocational Education Work,Post-Vocational Education Work,201
2017-18,2017-18,True,,Q1 (Jul-Sep),02 AUG,485 Temporary Graduate,Secondary,Female,Post-Higher Education Work,Post-Higher Education Work,789
2017-18,2017-18,True,,Q1 (Jul-Sep),02 AUG,485 Temporary Graduate,Secondary,Male,Post-Higher Education Work,Post-Higher Education Work,1136
2017-18,2017-18,True,,Q1 (Jul-Sep),02 AUG,485 Temporary Graduate,Secondary,Male,Post-Vocational Education Work,Post-Vocational Education Work,176
2017-18,2017-18,True,,Q1 (Jul-Sep),03 SEP,485 Temporary Graduate,Primary,Female,Post-Higher Education Work,Post-Higher Education Work,1097
2017-18,2017-18,True,,Q1 (Jul-Sep),03 SEP,485 Temporary Graduate,Primary,Female,Post-Vocational Education Work,Post-Vocational Education Work,170
2017-18,2017-18,True,,Q1 (Jul-Sep),03 SEP,485 Temporary Graduate,Primary,Male,Post-Higher Education Work,Post-Higher Education Work,1382
2017-18,2017-18,True,,Q1 (Jul-Sep),03 SEP,485 Temporary Graduate,Primary,Male,Post-Vocational Education Work,Post-Vocational Education Work,312
2017-18,2017-18,True,,Q1 (Jul-Sep),03 SEP,485 Temporary Graduate,Secondary,Female,Post-Vocational Education Work,Post-Vocational Education Work,122
2017-18,2017-18,True,,Q1 (Jul-Sep),03 SEP,485 Temporary Graduate,Secondary,Female,Post-Higher Education Work,Post-Higher Education Work,418
2017-18,2017-18,True,,Q1 (Jul-Sep),03 SEP,485 Temporary Graduate,Secondary,Male,Post-Higher Education Work,Post-Higher Education Work,466
2017-18,2017-18,True,,Q1 (Jul-Sep),03 SEP,485 Temporary Graduate,Secondary,Male,Post-Vocational Education Work,Post-Vocational Education Work,87
2017-18,2017-18,True,,Q2 (Oct-Dec),04 OCT,485 Temporary Graduate,Primary,Female,Post-Higher Education Work,Post-Higher Education Work,280
2017-18,2017-18,True,,Q2 (Oct-Dec),04 OCT,485 Temporary Graduate,Primary,Female,Post-Vocational Education Work,Post-Vocational Education Work,112
2017-18,2017-18,True,,Q2 (Oct-Dec),04 OCT,485 Temporary Graduate,Primary,Male,Post-Higher Education Work,Post-Higher Education Work,296
2017-18,2017-18,True,,Q2 (Oct-Dec),04 OCT,485 Temporary Graduate,Primary,Male,Post-Vocational Education Work,Post-Vocational Education Work,168
2017-18,2017-18,True,,Q2 (Oct-Dec),04 OCT,485 Temporary Graduate,Secondary,Female,Post-Higher Education Work,Post-Higher Education Work,215
2017-18,2017-18,True,,Q2 (Oct-Dec),04 OCT,485 Temporary Graduate,Secondary,Female,Post-Vocational Education Work,Post-Vocational Education Work,64
2017-18,2017-18,True,,Q2 (Oct-Dec),04 OCT,485 Temporary Graduate,Secondary,Male,Post-Higher Education Work,Post-Higher Education Work,165
2017-18,2017-18,True,,Q2 (Oct-Dec),04 OCT,485 Temporary Graduate,Secondary,Male,Post-Vocational Education Work,Post-Vocational Education Work,64
2017-18,2017-18,True,,Q2 (Oct-Dec),05 NOV,485 Temporary Graduate,Primary,Female,Post-Vocational Education Work,Post-Vocational Education Work,178
2017-18,2017-18,True,,Q2 (Oct-Dec),05 NOV,485 Temporary Graduate,Primary,Female,Post-Higher Education Work,Post-Higher Education Work,446
2017-18,2017-18,True,,Q2 (Oct-Dec),05 NOV,485 Temporary Graduate,Primary,Male,Post-Higher Education Work,Post-Higher Education Work,597
2017-18,2017-18,True,,Q2 (Oct-Dec),05 NOV,485 Temporary Graduate,Primary,Male,Post-Vocational Education Work,Post-Vocational Education Work,208
2017-18,2017-18,True,,Q2 (Oct-Dec),05 NOV,485 Temporary Graduate,Secondary,Female,Post-Higher Education Work,Post-Higher Education Work,261
2017-18,2017-18,True,,Q2 (Oct-Dec),05 NOV,485 Temporary Graduate,Secondary,Female,Post-Vocational Education Work,Post-Vocational Education Work,83
2017-18,2017-18,True,,Q2 (Oct-Dec),05 NOV,485 Temporary Graduate,Secondary,Male,Post-Higher Education Work,Post-Higher Education Work,249
2017-18,2017-18,True,,Q2 (Oct-Dec),05 NOV,485 Temporary Graduate,Secondary,Male,Post-Vocational Education Work,Post-Vocational Education Work,66
2017-18,2017-18,True,,Q2 (Oct-Dec),06 DEC,485 Temporary Graduate,Primary,Female,Post-Higher Education Work,Post-Higher Education Work,1347
2017-18,2017-18,True,,Q2 (Oct-Dec),06 DEC,485 Temporary Graduate,Primary,Female,Post-Vocational Education Work,Post-Vocational Education Work,146
2017-18,2017-18,True,,Q2 (Oct-Dec),06 DEC,485 Temporary Graduate,Primary,Male,Post-Higher Education Work,Post-Higher Education Work,1595
2017-18,2017-18,True,,Q2 (Oct-Dec),06 DEC,485 Temporary Graduate,Primary,Male,Post-Vocational Education Work,Post-Vocational Education Work,279
2017-18,2017-18,True,,Q2 (Oct-Dec),06 DEC,485 Temporary Graduate,Secondary,Female,Post-Higher Education Work,Post-Higher Education Work,392
2017-18,2017-18,True,,Q2 (Oct-Dec),06 DEC,485 Temporary Graduate,Secondary,Female,Post-Vocational Education Work,Post-Vocational Education Work,77
2017-18,2017-18,True,,Q2 (Oct-Dec),06 DEC,485 Temporary Graduate,Secondary,Male,Post-Higher Education Work,Post-Higher Education Work,529
2017-18,2017-18,True,,Q2 (Oct-Dec),06 DEC,485 Temporary Graduate,Secondary,Male,Post-Vocational Education Work,Post-Vocational Education Work,56
2017-18,2017-18,True,,Q3 (Jan-Mar),07 JAN,485 Temporary Graduate,Primary,Female,Post-Higher Education Work,Post-Higher Education Work,1891
2017-18,2017-18,True,,Q3 (Jan-Mar),07 JAN,485 Temporary Graduate,Primary,Female,Post-Vocational Education Work,Post-Vocational Education Work,218
2017-18,2017-18,True,,Q3 (Jan-Mar),07 JAN,485 Temporary Graduate,Primary,Male,Post-Higher Education Work,Post-Higher Education Work,2035
2017-18,2017-18,True,,Q3 (Jan-Mar),07 JAN,485 Temporary Graduate,Primary,Male,Post-Vocational Education Work,Post-Vocational Education Work,307
2017-18,2017-18,True,,Q3 (Jan-Mar),07 JAN,485 Temporary Graduate,Secondary,Female,Post-Vocational Education Work,Post-Vocational Education Work,100
2017-18,2017-18,True,,Q3 (Jan-Mar),07 JAN,485 Temporary Graduate,Secondary,Female,Post-Higher Education Work,Post-Higher Education Work,507
2017-18,2017-18,True,,Q3 (Jan-Mar),07 JAN,485 Temporary Graduate,Secondary,Male,Post-Higher Education Work,Post-Higher Education Work,644
2017-18,2017-18,True,,Q3 (Jan-Mar),07 JAN,485 Temporary Graduate,Secondary,Male,Post-Vocational Education Work,Post-Vocational Education Work,98
2017-18,2017-18,True,,Q3 (Jan-Mar),08 FEB,485 Temporary Graduate,Primary,Female,Post-Higher Education Work,Post-Higher Education Work,2269
2017-18,2017-18,True,,Q3 (Jan-Mar),08 FEB,485 Temporary Graduate,Primary,Female,Post-Vocational Education Work,Post-Vocational Education Work,289
2017-18,2017-18,True,,Q3 (Jan-Mar),08 FEB,485 Temporary Graduate,Primary,Male,Post-Higher Education Work,Post-Higher Education Work,2023
2017-18,2017-18,True,,Q3 (Jan-Mar),08 FEB,485 Temporary Graduate,Primary,Male,Post-Vocational Education Work,Post-Vocational Education Work,391
2017-18,2017-18,True,,Q3 (Jan-Mar),08 FEB,485 Temporary Graduate,Secondary,Female,Post-Higher Education Work,Post-Higher Education Work,515
2017-18,2017-18,True,,Q3 (Jan-Mar),08 FEB,485 Temporary Graduate,Secondary,Female,Post-Vocational Education Work,Post-Vocational Education Work,130
2017-18,2017-18,True,,Q3 (Jan-Mar),08 FEB,485 Temporary Graduate,Secondary,Male,Post-Higher Education Work,Post-Higher Education Work,762
2017-18,2017-18,True,,Q3 (Jan-Mar),08 FEB,485 Temporary Graduate,Secondary,Male,Post-Vocational Education Work,Post-Vocational Education Work,92
2017-18,2017-18,True,,Q3 (Jan-Mar),08 FEB,485 Temporary Graduate,Secondary,Not Specified,Post-Higher Education Work,Post-Higher Education Work,1
2017-18,2017-18,True,,Q3 (Jan-Mar),09 MAR,485 Temporary Graduate,Primary,Female,Post-Vocational Education Work,Post-Vocational Education Work,615
2017-18,2017-18,True,,Q3 (Jan-Mar),09 MAR,485 Temporary Graduate,Primary,Female,Post-Higher Education Work,Post-Higher Education Work,3383
2017-18,2017-18,True,,Q3 (Jan-Mar),09 MAR,485 Temporary Graduate,Primary,Male,Post-Higher Education Work,Post-Higher Education Work,3256
2017-18,2017-18,True,,Q3 (Jan-Mar),09 MAR,485 Temporary Graduate,Primary,Male,Post-Vocational Education Work,Post-Vocational Education Work,861
2017-18,2017-18,True,,Q3 (Jan-Mar),09 MAR,485 Temporary Graduate,Secondary,Female,Post-Higher Education Work,Post-Higher Education Work,770
2017-18,2017-18,True,,Q3 (Jan-Mar),09 MAR,485 Temporary Graduate,Secondary,Female,Post-Vocational Education Work,Post-Vocational Education Work,197
2017-18,2017-18,True,,Q3 (Jan-Mar),09 MAR,485 Temporary Graduate,Secondary,Male,Post-Higher Education Work,Post-Higher Education Work,1018
2017-18,2017-18,True,,Q3 (Jan-Mar),09 MAR,485 Temporary Graduate,Secondary,Male,Post-Vocational Education Work,Post-Vocational Education Work,209
2017-18,2017-18,True,,Q4 (Apr-Jun),10 APR,485 Temporary Graduate,Primary,Female,Post-Higher Education Work,Post-Higher Education Work,445
2017-18,2017-18,True,,Q4 (Apr-Jun),10 APR,485 Temporary Graduate,Primary,Female,Post-Vocational Education Work,Post-Vocational Education Work,123
2017-18,2017-18,True,,Q4 (Apr-Jun),10 APR,485 Temporary Graduate,Primary,Male,Post-Higher Education Work,Post-Higher Education Work,520
2017-18,2017-18,True,,Q4 (Apr-Jun),10 APR,485 Temporary Graduate,Primary,Male,Post-Vocational Education Work,Post-Vocational Education Work,200
2017-18,2017-18,True,,Q4 (Apr-Jun),10 APR,485 Temporary Graduate,Secondary,Female,Post-Higher Education Work,Post-Higher Education Work,335
2017-18,2017-18,True,,Q4 (Apr-Jun),10 APR,485 Temporary Graduate,Secondary,Female,Post-Vocational Education Work,Post-Vocational Education Work,61
2017-18,2017-18,True,,Q4 (Apr-Jun),10 APR,485 Temporary Graduate,Secondary,Male,Post-Higher Education Work,Post-Higher Education Work,297
2017-18,2017-18,True,,Q4 (Apr-Jun),10 APR,485 Temporary Graduate,Secondary,Male,Post-Vocational Education Work,Post-Vocational Education Work,60
2017-18,2017-18,True,,Q4 (Apr-Jun),11 MAY,485 Temporary Graduate,Primary,Female,Post-Higher Education Work,Post-Higher Education Work,388
2017-18,2017-18,True,,Q4 (Apr-Jun),11 MAY,485 Temporary Graduate,Primary,Female,Post-Vocational Education Work,Post-Vocational Education Work,183
2017-18,2017-18,True,,Q4 (Apr-Jun),11 MAY,485 Temporary Graduate,Primary,Male,Post-Higher Education Work,Post-Higher Education Work,451
2017-18,2017-18,True,,Q4 (Apr-Jun),11 MAY,485 Temporary Graduate,Primary,Male,Post-Vocational Education Work,Post-Vocational Education Work,311
2017-18,2017-18,True,,Q4 (Apr-Jun),11 MAY,485 Temporary Graduate,Secondary,Female,Post-Higher Education Work,Post-Higher Education Work,335
2017-18,2017-18,True,,Q4 (Apr-Jun),11 MAY,485 Temporary Graduate,Secondary,Female,Post-Vocational Education Work,Post-Vocational Education Work,97
2017-18,2017-18,True,,Q4 (Apr-Jun),11 MAY,485 Temporary Graduate,Secondary,Male,Post-Higher Education Work,Post-Higher Education Work,207
2017-18,2017-18,True,,Q4 (Apr-Jun),11 MAY,485 Temporary Graduate,Secondary,Male,Post-Vocational Education Work,Post-Vocational Education Work,97
2017-18,2017-18,True,,Q4 (Apr-Jun),12 JUN,485 Temporary Graduate,Primary,Female,Post-Higher Education Work,Post-Higher Education Work,339
2017-18,2017-18,True,,Q4 (Apr-Jun),12 JUN,485 Temporary Graduate,Primary,Female,Post-Vocational Education Work,Post-Vocational Education Work,166
2017-18,2017-18,True,,Q4 (Apr-Jun),12 JUN,485 Temporary Graduate,Primary,Male,Post-Higher Education Work,Post-Higher Education Work,356
2017-18,2017-18,True,,Q4 (Apr-Jun),12 JUN,485 Temporary Graduate,Primary,Male,Post-Vocational Education Work,Post-Vocational Education Work,273
2017-18,2017-18,True,,Q4 (Apr-Jun),12 JUN,485 Temporary Graduate,Secondary,Female,Post-Higher Education Work,Post-Higher Education Work,261
2017-18,2017-18,True,,Q4 (Apr-Jun),12 JUN,485 Temporary Graduate,Secondary,Female,Post-Vocational Education Work,Post-Vocational Education Work,107
2017-18,2017-18,True,,Q4 (Apr-Jun),12 JUN,485 Temporary Graduate,Secondary,Male,Post-Higher Education Work,Post-Higher Education Work,188
2017-18,2017-18,True,,Q4 (Apr-Jun),12 JUN,485 Temporary Graduate,Secondary,Male,Post-Vocational Education Work,Post-Vocational Education Work,76
2018-19,2018-19,True,,Q1 (Jul-Sep),01 JUL,485 Temporary Graduate,Primary,Female,Post-Higher Education Work,Post-Higher Education Work,1527
2018-19,2018-19,True,,Q1 (Jul-Sep),01 JUL,485 Temporary Graduate,Primary,Female,Post-Vocational Education Work,Post-Vocational Education Work,181
2018-19,2018-19,True,,Q1 (Jul-Sep),01 JUL,485 Temporary Graduate,Primary,Male,Post-Higher Education Work,Post-Higher Education Work,1754
2018-19,2018-19,True,,Q1 (Jul-Sep),01 JUL,485 Temporary Graduate,Primary,Male,Post-Vocational Education Work,Post-Vocational Education Work,355
2018-19,2018-19,True,,Q1 (Jul-Sep),01 JUL,485 Temporary Graduate,Secondary,Female,Post-Higher Education Work,Post-Higher Education Work,499
2018-19,2018-19,True,,Q1 (Jul-Sep),01 JUL,485 Temporary Graduate,Secondary,Female,Post-Vocational Education Work,Post-Vocational Education Work,126
2018-19,2018-19,True,,Q1 (Jul-Sep),01 JUL,485 Temporary Graduate,Secondary,Male,Post-Higher Education Work,Post-Higher Education Work,520
2018-19,2018-19,True,,Q1 (Jul-Sep),01 JUL,485 Temporary Graduate,Secondary,Male,Post-Vocational Education Work,Post-Vocational Education Work,75
2018-19,2018-19,True,,Q1 (Jul-Sep),02 AUG,485 Temporary Graduate,Primary,Female,Post-Higher Education Work,Post-Higher Education Work,3922
2018-19,2018-19,True,,Q1 (Jul-Sep),02 AUG,485 Temporary Graduate,Primary,Female,Post-Vocational Education Work,Post-Vocational Education Work,404
2018-19,2018-19,True,,Q1 (Jul-Sep),02 AUG,485 Temporary Graduate,Primary,Male,Post-Higher Education Work,Post-Higher Education Work,4860
2018-19,2018-19,True,,Q1 (Jul-Sep),02 AUG,485 Temporary Graduate,Primary,Male,Post-Vocational Education Work,Post-Vocational Education Work,763
2018-19,2018-19,True,,Q1 (Jul-Sep),02 AUG,485 Temporary Graduate,Secondary,Female,Post-Higher Education Work,Post-Higher Education Work,1120
2018-19,2018-19,True,,Q1 (Jul-Sep),02 AUG,485 Temporary Graduate,Secondary,Female,Post-Vocational Education Work,Post-Vocational Education Work,216
2018-19,2018-19,True,,Q1 (Jul-Sep),02 AUG,485 Temporary Graduate,Secondary,Male,Post-Higher Education Work,Post-Higher Education Work,1339
2018-19,2018-19,True,,Q1 (Jul-Sep),02 AUG,485 Temporary Graduate,Secondary,Male,Post-Vocational Education Work,Post-Vocational Education Work,180
2018-19,2018-19,True,,Q1 (Jul-Sep),03 SEP,485 Temporary Graduate,Primary,Female,Post-Higher Education Work,Post-Higher Education Work,1346
2018-19,2018-19,True,,Q1 (Jul-Sep),03 SEP,485 Temporary Graduate,Primary,Female,Post-Vocational Education Work,Post-Vocational Education Work,193
2018-19,2018-19,True,,Q1 (Jul-Sep),03 SEP,485 Temporary Graduate,Primary,Male,Post-Higher Education Work,Post-Higher Education Work,1818
2018-19,2018-19,True,,Q1 (Jul-Sep),03 SEP,485 Temporary Graduate,Primary,Male,Post-Vocational Education Work,Post-Vocational Education Work,380
2018-19,2018-19,True,,Q1 (Jul-Sep),03 SEP,485 Temporary Graduate,Secondary,Female,Post-Higher Education Work,Post-Higher Education Work,605
2018-19,2018-19,True,,Q1 (Jul-Sep),03 SEP,485 Temporary Graduate,Secondary,Female,Post-Vocational Education Work,Post-Vocational Education Work,115
2018-19,2018-19,True,,Q1 (Jul-Sep),03 SEP,485 Temporary Graduate,Secondary,Male,Post-Higher Education Work,Post-Higher Education Work,665
2018-19,2018-19,True,,Q1 (Jul-Sep),03 SEP,485 Temporary Graduate,Secondary,Male,Post-Vocational Education Work,Post-Vocational Education Work,95
2018-19,2018-19,True,,Q2 (Oct-Dec),04 OCT,485 Temporary Graduate,Primary,Female,Post-Higher Education Work,Post-Higher Education Work,389
2018-19,2018-19,True,,Q2 (Oct-Dec),04 OCT,485 Temporary Graduate,Primary,Female,Post-Vocational Education Work,Post-Vocational Education Work,136
2018-19,2018-19,True,,Q2 (Oct-Dec),04 OCT,485 Temporary Graduate,Primary,Male,Post-Higher Education Work,Post-Higher Education Work,476
2018-19,2018-19,True,,Q2 (Oct-Dec),04 OCT,485 Temporary Graduate,Primary,Male,Post-Vocational Education Work,Post-Vocational Education Work,249
2018-19,2018-19,True,,Q2 (Oct-Dec),04 OCT,485 Temporary Graduate,Secondary,Female,Post-Higher Education Work,Post-Higher Education Work,351
2018-19,2018-19,True,,Q2 (Oct-Dec),04 OCT,485 Temporary Graduate,Secondary,Female,Post-Vocational Education Work,Post-Vocational Education Work,99
2018-19,2018-19,True,,Q2 (Oct-Dec),04 OCT,485 Temporary Graduate,Secondary,Male,Post-Vocational Education Work,Post-Vocational Education Work,90
2018-19,2018-19,True,,Q2 (Oct-Dec),04 OCT,485 Temporary Graduate,Secondary,Male,Post-Higher Education Work,Post-Higher Education Work,274
2018-19,2018-19,True,,Q2 (Oct-Dec),05 NOV,485 Temporary Graduate,Primary,Female,Post-Higher Education Work,Post-Higher Education Work,592
2018-19,2018-19,True,,Q2 (Oct-Dec),05 NOV,485 Temporary Graduate,Primary,Female,Post-Vocational Education Work,Post-Vocational Education Work,236
2018-19,2018-19,True,,Q2 (Oct-Dec),05 NOV,485 Temporary Graduate,Primary,Male,Post-Higher Education Work,Post-Higher Education Work,820
2018-19,2018-19,True,,Q2 (Oct-Dec),05 NOV,485 Temporary Graduate,Primary,Male,Post-Vocational Education Work,Post-Vocational Education Work,284
2018-19,2018-19,True,,Q2 (Oct-Dec),05 NOV,485 Temporary Graduate,Secondary,Female,Post-Higher Education Work,Post-Higher Education Work,356
2018-19,2018-19,True,,Q2 (Oct-Dec),05 NOV,485 Temporary Graduate,Secondary,Female,Post-Vocational Education Work,Post-Vocational Education Work,108
2018-19,2018-19,True,,Q2 (Oct-Dec),05 NOV,485 Temporary Graduate,Secondary,Male,Post-Higher Education Work,Post-Higher Education Work,349
2018-19,2018-19,True,,Q2 (Oct-Dec),05 NOV,485 Temporary Graduate,Secondary,Male,Post-Vocational Education Work,Post-Vocational Education Work,133
2018-19,2018-19,True,,Q2 (Oct-Dec),06 DEC,485 Temporary Graduate,Primary,Female,Post-Higher Education Work,Post-Higher Education Work,1562
2018-19,2018-19,True,,Q2 (Oct-Dec),06 DEC,485 Temporary Graduate,Primary,Female,Post-Vocational Education Work,Post-Vocational Education Work,166
2018-19,2018-19,True,,Q2 (Oct-Dec),06 DEC,485 Temporary Graduate,Primary,Male,Post-Higher Education Work,Post-Higher Education Work,1878
2018-19,2018-19,True,,Q2 (Oct-Dec),06 DEC,485 Temporary Graduate,Primary,Male,Post-Vocational Education Work,Post-Vocational Education Work,312
2018-19,2018-19,True,,Q2 (Oct-Dec),06 DEC,485 Temporary Graduate,Secondary,Female,Post-Higher Education Work,Post-Higher Education Work,494
2018-19,2018-19,True,,Q2 (Oct-Dec),06 DEC,485 Temporary Graduate,Secondary,Female,Post-Vocational Education Work,Post-Vocational Education Work,102
2018-19,2018-19,True,,Q2 (Oct-Dec),06 DEC,485 Temporary Graduate,Secondary,Male,Post-Higher Education Work,Post-Higher Education Work,578
2018-19,2018-19,True,,Q2 (Oct-Dec),06 DEC,485 Temporary Graduate,Secondary,Male,Post-Vocational Education Work,Post-Vocational Education Work,76
2018-19,2018-19,True,,Q3 (Jan-Mar),07 JAN,485 Temporary Graduate,Primary,Female,Post-Vocational Education Work,Post-Vocational Education Work,191
2018-19,2018-19,True,,Q3 (Jan-Mar),07 JAN,485 Temporary Graduate,Primary,Female,Post-Higher Education Work,Post-Higher Education Work,2335
2018-19,2018-19,True,,Q3 (Jan-Mar),07 JAN,485 Temporary Graduate,Primary,Male,Post-Higher Education Work,Post-Higher Education Work,2682
2018-19,2018-19,True,,Q3 (Jan-Mar),07 JAN,485 Temporary Graduate,Primary,Male,Post-Vocational Education Work,Post-Vocational Education Work,313
2018-19,2018-19,True,,Q3 (Jan-Mar),07 JAN,485 Temporary Graduate,Secondary,Female,Post-Higher Education Work,Post-Higher Education Work,742
2018-19,2018-19,True,,Q3 (Jan-Mar),07 JAN,485 Temporary Graduate,Secondary,Female,Post-Vocational Education Work,Post-Vocational Education Work,91
2018-19,2018-19,True,,Q3 (Jan-Mar),07 JAN,485 Temporary Graduate,Secondary,Male,Post-Higher Education Work,Post-Higher Education Work,878
2018-19,2018-19,True,,Q3 (Jan-Mar),07 JAN,485 Temporary Graduate,Secondary,Male,Post-Vocational Education Work,Post-Vocational Education Work,83
2018-19,2018-19,True,,Q3 (Jan-Mar),08 FEB,485 Temporary Graduate,Primary,Female,Post-Higher Education Work,Post-Higher Education Work,2919
2018-19,2018-19,True,,Q3 (Jan-Mar),08 FEB,485 Temporary Graduate,Primary,Female,Post-Vocational Education Work,Post-Vocational Education Work,286
2018-19,2018-19,True,,Q3 (Jan-Mar),08 FEB,485 Temporary Graduate,Primary,Male,Post-Higher Education Work,Post-Higher Education Work,2692
2018-19,2018-19,True,,Q3 (Jan-Mar),08 FEB,485 Temporary Graduate,Primary,Male,Post-Vocational Education Work,Post-Vocational Education Work,409
2018-19,2018-19,True,,Q3 (Jan-Mar),08 FEB,485 Temporary Graduate,Secondary,Female,Post-Higher Education Work,Post-Higher Education Work,698
2018-19,2018-19,True,,Q3 (Jan-Mar),08 FEB,485 Temporary Graduate,Secondary,Female,Post-Vocational Education Work,Post-Vocational Education Work,132
2018-19,2018-19,True,,Q3 (Jan-Mar),08 FEB,485 Temporary Graduate,Secondary,Male,Post-Higher Education Work,Post-Higher Education Work,888
2018-19,2018-19,True,,Q3 (Jan-Mar),08 FEB,485 Temporary Graduate,Secondary,Male,Post-Vocational Education Work,Post-Vocational Education Work,105
2018-19,2018-19,True,,Q3 (Jan-Mar),09 MAR,485 Temporary Graduate,Primary,Female,Post-Higher Education Work,Post-Higher Education Work,4190
2018-19,2018-19,True,,Q3 (Jan-Mar),09 MAR,485 Temporary Graduate,Primary,Female,Post-Vocational Education Work,Post-Vocational Education Work,630
2018-19,2018-19,True,,Q3 (Jan-Mar),09 MAR,485 Temporary Graduate,Primary,Male,Post-Higher Education Work,Post-Higher Education Work,4275
2018-19,2018-19,True,,Q3 (Jan-Mar),09 MAR,485 Temporary Graduate,Primary,Male,Post-Vocational Education Work,Post-Vocational Education Work,931
2018-19,2018-19,True,,Q3 (Jan-Mar),09 MAR,485 Temporary Graduate,Secondary,Female,Post-Vocational Education Work,Post-Vocational Education Work,293
2018-19,2018-19,True,,Q3 (Jan-Mar),09 MAR,485 Temporary Graduate,Secondary,Female,Post-Higher Education Work,Post-Higher Education Work,1058
2018-19,2018-19,True,,Q3 (Jan-Mar),09 MAR,485 Temporary Graduate,Secondary,Male,Post-Higher Education Work,Post-Higher Education Work,1296
2018-19,2018-19,True,,Q3 (Jan-Mar),09 MAR,485 Temporary Graduate,Secondary,Male,Post-Vocational Education Work,Post-Vocational Education Work,245
2018-19,2018-19,True,,Q4 (Apr-Jun),10 APR,485 Temporary Graduate,Primary,Female,Post-Higher Education Work,Post-Higher Education Work,505
2018-19,2018-19,True,,Q4 (Apr-Jun),10 APR,485 Temporary Graduate,Primary,Female,Post-Vocational Education Work,Post-Vocational Education Work,158
2018-19,2018-19,True,,Q4 (Apr-Jun),10 APR,485 Temporary Graduate,Primary,Male,Post-Higher Education Work,Post-Higher Education Work,810
2018-19,2018-19,True,,Q4 (Apr-Jun),10 APR,485 Temporary Graduate,Primary,Male,Post-Vocational Education Work,Post-Vocational Education Work,231
2018-19,2018-19,True,,Q4 (Apr-Jun),10 APR,485 Temporary Graduate,Secondary,Female,Post-Higher Education Work,Post-Higher Education Work,440
2018-19,2018-19,True,,Q4 (Apr-Jun),10 APR,485 Temporary Graduate,Secondary,Female,Post-Vocational Education Work,Post-Vocational Education Work,123
2018-19,2018-19,True,,Q4 (Apr-Jun),10 APR,485 Temporary Graduate,Secondary,Male,Post-Higher Education Work,Post-Higher Education Work,361
2018-19,2018-19,True,,Q4 (Apr-Jun),10 APR,485 Temporary Graduate,Secondary,Male,Post-Vocational Education Work,Post-Vocational Education Work,90
2018-19,2018-19,True,,Q4 (Apr-Jun),11 MAY,485 Temporary Graduate,Primary,Female,Post-Higher Education Work,Post-Higher Education Work,448
2018-19,2018-19,True,,Q4 (Apr-Jun),11 MAY,485 Temporary Graduate,Primary,Female,Post-Vocational Education Work,Post-Vocational Education Work,228
2018-19,2018-19,True,,Q4 (Apr-Jun),11 MAY,485 Temporary Graduate,Primary,Male,Post-Higher Education Work,Post-Higher Education Work,537
2018-19,2018-19,True,,Q4 (Apr-Jun),11 MAY,485 Temporary Graduate,Primary,Male,Post-Vocational Education Work,Post-Vocational Education Work,359
2018-19,2018-19,True,,Q4 (Apr-Jun),11 MAY,485 Temporary Graduate,Secondary,Female,Post-Higher Education Work,Post-Higher Education Work,366
2018-19,2018-19,True,,Q4 (Apr-Jun),11 MAY,485 Temporary Graduate,Secondary,Female,Post-Vocational Education Work,Post-Vocational Education Work,158
2018-19,2018-19,True,,Q4 (Apr-Jun),11 MAY,485 Temporary Graduate,Secondary,Male,Post-Higher Education Work,Post-Higher Education Work,255
2018-19,2018-19,True,,Q4 (Apr-Jun),11 MAY,485 Temporary Graduate,Secondary,Male,Post-Vocational Education Work,Post-Vocational Education Work,115
2018-19,2018-19,True,,Q4 (Apr-Jun),12 JUN,485 Temporary Graduate,Primary,Female,Post-Higher Education Work,Post-Higher Education Work,463
2018-19,2018-19,True,,Q4 (Apr-Jun),12 JUN,485 Temporary Graduate,Primary,Female,Post-Vocational Education Work,Post-Vocational Education Work,221
2018-19,2018-19,True,,Q4 (Apr-Jun),12 JUN,485 Temporary Graduate,Primary,Male,Post-Vocational Education Work,Post-Vocational Education Work,260
2018-19,2018-19,True,,Q4 (Apr-Jun),12 JUN,485 Temporary Graduate,Primary,Male,Post-Higher Education Work,Post-Higher Education Work,483
2018-19,2018-19,True,,Q4 (Apr-Jun),12 JUN,485 Temporary Graduate,Secondary,Female,Post-Vocational Education Work,Post-Vocational Education Work,123
2018-19,2018-19,True,,Q4 (Apr-Jun),12 JUN,485 Temporary Graduate,Secondary,Female,Post-Higher Education Work,Post-Higher Education Work,328
2018-19,2018-19,True,,Q4 (Apr-Jun),12 JUN,485 Temporary Graduate,Secondary,Male,Post-Vocational Education Work,Post-Vocational Education Work,93
2018-19,2018-19,True,,Q4 (Apr-Jun),12 JUN,485 Temporary Graduate,Secondary,Male,Post-Higher Education Work,Post-Higher Education Work,232
2019-20,2019-20,True,,Q1 (Jul-Sep),01 JUL,485 Temporary Graduate,Primary,Female,Post-Higher Education Work,Post-Higher Education Work,1661
2019-20,2019-20,True,,Q1 (Jul-Sep),01 JUL,485 Temporary Graduate,Primary,Female,Post-Vocational Education Work,Post-Vocational Education Work,176
2019-20,2019-20,True,,Q1 (Jul-Sep),01 JUL,485 Temporary Graduate,Primary,Male,Post-Higher Education Work,Post-Higher Education Work,1958
2019-20,2019-20,True,,Q1 (Jul-Sep),01 JUL,485 Temporary Graduate,Primary,Male,Post-Vocational Education Work,Post-Vocational Education Work,339
2019-20,2019-20,True,,Q1 (Jul-Sep),01 JUL,485 Temporary Graduate,Secondary,Female,Post-Higher Education Work,Post-Higher Education Work,587
2019-20,2019-20,True,,Q1 (Jul-Sep),01 JUL,485 Temporary Graduate,Secondary,Female,Post-Vocational Education Work,Post-Vocational Education Work,142
2019-20,2019-20,True,,Q1 (Jul-Sep),01 JUL,485 Temporary Graduate,Secondary,Male,Post-Higher Education Work,Post-Higher Education Work,612
2019-20,2019-20,True,,Q1 (Jul-Sep),01 JUL,485 Temporary Graduate,Secondary,Male,Post-Vocational Education Work,Post-Vocational Education Work,97
2019-20,2019-20,True,,Q1 (Jul-Sep),02 AUG,485 Temporary Graduate,Primary,Female,Post-Higher Education Work,Post-Higher Education Work,4630
2019-20,2019-20,True,,Q1 (Jul-Sep),02 AUG,485 Temporary Graduate,Primary,Female,Post-Vocational Education Work,Post-Vocational Education Work,435
2019-20,2019-20,True,,Q1 (Jul-Sep),02 AUG,485 Temporary Graduate,Primary,Male,Post-Higher Education Work,Post-Higher Education Work,5963
2019-20,2019-20,True,,Q1 (Jul-Sep),02 AUG,485 Temporary Graduate,Primary,Male,Post-Vocational Education Work,Post-Vocational Education Work,674
2019-20,2019-20,True,,Q1 (Jul-Sep),02 AUG,485 Temporary Graduate,Secondary,Female,Post-Higher Education Work,Post-Higher Education Work,1308
2019-20,2019-20,True,,Q1 (Jul-Sep),02 AUG,485 Temporary Graduate,Secondary,Female,Post-Vocational Education Work,Post-Vocational Education Work,241
2019-20,2019-20,True,,Q1 (Jul-Sep),02 AUG,485 Temporary Graduate,Secondary,Male,Post-Vocational Education Work,Post-Vocational Education Work,192
2019-20,2019-20,True,,Q1 (Jul-Sep),02 AUG,485 Temporary Graduate,Secondary,Male,Post-Higher Education Work,Post-Higher Education Work,1597
2019-20,2019-20,True,,Q1 (Jul-Sep),03 SEP,485 Temporary Graduate,Primary,Female,Post-Vocational Education Work,Post-Vocational Education Work,202
2019-20,2019-20,True,,Q1 (Jul-Sep),03 SEP,485 Temporary Graduate,Primary,Female,Post-Higher Education Work,Post-Higher Education Work,1899
2019-20,2019-20,True,,Q1 (Jul-Sep),03 SEP,485 Temporary Graduate,Primary,Male,Post-Higher Education Work,Post-Higher Education Work,2634
2019-20,2019-20,True,,Q1 (Jul-Sep),03 SEP,485 Temporary Graduate,Primary,Male,Post-Vocational Education Work,Post-Vocational Education Work,353
2019-20,2019-20,True,,Q1 (Jul-Sep),03 SEP,485 Temporary Graduate,Secondary,Female,Post-Vocational Education Work,Post-Vocational Education Work,155
2019-20,2019-20,True,,Q1 (Jul-Sep),03 SEP,485 Temporary Graduate,Secondary,Female,Post-Higher Education Work,Post-Higher Education Work,801
2019-20,2019-20,True,,Q1 (Jul-Sep),03 SEP,485 Temporary Graduate,Secondary,Male,Post-Vocational Education Work,Post-Vocational Education Work,101
2019-20,2019-20,True,,Q1 (Jul-Sep),03 SEP,485 Temporary Graduate,Secondary,Male,Post-Higher Education Work,Post-Higher Education Work,969
2019-20,2019-20,True,,Q2 (Oct-Dec),04 OCT,485 Temporary Graduate,Primary,Female,Post-Higher Education Work,Post-Higher Education Work,522
2019-20,2019-20,True,,Q2 (Oct-Dec),04 OCT,485 Temporary Graduate,Primary,Female,Post-Vocational Education Work,Post-Vocational Education Work,155
2019-20,2019-20,True,,Q2 (Oct-Dec),04 OCT,485 Temporary Graduate,Primary,Male,Post-Higher Education Work,Post-Higher Education Work,682
2019-20,2019-20,True,,Q2 (Oct-Dec),04 OCT,485 Temporary Graduate,Primary,Male,Post-Vocational Education Work,Post-Vocational Education Work,254
2019-20,2019-20,True,,Q2 (Oct-Dec),04 OCT,485 Temporary Graduate,Secondary,Female,Post-Higher Education Work,Post-Higher Education Work,414
2019-20,2019-20,True,,Q2 (Oct-Dec),04 OCT,485 Temporary Graduate,Secondary,Female,Post-Vocational Education Work,Post-Vocational Education Work,126
2019-20,2019-20,True,,Q2 (Oct-Dec),04 OCT,485 Temporary Graduate,Secondary,Male,Post-Higher Education Work,Post-Higher Education Work,328
2019-20,2019-20,True,,Q2 (Oct-Dec),04 OCT,485 Temporary Graduate,Secondary,Male,Post-Vocational Education Work,Post-Vocational Education Work,82
2019-20,2019-20,True,,Q2 (Oct-Dec),05 NOV,485 Temporary Graduate,Primary,Female,Post-Higher Education Work,Post-Higher Education Work,646
2019-20,2019-20,True,,Q2 (Oct-Dec),05 NOV,485 Temporary Graduate,Primary,Female,Post-Vocational Education Work,Post-Vocational Education Work,230
2019-20,2019-20,True,,Q2 (Oct-Dec),05 NOV,485 Temporary Graduate,Primary,Male,Post-Higher Education Work,Post-Higher Education Work,871
2019-20,2019-20,True,,Q2 (Oct-Dec),05 NOV,485 Temporary Graduate,Primary,Male,Post-Vocational Education Work,Post-Vocational Education Work,304
2019-20,2019-20,True,,Q2 (Oct-Dec),05 NOV,485 Temporary Graduate,Secondary,Female,Post-Higher Education Work,Post-Higher Education Work,428
2019-20,2019-20,True,,Q2 (Oct-Dec),05 NOV,485 Temporary Graduate,Secondary,Female,Post-Vocational Education Work,Post-Vocational Education Work,112
2019-20,2019-20,True,,Q2 (Oct-Dec),05 NOV,485 Temporary Graduate,Secondary,Male,Post-Higher Education Work,Post-Higher Education Work,412
2019-20,2019-20,True,,Q2 (Oct-Dec),05 NOV,485 Temporary Graduate,Secondary,Male,Post-Vocational Education Work,Post-Vocational Education Work,93
2019-20,2019-20,True,,Q2 (Oct-Dec),06 DEC,485 Temporary Graduate,Primary,Female,Post-Higher Education Work,Post-Higher Education Work,1646
2019-20,2019-20,True,,Q2 (Oct-Dec),06 DEC,485 Temporary Graduate,Primary,Female,Post-Vocational Education Work,Post-Vocational Education Work,184
2019-20,2019-20,True,,Q2 (Oct-Dec),06 DEC,485 Temporary Graduate,Primary,Male,Post-Higher Education Work,Post-Higher Education Work,1995
2019-20,2019-20,True,,Q2 (Oct-Dec),06 DEC,485 Temporary Graduate,Primary,Male,Post-Vocational Education Work,Post-Vocational Education Work,285
2019-20,2019-20,True,,Q2 (Oct-Dec),06 DEC,485 Temporary Graduate,Primary,Not Specified,Post-Higher Education Work,Post-Higher Education Work,1
2019-20,2019-20,True,,Q2 (Oct-Dec),06 DEC,485 Temporary Graduate,Secondary,Female,Post-Higher Education Work,Post-Higher Education Work,575
2019-20,2019-20,True,,Q2 (Oct-Dec),06 DEC,485 Temporary Graduate,Secondary,Female,Post-Vocational Education Work,Post-Vocational Education Work,112
2019-20,2019-20,True,,Q2 (Oct-Dec),06 DEC,485 Temporary Graduate,Secondary,Male,Post-Higher Education Work,Post-Higher Education Work,707
2019-20,2019-20,True,,Q2 (Oct-Dec),06 DEC,485 Temporary Graduate,Secondary,Male,Post-Vocational Education Work,Post-Vocational Education Work,83
2019-20,2019-20,True,,Q3 (Jan-Mar),07 JAN,485 Temporary Graduate,Primary,Female,Post-Higher Education Work,Post-Higher Education Work,2367
2019-20,2019-20,True,,Q3 (Jan-Mar),07 JAN,485 Temporary Graduate,Primary,Female,Post-Vocational Education Work,Post-Vocational Education Work,179
2019-20,2019-20,True,,Q3 (Jan-Mar),07 JAN,485 Temporary Graduate,Primary,Male,Post-Higher Education Work,Post-Higher Education Work,2699
2019-20,2019-20,True,,Q3 (Jan-Mar),07 JAN,485 Temporary Graduate,Primary,Male,Post-Vocational Education Work,Post-Vocational Education Work,283
2019-20,2019-20,True,,Q3 (Jan-Mar),07 JAN,485 Temporary Graduate,Secondary,Female,Post-Higher Education Work,Post-Higher Education Work,725
2019-20,2019-20,True,,Q3 (Jan-Mar),07 JAN,485 Temporary Graduate,Secondary,Female,Post-Vocational Education Work,Post-Vocational Education Work,110
2019-20,2019-20,True,,Q3 (Jan-Mar),07 JAN,485 Temporary Graduate,Secondary,Male,Post-Higher Education Work,Post-Higher Education Work,883
2019-20,2019-20,True,,Q3 (Jan-Mar),07 JAN,485 Temporary Graduate,Secondary,Male,Post-Vocational Education Work,Post-Vocational Education Work,70
2019-20,2019-20,True,,Q3 (Jan-Mar),08 FEB,485 Temporary Graduate,Primary,Female,Post-Higher Education Work,Post-Higher Education Work,3013
2019-20,2019-20,True,,Q3 (Jan-Mar),08 FEB,485 Temporary Graduate,Primary,Female,Post-Vocational Education Work,Post-Vocational Education Work,281
2019-20,2019-20,True,,Q3 (Jan-Mar),08 FEB,485 Temporary Graduate,Primary,Male,Post-Higher Education Work,Post-Higher Education Work,2727
2019-20,2019-20,True,,Q3 (Jan-Mar),08 FEB,485 Temporary Graduate,Primary,Male,Post-Vocational Education Work,Post-Vocational Education Work,361
2019-20,2019-20,True,,Q3 (Jan-Mar),08 FEB,485 Temporary Graduate,Secondary,Female,Post-Higher Education Work,Post-Higher Education Work,793
2019-20,2019-20,True,,Q3 (Jan-Mar),08 FEB,485 Temporary Graduate,Secondary,Female,Post-Vocational Education Work,Post-Vocational Education Work,141
2019-20,2019-20,True,,Q3 (Jan-Mar),08 FEB,485 Temporary Graduate,Secondary,Male,Post-Higher Education Work,Post-Higher Education Work,1105
2019-20,2019-20,True,,Q3 (Jan-Mar),08 FEB,485 Temporary Graduate,Secondary,Male,Post-Vocational Education Work,Post-Vocational Education Work,121
2019-20,2019-20,True,,Q3 (Jan-Mar),09 MAR,485 Temporary Graduate,Primary,Female,Post-Higher Education Work,Post-Higher Education Work,5395
2019-20,2019-20,True,,Q3 (Jan-Mar),09 MAR,485 Temporary Graduate,Primary,Female,Post-Vocational Education Work,Post-Vocational Education Work,588
2019-20,2019-20,True,,Q3 (Jan-Mar),09 MAR,485 Temporary Graduate,Primary,Male,Post-Higher Education Work,Post-Higher Education Work,5525
2019-20,2019-20,True,,Q3 (Jan-Mar),09 MAR,485 Temporary Graduate,Primary,Male,Post-Vocational Education Work,Post-Vocational Education Work,881
2019-20,2019-20,True,,Q3 (Jan-Mar),09 MAR,485 Temporary Graduate,Secondary,Female,Post-Higher Education Work,Post-Higher Education Work,1223
2019-20,2019-20,True,,Q3 (Jan-Mar),09 MAR,485 Temporary Graduate,Secondary,Female,Post-Vocational Education Work,Post-Vocational Education Work,283
2019-20,2019-20,True,,Q3 (Jan-Mar),09 MAR,485 Temporary Graduate,Secondary,Male,Post-Higher Education Work,Post-Higher Education Work,1905
2019-20,2019-20,True,,Q3 (Jan-Mar),09 MAR,485 Temporary Graduate,Secondary,Male,Post-Vocational Education Work,Post-Vocational Education Work,248
2019-20,2019-20,True,,Q4 (Apr-Jun),10 APR,485 Temporary Graduate,Primary,Female,Post-Vocational Education Work,Post-Vocational Education Work,109
2019-20,2019-20,True,,Q4 (Apr-Jun),10 APR,485 Temporary Graduate,Primary,Female,Post-Higher Education Work,Post-Higher Education Work,504
2019-20,2019-20,True,,Q4 (Apr-Jun),10 APR,485 Temporary Graduate,Primary,Male,Post-Higher Education Work,Post-Higher Education Work,702
2019-20,2019-20,True,,Q4 (Apr-Jun),10 APR,485 Temporary Graduate,Primary,Male,Post-Vocational Education Work,Post-Vocational Education Work,186
2019-20,2019-20,True,,Q4 (Apr-Jun),10 APR,485 Temporary Graduate,Secondary,Female,Post-Higher Education Work,Post-Higher Education Work,306
2019-20,2019-20,True,,Q4 (Apr-Jun),10 APR,485 Temporary Graduate,Secondary,Female,Post-Vocational Education Work,Post-Vocational Education Work,85
2019-20,2019-20,True,,Q4 (Apr-Jun),10 APR,485 Temporary Graduate,Secondary,Male,Post-Higher Education Work,Post-Higher Education Work,331
2019-20,2019-20,True,,Q4 (Apr-Jun),10 APR,485 Temporary Graduate,Secondary,Male,Post-Vocational Education Work,Post-Vocational Education Work,57
2019-20,2019-20,True,,Q4 (Apr-Jun),11 MAY,485 Temporary Graduate,Primary,Female,Post-Higher Education Work,Post-Higher Education Work,377
2019-20,2019-20,True,,Q4 (Apr-Jun),11 MAY,485 Temporary Graduate,Primary,Female,Post-Vocational Education Work,Post-Vocational Education Work,198
2019-20,2019-20,True,,Q4 (Apr-Jun),11 MAY,485 Temporary Graduate,Primary,Male,Post-Higher Education Work,Post-Higher Education Work,447
2019-20,2019-20,True,,Q4 (Apr-Jun),11 MAY,485 Temporary Graduate,Primary,Male,Post-Vocational Education Work,Post-Vocational Education Work,255
2019-20,2019-20,True,,Q4 (Apr-Jun),11 MAY,485 Temporary Graduate,Secondary,Female,Post-Vocational Education Work,Post-Vocational Education Work,81
2019-20,2019-20,True,,Q4 (Apr-Jun),11 MAY,485 Temporary Graduate,Secondary,Female,Post-Higher Education Work,Post-Higher Education Work,233
2019-20,2019-20,True,,Q4 (Apr-Jun),11 MAY,485 Temporary Graduate,Secondary,Male,Post-Higher Education Work,Post-Higher Education Work,231
2019-20,2019-20,True,,Q4 (Apr-Jun),11 MAY,485 Temporary Graduate,Secondary,Male,Post-Vocational Education Work,Post-Vocational Education Work,92
2019-20,2019-20,True,,Q4 (Apr-Jun),12 JUN,485 Temporary Graduate,Primary,Female,Post-Higher Education Work,Post-Higher Education Work,405
2019-20,2019-20,True,,Q4 (Apr-Jun),12 JUN,485 Temporary Graduate,Primary,Female,Post-Vocational Education Work,Post-Vocational Education Work,191
2019-20,2019-20,True,,Q4 (Apr-Jun),12 JUN,485 Temporary Graduate,Primary,Male,Post-Vocational Education Work,Post-Vocational Education Work,304
2019-20,2019-20,True,,Q4 (Apr-Jun),12 JUN,485 Temporary Graduate,Primary,Male,Post-Higher Education Work,Post-Higher Education Work,544
2019-20,2019-20,True,,Q4 (Apr-Jun),12 JUN,485 Temporary Graduate,Secondary,Female,Post-Vocational Education Work,Post-Vocational Education Work,129
2019-20,2019-20,True,,Q4 (Apr-Jun),12 JUN,485 Temporary Graduate,Secondary,Female,Post-Higher Education Work,Post-Higher Education Work,213
2019-20,2019-20,True,,Q4 (Apr-Jun),12 JUN,485 Temporary Graduate,Secondary,Male,Post-Higher Education Work,Post-Higher Education Work,223
2019-20,2019-20,True,,Q4 (Apr-Jun),12 JUN,485 Temporary Graduate,Secondary,Male,Post-Vocational Education Work,Post-Vocational Education Work,92
2020-21,2020-21,True,,Q1 (Jul-Sep),01 JUL,485 Temporary Graduate,Primary,Female,Post-Higher Education Work,Post-Higher Education Work,1608
2020-21,2020-21,True,,Q1 (Jul-Sep),01 JUL,485 Temporary Graduate,Primary,Female,Post-Vocational Education Work,Post-Vocational Education Work,194
2020-21,2020-21,True,,Q1 (Jul-Sep),01 JUL,485 Temporary Graduate,Primary,Male,Post-Higher Education Work,Post-Higher Education Work,2041
2020-21,2020-21,True,,Q1 (Jul-Sep),01 JUL,485 Temporary Graduate,Primary,Male,Post-Vocational Education Work,Post-Vocational Education Work,339
2020-21,2020-21,True,,Q1 (Jul-Sep),01 JUL,485 Temporary Graduate,Secondary,Female,Post-Higher Education Work,Post-Higher Education Work,451
2020-21,2020-21,True,,Q1 (Jul-Sep),01 JUL,485 Temporary Graduate,Secondary,Female,Post-Vocational Education Work,Post-Vocational Education Work,130
2020-21,2020-21,True,,Q1 (Jul-Sep),01 JUL,485 Temporary Graduate,Secondary,Male,Post-Higher Education Work,Post-Higher Education Work,598
2020-21,2020-21,True,,Q1 (Jul-Sep),01 JUL,485 Temporary Graduate,Secondary,Male,Post-Vocational Education Work,Post-Vocational Education Work,85
2020-21,2020-21,True,,Q1 (Jul-Sep),01 JUL,485 Temporary Graduate,Secondary,Not Specified,Post-Higher Education Work,Post-Higher Education Work,1
2020-21,2020-21,True,,Q1 (Jul-Sep),02 AUG,485 Temporary Graduate,Primary,Female,Post-Higher Education Work,Post-Higher Education Work,4536
2020-21,2020-21,True,,Q1 (Jul-Sep),02 AUG,485 Temporary Graduate,Primary,Female,Post-Vocational Education Work,Post-Vocational Education Work,399
2020-21,2020-21,True,,Q1 (Jul-Sep),02 AUG,485 Temporary Graduate,Primary,Male,Post-Higher Education Work,Post-Higher Education Work,6337
2020-21,2020-21,True,,Q1 (Jul-Sep),02 AUG,485 Temporary Graduate,Primary,Male,Post-Vocational Education Work,Post-Vocational Education Work,725
2020-21,2020-21,True,,Q1 (Jul-Sep),02 AUG,485 Temporary Graduate,Secondary,Female,Post-Higher Education Work,Post-Higher Education Work,1186
2020-21,2020-21,True,,Q1 (Jul-Sep),02 AUG,485 Temporary Graduate,Secondary,Female,Post-Vocational Education Work,Post-Vocational Education Work,247
2020-21,2020-21,True,,Q1 (Jul-Sep),02 AUG,485 Temporary Graduate,Secondary,Male,Post-Higher Education Work,Post-Higher Education Work,1625
2020-21,2020-21,True,,Q1 (Jul-Sep),02 AUG,485 Temporary Graduate,Secondary,Male,Post-Vocational Education Work,Post-Vocational Education Work,146
2020-21,2020-21,True,,Q1 (Jul-Sep),03 SEP,485 Temporary Graduate,Primary,Female,Post-Vocational Education Work,Post-Vocational Education Work,261
2020-21,2020-21,True,,Q1 (Jul-Sep),03 SEP,485 Temporary Graduate,Primary,Female,Post-Higher Education Work,Post-Higher Education Work,2301
2020-21,2020-21,True,,Q1 (Jul-Sep),03 SEP,485 Temporary Graduate,Primary,Male,Post-Vocational Education Work,Post-Vocational Education Work,441
2020-21,2020-21,True,,Q1 (Jul-Sep),03 SEP,485 Temporary Graduate,Primary,Male,Post-Higher Education Work,Post-Higher Education Work,2886
2020-21,2020-21,True,,Q1 (Jul-Sep),03 SEP,485 Temporary Graduate,Secondary,Female,Post-Higher Education Work,Post-Higher Education Work,811
2020-21,2020-21,True,,Q1 (Jul-Sep),03 SEP,485 Temporary Graduate,Secondary,Female,Post-Vocational Education Work,Post-Vocational Education Work,143
2020-21,2020-21,True,,Q1 (Jul-Sep),03 SEP,485 Temporary Graduate,Secondary,Male,Post-Higher Education Work,Post-Higher Education Work,1277
2020-21,2020-21,True,,Q1 (Jul-Sep),03 SEP,485 Temporary Graduate,Secondary,Male,Post-Vocational Education Work,Post-Vocational Education Work,126
2020-21,2020-21,True,,Q2 (Oct-Dec),04 OCT,485 Temporary Graduate,Primary,Female,Post-Higher Education Work,Post-Higher Education Work,740
2020-21,2020-21,True,,Q2 (Oct-Dec),04 OCT,485 Temporary Graduate,Primary,Female,Post-Vocational Education Work,Post-Vocational Education Work,169
2020-21,2020-21,True,,Q2 (Oct-Dec),04 OCT,485 Temporary Graduate,Primary,Male,Post-Vocational Education Work,Post-Vocational Education Work,307
2020-21,2020-21,True,,Q2 (Oct-Dec),04 OCT,485 Temporary Graduate,Primary,Male,Post-Higher Education Work,Post-Higher Education Work,761
2020-21,2020-21,True,,Q2 (Oct-Dec),04 OCT,485 Temporary Graduate,Secondary,Female,Post-Higher Education Work,Post-Higher Education Work,345
2020-21,2020-21,True,,Q2 (Oct-Dec),04 OCT,485 Temporary Graduate,Secondary,Female,Post-Vocational Education Work,Post-Vocational Education Work,122
2020-21,2020-21,True,,Q2 (Oct-Dec),04 OCT,485 Temporary Graduate,Secondary,Male,Post-Higher Education Work,Post-Higher Education Work,411
2020-21,2020-21,True,,Q2 (Oct-Dec),04 OCT,485 Temporary Graduate,Secondary,Male,Post-Vocational Education Work,Post-Vocational Education Work,85
2020-21,2020-21,True,,Q2 (Oct-Dec),05 NOV,485 Temporary Graduate,Primary,Female,Post-Vocational Education Work,Post-Vocational Education Work,266
2020-21,2020-21,True,,Q2 (Oct-Dec),05 NOV,485 Temporary Graduate,Primary,Female,Post-Higher Education Work,Post-Higher Education Work,608
2020-21,2020-21,True,,Q2 (Oct-Dec),05 NOV,485 Temporary Graduate,Primary,Male,Post-Higher Education Work,Post-Higher Education Work,868
2020-21,2020-21,True,,Q2 (Oct-Dec),05 NOV,485 Temporary Graduate,Primary,Male,Post-Vocational Education Work,Post-Vocational Education Work,357
2020-21,2020-21,True,,Q2 (Oct-Dec),05 NOV,485 Temporary Graduate,Primary,Not Specified,Post-Vocational Education Work,Post-Vocational Education Work,2
2020-21,2020-21,True,,Q2 (Oct-Dec),05 NOV,485 Temporary Graduate,Secondary,Female,Post-Higher Education Work,Post-Higher Education Work,343
2020-21,2020-21,True,,Q2 (Oct-Dec),05 NOV,485 Temporary Graduate,Secondary,Female,Post-Vocational Education Work,Post-Vocational Education Work,131
2020-21,2020-21,True,,Q2 (Oct-Dec),05 NOV,485 Temporary Graduate,Secondary,Male,Post-Higher Education Work,Post-Higher Education Work,335
2020-21,2020-21,True,,Q2 (Oct-Dec),05 NOV,485 Temporary Graduate,Secondary,Male,Post-Vocational Education Work,Post-Vocational Education Work,107
2020-21,2020-21,True,,Q2 (Oct-Dec),06 DEC,485 Temporary Graduate,Primary,Female,Post-Higher Education Work,Post-Higher Education Work,1643
2020-21,2020-21,True,,Q2 (Oct-Dec),06 DEC,485 Temporary Graduate,Primary,Female,Post-Vocational Education Work,Post-Vocational Education Work,214
2020-21,2020-21,True,,Q2 (Oct-Dec),06 DEC,485 Temporary Graduate,Primary,Male,Post-Higher Education Work,Post-Higher Education Work,2082
2020-21,2020-21,True,,Q2 (Oct-Dec),06 DEC,485 Temporary Graduate,Primary,Male,Post-Vocational Education Work,Post-Vocational Education Work,401
2020-21,2020-21,True,,Q2 (Oct-Dec),06 DEC,485 Temporary Graduate,Secondary,Female,Post-Vocational Education Work,Post-Vocational Education Work,137
2020-21,2020-21,True,,Q2 (Oct-Dec),06 DEC,485 Temporary Graduate,Secondary,Female,Post-Higher Education Work,Post-Higher Education Work,488
2020-21,2020-21,True,,Q2 (Oct-Dec),06 DEC,485 Temporary Graduate,Secondary,Male,Post-Higher Education Work,Post-Higher Education Work,785
2020-21,2020-21,True,,Q2 (Oct-Dec),06 DEC,485 Temporary Graduate,Secondary,Male,Post-Vocational Education Work,Post-Vocational Education Work,118
2020-21,2020-21,True,,Q3 (Jan-Mar),07 JAN,485 Temporary Graduate,Primary,Female,Post-Higher Education Work,Post-Higher Education Work,2070
2020-21,2020-21,True,,Q3 (Jan-Mar),07 JAN,485 Temporary Graduate,Primary,Female,Post-Vocational Education Work,Post-Vocational Education Work,175
2020-21,2020-21,True,,Q3 (Jan-Mar),07 JAN,485 Temporary Graduate,Primary,Female,Post-Higher Education Work,Second Post-Higher Education Work,41
2020-21,2020-21,True,,Q3 (Jan-Mar),07 JAN,485 Temporary Graduate,Primary,Male,Post-Vocational Education Work,Post-Vocational Education Work,282
2020-21,2020-21,True,,Q3 (Jan-Mar),07 JAN,485 Temporary Graduate,Primary,Male,Post-Higher Education Work,Post-Higher Education Work,2371
2020-21,2020-21,True,,Q3 (Jan-Mar),07 JAN,485 Temporary Graduate,Primary,Male,Post-Higher Education Work,Second Post-Higher Education Work,43
2020-21,2020-21,True,,Q3 (Jan-Mar),07 JAN,485 Temporary Graduate,Secondary,Female,Post-Higher Education Work,Post-Higher Education Work,560
2020-21,2020-21,True,,Q3 (Jan-Mar),07 JAN,485 Temporary Graduate,Secondary,Female,Post-Vocational Education Work,Post-Vocational Education Work,84
2020-21,2020-21,True,,Q3 (Jan-Mar),07 JAN,485 Temporary Graduate,Secondary,Female,Post-Higher Education Work,Second Post-Higher Education Work,16
2020-21,2020-21,True,,Q3 (Jan-Mar),07 JAN,485 Temporary Graduate,Secondary,Male,Post-Higher Education Work,Post-Higher Education Work,777
2020-21,2020-21,True,,Q3 (Jan-Mar),07 JAN,485 Temporary Graduate,Secondary,Male,Post-Higher Education Work,Second Post-Higher Education Work,25
2020-21,2020-21,True,,Q3 (Jan-Mar),07 JAN,485 Temporary Graduate,Secondary,Male,Post-Vocational Education Work,Post-Vocational Education Work,80
2020-21,2020-21,True,,Q3 (Jan-Mar),08 FEB,485 Temporary Graduate,Primary,Female,Post-Higher Education Work,Post-Higher Education Work,2540
2020-21,2020-21,True,,Q3 (Jan-Mar),08 FEB,485 Temporary Graduate,Primary,Female,Post-Vocational Education Work,Post-Vocational Education Work,264
2020-21,2020-21,True,,Q3 (Jan-Mar),08 FEB,485 Temporary Graduate,Primary,Female,Post-Higher Education Work,Second Post-Higher Education Work,110
2020-21,2020-21,True,,Q3 (Jan-Mar),08 FEB,485 Temporary Graduate,Primary,Male,Post-Vocational Education Work,Post-Vocational Education Work,398
2020-21,2020-21,True,,Q3 (Jan-Mar),08 FEB,485 Temporary Graduate,Primary,Male,Post-Higher Education Work,Post-Higher Education Work,2377
2020-21,2020-21,True,,Q3 (Jan-Mar),08 FEB,485 Temporary Graduate,Primary,Male,Post-Higher Education Work,Second Post-Higher Education Work,126
2020-21,2020-21,True,,Q3 (Jan-Mar),08 FEB,485 Temporary Graduate,Secondary,Female,Post-Higher Education Work,Post-Higher Education Work,542
2020-21,2020-21,True,,Q3 (Jan-Mar),08 FEB,485 Temporary Graduate,Secondary,Female,Post-Vocational Education Work,Post-Vocational Education Work,131
2020-21,2020-21,True,,Q3 (Jan-Mar),08 FEB,485 Temporary Graduate,Secondary,Female,Post-Higher Education Work,Second Post-Higher Education Work,61
2020-21,2020-21,True,,Q3 (Jan-Mar),08 FEB,485 Temporary Graduate,Secondary,Male,Post-Higher Education Work,Post-Higher Education Work,905
2020-21,2020-21,True,,Q3 (Jan-Mar),08 FEB,485 Temporary Graduate,Secondary,Male,Post-Vocational Education Work,Post-Vocational Education Work,139
2020-21,2020-21,True,,Q3 (Jan-Mar),08 FEB,485 Temporary Graduate,Secondary,Male,Post-Higher Education Work,Second Post-Higher Education Work,60
2020-21,2020-21,True,,Q3 (Jan-Mar),09 MAR,485 Temporary Graduate,Primary,Female,Post-Vocational Education Work,Post-Vocational Education Work,749
2020-21,2020-21,True,,Q3 (Jan-Mar),09 MAR,485 Temporary Graduate,Primary,Female,Post-Higher Education Work,Post-Higher Education Work,7158
2020-21,2020-21,True,,Q3 (Jan-Mar),09 MAR,485 Temporary Graduate,Primary,Female,Post-Higher Education Work,Second Post-Higher Education Work,156
2020-21,2020-21,True,,Q3 (Jan-Mar),09 MAR,485 Temporary Graduate,Primary,Male,Post-Vocational Education Work,Post-Vocational Education Work,1176
2020-21,2020-21,True,,Q3 (Jan-Mar),09 MAR,485 Temporary Graduate,Primary,Male,Post-Higher Education Work,Post-Higher Education Work,7187
2020-21,2020-21,True,,Q3 (Jan-Mar),09 MAR,485 Temporary Graduate,Primary,Male,Post-Higher Education Work,Second Post-Higher Education Work,172
2020-21,2020-21,True,,Q3 (Jan-Mar),09 MAR,485 Temporary Graduate,Secondary,Female,Post-Vocational Education Work,Post-Vocational Education Work,378
2020-21,2020-21,True,,Q3 (Jan-Mar),09 MAR,485 Temporary Graduate,Secondary,Female,Post-Higher Education Work,Post-Higher Education Work,1367
2020-21,2020-21,True,,Q3 (Jan-Mar),09 MAR,485 Temporary Graduate,Secondary,Female,Post-Higher Education Work,Second Post-Higher Education Work,65
2020-21,2020-21,True,,Q3 (Jan-Mar),09 MAR,485 Temporary Graduate,Secondary,Male,Post-Higher Education Work,Post-Higher Education Work,2844
2020-21,2020-21,True,,Q3 (Jan-Mar),09 MAR,485 Temporary Graduate,Secondary,Male,Post-Vocational Education Work,Post-Vocational Education Work,373
2020-21,2020-21,True,,Q3 (Jan-Mar),09 MAR,485 Temporary Graduate,Secondary,Male,Post-Higher Education Work,Second Post-Higher Education Work,81
2020-21,2020-21,True,,Q4 (Apr-Jun),10 APR,485 Temporary Graduate,Primary,Female,Post-Higher Education Work,Post-Higher Education Work,914
2020-21,2020-21,True,,Q4 (Apr-Jun),10 APR,485 Temporary Graduate,Primary,Female,Post-Higher Education Work,Second Post-Higher Education Work,151
2020-21,2020-21,True,,Q4 (Apr-Jun),10 APR,485 Temporary Graduate,Primary,Female,Post-Vocational Education Work,Post-Vocational Education Work,215
2020-21,2020-21,True,,Q4 (Apr-Jun),10 APR,485 Temporary Graduate,Primary,Male,Post-Higher Education Work,Post-Higher Education Work,1167
2020-21,2020-21,True,,Q4 (Apr-Jun),10 APR,485 Temporary Graduate,Primary,Male,Post-Vocational Education Work,Post-Vocational Education Work,372
2020-21,2020-21,True,,Q4 (Apr-Jun),10 APR,485 Temporary Graduate,Primary,Male,Post-Higher Education Work,Second Post-Higher Education Work,160
2020-21,2020-21,True,,Q4 (Apr-Jun),10 APR,485 Temporary Graduate,Secondary,Female,Post-Higher Education Work,Post-Higher Education Work,333
2020-21,2020-21,True,,Q4 (Apr-Jun),10 APR,485 Temporary Graduate,Secondary,Female,Post-Vocational Education Work,Post-Vocational Education Work,128
2020-21,2020-21,True,,Q4 (Apr-Jun),10 APR,485 Temporary Graduate,Secondary,Female,Post-Higher Education Work,Second Post-Higher Education Work,54
2020-21,2020-21,True,,Q4 (Apr-Jun),10 APR,485 Temporary Graduate,Secondary,Male,Post-Higher Education Work,Post-Higher Education Work,562
2020-21,2020-21,True,,Q4 (Apr-Jun),10 APR,485 Temporary Graduate,Secondary,Male,Post-Higher Education Work,Second Post-Higher Education Work,82
2020-21,2020-21,True,,Q4 (Apr-Jun),10 APR,485 Temporary Graduate,Secondary,Male,Post-Vocational Education Work,Post-Vocational Education Work,131
2020-21,2020-21,True,,Q4 (Apr-Jun),11 MAY,485 Temporary Graduate,Primary,Female,Post-Higher Education Work,Post-Higher Education Work,540
2020-21,2020-21,True,,Q4 (Apr-Jun),11 MAY,485 Temporary Graduate,Primary,Female,Post-Higher Education Work,Second Post-Higher Education Work,141
2020-21,2020-21,True,,Q4 (Apr-Jun),11 MAY,485 Temporary Graduate,Primary,Female,Post-Vocational Education Work,Post-Vocational Education Work,321
2020-21,2020-21,True,,Q4 (Apr-Jun),11 MAY,485 Temporary Graduate,Primary,Male,Post-Vocational Education Work,Post-Vocational Education Work,519
2020-21,2020-21,True,,Q4 (Apr-Jun),11 MAY,485 Temporary Graduate,Primary,Male,Post-Higher Education Work,Post-Higher Education Work,689
2020-21,2020-21,True,,Q4 (Apr-Jun),11 MAY,485 Temporary Graduate,Primary,Male,Post-Higher Education Work,Second Post-Higher Education Work,131
2020-21,2020-21,True,,Q4 (Apr-Jun),11 MAY,485 Temporary Graduate,Secondary,Female,Post-Vocational Education Work,Post-Vocational Education Work,142
2020-21,2020-21,True,,Q4 (Apr-Jun),11 MAY,485 Temporary Graduate,Secondary,Female,Post-Higher Education Work,Post-Higher Education Work,233
2020-21,2020-21,True,,Q4 (Apr-Jun),11 MAY,485 Temporary Graduate,Secondary,Female,Post-Higher Education Work,Second Post-Higher Education Work,58
2020-21,2020-21,True,,Q4 (Apr-Jun),11 MAY,485 Temporary Graduate,Secondary,Male,Post-Higher Education Work,Post-Higher Education Work,281
2020-21,2020-21,True,,Q4 (Apr-Jun),11 MAY,485 Temporary Graduate,Secondary,Male,Post-Higher Education Work,Second Post-Higher Education Work,69
2020-21,2020-21,True,,Q4 (Apr-Jun),11 MAY,485 Temporary Graduate,Secondary,Male,Post-Vocational Education Work,Post-Vocational Education Work,129
2020-21,2020-21,True,,Q4 (Apr-Jun),12 JUN,485 Temporary Graduate,Primary,Female,Post-Vocational Education Work,Post-Vocational Education Work,339
2020-21,2020-21,True,,Q4 (Apr-Jun),12 JUN,485 Temporary Graduate,Primary,Female,Post-Higher Education Work,Post-Higher Education Work,578
2020-21,2020-21,True,,Q4 (Apr-Jun),12 JUN,485 Temporary Graduate,Primary,Female,Post-Higher Education Work,Second Post-Higher Education Work,72
2020-21,2020-21,True,,Q4 (Apr-Jun),12 JUN,485 Temporary Graduate,Primary,Male,Post-Higher Education Work,Post-Higher Education Work,669
2020-21,2020-21,True,,Q4 (Apr-Jun),12 JUN,485 Temporary Graduate,Primary,Male,Post-Vocational Education Work,Post-Vocational Education Work,463
2020-21,2020-21,True,,Q4 (Apr-Jun),12 JUN,485 Temporary Graduate,Primary,Male,Post-Higher Education Work,Second Post-Higher Education Work,85
2020-21,2020-21,True,,Q4 (Apr-Jun),12 JUN,485 Temporary Graduate,Secondary,Female,Post-Higher Education Work,Post-Higher Education Work,219
2020-21,2020-21,True,,Q4 (Apr-Jun),12 JUN,485 Temporary Graduate,Secondary,Female,Post-Vocational Education Work,Post-Vocational Education Work,134
2020-21,2020-21,True,,Q4 (Apr-Jun),12 JUN,485 Temporary Graduate,Secondary,Female,Post-Higher Education Work,Second Post-Higher Education Work,28
2020-21,2020-21,True,,Q4 (Apr-Jun),12 JUN,485 Temporary Graduate,Secondary,Male,Post-Vocational Education Work,Post-Vocational Education Work,157
2020-21,2020-21,True,,Q4 (Apr-Jun),12 JUN,485 Temporary Graduate,Secondary,Male,Post-Higher Education Work,Post-Higher Education Work,270
2020-21,2020-21,True,,Q4 (Apr-Jun),12 JUN,485 Temporary Graduate,Secondary,Male,Post-Higher Education Work,Second Post-Higher Education Work,25
2021-22,2021-22,True,,Q1 (Jul-Sep),01 JUL,485 Temporary Graduate,Primary,Female,Post-Higher Education Work,Post-Higher Education Work,1725
2021-22,2021-22,True,,Q1 (Jul-Sep),01 JUL,485 Temporary Graduate,Primary,Female,Post-Higher Education Work,Second Post-Higher Education Work,29
2021-22,2021-22,True,,Q1 (Jul-Sep),01 JUL,485 Temporary Graduate,Primary,Female,Post-Vocational Education Work,Post-Vocational Education Work,279
2021-22,2021-22,True,,Q1 (Jul-Sep),01 JUL,485 Temporary Graduate,Primary,Male,Post-Higher Education Work,Post-Higher Education Work,2004
2021-22,2021-22,True,,Q1 (Jul-Sep),01 JUL,485 Temporary Graduate,Primary,Male,Post-Higher Education Work,Second Post-Higher Education Work,63
2021-22,2021-22,True,,Q1 (Jul-Sep),01 JUL,485 Temporary Graduate,Primary,Male,Post-Vocational Education Work,Post-Vocational Education Work,490
2021-22,2021-22,True,,Q1 (Jul-Sep),01 JUL,485 Temporary Graduate,Primary,Not Specified,Post-Higher Education Work,Post-Higher Education Work,1
2021-22,2021-22,True,,Q1 (Jul-Sep),01 JUL,485 Temporary Graduate,Primary,Not Specified,Post-Vocational Education Work,Post-Vocational Education Work,1
2021-22,2021-22,True,,Q1 (Jul-Sep),01 JUL,485 Temporary Graduate,Secondary,Female,Post-Higher Education Work,Post-Higher Education Work,440
2021-22,2021-22,True,,Q1 (Jul-Sep),01 JUL,485 Temporary Graduate,Secondary,Female,Post-Vocational Education Work,Post-Vocational Education Work,149
2021-22,2021-22,True,,Q1 (Jul-Sep),01 JUL,485 Temporary Graduate,Secondary,Female,Post-Higher Education Work,Second Post-Higher Education Work,14
2021-22,2021-22,True,,Q1 (Jul-Sep),01 JUL,485 Temporary Graduate,Secondary,Male,Post-Higher Education Work,Post-Higher Education Work,651
2021-22,2021-22,True,,Q1 (Jul-Sep),01 JUL,485 Temporary Graduate,Secondary,Male,Post-Higher Education Work,Second Post-Higher Education Work,26
2021-22,2021-22,True,,Q1 (Jul-Sep),01 JUL,485 Temporary Graduate,Secondary,Male,Post-Vocational Education Work,Post-Vocational Education Work,125
2021-22,2021-22,True,,Q1 (Jul-Sep),02 AUG,485 Temporary Graduate,Primary,Female,Post-Higher Education Work,Post-Higher Education Work,4946
2021-22,2021-22,True,,Q1 (Jul-Sep),02 AUG,485 Temporary Graduate,Primary,Female,Post-Vocational Education Work,Post-Vocational Education Work,557
2021-22,2021-22,True,,Q1 (Jul-Sep),02 AUG,485 Temporary Graduate,Primary,Female,Post-Higher Education Work,Second Post-Higher Education Work,41
2021-22,2021-22,True,,Q1 (Jul-Sep),02 AUG,485 Temporary Graduate,Primary,Male,Post-Higher Education Work,Post-Higher Education Work,6250
2021-22,2021-22,True,,Q1 (Jul-Sep),02 AUG,485 Temporary Graduate,Primary,Male,Post-Vocational Education Work,Post-Vocational Education Work,970
2021-22,2021-22,True,,Q1 (Jul-Sep),02 AUG,485 Temporary Graduate,Primary,Male,Post-Higher Education Work,Second Post-Higher Education Work,62
2021-22,2021-22,True,,Q1 (Jul-Sep),02 AUG,485 Temporary Graduate,Primary,Not Specified,Post-Higher Education Work,Post-Higher Education Work,2
2021-22,2021-22,True,,Q1 (Jul-Sep),02 AUG,485 Temporary Graduate,Secondary,Female,Post-Higher Education Work,Post-Higher Education Work,1143
2021-22,2021-22,True,,Q1 (Jul-Sep),02 AUG,485 Temporary Graduate,Secondary,Female,Post-Vocational Education Work,Post-Vocational Education Work,287
2021-22,2021-22,True,,Q1 (Jul-Sep),02 AUG,485 Temporary Graduate,Secondary,Female,Post-Higher Education Work,Second Post-Higher Education Work,22
2021-22,2021-22,True,,Q1 (Jul-Sep),02 AUG,485 Temporary Graduate,Secondary,Male,Post-Higher Education Work,Post-Higher Education Work,1836
2021-22,2021-22,True,,Q1 (Jul-Sep),02 AUG,485 Temporary Graduate,Secondary,Male,Post-Vocational Education Work,Post-Vocational Education Work,251
2021-22,2021-22,True,,Q1 (Jul-Sep),02 AUG,485 Temporary Graduate,Secondary,Male,Post-Higher Education Work,Second Post-Higher Education Work,24
2021-22,2021-22,True,,Q1 (Jul-Sep),03 SEP,485 Temporary Graduate,Primary,Female,Post-Higher Education Work,Post-Higher Education Work,2263
2021-22,2021-22,True,,Q1 (Jul-Sep),03 SEP,485 Temporary Graduate,Primary,Female,Post-Higher Education Work,Second Post-Higher Education Work,104
2021-22,2021-22,True,,Q1 (Jul-Sep),03 SEP,485 Temporary Graduate,Primary,Female,Post-Vocational Education Work,Post-Vocational Education Work,374
2021-22,2021-22,True,,Q1 (Jul-Sep),03 SEP,485 Temporary Graduate,Primary,Male,Post-Higher Education Work,Post-Higher Education Work,3138
2021-22,2021-22,True,,Q1 (Jul-Sep),03 SEP,485 Temporary Graduate,Primary,Male,Post-Vocational Education Work,Post-Vocational Education Work,677
2021-22,2021-22,True,,Q1 (Jul-Sep),03 SEP,485 Temporary Graduate,Primary,Male,Post-Higher Education Work,Second Post-Higher Education Work,117
2021-22,2021-22,True,,Q1 (Jul-Sep),03 SEP,485 Temporary Graduate,Secondary,Female,Post-Higher Education Work,Post-Higher Education Work,834
2021-22,2021-22,True,,Q1 (Jul-Sep),03 SEP,485 Temporary Graduate,Secondary,Female,Post-Vocational Education Work,Post-Vocational Education Work,174
2021-22,2021-22,True,,Q1 (Jul-Sep),03 SEP,485 Temporary Graduate,Secondary,Female,Post-Higher Education Work,Second Post-Higher Education Work,31
2021-22,2021-22,True,,Q1 (Jul-Sep),03 SEP,485 Temporary Graduate,Secondary,Male,Post-Higher Education Work,Post-Higher Education Work,1289
2021-22,2021-22,True,,Q1 (Jul-Sep),03 SEP,485 Temporary Graduate,Secondary,Male,Post-Higher Education Work,Second Post-Higher Education Work,43
2021-22,2021-22,True,,Q1 (Jul-Sep),03 SEP,485 Temporary Graduate,Secondary,Male,Post-Vocational Education Work,Post-Vocational Education Work,207
2021-22,2021-22,True,,Q2 (Oct-Dec),04 OCT,485 Temporary Graduate,Primary,Female,Post-Higher Education Work,Post-Higher Education Work,813
2021-22,2021-22,True,,Q2 (Oct-Dec),04 OCT,485 Temporary Graduate,Primary,Female,Post-Higher Education Work,Second Post-Higher Education Work,93
2021-22,2021-22,True,,Q2 (Oct-Dec),04 OCT,485 Temporary Graduate,Primary,Female,Post-Vocational Education Work,Post-Vocational Education Work,279
2021-22,2021-22,True,,Q2 (Oct-Dec),04 OCT,485 Temporary Graduate,Primary,Male,Post-Vocational Education Work,Post-Vocational Education Work,494
2021-22,2021-22,True,,Q2 (Oct-Dec),04 OCT,485 Temporary Graduate,Primary,Male,Post-Higher Education Work,Post-Higher Education Work,804
2021-22,2021-22,True,,Q2 (Oct-Dec),04 OCT,485 Temporary Graduate,Primary,Male,Post-Higher Education Work,Second Post-Higher Education Work,137
2021-22,2021-22,True,,Q2 (Oct-Dec),04 OCT,485 Temporary Graduate,Secondary,Female,Post-Higher Education Work,Post-Higher Education Work,369
2021-22,2021-22,True,,Q2 (Oct-Dec),04 OCT,485 Temporary Graduate,Secondary,Female,Post-Higher Education Work,Second Post-Higher Education Work,43
2021-22,2021-22,True,,Q2 (Oct-Dec),04 OCT,485 Temporary Graduate,Secondary,Female,Post-Vocational Education Work,Post-Vocational Education Work,173
2021-22,2021-22,True,,Q2 (Oct-Dec),04 OCT,485 Temporary Graduate,Secondary,Male,Post-Higher Education Work,Post-Higher Education Work,482
2021-22,2021-22,True,,Q2 (Oct-Dec),04 OCT,485 Temporary Graduate,Secondary,Male,Post-Vocational Education Work,Post-Vocational Education Work,165
2021-22,2021-22,True,,Q2 (Oct-Dec),04 OCT,485 Temporary Graduate,Secondary,Male,Post-Higher Education Work,Second Post-Higher Education Work,47
2021-22,2021-22,True,,Q2 (Oct-Dec),05 NOV,485 Temporary Graduate,Primary,Female,Post-Vocational Education Work,Post-Vocational Education Work,498
2021-22,2021-22,True,,Q2 (Oct-Dec),05 NOV,485 Temporary Graduate,Primary,Female,Post-Higher Education Work,Post-Higher Education Work,729
2021-22,2021-22,True,,Q2 (Oct-Dec),05 NOV,485 Temporary Graduate,Primary,Female,Post-Higher Education Work,Second Post-Higher Education Work,81
2021-22,2021-22,True,,Q2 (Oct-Dec),05 NOV,485 Temporary Graduate,Primary,Male,Post-Higher Education Work,Post-Higher Education Work,915
2021-22,2021-22,True,,Q2 (Oct-Dec),05 NOV,485 Temporary Graduate,Primary,Male,Post-Vocational Education Work,Post-Vocational Education Work,677
2021-22,2021-22,True,,Q2 (Oct-Dec),05 NOV,485 Temporary Graduate,Primary,Male,Post-Higher Education Work,Second Post-Higher Education Work,104
2021-22,2021-22,True,,Q2 (Oct-Dec),05 NOV,485 Temporary Graduate,Secondary,Female,Post-Higher Education Work,Post-Higher Education Work,356
2021-22,2021-22,True,,Q2 (Oct-Dec),05 NOV,485 Temporary Graduate,Secondary,Female,Post-Vocational Education Work,Post-Vocational Education Work,258
2021-22,2021-22,True,,Q2 (Oct-Dec),05 NOV,485 Temporary Graduate,Secondary,Female,Post-Higher Education Work,Second Post-Higher Education Work,41
2021-22,2021-22,True,,Q2 (Oct-Dec),05 NOV,485 Temporary Graduate,Secondary,Male,Post-Higher Education Work,Post-Higher Education Work,358
2021-22,2021-22,True,,Q2 (Oct-Dec),05 NOV,485 Temporary Graduate,Secondary,Male,Post-Higher Education Work,Second Post-Higher Education Work,40
2021-22,2021-22,True,,Q2 (Oct-Dec),05 NOV,485 Temporary Graduate,Secondary,Male,Post-Vocational Education Work,Post-Vocational Education Work,287
2021-22,2021-22,True,,Q2 (Oct-Dec),06 DEC,485 Temporary Graduate,Primary,Female,Post-Higher Education Work,Post-Higher Education Work,1894
2021-22,2021-22,True,,Q2 (Oct-Dec),06 DEC,485 Temporary Graduate,Primary,Female,Post-Vocational Education Work,Post-Vocational Education Work,434
2021-22,2021-22,True,,Q2 (Oct-Dec),06 DEC,485 Temporary Graduate,Primary,Female,Post-Higher Education Work,Second Post-Higher Education Work,83
2021-22,2021-22,True,,Q2 (Oct-Dec),06 DEC,485 Temporary Graduate,Primary,Male,Post-Higher Education Work,Post-Higher Education Work,2380
2021-22,2021-22,True,,Q2 (Oct-Dec),06 DEC,485 Temporary Graduate,Primary,Male,Post-Vocational Education Work,Post-Vocational Education Work,798
2021-22,2021-22,True,,Q2 (Oct-Dec),06 DEC,485 Temporary Graduate,Primary,Male,Post-Higher Education Work,Second Post-Higher Education Work,103
2021-22,2021-22,True,,Q2 (Oct-Dec),06 DEC,485 Temporary Graduate,Secondary,Female,Post-Higher Education Work,Post-Higher Education Work,696
2021-22,2021-22,True,,Q2 (Oct-Dec),06 DEC,485 Temporary Graduate,Secondary,Female,Post-Vocational Education Work,Post-Vocational Education Work,280
2021-22,2021-22,True,,Q2 (Oct-Dec),06 DEC,485 Temporary Graduate,Secondary,Female,Post-Higher Education Work,Second Post-Higher Education Work,26
2021-22,2021-22,True,,Q2 (Oct-Dec),06 DEC,485 Temporary Graduate,Secondary,Male,Post-Higher Education Work,Post-Higher Education Work,872
2021-22,2021-22,True,,Q2 (Oct-Dec),06 DEC,485 Temporary Graduate,Secondary,Male,Post-Vocational Education Work,Post-Vocational Education Work,284
2021-22,2021-22,True,,Q2 (Oct-Dec),06 DEC,485 Temporary Graduate,Secondary,Male,Post-Higher Education Work,Second Post-Higher Education Work,33
2021-22,2021-22,True,,Q3 (Jan-Mar),07 JAN,485 Temporary Graduate,Primary,Female,Post-Higher Education Work,Post-Higher Education Work,2390
2021-22,2021-22,True,,Q3 (Jan-Mar),07 JAN,485 Temporary Graduate,Primary,Female,Post-Vocational Education Work,Post-Vocational Education Work,279
2021-22,2021-22,True,,Q3 (Jan-Mar),07 JAN,485 Temporary Graduate,Primary,Female,Post-Higher Education Work,Second Post-Higher Education Work,84
2021-22,2021-22,True,,Q3 (Jan-Mar),07 JAN,485 Temporary Graduate,Primary,Male,Post-Vocational Education Work,Post-Vocational Education Work,457
2021-22,2021-22,True,,Q3 (Jan-Mar),07 JAN,485 Temporary Graduate,Primary,Male,Post-Higher Education Work,Post-Higher Education Work,2657
2021-22,2021-22,True,,Q3 (Jan-Mar),07 JAN,485 Temporary Graduate,Primary,Male,Post-Higher Education Work,Second Post-Higher Education Work,99
2021-22,2021-22,True,,Q3 (Jan-Mar),07 JAN,485 Temporary Graduate,Secondary,Female,Post-Vocational Education Work,Post-Vocational Education Work,142
2021-22,2021-22,True,,Q3 (Jan-Mar),07 JAN,485 Temporary Graduate,Secondary,Female,Post-Higher Education Work,Post-Higher Education Work,698
2021-22,2021-22,True,,Q3 (Jan-Mar),07 JAN,485 Temporary Graduate,Secondary,Female,Post-Higher Education Work,Second Post-Higher Education Work,30
2021-22,2021-22,True,,Q3 (Jan-Mar),07 JAN,485 Temporary Graduate,Secondary,Male,Post-Higher Education Work,Post-Higher Education Work,970
2021-22,2021-22,True,,Q3 (Jan-Mar),07 JAN,485 Temporary Graduate,Secondary,Male,Post-Higher Education Work,Second Post-Higher Education Work,39
2021-22,2021-22,True,,Q3 (Jan-Mar),07 JAN,485 Temporary Graduate,Secondary,Male,Post-Vocational Education Work,Post-Vocational Education Work,149
2021-22,2021-22,True,,Q3 (Jan-Mar),08 FEB,485 Temporary Graduate,Primary,Female,Post-Higher Education Work,Post-Higher Education Work,3094
2021-22,2021-22,True,,Q3 (Jan-Mar),08 FEB,485 Temporary Graduate,Primary,Female,Post-Higher Education Work,Second Post-Higher Education Work,97
2021-22,2021-22,True,,Q3 (Jan-Mar),08 FEB,485 Temporary Graduate,Primary,Female,Post-Vocational Education Work,Post-Vocational Education Work,432
2021-22,2021-22,True,,Q3 (Jan-Mar),08 FEB,485 Temporary Graduate,Primary,Male,Post-Higher Education Work,Post-Higher Education Work,2963
2021-22,2021-22,True,,Q3 (Jan-Mar),08 FEB,485 Temporary Graduate,Primary,Male,Post-Vocational Education Work,Post-Vocational Education Work,756
2021-22,2021-22,True,,Q3 (Jan-Mar),08 FEB,485 Temporary Graduate,Primary,Male,Post-Higher Education Work,Second Post-Higher Education Work,106
2021-22,2021-22,True,,Q3 (Jan-Mar),08 FEB,485 Temporary Graduate,Secondary,Female,Post-Higher Education Work,Post-Higher Education Work,812
2021-22,2021-22,True,,Q3 (Jan-Mar),08 FEB,485 Temporary Graduate,Secondary,Female,Post-Vocational Education Work,Post-Vocational Education Work,262
2021-22,2021-22,True,,Q3 (Jan-Mar),08 FEB,485 Temporary Graduate,Secondary,Female,Post-Higher Education Work,Second Post-Higher Education Work,33
2021-22,2021-22,True,,Q3 (Jan-Mar),08 FEB,485 Temporary Graduate,Secondary,Male,Post-Higher Education Work,Post-Higher Education Work,1198
2021-22,2021-22,True,,Q3 (Jan-Mar),08 FEB,485 Temporary Graduate,Secondary,Male,Post-Vocational Education Work,Post-Vocational Education Work,203
2021-22,2021-22,True,,Q3 (Jan-Mar),08 FEB,485 Temporary Graduate,Secondary,Male,Post-Higher Education Work,Second Post-Higher Education Work,35
2021-22,2021-22,True,,Q3 (Jan-Mar),09 MAR,485 Temporary Graduate,Primary,Female,Post-Higher Education Work,Post-Higher Education Work,6343
2021-22,2021-22,True,,Q3 (Jan-Mar),09 MAR,485 Temporary Graduate,Primary,Female,Post-Vocational Education Work,Post-Vocational Education Work,1067
2021-22,2021-22,True,,Q3 (Jan-Mar),09 MAR,485 Temporary Graduate,Primary,Female,Post-Higher Education Work,Second Post-Higher Education Work,155
2021-22,2021-22,True,,Q3 (Jan-Mar),09 MAR,485 Temporary Graduate,Primary,Male,Post-Higher Education Work,Post-Higher Education Work,5855
2021-22,2021-22,True,,Q3 (Jan-Mar),09 MAR,485 Temporary Graduate,Primary,Male,Post-Vocational Education Work,Post-Vocational Education Work,1839
2021-22,2021-22,True,,Q3 (Jan-Mar),09 MAR,485 Temporary Graduate,Primary,Male,Post-Higher Education Work,Second Post-Higher Education Work,146
2021-22,2021-22,True,,Q3 (Jan-Mar),09 MAR,485 Temporary Graduate,Primary,Not Specified,Post-Higher Education Work,Post-Higher Education Work,1
2021-22,2021-22,True,,Q3 (Jan-Mar),09 MAR,485 Temporary Graduate,Secondary,Female,Post-Higher Education Work,Post-Higher Education Work,1552
2021-22,2021-22,True,,Q3 (Jan-Mar),09 MAR,485 Temporary Graduate,Secondary,Female,Post-Vocational Education Work,Post-Vocational Education Work,504
2021-22,2021-22,True,,Q3 (Jan-Mar),09 MAR,485 Temporary Graduate,Secondary,Female,Post-Higher Education Work,Second Post-Higher Education Work,58
2021-22,2021-22,True,,Q3 (Jan-Mar),09 MAR,485 Temporary Graduate,Secondary,Male,Post-Higher Education Work,Post-Higher Education Work,2333
2021-22,2021-22,True,,Q3 (Jan-Mar),09 MAR,485 Temporary Graduate,Secondary,Male,Post-Vocational Education Work,Post-Vocational Education Work,534
2021-22,2021-22,True,,Q3 (Jan-Mar),09 MAR,485 Temporary Graduate,Secondary,Male,Post-Higher Education Work,Second Post-Higher Education Work,80
2021-22,2021-22,True,,Q4 (Apr-Jun),10 APR,485 Temporary Graduate,Primary,Female,Post-Higher Education Work,Post-Higher Education Work,879
2021-22,2021-22,True,,Q4 (Apr-Jun),10 APR,485 Temporary Graduate,Primary,Female,Post-Higher Education Work,Second Post-Higher Education Work,141
2021-22,2021-22,True,,Q4 (Apr-Jun),10 APR,485 Temporary Graduate,Primary,Female,Post-Vocational Education Work,Post-Vocational Education Work,360
2021-22,2021-22,True,,Q4 (Apr-Jun),10 APR,485 Temporary Graduate,Primary,Male,Post-Vocational Education Work,Post-Vocational Education Work,588
2021-22,2021-22,True,,Q4 (Apr-Jun),10 APR,485 Temporary Graduate,Primary,Male,Post-Higher Education Work,Post-Higher Education Work,987
2021-22,2021-22,True,,Q4 (Apr-Jun),10 APR,485 Temporary Graduate,Primary,Male,Post-Higher Education Work,Second Post-Higher Education Work,153
2021-22,2021-22,True,,Q4 (Apr-Jun),10 APR,485 Temporary Graduate,Secondary,Female,Post-Higher Education Work,Post-Higher Education Work,547
2021-22,2021-22,True,,Q4 (Apr-Jun),10 APR,485 Temporary Graduate,Secondary,Female,Post-Vocational Education Work,Post-Vocational Education Work,202
2021-22,2021-22,True,,Q4 (Apr-Jun),10 APR,485 Temporary Graduate,Secondary,Female,Post-Higher Education Work,Second Post-Higher Education Work,70
2021-22,2021-22,True,,Q4 (Apr-Jun),10 APR,485 Temporary Graduate,Secondary,Male,Post-Higher Education Work,Post-Higher Education Work,523
2021-22,2021-22,True,,Q4 (Apr-Jun),10 APR,485 Temporary Graduate,Secondary,Male,Post-Higher Education Work,Second Post-Higher Education Work,82
2021-22,2021-22,True,,Q4 (Apr-Jun),10 APR,485 Temporary Graduate,Secondary,Male,Post-Vocational Education Work,Post-Vocational Education Work,241
2021-22,2021-22,True,,Q4 (Apr-Jun),11 MAY,485 Temporary Graduate,Primary,Female,Post-Higher Education Work,Post-Higher Education Work,674
2021-22,2021-22,True,,Q4 (Apr-Jun),11 MAY,485 Temporary Graduate,Primary,Female,Post-Vocational Education Work,Post-Vocational Education Work,495
2021-22,2021-22,True,,Q4 (Apr-Jun),11 MAY,485 Temporary Graduate,Primary,Female,Post-Higher Education Work,Second Post-Higher Education Work,122
2021-22,2021-22,True,,Q4 (Apr-Jun),11 MAY,485 Temporary Graduate,Primary,Male,Post-Vocational Education Work,Post-Vocational Education Work,764
2021-22,2021-22,True,,Q4 (Apr-Jun),11 MAY,485 Temporary Graduate,Primary,Male,Post-Higher Education Work,Post-Higher Education Work,831
2021-22,2021-22,True,,Q4 (Apr-Jun),11 MAY,485 Temporary Graduate,Primary,Male,Post-Higher Education Work,Second Post-Higher Education Work,94
2021-22,2021-22,True,,Q4 (Apr-Jun),11 MAY,485 Temporary Graduate,Secondary,Female,Post-Higher Education Work,Post-Higher Education Work,553
2021-22,2021-22,True,,Q4 (Apr-Jun),11 MAY,485 Temporary Graduate,Secondary,Female,Post-Vocational Education Work,Post-Vocational Education Work,325
2021-22,2021-22,True,,Q4 (Apr-Jun),11 MAY,485 Temporary Graduate,Secondary,Female,Post-Higher Education Work,Second Post-Higher Education Work,39
2021-22,2021-22,True,,Q4 (Apr-Jun),11 MAY,485 Temporary Graduate,Secondary,Male,Post-Higher Education Work,Post-Higher Education Work,343
2021-22,2021-22,True,,Q4 (Apr-Jun),11 MAY,485 Temporary Graduate,Secondary,Male,Post-Vocational Education Work,Post-Vocational Education Work,328
2021-22,2021-22,True,,Q4 (Apr-Jun),11 MAY,485 Temporary Graduate,Secondary,Male,Post-Higher Education Work,Second Post-Higher Education Work,58
2021-22,2021-22,True,,Q4 (Apr-Jun),12 JUN,485 Temporary Graduate,Primary,Female,Post-Vocational Education Work,Post-Vocational Education Work,472
2021-22,2021-22,True,,Q4 (Apr-Jun),12 JUN,485 Temporary Graduate,Primary,Female,Post-Higher Education Work,Post-Higher Education Work,713
2021-22,2021-22,True,,Q4 (Apr-Jun),12 JUN,485 Temporary Graduate,Primary,Female,Post-Higher Education Work,Second Post-Higher Education Work,98
2021-22,2021-22,True,,Q4 (Apr-Jun),12 JUN,485 Temporary Graduate,Primary,Male,Post-Higher Education Work,Post-Higher Education Work,732
2021-22,2021-22,True,,Q4 (Apr-Jun),12 JUN,485 Temporary Graduate,Primary,Male,Post-Vocational Education Work,Post-Vocational Education Work,835
2021-22,2021-22,True,,Q4 (Apr-Jun),12 JUN,485 Temporary Graduate,Primary,Male,Post-Higher Education Work,Second Post-Higher Education Work,124
2021-22,2021-22,True,,Q4 (Apr-Jun),12 JUN,485 Temporary Graduate,Primary,Not Specified,Post-Higher Education Work,Post-Higher Education Work,1
2021-22,2021-22,True,,Q4 (Apr-Jun),12 JUN,485 Temporary Graduate,Secondary,Female,Post-Higher Education Work,Post-Higher Education Work,543
2021-22,2021-22,True,,Q4 (Apr-Jun),12 JUN,485 Temporary Graduate,Secondary,Female,Post-Vocational Education Work,Post-Vocational Education Work,357
2021-22,2021-22,True,,Q4 (Apr-Jun),12 JUN,485 Temporary Graduate,Secondary,Female,Post-Higher Education Work,Second Post-Higher Education Work,34
2021-22,2021-22,True,,Q4 (Apr-Jun),12 JUN,485 Temporary Graduate,Secondary,Male,Post-Higher Education Work,Post-Higher Education Work,419
2021-22,2021-22,True,,Q4 (Apr-Jun),12 JUN,485 Temporary Graduate,Secondary,Male,Post-Vocational Education Work,Post-Vocational Education Work,299
2021-22,2021-22,True,,Q4 (Apr-Jun),12 JUN,485 Temporary Graduate,Secondary,Male,Post-Higher Education Work,Second Post-Higher Education Work,32
2022-23,2022-23,True,,Q1 (Jul-Sep),01 JUL,485 Temporary Graduate,Primary,Female,Post-Higher Education Work,Post-Higher Education Work,1472
2022-23,2022-23,True,,Q1 (Jul-Sep),01 JUL,485 Temporary Graduate,Primary,Female,Post-Higher Education Work,Post-Study Work Replacement,148
2022-23,2022-23,True,,Q1 (Jul-Sep),01 JUL,485 Temporary Graduate,Primary,Female,Post-Vocational Education Work,Post-Vocational Education Work,672
2022-23,2022-23,True,,Q1 (Jul-Sep),01 JUL,485 Temporary Graduate,Primary,Female,Post-Higher Education Work,Second Post-Higher Education Work,132
2022-23,2022-23,True,,Q1 (Jul-Sep),01 JUL,485 Temporary Graduate,Primary,Female,Post-Vocational Education Work,Graduate Work Replacement,11
2022-23,2022-23,True,,Q1 (Jul-Sep),01 JUL,485 Temporary Graduate,Primary,Male,Post-Higher Education Work,Post-Higher Education Work,1628
2022-23,2022-23,True,,Q1 (Jul-Sep),01 JUL,485 Temporary Graduate,Primary,Male,Post-Higher Education Work,Post-Study Work Replacement,322
2022-23,2022-23,True,,Q1 (Jul-Sep),01 JUL,485 Temporary Graduate,Primary,Male,Post-Higher Education Work,Second Post-Higher Education Work,147
2022-23,2022-23,True,,Q1 (Jul-Sep),01 JUL,485 Temporary Graduate,Primary,Male,Post-Vocational Education Work,Post-Vocational Education Work,1027
2022-23,2022-23,True,,Q1 (Jul-Sep),01 JUL,485 Temporary Graduate,Primary,Male,Post-Vocational Education Work,Graduate Work Replacement,40
2022-23,2022-23,True,,Q1 (Jul-Sep),01 JUL,485 Temporary Graduate,Primary,Not Specified,Post-Higher Education Work,Second Post-Higher Education Work,1
2022-23,2022-23,True,,Q1 (Jul-Sep),01 JUL,485 Temporary Graduate,Secondary,Female,Post-Higher Education Work,Post-Higher Education Work,540
2022-23,2022-23,True,,Q1 (Jul-Sep),01 JUL,485 Temporary Graduate,Secondary,Female,Post-Higher Education Work,Post-Study Work Replacement,172
2022-23,2022-23,True,,Q1 (Jul-Sep),01 JUL,485 Temporary Graduate,Secondary,Female,Post-Higher Education Work,Second Post-Higher Education Work,42
2022-23,2022-23,True,,Q1 (Jul-Sep),01 JUL,485 Temporary Graduate,Secondary,Female,Post-Vocational Education Work,Post-Vocational Education Work,351
2022-23,2022-23,True,,Q1 (Jul-Sep),01 JUL,485 Temporary Graduate,Secondary,Female,Post-Vocational Education Work,Graduate Work Replacement,21
2022-23,2022-23,True,,Q1 (Jul-Sep),01 JUL,485 Temporary Graduate,Secondary,Male,Post-Higher Education Work,Post-Higher Education Work,543
2022-23,2022-23,True,,Q1 (Jul-Sep),01 JUL,485 Temporary Graduate,Secondary,Male,Post-Higher Education Work,Second Post-Higher Education Work,60
2022-23,2022-23,True,,Q1 (Jul-Sep),01 JUL,485 Temporary Graduate,Secondary,Male,Post-Vocational Education Work,Post-Vocational Education Work,393
2022-23,2022-23,True,,Q1 (Jul-Sep),01 JUL,485 Temporary Graduate,Secondary,Male,Post-Higher Education Work,Post-Study Work Replacement,100
2022-23,2022-23,True,,Q1 (Jul-Sep),01 JUL,485 Temporary Graduate,Secondary,Male,Post-Vocational Education Work,Graduate Work Replacement,7
2022-23,2022-23,True,,Q1 (Jul-Sep),01 JUL,485 Temporary Graduate,Secondary,Not Specified,Post-Higher Education Work,Post-Higher Education Work,1
2022-23,2022-23,True,,Q1 (Jul-Sep),02 AUG,485 Temporary Graduate,Primary,Female,Post-Higher Education Work,Post-Higher Education Work,2880
2022-23,2022-23,True,,Q1 (Jul-Sep),02 AUG,485 Temporary Graduate,Primary,Female,Post-Vocational Education Work,Post-Vocational Education Work,933
2022-23,2022-23,True,,Q1 (Jul-Sep),02 AUG,485 Temporary Graduate,Primary,Female,Post-Higher Education Work,Post-Study Work Replacement,290
2022-23,2022-23,True,,Q1 (Jul-Sep),02 AUG,485 Temporary Graduate,Primary,Female,Post-Higher Education Work,Second Post-Higher Education Work,182
2022-23,2022-23,True,,Q1 (Jul-Sep),02 AUG,485 Temporary Graduate,Primary,Female,Post-Vocational Education Work,Graduate Work Replacement,14
2022-23,2022-23,True,,Q1 (Jul-Sep),02 AUG,485 Temporary Graduate,Primary,Male,Post-Higher Education Work,Post-Higher Education Work,3056
2022-23,2022-23,True,,Q1 (Jul-Sep),02 AUG,485 Temporary Graduate,Primary,Male,Post-Vocational Education Work,Post-Vocational Education Work,1634
2022-23,2022-23,True,,Q1 (Jul-Sep),02 AUG,485 Temporary Graduate,Primary,Male,Post-Higher Education Work,Post-Study Work Replacement,530
2022-23,2022-23,True,,Q1 (Jul-Sep),02 AUG,485 Temporary Graduate,Primary,Male,Post-Higher Education Work,Second Post-Higher Education Work,217
2022-23,2022-23,True,,Q1 (Jul-Sep),02 AUG,485 Temporary Graduate,Primary,Male,Post-Vocational Education Work,Graduate Work Replacement,54
2022-23,2022-23,True,,Q1 (Jul-Sep),02 AUG,485 Temporary Graduate,Primary,Not Specified,Post-Higher Education Work,Post-Higher Education Work,1
2022-23,2022-23,True,,Q1 (Jul-Sep),02 AUG,485 Temporary Graduate,Secondary,Female,Post-Vocational Education Work,Post-Vocational Education Work,526
2022-23,2022-23,True,,Q1 (Jul-Sep),02 AUG,485 Temporary Graduate,Secondary,Female,Post-Higher Education Work,Post-Higher Education Work,1137
2022-23,2022-23,True,,Q1 (Jul-Sep),02 AUG,485 Temporary Graduate,Secondary,Female,Post-Higher Education Work,Post-Study Work Replacement,287
2022-23,2022-23,True,,Q1 (Jul-Sep),02 AUG,485 Temporary Graduate,Secondary,Female,Post-Higher Education Work,Second Post-Higher Education Work,103
2022-23,2022-23,True,,Q1 (Jul-Sep),02 AUG,485 Temporary Graduate,Secondary,Female,Post-Vocational Education Work,Graduate Work Replacement,23
2022-23,2022-23,True,,Q1 (Jul-Sep),02 AUG,485 Temporary Graduate,Secondary,Male,Post-Higher Education Work,Post-Higher Education Work,1241
2022-23,2022-23,True,,Q1 (Jul-Sep),02 AUG,485 Temporary Graduate,Secondary,Male,Post-Vocational Education Work,Post-Vocational Education Work,472
2022-23,2022-23,True,,Q1 (Jul-Sep),02 AUG,485 Temporary Graduate,Secondary,Male,Post-Higher Education Work,Post-Study Work Replacement,172
2022-23,2022-23,True,,Q1 (Jul-Sep),02 AUG,485 Temporary Graduate,Secondary,Male,Post-Higher Education Work,Second Post-Higher Education Work,132
2022-23,2022-23,True,,Q1 (Jul-Sep),02 AUG,485 Temporary Graduate,Secondary,Male,Post-Vocational Education Work,Graduate Work Replacement,11
2022-23,2022-23,True,,Q1 (Jul-Sep),03 SEP,485 Temporary Graduate,Primary,Female,Post-Higher Education Work,Post-Higher Education Work,1412
2022-23,2022-23,True,,Q1 (Jul-Sep),03 SEP,485 Temporary Graduate,Primary,Female,Post-Vocational Education Work,Post-Vocational Education Work,773
2022-23,2022-23,True,,Q1 (Jul-Sep),03 SEP,485 Temporary Graduate,Primary,Female,Post-Higher Education Work,Post-Study Work Replacement,897
2022-23,2022-23,True,,Q1 (Jul-Sep),03 SEP,485 Temporary Graduate,Primary,Female,Post-Higher Education Work,Second Post-Higher Education Work,187
2022-23,2022-23,True,,Q1 (Jul-Sep),03 SEP,485 Temporary Graduate,Primary,Female,Post-Vocational Education Work,Graduate Work Replacement,65
2022-23,2022-23,True,,Q1 (Jul-Sep),03 SEP,485 Temporary Graduate,Primary,Male,Post-Higher Education Work,Post-Higher Education Work,1791
2022-23,2022-23,True,,Q1 (Jul-Sep),03 SEP,485 Temporary Graduate,Primary,Male,Post-Vocational Education Work,Post-Vocational Education Work,1246
2022-23,2022-23,True,,Q1 (Jul-Sep),03 SEP,485 Temporary Graduate,Primary,Male,Post-Higher Education Work,Post-Study Work Replacement,2019
2022-23,2022-23,True,,Q1 (Jul-Sep),03 SEP,485 Temporary Graduate,Primary,Male,Post-Higher Education Work,Second Post-Higher Education Work,227
2022-23,2022-23,True,,Q1 (Jul-Sep),03 SEP,485 Temporary Graduate,Primary,Male,Post-Vocational Education Work,Graduate Work Replacement,183
2022-23,2022-23,True,,Q1 (Jul-Sep),03 SEP,485 Temporary Graduate,Secondary,Female,Post-Higher Education Work,Post-Study Work Replacement,1127
2022-23,2022-23,True,,Q1 (Jul-Sep),03 SEP,485 Temporary Graduate,Secondary,Female,Post-Higher Education Work,Post-Higher Education Work,825
2022-23,2022-23,True,,Q1 (Jul-Sep),03 SEP,485 Temporary Graduate,Secondary,Female,Post-Higher Education Work,Second Post-Higher Education Work,112
2022-23,2022-23,True,,Q1 (Jul-Sep),03 SEP,485 Temporary Graduate,Secondary,Female,Post-Vocational Education Work,Post-Vocational Education Work,445
2022-23,2022-23,True,,Q1 (Jul-Sep),03 SEP,485 Temporary Graduate,Secondary,Female,Post-Vocational Education Work,Graduate Work Replacement,104
2022-23,2022-23,True,,Q1 (Jul-Sep),03 SEP,485 Temporary Graduate,Secondary,Male,Post-Higher Education Work,Post-Higher Education Work,875
2022-23,2022-23,True,,Q1 (Jul-Sep),03 SEP,485 Temporary Graduate,Secondary,Male,Post-Vocational Education Work,Graduate Work Replacement,34
2022-23,2022-23,True,,Q1 (Jul-Sep),03 SEP,485 Temporary Graduate,Secondary,Male,Post-Vocational Education Work,Post-Vocational Education Work,438
2022-23,2022-23,True,,Q1 (Jul-Sep),03 SEP,485 Temporary Graduate,Secondary,Male,Post-Higher Education Work,Post-Study Work Replacement,635
2022-23,2022-23,True,,Q1 (Jul-Sep),03 SEP,485 Temporary Graduate,Secondary,Male,Post-Higher Education Work,Second Post-Higher Education Work,133
2022-23,2022-23,True,,Q2 (Oct-Dec),04 OCT,485 Temporary Graduate,Primary,Female,Post-Vocational Education Work,Post-Vocational Education Work,541
2022-23,2022-23,True,,Q2 (Oct-Dec),04 OCT,485 Temporary Graduate,Primary,Female,Post-Higher Education Work,Post-Higher Education Work,641
2022-23,2022-23,True,,Q2 (Oct-Dec),04 OCT,485 Temporary Graduate,Primary,Female,Post-Higher Education Work,Post-Study Work Replacement,48
2022-23,2022-23,True,,Q2 (Oct-Dec),04 OCT,485 Temporary Graduate,Primary,Female,Post-Higher Education Work,Second Post-Higher Education Work,100
2022-23,2022-23,True,,Q2 (Oct-Dec),04 OCT,485 Temporary Graduate,Primary,Female,Post-Vocational Education Work,Graduate Work Replacement,3
2022-23,2022-23,True,,Q2 (Oct-Dec),04 OCT,485 Temporary Graduate,Primary,Male,Post-Higher Education Work,Post-Higher Education Work,664
2022-23,2022-23,True,,Q2 (Oct-Dec),04 OCT,485 Temporary Graduate,Primary,Male,Post-Vocational Education Work,Post-Vocational Education Work,877
2022-23,2022-23,True,,Q2 (Oct-Dec),04 OCT,485 Temporary Graduate,Primary,Male,Post-Higher Education Work,Post-Study Work Replacement,88
2022-23,2022-23,True,,Q2 (Oct-Dec),04 OCT,485 Temporary Graduate,Primary,Male,Post-Higher Education Work,Second Post-Higher Education Work,123
2022-23,2022-23,True,,Q2 (Oct-Dec),04 OCT,485 Temporary Graduate,Primary,Male,Post-Vocational Education Work,Graduate Work Replacement,11
2022-23,2022-23,True,,Q2 (Oct-Dec),04 OCT,485 Temporary Graduate,Secondary,Female,Post-Vocational Education Work,Post-Vocational Education Work,367
2022-23,2022-23,True,,Q2 (Oct-Dec),04 OCT,485 Temporary Graduate,Secondary,Female,Post-Higher Education Work,Post-Higher Education Work,556
2022-23,2022-23,True,,Q2 (Oct-Dec),04 OCT,485 Temporary Graduate,Secondary,Female,Post-Higher Education Work,Post-Study Work Replacement,33
2022-23,2022-23,True,,Q2 (Oct-Dec),04 OCT,485 Temporary Graduate,Secondary,Female,Post-Higher Education Work,Second Post-Higher Education Work,63
2022-23,2022-23,True,,Q2 (Oct-Dec),04 OCT,485 Temporary Graduate,Secondary,Female,Post-Vocational Education Work,Graduate Work Replacement,5
2022-23,2022-23,True,,Q2 (Oct-Dec),04 OCT,485 Temporary Graduate,Secondary,Male,Post-Higher Education Work,Post-Higher Education Work,403
2022-23,2022-23,True,,Q2 (Oct-Dec),04 OCT,485 Temporary Graduate,Secondary,Male,Post-Vocational Education Work,Post-Vocational Education Work,322
2022-23,2022-23,True,,Q2 (Oct-Dec),04 OCT,485 Temporary Graduate,Secondary,Male,Post-Higher Education Work,Second Post-Higher Education Work,76
2022-23,2022-23,True,,Q2 (Oct-Dec),04 OCT,485 Temporary Graduate,Secondary,Male,Post-Higher Education Work,Post-Study Work Replacement,17
2022-23,2022-23,True,,Q2 (Oct-Dec),05 NOV,485 Temporary Graduate,Primary,Female,Post-Higher Education Work,Post-Higher Education Work,618
2022-23,2022-23,True,,Q2 (Oct-Dec),05 NOV,485 Temporary Graduate,Primary,Female,Post-Vocational Education Work,Post-Vocational Education Work,672
2022-23,2022-23,True,,Q2 (Oct-Dec),05 NOV,485 Temporary Graduate,Primary,Female,Post-Higher Education Work,Second Post-Higher Education Work,40
2022-23,2022-23,True,,Q2 (Oct-Dec),05 NOV,485 Temporary Graduate,Primary,Female,Post-Higher Education Work,Post-Study Work Replacement,34
2022-23,2022-23,True,,Q2 (Oct-Dec),05 NOV,485 Temporary Graduate,Primary,Female,Post-Vocational Education Work,Graduate Work Replacement,2
2022-23,2022-23,True,,Q2 (Oct-Dec),05 NOV,485 Temporary Graduate,Primary,Male,Post-Higher Education Work,Post-Higher Education Work,720
2022-23,2022-23,True,,Q2 (Oct-Dec),05 NOV,485 Temporary Graduate,Primary,Male,Post-Vocational Education Work,Post-Vocational Education Work,1112
2022-23,2022-23,True,,Q2 (Oct-Dec),05 NOV,485 Temporary Graduate,Primary,Male,Post-Higher Education Work,Post-Study Work Replacement,74
2022-23,2022-23,True,,Q2 (Oct-Dec),05 NOV,485 Temporary Graduate,Primary,Male,Post-Higher Education Work,Second Post-Higher Education Work,71
2022-23,2022-23,True,,Q2 (Oct-Dec),05 NOV,485 Temporary Graduate,Primary,Male,Post-Vocational Education Work,Graduate Work Replacement,2
2022-23,2022-23,True,,Q2 (Oct-Dec),05 NOV,485 Temporary Graduate,Secondary,Female,Post-Higher Education Work,Post-Study Work Replacement,31
2022-23,2022-23,True,,Q2 (Oct-Dec),05 NOV,485 Temporary Graduate,Secondary,Female,Post-Higher Education Work,Post-Higher Education Work,546
2022-23,2022-23,True,,Q2 (Oct-Dec),05 NOV,485 Temporary Graduate,Secondary,Female,Post-Vocational Education Work,Post-Vocational Education Work,456
2022-23,2022-23,True,,Q2 (Oct-Dec),05 NOV,485 Temporary Graduate,Secondary,Female,Post-Higher Education Work,Second Post-Higher Education Work,22
2022-23,2022-23,True,,Q2 (Oct-Dec),05 NOV,485 Temporary Graduate,Secondary,Male,Post-Higher Education Work,Post-Higher Education Work,377
2022-23,2022-23,True,,Q2 (Oct-Dec),05 NOV,485 Temporary Graduate,Secondary,Male,Post-Vocational Education Work,Post-Vocational Education Work,375
2022-23,2022-23,True,,Q2 (Oct-Dec),05 NOV,485 Temporary Graduate,Secondary,Male,Post-Higher Education Work,Second Post-Higher Education Work,15
2022-23,2022-23,True,,Q2 (Oct-Dec),05 NOV,485 Temporary Graduate,Secondary,Male,Post-Higher Education Work,Post-Study Work Replacement,17
2022-23,2022-23,True,,Q2 (Oct-Dec),05 NOV,485 Temporary Graduate,Secondary,Male,Post-Vocational Education Work,Graduate Work Replacement,1
2022-23,2022-23,True,,Q2 (Oct-Dec),05 NOV,485 Temporary Graduate,Secondary,Not Specified,Post-Vocational Education Work,Post-Vocational Education Work,1
2022-23,2022-23,True,,Q2 (Oct-Dec),06 DEC,485 Temporary Graduate,Primary,Female,Post-Higher Education Work,Post-Higher Education Work,1373
2022-23,2022-23,True,,Q2 (Oct-Dec),06 DEC,485 Temporary Graduate,Primary,Female,Post-Vocational Education Work,Post-Vocational Education Work,714
2022-23,2022-23,True,,Q2 (Oct-Dec),06 DEC,485 Temporary Graduate,Primary,Female,Post-Higher Education Work,Post-Study Work Replacement,32
2022-23,2022-23,True,,Q2 (Oct-Dec),06 DEC,485 Temporary Graduate,Primary,Female,Post-Higher Education Work,Second Post-Higher Education Work,25
2022-23,2022-23,True,,Q2 (Oct-Dec),06 DEC,485 Temporary Graduate,Primary,Male,Post-Higher Education Work,Post-Higher Education Work,1513
2022-23,2022-23,True,,Q2 (Oct-Dec),06 DEC,485 Temporary Graduate,Primary,Male,Post-Higher Education Work,Post-Study Work Replacement,66
2022-23,2022-23,True,,Q2 (Oct-Dec),06 DEC,485 Temporary Graduate,Primary,Male,Post-Higher Education Work,Second Post-Higher Education Work,35
2022-23,2022-23,True,,Q2 (Oct-Dec),06 DEC,485 Temporary Graduate,Primary,Male,Post-Vocational Education Work,Post-Vocational Education Work,1195
2022-23,2022-23,True,,Q2 (Oct-Dec),06 DEC,485 Temporary Graduate,Primary,Male,Post-Vocational Education Work,Graduate Work Replacement,6
2022-23,2022-23,True,,Q2 (Oct-Dec),06 DEC,485 Temporary Graduate,Primary,Not Specified,Post-Higher Education Work,Post-Higher Education Work,2
2022-23,2022-23,True,,Q2 (Oct-Dec),06 DEC,485 Temporary Graduate,Secondary,Female,Post-Higher Education Work,Post-Higher Education Work,718
2022-23,2022-23,True,,Q2 (Oct-Dec),06 DEC,485 Temporary Graduate,Secondary,Female,Post-Vocational Education Work,Post-Vocational Education Work,563
2022-23,2022-23,True,,Q2 (Oct-Dec),06 DEC,485 Temporary Graduate,Secondary,Female,Post-Higher Education Work,Second Post-Higher Education Work,19
2022-23,2022-23,True,,Q2 (Oct-Dec),06 DEC,485 Temporary Graduate,Secondary,Female,Post-Higher Education Work,Post-Study Work Replacement,31
2022-23,2022-23,True,,Q2 (Oct-Dec),06 DEC,485 Temporary Graduate,Secondary,Female,Post-Vocational Education Work,Graduate Work Replacement,1
2022-23,2022-23,True,,Q2 (Oct-Dec),06 DEC,485 Temporary Graduate,Secondary,Male,Post-Higher Education Work,Post-Higher Education Work,585
2022-23,2022-23,True,,Q2 (Oct-Dec),06 DEC,485 Temporary Graduate,Secondary,Male,Post-Vocational Education Work,Post-Vocational Education Work,471
2022-23,2022-23,True,,Q2 (Oct-Dec),06 DEC,485 Temporary Graduate,Secondary,Male,Post-Higher Education Work,Post-Study Work Replacement,12
2022-23,2022-23,True,,Q2 (Oct-Dec),06 DEC,485 Temporary Graduate,Secondary,Male,Post-Higher Education Work,Second Post-Higher Education Work,8
2022-23,2022-23,True,,Q2 (Oct-Dec),06 DEC,485 Temporary Graduate,Secondary,Male,Post-Vocational Education Work,Graduate Work Replacement,2
2022-23,2022-23,True,,Q3 (Jan-Mar),07 JAN,485 Temporary Graduate,Primary,Female,Post-Higher Education Work,Post-Higher Education Work,1987
2022-23,2022-23,True,,Q3 (Jan-Mar),07 JAN,485 Temporary Graduate,Primary,Female,Post-Vocational Education Work,Post-Vocational Education Work,543
2022-23,2022-23,True,,Q3 (Jan-Mar),07 JAN,485 Temporary Graduate,Primary,Female,Post-Higher Education Work,Post-Study Work Replacement,31
2022-23,2022-23,True,,Q3 (Jan-Mar),07 JAN,485 Temporary Graduate,Primary,Female,Post-Higher Education Work,Second Post-Higher Education Work,35
2022-23,2022-23,True,,Q3 (Jan-Mar),07 JAN,485 Temporary Graduate,Primary,Female,Post-Vocational Education Work,Graduate Work Replacement,1
2022-23,2022-23,True,,Q3 (Jan-Mar),07 JAN,485 Temporary Graduate,Primary,Male,Post-Higher Education Work,Post-Higher Education Work,1869
2022-23,2022-23,True,,Q3 (Jan-Mar),07 JAN,485 Temporary Graduate,Primary,Male,Post-Higher Education Work,Second Post-Higher Education Work,48
2022-23,2022-23,True,,Q3 (Jan-Mar),07 JAN,485 Temporary Graduate,Primary,Male,Post-Vocational Education Work,Post-Vocational Education Work,845
2022-23,2022-23,True,,Q3 (Jan-Mar),07 JAN,485 Temporary Graduate,Primary,Male,Post-Higher Education Work,Post-Study Work Replacement,46
2022-23,2022-23,True,,Q3 (Jan-Mar),07 JAN,485 Temporary Graduate,Primary,Male,Post-Vocational Education Work,Graduate Work Replacement,2
2022-23,2022-23,True,,Q3 (Jan-Mar),07 JAN,485 Temporary Graduate,Primary,Not Specified,Post-Vocational Education Work,Post-Vocational Education Work,1
2022-23,2022-23,True,,Q3 (Jan-Mar),07 JAN,485 Temporary Graduate,Secondary,Female,Post-Higher Education Work,Post-Higher Education Work,792
2022-23,2022-23,True,,Q3 (Jan-Mar),07 JAN,485 Temporary Graduate,Secondary,Female,Post-Vocational Education Work,Post-Vocational Education Work,421
2022-23,2022-23,True,,Q3 (Jan-Mar),07 JAN,485 Temporary Graduate,Secondary,Female,Post-Higher Education Work,Second Post-Higher Education Work,6
2022-23,2022-23,True,,Q3 (Jan-Mar),07 JAN,485 Temporary Graduate,Secondary,Female,Post-Higher Education Work,Post-Study Work Replacement,23
2022-23,2022-23,True,,Q3 (Jan-Mar),07 JAN,485 Temporary Graduate,Secondary,Female,Post-Vocational Education Work,Graduate Work Replacement,1
2022-23,2022-23,True,,Q3 (Jan-Mar),07 JAN,485 Temporary Graduate,Secondary,Male,Post-Higher Education Work,Post-Higher Education Work,689
2022-23,2022-23,True,,Q3 (Jan-Mar),07 JAN,485 Temporary Graduate,Secondary,Male,Post-Higher Education Work,Post-Study Work Replacement,16
2022-23,2022-23,True,,Q3 (Jan-Mar),07 JAN,485 Temporary Graduate,Secondary,Male,Post-Vocational Education Work,Post-Vocational Education Work,339
2022-23,2022-23,True,,Q3 (Jan-Mar),07 JAN,485 Temporary Graduate,Secondary,Male,Post-Higher Education Work,Second Post-Higher Education Work,6
2022-23,2022-23,True,,Q3 (Jan-Mar),08 FEB,485 Temporary Graduate,Primary,Female,Post-Higher Education Work,Post-Higher Education Work,2468
2022-23,2022-23,True,,Q3 (Jan-Mar),08 FEB,485 Temporary Graduate,Primary,Female,Post-Vocational Education Work,Post-Vocational Education Work,818
2022-23,2022-23,True,,Q3 (Jan-Mar),08 FEB,485 Temporary Graduate,Primary,Female,Post-Higher Education Work,Post-Study Work Replacement,32
2022-23,2022-23,True,,Q3 (Jan-Mar),08 FEB,485 Temporary Graduate,Primary,Female,Post-Higher Education Work,Second Post-Higher Education Work,34
2022-23,2022-23,True,,Q3 (Jan-Mar),08 FEB,485 Temporary Graduate,Primary,Female,Post-Vocational Education Work,Graduate Work Replacement,1
2022-23,2022-23,True,,Q3 (Jan-Mar),08 FEB,485 Temporary Graduate,Primary,Male,Post-Vocational Education Work,Post-Vocational Education Work,1338
2022-23,2022-23,True,,Q3 (Jan-Mar),08 FEB,485 Temporary Graduate,Primary,Male,Post-Higher Education Work,Post-Higher Education Work,2199
2022-23,2022-23,True,,Q3 (Jan-Mar),08 FEB,485 Temporary Graduate,Primary,Male,Post-Higher Education Work,Post-Study Work Replacement,53
2022-23,2022-23,True,,Q3 (Jan-Mar),08 FEB,485 Temporary Graduate,Primary,Male,Post-Higher Education Work,Second Post-Higher Education Work,50
2022-23,2022-23,True,,Q3 (Jan-Mar),08 FEB,485 Temporary Graduate,Primary,Male,Post-Vocational Education Work,Graduate Work Replacement,1
2022-23,2022-23,True,,Q3 (Jan-Mar),08 FEB,485 Temporary Graduate,Secondary,Female,Post-Higher Education Work,Post-Higher Education Work,843
2022-23,2022-23,True,,Q3 (Jan-Mar),08 FEB,485 Temporary Graduate,Secondary,Female,Post-Vocational Education Work,Post-Vocational Education Work,587
2022-23,2022-23,True,,Q3 (Jan-Mar),08 FEB,485 Temporary Graduate,Secondary,Female,Post-Higher Education Work,Second Post-Higher Education Work,15
2022-23,2022-23,True,,Q3 (Jan-Mar),08 FEB,485 Temporary Graduate,Secondary,Female,Post-Higher Education Work,Post-Study Work Replacement,22
2022-23,2022-23,True,,Q3 (Jan-Mar),08 FEB,485 Temporary Graduate,Secondary,Female,Post-Vocational Education Work,Graduate Work Replacement,1
2022-23,2022-23,True,,Q3 (Jan-Mar),08 FEB,485 Temporary Graduate,Secondary,Male,Post-Higher Education Work,Post-Higher Education Work,808
2022-23,2022-23,True,,Q3 (Jan-Mar),08 FEB,485 Temporary Graduate,Secondary,Male,Post-Vocational Education Work,Post-Vocational Education Work,437
2022-23,2022-23,True,,Q3 (Jan-Mar),08 FEB,485 Temporary Graduate,Secondary,Male,Post-Higher Education Work,Post-Study Work Replacement,13
2022-23,2022-23,True,,Q3 (Jan-Mar),08 FEB,485 Temporary Graduate,Secondary,Male,Post-Higher Education Work,Second Post-Higher Education Work,14
2022-23,2022-23,True,,Q3 (Jan-Mar),09 MAR,485 Temporary Graduate,Primary,Female,Post-Higher Education Work,Post-Higher Education Work,4382
2022-23,2022-23,True,,Q3 (Jan-Mar),09 MAR,485 Temporary Graduate,Primary,Female,Post-Vocational Education Work,Post-Vocational Education Work,1440
2022-23,2022-23,True,,Q3 (Jan-Mar),09 MAR,485 Temporary Graduate,Primary,Female,Post-Higher Education Work,Second Post-Higher Education Work,46
2022-23,2022-23,True,,Q3 (Jan-Mar),09 MAR,485 Temporary Graduate,Primary,Female,Post-Higher Education Work,Post-Study Work Replacement,33
2022-23,2022-23,True,,Q3 (Jan-Mar),09 MAR,485 Temporary Graduate,Primary,Male,Post-Higher Education Work,Post-Higher Education Work,3081
2022-23,2022-23,True,,Q3 (Jan-Mar),09 MAR,485 Temporary Graduate,Primary,Male,Post-Vocational Education Work,Post-Vocational Education Work,2270
2022-23,2022-23,True,,Q3 (Jan-Mar),09 MAR,485 Temporary Graduate,Primary,Male,Post-Higher Education Work,Post-Study Work Replacement,53
2022-23,2022-23,True,,Q3 (Jan-Mar),09 MAR,485 Temporary Graduate,Primary,Male,Post-Higher Education Work,Second Post-Higher Education Work,54
2022-23,2022-23,True,,Q3 (Jan-Mar),09 MAR,485 Temporary Graduate,Primary,Male,Post-Vocational Education Work,Graduate Work Replacement,2
2022-23,2022-23,True,,Q3 (Jan-Mar),09 MAR,485 Temporary Graduate,Secondary,Female,Post-Higher Education Work,Post-Higher Education Work,1092
2022-23,2022-23,True,,Q3 (Jan-Mar),09 MAR,485 Temporary Graduate,Secondary,Female,Post-Vocational Education Work,Post-Vocational Education Work,905
2022-23,2022-23,True,,Q3 (Jan-Mar),09 MAR,485 Temporary Graduate,Secondary,Female,Post-Higher Education Work,Post-Study Work Replacement,13
2022-23,2022-23,True,,Q3 (Jan-Mar),09 MAR,485 Temporary Graduate,Secondary,Female,Post-Higher Education Work,Second Post-Higher Education Work,11
2022-23,2022-23,True,,Q3 (Jan-Mar),09 MAR,485 Temporary Graduate,Secondary,Female,Post-Vocational Education Work,Graduate Work Replacement,1
2022-23,2022-23,True,,Q3 (Jan-Mar),09 MAR,485 Temporary Graduate,Secondary,Female,Post-Vocational Education Work,Post-Higher Education Work,1
2022-23,2022-23,True,,Q3 (Jan-Mar),09 MAR,485 Temporary Graduate,Secondary,Male,Post-Higher Education Work,Post-Higher Education Work,1257
2022-23,2022-23,True,,Q3 (Jan-Mar),09 MAR,485 Temporary Graduate,Secondary,Male,Post-Vocational Education Work,Post-Vocational Education Work,750
2022-23,2022-23,True,,Q3 (Jan-Mar),09 MAR,485 Temporary Graduate,Secondary,Male,Post-Higher Education Work,Second Post-Higher Education Work,12
2022-23,2022-23,True,,Q3 (Jan-Mar),09 MAR,485 Temporary Graduate,Secondary,Male,Post-Higher Education Work,Post-Study Work Replacement,14
2022-23,2022-23,True,,Q4 (Apr-Jun),10 APR,485 Temporary Graduate,Primary,Female,Post-Higher Education Work,Post-Higher Education Work,597
2022-23,2022-23,True,,Q4 (Apr-Jun),10 APR,485 Temporary Graduate,Primary,Female,Post-Vocational Education Work,Post-Vocational Education Work,488
2022-23,2022-23,True,,Q4 (Apr-Jun),10 APR,485 Temporary Graduate,Primary,Female,Post-Higher Education Work,Second Post-Higher Education Work,31
2022-23,2022-23,True,,Q4 (Apr-Jun),10 APR,485 Temporary Graduate,Primary,Female,Post-Higher Education Work,Post-Study Work Replacement,24
2022-23,2022-23,True,,Q4 (Apr-Jun),10 APR,485 Temporary Graduate,Primary,Female,Post-Vocational Education Work,Graduate Work Replacement,1
2022-23,2022-23,True,,Q4 (Apr-Jun),10 APR,485 Temporary Graduate,Primary,Male,Post-Higher Education Work,Post-Higher Education Work,604
2022-23,2022-23,True,,Q4 (Apr-Jun),10 APR,485 Temporary Graduate,Primary,Male,Post-Vocational Education Work,Post-Vocational Education Work,797
2022-23,2022-23,True,,Q4 (Apr-Jun),10 APR,485 Temporary Graduate,Primary,Male,Post-Higher Education Work,Second Post-Higher Education Work,35
2022-23,2022-23,True,,Q4 (Apr-Jun),10 APR,485 Temporary Graduate,Primary,Male,Post-Higher Education Work,Post-Study Work Replacement,34
2022-23,2022-23,True,,Q4 (Apr-Jun),10 APR,485 Temporary Graduate,Primary,Male,Post-Vocational Education Work,Graduate Work Replacement,2
2022-23,2022-23,True,,Q4 (Apr-Jun),10 APR,485 Temporary Graduate,Secondary,Female,Post-Higher Education Work,Post-Higher Education Work,572
2022-23,2022-23,True,,Q4 (Apr-Jun),10 APR,485 Temporary Graduate,Secondary,Female,Post-Vocational Education Work,Post-Vocational Education Work,469
2022-23,2022-23,True,,Q4 (Apr-Jun),10 APR,485 Temporary Graduate,Secondary,Female,Post-Higher Education Work,Second Post-Higher Education Work,11
2022-23,2022-23,True,,Q4 (Apr-Jun),10 APR,485 Temporary Graduate,Secondary,Female,Post-Higher Education Work,Post-Study Work Replacement,16
2022-23,2022-23,True,,Q4 (Apr-Jun),10 APR,485 Temporary Graduate,Secondary,Male,Post-Higher Education Work,Post-Higher Education Work,378
2022-23,2022-23,True,,Q4 (Apr-Jun),10 APR,485 Temporary Graduate,Secondary,Male,Post-Higher Education Work,Second Post-Higher Education Work,7
2022-23,2022-23,True,,Q4 (Apr-Jun),10 APR,485 Temporary Graduate,Secondary,Male,Post-Vocational Education Work,Post-Vocational Education Work,326
2022-23,2022-23,True,,Q4 (Apr-Jun),10 APR,485 Temporary Graduate,Secondary,Male,Post-Higher Education Work,Post-Study Work Replacement,10
2022-23,2022-23,True,,Q4 (Apr-Jun),10 APR,485 Temporary Graduate,Secondary,Male,Post-Vocational Education Work,Graduate Work Replacement,1
2022-23,2022-23,True,,Q4 (Apr-Jun),10 APR,485 Temporary Graduate,Secondary,Not Specified,Post-Higher Education Work,Post-Higher Education Work,1
2022-23,2022-23,True,,Q4 (Apr-Jun),11 MAY,485 Temporary Graduate,Primary,Female,Post-Higher Education Work,Post-Higher Education Work,669
2022-23,2022-23,True,,Q4 (Apr-Jun),11 MAY,485 Temporary Graduate,Primary,Female,Post-Vocational Education Work,Post-Vocational Education Work,830
2022-23,2022-23,True,,Q4 (Apr-Jun),11 MAY,485 Temporary Graduate,Primary,Female,Post-Higher Education Work,Second Post-Higher Education Work,30
2022-23,2022-23,True,,Q4 (Apr-Jun),11 MAY,485 Temporary Graduate,Primary,Female,Post-Higher Education Work,Post-Study Work Replacement,18
2022-23,2022-23,True,,Q4 (Apr-Jun),11 MAY,485 Temporary Graduate,Primary,Female,Post-Vocational Education Work,Graduate Work Replacement,1
2022-23,2022-23,True,,Q4 (Apr-Jun),11 MAY,485 Temporary Graduate,Primary,Male,Post-Higher Education Work,Post-Higher Education Work,649
2022-23,2022-23,True,,Q4 (Apr-Jun),11 MAY,485 Temporary Graduate,Primary,Male,Post-Vocational Education Work,Post-Vocational Education Work,1201
2022-23,2022-23,True,,Q4 (Apr-Jun),11 MAY,485 Temporary Graduate,Primary,Male,Post-Higher Education Work,Second Post-Higher Education Work,29
2022-23,2022-23,True,,Q4 (Apr-Jun),11 MAY,485 Temporary Graduate,Primary,Male,Post-Higher Education Work,Post-Study Work Replacement,29
2022-23,2022-23,True,,Q4 (Apr-Jun),11 MAY,485 Temporary Graduate,Primary,Male,Post-Vocational Education Work,Graduate Work Replacement,3
2022-23,2022-23,True,,Q4 (Apr-Jun),11 MAY,485 Temporary Graduate,Primary,Not Specified,Post-Higher Education Work,Post-Higher Education Work,1
2022-23,2022-23,True,,Q4 (Apr-Jun),11 MAY,485 Temporary Graduate,Secondary,Female,Post-Higher Education Work,Post-Higher Education Work,598
2022-23,2022-23,True,,Q4 (Apr-Jun),11 MAY,485 Temporary Graduate,Secondary,Female,Post-Vocational Education Work,Post-Vocational Education Work,635
2022-23,2022-23,True,,Q4 (Apr-Jun),11 MAY,485 Temporary Graduate,Secondary,Female,Post-Higher Education Work,Second Post-Higher Education Work,3
2022-23,2022-23,True,,Q4 (Apr-Jun),11 MAY,485 Temporary Graduate,Secondary,Female,Post-Vocational Education Work,Graduate Work Replacement,2
2022-23,2022-23,True,,Q4 (Apr-Jun),11 MAY,485 Temporary Graduate,Secondary,Female,Post-Higher Education Work,Post-Study Work Replacement,24
2022-23,2022-23,True,,Q4 (Apr-Jun),11 MAY,485 Temporary Graduate,Secondary,Male,Post-Vocational Education Work,Post-Vocational Education Work,491
2022-23,2022-23,True,,Q4 (Apr-Jun),11 MAY,485 Temporary Graduate,Secondary,Male,Post-Higher Education Work,Post-Higher Education Work,335
2022-23,2022-23,True,,Q4 (Apr-Jun),11 MAY,485 Temporary Graduate,Secondary,Male,Post-Higher Education Work,Second Post-Higher Education Work,10
2022-23,2022-23,True,,Q4 (Apr-Jun),11 MAY,485 Temporary Graduate,Secondary,Male,Post-Higher Education Work,Post-Study Work Replacement,11
2022-23,2022-23,True,,Q4 (Apr-Jun),11 MAY,485 Temporary Graduate,Secondary,Not Specified,Post-Higher Education Work,Post-Higher Education Work,1
2022-23,2022-23,True,,Q4 (Apr-Jun),12 JUN,485 Temporary Graduate,Primary,Female,Post-Vocational Education Work,Post-Vocational Education Work,1864
2022-23,2022-23,True,,Q4 (Apr-Jun),12 JUN,485 Temporary Graduate,Primary,Female,Post-Higher Education Work,Post-Higher Education Work,765
2022-23,2022-23,True,,Q4 (Apr-Jun),12 JUN,485 Temporary Graduate,Primary,Female,Post-Higher Education Work,Post-Study Work Replacement,29
2022-23,2022-23,True,,Q4 (Apr-Jun),12 JUN,485 Temporary Graduate,Primary,Female,Post-Higher Education Work,Second Post-Higher Education Work,35
2022-23,2022-23,True,,Q4 (Apr-Jun),12 JUN,485 Temporary Graduate,Primary,Female,Post-Vocational Education Work,Graduate Work Replacement,1
2022-23,2022-23,True,,Q4 (Apr-Jun),12 JUN,485 Temporary Graduate,Primary,Male,Post-Vocational Education Work,Post-Vocational Education Work,2688
2022-23,2022-23,True,,Q4 (Apr-Jun),12 JUN,485 Temporary Graduate,Primary,Male,Post-Higher Education Work,Post-Higher Education Work,693
2022-23,2022-23,True,,Q4 (Apr-Jun),12 JUN,485 Temporary Graduate,Primary,Male,Post-Higher Education Work,Post-Study Work Replacement,57
2022-23,2022-23,True,,Q4 (Apr-Jun),12 JUN,485 Temporary Graduate,Primary,Male,Post-Higher Education Work,Second Post-Higher Education Work,43
2022-23,2022-23,True,,Q4 (Apr-Jun),12 JUN,485 Temporary Graduate,Primary,Male,Post-Vocational Education Work,Graduate Work Replacement,4
2022-23,2022-23,True,,Q4 (Apr-Jun),12 JUN,485 Temporary Graduate,Secondary,Female,Post-Vocational Education Work,Post-Vocational Education Work,1294
2022-23,2022-23,True,,Q4 (Apr-Jun),12 JUN,485 Temporary Graduate,Secondary,Female,Post-Higher Education Work,Post-Higher Education Work,561
2022-23,2022-23,True,,Q4 (Apr-Jun),12 JUN,485 Temporary Graduate,Secondary,Female,Post-Higher Education Work,Post-Study Work Replacement,27
2022-23,2022-23,True,,Q4 (Apr-Jun),12 JUN,485 Temporary Graduate,Secondary,Female,Post-Higher Education Work,Second Post-Higher Education Work,7
2022-23,2022-23,True,,Q4 (Apr-Jun),12 JUN,485 Temporary Graduate,Secondary,Female,Post-Vocational Education Work,Graduate Work Replacement,2
2022-23,2022-23,True,,Q4 (Apr-Jun),12 JUN,485 Temporary Graduate,Secondary,Male,Post-Higher Education Work,Post-Higher Education Work,417
2022-23,2022-23,True,,Q4 (Apr-Jun),12 JUN,485 Temporary Graduate,Secondary,Male,Post-Vocational Education Work,Post-Vocational Education Work,1063
2022-23,2022-23,True,,Q4 (Apr-Jun),12 JUN,485 Temporary Graduate,Secondary,Male,Post-Higher Education Work,Post-Study Work Replacement,11
2022-23,2022-23,True,,Q4 (Apr-Jun),12 JUN,485 Temporary Graduate,Secondary,Male,Post-Higher Education Work,Second Post-Higher Education Work,11
2023-24,2023-24,True,,Q1 (Jul-Sep),01 JUL,485 Temporary Graduate,Primary,Female,Post-Higher Education Work,Post-Higher Education Work,3248
2023-24,2023-24,True,,Q1 (Jul-Sep),01 JUL,485 Temporary Graduate,Primary,Female,Post-Vocational Education Work,Post-Vocational Education Work,151
2023-24,2023-24,True,,Q1 (Jul-Sep),01 JUL,485 Temporary Graduate,Primary,Female,Post-Higher Education Work,Post-Study Work Replacement,24
2023-24,2023-24,True,,Q1 (Jul-Sep),01 JUL,485 Temporary Graduate,Primary,Female,Post-Higher Education Work,Second Post-Higher Education Work,43
2023-24,2023-24,True,,Q1 (Jul-Sep),01 JUL,485 Temporary Graduate,Primary,Female,Replacement,Post-Higher Education Work,14
2023-24,2023-24,True,,Q1 (Jul-Sep),01 JUL,485 Temporary Graduate,Primary,Male,Post-Higher Education Work,Post-Higher Education Work,5478
2023-24,2023-24,True,,Q1 (Jul-Sep),01 JUL,485 Temporary Graduate,Primary,Male,Post-Vocational Education Work,Post-Vocational Education Work,343
2023-24,2023-24,True,,Q1 (Jul-Sep),01 JUL,485 Temporary Graduate,Primary,Male,Post-Higher Education Work,Post-Study Work Replacement,65
2023-24,2023-24,True,,Q1 (Jul-Sep),01 JUL,485 Temporary Graduate,Primary,Male,Post-Higher Education Work,Second Post-Higher Education Work,45
2023-24,2023-24,True,,Q1 (Jul-Sep),01 JUL,485 Temporary Graduate,Primary,Male,Replacement,Post-Higher Education Work,41
2023-24,2023-24,True,,Q1 (Jul-Sep),01 JUL,485 Temporary Graduate,Primary,Male,Post-Vocational Education Work,Graduate Work Replacement,1
2023-24,2023-24,True,,Q1 (Jul-Sep),01 JUL,485 Temporary Graduate,Primary,Not Specified,Post-Higher Education Work,Post-Higher Education Work,1
2023-24,2023-24,True,,Q1 (Jul-Sep),01 JUL,485 Temporary Graduate,Secondary,Female,Post-Higher Education Work,Post-Higher Education Work,1521
2023-24,2023-24,True,,Q1 (Jul-Sep),01 JUL,485 Temporary Graduate,Secondary,Female,Post-Higher Education Work,Post-Study Work Replacement,31
2023-24,2023-24,True,,Q1 (Jul-Sep),01 JUL,485 Temporary Graduate,Secondary,Female,Post-Vocational Education Work,Post-Vocational Education Work,264
2023-24,2023-24,True,,Q1 (Jul-Sep),01 JUL,485 Temporary Graduate,Secondary,Female,Post-Higher Education Work,Second Post-Higher Education Work,9
2023-24,2023-24,True,,Q1 (Jul-Sep),01 JUL,485 Temporary Graduate,Secondary,Female,Replacement,Post-Higher Education Work,22
2023-24,2023-24,True,,Q1 (Jul-Sep),01 JUL,485 Temporary Graduate,Secondary,Male,Post-Vocational Education Work,Post-Vocational Education Work,135
2023-24,2023-24,True,,Q1 (Jul-Sep),01 JUL,485 Temporary Graduate,Secondary,Male,Post-Higher Education Work,Post-Higher Education Work,1176
2023-24,2023-24,True,,Q1 (Jul-Sep),01 JUL,485 Temporary Graduate,Secondary,Male,Post-Higher Education Work,Post-Study Work Replacement,11
2023-24,2023-24,True,,Q1 (Jul-Sep),01 JUL,485 Temporary Graduate,Secondary,Male,Post-Higher Education Work,Second Post-Higher Education Work,14
2023-24,2023-24,True,,Q1 (Jul-Sep),01 JUL,485 Temporary Graduate,Secondary,Male,Replacement,Post-Higher Education Work,13
2023-24,2023-24,True,,Q1 (Jul-Sep),02 AUG,485 Temporary Graduate,Primary,Female,Post-Higher Education Work,Post-Higher Education Work,4276
2023-24,2023-24,True,,Q1 (Jul-Sep),02 AUG,485 Temporary Graduate,Primary,Female,Post-Higher Education Work,Second Post-Higher Education Work,95
2023-24,2023-24,True,,Q1 (Jul-Sep),02 AUG,485 Temporary Graduate,Primary,Female,Post-Vocational Education Work,Post-Vocational Education Work,277
2023-24,2023-24,True,,Q1 (Jul-Sep),02 AUG,485 Temporary Graduate,Primary,Female,Post-Higher Education Work,Post-Study Work Replacement,40
2023-24,2023-24,True,,Q1 (Jul-Sep),02 AUG,485 Temporary Graduate,Primary,Male,Post-Vocational Education Work,Post-Vocational Education Work,694
2023-24,2023-24,True,,Q1 (Jul-Sep),02 AUG,485 Temporary Graduate,Primary,Male,Post-Higher Education Work,Post-Higher Education Work,5981
2023-24,2023-24,True,,Q1 (Jul-Sep),02 AUG,485 Temporary Graduate,Primary,Male,Post-Higher Education Work,Second Post-Higher Education Work,121
2023-24,2023-24,True,,Q1 (Jul-Sep),02 AUG,485 Temporary Graduate,Primary,Male,Post-Higher Education Work,Post-Study Work Replacement,96
2023-24,2023-24,True,,Q1 (Jul-Sep),02 AUG,485 Temporary Graduate,Primary,Male,Post-Vocational Education Work,Graduate Work Replacement,2
2023-24,2023-24,True,,Q1 (Jul-Sep),02 AUG,485 Temporary Graduate,Primary,Male,Replacement,Post-Higher Education Work,1
2023-24,2023-24,True,,Q1 (Jul-Sep),02 AUG,485 Temporary Graduate,Primary,Not Specified,Post-Higher Education Work,Post-Higher Education Work,1
2023-24,2023-24,True,,Q1 (Jul-Sep),02 AUG,485 Temporary Graduate,Secondary,Female,Post-Vocational Education Work,Post-Vocational Education Work,398
2023-24,2023-24,True,,Q1 (Jul-Sep),02 AUG,485 Temporary Graduate,Secondary,Female,Post-Higher Education Work,Post-Higher Education Work,1507
2023-24,2023-24,True,,Q1 (Jul-Sep),02 AUG,485 Temporary Graduate,Secondary,Female,Post-Higher Education Work,Second Post-Higher Education Work,28
2023-24,2023-24,True,,Q1 (Jul-Sep),02 AUG,485 Temporary Graduate,Secondary,Female,Post-Higher Education Work,Post-Study Work Replacement,60
2023-24,2023-24,True,,Q1 (Jul-Sep),02 AUG,485 Temporary Graduate,Secondary,Female,Post-Vocational Education Work,Graduate Work Replacement,3
2023-24,2023-24,True,,Q1 (Jul-Sep),02 AUG,485 Temporary Graduate,Secondary,Male,Post-Higher Education Work,Post-Higher Education Work,1481
2023-24,2023-24,True,,Q1 (Jul-Sep),02 AUG,485 Temporary Graduate,Secondary,Male,Post-Higher Education Work,Second Post-Higher Education Work,22
2023-24,2023-24,True,,Q1 (Jul-Sep),02 AUG,485 Temporary Graduate,Secondary,Male,Post-Vocational Education Work,Post-Vocational Education Work,214
2023-24,2023-24,True,,Q1 (Jul-Sep),02 AUG,485 Temporary Graduate,Secondary,Male,Post-Higher Education Work,Post-Study Work Replacement,23
2023-24,2023-24,True,,Q1 (Jul-Sep),02 AUG,485 Temporary Graduate,Secondary,Male,Post-Vocational Education Work,Graduate Work Replacement,3
2023-24,2023-24,True,,Q1 (Jul-Sep),02 AUG,485 Temporary Graduate,Secondary,Not Specified,Post-Vocational Education Work,Post-Vocational Education Work,1
2023-24,2023-24,True,,Q1 (Jul-Sep),03 SEP,485 Temporary Graduate,Primary,Female,Post-Higher Education Work,Post-Higher Education Work,2611
2023-24,2023-24,True,,Q1 (Jul-Sep),03 SEP,485 Temporary Graduate,Primary,Female,Post-Vocational Education Work,Post-Vocational Education Work,294
2023-24,2023-24,True,,Q1 (Jul-Sep),03 SEP,485 Temporary Graduate,Primary,Female,Post-Higher Education Work,Second Post-Higher Education Work,50
2023-24,2023-24,True,,Q1 (Jul-Sep),03 SEP,485 Temporary Graduate,Primary,Female,Post-Higher Education Work,Post-Study Work Replacement,36
2023-24,2023-24,True,,Q1 (Jul-Sep),03 SEP,485 Temporary Graduate,Primary,Female,Post-Vocational Education Work,Graduate Work Replacement,1
2023-24,2023-24,True,,Q1 (Jul-Sep),03 SEP,485 Temporary Graduate,Primary,Male,Post-Higher Education Work,Post-Higher Education Work,4240
2023-24,2023-24,True,,Q1 (Jul-Sep),03 SEP,485 Temporary Graduate,Primary,Male,Post-Vocational Education Work,Post-Vocational Education Work,628
2023-24,2023-24,True,,Q1 (Jul-Sep),03 SEP,485 Temporary Graduate,Primary,Male,Post-Higher Education Work,Post-Study Work Replacement,96
2023-24,2023-24,True,,Q1 (Jul-Sep),03 SEP,485 Temporary Graduate,Primary,Male,Post-Higher Education Work,Second Post-Higher Education Work,38
2023-24,2023-24,True,,Q1 (Jul-Sep),03 SEP,485 Temporary Graduate,Primary,Male,Post-Vocational Education Work,Graduate Work Replacement,1
2023-24,2023-24,True,,Q1 (Jul-Sep),03 SEP,485 Temporary Graduate,Primary,Not Specified,Post-Higher Education Work,Post-Higher Education Work,2
2023-24,2023-24,True,,Q1 (Jul-Sep),03 SEP,485 Temporary Graduate,Secondary,Female,Post-Higher Education Work,Post-Higher Education Work,1397
2023-24,2023-24,True,,Q1 (Jul-Sep),03 SEP,485 Temporary Graduate,Secondary,Female,Post-Higher Education Work,Post-Study Work Replacement,82
2023-24,2023-24,True,,Q1 (Jul-Sep),03 SEP,485 Temporary Graduate,Secondary,Female,Post-Vocational Education Work,Post-Vocational Education Work,380
2023-24,2023-24,True,,Q1 (Jul-Sep),03 SEP,485 Temporary Graduate,Secondary,Female,Post-Higher Education Work,Second Post-Higher Education Work,16
2023-24,2023-24,True,,Q1 (Jul-Sep),03 SEP,485 Temporary Graduate,Secondary,Female,Post-Vocational Education Work,Graduate Work Replacement,4
2023-24,2023-24,True,,Q1 (Jul-Sep),03 SEP,485 Temporary Graduate,Secondary,Male,Post-Higher Education Work,Post-Higher Education Work,1268
2023-24,2023-24,True,,Q1 (Jul-Sep),03 SEP,485 Temporary Graduate,Secondary,Male,Post-Higher Education Work,Post-Study Work Replacement,45
2023-24,2023-24,True,,Q1 (Jul-Sep),03 SEP,485 Temporary Graduate,Secondary,Male,Post-Vocational Education Work,Post-Vocational Education Work,240
2023-24,2023-24,True,,Q1 (Jul-Sep),03 SEP,485 Temporary Graduate,Secondary,Male,Post-Higher Education Work,Second Post-Higher Education Work,22
2023-24,2023-24,True,,Q1 (Jul-Sep),03 SEP,485 Temporary Graduate,Secondary,Male,Post-Vocational Education Work,Graduate Work Replacement,3
2023-24,2023-24,True,,Q2 (Oct-Dec),04 OCT,485 Temporary Graduate,Primary,Female,Post-Higher Education Work,Post-Higher Education Work,2096
2023-24,2023-24,True,,Q2 (Oct-Dec),04 OCT,485 Temporary Graduate,Primary,Female,Post-Vocational Education Work,Post-Vocational Education Work,271
2023-24,2023-24,True,,Q2 (Oct-Dec),04 OCT,485 Temporary Graduate,Primary,Female,Post-Higher Education Work,Second Post-Higher Education Work,75
2023-24,2023-24,True,,Q2 (Oct-Dec),04 OCT,485 Temporary Graduate,Primary,Female,Post-Higher Education Work,Post-Study Work Replacement,32
2023-24,2023-24,True,,Q2 (Oct-Dec),04 OCT,485 Temporary Graduate,Primary,Female,Post-Vocational Education Work,Graduate Work Replacement,2
2023-24,2023-24,True,,Q2 (Oct-Dec),04 OCT,485 Temporary Graduate,Primary,Male,Post-Higher Education Work,Post-Higher Education Work,3162
2023-24,2023-24,True,,Q2 (Oct-Dec),04 OCT,485 Temporary Graduate,Primary,Male,Post-Vocational Education Work,Post-Vocational Education Work,581
2023-24,2023-24,True,,Q2 (Oct-Dec),04 OCT,485 Temporary Graduate,Primary,Male,Post-Higher Education Work,Post-Study Work Replacement,69
2023-24,2023-24,True,,Q2 (Oct-Dec),04 OCT,485 Temporary Graduate,Primary,Male,Post-Higher Education Work,Second Post-Higher Education Work,45
2023-24,2023-24,True,,Q2 (Oct-Dec),04 OCT,485 Temporary Graduate,Primary,Male,Post-Vocational Education Work,Graduate Work Replacement,2
2023-24,2023-24,True,,Q2 (Oct-Dec),04 OCT,485 Temporary Graduate,Primary,Not Specified,Post-Higher Education Work,Post-Higher Education Work,1
2023-24,2023-24,True,,Q2 (Oct-Dec),04 OCT,485 Temporary Graduate,Secondary,Female,Post-Higher Education Work,Post-Higher Education Work,1099
2023-24,2023-24,True,,Q2 (Oct-Dec),04 OCT,485 Temporary Graduate,Secondary,Female,Post-Higher Education Work,Post-Study Work Replacement,53
2023-24,2023-24,True,,Q2 (Oct-Dec),04 OCT,485 Temporary Graduate,Secondary,Female,Post-Higher Education Work,Second Post-Higher Education Work,32
2023-24,2023-24,True,,Q2 (Oct-Dec),04 OCT,485 Temporary Graduate,Secondary,Female,Post-Vocational Education Work,Post-Vocational Education Work,342
2023-24,2023-24,True,,Q2 (Oct-Dec),04 OCT,485 Temporary Graduate,Secondary,Female,Post-Vocational Education Work,Graduate Work Replacement,3
2023-24,2023-24,True,,Q2 (Oct-Dec),04 OCT,485 Temporary Graduate,Secondary,Male,Post-Higher Education Work,Post-Higher Education Work,1106
2023-24,2023-24,True,,Q2 (Oct-Dec),04 OCT,485 Temporary Graduate,Secondary,Male,Post-Higher Education Work,Post-Study Work Replacement,28
2023-24,2023-24,True,,Q2 (Oct-Dec),04 OCT,485 Temporary Graduate,Secondary,Male,Post-Higher Education Work,Second Post-Higher Education Work,52
2023-24,2023-24,True,,Q2 (Oct-Dec),04 OCT,485 Temporary Graduate,Secondary,Male,Post-Vocational Education Work,Post-Vocational Education Work,210
2023-24,2023-24,True,,Q2 (Oct-Dec),05 NOV,485 Temporary Graduate,Primary,Female,Post-Higher Education Work,Post-Higher Education Work,1559
2023-24,2023-24,True,,Q2 (Oct-Dec),05 NOV,485 Temporary Graduate,Primary,Female,Post-Vocational Education Work,Post-Vocational Education Work,301
2023-24,2023-24,True,,Q2 (Oct-Dec),05 NOV,485 Temporary Graduate,Primary,Female,Post-Higher Education Work,Post-Study Work Replacement,25
2023-24,2023-24,True,,Q2 (Oct-Dec),05 NOV,485 Temporary Graduate,Primary,Female,Post-Higher Education Work,Second Post-Higher Education Work,66
2023-24,2023-24,True,,Q2 (Oct-Dec),05 NOV,485 Temporary Graduate,Primary,Female,Post-Vocational Education Work,Graduate Work Replacement,3
2023-24,2023-24,True,,Q2 (Oct-Dec),05 NOV,485 Temporary Graduate,Primary,Male,Post-Higher Education Work,Post-Higher Education Work,2305
2023-24,2023-24,True,,Q2 (Oct-Dec),05 NOV,485 Temporary Graduate,Primary,Male,Post-Vocational Education Work,Post-Vocational Education Work,680
2023-24,2023-24,True,,Q2 (Oct-Dec),05 NOV,485 Temporary Graduate,Primary,Male,Post-Higher Education Work,Post-Study Work Replacement,54
2023-24,2023-24,True,,Q2 (Oct-Dec),05 NOV,485 Temporary Graduate,Primary,Male,Post-Higher Education Work,Second Post-Higher Education Work,48
2023-24,2023-24,True,,Q2 (Oct-Dec),05 NOV,485 Temporary Graduate,Primary,Male,Post-Vocational Education Work,Graduate Work Replacement,1
2023-24,2023-24,True,,Q2 (Oct-Dec),05 NOV,485 Temporary Graduate,Secondary,Female,Post-Higher Education Work,Post-Higher Education Work,893
2023-24,2023-24,True,,Q2 (Oct-Dec),05 NOV,485 Temporary Graduate,Secondary,Female,Post-Vocational Education Work,Post-Vocational Education Work,387
2023-24,2023-24,True,,Q2 (Oct-Dec),05 NOV,485 Temporary Graduate,Secondary,Female,Post-Higher Education Work,Post-Study Work Replacement,38
2023-24,2023-24,True,,Q2 (Oct-Dec),05 NOV,485 Temporary Graduate,Secondary,Female,Post-Higher Education Work,Second Post-Higher Education Work,23
2023-24,2023-24,True,,Q2 (Oct-Dec),05 NOV,485 Temporary Graduate,Secondary,Female,Post-Vocational Education Work,Graduate Work Replacement,2
2023-24,2023-24,True,,Q2 (Oct-Dec),05 NOV,485 Temporary Graduate,Secondary,Male,Post-Vocational Education Work,Post-Vocational Education Work,228
2023-24,2023-24,True,,Q2 (Oct-Dec),05 NOV,485 Temporary Graduate,Secondary,Male,Post-Higher Education Work,Post-Higher Education Work,808
2023-24,2023-24,True,,Q2 (Oct-Dec),05 NOV,485 Temporary Graduate,Secondary,Male,Post-Higher Education Work,Post-Study Work Replacement,18
2023-24,2023-24,True,,Q2 (Oct-Dec),05 NOV,485 Temporary Graduate,Secondary,Male,Post-Higher Education Work,Second Post-Higher Education Work,56
2023-24,2023-24,True,,Q2 (Oct-Dec),05 NOV,485 Temporary Graduate,Secondary,Male,Post-Vocational Education Work,Graduate Work Replacement,1
2023-24,2023-24,True,,Q2 (Oct-Dec),06 DEC,485 Temporary Graduate,Primary,Female,Post-Higher Education Work,Post-Higher Education Work,5709
2023-24,2023-24,True,,Q2 (Oct-Dec),06 DEC,485 Temporary Graduate,Primary,Female,Post-Vocational Education Work,Post-Vocational Education Work,372
2023-24,2023-24,True,,Q2 (Oct-Dec),06 DEC,485 Temporary Graduate,Primary,Female,Post-Higher Education Work,Post-Study Work Replacement,46
2023-24,2023-24,True,,Q2 (Oct-Dec),06 DEC,485 Temporary Graduate,Primary,Female,Post-Higher Education Work,Second Post-Higher Education Work,42
2023-24,2023-24,True,,Q2 (Oct-Dec),06 DEC,485 Temporary Graduate,Primary,Male,Post-Higher Education Work,Post-Higher Education Work,7697
2023-24,2023-24,True,,Q2 (Oct-Dec),06 DEC,485 Temporary Graduate,Primary,Male,Post-Vocational Education Work,Post-Vocational Education Work,681
2023-24,2023-24,True,,Q2 (Oct-Dec),06 DEC,485 Temporary Graduate,Primary,Male,Post-Higher Education Work,Post-Study Work Replacement,128
2023-24,2023-24,True,,Q2 (Oct-Dec),06 DEC,485 Temporary Graduate,Primary,Male,Post-Higher Education Work,Second Post-Higher Education Work,33
2023-24,2023-24,True,,Q2 (Oct-Dec),06 DEC,485 Temporary Graduate,Primary,Male,Post-Vocational Education Work,Graduate Work Replacement,1
2023-24,2023-24,True,,Q2 (Oct-Dec),06 DEC,485 Temporary Graduate,Primary,Not Specified,Post-Higher Education Work,Post-Higher Education Work,2
2023-24,2023-24,True,,Q2 (Oct-Dec),06 DEC,485 Temporary Graduate,Secondary,Female,Post-Higher Education Work,Post-Higher Education Work,2390
2023-24,2023-24,True,,Q2 (Oct-Dec),06 DEC,485 Temporary Graduate,Secondary,Female,Post-Vocational Education Work,Post-Vocational Education Work,397
2023-24,2023-24,True,,Q2 (Oct-Dec),06 DEC,485 Temporary Graduate,Secondary,Female,Post-Higher Education Work,Post-Study Work Replacement,87
2023-24,2023-24,True,,Q2 (Oct-Dec),06 DEC,485 Temporary Graduate,Secondary,Female,Post-Higher Education Work,Second Post-Higher Education Work,20
2023-24,2023-24,True,,Q2 (Oct-Dec),06 DEC,485 Temporary Graduate,Secondary,Female,Post-Vocational Education Work,Graduate Work Replacement,4
2023-24,2023-24,True,,Q2 (Oct-Dec),06 DEC,485 Temporary Graduate,Secondary,Male,Post-Higher Education Work,Post-Higher Education Work,2433
2023-24,2023-24,True,,Q2 (Oct-Dec),06 DEC,485 Temporary Graduate,Secondary,Male,Post-Vocational Education Work,Post-Vocational Education Work,249
2023-24,2023-24,True,,Q2 (Oct-Dec),06 DEC,485 Temporary Graduate,Secondary,Male,Post-Higher Education Work,Second Post-Higher Education Work,33
2023-24,2023-24,True,,Q2 (Oct-Dec),06 DEC,485 Temporary Graduate,Secondary,Male,Post-Higher Education Work,Post-Study Work Replacement,32
2023-24,2023-24,True,,Q3 (Jan-Mar),07 JAN,485 Temporary Graduate,Primary,Female,Post-Vocational Education Work,Post-Vocational Education Work,289
2023-24,2023-24,True,,Q3 (Jan-Mar),07 JAN,485 Temporary Graduate,Primary,Female,Post-Higher Education Work,Post-Higher Education Work,4668
2023-24,2023-24,True,,Q3 (Jan-Mar),07 JAN,485 Temporary Graduate,Primary,Female,Post-Higher Education Work,Post-Study Work Replacement,34
2023-24,2023-24,True,,Q3 (Jan-Mar),07 JAN,485 Temporary Graduate,Primary,Female,Post-Higher Education Work,Second Post-Higher Education Work,30
2023-24,2023-24,True,,Q3 (Jan-Mar),07 JAN,485 Temporary Graduate,Primary,Male,Post-Higher Education Work,Post-Higher Education Work,4994
2023-24,2023-24,True,,Q3 (Jan-Mar),07 JAN,485 Temporary Graduate,Primary,Male,Post-Vocational Education Work,Post-Vocational Education Work,506
2023-24,2023-24,True,,Q3 (Jan-Mar),07 JAN,485 Temporary Graduate,Primary,Male,Post-Higher Education Work,Post-Study Work Replacement,63
2023-24,2023-24,True,,Q3 (Jan-Mar),07 JAN,485 Temporary Graduate,Primary,Male,Post-Vocational Education Work,Graduate Work Replacement,2
2023-24,2023-24,True,,Q3 (Jan-Mar),07 JAN,485 Temporary Graduate,Primary,Male,Post-Higher Education Work,Second Post-Higher Education Work,45
2023-24,2023-24,True,,Q3 (Jan-Mar),07 JAN,485 Temporary Graduate,Primary,Not Specified,Post-Higher Education Work,Post-Higher Education Work,1
2023-24,2023-24,True,,Q3 (Jan-Mar),07 JAN,485 Temporary Graduate,Secondary,Female,Post-Vocational Education Work,Post-Vocational Education Work,321
2023-24,2023-24,True,,Q3 (Jan-Mar),07 JAN,485 Temporary Graduate,Secondary,Female,Post-Higher Education Work,Post-Higher Education Work,1447
2023-24,2023-24,True,,Q3 (Jan-Mar),07 JAN,485 Temporary Graduate,Secondary,Female,Post-Higher Education Work,Post-Study Work Replacement,40
2023-24,2023-24,True,,Q3 (Jan-Mar),07 JAN,485 Temporary Graduate,Secondary,Female,Post-Higher Education Work,Second Post-Higher Education Work,25
2023-24,2023-24,True,,Q3 (Jan-Mar),07 JAN,485 Temporary Graduate,Secondary,Male,Post-Higher Education Work,Post-Higher Education Work,1610
2023-24,2023-24,True,,Q3 (Jan-Mar),07 JAN,485 Temporary Graduate,Secondary,Male,Post-Higher Education Work,Post-Study Work Replacement,16
2023-24,2023-24,True,,Q3 (Jan-Mar),07 JAN,485 Temporary Graduate,Secondary,Male,Post-Higher Education Work,Second Post-Higher Education Work,24
2023-24,2023-24,True,,Q3 (Jan-Mar),07 JAN,485 Temporary Graduate,Secondary,Male,Post-Vocational Education Work,Post-Vocational Education Work,155
2023-24,2023-24,True,,Q3 (Jan-Mar),07 JAN,485 Temporary Graduate,Secondary,Male,Post-Vocational Education Work,Graduate Work Replacement,1
2023-24,2023-24,True,,Q3 (Jan-Mar),08 FEB,485 Temporary Graduate,Primary,Female,Post-Higher Education Work,Post-Higher Education Work,3649
2023-24,2023-24,True,,Q3 (Jan-Mar),08 FEB,485 Temporary Graduate,Primary,Female,Post-Vocational Education Work,Post-Vocational Education Work,366
2023-24,2023-24,True,,Q3 (Jan-Mar),08 FEB,485 Temporary Graduate,Primary,Female,Post-Higher Education Work,Second Post-Higher Education Work,42
2023-24,2023-24,True,,Q3 (Jan-Mar),08 FEB,485 Temporary Graduate,Primary,Female,Post-Higher Education Work,Post-Study Work Replacement,25
2023-24,2023-24,True,,Q3 (Jan-Mar),08 FEB,485 Temporary Graduate,Primary,Male,Post-Higher Education Work,Post-Higher Education Work,3226
2023-24,2023-24,True,,Q3 (Jan-Mar),08 FEB,485 Temporary Graduate,Primary,Male,Post-Vocational Education Work,Post-Vocational Education Work,701
2023-24,2023-24,True,,Q3 (Jan-Mar),08 FEB,485 Temporary Graduate,Primary,Male,Post-Higher Education Work,Second Post-Higher Education Work,29
2023-24,2023-24,True,,Q3 (Jan-Mar),08 FEB,485 Temporary Graduate,Primary,Male,Post-Higher Education Work,Post-Study Work Replacement,27
2023-24,2023-24,True,,Q3 (Jan-Mar),08 FEB,485 Temporary Graduate,Primary,Not Specified,Post-Vocational Education Work,Post-Vocational Education Work,1
2023-24,2023-24,True,,Q3 (Jan-Mar),08 FEB,485 Temporary Graduate,Primary,Not Specified,Post-Higher Education Work,Post-Higher Education Work,1
2023-24,2023-24,True,,Q3 (Jan-Mar),08 FEB,485 Temporary Graduate,Secondary,Female,Post-Higher Education Work,Post-Higher Education Work,1097
2023-24,2023-24,True,,Q3 (Jan-Mar),08 FEB,485 Temporary Graduate,Secondary,Female,Post-Vocational Education Work,Post-Vocational Education Work,417
2023-24,2023-24,True,,Q3 (Jan-Mar),08 FEB,485 Temporary Graduate,Secondary,Female,Post-Higher Education Work,Second Post-Higher Education Work,16
2023-24,2023-24,True,,Q3 (Jan-Mar),08 FEB,485 Temporary Graduate,Secondary,Female,Post-Higher Education Work,Post-Study Work Replacement,34
2023-24,2023-24,True,,Q3 (Jan-Mar),08 FEB,485 Temporary Graduate,Secondary,Female,Post-Vocational Education Work,Graduate Work Replacement,2
2023-24,2023-24,True,,Q3 (Jan-Mar),08 FEB,485 Temporary Graduate,Secondary,Male,Post-Higher Education Work,Post-Higher Education Work,1156
2023-24,2023-24,True,,Q3 (Jan-Mar),08 FEB,485 Temporary Graduate,Secondary,Male,Post-Vocational Education Work,Post-Vocational Education Work,208
2023-24,2023-24,True,,Q3 (Jan-Mar),08 FEB,485 Temporary Graduate,Secondary,Male,Post-Higher Education Work,Second Post-Higher Education Work,23
2023-24,2023-24,True,,Q3 (Jan-Mar),08 FEB,485 Temporary Graduate,Secondary,Male,Post-Higher Education Work,Post-Study Work Replacement,12
2023-24,2023-24,True,,Q3 (Jan-Mar),09 MAR,485 Temporary Graduate,Primary,Female,Post-Higher Education Work,Post-Higher Education Work,4160
2023-24,2023-24,True,,Q3 (Jan-Mar),09 MAR,485 Temporary Graduate,Primary,Female,Post-Vocational Education Work,Post-Vocational Education Work,707
2023-24,2023-24,True,,Q3 (Jan-Mar),09 MAR,485 Temporary Graduate,Primary,Female,Post-Higher Education Work,Second Post-Higher Education Work,52
2023-24,2023-24,True,,Q3 (Jan-Mar),09 MAR,485 Temporary Graduate,Primary,Female,Post-Higher Education Work,Post-Study Work Replacement,26
2023-24,2023-24,True,,Q3 (Jan-Mar),09 MAR,485 Temporary Graduate,Primary,Female,Post-Vocational Education Work,Graduate Work Replacement,4
2023-24,2023-24,True,,Q3 (Jan-Mar),09 MAR,485 Temporary Graduate,Primary,Male,Post-Higher Education Work,Post-Higher Education Work,3542
2023-24,2023-24,True,,Q3 (Jan-Mar),09 MAR,485 Temporary Graduate,Primary,Male,Post-Higher Education Work,Second Post-Higher Education Work,50
2023-24,2023-24,True,,Q3 (Jan-Mar),09 MAR,485 Temporary Graduate,Primary,Male,Post-Vocational Education Work,Post-Vocational Education Work,1444
2023-24,2023-24,True,,Q3 (Jan-Mar),09 MAR,485 Temporary Graduate,Primary,Male,Post-Higher Education Work,Post-Study Work Replacement,47
2023-24,2023-24,True,,Q3 (Jan-Mar),09 MAR,485 Temporary Graduate,Primary,Male,Post-Vocational Education Work,Graduate Work Replacement,1
2023-24,2023-24,True,,Q3 (Jan-Mar),09 MAR,485 Temporary Graduate,Secondary,Female,Post-Higher Education Work,Second Post-Higher Education Work,28
2023-24,2023-24,True,,Q3 (Jan-Mar),09 MAR,485 Temporary Graduate,Secondary,Female,Post-Vocational Education Work,Post-Vocational Education Work,558
2023-24,2023-24,True,,Q3 (Jan-Mar),09 MAR,485 Temporary Graduate,Secondary,Female,Post-Higher Education Work,Post-Higher Education Work,1293
2023-24,2023-24,True,,Q3 (Jan-Mar),09 MAR,485 Temporary Graduate,Secondary,Female,Post-Higher Education Work,Post-Study Work Replacement,42
2023-24,2023-24,True,,Q3 (Jan-Mar),09 MAR,485 Temporary Graduate,Secondary,Female,Post-Vocational Education Work,Graduate Work Replacement,3
2023-24,2023-24,True,,Q3 (Jan-Mar),09 MAR,485 Temporary Graduate,Secondary,Male,Post-Higher Education Work,Post-Higher Education Work,1387
2023-24,2023-24,True,,Q3 (Jan-Mar),09 MAR,485 Temporary Graduate,Secondary,Male,Post-Vocational Education Work,Post-Vocational Education Work,343
2023-24,2023-24,True,,Q3 (Jan-Mar),09 MAR,485 Temporary Graduate,Secondary,Male,Post-Higher Education Work,Second Post-Higher Education Work,31
2023-24,2023-24,True,,Q3 (Jan-Mar),09 MAR,485 Temporary Graduate,Secondary,Male,Post-Higher Education Work,Post-Study Work Replacement,15
2023-24,2023-24,True,,Q3 (Jan-Mar),09 MAR,485 Temporary Graduate,Secondary,Male,Post-Vocational Education Work,Graduate Work Replacement,2
2023-24,2023-24,True,,Q3 (Jan-Mar),09 MAR,485 Temporary Graduate,Secondary,Not Specified,Post-Vocational Education Work,Post-Vocational Education Work,1
2023-24,2023-24,True,,Q4 (Apr-Jun),10 APR,485 Temporary Graduate,Primary,Female,Post-Higher Education Work,Post-Higher Education Work,924
2023-24,2023-24,True,,Q4 (Apr-Jun),10 APR,485 Temporary Graduate,Primary,Female,Post-Higher Education Work,Second Post-Higher Education Work,50
2023-24,2023-24,True,,Q4 (Apr-Jun),10 APR,485 Temporary Graduate,Primary,Female,Post-Vocational Education Work,Post-Vocational Education Work,165
2023-24,2023-24,True,,Q4 (Apr-Jun),10 APR,485 Temporary Graduate,Primary,Female,Post-Higher Education Work,Post-Study Work Replacement,23
2023-24,2023-24,True,,Q4 (Apr-Jun),10 APR,485 Temporary Graduate,Primary,Male,Post-Vocational Education Work,Post-Vocational Education Work,318
2023-24,2023-24,True,,Q4 (Apr-Jun),10 APR,485 Temporary Graduate,Primary,Male,Post-Higher Education Work,Post-Higher Education Work,964
2023-24,2023-24,True,,Q4 (Apr-Jun),10 APR,485 Temporary Graduate,Primary,Male,Post-Higher Education Work,Second Post-Higher Education Work,54
2023-24,2023-24,True,,Q4 (Apr-Jun),10 APR,485 Temporary Graduate,Primary,Male,Post-Higher Education Work,Post-Study Work Replacement,10
2023-24,2023-24,True,,Q4 (Apr-Jun),10 APR,485 Temporary Graduate,Secondary,Female,Post-Higher Education Work,Post-Higher Education Work,759
2023-24,2023-24,True,,Q4 (Apr-Jun),10 APR,485 Temporary Graduate,Secondary,Female,Post-Vocational Education Work,Post-Vocational Education Work,276
2023-24,2023-24,True,,Q4 (Apr-Jun),10 APR,485 Temporary Graduate,Secondary,Female,Post-Higher Education Work,Second Post-Higher Education Work,22
2023-24,2023-24,True,,Q4 (Apr-Jun),10 APR,485 Temporary Graduate,Secondary,Female,Post-Higher Education Work,Post-Study Work Replacement,24
2023-24,2023-24,True,,Q4 (Apr-Jun),10 APR,485 Temporary Graduate,Secondary,Female,Post-Vocational Education Work,Graduate Work Replacement,1
2023-24,2023-24,True,,Q4 (Apr-Jun),10 APR,485 Temporary Graduate,Secondary,Male,Post-Higher Education Work,Post-Higher Education Work,603
2023-24,2023-24,True,,Q4 (Apr-Jun),10 APR,485 Temporary Graduate,Secondary,Male,Post-Vocational Education Work,Post-Vocational Education Work,115
2023-24,2023-24,True,,Q4 (Apr-Jun),10 APR,485 Temporary Graduate,Secondary,Male,Post-Higher Education Work,Second Post-Higher Education Work,30
2023-24,2023-24,True,,Q4 (Apr-Jun),10 APR,485 Temporary Graduate,Secondary,Male,Post-Higher Education Work,Post-Study Work Replacement,6
2023-24,2023-24,True,,Q4 (Apr-Jun),10 APR,485 Temporary Graduate,Secondary,Male,Post-Vocational Education Work,Graduate Work Replacement,1
2023-24,2023-24,True,,Q4 (Apr-Jun),11 MAY,485 Temporary Graduate,Primary,Female,Post-Higher Education Work,Post-Higher Education Work,1068
2023-24,2023-24,True,,Q4 (Apr-Jun),11 MAY,485 Temporary Graduate,Primary,Female,Post-Vocational Education Work,Post-Vocational Education Work,350
2023-24,2023-24,True,,Q4 (Apr-Jun),11 MAY,485 Temporary Graduate,Primary,Female,Post-Higher Education Work,Post-Study Work Replacement,36
2023-24,2023-24,True,,Q4 (Apr-Jun),11 MAY,485 Temporary Graduate,Primary,Female,Post-Higher Education Work,Second Post-Higher Education Work,98
2023-24,2023-24,True,,Q4 (Apr-Jun),11 MAY,485 Temporary Graduate,Primary,Female,Post-Vocational Education Work,Graduate Work Replacement,1
2023-24,2023-24,True,,Q4 (Apr-Jun),11 MAY,485 Temporary Graduate,Primary,Male,Post-Vocational Education Work,Post-Vocational Education Work,554
2023-24,2023-24,True,,Q4 (Apr-Jun),11 MAY,485 Temporary Graduate,Primary,Male,Post-Higher Education Work,Post-Higher Education Work,1329
2023-24,2023-24,True,,Q4 (Apr-Jun),11 MAY,485 Temporary Graduate,Primary,Male,Post-Higher Education Work,Second Post-Higher Education Work,77
2023-24,2023-24,True,,Q4 (Apr-Jun),11 MAY,485 Temporary Graduate,Primary,Male,Post-Higher Education Work,Post-Study Work Replacement,32
2023-24,2023-24,True,,Q4 (Apr-Jun),11 MAY,485 Temporary Graduate,Primary,Male,Post-Vocational Education Work,Graduate Work Replacement,3
2023-24,2023-24,True,,Q4 (Apr-Jun),11 MAY,485 Temporary Graduate,Primary,Not Specified,Post-Higher Education Work,Post-Higher Education Work,1
2023-24,2023-24,True,,Q4 (Apr-Jun),11 MAY,485 Temporary Graduate,Secondary,Female,Post-Vocational Education Work,Post-Vocational Education Work,367
2023-24,2023-24,True,,Q4 (Apr-Jun),11 MAY,485 Temporary Graduate,Secondary,Female,Post-Higher Education Work,Post-Higher Education Work,915
2023-24,2023-24,True,,Q4 (Apr-Jun),11 MAY,485 Temporary Graduate,Secondary,Female,Post-Higher Education Work,Second Post-Higher Education Work,41
2023-24,2023-24,True,,Q4 (Apr-Jun),11 MAY,485 Temporary Graduate,Secondary,Female,Post-Higher Education Work,Post-Study Work Replacement,32
2023-24,2023-24,True,,Q4 (Apr-Jun),11 MAY,485 Temporary Graduate,Secondary,Male,Post-Vocational Education Work,Post-Vocational Education Work,212
2023-24,2023-24,True,,Q4 (Apr-Jun),11 MAY,485 Temporary Graduate,Secondary,Male,Post-Higher Education Work,Post-Higher Education Work,693
2023-24,2023-24,True,,Q4 (Apr-Jun),11 MAY,485 Temporary Graduate,Secondary,Male,Post-Higher Education Work,Post-Study Work Replacement,19
2023-24,2023-24,True,,Q4 (Apr-Jun),11 MAY,485 Temporary Graduate,Secondary,Male,Post-Higher Education Work,Second Post-Higher Education Work,63
2023-24,2023-24,True,,Q4 (Apr-Jun),11 MAY,485 Temporary Graduate,Secondary,Male,Post-Vocational Education Work,Graduate Work Replacement,2
2023-24,2023-24,True,,Q4 (Apr-Jun),11 MAY,485 Temporary Graduate,Secondary,Not Specified,Post-Vocational Education Work,Post-Vocational Education Work,1
2023-24,2023-24,True,,Q4 (Apr-Jun),11 MAY,485 Temporary Graduate,Secondary,Not Specified,Post-Higher Education Work,Post-Higher Education Work,1
2023-24,2023-24,True,,Q4 (Apr-Jun),12 JUN,485 Temporary Graduate,Primary,Female,Post-Higher Education Work,Post-Higher Education Work,5133
2023-24,2023-24,True,,Q4 (Apr-Jun),12 JUN,485 Temporary Graduate,Primary,Female,Post-Vocational Education Work,Graduate Work Replacement,12
2023-24,2023-24,True,,Q4 (Apr-Jun),12 JUN,485 Temporary Graduate,Primary,Female,Post-Vocational Education Work,Post-Vocational Education Work,540
2023-24,2023-24,True,,Q4 (Apr-Jun),12 JUN,485 Temporary Graduate,Primary,Female,Post-Higher Education Work,Post-Study Work Replacement,104
2023-24,2023-24,True,,Q4 (Apr-Jun),12 JUN,485 Temporary Graduate,Primary,Female,Post-Higher Education Work,Second Post-Higher Education Work,246
2023-24,2023-24,True,,Q4 (Apr-Jun),12 JUN,485 Temporary Graduate,Primary,Male,Post-Vocational Education Work,Post-Vocational Education Work,845
2023-24,2023-24,True,,Q4 (Apr-Jun),12 JUN,485 Temporary Graduate,Primary,Male,Post-Higher Education Work,Post-Higher Education Work,5777
2023-24,2023-24,True,,Q4 (Apr-Jun),12 JUN,485 Temporary Graduate,Primary,Male,Post-Higher Education Work,Second Post-Higher Education Work,234
2023-24,2023-24,True,,Q4 (Apr-Jun),12 JUN,485 Temporary Graduate,Primary,Male,Post-Higher Education Work,Post-Study Work Replacement,69
2023-24,2023-24,True,,Q4 (Apr-Jun),12 JUN,485 Temporary Graduate,Primary,Male,Post-Vocational Education Work,Graduate Work Replacement,9
2023-24,2023-24,True,,Q4 (Apr-Jun),12 JUN,485 Temporary Graduate,Secondary,Female,Post-Vocational Education Work,Post-Vocational Education Work,488
2023-24,2023-24,True,,Q4 (Apr-Jun),12 JUN,485 Temporary Graduate,Secondary,Female,Post-Higher Education Work,Post-Higher Education Work,2412
2023-24,2023-24,True,,Q4 (Apr-Jun),12 JUN,485 Temporary Graduate,Secondary,Female,Post-Higher Education Work,Second Post-Higher Education Work,153
2023-24,2023-24,True,,Q4 (Apr-Jun),12 JUN,485 Temporary Graduate,Secondary,Female,Post-Higher Education Work,Post-Study Work Replacement,39
2023-24,2023-24,True,,Q4 (Apr-Jun),12 JUN,485 Temporary Graduate,Secondary,Female,Post-Vocational Education Work,Graduate Work Replacement,4
2023-24,2023-24,True,,Q4 (Apr-Jun),12 JUN,485 Temporary Graduate,Secondary,Male,Post-Higher Education Work,Post-Higher Education Work,2582
2023-24,2023-24,True,,Q4 (Apr-Jun),12 JUN,485 Temporary Graduate,Secondary,Male,Post-Higher Education Work,Second Post-Higher Education Work,176
2023-24,2023-24,True,,Q4 (Apr-Jun),12 JUN,485 Temporary Graduate,Secondary,Male,Post-Vocational Education Work,Graduate Work Replacement,4
2023-24,2023-24,True,,Q4 (Apr-Jun),12 JUN,485 Temporary Graduate,Secondary,Male,Post-Vocational Education Work,Post-Vocational Education Work,355
2023-24,2023-24,True,,Q4 (Apr-Jun),12 JUN,485 Temporary Graduate,Secondary,Male,Post-Higher Education Work,Post-Study Work Replacement,30
2024-25,2024-25,True,,Q1 (Jul-Sep),01 JUL,485 Temporary Graduate,Primary,Female,Post-Higher Education Work,Post-Higher Education Work,1665
2024-25,2024-25,True,,Q1 (Jul-Sep),01 JUL,485 Temporary Graduate,Primary,Female,Post-Higher Education Work,Second Post-Higher Education Work,81
2024-25,2024-25,True,,Q1 (Jul-Sep),01 JUL,485 Temporary Graduate,Primary,Female,Post-Vocational Education Work,Post-Vocational Education Work,224
2024-25,2024-25,True,,Q1 (Jul-Sep),01 JUL,485 Temporary Graduate,Primary,Male,Post-Higher Education Work,Post-Higher Education Work,1513
2024-25,2024-25,True,,Q1 (Jul-Sep),01 JUL,485 Temporary Graduate,Primary,Male,Post-Vocational Education Work,Post-Vocational Education Work,479
2024-25,2024-25,True,,Q1 (Jul-Sep),01 JUL,485 Temporary Graduate,Primary,Male,Post-Higher Education Work,Second Post-Higher Education Work,82
2024-25,2024-25,True,,Q1 (Jul-Sep),01 JUL,485 Temporary Graduate,Secondary,Female,Post-Higher Education Work,Post-Higher Education Work,630
2024-25,2024-25,True,,Q1 (Jul-Sep),01 JUL,485 Temporary Graduate,Secondary,Female,Post-Vocational Education Work,Post-Vocational Education Work,221
2024-25,2024-25,True,,Q1 (Jul-Sep),01 JUL,485 Temporary Graduate,Secondary,Female,Post-Higher Education Work,Second Post-Higher Education Work,17
2024-25,2024-25,True,,Q1 (Jul-Sep),01 JUL,485 Temporary Graduate,Secondary,Female,Post-Higher Education Work,Post-Study Work Replacement,13
2024-25,2024-25,True,,Q1 (Jul-Sep),01 JUL,485 Temporary Graduate,Secondary,Female,Post-Vocational Education Work,Graduate Work Replacement,1
2024-25,2024-25,True,,Q1 (Jul-Sep),01 JUL,485 Temporary Graduate,Secondary,Male,Post-Higher Education Work,Post-Higher Education Work,629
2024-25,2024-25,True,,Q1 (Jul-Sep),01 JUL,485 Temporary Graduate,Secondary,Male,Post-Vocational Education Work,Post-Vocational Education Work,123
2024-25,2024-25,True,,Q1 (Jul-Sep),01 JUL,485 Temporary Graduate,Secondary,Male,Post-Higher Education Work,Second Post-Higher Education Work,22
2024-25,2024-25,True,,Q1 (Jul-Sep),01 JUL,485 Temporary Graduate,Secondary,Male,Post-Higher Education Work,Post-Study Work Replacement,3
2024-25,2024-25,True,,Q1 (Jul-Sep),02 AUG,485 Temporary Graduate,Primary,Female,Post-Higher Education Work,Post-Higher Education Work,2884
2024-25,2024-25,True,,Q1 (Jul-Sep),02 AUG,485 Temporary Graduate,Primary,Female,Post-Vocational Education Work,Post-Vocational Education Work,437
2024-25,2024-25,True,,Q1 (Jul-Sep),02 AUG,485 Temporary Graduate,Primary,Female,Post-Higher Education Work,Second Post-Higher Education Work,39
2024-25,2024-25,True,,Q1 (Jul-Sep),02 AUG,485 Temporary Graduate,Primary,Male,Post-Higher Education Work,Post-Higher Education Work,2750
2024-25,2024-25,True,,Q1 (Jul-Sep),02 AUG,485 Temporary Graduate,Primary,Male,Post-Vocational Education Work,Post-Vocational Education Work,833
2024-25,2024-25,True,,Q1 (Jul-Sep),02 AUG,485 Temporary Graduate,Primary,Male,Post-Higher Education Work,Second Post-Higher Education Work,40
2024-25,2024-25,True,,Q1 (Jul-Sep),02 AUG,485 Temporary Graduate,Primary,Not Specified,Post-Higher Education Work,Second Post-Higher Education Work,1
2024-25,2024-25,True,,Q1 (Jul-Sep),02 AUG,485 Temporary Graduate,Secondary,Female,Post-Higher Education Work,Post-Higher Education Work,940
2024-25,2024-25,True,,Q1 (Jul-Sep),02 AUG,485 Temporary Graduate,Secondary,Female,Post-Higher Education Work,Second Post-Higher Education Work,16
2024-25,2024-25,True,,Q1 (Jul-Sep),02 AUG,485 Temporary Graduate,Secondary,Female,Post-Vocational Education Work,Post-Vocational Education Work,336
2024-25,2024-25,True,,Q1 (Jul-Sep),02 AUG,485 Temporary Graduate,Secondary,Female,Post-Higher Education Work,Post-Study Work Replacement,10
2024-25,2024-25,True,,Q1 (Jul-Sep),02 AUG,485 Temporary Graduate,Secondary,Female,Post-Vocational Education Work,Graduate Work Replacement,1
2024-25,2024-25,True,,Q1 (Jul-Sep),02 AUG,485 Temporary Graduate,Secondary,Male,Post-Higher Education Work,Post-Higher Education Work,1039
2024-25,2024-25,True,,Q1 (Jul-Sep),02 AUG,485 Temporary Graduate,Secondary,Male,Post-Vocational Education Work,Post-Vocational Education Work,247
2024-25,2024-25,True,,Q1 (Jul-Sep),02 AUG,485 Temporary Graduate,Secondary,Male,Post-Higher Education Work,Second Post-Higher Education Work,16
2024-25,2024-25,True,,Q1 (Jul-Sep),02 AUG,485 Temporary Graduate,Secondary,Male,Post-Higher Education Work,Post-Study Work Replacement,10
2024-25,2024-25,True,,Q1 (Jul-Sep),02 AUG,485 Temporary Graduate,Secondary,Not Specified,Post-Higher Education Work,Post-Higher Education Work,1
2024-25,2024-25,True,,Q1 (Jul-Sep),03 SEP,485 Temporary Graduate,Primary,Female,Post-Higher Education Work,Post-Higher Education Work,1369
2024-25,2024-25,True,,Q1 (Jul-Sep),03 SEP,485 Temporary Graduate,Primary,Female,Post-Vocational Education Work,Post-Vocational Education Work,398
2024-25,2024-25,True,,Q1 (Jul-Sep),03 SEP,485 Temporary Graduate,Primary,Female,Post-Higher Education Work,Second Post-Higher Education Work,59
2024-25,2024-25,True,,Q1 (Jul-Sep),03 SEP,485 Temporary Graduate,Primary,Male,Post-Higher Education Work,Post-Higher Education Work,1300
2024-25,2024-25,True,,Q1 (Jul-Sep),03 SEP,485 Temporary Graduate,Primary,Male,Post-Vocational Education Work,Post-Vocational Education Work,619
2024-25,2024-25,True,,Q1 (Jul-Sep),03 SEP,485 Temporary Graduate,Primary,Male,Post-Higher Education Work,Second Post-Higher Education Work,43
2024-25,2024-25,True,,Q1 (Jul-Sep),03 SEP,485 Temporary Graduate,Secondary,Female,Post-Vocational Education Work,Post-Vocational Education Work,295
2024-25,2024-25,True,,Q1 (Jul-Sep),03 SEP,485 Temporary Graduate,Secondary,Female,Post-Higher Education Work,Post-Higher Education Work,751
2024-25,2024-25,True,,Q1 (Jul-Sep),03 SEP,485 Temporary Graduate,Secondary,Female,Post-Higher Education Work,Second Post-Higher Education Work,13
2024-25,2024-25,True,,Q1 (Jul-Sep),03 SEP,485 Temporary Graduate,Secondary,Female,Post-Higher Education Work,Post-Study Work Replacement,13
2024-25,2024-25,True,,Q1 (Jul-Sep),03 SEP,485 Temporary Graduate,Secondary,Female,Post-Vocational Education Work,Graduate Work Replacement,1
2024-25,2024-25,True,,Q1 (Jul-Sep),03 SEP,485 Temporary Graduate,Secondary,Male,Post-Vocational Education Work,Post-Vocational Education Work,251
2024-25,2024-25,True,,Q1 (Jul-Sep),03 SEP,485 Temporary Graduate,Secondary,Male,Post-Higher Education Work,Post-Higher Education Work,749
2024-25,2024-25,True,,Q1 (Jul-Sep),03 SEP,485 Temporary Graduate,Secondary,Male,Post-Higher Education Work,Second Post-Higher Education Work,18
2024-25,2024-25,True,,Q1 (Jul-Sep),03 SEP,485 Temporary Graduate,Secondary,Male,Post-Higher Education Work,Post-Study Work Replacement,5
2024-25,2024-25,True,,Q1 (Jul-Sep),03 SEP,485 Temporary Graduate,Secondary,Male,Post-Vocational Education Work,Graduate Work Replacement,1
2024-25,2024-25,True,,Q2 (Oct-Dec),04 OCT,485 Temporary Graduate,Primary,Female,Post-Vocational Education Work,Post-Vocational Education Work,328
2024-25,2024-25,True,,Q2 (Oct-Dec),04 OCT,485 Temporary Graduate,Primary,Female,Post-Higher Education Work,Post-Higher Education Work,929
2024-25,2024-25,True,,Q2 (Oct-Dec),04 OCT,485 Temporary Graduate,Primary,Female,Post-Higher Education Work,Second Post-Higher Education Work,91
2024-25,2024-25,True,,Q2 (Oct-Dec),04 OCT,485 Temporary Graduate,Primary,Male,Post-Higher Education Work,Post-Higher Education Work,846
2024-25,2024-25,True,,Q2 (Oct-Dec),04 OCT,485 Temporary Graduate,Primary,Male,Post-Vocational Education Work,Post-Vocational Education Work,571
2024-25,2024-25,True,,Q2 (Oct-Dec),04 OCT,485 Temporary Graduate,Primary,Male,Post-Higher Education Work,Second Post-Higher Education Work,93
2024-25,2024-25,True,,Q2 (Oct-Dec),04 OCT,485 Temporary Graduate,Primary,Not Specified,Post-Higher Education Work,Post-Higher Education Work,1
2024-25,2024-25,True,,Q2 (Oct-Dec),04 OCT,485 Temporary Graduate,Secondary,Female,Post-Vocational Education Work,Post-Vocational Education Work,278
2024-25,2024-25,True,,Q2 (Oct-Dec),04 OCT,485 Temporary Graduate,Secondary,Female,Post-Higher Education Work,Post-Higher Education Work,644
2024-25,2024-25,True,,Q2 (Oct-Dec),04 OCT,485 Temporary Graduate,Secondary,Female,Post-Higher Education Work,Second Post-Higher Education Work,18
2024-25,2024-25,True,,Q2 (Oct-Dec),04 OCT,485 Temporary Graduate,Secondary,Female,Post-Higher Education Work,Post-Study Work Replacement,15
2024-25,2024-25,True,,Q2 (Oct-Dec),04 OCT,485 Temporary Graduate,Secondary,Male,Post-Higher Education Work,Post-Higher Education Work,607
2024-25,2024-25,True,,Q2 (Oct-Dec),04 OCT,485 Temporary Graduate,Secondary,Male,Post-Vocational Education Work,Post-Vocational Education Work,219
2024-25,2024-25,True,,Q2 (Oct-Dec),04 OCT,485 Temporary Graduate,Secondary,Male,Post-Higher Education Work,Second Post-Higher Education Work,15
2024-25,2024-25,True,,Q2 (Oct-Dec),04 OCT,485 Temporary Graduate,Secondary,Male,Post-Higher Education Work,Post-Study Work Replacement,6
2024-25,2024-25,True,,Q2 (Oct-Dec),05 NOV,485 Temporary Graduate,Primary,Female,Post-Higher Education Work,Post-Higher Education Work,1113
2024-25,2024-25,True,,Q2 (Oct-Dec),05 NOV,485 Temporary Graduate,Primary,Female,Post-Higher Education Work,Second Post-Higher Education Work,87
2024-25,2024-25,True,,Q2 (Oct-Dec),05 NOV,485 Temporary Graduate,Primary,Female,Post-Vocational Education Work,Post-Vocational Education Work,455
2024-25,2024-25,True,,Q2 (Oct-Dec),05 NOV,485 Temporary Graduate,Primary,Male,Post-Higher Education Work,Second Post-Higher Education Work,80
2024-25,2024-25,True,,Q2 (Oct-Dec),05 NOV,485 Temporary Graduate,Primary,Male,Post-Higher Education Work,Post-Higher Education Work,1082
2024-25,2024-25,True,,Q2 (Oct-Dec),05 NOV,485 Temporary Graduate,Primary,Male,Post-Vocational Education Work,Post-Vocational Education Work,737
2024-25,2024-25,True,,Q2 (Oct-Dec),05 NOV,485 Temporary Graduate,Secondary,Female,Post-Higher Education Work,Post-Higher Education Work,678
2024-25,2024-25,True,,Q2 (Oct-Dec),05 NOV,485 Temporary Graduate,Secondary,Female,Post-Higher Education Work,Second Post-Higher Education Work,25
2024-25,2024-25,True,,Q2 (Oct-Dec),05 NOV,485 Temporary Graduate,Secondary,Female,Post-Vocational Education Work,Post-Vocational Education Work,401
2024-25,2024-25,True,,Q2 (Oct-Dec),05 NOV,485 Temporary Graduate,Secondary,Female,Post-Higher Education Work,Post-Study Work Replacement,26
2024-25,2024-25,True,,Q2 (Oct-Dec),05 NOV,485 Temporary Graduate,Secondary,Male,Post-Higher Education Work,Post-Higher Education Work,729
2024-25,2024-25,True,,Q2 (Oct-Dec),05 NOV,485 Temporary Graduate,Secondary,Male,Post-Vocational Education Work,Post-Vocational Education Work,271
2024-25,2024-25,True,,Q2 (Oct-Dec),05 NOV,485 Temporary Graduate,Secondary,Male,Post-Higher Education Work,Second Post-Higher Education Work,42
2024-25,2024-25,True,,Q2 (Oct-Dec),05 NOV,485 Temporary Graduate,Secondary,Male,Post-Higher Education Work,Post-Study Work Replacement,6
2024-25,2024-25,True,,Q2 (Oct-Dec),05 NOV,485 Temporary Graduate,Secondary,Not Specified,Post-Vocational Education Work,Post-Vocational Education Work,1
2024-25,2024-25,True,,Q2 (Oct-Dec),06 DEC,485 Temporary Graduate,Primary,Female,Post-Higher Education Work,Post-Higher Education Work,2325
2024-25,2024-25,True,,Q2 (Oct-Dec),06 DEC,485 Temporary Graduate,Primary,Female,Post-Higher Education Work,Second Post-Higher Education Work,61
2024-25,2024-25,True,,Q2 (Oct-Dec),06 DEC,485 Temporary Graduate,Primary,Female,Post-Vocational Education Work,Post-Vocational Education Work,407
2024-25,2024-25,True,,Q2 (Oct-Dec),06 DEC,485 Temporary Graduate,Primary,Male,Post-Higher Education Work,Post-Higher Education Work,2088
2024-25,2024-25,True,,Q2 (Oct-Dec),06 DEC,485 Temporary Graduate,Primary,Male,Post-Vocational Education Work,Post-Vocational Education Work,629
2024-25,2024-25,True,,Q2 (Oct-Dec),06 DEC,485 Temporary Graduate,Primary,Male,Post-Higher Education Work,Second Post-Higher Education Work,82
2024-25,2024-25,True,,Q2 (Oct-Dec),06 DEC,485 Temporary Graduate,Secondary,Female,Post-Higher Education Work,Post-Higher Education Work,851
2024-25,2024-25,True,,Q2 (Oct-Dec),06 DEC,485 Temporary Graduate,Secondary,Female,Post-Vocational Education Work,Post-Vocational Education Work,339
2024-25,2024-25,True,,Q2 (Oct-Dec),06 DEC,485 Temporary Graduate,Secondary,Female,Post-Higher Education Work,Second Post-Higher Education Work,32
2024-25,2024-25,True,,Q2 (Oct-Dec),06 DEC,485 Temporary Graduate,Secondary,Female,Post-Higher Education Work,Post-Study Work Replacement,14
2024-25,2024-25,True,,Q2 (Oct-Dec),06 DEC,485 Temporary Graduate,Secondary,Male,Post-Higher Education Work,Post-Higher Education Work,947
2024-25,2024-25,True,,Q2 (Oct-Dec),06 DEC,485 Temporary Graduate,Secondary,Male,Post-Higher Education Work,Second Post-Higher Education Work,49
2024-25,2024-25,True,,Q2 (Oct-Dec),06 DEC,485 Temporary Graduate,Secondary,Male,Post-Vocational Education Work,Post-Vocational Education Work,224
2024-25,2024-25,True,,Q2 (Oct-Dec),06 DEC,485 Temporary Graduate,Secondary,Male,Post-Higher Education Work,Post-Study Work Replacement,5
2024-25,2024-25,True,,Q3 (Jan-Mar),07 JAN,485 Temporary Graduate,Primary,Female,Post-Higher Education Work,Post-Higher Education Work,4822
2024-25,2024-25,True,,Q3 (Jan-Mar),07 JAN,485 Temporary Graduate,Primary,Female,Post-Vocational Education Work,Post-Vocational Education Work,356
2024-25,2024-25,True,,Q3 (Jan-Mar),07 JAN,485 Temporary Graduate,Primary,Female,Post-Higher Education Work,Second Post-Higher Education Work,80
2024-25,2024-25,True,,Q3 (Jan-Mar),07 JAN,485 Temporary Graduate,Primary,Male,Post-Higher Education Work,Post-Higher Education Work,3950
2024-25,2024-25,True,,Q3 (Jan-Mar),07 JAN,485 Temporary Graduate,Primary,Male,Post-Vocational Education Work,Post-Vocational Education Work,635
2024-25,2024-25,True,,Q3 (Jan-Mar),07 JAN,485 Temporary Graduate,Primary,Male,Post-Higher Education Work,Second Post-Higher Education Work,73
2024-25,2024-25,True,,Q3 (Jan-Mar),07 JAN,485 Temporary Graduate,Secondary,Female,Post-Higher Education Work,Post-Higher Education Work,1298
2024-25,2024-25,True,,Q3 (Jan-Mar),07 JAN,485 Temporary Graduate,Secondary,Female,Post-Vocational Education Work,Post-Vocational Education Work,366
2024-25,2024-25,True,,Q3 (Jan-Mar),07 JAN,485 Temporary Graduate,Secondary,Female,Post-Higher Education Work,Second Post-Higher Education Work,35
2024-25,2024-25,True,,Q3 (Jan-Mar),07 JAN,485 Temporary Graduate,Secondary,Female,Post-Higher Education Work,Post-Study Work Replacement,15
2024-25,2024-25,True,,Q3 (Jan-Mar),07 JAN,485 Temporary Graduate,Secondary,Male,Post-Higher Education Work,Post-Higher Education Work,1656
2024-25,2024-25,True,,Q3 (Jan-Mar),07 JAN,485 Temporary Graduate,Secondary,Male,Post-Vocational Education Work,Post-Vocational Education Work,237
2024-25,2024-25,True,,Q3 (Jan-Mar),07 JAN,485 Temporary Graduate,Secondary,Male,Post-Higher Education Work,Second Post-Higher Education Work,44
2024-25,2024-25,True,,Q3 (Jan-Mar),07 JAN,485 Temporary Graduate,Secondary,Male,Post-Higher Education Work,Post-Study Work Replacement,2
2024-25,2024-25,True,,Q3 (Jan-Mar),08 FEB,485 Temporary Graduate,Primary,Female,Post-Higher Education Work,Post-Higher Education Work,3051
2024-25,2024-25,True,,Q3 (Jan-Mar),08 FEB,485 Temporary Graduate,Primary,Female,Post-Vocational Education Work,Post-Vocational Education Work,449
2024-25,2024-25,True,,Q3 (Jan-Mar),08 FEB,485 Temporary Graduate,Primary,Female,Post-Higher Education Work,Second Post-Higher Education Work,94
2024-25,2024-25,True,,Q3 (Jan-Mar),08 FEB,485 Temporary Graduate,Primary,Male,Post-Higher Education Work,Post-Higher Education Work,2698
2024-25,2024-25,True,,Q3 (Jan-Mar),08 FEB,485 Temporary Graduate,Primary,Male,Post-Vocational Education Work,Post-Vocational Education Work,734
2024-25,2024-25,True,,Q3 (Jan-Mar),08 FEB,485 Temporary Graduate,Primary,Male,Post-Higher Education Work,Second Post-Higher Education Work,87
2024-25,2024-25,True,,Q3 (Jan-Mar),08 FEB,485 Temporary Graduate,Secondary,Female,Post-Higher Education Work,Post-Higher Education Work,976
2024-25,2024-25,True,,Q3 (Jan-Mar),08 FEB,485 Temporary Graduate,Secondary,Female,Post-Vocational Education Work,Post-Vocational Education Work,285
2024-25,2024-25,True,,Q3 (Jan-Mar),08 FEB,485 Temporary Graduate,Secondary,Female,Post-Higher Education Work,Second Post-Higher Education Work,38
2024-25,2024-25,True,,Q3 (Jan-Mar),08 FEB,485 Temporary Graduate,Secondary,Female,Post-Higher Education Work,Post-Study Work Replacement,8
2024-25,2024-25,True,,Q3 (Jan-Mar),08 FEB,485 Temporary Graduate,Secondary,Male,Post-Higher Education Work,Post-Higher Education Work,1078
2024-25,2024-25,True,,Q3 (Jan-Mar),08 FEB,485 Temporary Graduate,Secondary,Male,Post-Higher Education Work,Second Post-Higher Education Work,33
2024-25,2024-25,True,,Q3 (Jan-Mar),08 FEB,485 Temporary Graduate,Secondary,Male,Post-Vocational Education Work,Post-Vocational Education Work,221
2024-25,2024-25,True,,Q3 (Jan-Mar),08 FEB,485 Temporary Graduate,Secondary,Male,Post-Higher Education Work,Post-Study Work Replacement,1
2024-25,2024-25,True,,Q3 (Jan-Mar),09 MAR,485 Temporary Graduate,Primary,Female,Post-Higher Education Work,Post-Higher Education Work,6165
2024-25,2024-25,True,,Q3 (Jan-Mar),09 MAR,485 Temporary Graduate,Primary,Female,Post-Vocational Education Work,Post-Vocational Education Work,1295
2024-25,2024-25,True,,Q3 (Jan-Mar),09 MAR,485 Temporary Graduate,Primary,Female,Post-Higher Education Work,Second Post-Higher Education Work,107
2024-25,2024-25,True,,Q3 (Jan-Mar),09 MAR,485 Temporary Graduate,Primary,Male,Post-Higher Education Work,Post-Higher Education Work,5516
2024-25,2024-25,True,,Q3 (Jan-Mar),09 MAR,485 Temporary Graduate,Primary,Male,Post-Higher Education Work,Second Post-Higher Education Work,79
2024-25,2024-25,True,,Q3 (Jan-Mar),09 MAR,485 Temporary Graduate,Primary,Male,Post-Vocational Education Work,Post-Vocational Education Work,1964
2024-25,2024-25,True,,Q3 (Jan-Mar),09 MAR,485 Temporary Graduate,Primary,Not Specified,Post-Higher Education Work,Post-Higher Education Work,1
2024-25,2024-25,True,,Q3 (Jan-Mar),09 MAR,485 Temporary Graduate,Secondary,Female,Post-Higher Education Work,Post-Higher Education Work,1591
2024-25,2024-25,True,,Q3 (Jan-Mar),09 MAR,485 Temporary Graduate,Secondary,Female,Post-Vocational Education Work,Post-Vocational Education Work,528
2024-25,2024-25,True,,Q3 (Jan-Mar),09 MAR,485 Temporary Graduate,Secondary,Female,Post-Higher Education Work,Post-Study Work Replacement,17
2024-25,2024-25,True,,Q3 (Jan-Mar),09 MAR,485 Temporary Graduate,Secondary,Female,Post-Higher Education Work,Second Post-Higher Education Work,44
2024-25,2024-25,True,,Q3 (Jan-Mar),09 MAR,485 Temporary Graduate,Secondary,Male,Post-Vocational Education Work,Post-Vocational Education Work,553
2024-25,2024-25,True,,Q3 (Jan-Mar),09 MAR,485 Temporary Graduate,Secondary,Male,Post-Higher Education Work,Post-Higher Education Work,2275
2024-25,2024-25,True,,Q3 (Jan-Mar),09 MAR,485 Temporary Graduate,Secondary,Male,Post-Higher Education Work,Second Post-Higher Education Work,53
2024-25,2024-25,True,,Q3 (Jan-Mar),09 MAR,485 Temporary Graduate,Secondary,Male,Post-Higher Education Work,Post-Study Work Replacement,8
2024-25,2024-25,True,,Q3 (Jan-Mar),09 MAR,485 Temporary Graduate,Secondary,Not Specified,Post-Higher Education Work,Post-Higher Education Work,2
2024-25,2024-25,True,,Q4 (Apr-Jun),10 APR,485 Temporary Graduate,Primary,Female,Post-Higher Education Work,Post-Higher Education Work,862
2024-25,2024-25,True,,Q4 (Apr-Jun),10 APR,485 Temporary Graduate,Primary,Female,Post-Vocational Education Work,Post-Vocational Education Work,488
2024-25,2024-25,True,,Q4 (Apr-Jun),10 APR,485 Temporary Graduate,Primary,Female,Post-Higher Education Work,Second Post-Higher Education Work,107
2024-25,2024-25,True,,Q4 (Apr-Jun),10 APR,485 Temporary Graduate,Primary,Male,Post-Higher Education Work,Post-Higher Education Work,813
2024-25,2024-25,True,,Q4 (Apr-Jun),10 APR,485 Temporary Graduate,Primary,Male,Post-Vocational Education Work,Post-Vocational Education Work,810
2024-25,2024-25,True,,Q4 (Apr-Jun),10 APR,485 Temporary Graduate,Primary,Male,Post-Higher Education Work,Second Post-Higher Education Work,96
2024-25,2024-25,True,,Q4 (Apr-Jun),10 APR,485 Temporary Graduate,Primary,Not Specified,Post-Vocational Education Work,Post-Vocational Education Work,1
2024-25,2024-25,True,,Q4 (Apr-Jun),10 APR,485 Temporary Graduate,Secondary,Female,Post-Higher Education Work,Post-Higher Education Work,734
2024-25,2024-25,True,,Q4 (Apr-Jun),10 APR,485 Temporary Graduate,Secondary,Female,Post-Vocational Education Work,Post-Vocational Education Work,354
2024-25,2024-25,True,,Q4 (Apr-Jun),10 APR,485 Temporary Graduate,Secondary,Female,Post-Higher Education Work,Second Post-Higher Education Work,49
2024-25,2024-25,True,,Q4 (Apr-Jun),10 APR,485 Temporary Graduate,Secondary,Female,Post-Higher Education Work,Post-Study Work Replacement,12
2024-25,2024-25,True,,Q4 (Apr-Jun),10 APR,485 Temporary Graduate,Secondary,Male,Post-Higher Education Work,Post-Higher Education Work,596
2024-25,2024-25,True,,Q4 (Apr-Jun),10 APR,485 Temporary Graduate,Secondary,Male,Post-Vocational Education Work,Post-Vocational Education Work,264
2024-25,2024-25,True,,Q4 (Apr-Jun),10 APR,485 Temporary Graduate,Secondary,Male,Post-Higher Education Work,Second Post-Higher Education Work,51
2024-25,2024-25,True,,Q4 (Apr-Jun),10 APR,485 Temporary Graduate,Secondary,Male,Post-Higher Education Work,Post-Study Work Replacement,1
2024-25,2024-25,True,,Q4 (Apr-Jun),11 MAY,485 Temporary Graduate,Primary,Female,Post-Higher Education Work,Post-Higher Education Work,574
2024-25,2024-25,True,,Q4 (Apr-Jun),11 MAY,485 Temporary Graduate,Primary,Female,Post-Vocational Education Work,Post-Vocational Education Work,712
2024-25,2024-25,True,,Q4 (Apr-Jun),11 MAY,485 Temporary Graduate,Primary,Female,Post-Higher Education Work,Second Post-Higher Education Work,88
2024-25,2024-25,True,,Q4 (Apr-Jun),11 MAY,485 Temporary Graduate,Primary,Male,Post-Higher Education Work,Post-Higher Education Work,620
2024-25,2024-25,True,,Q4 (Apr-Jun),11 MAY,485 Temporary Graduate,Primary,Male,Post-Vocational Education Work,Post-Vocational Education Work,1150
2024-25,2024-25,True,,Q4 (Apr-Jun),11 MAY,485 Temporary Graduate,Primary,Male,Post-Higher Education Work,Second Post-Higher Education Work,98
2024-25,2024-25,True,,Q4 (Apr-Jun),11 MAY,485 Temporary Graduate,Secondary,Female,Post-Vocational Education Work,Post-Vocational Education Work,359
2024-25,2024-25,True,,Q4 (Apr-Jun),11 MAY,485 Temporary Graduate,Secondary,Female,Post-Higher Education Work,Post-Higher Education Work,663
2024-25,2024-25,True,,Q4 (Apr-Jun),11 MAY,485 Temporary Graduate,Secondary,Female,Post-Higher Education Work,Second Post-Higher Education Work,63
2024-25,2024-25,True,,Q4 (Apr-Jun),11 MAY,485 Temporary Graduate,Secondary,Female,Post-Vocational Education Work,Graduate Work Replacement,1
2024-25,2024-25,True,,Q4 (Apr-Jun),11 MAY,485 Temporary Graduate,Secondary,Female,Post-Higher Education Work,Post-Study Work Replacement,11
2024-25,2024-25,True,,Q4 (Apr-Jun),11 MAY,485 Temporary Graduate,Secondary,Male,Post-Higher Education Work,Post-Higher Education Work,438
2024-25,2024-25,True,,Q4 (Apr-Jun),11 MAY,485 Temporary Graduate,Secondary,Male,Post-Vocational Education Work,Post-Vocational Education Work,326
2024-25,2024-25,True,,Q4 (Apr-Jun),11 MAY,485 Temporary Graduate,Secondary,Male,Post-Higher Education Work,Second Post-Higher Education Work,54
2024-25,2024-25,True,,Q4 (Apr-Jun),11 MAY,485 Temporary Graduate,Secondary,Male,Post-Higher Education Work,Post-Study Work Replacement,3
2024-25,2024-25,True,,Q4 (Apr-Jun),11 MAY,485 Temporary Graduate,Secondary,Not Specified,Post-Higher Education Work,Post-Higher Education Work,1
2024-25,2024-25,True,,Q4 (Apr-Jun),12 JUN,485 Temporary Graduate,Primary,Female,Post-Higher Education Work,Post-Higher Education Work,1148
2024-25,2024-25,True,,Q4 (Apr-Jun),12 JUN,485 Temporary Graduate,Primary,Female,Post-Vocational Education Work,Post-Vocational Education Work,876
2024-25,2024-25,True,,Q4 (Apr-Jun),12 JUN,485 Temporary Graduate,Primary,Female,Post-Higher Education Work,Second Post-Higher Education Work,124
2024-25,2024-25,True,,Q4 (Apr-Jun),12 JUN,485 Temporary Graduate,Primary,Male,Post-Vocational Education Work,Post-Vocational Education Work,1190
2024-25,2024-25,True,,Q4 (Apr-Jun),12 JUN,485 Temporary Graduate,Primary,Male,Post-Higher Education Work,Post-Higher Education Work,992
2024-25,2024-25,True,,Q4 (Apr-Jun),12 JUN,485 Temporary Graduate,Primary,Male,Post-Higher Education Work,Second Post-Higher Education Work,130
2024-25,2024-25,True,,Q4 (Apr-Jun),12 JUN,485 Temporary Graduate,Secondary,Female,Post-Vocational Education Work,Post-Vocational Education Work,455
2024-25,2024-25,True,,Q4 (Apr-Jun),12 JUN,485 Temporary Graduate,Secondary,Female,Post-Higher Education Work,Post-Higher Education Work,797
2024-25,2024-25,True,,Q4 (Apr-Jun),12 JUN,485 Temporary Graduate,Secondary,Female,Post-Higher Education Work,Post-Study Work Replacement,10
2024-25,2024-25,True,,Q4 (Apr-Jun),12 JUN,485 Temporary Graduate,Secondary,Female,Post-Higher Education Work,Second Post-Higher Education Work,64
2024-25,2024-25,True,,Q4 (Apr-Jun),12 JUN,485 Temporary Graduate,Secondary,Male,Post-Vocational Education Work,Post-Vocational Education Work,381
2024-25,2024-25,True,,Q4 (Apr-Jun),12 JUN,485 Temporary Graduate,Secondary,Male,Post-Higher Education Work,Post-Higher Education Work,824
2024-25,2024-25,True,,Q4 (Apr-Jun),12 JUN,485 Temporary Graduate,Secondary,Male,Post-Higher Education Work,Second Post-Higher Education Work,84
2024-25,2024-25,True,,Q4 (Apr-Jun),12 JUN,485 Temporary Graduate,Secondary,Male,Post-Higher Education Work,Post-Study Work Replacement,5
2025-26,2025-26,True,,Q1 (Jul-Sep),01 JUL,485 Temporary Graduate,Primary,Female,Post-Higher Education Work,Post-Higher Education Work,2904
2025-26,2025-26,True,,Q1 (Jul-Sep),01 JUL,485 Temporary Graduate,Primary,Female,Post-Vocational Education Work,Post-Vocational Education Work,565
2025-26,2025-26,True,,Q1 (Jul-Sep),01 JUL,485 Temporary Graduate,Primary,Female,Post-Higher Education Work,Second Post-Higher Education Work,169
2025-26,2025-26,True,,Q1 (Jul-Sep),01 JUL,485 Temporary Graduate,Primary,Male,Post-Vocational Education Work,Post-Vocational Education Work,1001
2025-26,2025-26,True,,Q1 (Jul-Sep),01 JUL,485 Temporary Graduate,Primary,Male,Post-Higher Education Work,Post-Higher Education Work,3076
2025-26,2025-26,True,,Q1 (Jul-Sep),01 JUL,485 Temporary Graduate,Primary,Male,Post-Higher Education Work,Second Post-Higher Education Work,209
2025-26,2025-26,True,,Q1 (Jul-Sep),01 JUL,485 Temporary Graduate,Primary,Not Specified,Post-Higher Education Work,Post-Higher Education Work,2
2025-26,2025-26,True,,Q1 (Jul-Sep),01 JUL,485 Temporary Graduate,Secondary,Female,Post-Higher Education Work,Post-Higher Education Work,1085
2025-26,2025-26,True,,Q1 (Jul-Sep),01 JUL,485 Temporary Graduate,Secondary,Female,Post-Higher Education Work,Second Post-Higher Education Work,105
2025-26,2025-26,True,,Q1 (Jul-Sep),01 JUL,485 Temporary Graduate,Secondary,Female,Post-Vocational Education Work,Post-Vocational Education Work,391
2025-26,2025-26,True,,Q1 (Jul-Sep),01 JUL,485 Temporary Graduate,Secondary,Female,Post-Higher Education Work,Post-Study Work Replacement,9
2025-26,2025-26,True,,Q1 (Jul-Sep),01 JUL,485 Temporary Graduate,Secondary,Male,Post-Higher Education Work,Post-Higher Education Work,1195
2025-26,2025-26,True,,Q1 (Jul-Sep),01 JUL,485 Temporary Graduate,Secondary,Male,Post-Higher Education Work,Second Post-Higher Education Work,91
2025-26,2025-26,True,,Q1 (Jul-Sep),01 JUL,485 Temporary Graduate,Secondary,Male,Post-Vocational Education Work,Post-Vocational Education Work,309
2025-26,2025-26,True,,Q1 (Jul-Sep),01 JUL,485 Temporary Graduate,Secondary,Male,Post-Higher Education Work,Post-Study Work Replacement,4
2025-26,2025-26,True,,Q1 (Jul-Sep),02 AUG,485 Temporary Graduate,Primary,Female,Post-Higher Education Work,Post-Higher Education Work,6954
2025-26,2025-26,True,,Q1 (Jul-Sep),02 AUG,485 Temporary Graduate,Primary,Female,Post-Higher Education Work,Second Post-Higher Education Work,103
2025-26,2025-26,True,,Q1 (Jul-Sep),02 AUG,485 Temporary Graduate,Primary,Female,Post-Vocational Education Work,Post-Vocational Education Work,1039
2025-26,2025-26,True,,Q1 (Jul-Sep),02 AUG,485 Temporary Graduate,Primary,Male,Post-Vocational Education Work,Post-Vocational Education Work,1658
2025-26,2025-26,True,,Q1 (Jul-Sep),02 AUG,485 Temporary Graduate,Primary,Male,Post-Higher Education Work,Post-Higher Education Work,8246
2025-26,2025-26,True,,Q1 (Jul-Sep),02 AUG,485 Temporary Graduate,Primary,Male,Post-Higher Education Work,Second Post-Higher Education Work,157
2025-26,2025-26,True,,Q1 (Jul-Sep),02 AUG,485 Temporary Graduate,Primary,Not Specified,Post-Vocational Education Work,Post-Vocational Education Work,1
2025-26,2025-26,True,,Q1 (Jul-Sep),02 AUG,485 Temporary Graduate,Primary,Not Specified,Post-Higher Education Work,Post-Higher Education Work,4
2025-26,2025-26,True,,Q1 (Jul-Sep),02 AUG,485 Temporary Graduate,Secondary,Female,Post-Vocational Education Work,Post-Vocational Education Work,443
2025-26,2025-26,True,,Q1 (Jul-Sep),02 AUG,485 Temporary Graduate,Secondary,Female,Post-Higher Education Work,Post-Higher Education Work,2006
2025-26,2025-26,True,,Q1 (Jul-Sep),02 AUG,485 Temporary Graduate,Secondary,Female,Post-Higher Education Work,Second Post-Higher Education Work,92
2025-26,2025-26,True,,Q1 (Jul-Sep),02 AUG,485 Temporary Graduate,Secondary,Female,Post-Higher Education Work,Post-Study Work Replacement,6
2025-26,2025-26,True,,Q1 (Jul-Sep),02 AUG,485 Temporary Graduate,Secondary,Male,Post-Higher Education Work,Post-Higher Education Work,2547
2025-26,2025-26,True,,Q1 (Jul-Sep),02 AUG,485 Temporary Graduate,Secondary,Male,Post-Higher Education Work,Second Post-Higher Education Work,71
2025-26,2025-26,True,,Q1 (Jul-Sep),02 AUG,485 Temporary Graduate,Secondary,Male,Post-Vocational Education Work,Post-Vocational Education Work,420
2025-26,2025-26,True,,Q1 (Jul-Sep),02 AUG,485 Temporary Graduate,Secondary,Male,Post-Higher Education Work,Post-Study Work Replacement,2
2025-26,2025-26,True,,Q1 (Jul-Sep),02 AUG,485 Temporary Graduate,Secondary,Not Specified,Post-Higher Education Work,Post-Higher Education Work,1
2025-26,2025-26,True,,Q1 (Jul-Sep),02 AUG,485 Temporary Graduate,Secondary,Not Specified,Post-Vocational Education Work,Post-Vocational Education Work,1
2025-26,2025-26,True,,Q1 (Jul-Sep),03 SEP,485 Temporary Graduate,Primary,Female,Post-Higher Education Work,Post-Higher Education Work,2754
2025-26,2025-26,True,,Q1 (Jul-Sep),03 SEP,485 Temporary Graduate,Primary,Female,Post-Vocational Education Work,Post-Vocational Education Work,1029
2025-26,2025-26,True,,Q1 (Jul-Sep),03 SEP,485 Temporary Graduate,Primary,Female,Post-Higher Education Work,Second Post-Higher Education Work,107
2025-26,2025-26,True,,Q1 (Jul-Sep),03 SEP,485 Temporary Graduate,Primary,Male,Post-Higher Education Work,Post-Higher Education Work,3309
2025-26,2025-26,True,,Q1 (Jul-Sep),03 SEP,485 Temporary Graduate,Primary,Male,Post-Vocational Education Work,Post-Vocational Education Work,1558
2025-26,2025-26,True,,Q1 (Jul-Sep),03 SEP,485 Temporary Graduate,Primary,Male,Post-Higher Education Work,Second Post-Higher Education Work,138
2025-26,2025-26,True,,Q1 (Jul-Sep),03 SEP,485 Temporary Graduate,Primary,Not Specified,Post-Higher Education Work,Post-Higher Education Work,1
2025-26,2025-26,True,,Q1 (Jul-Sep),03 SEP,485 Temporary Graduate,Primary,Not Specified,Post-Vocational Education Work,Post-Vocational Education Work,1
2025-26,2025-26,True,,Q1 (Jul-Sep),03 SEP,485 Temporary Graduate,Secondary,Female,Post-Vocational Education Work,Post-Vocational Education Work,389
2025-26,2025-26,True,,Q1 (Jul-Sep),03 SEP,485 Temporary Graduate,Secondary,Female,Post-Higher Education Work,Post-Higher Education Work,1455
2025-26,2025-26,True,,Q1 (Jul-Sep),03 SEP,485 Temporary Graduate,Secondary,Female,Post-Higher Education Work,Second Post-Higher Education Work,84
2025-26,2025-26,True,,Q1 (Jul-Sep),03 SEP,485 Temporary Graduate,Secondary,Female,Post-Higher Education Work,Post-Study Work Replacement,8
2025-26,2025-26,True,,Q1 (Jul-Sep),03 SEP,485 Temporary Graduate,Secondary,Male,Post-Vocational Education Work,Post-Vocational Education Work,393
2025-26,2025-26,True,,Q1 (Jul-Sep),03 SEP,485 Temporary Graduate,Secondary,Male,Post-Higher Education Work,Post-Higher Education Work,1493
2025-26,2025-26,True,,Q1 (Jul-Sep),03 SEP,485 Temporary Graduate,Secondary,Male,Post-Higher Education Work,Second Post-Higher Education Work,62
2025-26,2025-26,True,,Q1 (Jul-Sep),03 SEP,485 Temporary Graduate,Secondary,Male,Post-Higher Education Work,Post-Study Work Replacement,3
2025-26,2025-26,True,,Q2 (Oct-Dec),04 OCT,485 Temporary Graduate,Primary,Female,Post-Higher Education Work,Post-Higher Education Work,1594
2025-26,2025-26,True,,Q2 (Oct-Dec),04 OCT,485 Temporary Graduate,Primary,Female,Post-Vocational Education Work,Post-Vocational Education Work,676
2025-26,2025-26,True,,Q2 (Oct-Dec),04 OCT,485 Temporary Graduate,Primary,Female,Post-Higher Education Work,Second Post-Higher Education Work,202
2025-26,2025-26,True,,Q2 (Oct-Dec),04 OCT,485 Temporary Graduate,Primary,Male,Post-Higher Education Work,Post-Higher Education Work,1599
2025-26,2025-26,True,,Q2 (Oct-Dec),04 OCT,485 Temporary Graduate,Primary,Male,Post-Vocational Education Work,Post-Vocational Education Work,1136
2025-26,2025-26,True,,Q2 (Oct-Dec),04 OCT,485 Temporary Graduate,Primary,Male,Post-Higher Education Work,Second Post-Higher Education Work,224
2025-26,2025-26,True,,Q2 (Oct-Dec),04 OCT,485 Temporary Graduate,Secondary,Female,Post-Higher Education Work,Post-Higher Education Work,966
2025-26,2025-26,True,,Q2 (Oct-Dec),04 OCT,485 Temporary Graduate,Secondary,Female,Post-Vocational Education Work,Post-Vocational Education Work,381
2025-26,2025-26,True,,Q2 (Oct-Dec),04 OCT,485 Temporary Graduate,Secondary,Female,Post-Higher Education Work,Second Post-Higher Education Work,147
2025-26,2025-26,True,,Q2 (Oct-Dec),04 OCT,485 Temporary Graduate,Secondary,Female,Post-Higher Education Work,Post-Study Work Replacement,2
2025-26,2025-26,True,,Q2 (Oct-Dec),04 OCT,485 Temporary Graduate,Secondary,Male,Post-Vocational Education Work,Post-Vocational Education Work,347
2025-26,2025-26,True,,Q2 (Oct-Dec),04 OCT,485 Temporary Graduate,Secondary,Male,Post-Higher Education Work,Post-Higher Education Work,982
2025-26,2025-26,True,,Q2 (Oct-Dec),04 OCT,485 Temporary Graduate,Secondary,Male,Post-Higher Education Work,Second Post-Higher Education Work,135
2025-26,2025-26,True,,Q2 (Oct-Dec),04 OCT,485 Temporary Graduate,Secondary,Male,Post-Higher Education Work,Post-Study Work Replacement,4
2025-26,2025-26,True,,Q2 (Oct-Dec),05 NOV,485 Temporary Graduate,Primary,Female,Post-Higher Education Work,Second Post-Higher Education Work,236
2025-26,2025-26,True,,Q2 (Oct-Dec),05 NOV,485 Temporary Graduate,Primary,Female,Post-Higher Education Work,Post-Higher Education Work,1475
2025-26,2025-26,True,,Q2 (Oct-Dec),05 NOV,485 Temporary Graduate,Primary,Female,Post-Vocational Education Work,Post-Vocational Education Work,702
2025-26,2025-26,True,,Q2 (Oct-Dec),05 NOV,485 Temporary Graduate,Primary,Male,Post-Vocational Education Work,Post-Vocational Education Work,1094
2025-26,2025-26,True,,Q2 (Oct-Dec),05 NOV,485 Temporary Graduate,Primary,Male,Post-Higher Education Work,Post-Higher Education Work,1844
2025-26,2025-26,True,,Q2 (Oct-Dec),05 NOV,485 Temporary Graduate,Primary,Male,Post-Higher Education Work,Second Post-Higher Education Work,249
2025-26,2025-26,True,,Q2 (Oct-Dec),05 NOV,485 Temporary Graduate,Secondary,Female,Post-Vocational Education Work,Post-Vocational Education Work,373
2025-26,2025-26,True,,Q2 (Oct-Dec),05 NOV,485 Temporary Graduate,Secondary,Female,Post-Higher Education Work,Post-Higher Education Work,847
2025-26,2025-26,True,,Q2 (Oct-Dec),05 NOV,485 Temporary Graduate,Secondary,Female,Post-Higher Education Work,Second Post-Higher Education Work,179
2025-26,2025-26,True,,Q2 (Oct-Dec),05 NOV,485 Temporary Graduate,Secondary,Female,Post-Higher Education Work,Post-Study Work Replacement,8
2025-26,2025-26,True,,Q2 (Oct-Dec),05 NOV,485 Temporary Graduate,Secondary,Male,Post-Vocational Education Work,Post-Vocational Education Work,308
2025-26,2025-26,True,,Q2 (Oct-Dec),05 NOV,485 Temporary Graduate,Secondary,Male,Post-Higher Education Work,Post-Higher Education Work,739
2025-26,2025-26,True,,Q2 (Oct-Dec),05 NOV,485 Temporary Graduate,Secondary,Male,Post-Higher Education Work,Second Post-Higher Education Work,203
2025-26,2025-26,True,,Q2 (Oct-Dec),05 NOV,485 Temporary Graduate,Secondary,Male,Post-Higher Education Work,Post-Study Work Replacement,5
2025-26,2025-26,True,,Q2 (Oct-Dec),06 DEC,485 Temporary Graduate,Primary,Female,Post-Higher Education Work,Post-Higher Education Work,2660
2025-26,2025-26,True,,Q2 (Oct-Dec),06 DEC,485 Temporary Graduate,Primary,Female,Post-Higher Education Work,Second Post-Higher Education Work,163
2025-26,2025-26,True,,Q2 (Oct-Dec),06 DEC,485 Temporary Graduate,Primary,Female,Post-Vocational Education Work,Post-Vocational Education Work,524
2025-26,2025-26,True,,Q2 (Oct-Dec),06 DEC,485 Temporary Graduate,Primary,Male,Post-Higher Education Work,Post-Higher Education Work,2791
2025-26,2025-26,True,,Q2 (Oct-Dec),06 DEC,485 Temporary Graduate,Primary,Male,Post-Vocational Education Work,Post-Vocational Education Work,951
2025-26,2025-26,True,,Q2 (Oct-Dec),06 DEC,485 Temporary Graduate,Primary,Male,Post-Higher Education Work,Second Post-Higher Education Work,183
2025-26,2025-26,True,,Q2 (Oct-Dec),06 DEC,485 Temporary Graduate,Primary,Not Specified,Post-Higher Education Work,Post-Higher Education Work,1
2025-26,2025-26,True,,Q2 (Oct-Dec),06 DEC,485 Temporary Graduate,Secondary,Female,Post-Higher Education Work,Post-Higher Education Work,1081
2025-26,2025-26,True,,Q2 (Oct-Dec),06 DEC,485 Temporary Graduate,Secondary,Female,Post-Vocational Education Work,Post-Vocational Education Work,361
2025-26,2025-26,True,,Q2 (Oct-Dec),06 DEC,485 Temporary Graduate,Secondary,Female,Post-Higher Education Work,Second Post-Higher Education Work,163
2025-26,2025-26,True,,Q2 (Oct-Dec),06 DEC,485 Temporary Graduate,Secondary,Female,Post-Higher Education Work,Post-Study Work Replacement,8
2025-26,2025-26,True,,Q2 (Oct-Dec),06 DEC,485 Temporary Graduate,Secondary,Male,Post-Higher Education Work,Post-Higher Education Work,1092
2025-26,2025-26,True,,Q2 (Oct-Dec),06 DEC,485 Temporary Graduate,Secondary,Male,Post-Higher Education Work,Second Post-Higher Education Work,190
2025-26,2025-26,True,,Q2 (Oct-Dec),06 DEC,485 Temporary Graduate,Secondary,Male,Post-Vocational Education Work,Post-Vocational Education Work,299
2025-26,2025-26,True,,Q2 (Oct-Dec),06 DEC,485 Temporary Graduate,Secondary,Male,Post-Higher Education Work,Post-Study Work Replacement,6
2025-26,2025-26,True,,Q3 (Jan-Mar),07 JAN,485 Temporary Graduate,Primary,Female,Post-Higher Education Work,Second Post-Higher Education Work,235
2025-26,2025-26,True,,Q3 (Jan-Mar),07 JAN,485 Temporary Graduate,Primary,Female,Post-Higher Education Work,Post-Higher Education Work,3633
2025-26,2025-26,True,,Q3 (Jan-Mar),07 JAN,485 Temporary Graduate,Primary,Female,Post-Vocational Education Work,Post-Vocational Education Work,212
2025-26,2025-26,True,,Q3 (Jan-Mar),07 JAN,485 Temporary Graduate,Primary,Male,Post-Higher Education Work,Post-Higher Education Work,3355
2025-26,2025-26,True,,Q3 (Jan-Mar),07 JAN,485 Temporary Graduate,Primary,Male,Post-Higher Education Work,Second Post-Higher Education Work,179
2025-26,2025-26,True,,Q3 (Jan-Mar),07 JAN,485 Temporary Graduate,Primary,Male,Post-Vocational Education Work,Post-Vocational Education Work,564
2025-26,2025-26,True,,Q3 (Jan-Mar),07 JAN,485 Temporary Graduate,Secondary,Female,Post-Higher Education Work,Post-Higher Education Work,1136
2025-26,2025-26,True,,Q3 (Jan-Mar),07 JAN,485 Temporary Graduate,Secondary,Female,Post-Higher Education Work,Second Post-Higher Education Work,143
2025-26,2025-26,True,,Q3 (Jan-Mar),07 JAN,485 Temporary Graduate,Secondary,Female,Post-Vocational Education Work,Post-Vocational Education Work,300
2025-26,2025-26,True,,Q3 (Jan-Mar),07 JAN,485 Temporary Graduate,Secondary,Female,Post-Higher Education Work,Post-Study Work Replacement,5
2025-26,2025-26,True,,Q3 (Jan-Mar),07 JAN,485 Temporary Graduate,Secondary,Male,Post-Higher Education Work,Post-Higher Education Work,1152
2025-26,2025-26,True,,Q3 (Jan-Mar),07 JAN,485 Temporary Graduate,Secondary,Male,Post-Higher Education Work,Second Post-Higher Education Work,215
2025-26,2025-26,True,,Q3 (Jan-Mar),07 JAN,485 Temporary Graduate,Secondary,Male,Post-Vocational Education Work,Post-Vocational Education Work,206
2025-26,2025-26,True,,Q3 (Jan-Mar),07 JAN,485 Temporary Graduate,Secondary,Male,Post-Higher Education Work,Post-Study Work Replacement,1
2025-26,2025-26,True,,Q3 (Jan-Mar),08 FEB,485 Temporary Graduate,Primary,Female,Post-Higher Education Work,Second Post-Higher Education Work,289
2025-26,2025-26,True,,Q3 (Jan-Mar),08 FEB,485 Temporary Graduate,Primary,Female,Post-Higher Education Work,Post-Higher Education Work,4279
2025-26,2025-26,True,,Q3 (Jan-Mar),08 FEB,485 Temporary Graduate,Primary,Female,Post-Vocational Education Work,Post-Vocational Education Work,436
2025-26,2025-26,True,,Q3 (Jan-Mar),08 FEB,485 Temporary Graduate,Primary,Male,Post-Higher Education Work,Post-Higher Education Work,3495
2025-26,2025-26,True,,Q3 (Jan-Mar),08 FEB,485 Temporary Graduate,Primary,Male,Post-Vocational Education Work,Post-Vocational Education Work,855
2025-26,2025-26,True,,Q3 (Jan-Mar),08 FEB,485 Temporary Graduate,Primary,Male,Post-Higher Education Work,Second Post-Higher Education Work,229
2025-26,2025-26,True,,Q3 (Jan-Mar),08 FEB,485 Temporary Graduate,Primary,Not Specified,Post-Higher Education Work,Post-Higher Education Work,3
2025-26,2025-26,True,,Q3 (Jan-Mar),08 FEB,485 Temporary Graduate,Secondary,Female,Post-Vocational Education Work,Post-Vocational Education Work,353
2025-26,2025-26,True,,Q3 (Jan-Mar),08 FEB,485 Temporary Graduate,Secondary,Female,Post-Higher Education Work,Post-Higher Education Work,1161
2025-26,2025-26,True,,Q3 (Jan-Mar),08 FEB,485 Temporary Graduate,Secondary,Female,Post-Higher Education Work,Second Post-Higher Education Work,164
2025-26,2025-26,True,,Q3 (Jan-Mar),08 FEB,485 Temporary Graduate,Secondary,Female,Post-Higher Education Work,Post-Study Work Replacement,5
2025-26,2025-26,True,,Q3 (Jan-Mar),08 FEB,485 Temporary Graduate,Secondary,Male,Post-Higher Education Work,Post-Higher Education Work,1299
2025-26,2025-26,True,,Q3 (Jan-Mar),08 FEB,485 Temporary Graduate,Secondary,Male,Post-Vocational Education Work,Post-Vocational Education Work,240
2025-26,2025-26,True,,Q3 (Jan-Mar),08 FEB,485 Temporary Graduate,Secondary,Male,Post-Higher Education Work,Second Post-Higher Education Work,247
2025-26,2025-26,True,,Q3 (Jan-Mar),08 FEB,485 Temporary Graduate,Secondary,Male,Post-Higher Education Work,Post-Study Work Replacement,5
2025-26,2025-26,True,,Q3 (Jan-Mar),09 MAR,485 Temporary Graduate,Primary,Female,Post-Higher Education Work,Post-Higher Education Work,9072
2025-26,2025-26,True,,Q3 (Jan-Mar),09 MAR,485 Temporary Graduate,Primary,Female,Post-Vocational Education Work,Post-Vocational Education Work,1263
2025-26,2025-26,True,,Q3 (Jan-Mar),09 MAR,485 Temporary Graduate,Primary,Female,Post-Higher Education Work,Second Post-Higher Education Work,423
2025-26,2025-26,True,,Q3 (Jan-Mar),09 MAR,485 Temporary Graduate,Primary,Male,Post-Higher Education Work,Post-Higher Education Work,7766
2025-26,2025-26,True,,Q3 (Jan-Mar),09 MAR,485 Temporary Graduate,Primary,Male,Post-Vocational Education Work,Post-Vocational Education Work,2487
2025-26,2025-26,True,,Q3 (Jan-Mar),09 MAR,485 Temporary Graduate,Primary,Male,Post-Higher Education Work,Second Post-Higher Education Work,250
2025-26,2025-26,True,,Q3 (Jan-Mar),09 MAR,485 Temporary Graduate,Primary,Not Specified,Post-Higher Education Work,Post-Higher Education Work,2
2025-26,2025-26,True,,Q3 (Jan-Mar),09 MAR,485 Temporary Graduate,Primary,Not Specified,Post-Vocational Education Work,Post-Vocational Education Work,1
2025-26,2025-26,True,,Q3 (Jan-Mar),09 MAR,485 Temporary Graduate,Secondary,Female,Post-Higher Education Work,Post-Higher Education Work,2139
2025-26,2025-26,True,,Q3 (Jan-Mar),09 MAR,485 Temporary Graduate,Secondary,Female,Post-Vocational Education Work,Post-Vocational Education Work,552
2025-26,2025-26,True,,Q3 (Jan-Mar),09 MAR,485 Temporary Graduate,Secondary,Female,Post-Higher Education Work,Second Post-Higher Education Work,220
2025-26,2025-26,True,,Q3 (Jan-Mar),09 MAR,485 Temporary Graduate,Secondary,Female,Post-Higher Education Work,Post-Study Work Replacement,3
2025-26,2025-26,True,,Q3 (Jan-Mar),09 MAR,485 Temporary Graduate,Secondary,Male,Post-Higher Education Work,Post-Higher Education Work,3016
2025-26,2025-26,True,,Q3 (Jan-Mar),09 MAR,485 Temporary Graduate,Secondary,Male,Post-Vocational Education Work,Post-Vocational Education Work,449
2025-26,2025-26,True,,Q3 (Jan-Mar),09 MAR,485 Temporary Graduate,Secondary,Male,Post-Higher Education Work,Second Post-Higher Education Work,366
2025-26,2025-26,True,,Q3 (Jan-Mar),09 MAR,485 Temporary Graduate,Secondary,Male,Post-Higher Education Work,Post-Study Work Replacement,3
2025-26,2025-26,True,,Q3 (Jan-Mar),09 MAR,485 Temporary Graduate,Secondary,Not Specified,Post-Higher Education Work,Post-Higher Education Work,1
2025-26,2025-26,True,,Q4 (Apr-Jun),10 APR,485 Temporary Graduate,Primary,Female,Post-Higher Education Work,Post-Higher Education Work,827
2025-26,2025-26,True,,Q4 (Apr-Jun),10 APR,485 Temporary Graduate,Primary,Female,Post-Vocational Education Work,Post-Vocational Education Work,356
2025-26,2025-26,True,,Q4 (Apr-Jun),10 APR,485 Temporary Graduate,Primary,Female,Post-Higher Education Work,Second Post-Higher Education Work,431
2025-26,2025-26,True,,Q4 (Apr-Jun),10 APR,485 Temporary Graduate,Primary,Male,Post-Vocational Education Work,Post-Vocational Education Work,794
2025-26,2025-26,True,,Q4 (Apr-Jun),10 APR,485 Temporary Graduate,Primary,Male,Post-Higher Education Work,Post-Higher Education Work,981
2025-26,2025-26,True,,Q4 (Apr-Jun),10 APR,485 Temporary Graduate,Primary,Male,Post-Higher Education Work,Second Post-Higher Education Work,284
2025-26,2025-26,True,,Q4 (Apr-Jun),10 APR,485 Temporary Graduate,Secondary,Female,Post-Higher Education Work,Post-Higher Education Work,840
2025-26,2025-26,True,,Q4 (Apr-Jun),10 APR,485 Temporary Graduate,Secondary,Female,Post-Vocational Education Work,Post-Vocational Education Work,341
2025-26,2025-26,True,,Q4 (Apr-Jun),10 APR,485 Temporary Graduate,Secondary,Female,Post-Higher Education Work,Second Post-Higher Education Work,236
2025-26,2025-26,True,,Q4 (Apr-Jun),10 APR,485 Temporary Graduate,Secondary,Female,Post-Higher Education Work,Post-Study Work Replacement,7
2025-26,2025-26,True,,Q4 (Apr-Jun),10 APR,485 Temporary Graduate,Secondary,Male,Post-Higher Education Work,Post-Higher Education Work,595
2025-26,2025-26,True,,Q4 (Apr-Jun),10 APR,485 Temporary Graduate,Secondary,Male,Post-Vocational Education Work,Post-Vocational Education Work,207
2025-26,2025-26,True,,Q4 (Apr-Jun),10 APR,485 Temporary Graduate,Secondary,Male,Post-Higher Education Work,Second Post-Higher Education Work,364
2025-26,2025-26,True,,Q4 (Apr-Jun),11 MAY,485 Temporary Graduate,Primary,Female,Post-Higher Education Work,Post-Higher Education Work,668
2025-26,2025-26,True,,Q4 (Apr-Jun),11 MAY,485 Temporary Graduate,Primary,Female,Post-Vocational Education Work,Post-Vocational Education Work,473
2025-26,2025-26,True,,Q4 (Apr-Jun),11 MAY,485 Temporary Graduate,Primary,Female,Post-Higher Education Work,Second Post-Higher Education Work,491
2025-26,2025-26,True,,Q4 (Apr-Jun),11 MAY,485 Temporary Graduate,Primary,Male,Post-Higher Education Work,Post-Higher Education Work,658
2025-26,2025-26,True,,Q4 (Apr-Jun),11 MAY,485 Temporary Graduate,Primary,Male,Post-Vocational Education Work,Post-Vocational Education Work,971
2025-26,2025-26,True,,Q4 (Apr-Jun),11 MAY,485 Temporary Graduate,Primary,Male,Post-Higher Education Work,Second Post-Higher Education Work,363
2025-26,2025-26,True,,Q4 (Apr-Jun),11 MAY,485 Temporary Graduate,Primary,Not Specified,Post-Higher Education Work,Post-Higher Education Work,1
2025-26,2025-26,True,,Q4 (Apr-Jun),11 MAY,485 Temporary Graduate,Secondary,Female,Post-Vocational Education Work,Post-Vocational Education Work,329
2025-26,2025-26,True,,Q4 (Apr-Jun),11 MAY,485 Temporary Graduate,Secondary,Female,Post-Higher Education Work,Post-Higher Education Work,746
2025-26,2025-26,True,,Q4 (Apr-Jun),11 MAY,485 Temporary Graduate,Secondary,Female,Post-Higher Education Work,Second Post-Higher Education Work,263
2025-26,2025-26,True,,Q4 (Apr-Jun),11 MAY,485 Temporary Graduate,Secondary,Female,Post-Higher Education Work,Post-Study Work Replacement,4
2025-26,2025-26,True,,Q4 (Apr-Jun),11 MAY,485 Temporary Graduate,Secondary,Male,Post-Vocational Education Work,Post-Vocational Education Work,206
2025-26,2025-26,True,,Q4 (Apr-Jun),11 MAY,485 Temporary Graduate,Secondary,Male,Post-Higher Education Work,Post-Higher Education Work,488
2025-26,2025-26,True,,Q4 (Apr-Jun),11 MAY,485 Temporary Graduate,Secondary,Male,Post-Higher Education Work,Second Post-Higher Education Work,395
2025-26,2025-26,True,,Q4 (Apr-Jun),11 MAY,485 Temporary Graduate,Secondary,Male,Post-Higher Education Work,Post-Study Work Replacement,2
2025-26,2025-26,True,,Q4 (Apr-Jun),12 JUN,485 Temporary Graduate,Primary,Female,Post-Higher Education Work,Post-Higher Education Work,1100
2025-26,2025-26,True,,Q4 (Apr-Jun),12 JUN,485 Temporary Graduate,Primary,Female,Post-Vocational Education Work,Post-Vocational Education Work,531
2025-26,2025-26,True,,Q4 (Apr-Jun),12 JUN,485 Temporary Graduate,Primary,Female,Post-Higher Education Work,Second Post-Higher Education Work,695
2025-26,2025-26,True,,Q4 (Apr-Jun),12 JUN,485 Temporary Graduate,Primary,Male,Post-Higher Education Work,Post-Higher Education Work,959
2025-26,2025-26,True,,Q4 (Apr-Jun),12 JUN,485 Temporary Graduate,Primary,Male,Post-Vocational Education Work,Post-Vocational Education Work,996
2025-26,2025-26,True,,Q4 (Apr-Jun),12 JUN,485 Temporary Graduate,Primary,Male,Post-Higher Education Work,Second Post-Higher Education Work,570
2025-26,2025-26,True,,Q4 (Apr-Jun),12 JUN,485 Temporary Graduate,Secondary,Female,Post-Higher Education Work,Post-Higher Education Work,828
2025-26,2025-26,True,,Q4 (Apr-Jun),12 JUN,485 Temporary Graduate,Secondary,Female,Post-Vocational Education Work,Post-Vocational Education Work,359
2025-26,2025-26,True,,Q4 (Apr-Jun),12 JUN,485 Temporary Graduate,Secondary,Female,Post-Higher Education Work,Second Post-Higher Education Work,326
2025-26,2025-26,True,,Q4 (Apr-Jun),12 JUN,485 Temporary Graduate,Secondary,Female,Post-Higher Education Work,Post-Study Work Replacement,5
2025-26,2025-26,True,,Q4 (Apr-Jun),12 JUN,485 Temporary Graduate,Secondary,Male,Post-Vocational Education Work,Post-Vocational Education Work,257
2025-26,2025-26,True,,Q4 (Apr-Jun),12 JUN,485 Temporary Graduate,Secondary,Male,Post-Higher Education Work,Post-Higher Education Work,661
2025-26,2025-26,True,,Q4 (Apr-Jun),12 JUN,485 Temporary Graduate,Secondary,Male,Post-Higher Education Work,Second Post-Higher Education Work,534
2025-26,2025-26,True,,Q4 (Apr-Jun),12 JUN,485 Temporary Graduate,Secondary,Male,Post-Higher Education Work,Post-Study Work Replacement,2
2026-27 to 31 August 2026,2026-27,False,31 August 2026,Q1 (Jul-Sep),01 JUL,485 Temporary Graduate,Primary,Female,Post-Higher Education Work,Post-Higher Education Work,2386
2026-27 to 31 August 2026,2026-27,False,31 August 2026,Q1 (Jul-Sep),01 JUL,485 Temporary Graduate,Primary,Female,Post-Vocational Education Work,Post-Vocational Education Work,353
2026-27 to 31 August 2026,2026-27,False,31 August 2026,Q1 (Jul-Sep),01 JUL,485 Temporary Graduate,Primary,Female,Post-Higher Education Work,Second Post-Higher Education Work,364
2026-27 to 31 August 2026,2026-27,False,31 August 2026,Q1 (Jul-Sep),01 JUL,485 Temporary Graduate,Primary,Male,Post-Higher Education Work,Second Post-Higher Education Work,373
2026-27 to 31 August 2026,2026-27,False,31 August 2026,Q1 (Jul-Sep),01 JUL,485 Temporary Graduate,Primary,Male,Post-Higher Education Work,Post-Higher Education Work,2532
2026-27 to 31 August 2026,2026-27,False,31 August 2026,Q1 (Jul-Sep),01 JUL,485 Temporary Graduate,Primary,Male,Post-Vocational Education Work,Post-Vocational Education Work,797
2026-27 to 31 August 2026,2026-27,False,31 August 2026,Q1 (Jul-Sep),01 JUL,485 Temporary Graduate,Primary,Not Specified,Post-Higher Education Work,Post-Higher Education Work,1
2026-27 to 31 August 2026,2026-27,False,31 August 2026,Q1 (Jul-Sep),01 JUL,485 Temporary Graduate,Secondary,Female,Post-Higher Education Work,Post-Higher Education Work,846
2026-27 to 31 August 2026,2026-27,False,31 August 2026,Q1 (Jul-Sep),01 JUL,485 Temporary Graduate,Secondary,Female,Post-Vocational Education Work,Post-Vocational Education Work,250
2026-27 to 31 August 2026,2026-27,False,31 August 2026,Q1 (Jul-Sep),01 JUL,485 Temporary Graduate,Secondary,Female,Post-Higher Education Work,Second Post-Higher Education Work,217
2026-27 to 31 August 2026,2026-27,False,31 August 2026,Q1 (Jul-Sep),01 JUL,485 Temporary Graduate,Secondary,Female,Post-Higher Education Work,Post-Study Work Replacement,1
2026-27 to 31 August 2026,2026-27,False,31 August 2026,Q1 (Jul-Sep),01 JUL,485 Temporary Graduate,Secondary,Male,Post-Vocational Education Work,Post-Vocational Education Work,182
2026-27 to 31 August 2026,2026-27,False,31 August 2026,Q1 (Jul-Sep),01 JUL,485 Temporary Graduate,Secondary,Male,Post-Higher Education Work,Post-Higher Education Work,798
2026-27 to 31 August 2026,2026-27,False,31 August 2026,Q1 (Jul-Sep),01 JUL,485 Temporary Graduate,Secondary,Male,Post-Higher Education Work,Second Post-Higher Education Work,258
2026-27 to 31 August 2026,2026-27,False,31 August 2026,Q1 (Jul-Sep),02 AUG,485 Temporary Graduate,Primary,Female,Post-Higher Education Work,Post-Higher Education Work,6558
2026-27 to 31 August 2026,2026-27,False,31 August 2026,Q1 (Jul-Sep),02 AUG,485 Temporary Graduate,Primary,Female,Post-Vocational Education Work,Post-Vocational Education Work,693
2026-27 to 31 August 2026,2026-27,False,31 August 2026,Q1 (Jul-Sep),02 AUG,485 Temporary Graduate,Primary,Female,Post-Higher Education Work,Second Post-Higher Education Work,593
2026-27 to 31 August 2026,2026-27,False,31 August 2026,Q1 (Jul-Sep),02 AUG,485 Temporary Graduate,Primary,Male,Post-Higher Education Work,Post-Higher Education Work,7446
2026-27 to 31 August 2026,2026-27,False,31 August 2026,Q1 (Jul-Sep),02 AUG,485 Temporary Graduate,Primary,Male,Post-Higher Education Work,Second Post-Higher Education Work,497
2026-27 to 31 August 2026,2026-27,False,31 August 2026,Q1 (Jul-Sep),02 AUG,485 Temporary Graduate,Primary,Male,Post-Vocational Education Work,Post-Vocational Education Work,1614
2026-27 to 31 August 2026,2026-27,False,31 August 2026,Q1 (Jul-Sep),02 AUG,485 Temporary Graduate,Secondary,Female,Post-Higher Education Work,Post-Higher Education Work,1621
2026-27 to 31 August 2026,2026-27,False,31 August 2026,Q1 (Jul-Sep),02 AUG,485 Temporary Graduate,Secondary,Female,Post-Vocational Education Work,Post-Vocational Education Work,338
2026-27 to 31 August 2026,2026-27,False,31 August 2026,Q1 (Jul-Sep),02 AUG,485 Temporary Graduate,Secondary,Female,Post-Higher Education Work,Second Post-Higher Education Work,334
2026-27 to 31 August 2026,2026-27,False,31 August 2026,Q1 (Jul-Sep),02 AUG,485 Temporary Graduate,Secondary,Female,Post-Higher Education Work,Post-Study Work Replacement,1
2026-27 to 31 August 2026,2026-27,False,31 August 2026,Q1 (Jul-Sep),02 AUG,485 Temporary Graduate,Secondary,Male,Post-Higher Education Work,Post-Higher Education Work,2008
2026-27 to 31 August 2026,2026-27,False,31 August 2026,Q1 (Jul-Sep),02 AUG,485 Temporary Graduate,Secondary,Male,Post-Higher Education Work,Second Post-Higher Education Work,461
2026-27 to 31 August 2026,2026-27,False,31 August 2026,Q1 (Jul-Sep),02 AUG,485 Temporary Graduate,Secondary,Male,Post-Vocational Education Work,Post-Vocational Education Work,241
