snapshot_date,visa_category,visa_subclass,visa_type,applicant_type,visa_holders
2011-12-31,Bridging,Bridging Visas,Bridging,Primary,101799
2011-12-31,Bridging,Bridging Visas,Bridging,Secondary,31
2011-12-31,Crew and Transit,488 Superyacht Crew,Superyacht Crew,Primary,57
2011-12-31,Crew and Transit,771 Transit,Transit,Primary,65
2011-12-31,Crew and Transit,988 Maritime Crew Visa,Maritime Crew,Primary,15256
2011-12-31,Other Temporary,580 Student Guardian,Student Guardian,Primary,1294
2011-12-31,Other Temporary,580 Student Guardian,Student Guardian,Secondary,50
2011-12-31,Other Temporary,675 Medical Treatment (Short Stay),Medical stream,Primary,157
2011-12-31,Other Temporary,685 Medical Treatment (Long Stay),Medical stream,Primary,450
2011-12-31,Other Temporary,685 Medical Treatment (Long Stay),Medical stream,Secondary,15
2011-12-31,Other Temporary,773 Border,Border,Primary,127
2011-12-31,Special Category,444 Special Category,Special Category (Not Further Specified),Primary,587100
2011-12-31,Student,560 Student,Higher Education Sector,Primary,2
2011-12-31,Student,560 Student,Higher Education Sector,Secondary,3
2011-12-31,Student,560 Student,Schools Sector,Primary,1
2011-12-31,Student,560 Student,Student (Not Further Specified),Primary,7
2011-12-31,Student,570 Independent ELICOS Sector,Independent ELICOS Sector,Primary,12574
2011-12-31,Student,570 Independent ELICOS Sector,Independent ELICOS Sector,Secondary,1256
2011-12-31,Student,571 Schools Sector,Schools Sector,Primary,6382
2011-12-31,Student,571 Schools Sector,Schools Sector,Secondary,29
2011-12-31,Student,572 Vocational Education and Training Sector,Vocational Education and Training Sector,Primary,63398
2011-12-31,Student,572 Vocational Education and Training Sector,Vocational Education and Training Sector,Secondary,16093
2011-12-31,Student,573 Higher Education Sector,Higher Education Sector,Primary,117442
2011-12-31,Student,573 Higher Education Sector,Higher Education Sector,Secondary,14851
2011-12-31,Student,574 Postgraduate Research Sector,Postgraduate Research Sector,Primary,9568
2011-12-31,Student,574 Postgraduate Research Sector,Postgraduate Research Sector,Secondary,6178
2011-12-31,Student,575 Non-Award Sector,Non-Award Sector,Primary,2865
2011-12-31,Student,575 Non-Award Sector,Non-Award Sector,Secondary,70
2011-12-31,Student,576 Foreign Affairs or Defence Sector,Foreign Affairs or Defence Sector,Primary,2095
2011-12-31,Student,576 Foreign Affairs or Defence Sector,Foreign Affairs or Defence Sector,Secondary,1868
2011-12-31,Temporary Graduate,485 Temporary Graduate,Post-Vocational Education Work,Primary,15933
2011-12-31,Temporary Graduate,485 Temporary Graduate,Post-Vocational Education Work,Secondary,5969
2011-12-31,Temporary Graduate,485 Temporary Graduate,Temporary Resident - Other (Not Further Specified),Primary,5
2011-12-31,Temporary Graduate,485 Temporary Graduate,Temporary Resident - Other (Not Further Specified),Secondary,4
2011-12-31,Temporary Resident (Other Employment),405 Investor Retirement,Temporary Resident - Other (Not Further Specified),Primary,155
2011-12-31,Temporary Resident (Other Employment),405 Investor Retirement,Temporary Resident - Other (Not Further Specified),Secondary,127
2011-12-31,Temporary Resident (Other Employment),406 Government Agreement,Government Agreement,Primary,230
2011-12-31,Temporary Resident (Other Employment),406 Government Agreement,Government Agreement,Secondary,152
2011-12-31,Temporary Resident (Other Employment),410 Retirement,Temporary Resident - Other (Not Further Specified),Primary,2644
2011-12-31,Temporary Resident (Other Employment),410 Retirement,Temporary Resident - Other (Not Further Specified),Secondary,1744
2011-12-31,Temporary Resident (Other Employment),411 Exchange,Exchange Arrangements,Primary,132
2011-12-31,Temporary Resident (Other Employment),411 Exchange,Exchange Arrangements,Secondary,144
2011-12-31,Temporary Resident (Other Employment),415 Foreign Government Agency,Foreign Government Agency,Primary,168
2011-12-31,Temporary Resident (Other Employment),415 Foreign Government Agency,Foreign Government Agency,Secondary,170
2011-12-31,Temporary Resident (Other Employment),416 Special Program,Seasonal Worker Program,Primary,251
2011-12-31,Temporary Resident (Other Employment),416 Special Program,Special Programs,Primary,834
2011-12-31,Temporary Resident (Other Employment),416 Special Program,Special Programs,Secondary,17
2011-12-31,Temporary Resident (Other Employment),418 Educational,Temporary Resident - Other (Not Further Specified),Primary,1
2011-12-31,Temporary Resident (Other Employment),419 Visiting Academic,Temporary Resident - Other (Not Further Specified),Primary,672
2011-12-31,Temporary Resident (Other Employment),419 Visiting Academic,Temporary Resident - Other (Not Further Specified),Secondary,545
2011-12-31,Temporary Resident (Other Employment),420 Temporary Work (Entertainment),Entertainment,Primary,793
2011-12-31,Temporary Resident (Other Employment),420 Temporary Work (Entertainment),Entertainment,Secondary,16
2011-12-31,Temporary Resident (Other Employment),421 Sport,Sporting Activities,Primary,232
2011-12-31,Temporary Resident (Other Employment),421 Sport,Sporting Activities,Secondary,69
2011-12-31,Temporary Resident (Other Employment),422 Medical Practitioner,Temporary Resident - Other (Not Further Specified),Primary,175
2011-12-31,Temporary Resident (Other Employment),422 Medical Practitioner,Temporary Resident - Other (Not Further Specified),Secondary,318
2011-12-31,Temporary Resident (Other Employment),423 Media And Film Staff,Entertainment,Primary,13
2011-12-31,Temporary Resident (Other Employment),423 Media And Film Staff,Entertainment,Secondary,6
2011-12-31,Temporary Resident (Other Employment),426 Domestic Worker (Temporary) - Diplomatic or Consular,Domestic Work (Diplomatic or Consular),Primary,157
2011-12-31,Temporary Resident (Other Employment),427 Domestic Worker (Temporary) - Executive,Domestic Work (Executive),Primary,13
2011-12-31,Temporary Resident (Other Employment),428 Religious Worker,Religious Work,Primary,1454
2011-12-31,Temporary Resident (Other Employment),428 Religious Worker,Religious Work,Secondary,892
2011-12-31,Temporary Resident (Other Employment),442 Occupational Trainee,Occupational Trainee,Primary,1456
2011-12-31,Temporary Resident (Other Employment),442 Occupational Trainee,Occupational Trainee,Secondary,419
2011-12-31,Temporary Resident (Other Employment),470 Professional Development,Temporary Resident - Other (Not Further Specified),Primary,356
2011-12-31,Temporary Resident (Other Employment),471 Trade Training Skills,Temporary Resident - Other (Not Further Specified),Primary,2
2011-12-31,Temporary Resident (Other Employment),476 Skilled - Recognised Graduate,Temporary Resident - Other (Not Further Specified),Primary,181
2011-12-31,Temporary Resident (Other Employment),476 Skilled - Recognised Graduate,Temporary Resident - Other (Not Further Specified),Secondary,39
2011-12-31,Temporary Resident (Other Employment),995 Diplomatic (Temporary),Diplomatic,Primary,2140
2011-12-31,Temporary Resident (Other Employment),995 Diplomatic (Temporary),Diplomatic,Secondary,1537
2011-12-31,Temporary Resident (Skilled Employment),457 Temporary Work (Skilled),Temporary Work Skilled,Primary,68326
2011-12-31,Temporary Resident (Skilled Employment),457 Temporary Work (Skilled),Temporary Work Skilled,Secondary,60368
2011-12-31,Visitor,456 Business (Short Stay),Business,Primary,4295
2011-12-31,Visitor,456 Business (Short Stay),Business,Secondary,439
2011-12-31,Visitor,459 Sponsored Business Visitor (Short Stay),Business,Primary,3
2011-12-31,Visitor,651 eVisitor,Business,Primary,1157
2011-12-31,Visitor,651 eVisitor,Tourist,Primary,58638
2011-12-31,Visitor,676 Tourist,Tourist,Primary,131360
2011-12-31,Visitor,676 Tourist,Tourist,Secondary,215
2011-12-31,Visitor,679 Sponsored Family Visitor,Tourist,Primary,3172
2011-12-31,Visitor,679 Sponsored Family Visitor,Tourist,Secondary,908
2011-12-31,Visitor,956 Electronic Travel Authority (Business Entrant - Long Validity),Business,Primary,567
2011-12-31,Visitor,956 Electronic Travel Authority (Business Entrant - Long Validity),Business,Secondary,1
2011-12-31,Visitor,976 Electronic Travel Authority (Visitor),Tourist,Primary,163996
2011-12-31,Visitor,977 Electronic Travel Authority (Business Entrant - Short Validity),Business,Primary,2584
2011-12-31,Visitor,977 Electronic Travel Authority (Business Entrant - Short Validity),Business,Secondary,21
2011-12-31,Working Holiday Maker,417 Working Holiday,First Visa,Primary,110018
2011-12-31,Working Holiday Maker,417 Working Holiday,Second Visa,Primary,20594
2011-12-31,Working Holiday Maker,462 Work and Holiday,First Visa,Primary,4226
2012-03-31,Bridging,Bridging Visas,Bridging,Primary,122227
2012-03-31,Bridging,Bridging Visas,Bridging,Secondary,118
2012-03-31,Crew and Transit,488 Superyacht Crew,Superyacht Crew,Primary,46
2012-03-31,Crew and Transit,771 Transit,Transit,Primary,291
2012-03-31,Crew and Transit,988 Maritime Crew Visa,Maritime Crew,Primary,13745
2012-03-31,Other Temporary,580 Student Guardian,Student Guardian,Primary,1811
2012-03-31,Other Temporary,580 Student Guardian,Student Guardian,Secondary,74
2012-03-31,Other Temporary,675 Medical Treatment (Short Stay),Medical stream,Primary,195
2012-03-31,Other Temporary,685 Medical Treatment (Long Stay),Medical stream,Primary,485
2012-03-31,Other Temporary,685 Medical Treatment (Long Stay),Medical stream,Secondary,13
2012-03-31,Other Temporary,773 Border,Border,Primary,126
2012-03-31,Special Category,444 Special Category,Special Category (Not Further Specified),Primary,616107
2012-03-31,Student,560 Student,Higher Education Sector,Primary,2
2012-03-31,Student,560 Student,Higher Education Sector,Secondary,3
2012-03-31,Student,560 Student,Schools Sector,Primary,1
2012-03-31,Student,560 Student,Student (Not Further Specified),Primary,7
2012-03-31,Student,560 Student,Vocational Education and Training Sector,Primary,1
2012-03-31,Student,570 Independent ELICOS Sector,Independent ELICOS Sector,Primary,13667
2012-03-31,Student,570 Independent ELICOS Sector,Independent ELICOS Sector,Secondary,1253
2012-03-31,Student,571 Schools Sector,Schools Sector,Primary,14986
2012-03-31,Student,571 Schools Sector,Schools Sector,Secondary,23
2012-03-31,Student,572 Vocational Education and Training Sector,Vocational Education and Training Sector,Primary,64141
2012-03-31,Student,572 Vocational Education and Training Sector,Vocational Education and Training Sector,Secondary,16010
2012-03-31,Student,573 Higher Education Sector,Higher Education Sector,Primary,181305
2012-03-31,Student,573 Higher Education Sector,Higher Education Sector,Secondary,17149
2012-03-31,Student,574 Postgraduate Research Sector,Postgraduate Research Sector,Primary,12112
2012-03-31,Student,574 Postgraduate Research Sector,Postgraduate Research Sector,Secondary,7590
2012-03-31,Student,575 Non-Award Sector,Non-Award Sector,Primary,9641
2012-03-31,Student,575 Non-Award Sector,Non-Award Sector,Secondary,70
2012-03-31,Student,576 Foreign Affairs or Defence Sector,Foreign Affairs or Defence Sector,Primary,4016
2012-03-31,Student,576 Foreign Affairs or Defence Sector,Foreign Affairs or Defence Sector,Secondary,2488
2012-03-31,Temporary Graduate,485 Temporary Graduate,Post-Vocational Education Work,Primary,20627
2012-03-31,Temporary Graduate,485 Temporary Graduate,Post-Vocational Education Work,Secondary,7327
2012-03-31,Temporary Graduate,485 Temporary Graduate,Temporary Resident - Other (Not Further Specified),Primary,6
2012-03-31,Temporary Graduate,485 Temporary Graduate,Temporary Resident - Other (Not Further Specified),Secondary,17
2012-03-31,Temporary Resident (Other Employment),405 Investor Retirement,Temporary Resident - Other (Not Further Specified),Primary,156
2012-03-31,Temporary Resident (Other Employment),405 Investor Retirement,Temporary Resident - Other (Not Further Specified),Secondary,127
2012-03-31,Temporary Resident (Other Employment),406 Government Agreement,Government Agreement,Primary,301
2012-03-31,Temporary Resident (Other Employment),406 Government Agreement,Government Agreement,Secondary,216
2012-03-31,Temporary Resident (Other Employment),410 Retirement,Temporary Resident - Other (Not Further Specified),Primary,2568
2012-03-31,Temporary Resident (Other Employment),410 Retirement,Temporary Resident - Other (Not Further Specified),Secondary,1666
2012-03-31,Temporary Resident (Other Employment),411 Exchange,Exchange Arrangements,Primary,175
2012-03-31,Temporary Resident (Other Employment),411 Exchange,Exchange Arrangements,Secondary,210
2012-03-31,Temporary Resident (Other Employment),415 Foreign Government Agency,Foreign Government Agency,Primary,217
2012-03-31,Temporary Resident (Other Employment),415 Foreign Government Agency,Foreign Government Agency,Secondary,209
2012-03-31,Temporary Resident (Other Employment),416 Special Program,Seasonal Worker Program,Primary,439
2012-03-31,Temporary Resident (Other Employment),416 Special Program,Seasonal Worker Program,Secondary,1
2012-03-31,Temporary Resident (Other Employment),416 Special Program,Special Programs,Primary,1254
2012-03-31,Temporary Resident (Other Employment),416 Special Program,Special Programs,Secondary,16
2012-03-31,Temporary Resident (Other Employment),419 Visiting Academic,Temporary Resident - Other (Not Further Specified),Primary,714
2012-03-31,Temporary Resident (Other Employment),419 Visiting Academic,Temporary Resident - Other (Not Further Specified),Secondary,641
2012-03-31,Temporary Resident (Other Employment),420 Temporary Work (Entertainment),Entertainment,Primary,811
2012-03-31,Temporary Resident (Other Employment),420 Temporary Work (Entertainment),Entertainment,Secondary,29
2012-03-31,Temporary Resident (Other Employment),421 Sport,Sporting Activities,Primary,254
2012-03-31,Temporary Resident (Other Employment),421 Sport,Sporting Activities,Secondary,66
2012-03-31,Temporary Resident (Other Employment),422 Medical Practitioner,Temporary Resident - Other (Not Further Specified),Primary,153
2012-03-31,Temporary Resident (Other Employment),422 Medical Practitioner,Temporary Resident - Other (Not Further Specified),Secondary,269
2012-03-31,Temporary Resident (Other Employment),423 Media And Film Staff,Entertainment,Primary,29
2012-03-31,Temporary Resident (Other Employment),423 Media And Film Staff,Entertainment,Secondary,5
2012-03-31,Temporary Resident (Other Employment),426 Domestic Worker (Temporary) - Diplomatic or Consular,Domestic Work (Diplomatic or Consular),Primary,185
2012-03-31,Temporary Resident (Other Employment),427 Domestic Worker (Temporary) - Executive,Domestic Work (Executive),Primary,20
2012-03-31,Temporary Resident (Other Employment),428 Religious Worker,Religious Work,Primary,1572
2012-03-31,Temporary Resident (Other Employment),428 Religious Worker,Religious Work,Secondary,970
2012-03-31,Temporary Resident (Other Employment),442 Occupational Trainee,Occupational Trainee,Primary,1838
2012-03-31,Temporary Resident (Other Employment),442 Occupational Trainee,Occupational Trainee,Secondary,461
2012-03-31,Temporary Resident (Other Employment),470 Professional Development,Temporary Resident - Other (Not Further Specified),Primary,454
2012-03-31,Temporary Resident (Other Employment),476 Skilled - Recognised Graduate,Temporary Resident - Other (Not Further Specified),Primary,232
2012-03-31,Temporary Resident (Other Employment),476 Skilled - Recognised Graduate,Temporary Resident - Other (Not Further Specified),Secondary,39
2012-03-31,Temporary Resident (Other Employment),995 Diplomatic (Temporary),Diplomatic,Primary,2355
2012-03-31,Temporary Resident (Other Employment),995 Diplomatic (Temporary),Diplomatic,Secondary,1718
2012-03-31,Temporary Resident (Skilled Employment),457 Temporary Work (Skilled),Temporary Work Skilled,Primary,88597
2012-03-31,Temporary Resident (Skilled Employment),457 Temporary Work (Skilled),Temporary Work Skilled,Secondary,71823
2012-03-31,Visitor,456 Business (Short Stay),Business,Primary,7500
2012-03-31,Visitor,456 Business (Short Stay),Business,Secondary,374
2012-03-31,Visitor,459 Sponsored Business Visitor (Short Stay),Business,Primary,12
2012-03-31,Visitor,651 eVisitor,Business,Primary,2176
2012-03-31,Visitor,651 eVisitor,Tourist,Primary,27386
2012-03-31,Visitor,676 Tourist,Tourist,Primary,87431
2012-03-31,Visitor,676 Tourist,Tourist,Secondary,131
2012-03-31,Visitor,679 Sponsored Family Visitor,Tourist,Primary,2538
2012-03-31,Visitor,679 Sponsored Family Visitor,Tourist,Secondary,681
2012-03-31,Visitor,956 Electronic Travel Authority (Business Entrant - Long Validity),Business,Primary,802
2012-03-31,Visitor,976 Electronic Travel Authority (Visitor),Tourist,Primary,84480
2012-03-31,Visitor,977 Electronic Travel Authority (Business Entrant - Short Validity),Business,Primary,6092
2012-03-31,Visitor,977 Electronic Travel Authority (Business Entrant - Short Validity),Business,Secondary,23
2012-03-31,Working Holiday Maker,417 Working Holiday,First Visa,Primary,113330
2012-03-31,Working Holiday Maker,417 Working Holiday,Second Visa,Primary,24601
2012-03-31,Working Holiday Maker,462 Work and Holiday,First Visa,Primary,4668
2012-06-30,Bridging,Bridging Visas,Bridging,Primary,101896
2012-06-30,Bridging,Bridging Visas,Bridging,Secondary,149
2012-06-30,Crew and Transit,488 Superyacht Crew,Superyacht Crew,Primary,37
2012-06-30,Crew and Transit,771 Transit,Transit,Primary,549
2012-06-30,Crew and Transit,771 Transit,Transit,Secondary,2
2012-06-30,Crew and Transit,988 Maritime Crew Visa,Maritime Crew,Primary,12218
2012-06-30,Other Temporary,580 Student Guardian,Student Guardian,Primary,1686
2012-06-30,Other Temporary,580 Student Guardian,Student Guardian,Secondary,60
2012-06-30,Other Temporary,675 Medical Treatment (Short Stay),Medical stream,Primary,276
2012-06-30,Other Temporary,685 Medical Treatment (Long Stay),Medical stream,Primary,483
2012-06-30,Other Temporary,685 Medical Treatment (Long Stay),Medical stream,Secondary,14
2012-06-30,Other Temporary,773 Border,Border,Primary,387
2012-06-30,Special Category,444 Special Category,Special Category (Not Further Specified),Primary,646093
2012-06-30,Student,560 Student,Higher Education Sector,Primary,2
2012-06-30,Student,560 Student,Higher Education Sector,Secondary,3
2012-06-30,Student,560 Student,Schools Sector,Primary,2
2012-06-30,Student,560 Student,Student (Not Further Specified),Primary,37
2012-06-30,Student,560 Student,Vocational Education and Training Sector,Primary,1
2012-06-30,Student,570 Independent ELICOS Sector,Independent ELICOS Sector,Primary,13285
2012-06-30,Student,570 Independent ELICOS Sector,Independent ELICOS Sector,Secondary,1280
2012-06-30,Student,571 Schools Sector,Schools Sector,Primary,11408
2012-06-30,Student,571 Schools Sector,Schools Sector,Secondary,13
2012-06-30,Student,572 Vocational Education and Training Sector,Vocational Education and Training Sector,Primary,63331
2012-06-30,Student,572 Vocational Education and Training Sector,Vocational Education and Training Sector,Secondary,16525
2012-06-30,Student,573 Higher Education Sector,Higher Education Sector,Primary,151507
2012-06-30,Student,573 Higher Education Sector,Higher Education Sector,Secondary,17848
2012-06-30,Student,574 Postgraduate Research Sector,Postgraduate Research Sector,Primary,11622
2012-06-30,Student,574 Postgraduate Research Sector,Postgraduate Research Sector,Secondary,7774
2012-06-30,Student,575 Non-Award Sector,Non-Award Sector,Primary,5516
2012-06-30,Student,575 Non-Award Sector,Non-Award Sector,Secondary,60
2012-06-30,Student,576 Foreign Affairs or Defence Sector,Foreign Affairs or Defence Sector,Primary,4041
2012-06-30,Student,576 Foreign Affairs or Defence Sector,Foreign Affairs or Defence Sector,Secondary,2790
2012-06-30,Temporary Graduate,485 Temporary Graduate,Post-Vocational Education Work,Primary,25725
2012-06-30,Temporary Graduate,485 Temporary Graduate,Post-Vocational Education Work,Secondary,9194
2012-06-30,Temporary Graduate,485 Temporary Graduate,Temporary Resident - Other (Not Further Specified),Primary,4
2012-06-30,Temporary Graduate,485 Temporary Graduate,Temporary Resident - Other (Not Further Specified),Secondary,16
2012-06-30,Temporary Resident (Other Employment),405 Investor Retirement,Temporary Resident - Other (Not Further Specified),Primary,139
2012-06-30,Temporary Resident (Other Employment),405 Investor Retirement,Temporary Resident - Other (Not Further Specified),Secondary,109
2012-06-30,Temporary Resident (Other Employment),406 Government Agreement,Government Agreement,Primary,306
2012-06-30,Temporary Resident (Other Employment),406 Government Agreement,Government Agreement,Secondary,218
2012-06-30,Temporary Resident (Other Employment),410 Retirement,Temporary Resident - Other (Not Further Specified),Primary,2217
2012-06-30,Temporary Resident (Other Employment),410 Retirement,Temporary Resident - Other (Not Further Specified),Secondary,1391
2012-06-30,Temporary Resident (Other Employment),411 Exchange,Exchange Arrangements,Primary,169
2012-06-30,Temporary Resident (Other Employment),411 Exchange,Exchange Arrangements,Secondary,199
2012-06-30,Temporary Resident (Other Employment),415 Foreign Government Agency,Foreign Government Agency,Primary,203
2012-06-30,Temporary Resident (Other Employment),415 Foreign Government Agency,Foreign Government Agency,Secondary,201
2012-06-30,Temporary Resident (Other Employment),416 Special Program,Seasonal Worker Program,Primary,728
2012-06-30,Temporary Resident (Other Employment),416 Special Program,Seasonal Worker Program,Secondary,1
2012-06-30,Temporary Resident (Other Employment),416 Special Program,Special Programs,Primary,955
2012-06-30,Temporary Resident (Other Employment),416 Special Program,Special Programs,Secondary,10
2012-06-30,Temporary Resident (Other Employment),418 Educational,Temporary Resident - Other (Not Further Specified),Primary,3
2012-06-30,Temporary Resident (Other Employment),419 Visiting Academic,Temporary Resident - Other (Not Further Specified),Primary,662
2012-06-30,Temporary Resident (Other Employment),419 Visiting Academic,Temporary Resident - Other (Not Further Specified),Secondary,545
2012-06-30,Temporary Resident (Other Employment),420 Temporary Work (Entertainment),Entertainment,Primary,652
2012-06-30,Temporary Resident (Other Employment),420 Temporary Work (Entertainment),Entertainment,Secondary,41
2012-06-30,Temporary Resident (Other Employment),421 Sport,Sporting Activities,Primary,275
2012-06-30,Temporary Resident (Other Employment),421 Sport,Sporting Activities,Secondary,60
2012-06-30,Temporary Resident (Other Employment),422 Medical Practitioner,Temporary Resident - Other (Not Further Specified),Primary,116
2012-06-30,Temporary Resident (Other Employment),422 Medical Practitioner,Temporary Resident - Other (Not Further Specified),Secondary,211
2012-06-30,Temporary Resident (Other Employment),423 Media And Film Staff,Entertainment,Primary,20
2012-06-30,Temporary Resident (Other Employment),423 Media And Film Staff,Entertainment,Secondary,6
2012-06-30,Temporary Resident (Other Employment),426 Domestic Worker (Temporary) - Diplomatic or Consular,Domestic Work (Diplomatic or Consular),Primary,172
2012-06-30,Temporary Resident (Other Employment),427 Domestic Worker (Temporary) - Executive,Domestic Work (Executive),Primary,17
2012-06-30,Temporary Resident (Other Employment),428 Religious Worker,Religious Work,Primary,1612
2012-06-30,Temporary Resident (Other Employment),428 Religious Worker,Religious Work,Secondary,962
2012-06-30,Temporary Resident (Other Employment),442 Occupational Trainee,Occupational Trainee,Primary,1978
2012-06-30,Temporary Resident (Other Employment),442 Occupational Trainee,Occupational Trainee,Secondary,478
2012-06-30,Temporary Resident (Other Employment),470 Professional Development,Temporary Resident - Other (Not Further Specified),Primary,537
2012-06-30,Temporary Resident (Other Employment),476 Skilled - Recognised Graduate,Temporary Resident - Other (Not Further Specified),Primary,237
2012-06-30,Temporary Resident (Other Employment),476 Skilled - Recognised Graduate,Temporary Resident - Other (Not Further Specified),Secondary,42
2012-06-30,Temporary Resident (Other Employment),995 Diplomatic (Temporary),Diplomatic,Primary,2340
2012-06-30,Temporary Resident (Other Employment),995 Diplomatic (Temporary),Diplomatic,Secondary,1707
2012-06-30,Temporary Resident (Skilled Employment),457 Temporary Work (Skilled),Temporary Work Skilled,Primary,91061
2012-06-30,Temporary Resident (Skilled Employment),457 Temporary Work (Skilled),Temporary Work Skilled,Secondary,71212
2012-06-30,Visitor,456 Business (Short Stay),Business,Primary,7987
2012-06-30,Visitor,456 Business (Short Stay),Business,Secondary,427
2012-06-30,Visitor,459 Sponsored Business Visitor (Short Stay),Business,Primary,12
2012-06-30,Visitor,459 Sponsored Business Visitor (Short Stay),Business,Secondary,1
2012-06-30,Visitor,651 eVisitor,Business,Primary,1711
2012-06-30,Visitor,651 eVisitor,Tourist,Primary,13411
2012-06-30,Visitor,676 Tourist,Tourist,Primary,89483
2012-06-30,Visitor,676 Tourist,Tourist,Secondary,182
2012-06-30,Visitor,679 Sponsored Family Visitor,Tourist,Primary,2777
2012-06-30,Visitor,679 Sponsored Family Visitor,Tourist,Secondary,771
2012-06-30,Visitor,956 Electronic Travel Authority (Business Entrant - Long Validity),Business,Primary,721
2012-06-30,Visitor,956 Electronic Travel Authority (Business Entrant - Long Validity),Business,Secondary,5
2012-06-30,Visitor,976 Electronic Travel Authority (Visitor),Tourist,Primary,77771
2012-06-30,Visitor,977 Electronic Travel Authority (Business Entrant - Short Validity),Business,Primary,6814
2012-06-30,Visitor,977 Electronic Travel Authority (Business Entrant - Short Validity),Business,Secondary,155
2012-06-30,Working Holiday Maker,417 Working Holiday,First Visa,Primary,106730
2012-06-30,Working Holiday Maker,417 Working Holiday,Second Visa,Primary,25377
2012-06-30,Working Holiday Maker,462 Work and Holiday,First Visa,Primary,4486
2012-09-30,Bridging,Bridging Visas,Bridging,Primary,98663
2012-09-30,Bridging,Bridging Visas,Bridging,Secondary,331
2012-09-30,Crew and Transit,488 Superyacht Crew,Superyacht Crew,Primary,61
2012-09-30,Crew and Transit,771 Transit,Transit,Primary,160
2012-09-30,Crew and Transit,988 Maritime Crew Visa,Maritime Crew,Primary,10078
2012-09-30,Other Temporary,580 Student Guardian,Student Guardian,Primary,1793
2012-09-30,Other Temporary,580 Student Guardian,Student Guardian,Secondary,69
2012-09-30,Other Temporary,675 Medical Treatment (Short Stay),Medical stream,Primary,206
2012-09-30,Other Temporary,675 Medical Treatment (Short Stay),Medical stream,Secondary,1
2012-09-30,Other Temporary,685 Medical Treatment (Long Stay),Medical stream,Primary,453
2012-09-30,Other Temporary,685 Medical Treatment (Long Stay),Medical stream,Secondary,13
2012-09-30,Other Temporary,773 Border,Border,Primary,181
2012-09-30,Special Category,444 Special Category,Special Category (Not Further Specified),Primary,644708
2012-09-30,Student,560 Student,Higher Education Sector,Primary,2
2012-09-30,Student,560 Student,Higher Education Sector,Secondary,3
2012-09-30,Student,560 Student,Schools Sector,Primary,1
2012-09-30,Student,560 Student,Student (Not Further Specified),Primary,7
2012-09-30,Student,560 Student,Vocational Education and Training Sector,Primary,1
2012-09-30,Student,570 Independent ELICOS Sector,Independent ELICOS Sector,Primary,14249
2012-09-30,Student,570 Independent ELICOS Sector,Independent ELICOS Sector,Secondary,1251
2012-09-30,Student,571 Schools Sector,Schools Sector,Primary,16002
2012-09-30,Student,571 Schools Sector,Schools Sector,Secondary,14
2012-09-30,Student,572 Vocational Education and Training Sector,Vocational Education and Training Sector,Primary,60825
2012-09-30,Student,572 Vocational Education and Training Sector,Vocational Education and Training Sector,Secondary,15660
2012-09-30,Student,573 Higher Education Sector,Higher Education Sector,Primary,180902
2012-09-30,Student,573 Higher Education Sector,Higher Education Sector,Secondary,17605
2012-09-30,Student,574 Postgraduate Research Sector,Postgraduate Research Sector,Primary,12377
2012-09-30,Student,574 Postgraduate Research Sector,Postgraduate Research Sector,Secondary,7898
2012-09-30,Student,575 Non-Award Sector,Non-Award Sector,Primary,8525
2012-09-30,Student,575 Non-Award Sector,Non-Award Sector,Secondary,62
2012-09-30,Student,576 Foreign Affairs or Defence Sector,Foreign Affairs or Defence Sector,Primary,4134
2012-09-30,Student,576 Foreign Affairs or Defence Sector,Foreign Affairs or Defence Sector,Secondary,2737
2012-09-30,Temporary Graduate,485 Temporary Graduate,Post-Vocational Education Work,Primary,28950
2012-09-30,Temporary Graduate,485 Temporary Graduate,Post-Vocational Education Work,Secondary,10195
2012-09-30,Temporary Graduate,485 Temporary Graduate,Temporary Resident - Other (Not Further Specified),Primary,5
2012-09-30,Temporary Graduate,485 Temporary Graduate,Temporary Resident - Other (Not Further Specified),Secondary,16
2012-09-30,Temporary Protection,785 Temporary Protection,Onshore Protection (Not Further Specified),Primary,9
2012-09-30,Temporary Protection,785 Temporary Protection,Onshore Protection (Not Further Specified),Secondary,1
2012-09-30,Temporary Resident (Other Employment),405 Investor Retirement,Temporary Resident - Other (Not Further Specified),Primary,135
2012-09-30,Temporary Resident (Other Employment),405 Investor Retirement,Temporary Resident - Other (Not Further Specified),Secondary,102
2012-09-30,Temporary Resident (Other Employment),406 Government Agreement,Government Agreement,Primary,331
2012-09-30,Temporary Resident (Other Employment),406 Government Agreement,Government Agreement,Secondary,249
2012-09-30,Temporary Resident (Other Employment),410 Retirement,Temporary Resident - Other (Not Further Specified),Primary,2301
2012-09-30,Temporary Resident (Other Employment),410 Retirement,Temporary Resident - Other (Not Further Specified),Secondary,1451
2012-09-30,Temporary Resident (Other Employment),411 Exchange,Exchange Arrangements,Primary,143
2012-09-30,Temporary Resident (Other Employment),411 Exchange,Exchange Arrangements,Secondary,179
2012-09-30,Temporary Resident (Other Employment),415 Foreign Government Agency,Foreign Government Agency,Primary,223
2012-09-30,Temporary Resident (Other Employment),415 Foreign Government Agency,Foreign Government Agency,Secondary,248
2012-09-30,Temporary Resident (Other Employment),416 Special Program,Seasonal Worker Program,Primary,509
2012-09-30,Temporary Resident (Other Employment),416 Special Program,Special Programs,Primary,1092
2012-09-30,Temporary Resident (Other Employment),416 Special Program,Special Programs,Secondary,7
2012-09-30,Temporary Resident (Other Employment),419 Visiting Academic,Temporary Resident - Other (Not Further Specified),Primary,682
2012-09-30,Temporary Resident (Other Employment),419 Visiting Academic,Temporary Resident - Other (Not Further Specified),Secondary,504
2012-09-30,Temporary Resident (Other Employment),420 Temporary Work (Entertainment),Entertainment,Primary,1121
2012-09-30,Temporary Resident (Other Employment),420 Temporary Work (Entertainment),Entertainment,Secondary,83
2012-09-30,Temporary Resident (Other Employment),421 Sport,Sporting Activities,Primary,254
2012-09-30,Temporary Resident (Other Employment),421 Sport,Sporting Activities,Secondary,73
2012-09-30,Temporary Resident (Other Employment),422 Medical Practitioner,Temporary Resident - Other (Not Further Specified),Primary,76
2012-09-30,Temporary Resident (Other Employment),422 Medical Practitioner,Temporary Resident - Other (Not Further Specified),Secondary,145
2012-09-30,Temporary Resident (Other Employment),423 Media And Film Staff,Entertainment,Primary,17
2012-09-30,Temporary Resident (Other Employment),423 Media And Film Staff,Entertainment,Secondary,9
2012-09-30,Temporary Resident (Other Employment),426 Domestic Worker (Temporary) - Diplomatic or Consular,Domestic Work (Diplomatic or Consular),Primary,156
2012-09-30,Temporary Resident (Other Employment),427 Domestic Worker (Temporary) - Executive,Domestic Work (Executive),Primary,16
2012-09-30,Temporary Resident (Other Employment),428 Religious Worker,Religious Work,Primary,1741
2012-09-30,Temporary Resident (Other Employment),428 Religious Worker,Religious Work,Secondary,1040
2012-09-30,Temporary Resident (Other Employment),442 Occupational Trainee,Occupational Trainee,Primary,1832
2012-09-30,Temporary Resident (Other Employment),442 Occupational Trainee,Occupational Trainee,Secondary,497
2012-09-30,Temporary Resident (Other Employment),470 Professional Development,Temporary Resident - Other (Not Further Specified),Primary,519
2012-09-30,Temporary Resident (Other Employment),476 Skilled - Recognised Graduate,Temporary Resident - Other (Not Further Specified),Primary,267
2012-09-30,Temporary Resident (Other Employment),476 Skilled - Recognised Graduate,Temporary Resident - Other (Not Further Specified),Secondary,52
2012-09-30,Temporary Resident (Other Employment),995 Diplomatic (Temporary),Diplomatic,Primary,2324
2012-09-30,Temporary Resident (Other Employment),995 Diplomatic (Temporary),Diplomatic,Secondary,1646
2012-09-30,Temporary Resident (Skilled Employment),457 Temporary Work (Skilled),Temporary Work Skilled,Primary,98609
2012-09-30,Temporary Resident (Skilled Employment),457 Temporary Work (Skilled),Temporary Work Skilled,Secondary,76975
2012-09-30,Visitor,456 Business (Short Stay),Business,Primary,7681
2012-09-30,Visitor,456 Business (Short Stay),Business,Secondary,467
2012-09-30,Visitor,459 Sponsored Business Visitor (Short Stay),Business,Primary,10
2012-09-30,Visitor,459 Sponsored Business Visitor (Short Stay),Business,Secondary,1
2012-09-30,Visitor,651 eVisitor,Business,Primary,1721
2012-09-30,Visitor,651 eVisitor,Tourist,Primary,17446
2012-09-30,Visitor,676 Tourist,Tourist,Primary,91169
2012-09-30,Visitor,676 Tourist,Tourist,Secondary,65
2012-09-30,Visitor,679 Sponsored Family Visitor,Tourist,Primary,2982
2012-09-30,Visitor,679 Sponsored Family Visitor,Tourist,Secondary,750
2012-09-30,Visitor,956 Electronic Travel Authority (Business Entrant - Long Validity),Business,Primary,591
2012-09-30,Visitor,976 Electronic Travel Authority (Visitor),Tourist,Primary,63717
2012-09-30,Visitor,977 Electronic Travel Authority (Business Entrant - Short Validity),Business,Primary,4576
2012-09-30,Visitor,977 Electronic Travel Authority (Business Entrant - Short Validity),Business,Secondary,20
2012-09-30,Working Holiday Maker,417 Working Holiday,First Visa,Primary,113659
2012-09-30,Working Holiday Maker,417 Working Holiday,Second Visa,Primary,27327
2012-09-30,Working Holiday Maker,462 Work and Holiday,First Visa,Primary,4677
2012-12-31,Bridging,Bridging Visas,Bridging,Primary,85478
2012-12-31,Bridging,Bridging Visas,Bridging,Secondary,859
2012-12-31,Crew and Transit,488 Superyacht Crew,Superyacht Crew,Primary,33
2012-12-31,Crew and Transit,771 Transit,Transit,Primary,68
2012-12-31,Crew and Transit,988 Maritime Crew Visa,Maritime Crew,Primary,19159
2012-12-31,Crew and Transit,988 Maritime Crew Visa,Maritime Crew,Secondary,9
2012-12-31,Other Temporary,580 Student Guardian,Student Guardian,Primary,1231
2012-12-31,Other Temporary,580 Student Guardian,Student Guardian,Secondary,44
2012-12-31,Other Temporary,675 Medical Treatment (Short Stay),Medical stream,Primary,142
2012-12-31,Other Temporary,685 Medical Treatment (Long Stay),Medical stream,Primary,410
2012-12-31,Other Temporary,685 Medical Treatment (Long Stay),Medical stream,Secondary,11
2012-12-31,Other Temporary,773 Border,Border,Primary,159
2012-12-31,Special Category,444 Special Category,Special Category (Not Further Specified),Primary,618572
2012-12-31,Student,560 Student,Higher Education Sector,Primary,2
2012-12-31,Student,560 Student,Higher Education Sector,Secondary,3
2012-12-31,Student,560 Student,Schools Sector,Primary,1
2012-12-31,Student,560 Student,Student (Not Further Specified),Primary,7
2012-12-31,Student,570 Independent ELICOS Sector,Independent ELICOS Sector,Primary,13276
2012-12-31,Student,570 Independent ELICOS Sector,Independent ELICOS Sector,Secondary,1338
2012-12-31,Student,571 Schools Sector,Schools Sector,Primary,5899
2012-12-31,Student,571 Schools Sector,Schools Sector,Secondary,8
2012-12-31,Student,572 Vocational Education and Training Sector,Vocational Education and Training Sector,Primary,53734
2012-12-31,Student,572 Vocational Education and Training Sector,Vocational Education and Training Sector,Secondary,14489
2012-12-31,Student,573 Higher Education Sector,Higher Education Sector,Primary,113881
2012-12-31,Student,573 Higher Education Sector,Higher Education Sector,Secondary,15008
2012-12-31,Student,574 Postgraduate Research Sector,Postgraduate Research Sector,Primary,10295
2012-12-31,Student,574 Postgraduate Research Sector,Postgraduate Research Sector,Secondary,7152
2012-12-31,Student,575 Non-Award Sector,Non-Award Sector,Primary,2731
2012-12-31,Student,575 Non-Award Sector,Non-Award Sector,Secondary,46
2012-12-31,Student,576 Foreign Affairs or Defence Sector,Foreign Affairs or Defence Sector,Primary,2092
2012-12-31,Student,576 Foreign Affairs or Defence Sector,Foreign Affairs or Defence Sector,Secondary,2230
2012-12-31,Temporary Graduate,485 Temporary Graduate,Post-Vocational Education Work,Primary,27975
2012-12-31,Temporary Graduate,485 Temporary Graduate,Post-Vocational Education Work,Secondary,10217
2012-12-31,Temporary Graduate,485 Temporary Graduate,Temporary Resident - Other (Not Further Specified),Primary,3
2012-12-31,Temporary Graduate,485 Temporary Graduate,Temporary Resident - Other (Not Further Specified),Secondary,13
2012-12-31,Temporary Protection,785 Temporary Protection,Onshore Protection (Not Further Specified),Primary,10
2012-12-31,Temporary Protection,785 Temporary Protection,Onshore Protection (Not Further Specified),Secondary,1
2012-12-31,Temporary Resident (Other Employment),401 Temporary Work (Long Stay Activity),Religious Work,Primary,4
2012-12-31,Temporary Resident (Other Employment),401 Temporary Work (Long Stay Activity),Religious Work,Secondary,3
2012-12-31,Temporary Resident (Other Employment),401 Temporary Work (Long Stay Activity),Sporting Activities,Primary,1
2012-12-31,Temporary Resident (Other Employment),402 Training and Research,Occupational Trainee,Primary,2
2012-12-31,Temporary Resident (Other Employment),402 Training and Research,Occupational Trainee,Secondary,1
2012-12-31,Temporary Resident (Other Employment),402 Training and Research,Research Activities,Primary,9
2012-12-31,Temporary Resident (Other Employment),402 Training and Research,Research Activities,Secondary,3
2012-12-31,Temporary Resident (Other Employment),403 Temporary Work (International Relations),Foreign Government Agency,Primary,3
2012-12-31,Temporary Resident (Other Employment),403 Temporary Work (International Relations),Foreign Government Agency,Secondary,2
2012-12-31,Temporary Resident (Other Employment),403 Temporary Work (International Relations),Privileges and immunities,Primary,1
2012-12-31,Temporary Resident (Other Employment),403 Temporary Work (International Relations),Privileges and immunities,Secondary,2
2012-12-31,Temporary Resident (Other Employment),405 Investor Retirement,Temporary Resident - Other (Not Further Specified),Primary,147
2012-12-31,Temporary Resident (Other Employment),405 Investor Retirement,Temporary Resident - Other (Not Further Specified),Secondary,113
2012-12-31,Temporary Resident (Other Employment),406 Government Agreement,Government Agreement,Primary,288
2012-12-31,Temporary Resident (Other Employment),406 Government Agreement,Government Agreement,Secondary,207
2012-12-31,Temporary Resident (Other Employment),410 Retirement,Temporary Resident - Other (Not Further Specified),Primary,2423
2012-12-31,Temporary Resident (Other Employment),410 Retirement,Temporary Resident - Other (Not Further Specified),Secondary,1550
2012-12-31,Temporary Resident (Other Employment),411 Exchange,Exchange Arrangements,Primary,115
2012-12-31,Temporary Resident (Other Employment),411 Exchange,Exchange Arrangements,Secondary,102
2012-12-31,Temporary Resident (Other Employment),415 Foreign Government Agency,Foreign Government Agency,Primary,182
2012-12-31,Temporary Resident (Other Employment),415 Foreign Government Agency,Foreign Government Agency,Secondary,226
2012-12-31,Temporary Resident (Other Employment),416 Special Program,Seasonal Worker Program,Primary,507
2012-12-31,Temporary Resident (Other Employment),416 Special Program,Special Programs,Primary,814
2012-12-31,Temporary Resident (Other Employment),416 Special Program,Special Programs,Secondary,5
2012-12-31,Temporary Resident (Other Employment),419 Visiting Academic,Temporary Resident - Other (Not Further Specified),Primary,648
2012-12-31,Temporary Resident (Other Employment),419 Visiting Academic,Temporary Resident - Other (Not Further Specified),Secondary,473
2012-12-31,Temporary Resident (Other Employment),420 Temporary Work (Entertainment),Entertainment,Primary,882
2012-12-31,Temporary Resident (Other Employment),420 Temporary Work (Entertainment),Entertainment,Secondary,75
2012-12-31,Temporary Resident (Other Employment),421 Sport,Sporting Activities,Primary,305
2012-12-31,Temporary Resident (Other Employment),421 Sport,Sporting Activities,Secondary,113
2012-12-31,Temporary Resident (Other Employment),422 Medical Practitioner,Temporary Resident - Other (Not Further Specified),Primary,56
2012-12-31,Temporary Resident (Other Employment),422 Medical Practitioner,Temporary Resident - Other (Not Further Specified),Secondary,106
2012-12-31,Temporary Resident (Other Employment),423 Media And Film Staff,Entertainment,Primary,17
2012-12-31,Temporary Resident (Other Employment),423 Media And Film Staff,Entertainment,Secondary,8
2012-12-31,Temporary Resident (Other Employment),426 Domestic Worker (Temporary) - Diplomatic or Consular,Domestic Work (Diplomatic or Consular),Primary,142
2012-12-31,Temporary Resident (Other Employment),427 Domestic Worker (Temporary) - Executive,Domestic Work (Executive),Primary,10
2012-12-31,Temporary Resident (Other Employment),428 Religious Worker,Religious Work,Primary,1661
2012-12-31,Temporary Resident (Other Employment),428 Religious Worker,Religious Work,Secondary,985
2012-12-31,Temporary Resident (Other Employment),442 Occupational Trainee,Occupational Trainee,Primary,1641
2012-12-31,Temporary Resident (Other Employment),442 Occupational Trainee,Occupational Trainee,Secondary,438
2012-12-31,Temporary Resident (Other Employment),470 Professional Development,Temporary Resident - Other (Not Further Specified),Primary,500
2012-12-31,Temporary Resident (Other Employment),476 Skilled - Recognised Graduate,Temporary Resident - Other (Not Further Specified),Primary,244
2012-12-31,Temporary Resident (Other Employment),476 Skilled - Recognised Graduate,Temporary Resident - Other (Not Further Specified),Secondary,46
2012-12-31,Temporary Resident (Other Employment),995 Diplomatic (Temporary),Diplomatic,Primary,2232
2012-12-31,Temporary Resident (Other Employment),995 Diplomatic (Temporary),Diplomatic,Secondary,1558
2012-12-31,Temporary Resident (Skilled Employment),457 Temporary Work (Skilled),Temporary Work Skilled,Primary,83846
2012-12-31,Temporary Resident (Skilled Employment),457 Temporary Work (Skilled),Temporary Work Skilled,Secondary,73268
2012-12-31,Visitor,456 Business (Short Stay),Business,Primary,4797
2012-12-31,Visitor,456 Business (Short Stay),Business,Secondary,458
2012-12-31,Visitor,459 Sponsored Business Visitor (Short Stay),Business,Primary,9
2012-12-31,Visitor,651 eVisitor,Business,Primary,1241
2012-12-31,Visitor,651 eVisitor,Tourist,Primary,70884
2012-12-31,Visitor,676 Tourist,Tourist,Primary,148874
2012-12-31,Visitor,676 Tourist,Tourist,Secondary,204
2012-12-31,Visitor,679 Sponsored Family Visitor,Tourist,Primary,4495
2012-12-31,Visitor,679 Sponsored Family Visitor,Tourist,Secondary,1430
2012-12-31,Visitor,956 Electronic Travel Authority (Business Entrant - Long Validity),Business,Primary,475
2012-12-31,Visitor,956 Electronic Travel Authority (Business Entrant - Long Validity),Business,Secondary,1
2012-12-31,Visitor,976 Electronic Travel Authority (Visitor),Tourist,Primary,166064
2012-12-31,Visitor,977 Electronic Travel Authority (Business Entrant - Short Validity),Business,Primary,2379
2012-12-31,Visitor,977 Electronic Travel Authority (Business Entrant - Short Validity),Business,Secondary,18
2012-12-31,Working Holiday Maker,417 Working Holiday,First Visa,Primary,130745
2012-12-31,Working Holiday Maker,417 Working Holiday,Second Visa,Primary,26821
2012-12-31,Working Holiday Maker,462 Work and Holiday,First Visa,Primary,4909
2013-03-31,Bridging,Bridging Visas,Bridging,Primary,99339
2013-03-31,Bridging,Bridging Visas,Bridging,Secondary,1644
2013-03-31,Crew and Transit,488 Superyacht Crew,Superyacht Crew,Primary,54
2013-03-31,Crew and Transit,771 Transit,Transit,Primary,262
2013-03-31,Crew and Transit,988 Maritime Crew Visa,Maritime Crew,Primary,17511
2013-03-31,Crew and Transit,988 Maritime Crew Visa,Maritime Crew,Secondary,11
2013-03-31,Other Temporary,580 Student Guardian,Student Guardian,Primary,1669
2013-03-31,Other Temporary,580 Student Guardian,Student Guardian,Secondary,55
2013-03-31,Other Temporary,602 Medical Treatment,Medical stream,Primary,5
2013-03-31,Other Temporary,675 Medical Treatment (Short Stay),Medical stream,Primary,166
2013-03-31,Other Temporary,685 Medical Treatment (Long Stay),Medical stream,Primary,468
2013-03-31,Other Temporary,685 Medical Treatment (Long Stay),Medical stream,Secondary,8
2013-03-31,Other Temporary,773 Border,Border,Primary,150
2013-03-31,Special Category,444 Special Category,Special Category (Not Further Specified),Primary,632891
2013-03-31,Student,560 Student,Higher Education Sector,Primary,2
2013-03-31,Student,560 Student,Higher Education Sector,Secondary,3
2013-03-31,Student,560 Student,Schools Sector,Primary,1
2013-03-31,Student,560 Student,Student (Not Further Specified),Primary,7
2013-03-31,Student,560 Student,Vocational Education and Training Sector,Primary,1
2013-03-31,Student,570 Independent ELICOS Sector,Independent ELICOS Sector,Primary,14655
2013-03-31,Student,570 Independent ELICOS Sector,Independent ELICOS Sector,Secondary,1584
2013-03-31,Student,571 Schools Sector,Schools Sector,Primary,13582
2013-03-31,Student,571 Schools Sector,Schools Sector,Secondary,9
2013-03-31,Student,572 Vocational Education and Training Sector,Vocational Education and Training Sector,Primary,55442
2013-03-31,Student,572 Vocational Education and Training Sector,Vocational Education and Training Sector,Secondary,13963
2013-03-31,Student,573 Higher Education Sector,Higher Education Sector,Primary,179629
2013-03-31,Student,573 Higher Education Sector,Higher Education Sector,Secondary,16559
2013-03-31,Student,574 Postgraduate Research Sector,Postgraduate Research Sector,Primary,12989
2013-03-31,Student,574 Postgraduate Research Sector,Postgraduate Research Sector,Secondary,8007
2013-03-31,Student,575 Non-Award Sector,Non-Award Sector,Primary,8751
2013-03-31,Student,575 Non-Award Sector,Non-Award Sector,Secondary,108
2013-03-31,Student,576 Foreign Affairs or Defence Sector,Foreign Affairs or Defence Sector,Primary,4439
2013-03-31,Student,576 Foreign Affairs or Defence Sector,Foreign Affairs or Defence Sector,Secondary,2625
2013-03-31,Temporary Graduate,485 Temporary Graduate,Post-Vocational Education Work,Primary,30764
2013-03-31,Temporary Graduate,485 Temporary Graduate,Post-Vocational Education Work,Secondary,10316
2013-03-31,Temporary Graduate,485 Temporary Graduate,Temporary Resident - Other (Not Further Specified),Primary,2
2013-03-31,Temporary Graduate,485 Temporary Graduate,Temporary Resident - Other (Not Further Specified),Secondary,6
2013-03-31,Temporary Protection,785 Temporary Protection,Onshore Protection (Not Further Specified),Primary,9
2013-03-31,Temporary Protection,785 Temporary Protection,Onshore Protection (Not Further Specified),Secondary,1
2013-03-31,Temporary Resident (Other Employment),400 Temporary Work (Short Stay Activity),Highly Specialised Work,Primary,1
2013-03-31,Temporary Resident (Other Employment),400 Temporary Work (Short Stay Activity),Invited Participant,Primary,2
2013-03-31,Temporary Resident (Other Employment),401 Temporary Work (Long Stay Activity),Exchange Arrangements,Primary,8
2013-03-31,Temporary Resident (Other Employment),401 Temporary Work (Long Stay Activity),Exchange Arrangements,Secondary,3
2013-03-31,Temporary Resident (Other Employment),401 Temporary Work (Long Stay Activity),Religious Work,Primary,127
2013-03-31,Temporary Resident (Other Employment),401 Temporary Work (Long Stay Activity),Religious Work,Secondary,75
2013-03-31,Temporary Resident (Other Employment),401 Temporary Work (Long Stay Activity),Sporting Activities,Primary,70
2013-03-31,Temporary Resident (Other Employment),401 Temporary Work (Long Stay Activity),Sporting Activities,Secondary,21
2013-03-31,Temporary Resident (Other Employment),402 Training and Research,Occupational Trainee,Primary,405
2013-03-31,Temporary Resident (Other Employment),402 Training and Research,Occupational Trainee,Secondary,65
2013-03-31,Temporary Resident (Other Employment),402 Training and Research,Professional Development,Primary,37
2013-03-31,Temporary Resident (Other Employment),402 Training and Research,Research Activities,Primary,234
2013-03-31,Temporary Resident (Other Employment),402 Training and Research,Research Activities,Secondary,131
2013-03-31,Temporary Resident (Other Employment),403 Temporary Work (International Relations),Domestic Work (Diplomatic or Consular),Primary,17
2013-03-31,Temporary Resident (Other Employment),403 Temporary Work (International Relations),Foreign Government Agency,Primary,30
2013-03-31,Temporary Resident (Other Employment),403 Temporary Work (International Relations),Foreign Government Agency,Secondary,12
2013-03-31,Temporary Resident (Other Employment),403 Temporary Work (International Relations),Government Agreement,Primary,46
2013-03-31,Temporary Resident (Other Employment),403 Temporary Work (International Relations),Government Agreement,Secondary,23
2013-03-31,Temporary Resident (Other Employment),403 Temporary Work (International Relations),Privileges and immunities,Primary,4
2013-03-31,Temporary Resident (Other Employment),403 Temporary Work (International Relations),Privileges and immunities,Secondary,6
2013-03-31,Temporary Resident (Other Employment),405 Investor Retirement,Temporary Resident - Other (Not Further Specified),Primary,150
2013-03-31,Temporary Resident (Other Employment),405 Investor Retirement,Temporary Resident - Other (Not Further Specified),Secondary,118
2013-03-31,Temporary Resident (Other Employment),406 Government Agreement,Government Agreement,Primary,314
2013-03-31,Temporary Resident (Other Employment),406 Government Agreement,Government Agreement,Secondary,254
2013-03-31,Temporary Resident (Other Employment),410 Retirement,Temporary Resident - Other (Not Further Specified),Primary,2332
2013-03-31,Temporary Resident (Other Employment),410 Retirement,Temporary Resident - Other (Not Further Specified),Secondary,1497
2013-03-31,Temporary Resident (Other Employment),411 Exchange,Exchange Arrangements,Primary,95
2013-03-31,Temporary Resident (Other Employment),411 Exchange,Exchange Arrangements,Secondary,104
2013-03-31,Temporary Resident (Other Employment),415 Foreign Government Agency,Foreign Government Agency,Primary,174
2013-03-31,Temporary Resident (Other Employment),415 Foreign Government Agency,Foreign Government Agency,Secondary,195
2013-03-31,Temporary Resident (Other Employment),416 Special Program,Seasonal Worker Program,Primary,705
2013-03-31,Temporary Resident (Other Employment),416 Special Program,Special Programs,Primary,1152
2013-03-31,Temporary Resident (Other Employment),416 Special Program,Special Programs,Secondary,10
2013-03-31,Temporary Resident (Other Employment),419 Visiting Academic,Temporary Resident - Other (Not Further Specified),Primary,571
2013-03-31,Temporary Resident (Other Employment),419 Visiting Academic,Temporary Resident - Other (Not Further Specified),Secondary,480
2013-03-31,Temporary Resident (Other Employment),420 Temporary Work (Entertainment),Entertainment,Primary,1410
2013-03-31,Temporary Resident (Other Employment),420 Temporary Work (Entertainment),Entertainment,Secondary,75
2013-03-31,Temporary Resident (Other Employment),421 Sport,Sporting Activities,Primary,215
2013-03-31,Temporary Resident (Other Employment),421 Sport,Sporting Activities,Secondary,75
2013-03-31,Temporary Resident (Other Employment),422 Medical Practitioner,Temporary Resident - Other (Not Further Specified),Primary,46
2013-03-31,Temporary Resident (Other Employment),422 Medical Practitioner,Temporary Resident - Other (Not Further Specified),Secondary,111
2013-03-31,Temporary Resident (Other Employment),423 Media And Film Staff,Entertainment,Primary,15
2013-03-31,Temporary Resident (Other Employment),423 Media And Film Staff,Entertainment,Secondary,10
2013-03-31,Temporary Resident (Other Employment),426 Domestic Worker (Temporary) - Diplomatic or Consular,Domestic Work (Diplomatic or Consular),Primary,145
2013-03-31,Temporary Resident (Other Employment),427 Domestic Worker (Temporary) - Executive,Domestic Work (Executive),Primary,19
2013-03-31,Temporary Resident (Other Employment),428 Religious Worker,Religious Work,Primary,1621
2013-03-31,Temporary Resident (Other Employment),428 Religious Worker,Religious Work,Secondary,915
2013-03-31,Temporary Resident (Other Employment),442 Occupational Trainee,Occupational Trainee,Primary,1592
2013-03-31,Temporary Resident (Other Employment),442 Occupational Trainee,Occupational Trainee,Secondary,450
2013-03-31,Temporary Resident (Other Employment),470 Professional Development,Temporary Resident - Other (Not Further Specified),Primary,410
2013-03-31,Temporary Resident (Other Employment),476 Skilled - Recognised Graduate,Temporary Resident - Other (Not Further Specified),Primary,326
2013-03-31,Temporary Resident (Other Employment),476 Skilled - Recognised Graduate,Temporary Resident - Other (Not Further Specified),Secondary,63
2013-03-31,Temporary Resident (Other Employment),995 Diplomatic (Temporary),Diplomatic,Primary,2424
2013-03-31,Temporary Resident (Other Employment),995 Diplomatic (Temporary),Diplomatic,Secondary,1718
2013-03-31,Temporary Resident (Skilled Employment),457 Temporary Work (Skilled),Temporary Work Skilled,Primary,105602
2013-03-31,Temporary Resident (Skilled Employment),457 Temporary Work (Skilled),Temporary Work Skilled,Secondary,85320
2013-03-31,Visitor,456 Business (Short Stay),Business,Primary,5929
2013-03-31,Visitor,456 Business (Short Stay),Business,Secondary,269
2013-03-31,Visitor,459 Sponsored Business Visitor (Short Stay),Business,Primary,9
2013-03-31,Visitor,459 Sponsored Business Visitor (Short Stay),Business,Secondary,2
2013-03-31,Visitor,600 Visitor,Business,Primary,8
2013-03-31,Visitor,600 Visitor,Tourist,Primary,318
2013-03-31,Visitor,601 Electronic Travel Authority,Business,Primary,188
2013-03-31,Visitor,601 Electronic Travel Authority,Tourist,Primary,6167
2013-03-31,Visitor,651 eVisitor,Business,Primary,1596
2013-03-31,Visitor,651 eVisitor,Tourist,Primary,37571
2013-03-31,Visitor,676 Tourist,Tourist,Primary,102406
2013-03-31,Visitor,676 Tourist,Tourist,Secondary,79
2013-03-31,Visitor,679 Sponsored Family Visitor,Tourist,Primary,3371
2013-03-31,Visitor,679 Sponsored Family Visitor,Tourist,Secondary,967
2013-03-31,Visitor,956 Electronic Travel Authority (Business Entrant - Long Validity),Business,Primary,484
2013-03-31,Visitor,976 Electronic Travel Authority (Visitor),Tourist,Primary,85034
2013-03-31,Visitor,977 Electronic Travel Authority (Business Entrant - Short Validity),Business,Primary,2925
2013-03-31,Visitor,977 Electronic Travel Authority (Business Entrant - Short Validity),Business,Secondary,12
2013-03-31,Working Holiday Maker,417 Working Holiday,First Visa,Primary,134248
2013-03-31,Working Holiday Maker,417 Working Holiday,Second Visa,Primary,31125
2013-03-31,Working Holiday Maker,462 Work and Holiday,First Visa,Primary,5323
2013-06-30,Bridging,Bridging Visas,Bridging,Primary,80540
2013-06-30,Bridging,Bridging Visas,Bridging,Secondary,1435
2013-06-30,Crew and Transit,488 Superyacht Crew,Superyacht Crew,Primary,56
2013-06-30,Crew and Transit,771 Transit,Transit,Primary,350
2013-06-30,Crew and Transit,988 Maritime Crew Visa,Maritime Crew,Primary,12130
2013-06-30,Crew and Transit,988 Maritime Crew Visa,Maritime Crew,Secondary,45
2013-06-30,Other Temporary,303 Emergency (Temporary Visa Applicant),Emergency,Primary,1
2013-06-30,Other Temporary,303 Emergency (Temporary Visa Applicant),Emergency,Secondary,1
2013-06-30,Other Temporary,580 Student Guardian,Student Guardian,Primary,1558
2013-06-30,Other Temporary,580 Student Guardian,Student Guardian,Secondary,60
2013-06-30,Other Temporary,602 Medical Treatment,Medical stream,Primary,269
2013-06-30,Other Temporary,602 Medical Treatment,Medical stream,Secondary,1
2013-06-30,Other Temporary,675 Medical Treatment (Short Stay),Medical stream,Primary,39
2013-06-30,Other Temporary,685 Medical Treatment (Long Stay),Medical stream,Primary,364
2013-06-30,Other Temporary,685 Medical Treatment (Long Stay),Medical stream,Secondary,9
2013-06-30,Other Temporary,773 Border,Border,Primary,168
2013-06-30,Special Category,444 Special Category,Special Category (Not Further Specified),Primary,640770
2013-06-30,Student,560 Student,Higher Education Sector,Primary,2
2013-06-30,Student,560 Student,Higher Education Sector,Secondary,3
2013-06-30,Student,560 Student,Schools Sector,Primary,1
2013-06-30,Student,560 Student,Student (Not Further Specified),Primary,7
2013-06-30,Student,560 Student,Vocational Education and Training Sector,Primary,1
2013-06-30,Student,570 Independent ELICOS Sector,Independent ELICOS Sector,Primary,14386
2013-06-30,Student,570 Independent ELICOS Sector,Independent ELICOS Sector,Secondary,1610
2013-06-30,Student,571 Schools Sector,Schools Sector,Primary,10332
2013-06-30,Student,571 Schools Sector,Schools Sector,Secondary,9
2013-06-30,Student,572 Vocational Education and Training Sector,Vocational Education and Training Sector,Primary,54936
2013-06-30,Student,572 Vocational Education and Training Sector,Vocational Education and Training Sector,Secondary,13947
2013-06-30,Student,573 Higher Education Sector,Higher Education Sector,Primary,157602
2013-06-30,Student,573 Higher Education Sector,Higher Education Sector,Secondary,17327
2013-06-30,Student,574 Postgraduate Research Sector,Postgraduate Research Sector,Primary,12518
2013-06-30,Student,574 Postgraduate Research Sector,Postgraduate Research Sector,Secondary,8051
2013-06-30,Student,575 Non-Award Sector,Non-Award Sector,Primary,6099
2013-06-30,Student,575 Non-Award Sector,Non-Award Sector,Secondary,124
2013-06-30,Student,576 Foreign Affairs or Defence Sector,Foreign Affairs or Defence Sector,Primary,4357
2013-06-30,Student,576 Foreign Affairs or Defence Sector,Foreign Affairs or Defence Sector,Secondary,2936
2013-06-30,Temporary Graduate,485 Temporary Graduate,Post-Vocational Education Work,Primary,27421
2013-06-30,Temporary Graduate,485 Temporary Graduate,Post-Vocational Education Work,Secondary,8796
2013-06-30,Temporary Graduate,485 Temporary Graduate,Temporary Resident - Other (Not Further Specified),Primary,3
2013-06-30,Temporary Graduate,485 Temporary Graduate,Temporary Resident - Other (Not Further Specified),Secondary,4
2013-06-30,Temporary Protection,785 Temporary Protection,Onshore Protection (Not Further Specified),Primary,9
2013-06-30,Temporary Protection,785 Temporary Protection,Onshore Protection (Not Further Specified),Secondary,1
2013-06-30,Temporary Resident (Other Employment),400 Temporary Work (Short Stay Activity),Australia's Interest,Primary,1
2013-06-30,Temporary Resident (Other Employment),400 Temporary Work (Short Stay Activity),Highly Specialised Work,Primary,1014
2013-06-30,Temporary Resident (Other Employment),400 Temporary Work (Short Stay Activity),Highly Specialised Work,Secondary,19
2013-06-30,Temporary Resident (Other Employment),400 Temporary Work (Short Stay Activity),Invited Participant,Primary,254
2013-06-30,Temporary Resident (Other Employment),400 Temporary Work (Short Stay Activity),Invited Participant,Secondary,11
2013-06-30,Temporary Resident (Other Employment),401 Temporary Work (Long Stay Activity),Exchange Arrangements,Primary,28
2013-06-30,Temporary Resident (Other Employment),401 Temporary Work (Long Stay Activity),Exchange Arrangements,Secondary,13
2013-06-30,Temporary Resident (Other Employment),401 Temporary Work (Long Stay Activity),Religious Work,Primary,360
2013-06-30,Temporary Resident (Other Employment),401 Temporary Work (Long Stay Activity),Religious Work,Secondary,184
2013-06-30,Temporary Resident (Other Employment),401 Temporary Work (Long Stay Activity),Sporting Activities,Primary,154
2013-06-30,Temporary Resident (Other Employment),401 Temporary Work (Long Stay Activity),Sporting Activities,Secondary,42
2013-06-30,Temporary Resident (Other Employment),402 Training and Research,Occupational Trainee,Primary,872
2013-06-30,Temporary Resident (Other Employment),402 Training and Research,Occupational Trainee,Secondary,162
2013-06-30,Temporary Resident (Other Employment),402 Training and Research,Professional Development,Primary,151
2013-06-30,Temporary Resident (Other Employment),402 Training and Research,Research Activities,Primary,430
2013-06-30,Temporary Resident (Other Employment),402 Training and Research,Research Activities,Secondary,243
2013-06-30,Temporary Resident (Other Employment),403 Temporary Work (International Relations),Domestic Work (Diplomatic or Consular),Primary,35
2013-06-30,Temporary Resident (Other Employment),403 Temporary Work (International Relations),Foreign Government Agency,Primary,74
2013-06-30,Temporary Resident (Other Employment),403 Temporary Work (International Relations),Foreign Government Agency,Secondary,41
2013-06-30,Temporary Resident (Other Employment),403 Temporary Work (International Relations),Government Agreement,Primary,119
2013-06-30,Temporary Resident (Other Employment),403 Temporary Work (International Relations),Government Agreement,Secondary,56
2013-06-30,Temporary Resident (Other Employment),403 Temporary Work (International Relations),Privileges and immunities,Primary,3
2013-06-30,Temporary Resident (Other Employment),403 Temporary Work (International Relations),Privileges and immunities,Secondary,5
2013-06-30,Temporary Resident (Other Employment),405 Investor Retirement,Temporary Resident - Other (Not Further Specified),Primary,114
2013-06-30,Temporary Resident (Other Employment),405 Investor Retirement,Temporary Resident - Other (Not Further Specified),Secondary,90
2013-06-30,Temporary Resident (Other Employment),406 Government Agreement,Government Agreement,Primary,262
2013-06-30,Temporary Resident (Other Employment),406 Government Agreement,Government Agreement,Secondary,221
2013-06-30,Temporary Resident (Other Employment),410 Retirement,Temporary Resident - Other (Not Further Specified),Primary,2045
2013-06-30,Temporary Resident (Other Employment),410 Retirement,Temporary Resident - Other (Not Further Specified),Secondary,1278
2013-06-30,Temporary Resident (Other Employment),411 Exchange,Exchange Arrangements,Primary,69
2013-06-30,Temporary Resident (Other Employment),411 Exchange,Exchange Arrangements,Secondary,83
2013-06-30,Temporary Resident (Other Employment),415 Foreign Government Agency,Foreign Government Agency,Primary,132
2013-06-30,Temporary Resident (Other Employment),415 Foreign Government Agency,Foreign Government Agency,Secondary,151
2013-06-30,Temporary Resident (Other Employment),416 Special Program,Seasonal Worker Program,Primary,917
2013-06-30,Temporary Resident (Other Employment),416 Special Program,Special Programs,Primary,911
2013-06-30,Temporary Resident (Other Employment),416 Special Program,Special Programs,Secondary,12
2013-06-30,Temporary Resident (Other Employment),419 Visiting Academic,Temporary Resident - Other (Not Further Specified),Primary,364
2013-06-30,Temporary Resident (Other Employment),419 Visiting Academic,Temporary Resident - Other (Not Further Specified),Secondary,336
2013-06-30,Temporary Resident (Other Employment),420 Temporary Work (Entertainment),Entertainment,Primary,672
2013-06-30,Temporary Resident (Other Employment),420 Temporary Work (Entertainment),Entertainment,Secondary,18
2013-06-30,Temporary Resident (Other Employment),421 Sport,Sporting Activities,Primary,129
2013-06-30,Temporary Resident (Other Employment),421 Sport,Sporting Activities,Secondary,41
2013-06-30,Temporary Resident (Other Employment),422 Medical Practitioner,Temporary Resident - Other (Not Further Specified),Primary,35
2013-06-30,Temporary Resident (Other Employment),422 Medical Practitioner,Temporary Resident - Other (Not Further Specified),Secondary,91
2013-06-30,Temporary Resident (Other Employment),423 Media And Film Staff,Entertainment,Primary,15
2013-06-30,Temporary Resident (Other Employment),423 Media And Film Staff,Entertainment,Secondary,10
2013-06-30,Temporary Resident (Other Employment),426 Domestic Worker (Temporary) - Diplomatic or Consular,Domestic Work (Diplomatic or Consular),Primary,123
2013-06-30,Temporary Resident (Other Employment),427 Domestic Worker (Temporary) - Executive,Domestic Work (Executive),Primary,14
2013-06-30,Temporary Resident (Other Employment),428 Religious Worker,Religious Work,Primary,1353
2013-06-30,Temporary Resident (Other Employment),428 Religious Worker,Religious Work,Secondary,745
2013-06-30,Temporary Resident (Other Employment),442 Occupational Trainee,Occupational Trainee,Primary,1135
2013-06-30,Temporary Resident (Other Employment),442 Occupational Trainee,Occupational Trainee,Secondary,331
2013-06-30,Temporary Resident (Other Employment),470 Professional Development,Temporary Resident - Other (Not Further Specified),Primary,316
2013-06-30,Temporary Resident (Other Employment),476 Skilled - Recognised Graduate,Temporary Resident - Other (Not Further Specified),Primary,368
2013-06-30,Temporary Resident (Other Employment),476 Skilled - Recognised Graduate,Temporary Resident - Other (Not Further Specified),Secondary,81
2013-06-30,Temporary Resident (Other Employment),995 Diplomatic (Temporary),Diplomatic,Primary,2289
2013-06-30,Temporary Resident (Other Employment),995 Diplomatic (Temporary),Diplomatic,Secondary,1671
2013-06-30,Temporary Resident (Skilled Employment),457 Temporary Work (Skilled),Temporary Work Skilled,Primary,107979
2013-06-30,Temporary Resident (Skilled Employment),457 Temporary Work (Skilled),Temporary Work Skilled,Secondary,83237
2013-06-30,Visitor,456 Business (Short Stay),Business,Primary,3117
2013-06-30,Visitor,456 Business (Short Stay),Business,Secondary,135
2013-06-30,Visitor,459 Sponsored Business Visitor (Short Stay),Business,Primary,1
2013-06-30,Visitor,600 Visitor,Business,Primary,3896
2013-06-30,Visitor,600 Visitor,Tourist,Primary,41184
2013-06-30,Visitor,601 Electronic Travel Authority,Business,Primary,2842
2013-06-30,Visitor,601 Electronic Travel Authority,Tourist,Primary,51161
2013-06-30,Visitor,651 eVisitor,Business,Primary,1787
2013-06-30,Visitor,651 eVisitor,Tourist,Primary,21786
2013-06-30,Visitor,676 Tourist,Tourist,Primary,54569
2013-06-30,Visitor,676 Tourist,Tourist,Secondary,71
2013-06-30,Visitor,679 Sponsored Family Visitor,Tourist,Primary,1847
2013-06-30,Visitor,679 Sponsored Family Visitor,Tourist,Secondary,460
2013-06-30,Visitor,956 Electronic Travel Authority (Business Entrant - Long Validity),Business,Primary,414
2013-06-30,Visitor,976 Electronic Travel Authority (Visitor),Tourist,Primary,14166
2013-06-30,Visitor,977 Electronic Travel Authority (Business Entrant - Short Validity),Business,Primary,1251
2013-06-30,Visitor,977 Electronic Travel Authority (Business Entrant - Short Validity),Business,Secondary,3
2013-06-30,Working Holiday Maker,417 Working Holiday,First Visa,Primary,123160
2013-06-30,Working Holiday Maker,417 Working Holiday,Second Visa,Primary,32165
2013-06-30,Working Holiday Maker,462 Work and Holiday,First Visa,Primary,5178
2013-09-30,Bridging,Bridging Visas,Bridging,Primary,82678
2013-09-30,Bridging,Bridging Visas,Bridging,Secondary,489
2013-09-30,Crew and Transit,488 Superyacht Crew,Superyacht Crew,Primary,55
2013-09-30,Crew and Transit,771 Transit,Transit,Primary,173
2013-09-30,Crew and Transit,988 Maritime Crew Visa,Maritime Crew,Primary,12233
2013-09-30,Crew and Transit,988 Maritime Crew Visa,Maritime Crew,Secondary,10
2013-09-30,Other Temporary,580 Student Guardian,Student Guardian,Primary,1645
2013-09-30,Other Temporary,580 Student Guardian,Student Guardian,Secondary,48
2013-09-30,Other Temporary,602 Medical Treatment,Medical stream,Primary,362
2013-09-30,Other Temporary,602 Medical Treatment,Medical stream,Secondary,3
2013-09-30,Other Temporary,675 Medical Treatment (Short Stay),Medical stream,Primary,26
2013-09-30,Other Temporary,685 Medical Treatment (Long Stay),Medical stream,Primary,289
2013-09-30,Other Temporary,685 Medical Treatment (Long Stay),Medical stream,Secondary,9
2013-09-30,Other Temporary,773 Border,Border,Primary,203
2013-09-30,Special Category,444 Special Category,Special Category (Not Further Specified),Primary,648200
2013-09-30,Student,560 Student,Higher Education Sector,Primary,2
2013-09-30,Student,560 Student,Higher Education Sector,Secondary,3
2013-09-30,Student,560 Student,Schools Sector,Primary,1
2013-09-30,Student,560 Student,Student (Not Further Specified),Primary,7
2013-09-30,Student,560 Student,Vocational Education and Training Sector,Primary,1
2013-09-30,Student,570 Independent ELICOS Sector,Independent ELICOS Sector,Primary,15452
2013-09-30,Student,570 Independent ELICOS Sector,Independent ELICOS Sector,Secondary,1579
2013-09-30,Student,571 Schools Sector,Schools Sector,Primary,14827
2013-09-30,Student,571 Schools Sector,Schools Sector,Secondary,9
2013-09-30,Student,572 Vocational Education and Training Sector,Vocational Education and Training Sector,Primary,55444
2013-09-30,Student,572 Vocational Education and Training Sector,Vocational Education and Training Sector,Secondary,13542
2013-09-30,Student,573 Higher Education Sector,Higher Education Sector,Primary,189068
2013-09-30,Student,573 Higher Education Sector,Higher Education Sector,Secondary,18014
2013-09-30,Student,574 Postgraduate Research Sector,Postgraduate Research Sector,Primary,13288
2013-09-30,Student,574 Postgraduate Research Sector,Postgraduate Research Sector,Secondary,8031
2013-09-30,Student,575 Non-Award Sector,Non-Award Sector,Primary,10384
2013-09-30,Student,575 Non-Award Sector,Non-Award Sector,Secondary,86
2013-09-30,Student,576 Foreign Affairs or Defence Sector,Foreign Affairs or Defence Sector,Primary,4345
2013-09-30,Student,576 Foreign Affairs or Defence Sector,Foreign Affairs or Defence Sector,Secondary,2879
2013-09-30,Temporary Graduate,485 Temporary Graduate,Post-Higher Education Work,Primary,3
2013-09-30,Temporary Graduate,485 Temporary Graduate,Post-Vocational Education Work,Primary,23304
2013-09-30,Temporary Graduate,485 Temporary Graduate,Post-Vocational Education Work,Secondary,7039
2013-09-30,Temporary Graduate,485 Temporary Graduate,Temporary Resident - Other (Not Further Specified),Primary,2
2013-09-30,Temporary Graduate,485 Temporary Graduate,Temporary Resident - Other (Not Further Specified),Secondary,1
2013-09-30,Temporary Protection,785 Temporary Protection,Onshore Protection (Not Further Specified),Primary,9
2013-09-30,Temporary Protection,785 Temporary Protection,Onshore Protection (Not Further Specified),Secondary,1
2013-09-30,Temporary Resident (Other Employment),400 Temporary Work (Short Stay Activity),Australia's Interest,Primary,15
2013-09-30,Temporary Resident (Other Employment),400 Temporary Work (Short Stay Activity),Highly Specialised Work,Primary,1264
2013-09-30,Temporary Resident (Other Employment),400 Temporary Work (Short Stay Activity),Highly Specialised Work,Secondary,39
2013-09-30,Temporary Resident (Other Employment),400 Temporary Work (Short Stay Activity),Invited Participant,Primary,205
2013-09-30,Temporary Resident (Other Employment),400 Temporary Work (Short Stay Activity),Invited Participant,Secondary,6
2013-09-30,Temporary Resident (Other Employment),401 Temporary Work (Long Stay Activity),Domestic Work (Executive),Primary,3
2013-09-30,Temporary Resident (Other Employment),401 Temporary Work (Long Stay Activity),Exchange Arrangements,Primary,39
2013-09-30,Temporary Resident (Other Employment),401 Temporary Work (Long Stay Activity),Exchange Arrangements,Secondary,27
2013-09-30,Temporary Resident (Other Employment),401 Temporary Work (Long Stay Activity),Religious Work,Primary,743
2013-09-30,Temporary Resident (Other Employment),401 Temporary Work (Long Stay Activity),Religious Work,Secondary,325
2013-09-30,Temporary Resident (Other Employment),401 Temporary Work (Long Stay Activity),Sporting Activities,Primary,178
2013-09-30,Temporary Resident (Other Employment),401 Temporary Work (Long Stay Activity),Sporting Activities,Secondary,66
2013-09-30,Temporary Resident (Other Employment),402 Training and Research,Occupational Trainee,Primary,1306
2013-09-30,Temporary Resident (Other Employment),402 Training and Research,Occupational Trainee,Secondary,304
2013-09-30,Temporary Resident (Other Employment),402 Training and Research,Professional Development,Primary,256
2013-09-30,Temporary Resident (Other Employment),402 Training and Research,Research Activities,Primary,745
2013-09-30,Temporary Resident (Other Employment),402 Training and Research,Research Activities,Secondary,473
2013-09-30,Temporary Resident (Other Employment),403 Temporary Work (International Relations),Domestic Work (Diplomatic or Consular),Primary,55
2013-09-30,Temporary Resident (Other Employment),403 Temporary Work (International Relations),Foreign Government Agency,Primary,148
2013-09-30,Temporary Resident (Other Employment),403 Temporary Work (International Relations),Foreign Government Agency,Secondary,72
2013-09-30,Temporary Resident (Other Employment),403 Temporary Work (International Relations),Government Agreement,Primary,221
2013-09-30,Temporary Resident (Other Employment),403 Temporary Work (International Relations),Government Agreement,Secondary,75
2013-09-30,Temporary Resident (Other Employment),403 Temporary Work (International Relations),Privileges and immunities,Primary,12
2013-09-30,Temporary Resident (Other Employment),403 Temporary Work (International Relations),Privileges and immunities,Secondary,14
2013-09-30,Temporary Resident (Other Employment),405 Investor Retirement,Temporary Resident - Other (Not Further Specified),Primary,134
2013-09-30,Temporary Resident (Other Employment),405 Investor Retirement,Temporary Resident - Other (Not Further Specified),Secondary,101
2013-09-30,Temporary Resident (Other Employment),406 Government Agreement,Government Agreement,Primary,217
2013-09-30,Temporary Resident (Other Employment),406 Government Agreement,Government Agreement,Secondary,221
2013-09-30,Temporary Resident (Other Employment),410 Retirement,Temporary Resident - Other (Not Further Specified),Primary,2103
2013-09-30,Temporary Resident (Other Employment),410 Retirement,Temporary Resident - Other (Not Further Specified),Secondary,1304
2013-09-30,Temporary Resident (Other Employment),411 Exchange,Exchange Arrangements,Primary,47
2013-09-30,Temporary Resident (Other Employment),411 Exchange,Exchange Arrangements,Secondary,64
2013-09-30,Temporary Resident (Other Employment),415 Foreign Government Agency,Foreign Government Agency,Primary,122
2013-09-30,Temporary Resident (Other Employment),415 Foreign Government Agency,Foreign Government Agency,Secondary,148
2013-09-30,Temporary Resident (Other Employment),416 Special Program,Seasonal Worker Program,Primary,757
2013-09-30,Temporary Resident (Other Employment),416 Special Program,Special Programs,Primary,1059
2013-09-30,Temporary Resident (Other Employment),416 Special Program,Special Programs,Secondary,12
2013-09-30,Temporary Resident (Other Employment),419 Visiting Academic,Temporary Resident - Other (Not Further Specified),Primary,177
2013-09-30,Temporary Resident (Other Employment),419 Visiting Academic,Temporary Resident - Other (Not Further Specified),Secondary,148
2013-09-30,Temporary Resident (Other Employment),420 Temporary Work (Entertainment),Entertainment,Primary,1135
2013-09-30,Temporary Resident (Other Employment),420 Temporary Work (Entertainment),Entertainment,Secondary,17
2013-09-30,Temporary Resident (Other Employment),421 Sport,Sporting Activities,Primary,106
2013-09-30,Temporary Resident (Other Employment),421 Sport,Sporting Activities,Secondary,37
2013-09-30,Temporary Resident (Other Employment),422 Medical Practitioner,Temporary Resident - Other (Not Further Specified),Primary,23
2013-09-30,Temporary Resident (Other Employment),422 Medical Practitioner,Temporary Resident - Other (Not Further Specified),Secondary,57
2013-09-30,Temporary Resident (Other Employment),423 Media And Film Staff,Entertainment,Primary,15
2013-09-30,Temporary Resident (Other Employment),423 Media And Film Staff,Entertainment,Secondary,9
2013-09-30,Temporary Resident (Other Employment),426 Domestic Worker (Temporary) - Diplomatic or Consular,Domestic Work (Diplomatic or Consular),Primary,103
2013-09-30,Temporary Resident (Other Employment),427 Domestic Worker (Temporary) - Executive,Domestic Work (Executive),Primary,14
2013-09-30,Temporary Resident (Other Employment),428 Religious Worker,Religious Work,Primary,1070
2013-09-30,Temporary Resident (Other Employment),428 Religious Worker,Religious Work,Secondary,565
2013-09-30,Temporary Resident (Other Employment),442 Occupational Trainee,Occupational Trainee,Primary,698
2013-09-30,Temporary Resident (Other Employment),442 Occupational Trainee,Occupational Trainee,Secondary,197
2013-09-30,Temporary Resident (Other Employment),470 Professional Development,Temporary Resident - Other (Not Further Specified),Primary,227
2013-09-30,Temporary Resident (Other Employment),476 Skilled - Recognised Graduate,Temporary Resident - Other (Not Further Specified),Primary,415
2013-09-30,Temporary Resident (Other Employment),476 Skilled - Recognised Graduate,Temporary Resident - Other (Not Further Specified),Secondary,84
2013-09-30,Temporary Resident (Other Employment),995 Diplomatic (Temporary),Diplomatic,Primary,2326
2013-09-30,Temporary Resident (Other Employment),995 Diplomatic (Temporary),Diplomatic,Secondary,1806
2013-09-30,Temporary Resident (Skilled Employment),457 Temporary Work (Skilled),Temporary Work Skilled,Primary,110287
2013-09-30,Temporary Resident (Skilled Employment),457 Temporary Work (Skilled),Temporary Work Skilled,Secondary,86159
2013-09-30,Visitor,456 Business (Short Stay),Business,Primary,2205
2013-09-30,Visitor,456 Business (Short Stay),Business,Secondary,74
2013-09-30,Visitor,600 Visitor,Business,Primary,4362
2013-09-30,Visitor,600 Visitor,Tourist,Primary,73122
2013-09-30,Visitor,601 Electronic Travel Authority,Business,Primary,3807
2013-09-30,Visitor,601 Electronic Travel Authority,Tourist,Primary,55118
2013-09-30,Visitor,651 eVisitor,Business,Primary,1678
2013-09-30,Visitor,651 eVisitor,Tourist,Primary,20425
2013-09-30,Visitor,676 Tourist,Tourist,Primary,30640
2013-09-30,Visitor,676 Tourist,Tourist,Secondary,15
2013-09-30,Visitor,679 Sponsored Family Visitor,Tourist,Primary,943
2013-09-30,Visitor,679 Sponsored Family Visitor,Tourist,Secondary,247
2013-09-30,Visitor,956 Electronic Travel Authority (Business Entrant - Long Validity),Business,Primary,383
2013-09-30,Visitor,976 Electronic Travel Authority (Visitor),Tourist,Primary,6061
2013-09-30,Visitor,977 Electronic Travel Authority (Business Entrant - Short Validity),Business,Primary,768
2013-09-30,Working Holiday Maker,417 Working Holiday,First Visa,Primary,127282
2013-09-30,Working Holiday Maker,417 Working Holiday,Second Visa,Primary,33500
2013-09-30,Working Holiday Maker,462 Work and Holiday,First Visa,Primary,5476
2013-12-31,Bridging,Bridging Visas,Bridging,Primary,69240
2013-12-31,Bridging,Bridging Visas,Bridging,Secondary,354
2013-12-31,Crew and Transit,488 Superyacht Crew,Superyacht Crew,Primary,64
2013-12-31,Crew and Transit,771 Transit,Transit,Primary,96
2013-12-31,Crew and Transit,988 Maritime Crew Visa,Maritime Crew,Primary,18842
2013-12-31,Other Temporary,580 Student Guardian,Student Guardian,Primary,1197
2013-12-31,Other Temporary,580 Student Guardian,Student Guardian,Secondary,41
2013-12-31,Other Temporary,602 Medical Treatment,Medical stream,Primary,333
2013-12-31,Other Temporary,602 Medical Treatment,Medical stream,Secondary,3
2013-12-31,Other Temporary,675 Medical Treatment (Short Stay),Medical stream,Primary,19
2013-12-31,Other Temporary,685 Medical Treatment (Long Stay),Medical stream,Primary,238
2013-12-31,Other Temporary,685 Medical Treatment (Long Stay),Medical stream,Secondary,8
2013-12-31,Other Temporary,773 Border,Border,Primary,158
2013-12-31,Special Category,444 Special Category,Special Category (Not Further Specified),Primary,625366
2013-12-31,Student,560 Student,Higher Education Sector,Primary,2
2013-12-31,Student,560 Student,Higher Education Sector,Secondary,3
2013-12-31,Student,560 Student,Schools Sector,Primary,1
2013-12-31,Student,560 Student,Student (Not Further Specified),Primary,7
2013-12-31,Student,560 Student,Vocational Education and Training Sector,Primary,1
2013-12-31,Student,570 Independent ELICOS Sector,Independent ELICOS Sector,Primary,14587
2013-12-31,Student,570 Independent ELICOS Sector,Independent ELICOS Sector,Secondary,1471
2013-12-31,Student,571 Schools Sector,Schools Sector,Primary,5597
2013-12-31,Student,571 Schools Sector,Schools Sector,Secondary,6
2013-12-31,Student,572 Vocational Education and Training Sector,Vocational Education and Training Sector,Primary,51541
2013-12-31,Student,572 Vocational Education and Training Sector,Vocational Education and Training Sector,Secondary,12895
2013-12-31,Student,573 Higher Education Sector,Higher Education Sector,Primary,127784
2013-12-31,Student,573 Higher Education Sector,Higher Education Sector,Secondary,16593
2013-12-31,Student,574 Postgraduate Research Sector,Postgraduate Research Sector,Primary,10795
2013-12-31,Student,574 Postgraduate Research Sector,Postgraduate Research Sector,Secondary,7138
2013-12-31,Student,575 Non-Award Sector,Non-Award Sector,Primary,4602
2013-12-31,Student,575 Non-Award Sector,Non-Award Sector,Secondary,80
2013-12-31,Student,576 Foreign Affairs or Defence Sector,Foreign Affairs or Defence Sector,Primary,2194
2013-12-31,Student,576 Foreign Affairs or Defence Sector,Foreign Affairs or Defence Sector,Secondary,2484
2013-12-31,Temporary Graduate,485 Temporary Graduate,Post-Higher Education Work,Primary,18
2013-12-31,Temporary Graduate,485 Temporary Graduate,Post-Higher Education Work,Secondary,4
2013-12-31,Temporary Graduate,485 Temporary Graduate,Post-Vocational Education Work,Primary,18910
2013-12-31,Temporary Graduate,485 Temporary Graduate,Post-Vocational Education Work,Secondary,5730
2013-12-31,Temporary Graduate,485 Temporary Graduate,Temporary Resident - Other (Not Further Specified),Primary,1
2013-12-31,Temporary Protection,785 Temporary Protection,Onshore Protection (Not Further Specified),Primary,29
2013-12-31,Temporary Protection,785 Temporary Protection,Onshore Protection (Not Further Specified),Secondary,3
2013-12-31,Temporary Resident (Other Employment),400 Temporary Work (Short Stay Activity),Australia's Interest,Primary,2
2013-12-31,Temporary Resident (Other Employment),400 Temporary Work (Short Stay Activity),Highly Specialised Work,Primary,1081
2013-12-31,Temporary Resident (Other Employment),400 Temporary Work (Short Stay Activity),Highly Specialised Work,Secondary,45
2013-12-31,Temporary Resident (Other Employment),400 Temporary Work (Short Stay Activity),Invited Participant,Primary,231
2013-12-31,Temporary Resident (Other Employment),400 Temporary Work (Short Stay Activity),Invited Participant,Secondary,4
2013-12-31,Temporary Resident (Other Employment),401 Temporary Work (Long Stay Activity),Domestic Work (Executive),Primary,4
2013-12-31,Temporary Resident (Other Employment),401 Temporary Work (Long Stay Activity),Exchange Arrangements,Primary,50
2013-12-31,Temporary Resident (Other Employment),401 Temporary Work (Long Stay Activity),Exchange Arrangements,Secondary,39
2013-12-31,Temporary Resident (Other Employment),401 Temporary Work (Long Stay Activity),Religious Work,Primary,1047
2013-12-31,Temporary Resident (Other Employment),401 Temporary Work (Long Stay Activity),Religious Work,Secondary,426
2013-12-31,Temporary Resident (Other Employment),401 Temporary Work (Long Stay Activity),Sporting Activities,Primary,310
2013-12-31,Temporary Resident (Other Employment),401 Temporary Work (Long Stay Activity),Sporting Activities,Secondary,93
2013-12-31,Temporary Resident (Other Employment),402 Training and Research,Occupational Trainee,Primary,1419
2013-12-31,Temporary Resident (Other Employment),402 Training and Research,Occupational Trainee,Secondary,326
2013-12-31,Temporary Resident (Other Employment),402 Training and Research,Professional Development,Primary,260
2013-12-31,Temporary Resident (Other Employment),402 Training and Research,Research Activities,Primary,837
2013-12-31,Temporary Resident (Other Employment),402 Training and Research,Research Activities,Secondary,576
2013-12-31,Temporary Resident (Other Employment),403 Temporary Work (International Relations),Domestic Work (Diplomatic or Consular),Primary,58
2013-12-31,Temporary Resident (Other Employment),403 Temporary Work (International Relations),Foreign Government Agency,Primary,123
2013-12-31,Temporary Resident (Other Employment),403 Temporary Work (International Relations),Foreign Government Agency,Secondary,83
2013-12-31,Temporary Resident (Other Employment),403 Temporary Work (International Relations),Government Agreement,Primary,135
2013-12-31,Temporary Resident (Other Employment),403 Temporary Work (International Relations),Government Agreement,Secondary,83
2013-12-31,Temporary Resident (Other Employment),403 Temporary Work (International Relations),Privileges and immunities,Primary,18
2013-12-31,Temporary Resident (Other Employment),403 Temporary Work (International Relations),Privileges and immunities,Secondary,23
2013-12-31,Temporary Resident (Other Employment),405 Investor Retirement,Temporary Resident - Other (Not Further Specified),Primary,148
2013-12-31,Temporary Resident (Other Employment),405 Investor Retirement,Temporary Resident - Other (Not Further Specified),Secondary,113
2013-12-31,Temporary Resident (Other Employment),406 Government Agreement,Government Agreement,Primary,154
2013-12-31,Temporary Resident (Other Employment),406 Government Agreement,Government Agreement,Secondary,185
2013-12-31,Temporary Resident (Other Employment),410 Retirement,Temporary Resident - Other (Not Further Specified),Primary,2271
2013-12-31,Temporary Resident (Other Employment),410 Retirement,Temporary Resident - Other (Not Further Specified),Secondary,1457
2013-12-31,Temporary Resident (Other Employment),411 Exchange,Exchange Arrangements,Primary,22
2013-12-31,Temporary Resident (Other Employment),411 Exchange,Exchange Arrangements,Secondary,25
2013-12-31,Temporary Resident (Other Employment),415 Foreign Government Agency,Foreign Government Agency,Primary,92
2013-12-31,Temporary Resident (Other Employment),415 Foreign Government Agency,Foreign Government Agency,Secondary,123
2013-12-31,Temporary Resident (Other Employment),416 Special Program,Seasonal Worker Program,Primary,708
2013-12-31,Temporary Resident (Other Employment),416 Special Program,Special Programs,Primary,790
2013-12-31,Temporary Resident (Other Employment),416 Special Program,Special Programs,Secondary,12
2013-12-31,Temporary Resident (Other Employment),419 Visiting Academic,Temporary Resident - Other (Not Further Specified),Primary,69
2013-12-31,Temporary Resident (Other Employment),419 Visiting Academic,Temporary Resident - Other (Not Further Specified),Secondary,65
2013-12-31,Temporary Resident (Other Employment),420 Temporary Work (Entertainment),Entertainment,Primary,798
2013-12-31,Temporary Resident (Other Employment),420 Temporary Work (Entertainment),Entertainment,Secondary,21
2013-12-31,Temporary Resident (Other Employment),421 Sport,Sporting Activities,Primary,59
2013-12-31,Temporary Resident (Other Employment),421 Sport,Sporting Activities,Secondary,30
2013-12-31,Temporary Resident (Other Employment),422 Medical Practitioner,Temporary Resident - Other (Not Further Specified),Primary,9
2013-12-31,Temporary Resident (Other Employment),422 Medical Practitioner,Temporary Resident - Other (Not Further Specified),Secondary,31
2013-12-31,Temporary Resident (Other Employment),423 Media And Film Staff,Entertainment,Primary,13
2013-12-31,Temporary Resident (Other Employment),423 Media And Film Staff,Entertainment,Secondary,3
2013-12-31,Temporary Resident (Other Employment),426 Domestic Worker (Temporary) - Diplomatic or Consular,Domestic Work (Diplomatic or Consular),Primary,74
2013-12-31,Temporary Resident (Other Employment),427 Domestic Worker (Temporary) - Executive,Domestic Work (Executive),Primary,7
2013-12-31,Temporary Resident (Other Employment),428 Religious Worker,Religious Work,Primary,801
2013-12-31,Temporary Resident (Other Employment),428 Religious Worker,Religious Work,Secondary,434
2013-12-31,Temporary Resident (Other Employment),442 Occupational Trainee,Occupational Trainee,Primary,346
2013-12-31,Temporary Resident (Other Employment),442 Occupational Trainee,Occupational Trainee,Secondary,128
2013-12-31,Temporary Resident (Other Employment),470 Professional Development,Temporary Resident - Other (Not Further Specified),Primary,138
2013-12-31,Temporary Resident (Other Employment),476 Skilled - Recognised Graduate,Temporary Resident - Other (Not Further Specified),Primary,428
2013-12-31,Temporary Resident (Other Employment),476 Skilled - Recognised Graduate,Temporary Resident - Other (Not Further Specified),Secondary,92
2013-12-31,Temporary Resident (Other Employment),995 Diplomatic (Temporary),Diplomatic,Primary,2161
2013-12-31,Temporary Resident (Other Employment),995 Diplomatic (Temporary),Diplomatic,Secondary,1719
2013-12-31,Temporary Resident (Skilled Employment),457 Temporary Work (Skilled),Temporary Work Skilled,Primary,90781
2013-12-31,Temporary Resident (Skilled Employment),457 Temporary Work (Skilled),Temporary Work Skilled,Secondary,78287
2013-12-31,Visitor,456 Business (Short Stay),Business,Primary,1907
2013-12-31,Visitor,456 Business (Short Stay),Business,Secondary,115
2013-12-31,Visitor,600 Visitor,Business,Primary,1940
2013-12-31,Visitor,600 Visitor,Tourist,Primary,144317
2013-12-31,Visitor,601 Electronic Travel Authority,Business,Primary,1973
2013-12-31,Visitor,601 Electronic Travel Authority,Tourist,Primary,170052
2013-12-31,Visitor,651 eVisitor,Business,Primary,1339
2013-12-31,Visitor,651 eVisitor,Tourist,Primary,92556
2013-12-31,Visitor,676 Tourist,Tourist,Primary,22605
2013-12-31,Visitor,676 Tourist,Tourist,Secondary,11
2013-12-31,Visitor,679 Sponsored Family Visitor,Tourist,Primary,529
2013-12-31,Visitor,679 Sponsored Family Visitor,Tourist,Secondary,142
2013-12-31,Visitor,956 Electronic Travel Authority (Business Entrant - Long Validity),Business,Primary,333
2013-12-31,Visitor,976 Electronic Travel Authority (Visitor),Tourist,Primary,5372
2013-12-31,Visitor,977 Electronic Travel Authority (Business Entrant - Short Validity),Business,Primary,286
2013-12-31,Visitor,977 Electronic Travel Authority (Business Entrant - Short Validity),Business,Secondary,1
2013-12-31,Working Holiday Maker,417 Working Holiday,First Visa,Primary,138301
2013-12-31,Working Holiday Maker,417 Working Holiday,Second Visa,Primary,34807
2013-12-31,Working Holiday Maker,462 Work and Holiday,First Visa,Primary,5874
2014-03-31,Bridging,Bridging Visas,Bridging,Primary,83085
2014-03-31,Bridging,Bridging Visas,Bridging,Secondary,618
2014-03-31,Crew and Transit,488 Superyacht Crew,Superyacht Crew,Primary,56
2014-03-31,Crew and Transit,771 Transit,Transit,Primary,195
2014-03-31,Crew and Transit,988 Maritime Crew Visa,Maritime Crew,Primary,16345
2014-03-31,Other Temporary,580 Student Guardian,Student Guardian,Primary,1763
2014-03-31,Other Temporary,580 Student Guardian,Student Guardian,Secondary,57
2014-03-31,Other Temporary,602 Medical Treatment,Medical stream,Primary,379
2014-03-31,Other Temporary,602 Medical Treatment,Medical stream,Secondary,4
2014-03-31,Other Temporary,675 Medical Treatment (Short Stay),Medical stream,Primary,21
2014-03-31,Other Temporary,685 Medical Treatment (Long Stay),Medical stream,Primary,213
2014-03-31,Other Temporary,685 Medical Treatment (Long Stay),Medical stream,Secondary,9
2014-03-31,Other Temporary,773 Border,Border,Primary,186
2014-03-31,Special Category,444 Special Category,Special Category (Not Further Specified),Primary,644890
2014-03-31,Student,560 Student,Higher Education Sector,Primary,2
2014-03-31,Student,560 Student,Higher Education Sector,Secondary,3
2014-03-31,Student,560 Student,Schools Sector,Primary,1
2014-03-31,Student,560 Student,Student (Not Further Specified),Primary,7
2014-03-31,Student,560 Student,Vocational Education and Training Sector,Primary,1
2014-03-31,Student,570 Independent ELICOS Sector,Independent ELICOS Sector,Primary,16261
2014-03-31,Student,570 Independent ELICOS Sector,Independent ELICOS Sector,Secondary,1561
2014-03-31,Student,571 Schools Sector,Schools Sector,Primary,14464
2014-03-31,Student,571 Schools Sector,Schools Sector,Secondary,9
2014-03-31,Student,572 Vocational Education and Training Sector,Vocational Education and Training Sector,Primary,55765
2014-03-31,Student,572 Vocational Education and Training Sector,Vocational Education and Training Sector,Secondary,13057
2014-03-31,Student,573 Higher Education Sector,Higher Education Sector,Primary,203632
2014-03-31,Student,573 Higher Education Sector,Higher Education Sector,Secondary,19470
2014-03-31,Student,574 Postgraduate Research Sector,Postgraduate Research Sector,Primary,14143
2014-03-31,Student,574 Postgraduate Research Sector,Postgraduate Research Sector,Secondary,8492
2014-03-31,Student,575 Non-Award Sector,Non-Award Sector,Primary,12542
2014-03-31,Student,575 Non-Award Sector,Non-Award Sector,Secondary,77
2014-03-31,Student,576 Foreign Affairs or Defence Sector,Foreign Affairs or Defence Sector,Primary,4507
2014-03-31,Student,576 Foreign Affairs or Defence Sector,Foreign Affairs or Defence Sector,Secondary,2918
2014-03-31,Temporary Graduate,485 Temporary Graduate,Post-Higher Education Work,Primary,400
2014-03-31,Temporary Graduate,485 Temporary Graduate,Post-Higher Education Work,Secondary,57
2014-03-31,Temporary Graduate,485 Temporary Graduate,Post-Vocational Education Work,Primary,19202
2014-03-31,Temporary Graduate,485 Temporary Graduate,Post-Vocational Education Work,Secondary,5447
2014-03-31,Temporary Protection,785 Temporary Protection,Onshore Protection (Not Further Specified),Primary,29
2014-03-31,Temporary Protection,785 Temporary Protection,Onshore Protection (Not Further Specified),Secondary,4
2014-03-31,Temporary Protection,786 Temporary (Humanitarian Concern),Onshore Protection (Not Further Specified),Primary,72
2014-03-31,Temporary Protection,786 Temporary (Humanitarian Concern),Onshore Protection (Not Further Specified),Secondary,3
2014-03-31,Temporary Resident (Other Employment),400 Temporary Work (Short Stay Activity),Australia's Interest,Primary,2
2014-03-31,Temporary Resident (Other Employment),400 Temporary Work (Short Stay Activity),Highly Specialised Work,Primary,1882
2014-03-31,Temporary Resident (Other Employment),400 Temporary Work (Short Stay Activity),Highly Specialised Work,Secondary,48
2014-03-31,Temporary Resident (Other Employment),400 Temporary Work (Short Stay Activity),Invited Participant,Primary,172
2014-03-31,Temporary Resident (Other Employment),400 Temporary Work (Short Stay Activity),Invited Participant,Secondary,5
2014-03-31,Temporary Resident (Other Employment),401 Temporary Work (Long Stay Activity),Domestic Work (Executive),Primary,7
2014-03-31,Temporary Resident (Other Employment),401 Temporary Work (Long Stay Activity),Exchange Arrangements,Primary,93
2014-03-31,Temporary Resident (Other Employment),401 Temporary Work (Long Stay Activity),Exchange Arrangements,Secondary,104
2014-03-31,Temporary Resident (Other Employment),401 Temporary Work (Long Stay Activity),Religious Work,Primary,1352
2014-03-31,Temporary Resident (Other Employment),401 Temporary Work (Long Stay Activity),Religious Work,Secondary,541
2014-03-31,Temporary Resident (Other Employment),401 Temporary Work (Long Stay Activity),Sporting Activities,Primary,341
2014-03-31,Temporary Resident (Other Employment),401 Temporary Work (Long Stay Activity),Sporting Activities,Secondary,114
2014-03-31,Temporary Resident (Other Employment),402 Training and Research,Occupational Trainee,Primary,1836
2014-03-31,Temporary Resident (Other Employment),402 Training and Research,Occupational Trainee,Secondary,405
2014-03-31,Temporary Resident (Other Employment),402 Training and Research,Professional Development,Primary,361
2014-03-31,Temporary Resident (Other Employment),402 Training and Research,Research Activities,Primary,990
2014-03-31,Temporary Resident (Other Employment),402 Training and Research,Research Activities,Secondary,686
2014-03-31,Temporary Resident (Other Employment),403 Temporary Work (International Relations),Domestic Work (Diplomatic or Consular),Primary,90
2014-03-31,Temporary Resident (Other Employment),403 Temporary Work (International Relations),Foreign Government Agency,Primary,180
2014-03-31,Temporary Resident (Other Employment),403 Temporary Work (International Relations),Foreign Government Agency,Secondary,113
2014-03-31,Temporary Resident (Other Employment),403 Temporary Work (International Relations),Government Agreement,Primary,201
2014-03-31,Temporary Resident (Other Employment),403 Temporary Work (International Relations),Government Agreement,Secondary,143
2014-03-31,Temporary Resident (Other Employment),403 Temporary Work (International Relations),Privileges and immunities,Primary,23
2014-03-31,Temporary Resident (Other Employment),403 Temporary Work (International Relations),Privileges and immunities,Secondary,19
2014-03-31,Temporary Resident (Other Employment),405 Investor Retirement,Temporary Resident - Other (Not Further Specified),Primary,144
2014-03-31,Temporary Resident (Other Employment),405 Investor Retirement,Temporary Resident - Other (Not Further Specified),Secondary,108
2014-03-31,Temporary Resident (Other Employment),406 Government Agreement,Government Agreement,Primary,136
2014-03-31,Temporary Resident (Other Employment),406 Government Agreement,Government Agreement,Secondary,174
2014-03-31,Temporary Resident (Other Employment),410 Retirement,Temporary Resident - Other (Not Further Specified),Primary,2199
2014-03-31,Temporary Resident (Other Employment),410 Retirement,Temporary Resident - Other (Not Further Specified),Secondary,1391
2014-03-31,Temporary Resident (Other Employment),411 Exchange,Exchange Arrangements,Primary,5
2014-03-31,Temporary Resident (Other Employment),411 Exchange,Exchange Arrangements,Secondary,5
2014-03-31,Temporary Resident (Other Employment),415 Foreign Government Agency,Foreign Government Agency,Primary,97
2014-03-31,Temporary Resident (Other Employment),415 Foreign Government Agency,Foreign Government Agency,Secondary,136
2014-03-31,Temporary Resident (Other Employment),416 Special Program,Seasonal Worker Program,Primary,859
2014-03-31,Temporary Resident (Other Employment),416 Special Program,Special Programs,Primary,1197
2014-03-31,Temporary Resident (Other Employment),416 Special Program,Special Programs,Secondary,10
2014-03-31,Temporary Resident (Other Employment),419 Visiting Academic,Temporary Resident - Other (Not Further Specified),Primary,19
2014-03-31,Temporary Resident (Other Employment),419 Visiting Academic,Temporary Resident - Other (Not Further Specified),Secondary,15
2014-03-31,Temporary Resident (Other Employment),420 Temporary Work (Entertainment),Entertainment,Primary,708
2014-03-31,Temporary Resident (Other Employment),420 Temporary Work (Entertainment),Entertainment,Secondary,37
2014-03-31,Temporary Resident (Other Employment),421 Sport,Sporting Activities,Primary,53
2014-03-31,Temporary Resident (Other Employment),421 Sport,Sporting Activities,Secondary,27
2014-03-31,Temporary Resident (Other Employment),422 Medical Practitioner,Temporary Resident - Other (Not Further Specified),Primary,4
2014-03-31,Temporary Resident (Other Employment),422 Medical Practitioner,Temporary Resident - Other (Not Further Specified),Secondary,12
2014-03-31,Temporary Resident (Other Employment),423 Media And Film Staff,Entertainment,Primary,13
2014-03-31,Temporary Resident (Other Employment),423 Media And Film Staff,Entertainment,Secondary,6
2014-03-31,Temporary Resident (Other Employment),426 Domestic Worker (Temporary) - Diplomatic or Consular,Domestic Work (Diplomatic or Consular),Primary,75
2014-03-31,Temporary Resident (Other Employment),427 Domestic Worker (Temporary) - Executive,Domestic Work (Executive),Primary,9
2014-03-31,Temporary Resident (Other Employment),428 Religious Worker,Religious Work,Primary,587
2014-03-31,Temporary Resident (Other Employment),428 Religious Worker,Religious Work,Secondary,311
2014-03-31,Temporary Resident (Other Employment),430 Supported Dependant,Temporary Resident - Other (Not Further Specified),Secondary,1
2014-03-31,Temporary Resident (Other Employment),442 Occupational Trainee,Occupational Trainee,Primary,240
2014-03-31,Temporary Resident (Other Employment),442 Occupational Trainee,Occupational Trainee,Secondary,59
2014-03-31,Temporary Resident (Other Employment),470 Professional Development,Temporary Resident - Other (Not Further Specified),Primary,68
2014-03-31,Temporary Resident (Other Employment),476 Skilled - Recognised Graduate,Temporary Resident - Other (Not Further Specified),Primary,634
2014-03-31,Temporary Resident (Other Employment),476 Skilled - Recognised Graduate,Temporary Resident - Other (Not Further Specified),Secondary,126
2014-03-31,Temporary Resident (Other Employment),995 Diplomatic (Temporary),Diplomatic,Primary,2370
2014-03-31,Temporary Resident (Other Employment),995 Diplomatic (Temporary),Diplomatic,Secondary,1942
2014-03-31,Temporary Resident (Skilled Employment),457 Temporary Work (Skilled),Temporary Work Skilled,Primary,111781
2014-03-31,Temporary Resident (Skilled Employment),457 Temporary Work (Skilled),Temporary Work Skilled,Secondary,89777
2014-03-31,Visitor,456 Business (Short Stay),Business,Primary,1468
2014-03-31,Visitor,456 Business (Short Stay),Business,Secondary,31
2014-03-31,Visitor,600 Visitor,Business,Primary,4473
2014-03-31,Visitor,600 Visitor,Tourist,Primary,101452
2014-03-31,Visitor,601 Electronic Travel Authority,Business,Primary,5465
2014-03-31,Visitor,601 Electronic Travel Authority,Tourist,Primary,73591
2014-03-31,Visitor,651 eVisitor,Business,Primary,2250
2014-03-31,Visitor,651 eVisitor,Tourist,Primary,34290
2014-03-31,Visitor,676 Tourist,Tourist,Primary,9569
2014-03-31,Visitor,676 Tourist,Tourist,Secondary,7
2014-03-31,Visitor,679 Sponsored Family Visitor,Tourist,Primary,192
2014-03-31,Visitor,679 Sponsored Family Visitor,Tourist,Secondary,51
2014-03-31,Visitor,956 Electronic Travel Authority (Business Entrant - Long Validity),Business,Primary,327
2014-03-31,Visitor,976 Electronic Travel Authority (Visitor),Tourist,Primary,288
2014-03-31,Visitor,977 Electronic Travel Authority (Business Entrant - Short Validity),Business,Primary,40
2014-03-31,Working Holiday Maker,417 Working Holiday,First Visa,Primary,129500
2014-03-31,Working Holiday Maker,417 Working Holiday,Second Visa,Primary,38334
2014-03-31,Working Holiday Maker,462 Work and Holiday,First Visa,Primary,6376
2014-06-30,Bridging,Bridging Visas,Bridging,Primary,67325
2014-06-30,Bridging,Bridging Visas,Bridging,Secondary,432
2014-06-30,Crew and Transit,488 Superyacht Crew,Superyacht Crew,Primary,54
2014-06-30,Crew and Transit,771 Transit,Transit,Primary,192
2014-06-30,Crew and Transit,988 Maritime Crew Visa,Maritime Crew,Primary,11498
2014-06-30,Other Temporary,580 Student Guardian,Student Guardian,Primary,1584
2014-06-30,Other Temporary,580 Student Guardian,Student Guardian,Secondary,44
2014-06-30,Other Temporary,602 Medical Treatment,Medical stream,Primary,394
2014-06-30,Other Temporary,602 Medical Treatment,Medical stream,Secondary,8
2014-06-30,Other Temporary,675 Medical Treatment (Short Stay),Medical stream,Primary,17
2014-06-30,Other Temporary,685 Medical Treatment (Long Stay),Medical stream,Primary,203
2014-06-30,Other Temporary,685 Medical Treatment (Long Stay),Medical stream,Secondary,9
2014-06-30,Other Temporary,773 Border,Border,Primary,170
2014-06-30,Special Category,444 Special Category,Special Category (Not Further Specified),Primary,649085
2014-06-30,Student,560 Student,Higher Education Sector,Primary,2
2014-06-30,Student,560 Student,Higher Education Sector,Secondary,3
2014-06-30,Student,560 Student,Schools Sector,Primary,1
2014-06-30,Student,560 Student,Student (Not Further Specified),Primary,7
2014-06-30,Student,560 Student,Vocational Education and Training Sector,Primary,1
2014-06-30,Student,570 Independent ELICOS Sector,Independent ELICOS Sector,Primary,16091
2014-06-30,Student,570 Independent ELICOS Sector,Independent ELICOS Sector,Secondary,1541
2014-06-30,Student,571 Schools Sector,Schools Sector,Primary,10541
2014-06-30,Student,571 Schools Sector,Schools Sector,Secondary,4
2014-06-30,Student,572 Vocational Education and Training Sector,Vocational Education and Training Sector,Primary,56858
2014-06-30,Student,572 Vocational Education and Training Sector,Vocational Education and Training Sector,Secondary,13710
2014-06-30,Student,573 Higher Education Sector,Higher Education Sector,Primary,182245
2014-06-30,Student,573 Higher Education Sector,Higher Education Sector,Secondary,20942
2014-06-30,Student,574 Postgraduate Research Sector,Postgraduate Research Sector,Primary,13513
2014-06-30,Student,574 Postgraduate Research Sector,Postgraduate Research Sector,Secondary,8508
2014-06-30,Student,575 Non-Award Sector,Non-Award Sector,Primary,8115
2014-06-30,Student,575 Non-Award Sector,Non-Award Sector,Secondary,70
2014-06-30,Student,576 Foreign Affairs or Defence Sector,Foreign Affairs or Defence Sector,Primary,4429
2014-06-30,Student,576 Foreign Affairs or Defence Sector,Foreign Affairs or Defence Sector,Secondary,3180
2014-06-30,Temporary Graduate,485 Temporary Graduate,Post-Higher Education Work,Primary,838
2014-06-30,Temporary Graduate,485 Temporary Graduate,Post-Higher Education Work,Secondary,148
2014-06-30,Temporary Graduate,485 Temporary Graduate,Post-Vocational Education Work,Primary,18707
2014-06-30,Temporary Graduate,485 Temporary Graduate,Post-Vocational Education Work,Secondary,5502
2014-06-30,Temporary Graduate,485 Temporary Graduate,Temporary Resident - Other (Not Further Specified),Primary,1
2014-06-30,Temporary Graduate,485 Temporary Graduate,Temporary Resident - Other (Not Further Specified),Secondary,2
2014-06-30,Temporary Protection,785 Temporary Protection,Onshore Protection (Not Further Specified),Primary,29
2014-06-30,Temporary Protection,785 Temporary Protection,Onshore Protection (Not Further Specified),Secondary,4
2014-06-30,Temporary Protection,786 Temporary (Humanitarian Concern),Onshore Protection (Not Further Specified),Primary,109
2014-06-30,Temporary Protection,786 Temporary (Humanitarian Concern),Onshore Protection (Not Further Specified),Secondary,3
2014-06-30,Temporary Resident (Other Employment),400 Temporary Work (Short Stay Activity),Australia's Interest,Primary,3
2014-06-30,Temporary Resident (Other Employment),400 Temporary Work (Short Stay Activity),Highly Specialised Work,Primary,1817
2014-06-30,Temporary Resident (Other Employment),400 Temporary Work (Short Stay Activity),Highly Specialised Work,Secondary,58
2014-06-30,Temporary Resident (Other Employment),400 Temporary Work (Short Stay Activity),Invited Participant,Primary,121
2014-06-30,Temporary Resident (Other Employment),400 Temporary Work (Short Stay Activity),Invited Participant,Secondary,11
2014-06-30,Temporary Resident (Other Employment),401 Temporary Work (Long Stay Activity),Domestic Work (Executive),Primary,3
2014-06-30,Temporary Resident (Other Employment),401 Temporary Work (Long Stay Activity),Exchange Arrangements,Primary,78
2014-06-30,Temporary Resident (Other Employment),401 Temporary Work (Long Stay Activity),Exchange Arrangements,Secondary,95
2014-06-30,Temporary Resident (Other Employment),401 Temporary Work (Long Stay Activity),Religious Work,Primary,1464
2014-06-30,Temporary Resident (Other Employment),401 Temporary Work (Long Stay Activity),Religious Work,Secondary,552
2014-06-30,Temporary Resident (Other Employment),401 Temporary Work (Long Stay Activity),Sporting Activities,Primary,273
2014-06-30,Temporary Resident (Other Employment),401 Temporary Work (Long Stay Activity),Sporting Activities,Secondary,82
2014-06-30,Temporary Resident (Other Employment),402 Training and Research,Occupational Trainee,Primary,1901
2014-06-30,Temporary Resident (Other Employment),402 Training and Research,Occupational Trainee,Secondary,381
2014-06-30,Temporary Resident (Other Employment),402 Training and Research,Professional Development,Primary,446
2014-06-30,Temporary Resident (Other Employment),402 Training and Research,Research Activities,Primary,911
2014-06-30,Temporary Resident (Other Employment),402 Training and Research,Research Activities,Secondary,626
2014-06-30,Temporary Resident (Other Employment),403 Temporary Work (International Relations),Domestic Work (Diplomatic or Consular),Primary,87
2014-06-30,Temporary Resident (Other Employment),403 Temporary Work (International Relations),Foreign Government Agency,Primary,202
2014-06-30,Temporary Resident (Other Employment),403 Temporary Work (International Relations),Foreign Government Agency,Secondary,145
2014-06-30,Temporary Resident (Other Employment),403 Temporary Work (International Relations),Government Agreement,Primary,226
2014-06-30,Temporary Resident (Other Employment),403 Temporary Work (International Relations),Government Agreement,Secondary,146
2014-06-30,Temporary Resident (Other Employment),403 Temporary Work (International Relations),Privileges and immunities,Primary,20
2014-06-30,Temporary Resident (Other Employment),403 Temporary Work (International Relations),Privileges and immunities,Secondary,19
2014-06-30,Temporary Resident (Other Employment),405 Investor Retirement,Temporary Resident - Other (Not Further Specified),Primary,124
2014-06-30,Temporary Resident (Other Employment),405 Investor Retirement,Temporary Resident - Other (Not Further Specified),Secondary,95
2014-06-30,Temporary Resident (Other Employment),406 Government Agreement,Government Agreement,Primary,99
2014-06-30,Temporary Resident (Other Employment),406 Government Agreement,Government Agreement,Secondary,127
2014-06-30,Temporary Resident (Other Employment),410 Retirement,Temporary Resident - Other (Not Further Specified),Primary,1937
2014-06-30,Temporary Resident (Other Employment),410 Retirement,Temporary Resident - Other (Not Further Specified),Secondary,1183
2014-06-30,Temporary Resident (Other Employment),411 Exchange,Exchange Arrangements,Primary,4
2014-06-30,Temporary Resident (Other Employment),411 Exchange,Exchange Arrangements,Secondary,5
2014-06-30,Temporary Resident (Other Employment),415 Foreign Government Agency,Foreign Government Agency,Primary,72
2014-06-30,Temporary Resident (Other Employment),415 Foreign Government Agency,Foreign Government Agency,Secondary,99
2014-06-30,Temporary Resident (Other Employment),416 Special Program,Seasonal Worker Program,Primary,1168
2014-06-30,Temporary Resident (Other Employment),416 Special Program,Special Programs,Primary,1002
2014-06-30,Temporary Resident (Other Employment),416 Special Program,Special Programs,Secondary,14
2014-06-30,Temporary Resident (Other Employment),419 Visiting Academic,Temporary Resident - Other (Not Further Specified),Primary,13
2014-06-30,Temporary Resident (Other Employment),419 Visiting Academic,Temporary Resident - Other (Not Further Specified),Secondary,14
2014-06-30,Temporary Resident (Other Employment),420 Temporary Work (Entertainment),Entertainment,Primary,601
2014-06-30,Temporary Resident (Other Employment),420 Temporary Work (Entertainment),Entertainment,Secondary,35
2014-06-30,Temporary Resident (Other Employment),421 Sport,Sporting Activities,Primary,34
2014-06-30,Temporary Resident (Other Employment),421 Sport,Sporting Activities,Secondary,12
2014-06-30,Temporary Resident (Other Employment),422 Medical Practitioner,Temporary Resident - Other (Not Further Specified),Primary,2
2014-06-30,Temporary Resident (Other Employment),422 Medical Practitioner,Temporary Resident - Other (Not Further Specified),Secondary,6
2014-06-30,Temporary Resident (Other Employment),423 Media And Film Staff,Entertainment,Primary,13
2014-06-30,Temporary Resident (Other Employment),423 Media And Film Staff,Entertainment,Secondary,5
2014-06-30,Temporary Resident (Other Employment),426 Domestic Worker (Temporary) - Diplomatic or Consular,Domestic Work (Diplomatic or Consular),Primary,57
2014-06-30,Temporary Resident (Other Employment),427 Domestic Worker (Temporary) - Executive,Domestic Work (Executive),Primary,9
2014-06-30,Temporary Resident (Other Employment),428 Religious Worker,Religious Work,Primary,398
2014-06-30,Temporary Resident (Other Employment),428 Religious Worker,Religious Work,Secondary,221
2014-06-30,Temporary Resident (Other Employment),430 Supported Dependant,Temporary Resident - Other (Not Further Specified),Primary,1
2014-06-30,Temporary Resident (Other Employment),430 Supported Dependant,Temporary Resident - Other (Not Further Specified),Secondary,1
2014-06-30,Temporary Resident (Other Employment),442 Occupational Trainee,Occupational Trainee,Primary,160
2014-06-30,Temporary Resident (Other Employment),442 Occupational Trainee,Occupational Trainee,Secondary,33
2014-06-30,Temporary Resident (Other Employment),470 Professional Development,Temporary Resident - Other (Not Further Specified),Primary,32
2014-06-30,Temporary Resident (Other Employment),476 Skilled - Recognised Graduate,Temporary Resident - Other (Not Further Specified),Primary,701
2014-06-30,Temporary Resident (Other Employment),476 Skilled - Recognised Graduate,Temporary Resident - Other (Not Further Specified),Secondary,145
2014-06-30,Temporary Resident (Other Employment),995 Diplomatic (Temporary),Diplomatic,Primary,2220
2014-06-30,Temporary Resident (Other Employment),995 Diplomatic (Temporary),Diplomatic,Secondary,1863
2014-06-30,Temporary Resident (Skilled Employment),457 Temporary Work (Skilled),Temporary Work Skilled,Primary,108875
2014-06-30,Temporary Resident (Skilled Employment),457 Temporary Work (Skilled),Temporary Work Skilled,Secondary,86208
2014-06-30,Visitor,456 Business (Short Stay),Business,Primary,1418
2014-06-30,Visitor,456 Business (Short Stay),Business,Secondary,31
2014-06-30,Visitor,600 Visitor,Business,Primary,4872
2014-06-30,Visitor,600 Visitor,Tourist,Primary,108915
2014-06-30,Visitor,601 Electronic Travel Authority,Business,Primary,3716
2014-06-30,Visitor,601 Electronic Travel Authority,Tourist,Primary,56107
2014-06-30,Visitor,651 eVisitor,Business,Primary,1423
2014-06-30,Visitor,651 eVisitor,Tourist,Primary,17193
2014-06-30,Visitor,676 Tourist,Tourist,Primary,6595
2014-06-30,Visitor,676 Tourist,Tourist,Secondary,9
2014-06-30,Visitor,679 Sponsored Family Visitor,Tourist,Primary,102
2014-06-30,Visitor,679 Sponsored Family Visitor,Tourist,Secondary,33
2014-06-30,Visitor,956 Electronic Travel Authority (Business Entrant - Long Validity),Business,Primary,220
2014-06-30,Visitor,976 Electronic Travel Authority (Visitor),Tourist,Primary,81
2014-06-30,Visitor,977 Electronic Travel Authority (Business Entrant - Short Validity),Business,Primary,16
2014-06-30,Working Holiday Maker,417 Working Holiday,First Visa,Primary,107377
2014-06-30,Working Holiday Maker,417 Working Holiday,Second Visa,Primary,37817
2014-06-30,Working Holiday Maker,462 Work and Holiday,First Visa,Primary,6007
2014-09-30,Bridging,Bridging Visas,Bridging,Primary,71222
2014-09-30,Bridging,Bridging Visas,Bridging,Secondary,468
2014-09-30,Crew and Transit,488 Superyacht Crew,Superyacht Crew,Primary,73
2014-09-30,Crew and Transit,771 Transit,Transit,Primary,232
2014-09-30,Crew and Transit,988 Maritime Crew Visa,Maritime Crew,Primary,13350
2014-09-30,Crew and Transit,988 Maritime Crew Visa,Maritime Crew,Secondary,1
2014-09-30,Other Temporary,580 Student Guardian,Student Guardian,Primary,1777
2014-09-30,Other Temporary,580 Student Guardian,Student Guardian,Secondary,41
2014-09-30,Other Temporary,602 Medical Treatment,Medical stream,Primary,449
2014-09-30,Other Temporary,602 Medical Treatment,Medical stream,Secondary,8
2014-09-30,Other Temporary,675 Medical Treatment (Short Stay),Medical stream,Primary,17
2014-09-30,Other Temporary,685 Medical Treatment (Long Stay),Medical stream,Primary,191
2014-09-30,Other Temporary,685 Medical Treatment (Long Stay),Medical stream,Secondary,8
2014-09-30,Other Temporary,773 Border,Border,Primary,230
2014-09-30,Special Category,444 Special Category,Special Category (Not Further Specified),Primary,657207
2014-09-30,Student,560 Student,Higher Education Sector,Primary,2
2014-09-30,Student,560 Student,Higher Education Sector,Secondary,3
2014-09-30,Student,560 Student,Schools Sector,Primary,1
2014-09-30,Student,560 Student,Student (Not Further Specified),Primary,7
2014-09-30,Student,570 Independent ELICOS Sector,Independent ELICOS Sector,Primary,16599
2014-09-30,Student,570 Independent ELICOS Sector,Independent ELICOS Sector,Secondary,1606
2014-09-30,Student,571 Schools Sector,Schools Sector,Primary,15779
2014-09-30,Student,571 Schools Sector,Schools Sector,Secondary,5
2014-09-30,Student,572 Vocational Education and Training Sector,Vocational Education and Training Sector,Primary,59399
2014-09-30,Student,572 Vocational Education and Training Sector,Vocational Education and Training Sector,Secondary,13514
2014-09-30,Student,573 Higher Education Sector,Higher Education Sector,Primary,216719
2014-09-30,Student,573 Higher Education Sector,Higher Education Sector,Secondary,22708
2014-09-30,Student,574 Postgraduate Research Sector,Postgraduate Research Sector,Primary,14245
2014-09-30,Student,574 Postgraduate Research Sector,Postgraduate Research Sector,Secondary,8556
2014-09-30,Student,575 Non-Award Sector,Non-Award Sector,Primary,11320
2014-09-30,Student,575 Non-Award Sector,Non-Award Sector,Secondary,60
2014-09-30,Student,576 Foreign Affairs or Defence Sector,Foreign Affairs or Defence Sector,Primary,4272
2014-09-30,Student,576 Foreign Affairs or Defence Sector,Foreign Affairs or Defence Sector,Secondary,3002
2014-09-30,Temporary Graduate,485 Temporary Graduate,Post-Higher Education Work,Primary,1550
2014-09-30,Temporary Graduate,485 Temporary Graduate,Post-Higher Education Work,Secondary,254
2014-09-30,Temporary Graduate,485 Temporary Graduate,Post-Vocational Education Work,Primary,15611
2014-09-30,Temporary Graduate,485 Temporary Graduate,Post-Vocational Education Work,Secondary,4553
2014-09-30,Temporary Protection,785 Temporary Protection,Onshore Protection (Not Further Specified),Primary,28
2014-09-30,Temporary Protection,785 Temporary Protection,Onshore Protection (Not Further Specified),Secondary,4
2014-09-30,Temporary Protection,786 Temporary (Humanitarian Concern),Onshore Protection (Not Further Specified),Primary,131
2014-09-30,Temporary Protection,786 Temporary (Humanitarian Concern),Onshore Protection (Not Further Specified),Secondary,3
2014-09-30,Temporary Resident (Other Employment),400 Temporary Work (Short Stay Activity),Australia's Interest,Primary,10
2014-09-30,Temporary Resident (Other Employment),400 Temporary Work (Short Stay Activity),Highly Specialised Work,Primary,2162
2014-09-30,Temporary Resident (Other Employment),400 Temporary Work (Short Stay Activity),Highly Specialised Work,Secondary,44
2014-09-30,Temporary Resident (Other Employment),400 Temporary Work (Short Stay Activity),Invited Participant,Primary,271
2014-09-30,Temporary Resident (Other Employment),400 Temporary Work (Short Stay Activity),Invited Participant,Secondary,1
2014-09-30,Temporary Resident (Other Employment),401 Temporary Work (Long Stay Activity),Domestic Work (Executive),Primary,7
2014-09-30,Temporary Resident (Other Employment),401 Temporary Work (Long Stay Activity),Exchange Arrangements,Primary,59
2014-09-30,Temporary Resident (Other Employment),401 Temporary Work (Long Stay Activity),Exchange Arrangements,Secondary,70
2014-09-30,Temporary Resident (Other Employment),401 Temporary Work (Long Stay Activity),Religious Work,Primary,1613
2014-09-30,Temporary Resident (Other Employment),401 Temporary Work (Long Stay Activity),Religious Work,Secondary,626
2014-09-30,Temporary Resident (Other Employment),401 Temporary Work (Long Stay Activity),Sporting Activities,Primary,246
2014-09-30,Temporary Resident (Other Employment),401 Temporary Work (Long Stay Activity),Sporting Activities,Secondary,107
2014-09-30,Temporary Resident (Other Employment),402 Training and Research,Occupational Trainee,Primary,1971
2014-09-30,Temporary Resident (Other Employment),402 Training and Research,Occupational Trainee,Secondary,432
2014-09-30,Temporary Resident (Other Employment),402 Training and Research,Professional Development,Primary,480
2014-09-30,Temporary Resident (Other Employment),402 Training and Research,Research Activities,Primary,975
2014-09-30,Temporary Resident (Other Employment),402 Training and Research,Research Activities,Secondary,640
2014-09-30,Temporary Resident (Other Employment),403 Temporary Work (International Relations),Domestic Work (Diplomatic or Consular),Primary,108
2014-09-30,Temporary Resident (Other Employment),403 Temporary Work (International Relations),Foreign Government Agency,Primary,226
2014-09-30,Temporary Resident (Other Employment),403 Temporary Work (International Relations),Foreign Government Agency,Secondary,194
2014-09-30,Temporary Resident (Other Employment),403 Temporary Work (International Relations),Government Agreement,Primary,291
2014-09-30,Temporary Resident (Other Employment),403 Temporary Work (International Relations),Government Agreement,Secondary,217
2014-09-30,Temporary Resident (Other Employment),403 Temporary Work (International Relations),Privileges and immunities,Primary,24
2014-09-30,Temporary Resident (Other Employment),403 Temporary Work (International Relations),Privileges and immunities,Secondary,26
2014-09-30,Temporary Resident (Other Employment),405 Investor Retirement,Temporary Resident - Other (Not Further Specified),Primary,129
2014-09-30,Temporary Resident (Other Employment),405 Investor Retirement,Temporary Resident - Other (Not Further Specified),Secondary,100
2014-09-30,Temporary Resident (Other Employment),406 Government Agreement,Government Agreement,Primary,87
2014-09-30,Temporary Resident (Other Employment),406 Government Agreement,Government Agreement,Secondary,103
2014-09-30,Temporary Resident (Other Employment),410 Retirement,Temporary Resident - Other (Not Further Specified),Primary,2024
2014-09-30,Temporary Resident (Other Employment),410 Retirement,Temporary Resident - Other (Not Further Specified),Secondary,1263
2014-09-30,Temporary Resident (Other Employment),411 Exchange,Exchange Arrangements,Primary,2
2014-09-30,Temporary Resident (Other Employment),411 Exchange,Exchange Arrangements,Secondary,1
2014-09-30,Temporary Resident (Other Employment),415 Foreign Government Agency,Foreign Government Agency,Primary,62
2014-09-30,Temporary Resident (Other Employment),415 Foreign Government Agency,Foreign Government Agency,Secondary,91
2014-09-30,Temporary Resident (Other Employment),416 Special Program,Seasonal Worker Program,Primary,1140
2014-09-30,Temporary Resident (Other Employment),416 Special Program,Special Programs,Primary,1142
2014-09-30,Temporary Resident (Other Employment),416 Special Program,Special Programs,Secondary,14
2014-09-30,Temporary Resident (Other Employment),419 Visiting Academic,Temporary Resident - Other (Not Further Specified),Primary,7
2014-09-30,Temporary Resident (Other Employment),419 Visiting Academic,Temporary Resident - Other (Not Further Specified),Secondary,8
2014-09-30,Temporary Resident (Other Employment),420 Temporary Work (Entertainment),Entertainment,Primary,727
2014-09-30,Temporary Resident (Other Employment),420 Temporary Work (Entertainment),Entertainment,Secondary,32
2014-09-30,Temporary Resident (Other Employment),421 Sport,Sporting Activities,Primary,18
2014-09-30,Temporary Resident (Other Employment),421 Sport,Sporting Activities,Secondary,5
2014-09-30,Temporary Resident (Other Employment),422 Medical Practitioner,Temporary Resident - Other (Not Further Specified),Primary,1
2014-09-30,Temporary Resident (Other Employment),422 Medical Practitioner,Temporary Resident - Other (Not Further Specified),Secondary,4
2014-09-30,Temporary Resident (Other Employment),423 Media And Film Staff,Entertainment,Primary,7
2014-09-30,Temporary Resident (Other Employment),423 Media And Film Staff,Entertainment,Secondary,3
2014-09-30,Temporary Resident (Other Employment),426 Domestic Worker (Temporary) - Diplomatic or Consular,Domestic Work (Diplomatic or Consular),Primary,44
2014-09-30,Temporary Resident (Other Employment),427 Domestic Worker (Temporary) - Executive,Domestic Work (Executive),Primary,8
2014-09-30,Temporary Resident (Other Employment),428 Religious Worker,Religious Work,Primary,210
2014-09-30,Temporary Resident (Other Employment),428 Religious Worker,Religious Work,Secondary,105
2014-09-30,Temporary Resident (Other Employment),430 Supported Dependant,Temporary Resident - Other (Not Further Specified),Primary,1
2014-09-30,Temporary Resident (Other Employment),430 Supported Dependant,Temporary Resident - Other (Not Further Specified),Secondary,1
2014-09-30,Temporary Resident (Other Employment),442 Occupational Trainee,Occupational Trainee,Primary,93
2014-09-30,Temporary Resident (Other Employment),442 Occupational Trainee,Occupational Trainee,Secondary,21
2014-09-30,Temporary Resident (Other Employment),470 Professional Development,Temporary Resident - Other (Not Further Specified),Primary,10
2014-09-30,Temporary Resident (Other Employment),476 Skilled - Recognised Graduate,Temporary Resident - Other (Not Further Specified),Primary,791
2014-09-30,Temporary Resident (Other Employment),476 Skilled - Recognised Graduate,Temporary Resident - Other (Not Further Specified),Secondary,153
2014-09-30,Temporary Resident (Other Employment),995 Diplomatic (Temporary),Diplomatic,Primary,2274
2014-09-30,Temporary Resident (Other Employment),995 Diplomatic (Temporary),Diplomatic,Secondary,1925
2014-09-30,Temporary Resident (Skilled Employment),457 Temporary Work (Skilled),Temporary Work Skilled,Primary,109840
2014-09-30,Temporary Resident (Skilled Employment),457 Temporary Work (Skilled),Temporary Work Skilled,Secondary,87094
2014-09-30,Visitor,456 Business (Short Stay),Business,Primary,1374
2014-09-30,Visitor,456 Business (Short Stay),Business,Secondary,19
2014-09-30,Visitor,600 Visitor,Business,Primary,5618
2014-09-30,Visitor,600 Visitor,Tourist,Primary,119137
2014-09-30,Visitor,601 Electronic Travel Authority,Business,Primary,4720
2014-09-30,Visitor,601 Electronic Travel Authority,Tourist,Primary,61805
2014-09-30,Visitor,651 eVisitor,Business,Primary,1911
2014-09-30,Visitor,651 eVisitor,Tourist,Primary,24471
2014-09-30,Visitor,676 Tourist,Tourist,Primary,5809
2014-09-30,Visitor,676 Tourist,Tourist,Secondary,7
2014-09-30,Visitor,679 Sponsored Family Visitor,Tourist,Primary,55
2014-09-30,Visitor,679 Sponsored Family Visitor,Tourist,Secondary,14
2014-09-30,Visitor,956 Electronic Travel Authority (Business Entrant - Long Validity),Business,Primary,229
2014-09-30,Visitor,976 Electronic Travel Authority (Visitor),Tourist,Primary,80
2014-09-30,Visitor,977 Electronic Travel Authority (Business Entrant - Short Validity),Business,Primary,16
2014-09-30,Working Holiday Maker,417 Working Holiday,First Visa,Primary,106090
2014-09-30,Working Holiday Maker,417 Working Holiday,Second Visa,Primary,38822
2014-09-30,Working Holiday Maker,462 Work and Holiday,First Visa,Primary,6312
2014-12-31,Bridging,Bridging Visas,Bridging,Primary,60435
2014-12-31,Bridging,Bridging Visas,Bridging,Secondary,360
2014-12-31,Crew and Transit,488 Superyacht Crew,Superyacht Crew,Primary,123
2014-12-31,Crew and Transit,771 Transit,Transit,Primary,86
2014-12-31,Crew and Transit,988 Maritime Crew Visa,Maritime Crew,Primary,19572
2014-12-31,Other Temporary,580 Student Guardian,Student Guardian,Primary,1225
2014-12-31,Other Temporary,580 Student Guardian,Student Guardian,Secondary,34
2014-12-31,Other Temporary,602 Medical Treatment,Medical stream,Primary,386
2014-12-31,Other Temporary,602 Medical Treatment,Medical stream,Secondary,8
2014-12-31,Other Temporary,675 Medical Treatment (Short Stay),Medical stream,Primary,17
2014-12-31,Other Temporary,685 Medical Treatment (Long Stay),Medical stream,Primary,188
2014-12-31,Other Temporary,685 Medical Treatment (Long Stay),Medical stream,Secondary,9
2014-12-31,Other Temporary,773 Border,Border,Primary,190
2014-12-31,Special Category,444 Special Category,Special Category (Not Further Specified),Primary,623438
2014-12-31,Student,560 Student,Higher Education Sector,Primary,2
2014-12-31,Student,560 Student,Higher Education Sector,Secondary,3
2014-12-31,Student,560 Student,Schools Sector,Primary,1
2014-12-31,Student,560 Student,Student (Not Further Specified),Primary,7
2014-12-31,Student,560 Student,Vocational Education and Training Sector,Primary,1
2014-12-31,Student,570 Independent ELICOS Sector,Independent ELICOS Sector,Primary,16179
2014-12-31,Student,570 Independent ELICOS Sector,Independent ELICOS Sector,Secondary,1568
2014-12-31,Student,571 Schools Sector,Schools Sector,Primary,5959
2014-12-31,Student,571 Schools Sector,Schools Sector,Secondary,4
2014-12-31,Student,572 Vocational Education and Training Sector,Vocational Education and Training Sector,Primary,57818
2014-12-31,Student,572 Vocational Education and Training Sector,Vocational Education and Training Sector,Secondary,13550
2014-12-31,Student,573 Higher Education Sector,Higher Education Sector,Primary,157400
2014-12-31,Student,573 Higher Education Sector,Higher Education Sector,Secondary,21866
2014-12-31,Student,574 Postgraduate Research Sector,Postgraduate Research Sector,Primary,11746
2014-12-31,Student,574 Postgraduate Research Sector,Postgraduate Research Sector,Secondary,7656
2014-12-31,Student,575 Non-Award Sector,Non-Award Sector,Primary,4612
2014-12-31,Student,575 Non-Award Sector,Non-Award Sector,Secondary,54
2014-12-31,Student,576 Foreign Affairs or Defence Sector,Foreign Affairs or Defence Sector,Primary,2277
2014-12-31,Student,576 Foreign Affairs or Defence Sector,Foreign Affairs or Defence Sector,Secondary,2466
2014-12-31,Temporary Graduate,485 Temporary Graduate,Post-Higher Education Work,Primary,2390
2014-12-31,Temporary Graduate,485 Temporary Graduate,Post-Higher Education Work,Secondary,453
2014-12-31,Temporary Graduate,485 Temporary Graduate,Post-Vocational Education Work,Primary,12677
2014-12-31,Temporary Graduate,485 Temporary Graduate,Post-Vocational Education Work,Secondary,3984
2014-12-31,Temporary Graduate,485 Temporary Graduate,Temporary Resident - Other (Not Further Specified),Secondary,2
2014-12-31,Temporary Protection,785 Temporary Protection,Onshore Protection (Not Further Specified),Primary,28
2014-12-31,Temporary Protection,785 Temporary Protection,Onshore Protection (Not Further Specified),Secondary,4
2014-12-31,Temporary Protection,786 Temporary (Humanitarian Concern),Onshore Protection (Not Further Specified),Primary,134
2014-12-31,Temporary Protection,786 Temporary (Humanitarian Concern),Onshore Protection (Not Further Specified),Secondary,3
2014-12-31,Temporary Resident (Other Employment),400 Temporary Work (Short Stay Activity),Australia's Interest,Primary,3
2014-12-31,Temporary Resident (Other Employment),400 Temporary Work (Short Stay Activity),Highly Specialised Work,Primary,1390
2014-12-31,Temporary Resident (Other Employment),400 Temporary Work (Short Stay Activity),Highly Specialised Work,Secondary,44
2014-12-31,Temporary Resident (Other Employment),400 Temporary Work (Short Stay Activity),Invited Participant,Primary,796
2014-12-31,Temporary Resident (Other Employment),400 Temporary Work (Short Stay Activity),Invited Participant,Secondary,13
2014-12-31,Temporary Resident (Other Employment),401 Temporary Work (Long Stay Activity),Domestic Work (Executive),Primary,4
2014-12-31,Temporary Resident (Other Employment),401 Temporary Work (Long Stay Activity),Exchange Arrangements,Primary,54
2014-12-31,Temporary Resident (Other Employment),401 Temporary Work (Long Stay Activity),Exchange Arrangements,Secondary,68
2014-12-31,Temporary Resident (Other Employment),401 Temporary Work (Long Stay Activity),Religious Work,Primary,1715
2014-12-31,Temporary Resident (Other Employment),401 Temporary Work (Long Stay Activity),Religious Work,Secondary,689
2014-12-31,Temporary Resident (Other Employment),401 Temporary Work (Long Stay Activity),Sporting Activities,Primary,324
2014-12-31,Temporary Resident (Other Employment),401 Temporary Work (Long Stay Activity),Sporting Activities,Secondary,127
2014-12-31,Temporary Resident (Other Employment),402 Training and Research,Occupational Trainee,Primary,1965
2014-12-31,Temporary Resident (Other Employment),402 Training and Research,Occupational Trainee,Secondary,457
2014-12-31,Temporary Resident (Other Employment),402 Training and Research,Professional Development,Primary,384
2014-12-31,Temporary Resident (Other Employment),402 Training and Research,Research Activities,Primary,986
2014-12-31,Temporary Resident (Other Employment),402 Training and Research,Research Activities,Secondary,682
2014-12-31,Temporary Resident (Other Employment),403 Temporary Work (International Relations),Domestic Work (Diplomatic or Consular),Primary,83
2014-12-31,Temporary Resident (Other Employment),403 Temporary Work (International Relations),Foreign Government Agency,Primary,185
2014-12-31,Temporary Resident (Other Employment),403 Temporary Work (International Relations),Foreign Government Agency,Secondary,188
2014-12-31,Temporary Resident (Other Employment),403 Temporary Work (International Relations),Government Agreement,Primary,234
2014-12-31,Temporary Resident (Other Employment),403 Temporary Work (International Relations),Government Agreement,Secondary,178
2014-12-31,Temporary Resident (Other Employment),403 Temporary Work (International Relations),Privileges and immunities,Primary,26
2014-12-31,Temporary Resident (Other Employment),403 Temporary Work (International Relations),Privileges and immunities,Secondary,31
2014-12-31,Temporary Resident (Other Employment),405 Investor Retirement,Temporary Resident - Other (Not Further Specified),Primary,143
2014-12-31,Temporary Resident (Other Employment),405 Investor Retirement,Temporary Resident - Other (Not Further Specified),Secondary,110
2014-12-31,Temporary Resident (Other Employment),406 Government Agreement,Government Agreement,Primary,62
2014-12-31,Temporary Resident (Other Employment),406 Government Agreement,Government Agreement,Secondary,80
2014-12-31,Temporary Resident (Other Employment),410 Retirement,Temporary Resident - Other (Not Further Specified),Primary,2147
2014-12-31,Temporary Resident (Other Employment),410 Retirement,Temporary Resident - Other (Not Further Specified),Secondary,1364
2014-12-31,Temporary Resident (Other Employment),411 Exchange,Exchange Arrangements,Primary,1
2014-12-31,Temporary Resident (Other Employment),411 Exchange,Exchange Arrangements,Secondary,1
2014-12-31,Temporary Resident (Other Employment),415 Foreign Government Agency,Foreign Government Agency,Primary,48
2014-12-31,Temporary Resident (Other Employment),415 Foreign Government Agency,Foreign Government Agency,Secondary,75
2014-12-31,Temporary Resident (Other Employment),416 Special Program,Seasonal Worker Program,Primary,1184
2014-12-31,Temporary Resident (Other Employment),416 Special Program,Special Programs,Primary,765
2014-12-31,Temporary Resident (Other Employment),416 Special Program,Special Programs,Secondary,13
2014-12-31,Temporary Resident (Other Employment),419 Visiting Academic,Temporary Resident - Other (Not Further Specified),Primary,5
2014-12-31,Temporary Resident (Other Employment),419 Visiting Academic,Temporary Resident - Other (Not Further Specified),Secondary,6
2014-12-31,Temporary Resident (Other Employment),420 Temporary Work (Entertainment),Entertainment,Primary,777
2014-12-31,Temporary Resident (Other Employment),420 Temporary Work (Entertainment),Entertainment,Secondary,66
2014-12-31,Temporary Resident (Other Employment),421 Sport,Sporting Activities,Primary,5
2014-12-31,Temporary Resident (Other Employment),421 Sport,Sporting Activities,Secondary,1
2014-12-31,Temporary Resident (Other Employment),423 Media And Film Staff,Entertainment,Primary,6
2014-12-31,Temporary Resident (Other Employment),423 Media And Film Staff,Entertainment,Secondary,2
2014-12-31,Temporary Resident (Other Employment),426 Domestic Worker (Temporary) - Diplomatic or Consular,Domestic Work (Diplomatic or Consular),Primary,24
2014-12-31,Temporary Resident (Other Employment),427 Domestic Worker (Temporary) - Executive,Domestic Work (Executive),Primary,4
2014-12-31,Temporary Resident (Other Employment),428 Religious Worker,Religious Work,Primary,65
2014-12-31,Temporary Resident (Other Employment),428 Religious Worker,Religious Work,Secondary,42
2014-12-31,Temporary Resident (Other Employment),430 Supported Dependant,Temporary Resident - Other (Not Further Specified),Primary,1
2014-12-31,Temporary Resident (Other Employment),430 Supported Dependant,Temporary Resident - Other (Not Further Specified),Secondary,1
2014-12-31,Temporary Resident (Other Employment),442 Occupational Trainee,Occupational Trainee,Primary,38
2014-12-31,Temporary Resident (Other Employment),442 Occupational Trainee,Occupational Trainee,Secondary,3
2014-12-31,Temporary Resident (Other Employment),470 Professional Development,Temporary Resident - Other (Not Further Specified),Primary,7
2014-12-31,Temporary Resident (Other Employment),476 Skilled - Recognised Graduate,Temporary Resident - Other (Not Further Specified),Primary,761
2014-12-31,Temporary Resident (Other Employment),476 Skilled - Recognised Graduate,Temporary Resident - Other (Not Further Specified),Secondary,138
2014-12-31,Temporary Resident (Other Employment),995 Diplomatic (Temporary),Diplomatic,Primary,2087
2014-12-31,Temporary Resident (Other Employment),995 Diplomatic (Temporary),Diplomatic,Secondary,1787
2014-12-31,Temporary Resident (Skilled Employment),457 Temporary Work (Skilled),Temporary Work Skilled,Primary,90042
2014-12-31,Temporary Resident (Skilled Employment),457 Temporary Work (Skilled),Temporary Work Skilled,Secondary,77869
2014-12-31,Visitor,456 Business (Short Stay),Business,Primary,1408
2014-12-31,Visitor,456 Business (Short Stay),Business,Secondary,38
2014-12-31,Visitor,600 Visitor,Business,Primary,2738
2014-12-31,Visitor,600 Visitor,Tourist,Primary,186020
2014-12-31,Visitor,601 Electronic Travel Authority,Business,Primary,1990
2014-12-31,Visitor,601 Electronic Travel Authority,Tourist,Primary,167732
2014-12-31,Visitor,651 eVisitor,Business,Primary,1229
2014-12-31,Visitor,651 eVisitor,Tourist,Primary,99433
2014-12-31,Visitor,676 Tourist,Tourist,Primary,6815
2014-12-31,Visitor,676 Tourist,Tourist,Secondary,7
2014-12-31,Visitor,679 Sponsored Family Visitor,Tourist,Primary,44
2014-12-31,Visitor,679 Sponsored Family Visitor,Tourist,Secondary,8
2014-12-31,Visitor,956 Electronic Travel Authority (Business Entrant - Long Validity),Business,Primary,192
2014-12-31,Visitor,976 Electronic Travel Authority (Visitor),Tourist,Primary,78
2014-12-31,Visitor,977 Electronic Travel Authority (Business Entrant - Short Validity),Business,Primary,16
2014-12-31,Working Holiday Maker,417 Working Holiday,First Visa,Primary,117510
2014-12-31,Working Holiday Maker,417 Working Holiday,First Visa,Secondary,1
2014-12-31,Working Holiday Maker,417 Working Holiday,Second Visa,Primary,37088
2014-12-31,Working Holiday Maker,462 Work and Holiday,First Visa,Primary,6342
2015-03-31,Bridging,Bridging Visas,Bridging,Primary,74312
2015-03-31,Bridging,Bridging Visas,Bridging,Secondary,597
2015-03-31,Crew and Transit,488 Superyacht Crew,Superyacht Crew,Primary,47
2015-03-31,Crew and Transit,771 Transit,Transit,Primary,340
2015-03-31,Crew and Transit,988 Maritime Crew Visa,Maritime Crew,Primary,20681
2015-03-31,Other Temporary,580 Student Guardian,Student Guardian,Primary,1922
2015-03-31,Other Temporary,580 Student Guardian,Student Guardian,Secondary,52
2015-03-31,Other Temporary,602 Medical Treatment,Medical stream,Primary,520
2015-03-31,Other Temporary,602 Medical Treatment,Medical stream,Secondary,10
2015-03-31,Other Temporary,675 Medical Treatment (Short Stay),Medical stream,Primary,16
2015-03-31,Other Temporary,685 Medical Treatment (Long Stay),Medical stream,Primary,185
2015-03-31,Other Temporary,685 Medical Treatment (Long Stay),Medical stream,Secondary,9
2015-03-31,Other Temporary,773 Border,Border,Primary,183
2015-03-31,Special Category,444 Special Category,Special Category (Not Further Specified),Primary,648993
2015-03-31,Student,560 Student,Higher Education Sector,Primary,2
2015-03-31,Student,560 Student,Higher Education Sector,Secondary,3
2015-03-31,Student,560 Student,Schools Sector,Primary,1
2015-03-31,Student,560 Student,Student (Not Further Specified),Primary,4
2015-03-31,Student,570 Independent ELICOS Sector,Independent ELICOS Sector,Primary,17940
2015-03-31,Student,570 Independent ELICOS Sector,Independent ELICOS Sector,Secondary,1700
2015-03-31,Student,571 Schools Sector,Schools Sector,Primary,15468
2015-03-31,Student,571 Schools Sector,Schools Sector,Secondary,4
2015-03-31,Student,572 Vocational Education and Training Sector,Vocational Education and Training Sector,Primary,63435
2015-03-31,Student,572 Vocational Education and Training Sector,Vocational Education and Training Sector,Secondary,13641
2015-03-31,Student,573 Higher Education Sector,Higher Education Sector,Primary,233791
2015-03-31,Student,573 Higher Education Sector,Higher Education Sector,Secondary,24411
2015-03-31,Student,574 Postgraduate Research Sector,Postgraduate Research Sector,Primary,14697
2015-03-31,Student,574 Postgraduate Research Sector,Postgraduate Research Sector,Secondary,8723
2015-03-31,Student,575 Non-Award Sector,Non-Award Sector,Primary,12040
2015-03-31,Student,575 Non-Award Sector,Non-Award Sector,Secondary,62
2015-03-31,Student,576 Foreign Affairs or Defence Sector,Foreign Affairs or Defence Sector,Primary,4362
2015-03-31,Student,576 Foreign Affairs or Defence Sector,Foreign Affairs or Defence Sector,Secondary,2837
2015-03-31,Temporary Graduate,485 Temporary Graduate,Post-Higher Education Work,Primary,4726
2015-03-31,Temporary Graduate,485 Temporary Graduate,Post-Higher Education Work,Secondary,898
2015-03-31,Temporary Graduate,485 Temporary Graduate,Post-Vocational Education Work,Primary,13493
2015-03-31,Temporary Graduate,485 Temporary Graduate,Post-Vocational Education Work,Secondary,3902
2015-03-31,Temporary Graduate,485 Temporary Graduate,Temporary Resident - Other (Not Further Specified),Primary,1
2015-03-31,Temporary Graduate,485 Temporary Graduate,Temporary Resident - Other (Not Further Specified),Secondary,1
2015-03-31,Temporary Protection,785 Temporary Protection,Onshore Protection (Not Further Specified),Primary,29
2015-03-31,Temporary Protection,785 Temporary Protection,Onshore Protection (Not Further Specified),Secondary,4
2015-03-31,Temporary Protection,786 Temporary (Humanitarian Concern),Onshore Protection (Not Further Specified),Primary,133
2015-03-31,Temporary Protection,786 Temporary (Humanitarian Concern),Onshore Protection (Not Further Specified),Secondary,3
2015-03-31,Temporary Resident (Other Employment),400 Temporary Work (Short Stay Activity),Australia's Interest,Primary,12
2015-03-31,Temporary Resident (Other Employment),400 Temporary Work (Short Stay Activity),Highly Specialised Work,Primary,2485
2015-03-31,Temporary Resident (Other Employment),400 Temporary Work (Short Stay Activity),Highly Specialised Work,Secondary,77
2015-03-31,Temporary Resident (Other Employment),400 Temporary Work (Short Stay Activity),Invited Participant,Primary,241
2015-03-31,Temporary Resident (Other Employment),400 Temporary Work (Short Stay Activity),Invited Participant,Secondary,15
2015-03-31,Temporary Resident (Other Employment),401 Temporary Work (Long Stay Activity),Domestic Work (Executive),Primary,14
2015-03-31,Temporary Resident (Other Employment),401 Temporary Work (Long Stay Activity),Exchange Arrangements,Primary,76
2015-03-31,Temporary Resident (Other Employment),401 Temporary Work (Long Stay Activity),Exchange Arrangements,Secondary,94
2015-03-31,Temporary Resident (Other Employment),401 Temporary Work (Long Stay Activity),Religious Work,Primary,1779
2015-03-31,Temporary Resident (Other Employment),401 Temporary Work (Long Stay Activity),Religious Work,Secondary,752
2015-03-31,Temporary Resident (Other Employment),401 Temporary Work (Long Stay Activity),Sporting Activities,Primary,326
2015-03-31,Temporary Resident (Other Employment),401 Temporary Work (Long Stay Activity),Sporting Activities,Secondary,129
2015-03-31,Temporary Resident (Other Employment),402 Training and Research,Occupational Trainee,Primary,2463
2015-03-31,Temporary Resident (Other Employment),402 Training and Research,Occupational Trainee,Secondary,533
2015-03-31,Temporary Resident (Other Employment),402 Training and Research,Professional Development,Primary,326
2015-03-31,Temporary Resident (Other Employment),402 Training and Research,Research Activities,Primary,1077
2015-03-31,Temporary Resident (Other Employment),402 Training and Research,Research Activities,Secondary,776
2015-03-31,Temporary Resident (Other Employment),403 Temporary Work (International Relations),Domestic Work (Diplomatic or Consular),Primary,115
2015-03-31,Temporary Resident (Other Employment),403 Temporary Work (International Relations),Foreign Government Agency,Primary,253
2015-03-31,Temporary Resident (Other Employment),403 Temporary Work (International Relations),Foreign Government Agency,Secondary,238
2015-03-31,Temporary Resident (Other Employment),403 Temporary Work (International Relations),Government Agreement,Primary,330
2015-03-31,Temporary Resident (Other Employment),403 Temporary Work (International Relations),Government Agreement,Secondary,275
2015-03-31,Temporary Resident (Other Employment),403 Temporary Work (International Relations),Privileges and immunities,Primary,24
2015-03-31,Temporary Resident (Other Employment),403 Temporary Work (International Relations),Privileges and immunities,Secondary,26
2015-03-31,Temporary Resident (Other Employment),405 Investor Retirement,Temporary Resident - Other (Not Further Specified),Primary,129
2015-03-31,Temporary Resident (Other Employment),405 Investor Retirement,Temporary Resident - Other (Not Further Specified),Secondary,105
2015-03-31,Temporary Resident (Other Employment),406 Government Agreement,Government Agreement,Primary,50
2015-03-31,Temporary Resident (Other Employment),406 Government Agreement,Government Agreement,Secondary,60
2015-03-31,Temporary Resident (Other Employment),410 Retirement,Temporary Resident - Other (Not Further Specified),Primary,2103
2015-03-31,Temporary Resident (Other Employment),410 Retirement,Temporary Resident - Other (Not Further Specified),Secondary,1327
2015-03-31,Temporary Resident (Other Employment),415 Foreign Government Agency,Foreign Government Agency,Primary,32
2015-03-31,Temporary Resident (Other Employment),415 Foreign Government Agency,Foreign Government Agency,Secondary,42
2015-03-31,Temporary Resident (Other Employment),416 Special Program,Seasonal Worker Program,Primary,1335
2015-03-31,Temporary Resident (Other Employment),416 Special Program,Special Programs,Primary,1115
2015-03-31,Temporary Resident (Other Employment),416 Special Program,Special Programs,Secondary,11
2015-03-31,Temporary Resident (Other Employment),419 Visiting Academic,Temporary Resident - Other (Not Further Specified),Primary,2
2015-03-31,Temporary Resident (Other Employment),419 Visiting Academic,Temporary Resident - Other (Not Further Specified),Secondary,3
2015-03-31,Temporary Resident (Other Employment),420 Temporary Work (Entertainment),Entertainment,Primary,1252
2015-03-31,Temporary Resident (Other Employment),420 Temporary Work (Entertainment),Entertainment,Secondary,95
2015-03-31,Temporary Resident (Other Employment),421 Sport,Sporting Activities,Primary,2
2015-03-31,Temporary Resident (Other Employment),423 Media And Film Staff,Entertainment,Primary,4
2015-03-31,Temporary Resident (Other Employment),423 Media And Film Staff,Entertainment,Secondary,2
2015-03-31,Temporary Resident (Other Employment),426 Domestic Worker (Temporary) - Diplomatic or Consular,Domestic Work (Diplomatic or Consular),Primary,24
2015-03-31,Temporary Resident (Other Employment),427 Domestic Worker (Temporary) - Executive,Domestic Work (Executive),Primary,3
2015-03-31,Temporary Resident (Other Employment),428 Religious Worker,Religious Work,Primary,16
2015-03-31,Temporary Resident (Other Employment),428 Religious Worker,Religious Work,Secondary,12
2015-03-31,Temporary Resident (Other Employment),430 Supported Dependant,Temporary Resident - Other (Not Further Specified),Primary,1
2015-03-31,Temporary Resident (Other Employment),430 Supported Dependant,Temporary Resident - Other (Not Further Specified),Secondary,1
2015-03-31,Temporary Resident (Other Employment),442 Occupational Trainee,Occupational Trainee,Primary,17
2015-03-31,Temporary Resident (Other Employment),470 Professional Development,Temporary Resident - Other (Not Further Specified),Primary,2
2015-03-31,Temporary Resident (Other Employment),476 Skilled - Recognised Graduate,Temporary Resident - Other (Not Further Specified),Primary,885
2015-03-31,Temporary Resident (Other Employment),476 Skilled - Recognised Graduate,Temporary Resident - Other (Not Further Specified),Secondary,146
2015-03-31,Temporary Resident (Other Employment),995 Diplomatic (Temporary),Diplomatic,Primary,2325
2015-03-31,Temporary Resident (Other Employment),995 Diplomatic (Temporary),Diplomatic,Secondary,2024
2015-03-31,Temporary Resident (Skilled Employment),457 Temporary Work (Skilled),Temporary Work Skilled,Primary,106755
2015-03-31,Temporary Resident (Skilled Employment),457 Temporary Work (Skilled),Temporary Work Skilled,Secondary,86403
2015-03-31,Visitor,456 Business (Short Stay),Business,Primary,1228
2015-03-31,Visitor,456 Business (Short Stay),Business,Secondary,10
2015-03-31,Visitor,600 Visitor,Business,Primary,3564
2015-03-31,Visitor,600 Visitor,Tourist,Primary,134310
2015-03-31,Visitor,601 Electronic Travel Authority,Business,Primary,3879
2015-03-31,Visitor,601 Electronic Travel Authority,Tourist,Primary,84359
2015-03-31,Visitor,651 eVisitor,Business,Primary,2202
2015-03-31,Visitor,651 eVisitor,Tourist,Primary,49222
2015-03-31,Visitor,676 Tourist,Tourist,Primary,5735
2015-03-31,Visitor,676 Tourist,Tourist,Secondary,7
2015-03-31,Visitor,679 Sponsored Family Visitor,Tourist,Primary,37
2015-03-31,Visitor,679 Sponsored Family Visitor,Tourist,Secondary,7
2015-03-31,Visitor,956 Electronic Travel Authority (Business Entrant - Long Validity),Business,Primary,201
2015-03-31,Visitor,976 Electronic Travel Authority (Visitor),Tourist,Primary,77
2015-03-31,Visitor,977 Electronic Travel Authority (Business Entrant - Short Validity),Business,Primary,16
2015-03-31,Working Holiday Maker,417 Working Holiday,First Visa,Primary,115609
2015-03-31,Working Holiday Maker,417 Working Holiday,Second Visa,Primary,37529
2015-03-31,Working Holiday Maker,462 Work and Holiday,First Visa,Primary,7137
2015-06-30,Bridging,Bridging Visas,Bridging,Primary,64875
2015-06-30,Bridging,Bridging Visas,Bridging,Secondary,394
2015-06-30,Crew and Transit,488 Superyacht Crew,Superyacht Crew,Primary,50
2015-06-30,Crew and Transit,771 Transit,Transit,Primary,216
2015-06-30,Crew and Transit,988 Maritime Crew Visa,Maritime Crew,Primary,14268
2015-06-30,Other Temporary,580 Student Guardian,Student Guardian,Primary,1725
2015-06-30,Other Temporary,580 Student Guardian,Student Guardian,Secondary,45
2015-06-30,Other Temporary,602 Medical Treatment,Medical stream,Primary,499
2015-06-30,Other Temporary,602 Medical Treatment,Medical stream,Secondary,15
2015-06-30,Other Temporary,675 Medical Treatment (Short Stay),Medical stream,Primary,16
2015-06-30,Other Temporary,685 Medical Treatment (Long Stay),Medical stream,Primary,175
2015-06-30,Other Temporary,685 Medical Treatment (Long Stay),Medical stream,Secondary,8
2015-06-30,Other Temporary,773 Border,Border,Primary,204
2015-06-30,Special Category,444 Special Category,Special Category (Not Further Specified),Primary,653832
2015-06-30,Student,560 Student,Higher Education Sector,Primary,2
2015-06-30,Student,560 Student,Higher Education Sector,Secondary,3
2015-06-30,Student,560 Student,Schools Sector,Primary,1
2015-06-30,Student,560 Student,Student (Not Further Specified),Primary,4
2015-06-30,Student,570 Independent ELICOS Sector,Independent ELICOS Sector,Primary,17666
2015-06-30,Student,570 Independent ELICOS Sector,Independent ELICOS Sector,Secondary,1708
2015-06-30,Student,571 Schools Sector,Schools Sector,Primary,11242
2015-06-30,Student,571 Schools Sector,Schools Sector,Secondary,2
2015-06-30,Student,572 Vocational Education and Training Sector,Vocational Education and Training Sector,Primary,64801
2015-06-30,Student,572 Vocational Education and Training Sector,Vocational Education and Training Sector,Secondary,14072
2015-06-30,Student,573 Higher Education Sector,Higher Education Sector,Primary,202669
2015-06-30,Student,573 Higher Education Sector,Higher Education Sector,Secondary,25314
2015-06-30,Student,574 Postgraduate Research Sector,Postgraduate Research Sector,Primary,14090
2015-06-30,Student,574 Postgraduate Research Sector,Postgraduate Research Sector,Secondary,8690
2015-06-30,Student,575 Non-Award Sector,Non-Award Sector,Primary,6770
2015-06-30,Student,575 Non-Award Sector,Non-Award Sector,Secondary,52
2015-06-30,Student,576 Foreign Affairs or Defence Sector,Foreign Affairs or Defence Sector,Primary,4365
2015-06-30,Student,576 Foreign Affairs or Defence Sector,Foreign Affairs or Defence Sector,Secondary,3113
2015-06-30,Temporary Graduate,485 Temporary Graduate,Post-Higher Education Work,Primary,6769
2015-06-30,Temporary Graduate,485 Temporary Graduate,Post-Higher Education Work,Secondary,1359
2015-06-30,Temporary Graduate,485 Temporary Graduate,Post-Vocational Education Work,Primary,13987
2015-06-30,Temporary Graduate,485 Temporary Graduate,Post-Vocational Education Work,Secondary,4144
2015-06-30,Temporary Graduate,485 Temporary Graduate,Temporary Resident - Other (Not Further Specified),Primary,1
2015-06-30,Temporary Protection,785 Temporary Protection,Onshore Protection (Not Further Specified),Primary,61
2015-06-30,Temporary Protection,785 Temporary Protection,Onshore Protection (Not Further Specified),Secondary,8
2015-06-30,Temporary Protection,786 Temporary (Humanitarian Concern),Onshore Protection (Not Further Specified),Primary,132
2015-06-30,Temporary Protection,786 Temporary (Humanitarian Concern),Onshore Protection (Not Further Specified),Secondary,3
2015-06-30,Temporary Resident (Other Employment),400 Temporary Work (Short Stay Activity),Australia's Interest,Primary,13
2015-06-30,Temporary Resident (Other Employment),400 Temporary Work (Short Stay Activity),Australia's Interest,Secondary,1
2015-06-30,Temporary Resident (Other Employment),400 Temporary Work (Short Stay Activity),Highly Specialised Work,Primary,2675
2015-06-30,Temporary Resident (Other Employment),400 Temporary Work (Short Stay Activity),Highly Specialised Work,Secondary,97
2015-06-30,Temporary Resident (Other Employment),400 Temporary Work (Short Stay Activity),Invited Participant,Primary,155
2015-06-30,Temporary Resident (Other Employment),400 Temporary Work (Short Stay Activity),Invited Participant,Secondary,17
2015-06-30,Temporary Resident (Other Employment),401 Temporary Work (Long Stay Activity),Domestic Work (Executive),Primary,10
2015-06-30,Temporary Resident (Other Employment),401 Temporary Work (Long Stay Activity),Exchange Arrangements,Primary,65
2015-06-30,Temporary Resident (Other Employment),401 Temporary Work (Long Stay Activity),Exchange Arrangements,Secondary,88
2015-06-30,Temporary Resident (Other Employment),401 Temporary Work (Long Stay Activity),Religious Work,Primary,1752
2015-06-30,Temporary Resident (Other Employment),401 Temporary Work (Long Stay Activity),Religious Work,Secondary,741
2015-06-30,Temporary Resident (Other Employment),401 Temporary Work (Long Stay Activity),Sporting Activities,Primary,236
2015-06-30,Temporary Resident (Other Employment),401 Temporary Work (Long Stay Activity),Sporting Activities,Secondary,86
2015-06-30,Temporary Resident (Other Employment),402 Training and Research,Occupational Trainee,Primary,2526
2015-06-30,Temporary Resident (Other Employment),402 Training and Research,Occupational Trainee,Secondary,590
2015-06-30,Temporary Resident (Other Employment),402 Training and Research,Professional Development,Primary,349
2015-06-30,Temporary Resident (Other Employment),402 Training and Research,Research Activities,Primary,1009
2015-06-30,Temporary Resident (Other Employment),402 Training and Research,Research Activities,Secondary,714
2015-06-30,Temporary Resident (Other Employment),403 Temporary Work (International Relations),Domestic Work (Diplomatic or Consular),Primary,110
2015-06-30,Temporary Resident (Other Employment),403 Temporary Work (International Relations),Foreign Government Agency,Primary,275
2015-06-30,Temporary Resident (Other Employment),403 Temporary Work (International Relations),Foreign Government Agency,Secondary,237
2015-06-30,Temporary Resident (Other Employment),403 Temporary Work (International Relations),Government Agreement,Primary,350
2015-06-30,Temporary Resident (Other Employment),403 Temporary Work (International Relations),Government Agreement,Secondary,262
2015-06-30,Temporary Resident (Other Employment),403 Temporary Work (International Relations),Privileges and immunities,Primary,25
2015-06-30,Temporary Resident (Other Employment),403 Temporary Work (International Relations),Privileges and immunities,Secondary,22
2015-06-30,Temporary Resident (Other Employment),405 Investor Retirement,Temporary Resident - Other (Not Further Specified),Primary,102
2015-06-30,Temporary Resident (Other Employment),405 Investor Retirement,Temporary Resident - Other (Not Further Specified),Secondary,80
2015-06-30,Temporary Resident (Other Employment),406 Government Agreement,Government Agreement,Primary,33
2015-06-30,Temporary Resident (Other Employment),406 Government Agreement,Government Agreement,Secondary,44
2015-06-30,Temporary Resident (Other Employment),410 Retirement,Temporary Resident - Other (Not Further Specified),Primary,1838
2015-06-30,Temporary Resident (Other Employment),410 Retirement,Temporary Resident - Other (Not Further Specified),Secondary,1134
2015-06-30,Temporary Resident (Other Employment),415 Foreign Government Agency,Foreign Government Agency,Primary,21
2015-06-30,Temporary Resident (Other Employment),415 Foreign Government Agency,Foreign Government Agency,Secondary,26
2015-06-30,Temporary Resident (Other Employment),416 Special Program,Seasonal Worker Program,Primary,1718
2015-06-30,Temporary Resident (Other Employment),416 Special Program,Special Programs,Primary,937
2015-06-30,Temporary Resident (Other Employment),416 Special Program,Special Programs,Secondary,3
2015-06-30,Temporary Resident (Other Employment),419 Visiting Academic,Temporary Resident - Other (Not Further Specified),Primary,2
2015-06-30,Temporary Resident (Other Employment),419 Visiting Academic,Temporary Resident - Other (Not Further Specified),Secondary,3
2015-06-30,Temporary Resident (Other Employment),420 Temporary Work (Entertainment),Entertainment,Primary,716
2015-06-30,Temporary Resident (Other Employment),420 Temporary Work (Entertainment),Entertainment,Secondary,79
2015-06-30,Temporary Resident (Other Employment),421 Sport,Sporting Activities,Primary,2
2015-06-30,Temporary Resident (Other Employment),423 Media And Film Staff,Entertainment,Primary,5
2015-06-30,Temporary Resident (Other Employment),423 Media And Film Staff,Entertainment,Secondary,2
2015-06-30,Temporary Resident (Other Employment),426 Domestic Worker (Temporary) - Diplomatic or Consular,Domestic Work (Diplomatic or Consular),Primary,21
2015-06-30,Temporary Resident (Other Employment),427 Domestic Worker (Temporary) - Executive,Domestic Work (Executive),Primary,3
2015-06-30,Temporary Resident (Other Employment),428 Religious Worker,Religious Work,Primary,9
2015-06-30,Temporary Resident (Other Employment),428 Religious Worker,Religious Work,Secondary,8
2015-06-30,Temporary Resident (Other Employment),430 Supported Dependant,Temporary Resident - Other (Not Further Specified),Primary,1
2015-06-30,Temporary Resident (Other Employment),430 Supported Dependant,Temporary Resident - Other (Not Further Specified),Secondary,1
2015-06-30,Temporary Resident (Other Employment),442 Occupational Trainee,Occupational Trainee,Primary,8
2015-06-30,Temporary Resident (Other Employment),476 Skilled - Recognised Graduate,Temporary Resident - Other (Not Further Specified),Primary,888
2015-06-30,Temporary Resident (Other Employment),476 Skilled - Recognised Graduate,Temporary Resident - Other (Not Further Specified),Secondary,150
2015-06-30,Temporary Resident (Other Employment),995 Diplomatic (Temporary),Diplomatic,Primary,2249
2015-06-30,Temporary Resident (Other Employment),995 Diplomatic (Temporary),Diplomatic,Secondary,1874
2015-06-30,Temporary Resident (Skilled Employment),457 Temporary Work (Skilled),Temporary Work Skilled,Primary,104755
2015-06-30,Temporary Resident (Skilled Employment),457 Temporary Work (Skilled),Temporary Work Skilled,Secondary,83247
2015-06-30,Visitor,456 Business (Short Stay),Business,Primary,1169
2015-06-30,Visitor,456 Business (Short Stay),Business,Secondary,10
2015-06-30,Visitor,600 Visitor,Business,Primary,5086
2015-06-30,Visitor,600 Visitor,Tourist,Primary,128423
2015-06-30,Visitor,601 Electronic Travel Authority,Business,Primary,3951
2015-06-30,Visitor,601 Electronic Travel Authority,Tourist,Primary,60377
2015-06-30,Visitor,651 eVisitor,Business,Primary,1731
2015-06-30,Visitor,651 eVisitor,Tourist,Primary,19825
2015-06-30,Visitor,676 Tourist,Tourist,Primary,5527
2015-06-30,Visitor,676 Tourist,Tourist,Secondary,7
2015-06-30,Visitor,679 Sponsored Family Visitor,Tourist,Primary,35
2015-06-30,Visitor,679 Sponsored Family Visitor,Tourist,Secondary,6
2015-06-30,Visitor,956 Electronic Travel Authority (Business Entrant - Long Validity),Business,Primary,156
2015-06-30,Visitor,976 Electronic Travel Authority (Visitor),Tourist,Primary,76
2015-06-30,Visitor,977 Electronic Travel Authority (Business Entrant - Short Validity),Business,Primary,16
2015-06-30,Working Holiday Maker,417 Working Holiday,First Visa,Primary,101458
2015-06-30,Working Holiday Maker,417 Working Holiday,Second Visa,Primary,35434
2015-06-30,Working Holiday Maker,462 Work and Holiday,First Visa,Primary,7026
2015-09-30,Bridging,Bridging Visas,Bridging,Primary,74348
2015-09-30,Bridging,Bridging Visas,Bridging,Secondary,483
2015-09-30,Crew and Transit,488 Superyacht Crew,Superyacht Crew,Primary,100
2015-09-30,Crew and Transit,771 Transit,Transit,Primary,206
2015-09-30,Crew and Transit,988 Maritime Crew Visa,Maritime Crew,Primary,15533
2015-09-30,Other Temporary,580 Student Guardian,Student Guardian,Primary,2063
2015-09-30,Other Temporary,580 Student Guardian,Student Guardian,Secondary,41
2015-09-30,Other Temporary,602 Medical Treatment,Medical stream,Primary,523
2015-09-30,Other Temporary,602 Medical Treatment,Medical stream,Secondary,19
2015-09-30,Other Temporary,675 Medical Treatment (Short Stay),Medical stream,Primary,16
2015-09-30,Other Temporary,685 Medical Treatment (Long Stay),Medical stream,Primary,168
2015-09-30,Other Temporary,685 Medical Treatment (Long Stay),Medical stream,Secondary,8
2015-09-30,Other Temporary,773 Border,Border,Primary,214
2015-09-30,Special Category,444 Special Category,Special Category (Not Further Specified),Primary,661547
2015-09-30,Student,560 Student,Higher Education Sector,Primary,3
2015-09-30,Student,560 Student,Higher Education Sector,Secondary,3
2015-09-30,Student,560 Student,Schools Sector,Primary,1
2015-09-30,Student,560 Student,Student (Not Further Specified),Primary,4
2015-09-30,Student,570 Independent ELICOS Sector,Independent ELICOS Sector,Primary,18311
2015-09-30,Student,570 Independent ELICOS Sector,Independent ELICOS Sector,Secondary,1656
2015-09-30,Student,571 Schools Sector,Schools Sector,Primary,17828
2015-09-30,Student,571 Schools Sector,Schools Sector,Secondary,2
2015-09-30,Student,572 Vocational Education and Training Sector,Vocational Education and Training Sector,Primary,66714
2015-09-30,Student,572 Vocational Education and Training Sector,Vocational Education and Training Sector,Secondary,13758
2015-09-30,Student,573 Higher Education Sector,Higher Education Sector,Primary,240735
2015-09-30,Student,573 Higher Education Sector,Higher Education Sector,Secondary,25805
2015-09-30,Student,574 Postgraduate Research Sector,Postgraduate Research Sector,Primary,14456
2015-09-30,Student,574 Postgraduate Research Sector,Postgraduate Research Sector,Secondary,8605
2015-09-30,Student,575 Non-Award Sector,Non-Award Sector,Primary,10579
2015-09-30,Student,575 Non-Award Sector,Non-Award Sector,Secondary,57
2015-09-30,Student,576 Foreign Affairs or Defence Sector,Foreign Affairs or Defence Sector,Primary,4253
2015-09-30,Student,576 Foreign Affairs or Defence Sector,Foreign Affairs or Defence Sector,Secondary,2971
2015-09-30,Temporary Graduate,485 Temporary Graduate,Post-Higher Education Work,Primary,8157
2015-09-30,Temporary Graduate,485 Temporary Graduate,Post-Higher Education Work,Secondary,1641
2015-09-30,Temporary Graduate,485 Temporary Graduate,Post-Vocational Education Work,Primary,12056
2015-09-30,Temporary Graduate,485 Temporary Graduate,Post-Vocational Education Work,Secondary,3662
2015-09-30,Temporary Protection,785 Temporary Protection,Onshore Protection (Not Further Specified),Primary,152
2015-09-30,Temporary Protection,785 Temporary Protection,Onshore Protection (Not Further Specified),Secondary,19
2015-09-30,Temporary Protection,786 Temporary (Humanitarian Concern),Onshore Protection (Not Further Specified),Primary,92
2015-09-30,Temporary Protection,786 Temporary (Humanitarian Concern),Onshore Protection (Not Further Specified),Secondary,3
2015-09-30,Temporary Resident (Other Employment),400 Temporary Work (Short Stay Activity),Australia's Interest,Primary,4
2015-09-30,Temporary Resident (Other Employment),400 Temporary Work (Short Stay Activity),Highly Specialised Work,Primary,2508
2015-09-30,Temporary Resident (Other Employment),400 Temporary Work (Short Stay Activity),Highly Specialised Work,Secondary,87
2015-09-30,Temporary Resident (Other Employment),400 Temporary Work (Short Stay Activity),Invited Participant,Primary,283
2015-09-30,Temporary Resident (Other Employment),400 Temporary Work (Short Stay Activity),Invited Participant,Secondary,8
2015-09-30,Temporary Resident (Other Employment),401 Temporary Work (Long Stay Activity),Domestic Work (Executive),Primary,15
2015-09-30,Temporary Resident (Other Employment),401 Temporary Work (Long Stay Activity),Exchange Arrangements,Primary,62
2015-09-30,Temporary Resident (Other Employment),401 Temporary Work (Long Stay Activity),Exchange Arrangements,Secondary,81
2015-09-30,Temporary Resident (Other Employment),401 Temporary Work (Long Stay Activity),Religious Work,Primary,1834
2015-09-30,Temporary Resident (Other Employment),401 Temporary Work (Long Stay Activity),Religious Work,Secondary,781
2015-09-30,Temporary Resident (Other Employment),401 Temporary Work (Long Stay Activity),Sporting Activities,Primary,245
2015-09-30,Temporary Resident (Other Employment),401 Temporary Work (Long Stay Activity),Sporting Activities,Secondary,91
2015-09-30,Temporary Resident (Other Employment),402 Training and Research,Occupational Trainee,Primary,2554
2015-09-30,Temporary Resident (Other Employment),402 Training and Research,Occupational Trainee,Secondary,584
2015-09-30,Temporary Resident (Other Employment),402 Training and Research,Professional Development,Primary,293
2015-09-30,Temporary Resident (Other Employment),402 Training and Research,Research Activities,Primary,1085
2015-09-30,Temporary Resident (Other Employment),402 Training and Research,Research Activities,Secondary,803
2015-09-30,Temporary Resident (Other Employment),403 Temporary Work (International Relations),Domestic Work (Diplomatic or Consular),Primary,127
2015-09-30,Temporary Resident (Other Employment),403 Temporary Work (International Relations),Foreign Government Agency,Primary,288
2015-09-30,Temporary Resident (Other Employment),403 Temporary Work (International Relations),Foreign Government Agency,Secondary,259
2015-09-30,Temporary Resident (Other Employment),403 Temporary Work (International Relations),Government Agreement,Primary,365
2015-09-30,Temporary Resident (Other Employment),403 Temporary Work (International Relations),Government Agreement,Secondary,320
2015-09-30,Temporary Resident (Other Employment),403 Temporary Work (International Relations),Privileges and immunities,Primary,26
2015-09-30,Temporary Resident (Other Employment),403 Temporary Work (International Relations),Privileges and immunities,Secondary,24
2015-09-30,Temporary Resident (Other Employment),405 Investor Retirement,Temporary Resident - Other (Not Further Specified),Primary,113
2015-09-30,Temporary Resident (Other Employment),405 Investor Retirement,Temporary Resident - Other (Not Further Specified),Secondary,91
2015-09-30,Temporary Resident (Other Employment),406 Government Agreement,Government Agreement,Primary,29
2015-09-30,Temporary Resident (Other Employment),406 Government Agreement,Government Agreement,Secondary,40
2015-09-30,Temporary Resident (Other Employment),410 Retirement,Temporary Resident - Other (Not Further Specified),Primary,1936
2015-09-30,Temporary Resident (Other Employment),410 Retirement,Temporary Resident - Other (Not Further Specified),Secondary,1195
2015-09-30,Temporary Resident (Other Employment),415 Foreign Government Agency,Foreign Government Agency,Primary,14
2015-09-30,Temporary Resident (Other Employment),415 Foreign Government Agency,Foreign Government Agency,Secondary,22
2015-09-30,Temporary Resident (Other Employment),416 Special Program,Seasonal Worker Program,Primary,1844
2015-09-30,Temporary Resident (Other Employment),416 Special Program,Special Programs,Primary,1060
2015-09-30,Temporary Resident (Other Employment),416 Special Program,Special Programs,Secondary,5
2015-09-30,Temporary Resident (Other Employment),419 Visiting Academic,Temporary Resident - Other (Not Further Specified),Primary,2
2015-09-30,Temporary Resident (Other Employment),419 Visiting Academic,Temporary Resident - Other (Not Further Specified),Secondary,3
2015-09-30,Temporary Resident (Other Employment),420 Temporary Work (Entertainment),Entertainment,Primary,1114
2015-09-30,Temporary Resident (Other Employment),420 Temporary Work (Entertainment),Entertainment,Secondary,35
2015-09-30,Temporary Resident (Other Employment),421 Sport,Sporting Activities,Primary,2
2015-09-30,Temporary Resident (Other Employment),423 Media And Film Staff,Entertainment,Primary,3
2015-09-30,Temporary Resident (Other Employment),426 Domestic Worker (Temporary) - Diplomatic or Consular,Domestic Work (Diplomatic or Consular),Primary,15
2015-09-30,Temporary Resident (Other Employment),428 Religious Worker,Religious Work,Primary,7
2015-09-30,Temporary Resident (Other Employment),428 Religious Worker,Religious Work,Secondary,7
2015-09-30,Temporary Resident (Other Employment),430 Supported Dependant,Temporary Resident - Other (Not Further Specified),Secondary,1
2015-09-30,Temporary Resident (Other Employment),442 Occupational Trainee,Occupational Trainee,Primary,3
2015-09-30,Temporary Resident (Other Employment),476 Skilled - Recognised Graduate,Temporary Resident - Other (Not Further Specified),Primary,895
2015-09-30,Temporary Resident (Other Employment),476 Skilled - Recognised Graduate,Temporary Resident - Other (Not Further Specified),Secondary,155
2015-09-30,Temporary Resident (Other Employment),995 Diplomatic (Temporary),Diplomatic,Primary,2266
2015-09-30,Temporary Resident (Other Employment),995 Diplomatic (Temporary),Diplomatic,Secondary,1979
2015-09-30,Temporary Resident (Skilled Employment),457 Temporary Work (Skilled),Temporary Work Skilled,Primary,103862
2015-09-30,Temporary Resident (Skilled Employment),457 Temporary Work (Skilled),Temporary Work Skilled,Secondary,82943
2015-09-30,Visitor,456 Business (Short Stay),Business,Primary,1187
2015-09-30,Visitor,456 Business (Short Stay),Business,Secondary,10
2015-09-30,Visitor,600 Visitor,Business,Primary,6165
2015-09-30,Visitor,600 Visitor,Tourist,Primary,145537
2015-09-30,Visitor,601 Electronic Travel Authority,Business,Primary,4279
2015-09-30,Visitor,601 Electronic Travel Authority,Tourist,Primary,66651
2015-09-30,Visitor,651 eVisitor,Business,Primary,2027
2015-09-30,Visitor,651 eVisitor,Tourist,Primary,26988
2015-09-30,Visitor,676 Tourist,Tourist,Primary,4949
2015-09-30,Visitor,676 Tourist,Tourist,Secondary,7
2015-09-30,Visitor,679 Sponsored Family Visitor,Tourist,Primary,34
2015-09-30,Visitor,679 Sponsored Family Visitor,Tourist,Secondary,5
2015-09-30,Visitor,956 Electronic Travel Authority (Business Entrant - Long Validity),Business,Primary,147
2015-09-30,Visitor,976 Electronic Travel Authority (Visitor),Tourist,Primary,75
2015-09-30,Visitor,977 Electronic Travel Authority (Business Entrant - Short Validity),Business,Primary,16
2015-09-30,Working Holiday Maker,417 Working Holiday,First Visa,Primary,102775
2015-09-30,Working Holiday Maker,417 Working Holiday,Second Visa,Primary,34269
2015-09-30,Working Holiday Maker,462 Work and Holiday,First Visa,Primary,7407
2015-12-31,Bridging,Bridging Visas,Bridging,Primary,71381
2015-12-31,Bridging,Bridging Visas,Bridging,Secondary,474
2015-12-31,Crew and Transit,488 Superyacht Crew,Superyacht Crew,Primary,63
2015-12-31,Crew and Transit,771 Transit,Transit,Primary,77
2015-12-31,Crew and Transit,988 Maritime Crew Visa,Maritime Crew,Primary,22960
2015-12-31,Other Temporary,580 Student Guardian,Student Guardian,Primary,1298
2015-12-31,Other Temporary,580 Student Guardian,Student Guardian,Secondary,38
2015-12-31,Other Temporary,602 Medical Treatment,Medical stream,Primary,452
2015-12-31,Other Temporary,602 Medical Treatment,Medical stream,Secondary,22
2015-12-31,Other Temporary,675 Medical Treatment (Short Stay),Medical stream,Primary,16
2015-12-31,Other Temporary,685 Medical Treatment (Long Stay),Medical stream,Primary,162
2015-12-31,Other Temporary,685 Medical Treatment (Long Stay),Medical stream,Secondary,8
2015-12-31,Other Temporary,773 Border,Border,Primary,173
2015-12-31,Special Category,444 Special Category,Special Category (Not Further Specified),Primary,634562
2015-12-31,Student,560 Student,Higher Education Sector,Primary,3
2015-12-31,Student,560 Student,Higher Education Sector,Secondary,3
2015-12-31,Student,560 Student,Schools Sector,Primary,1
2015-12-31,Student,560 Student,Student (Not Further Specified),Primary,4
2015-12-31,Student,570 Independent ELICOS Sector,Independent ELICOS Sector,Primary,17439
2015-12-31,Student,570 Independent ELICOS Sector,Independent ELICOS Sector,Secondary,1600
2015-12-31,Student,571 Schools Sector,Schools Sector,Primary,5880
2015-12-31,Student,571 Schools Sector,Schools Sector,Secondary,3
2015-12-31,Student,572 Vocational Education and Training Sector,Vocational Education and Training Sector,Primary,65294
2015-12-31,Student,572 Vocational Education and Training Sector,Vocational Education and Training Sector,Secondary,13242
2015-12-31,Student,573 Higher Education Sector,Higher Education Sector,Primary,171625
2015-12-31,Student,573 Higher Education Sector,Higher Education Sector,Secondary,24135
2015-12-31,Student,574 Postgraduate Research Sector,Postgraduate Research Sector,Primary,12049
2015-12-31,Student,574 Postgraduate Research Sector,Postgraduate Research Sector,Secondary,7568
2015-12-31,Student,575 Non-Award Sector,Non-Award Sector,Primary,4416
2015-12-31,Student,575 Non-Award Sector,Non-Award Sector,Secondary,58
2015-12-31,Student,576 Foreign Affairs or Defence Sector,Foreign Affairs or Defence Sector,Primary,2259
2015-12-31,Student,576 Foreign Affairs or Defence Sector,Foreign Affairs or Defence Sector,Secondary,2550
2015-12-31,Temporary Graduate,485 Temporary Graduate,Post-Higher Education Work,Primary,9129
2015-12-31,Temporary Graduate,485 Temporary Graduate,Post-Higher Education Work,Secondary,1937
2015-12-31,Temporary Graduate,485 Temporary Graduate,Post-Vocational Education Work,Primary,9641
2015-12-31,Temporary Graduate,485 Temporary Graduate,Post-Vocational Education Work,Secondary,3162
2015-12-31,Temporary Graduate,485 Temporary Graduate,Temporary Resident - Other (Not Further Specified),Secondary,1
2015-12-31,Temporary Protection,785 Temporary Protection,Onshore Protection (Not Further Specified),Primary,430
2015-12-31,Temporary Protection,785 Temporary Protection,Onshore Protection (Not Further Specified),Secondary,75
2015-12-31,Temporary Protection,786 Temporary (Humanitarian Concern),Onshore Protection (Not Further Specified),Primary,71
2015-12-31,Temporary Protection,786 Temporary (Humanitarian Concern),Onshore Protection (Not Further Specified),Secondary,3
2015-12-31,Temporary Protection,790 Safe Haven Enterprise,Onshore Protection (Not Further Specified),Primary,8
2015-12-31,Temporary Protection,790 Safe Haven Enterprise,Onshore Protection (Not Further Specified),Secondary,2
2015-12-31,Temporary Resident (Other Employment),400 Temporary Work (Short Stay Activity),Australia's Interest,Primary,3
2015-12-31,Temporary Resident (Other Employment),400 Temporary Work (Short Stay Activity),Highly Specialised Work,Primary,1838
2015-12-31,Temporary Resident (Other Employment),400 Temporary Work (Short Stay Activity),Highly Specialised Work,Secondary,76
2015-12-31,Temporary Resident (Other Employment),400 Temporary Work (Short Stay Activity),Invited Participant,Primary,403
2015-12-31,Temporary Resident (Other Employment),400 Temporary Work (Short Stay Activity),Invited Participant,Secondary,9
2015-12-31,Temporary Resident (Other Employment),401 Temporary Work (Long Stay Activity),Domestic Work (Executive),Primary,7
2015-12-31,Temporary Resident (Other Employment),401 Temporary Work (Long Stay Activity),Exchange Arrangements,Primary,38
2015-12-31,Temporary Resident (Other Employment),401 Temporary Work (Long Stay Activity),Exchange Arrangements,Secondary,33
2015-12-31,Temporary Resident (Other Employment),401 Temporary Work (Long Stay Activity),Religious Work,Primary,1823
2015-12-31,Temporary Resident (Other Employment),401 Temporary Work (Long Stay Activity),Religious Work,Secondary,752
2015-12-31,Temporary Resident (Other Employment),401 Temporary Work (Long Stay Activity),Sporting Activities,Primary,316
2015-12-31,Temporary Resident (Other Employment),401 Temporary Work (Long Stay Activity),Sporting Activities,Secondary,115
2015-12-31,Temporary Resident (Other Employment),402 Training and Research,Occupational Trainee,Primary,2382
2015-12-31,Temporary Resident (Other Employment),402 Training and Research,Occupational Trainee,Secondary,552
2015-12-31,Temporary Resident (Other Employment),402 Training and Research,Professional Development,Primary,198
2015-12-31,Temporary Resident (Other Employment),402 Training and Research,Research Activities,Primary,1061
2015-12-31,Temporary Resident (Other Employment),402 Training and Research,Research Activities,Secondary,843
2015-12-31,Temporary Resident (Other Employment),403 Temporary Work (International Relations),Domestic Work (Diplomatic or Consular),Primary,92
2015-12-31,Temporary Resident (Other Employment),403 Temporary Work (International Relations),Foreign Government Agency,Primary,258
2015-12-31,Temporary Resident (Other Employment),403 Temporary Work (International Relations),Foreign Government Agency,Secondary,244
2015-12-31,Temporary Resident (Other Employment),403 Temporary Work (International Relations),Government Agreement,Primary,300
2015-12-31,Temporary Resident (Other Employment),403 Temporary Work (International Relations),Government Agreement,Secondary,266
2015-12-31,Temporary Resident (Other Employment),403 Temporary Work (International Relations),Privileges and immunities,Primary,23
2015-12-31,Temporary Resident (Other Employment),403 Temporary Work (International Relations),Privileges and immunities,Secondary,21
2015-12-31,Temporary Resident (Other Employment),405 Investor Retirement,Temporary Resident - Other (Not Further Specified),Primary,121
2015-12-31,Temporary Resident (Other Employment),405 Investor Retirement,Temporary Resident - Other (Not Further Specified),Secondary,95
2015-12-31,Temporary Resident (Other Employment),406 Government Agreement,Government Agreement,Primary,27
2015-12-31,Temporary Resident (Other Employment),406 Government Agreement,Government Agreement,Secondary,37
2015-12-31,Temporary Resident (Other Employment),410 Retirement,Temporary Resident - Other (Not Further Specified),Primary,2047
2015-12-31,Temporary Resident (Other Employment),410 Retirement,Temporary Resident - Other (Not Further Specified),Secondary,1295
2015-12-31,Temporary Resident (Other Employment),415 Foreign Government Agency,Foreign Government Agency,Primary,10
2015-12-31,Temporary Resident (Other Employment),415 Foreign Government Agency,Foreign Government Agency,Secondary,12
2015-12-31,Temporary Resident (Other Employment),416 Special Program,Seasonal Worker Program,Primary,1614
2015-12-31,Temporary Resident (Other Employment),416 Special Program,Special Programs,Primary,724
2015-12-31,Temporary Resident (Other Employment),416 Special Program,Special Programs,Secondary,5
2015-12-31,Temporary Resident (Other Employment),419 Visiting Academic,Temporary Resident - Other (Not Further Specified),Primary,2
2015-12-31,Temporary Resident (Other Employment),419 Visiting Academic,Temporary Resident - Other (Not Further Specified),Secondary,3
2015-12-31,Temporary Resident (Other Employment),420 Temporary Work (Entertainment),Entertainment,Primary,778
2015-12-31,Temporary Resident (Other Employment),420 Temporary Work (Entertainment),Entertainment,Secondary,38
2015-12-31,Temporary Resident (Other Employment),421 Sport,Sporting Activities,Primary,1
2015-12-31,Temporary Resident (Other Employment),423 Media And Film Staff,Entertainment,Primary,4
2015-12-31,Temporary Resident (Other Employment),423 Media And Film Staff,Entertainment,Secondary,2
2015-12-31,Temporary Resident (Other Employment),426 Domestic Worker (Temporary) - Diplomatic or Consular,Domestic Work (Diplomatic or Consular),Primary,9
2015-12-31,Temporary Resident (Other Employment),428 Religious Worker,Religious Work,Primary,5
2015-12-31,Temporary Resident (Other Employment),428 Religious Worker,Religious Work,Secondary,4
2015-12-31,Temporary Resident (Other Employment),430 Supported Dependant,Temporary Resident - Other (Not Further Specified),Primary,1
2015-12-31,Temporary Resident (Other Employment),430 Supported Dependant,Temporary Resident - Other (Not Further Specified),Secondary,1
2015-12-31,Temporary Resident (Other Employment),442 Occupational Trainee,Occupational Trainee,Primary,2
2015-12-31,Temporary Resident (Other Employment),476 Skilled - Recognised Graduate,Temporary Resident - Other (Not Further Specified),Primary,853
2015-12-31,Temporary Resident (Other Employment),476 Skilled - Recognised Graduate,Temporary Resident - Other (Not Further Specified),Secondary,145
2015-12-31,Temporary Resident (Other Employment),995 Diplomatic (Temporary),Diplomatic,Primary,2082
2015-12-31,Temporary Resident (Other Employment),995 Diplomatic (Temporary),Diplomatic,Secondary,1891
2015-12-31,Temporary Resident (Skilled Employment),457 Temporary Work (Skilled),Temporary Work Skilled,Primary,85903
2015-12-31,Temporary Resident (Skilled Employment),457 Temporary Work (Skilled),Temporary Work Skilled,Secondary,74002
2015-12-31,Visitor,456 Business (Short Stay),Business,Primary,1297
2015-12-31,Visitor,456 Business (Short Stay),Business,Secondary,4
2015-12-31,Visitor,600 Visitor,Business,Primary,3084
2015-12-31,Visitor,600 Visitor,Tourist,Primary,209636
2015-12-31,Visitor,601 Electronic Travel Authority,Business,Primary,1955
2015-12-31,Visitor,601 Electronic Travel Authority,Tourist,Primary,185612
2015-12-31,Visitor,651 eVisitor,Business,Primary,1279
2015-12-31,Visitor,651 eVisitor,Tourist,Primary,109175
2015-12-31,Visitor,676 Tourist,Tourist,Primary,4765
2015-12-31,Visitor,676 Tourist,Tourist,Secondary,7
2015-12-31,Visitor,679 Sponsored Family Visitor,Tourist,Primary,34
2015-12-31,Visitor,679 Sponsored Family Visitor,Tourist,Secondary,4
2015-12-31,Visitor,956 Electronic Travel Authority (Business Entrant - Long Validity),Business,Primary,147
2015-12-31,Visitor,976 Electronic Travel Authority (Visitor),Tourist,Primary,75
2015-12-31,Visitor,977 Electronic Travel Authority (Business Entrant - Short Validity),Business,Primary,16
2015-12-31,Working Holiday Maker,417 Working Holiday,First Visa,Primary,114351
2015-12-31,Working Holiday Maker,417 Working Holiday,Second Visa,Primary,32250
2015-12-31,Working Holiday Maker,462 Work and Holiday,First Visa,Primary,8582
2016-03-31,Bridging,Bridging Visas,Bridging,Primary,97027
2016-03-31,Bridging,Bridging Visas,Bridging,Secondary,844
2016-03-31,Crew and Transit,488 Superyacht Crew,Superyacht Crew,Primary,75
2016-03-31,Crew and Transit,771 Transit,Transit,Primary,229
2016-03-31,Crew and Transit,988 Maritime Crew Visa,Maritime Crew,Primary,20700
2016-03-31,Other Temporary,580 Student Guardian,Student Guardian,Primary,2208
2016-03-31,Other Temporary,580 Student Guardian,Student Guardian,Secondary,51
2016-03-31,Other Temporary,602 Medical Treatment,Medical stream,Primary,576
2016-03-31,Other Temporary,602 Medical Treatment,Medical stream,Secondary,24
2016-03-31,Other Temporary,675 Medical Treatment (Short Stay),Medical stream,Primary,13
2016-03-31,Other Temporary,685 Medical Treatment (Long Stay),Medical stream,Primary,160
2016-03-31,Other Temporary,685 Medical Treatment (Long Stay),Medical stream,Secondary,6
2016-03-31,Other Temporary,773 Border,Border,Primary,216
2016-03-31,Special Category,444 Special Category,Special Category (Not Further Specified),Primary,651391
2016-03-31,Student,560 Student,Higher Education Sector,Primary,3
2016-03-31,Student,560 Student,Higher Education Sector,Secondary,3
2016-03-31,Student,560 Student,Schools Sector,Primary,1
2016-03-31,Student,560 Student,Student (Not Further Specified),Primary,4
2016-03-31,Student,570 Independent ELICOS Sector,Independent ELICOS Sector,Primary,18634
2016-03-31,Student,570 Independent ELICOS Sector,Independent ELICOS Sector,Secondary,1643
2016-03-31,Student,571 Schools Sector,Schools Sector,Primary,16971
2016-03-31,Student,571 Schools Sector,Schools Sector,Secondary,3
2016-03-31,Student,572 Vocational Education and Training Sector,Vocational Education and Training Sector,Primary,72678
2016-03-31,Student,572 Vocational Education and Training Sector,Vocational Education and Training Sector,Secondary,13530
2016-03-31,Student,573 Higher Education Sector,Higher Education Sector,Primary,255103
2016-03-31,Student,573 Higher Education Sector,Higher Education Sector,Secondary,25687
2016-03-31,Student,574 Postgraduate Research Sector,Postgraduate Research Sector,Primary,14998
2016-03-31,Student,574 Postgraduate Research Sector,Postgraduate Research Sector,Secondary,8464
2016-03-31,Student,575 Non-Award Sector,Non-Award Sector,Primary,10310
2016-03-31,Student,575 Non-Award Sector,Non-Award Sector,Secondary,55
2016-03-31,Student,576 Foreign Affairs or Defence Sector,Foreign Affairs or Defence Sector,Primary,3496
2016-03-31,Student,576 Foreign Affairs or Defence Sector,Foreign Affairs or Defence Sector,Secondary,2611
2016-03-31,Temporary Graduate,485 Temporary Graduate,Post-Higher Education Work,Primary,12798
2016-03-31,Temporary Graduate,485 Temporary Graduate,Post-Higher Education Work,Secondary,2728
2016-03-31,Temporary Graduate,485 Temporary Graduate,Post-Vocational Education Work,Primary,10236
2016-03-31,Temporary Graduate,485 Temporary Graduate,Post-Vocational Education Work,Secondary,3294
2016-03-31,Temporary Graduate,485 Temporary Graduate,Temporary Resident - Other (Not Further Specified),Secondary,1
2016-03-31,Temporary Protection,785 Temporary Protection,Onshore Protection (Not Further Specified),Primary,787
2016-03-31,Temporary Protection,785 Temporary Protection,Onshore Protection (Not Further Specified),Secondary,141
2016-03-31,Temporary Protection,786 Temporary (Humanitarian Concern),Onshore Protection (Not Further Specified),Primary,64
2016-03-31,Temporary Protection,786 Temporary (Humanitarian Concern),Onshore Protection (Not Further Specified),Secondary,3
2016-03-31,Temporary Protection,790 Safe Haven Enterprise,Onshore Protection (Not Further Specified),Primary,21
2016-03-31,Temporary Protection,790 Safe Haven Enterprise,Onshore Protection (Not Further Specified),Secondary,11
2016-03-31,Temporary Resident (Other Employment),400 Temporary Work (Short Stay Activity),Australia's Interest,Primary,34
2016-03-31,Temporary Resident (Other Employment),400 Temporary Work (Short Stay Activity),Highly Specialised Work,Primary,2963
2016-03-31,Temporary Resident (Other Employment),400 Temporary Work (Short Stay Activity),Highly Specialised Work,Secondary,136
2016-03-31,Temporary Resident (Other Employment),400 Temporary Work (Short Stay Activity),Invited Participant,Primary,296
2016-03-31,Temporary Resident (Other Employment),400 Temporary Work (Short Stay Activity),Invited Participant,Secondary,7
2016-03-31,Temporary Resident (Other Employment),401 Temporary Work (Long Stay Activity),Domestic Work (Executive),Primary,13
2016-03-31,Temporary Resident (Other Employment),401 Temporary Work (Long Stay Activity),Exchange Arrangements,Primary,62
2016-03-31,Temporary Resident (Other Employment),401 Temporary Work (Long Stay Activity),Exchange Arrangements,Secondary,80
2016-03-31,Temporary Resident (Other Employment),401 Temporary Work (Long Stay Activity),Religious Work,Primary,1745
2016-03-31,Temporary Resident (Other Employment),401 Temporary Work (Long Stay Activity),Religious Work,Secondary,778
2016-03-31,Temporary Resident (Other Employment),401 Temporary Work (Long Stay Activity),Sporting Activities,Primary,281
2016-03-31,Temporary Resident (Other Employment),401 Temporary Work (Long Stay Activity),Sporting Activities,Secondary,117
2016-03-31,Temporary Resident (Other Employment),402 Training and Research,Occupational Trainee,Primary,2704
2016-03-31,Temporary Resident (Other Employment),402 Training and Research,Occupational Trainee,Secondary,590
2016-03-31,Temporary Resident (Other Employment),402 Training and Research,Professional Development,Primary,168
2016-03-31,Temporary Resident (Other Employment),402 Training and Research,Research Activities,Primary,1237
2016-03-31,Temporary Resident (Other Employment),402 Training and Research,Research Activities,Secondary,922
2016-03-31,Temporary Resident (Other Employment),403 Temporary Work (International Relations),Domestic Work (Diplomatic or Consular),Primary,122
2016-03-31,Temporary Resident (Other Employment),403 Temporary Work (International Relations),Foreign Government Agency,Primary,356
2016-03-31,Temporary Resident (Other Employment),403 Temporary Work (International Relations),Foreign Government Agency,Secondary,257
2016-03-31,Temporary Resident (Other Employment),403 Temporary Work (International Relations),Government Agreement,Primary,427
2016-03-31,Temporary Resident (Other Employment),403 Temporary Work (International Relations),Government Agreement,Secondary,373
2016-03-31,Temporary Resident (Other Employment),403 Temporary Work (International Relations),Privileges and immunities,Primary,23
2016-03-31,Temporary Resident (Other Employment),403 Temporary Work (International Relations),Privileges and immunities,Secondary,28
2016-03-31,Temporary Resident (Other Employment),405 Investor Retirement,Temporary Resident - Other (Not Further Specified),Primary,110
2016-03-31,Temporary Resident (Other Employment),405 Investor Retirement,Temporary Resident - Other (Not Further Specified),Secondary,90
2016-03-31,Temporary Resident (Other Employment),406 Government Agreement,Government Agreement,Primary,18
2016-03-31,Temporary Resident (Other Employment),406 Government Agreement,Government Agreement,Secondary,31
2016-03-31,Temporary Resident (Other Employment),410 Retirement,Temporary Resident - Other (Not Further Specified),Primary,2039
2016-03-31,Temporary Resident (Other Employment),410 Retirement,Temporary Resident - Other (Not Further Specified),Secondary,1284
2016-03-31,Temporary Resident (Other Employment),415 Foreign Government Agency,Foreign Government Agency,Primary,10
2016-03-31,Temporary Resident (Other Employment),415 Foreign Government Agency,Foreign Government Agency,Secondary,19
2016-03-31,Temporary Resident (Other Employment),416 Special Program,Seasonal Worker Program,Primary,2006
2016-03-31,Temporary Resident (Other Employment),416 Special Program,Special Programs,Primary,1055
2016-03-31,Temporary Resident (Other Employment),416 Special Program,Special Programs,Secondary,12
2016-03-31,Temporary Resident (Other Employment),419 Visiting Academic,Temporary Resident - Other (Not Further Specified),Primary,2
2016-03-31,Temporary Resident (Other Employment),419 Visiting Academic,Temporary Resident - Other (Not Further Specified),Secondary,3
2016-03-31,Temporary Resident (Other Employment),420 Temporary Work (Entertainment),Entertainment,Primary,1062
2016-03-31,Temporary Resident (Other Employment),420 Temporary Work (Entertainment),Entertainment,Secondary,52
2016-03-31,Temporary Resident (Other Employment),421 Sport,Sporting Activities,Primary,1
2016-03-31,Temporary Resident (Other Employment),423 Media And Film Staff,Entertainment,Primary,3
2016-03-31,Temporary Resident (Other Employment),423 Media And Film Staff,Entertainment,Secondary,2
2016-03-31,Temporary Resident (Other Employment),426 Domestic Worker (Temporary) - Diplomatic or Consular,Domestic Work (Diplomatic or Consular),Primary,5
2016-03-31,Temporary Resident (Other Employment),428 Religious Worker,Religious Work,Primary,1
2016-03-31,Temporary Resident (Other Employment),430 Supported Dependant,Temporary Resident - Other (Not Further Specified),Primary,1
2016-03-31,Temporary Resident (Other Employment),430 Supported Dependant,Temporary Resident - Other (Not Further Specified),Secondary,1
2016-03-31,Temporary Resident (Other Employment),442 Occupational Trainee,Occupational Trainee,Primary,2
2016-03-31,Temporary Resident (Other Employment),476 Skilled - Recognised Graduate,Temporary Resident - Other (Not Further Specified),Primary,918
2016-03-31,Temporary Resident (Other Employment),476 Skilled - Recognised Graduate,Temporary Resident - Other (Not Further Specified),Secondary,133
2016-03-31,Temporary Resident (Other Employment),995 Diplomatic (Temporary),Diplomatic,Primary,2339
2016-03-31,Temporary Resident (Other Employment),995 Diplomatic (Temporary),Diplomatic,Secondary,2127
2016-03-31,Temporary Resident (Skilled Employment),457 Temporary Work (Skilled),Temporary Work Skilled,Primary,97768
2016-03-31,Temporary Resident (Skilled Employment),457 Temporary Work (Skilled),Temporary Work Skilled,Secondary,79627
2016-03-31,Visitor,456 Business (Short Stay),Business,Primary,1121
2016-03-31,Visitor,456 Business (Short Stay),Business,Secondary,9
2016-03-31,Visitor,600 Visitor,Business,Primary,3969
2016-03-31,Visitor,600 Visitor,Tourist,Primary,151851
2016-03-31,Visitor,601 Electronic Travel Authority,Business,Primary,3698
2016-03-31,Visitor,601 Electronic Travel Authority,Tourist,Primary,104864
2016-03-31,Visitor,651 eVisitor,Business,Primary,1979
2016-03-31,Visitor,651 eVisitor,Tourist,Primary,55180
2016-03-31,Visitor,676 Tourist,Tourist,Primary,3244
2016-03-31,Visitor,676 Tourist,Tourist,Secondary,7
2016-03-31,Visitor,679 Sponsored Family Visitor,Tourist,Primary,34
2016-03-31,Visitor,679 Sponsored Family Visitor,Tourist,Secondary,4
2016-03-31,Visitor,956 Electronic Travel Authority (Business Entrant - Long Validity),Business,Primary,128
2016-03-31,Visitor,976 Electronic Travel Authority (Visitor),Tourist,Primary,74
2016-03-31,Visitor,977 Electronic Travel Authority (Business Entrant - Short Validity),Business,Primary,16
2016-03-31,Working Holiday Maker,417 Working Holiday,First Visa,Primary,111103
2016-03-31,Working Holiday Maker,417 Working Holiday,Second Visa,Primary,32532
2016-03-31,Working Holiday Maker,462 Work and Holiday,First Visa,Primary,10220
2016-06-30,Bridging,Bridging Visas,Bridging,Primary,80963
2016-06-30,Bridging,Bridging Visas,Bridging,Secondary,609
2016-06-30,Crew and Transit,488 Superyacht Crew,Superyacht Crew,Primary,51
2016-06-30,Crew and Transit,771 Transit,Transit,Primary,147
2016-06-30,Crew and Transit,988 Maritime Crew Visa,Maritime Crew,Primary,13410
2016-06-30,Other Temporary,580 Student Guardian,Student Guardian,Primary,2042
2016-06-30,Other Temporary,580 Student Guardian,Student Guardian,Secondary,47
2016-06-30,Other Temporary,602 Medical Treatment,Medical stream,Primary,533
2016-06-30,Other Temporary,602 Medical Treatment,Medical stream,Secondary,25
2016-06-30,Other Temporary,675 Medical Treatment (Short Stay),Medical stream,Primary,13
2016-06-30,Other Temporary,685 Medical Treatment (Long Stay),Medical stream,Primary,154
2016-06-30,Other Temporary,685 Medical Treatment (Long Stay),Medical stream,Secondary,6
2016-06-30,Other Temporary,773 Border,Border,Primary,180
2016-06-30,Special Category,444 Special Category,Special Category (Not Further Specified),Primary,660182
2016-06-30,Student,560 Student,Higher Education Sector,Primary,3
2016-06-30,Student,560 Student,Higher Education Sector,Secondary,3
2016-06-30,Student,560 Student,Schools Sector,Primary,1
2016-06-30,Student,560 Student,Student (Not Further Specified),Primary,4
2016-06-30,Student,570 Independent ELICOS Sector,Independent ELICOS Sector,Primary,18767
2016-06-30,Student,570 Independent ELICOS Sector,Independent ELICOS Sector,Secondary,1625
2016-06-30,Student,571 Schools Sector,Schools Sector,Primary,13185
2016-06-30,Student,571 Schools Sector,Schools Sector,Secondary,2
2016-06-30,Student,572 Vocational Education and Training Sector,Vocational Education and Training Sector,Primary,75822
2016-06-30,Student,572 Vocational Education and Training Sector,Vocational Education and Training Sector,Secondary,14155
2016-06-30,Student,573 Higher Education Sector,Higher Education Sector,Primary,216449
2016-06-30,Student,573 Higher Education Sector,Higher Education Sector,Secondary,26741
2016-06-30,Student,574 Postgraduate Research Sector,Postgraduate Research Sector,Primary,14083
2016-06-30,Student,574 Postgraduate Research Sector,Postgraduate Research Sector,Secondary,8152
2016-06-30,Student,575 Non-Award Sector,Non-Award Sector,Primary,6233
2016-06-30,Student,575 Non-Award Sector,Non-Award Sector,Secondary,49
2016-06-30,Student,576 Foreign Affairs or Defence Sector,Foreign Affairs or Defence Sector,Primary,3342
2016-06-30,Student,576 Foreign Affairs or Defence Sector,Foreign Affairs or Defence Sector,Secondary,2807
2016-06-30,Temporary Graduate,485 Temporary Graduate,Post-Higher Education Work,Primary,18137
2016-06-30,Temporary Graduate,485 Temporary Graduate,Post-Higher Education Work,Secondary,4090
2016-06-30,Temporary Graduate,485 Temporary Graduate,Post-Vocational Education Work,Primary,11657
2016-06-30,Temporary Graduate,485 Temporary Graduate,Post-Vocational Education Work,Secondary,3833
2016-06-30,Temporary Protection,785 Temporary Protection,Onshore Protection (Not Further Specified),Primary,1198
2016-06-30,Temporary Protection,785 Temporary Protection,Onshore Protection (Not Further Specified),Secondary,206
2016-06-30,Temporary Protection,786 Temporary (Humanitarian Concern),Onshore Protection (Not Further Specified),Primary,56
2016-06-30,Temporary Protection,786 Temporary (Humanitarian Concern),Onshore Protection (Not Further Specified),Secondary,3
2016-06-30,Temporary Protection,790 Safe Haven Enterprise,Onshore Protection (Not Further Specified),Primary,86
2016-06-30,Temporary Protection,790 Safe Haven Enterprise,Onshore Protection (Not Further Specified),Secondary,37
2016-06-30,Temporary Resident (Other Employment),400 Temporary Work (Short Stay Activity),Australia's Interest,Primary,3
2016-06-30,Temporary Resident (Other Employment),400 Temporary Work (Short Stay Activity),Highly Specialised Work,Primary,2882
2016-06-30,Temporary Resident (Other Employment),400 Temporary Work (Short Stay Activity),Highly Specialised Work,Secondary,134
2016-06-30,Temporary Resident (Other Employment),400 Temporary Work (Short Stay Activity),Invited Participant,Primary,253
2016-06-30,Temporary Resident (Other Employment),400 Temporary Work (Short Stay Activity),Invited Participant,Secondary,12
2016-06-30,Temporary Resident (Other Employment),401 Temporary Work (Long Stay Activity),Domestic Work (Executive),Primary,11
2016-06-30,Temporary Resident (Other Employment),401 Temporary Work (Long Stay Activity),Exchange Arrangements,Primary,63
2016-06-30,Temporary Resident (Other Employment),401 Temporary Work (Long Stay Activity),Exchange Arrangements,Secondary,89
2016-06-30,Temporary Resident (Other Employment),401 Temporary Work (Long Stay Activity),Religious Work,Primary,1731
2016-06-30,Temporary Resident (Other Employment),401 Temporary Work (Long Stay Activity),Religious Work,Secondary,787
2016-06-30,Temporary Resident (Other Employment),401 Temporary Work (Long Stay Activity),Sporting Activities,Primary,194
2016-06-30,Temporary Resident (Other Employment),401 Temporary Work (Long Stay Activity),Sporting Activities,Secondary,48
2016-06-30,Temporary Resident (Other Employment),402 Training and Research,Occupational Trainee,Primary,2527
2016-06-30,Temporary Resident (Other Employment),402 Training and Research,Occupational Trainee,Secondary,522
2016-06-30,Temporary Resident (Other Employment),402 Training and Research,Professional Development,Primary,141
2016-06-30,Temporary Resident (Other Employment),402 Training and Research,Research Activities,Primary,1145
2016-06-30,Temporary Resident (Other Employment),402 Training and Research,Research Activities,Secondary,869
2016-06-30,Temporary Resident (Other Employment),403 Temporary Work (International Relations),Domestic Work (Diplomatic or Consular),Primary,124
2016-06-30,Temporary Resident (Other Employment),403 Temporary Work (International Relations),Foreign Government Agency,Primary,395
2016-06-30,Temporary Resident (Other Employment),403 Temporary Work (International Relations),Foreign Government Agency,Secondary,258
2016-06-30,Temporary Resident (Other Employment),403 Temporary Work (International Relations),Government Agreement,Primary,384
2016-06-30,Temporary Resident (Other Employment),403 Temporary Work (International Relations),Government Agreement,Secondary,339
2016-06-30,Temporary Resident (Other Employment),403 Temporary Work (International Relations),Privileges and immunities,Primary,19
2016-06-30,Temporary Resident (Other Employment),403 Temporary Work (International Relations),Privileges and immunities,Secondary,25
2016-06-30,Temporary Resident (Other Employment),405 Investor Retirement,Temporary Resident - Other (Not Further Specified),Primary,114
2016-06-30,Temporary Resident (Other Employment),405 Investor Retirement,Temporary Resident - Other (Not Further Specified),Secondary,81
2016-06-30,Temporary Resident (Other Employment),406 Government Agreement,Government Agreement,Primary,11
2016-06-30,Temporary Resident (Other Employment),406 Government Agreement,Government Agreement,Secondary,19
2016-06-30,Temporary Resident (Other Employment),410 Retirement,Temporary Resident - Other (Not Further Specified),Primary,1820
2016-06-30,Temporary Resident (Other Employment),410 Retirement,Temporary Resident - Other (Not Further Specified),Secondary,1108
2016-06-30,Temporary Resident (Other Employment),415 Foreign Government Agency,Foreign Government Agency,Primary,6
2016-06-30,Temporary Resident (Other Employment),415 Foreign Government Agency,Foreign Government Agency,Secondary,13
2016-06-30,Temporary Resident (Other Employment),416 Special Program,Seasonal Worker Program,Primary,2351
2016-06-30,Temporary Resident (Other Employment),416 Special Program,Special Programs,Primary,874
2016-06-30,Temporary Resident (Other Employment),416 Special Program,Special Programs,Secondary,13
2016-06-30,Temporary Resident (Other Employment),419 Visiting Academic,Temporary Resident - Other (Not Further Specified),Primary,2
2016-06-30,Temporary Resident (Other Employment),419 Visiting Academic,Temporary Resident - Other (Not Further Specified),Secondary,3
2016-06-30,Temporary Resident (Other Employment),420 Temporary Work (Entertainment),Entertainment,Primary,815
2016-06-30,Temporary Resident (Other Employment),420 Temporary Work (Entertainment),Entertainment,Secondary,44
2016-06-30,Temporary Resident (Other Employment),421 Sport,Sporting Activities,Primary,1
2016-06-30,Temporary Resident (Other Employment),423 Media And Film Staff,Entertainment,Primary,2
2016-06-30,Temporary Resident (Other Employment),426 Domestic Worker (Temporary) - Diplomatic or Consular,Domestic Work (Diplomatic or Consular),Primary,2
2016-06-30,Temporary Resident (Other Employment),430 Supported Dependant,Temporary Resident - Other (Not Further Specified),Primary,1
2016-06-30,Temporary Resident (Other Employment),430 Supported Dependant,Temporary Resident - Other (Not Further Specified),Secondary,1
2016-06-30,Temporary Resident (Other Employment),476 Skilled - Recognised Graduate,Temporary Resident - Other (Not Further Specified),Primary,958
2016-06-30,Temporary Resident (Other Employment),476 Skilled - Recognised Graduate,Temporary Resident - Other (Not Further Specified),Secondary,126
2016-06-30,Temporary Resident (Other Employment),995 Diplomatic (Temporary),Diplomatic,Primary,2186
2016-06-30,Temporary Resident (Other Employment),995 Diplomatic (Temporary),Diplomatic,Secondary,1953
2016-06-30,Temporary Resident (Skilled Employment),457 Temporary Work (Skilled),Temporary Work Skilled,Primary,94889
2016-06-30,Temporary Resident (Skilled Employment),457 Temporary Work (Skilled),Temporary Work Skilled,Secondary,75696
2016-06-30,Visitor,456 Business (Short Stay),Business,Primary,1032
2016-06-30,Visitor,456 Business (Short Stay),Business,Secondary,6
2016-06-30,Visitor,600 Visitor,Business,Primary,5685
2016-06-30,Visitor,600 Visitor,Tourist,Primary,157911
2016-06-30,Visitor,601 Electronic Travel Authority,Business,Primary,3451
2016-06-30,Visitor,601 Electronic Travel Authority,Tourist,Primary,69093
2016-06-30,Visitor,651 eVisitor,Business,Primary,1558
2016-06-30,Visitor,651 eVisitor,Tourist,Primary,20787
2016-06-30,Visitor,676 Tourist,Tourist,Primary,2700
2016-06-30,Visitor,676 Tourist,Tourist,Secondary,6
2016-06-30,Visitor,679 Sponsored Family Visitor,Tourist,Primary,34
2016-06-30,Visitor,679 Sponsored Family Visitor,Tourist,Secondary,4
2016-06-30,Visitor,956 Electronic Travel Authority (Business Entrant - Long Validity),Business,Primary,88
2016-06-30,Visitor,976 Electronic Travel Authority (Visitor),Tourist,Primary,74
2016-06-30,Visitor,977 Electronic Travel Authority (Business Entrant - Short Validity),Business,Primary,16
2016-06-30,Working Holiday Maker,417 Working Holiday,First Visa,Primary,95847
2016-06-30,Working Holiday Maker,417 Working Holiday,Second Visa,Primary,30909
2016-06-30,Working Holiday Maker,462 Work and Holiday,First Visa,Primary,10620
2016-09-30,Bridging,Bridging Visas,Bridging,Primary,95538
2016-09-30,Bridging,Bridging Visas,Bridging,Secondary,839
2016-09-30,Crew and Transit,488 Superyacht Crew,Superyacht Crew,Primary,67
2016-09-30,Crew and Transit,771 Transit,Transit,Primary,204
2016-09-30,Crew and Transit,988 Maritime Crew Visa,Maritime Crew,Primary,12240
2016-09-30,Other Temporary,580 Student Guardian,Student Guardian,Primary,2343
2016-09-30,Other Temporary,580 Student Guardian,Student Guardian,Secondary,53
2016-09-30,Other Temporary,590 Student Guardian,Student Guardian,Primary,85
2016-09-30,Other Temporary,590 Student Guardian,Student Guardian,Secondary,2
2016-09-30,Other Temporary,602 Medical Treatment,Medical stream,Primary,542
2016-09-30,Other Temporary,602 Medical Treatment,Medical stream,Secondary,25
2016-09-30,Other Temporary,675 Medical Treatment (Short Stay),Medical stream,Primary,13
2016-09-30,Other Temporary,685 Medical Treatment (Long Stay),Medical stream,Primary,143
2016-09-30,Other Temporary,685 Medical Treatment (Long Stay),Medical stream,Secondary,5
2016-09-30,Other Temporary,773 Border,Border,Primary,231
2016-09-30,Special Category,444 Special Category,Special Category (Not Further Specified),Primary,677029
2016-09-30,Student,500 Student,Foreign Affairs or Defence Sector,Primary,412
2016-09-30,Student,500 Student,Foreign Affairs or Defence Sector,Secondary,41
2016-09-30,Student,500 Student,Higher Education Sector,Primary,16777
2016-09-30,Student,500 Student,Higher Education Sector,Secondary,1100
2016-09-30,Student,500 Student,Independent ELICOS Sector,Primary,3905
2016-09-30,Student,500 Student,Independent ELICOS Sector,Secondary,206
2016-09-30,Student,500 Student,Non-Award Sector,Primary,749
2016-09-30,Student,500 Student,Non-Award Sector,Secondary,8
2016-09-30,Student,500 Student,Postgraduate Research Sector,Primary,679
2016-09-30,Student,500 Student,Postgraduate Research Sector,Secondary,178
2016-09-30,Student,500 Student,Schools Sector,Primary,822
2016-09-30,Student,500 Student,Vocational Education and Training Sector,Primary,7827
2016-09-30,Student,500 Student,Vocational Education and Training Sector,Secondary,843
2016-09-30,Student,560 Student,Higher Education Sector,Primary,3
2016-09-30,Student,560 Student,Higher Education Sector,Secondary,3
2016-09-30,Student,560 Student,Schools Sector,Primary,1
2016-09-30,Student,560 Student,Student (Not Further Specified),Primary,4
2016-09-30,Student,570 Independent ELICOS Sector,Independent ELICOS Sector,Primary,16719
2016-09-30,Student,570 Independent ELICOS Sector,Independent ELICOS Sector,Secondary,1523
2016-09-30,Student,571 Schools Sector,Schools Sector,Primary,18888
2016-09-30,Student,571 Schools Sector,Schools Sector,Secondary,1
2016-09-30,Student,572 Vocational Education and Training Sector,Vocational Education and Training Sector,Primary,74299
2016-09-30,Student,572 Vocational Education and Training Sector,Vocational Education and Training Sector,Secondary,13754
2016-09-30,Student,573 Higher Education Sector,Higher Education Sector,Primary,249043
2016-09-30,Student,573 Higher Education Sector,Higher Education Sector,Secondary,25654
2016-09-30,Student,574 Postgraduate Research Sector,Postgraduate Research Sector,Primary,14108
2016-09-30,Student,574 Postgraduate Research Sector,Postgraduate Research Sector,Secondary,7941
2016-09-30,Student,575 Non-Award Sector,Non-Award Sector,Primary,9832
2016-09-30,Student,575 Non-Award Sector,Non-Award Sector,Secondary,49
2016-09-30,Student,576 Foreign Affairs or Defence Sector,Foreign Affairs or Defence Sector,Primary,2949
2016-09-30,Student,576 Foreign Affairs or Defence Sector,Foreign Affairs or Defence Sector,Secondary,2493
2016-09-30,Temporary Graduate,485 Temporary Graduate,Post-Higher Education Work,Primary,20290
2016-09-30,Temporary Graduate,485 Temporary Graduate,Post-Higher Education Work,Secondary,4896
2016-09-30,Temporary Graduate,485 Temporary Graduate,Post-Vocational Education Work,Primary,9959
2016-09-30,Temporary Graduate,485 Temporary Graduate,Post-Vocational Education Work,Secondary,3493
2016-09-30,Temporary Protection,785 Temporary Protection,Onshore Protection (Not Further Specified),Primary,1926
2016-09-30,Temporary Protection,785 Temporary Protection,Onshore Protection (Not Further Specified),Secondary,375
2016-09-30,Temporary Protection,786 Temporary (Humanitarian Concern),Onshore Protection (Not Further Specified),Primary,44
2016-09-30,Temporary Protection,790 Safe Haven Enterprise,Onshore Protection (Not Further Specified),Primary,420
2016-09-30,Temporary Protection,790 Safe Haven Enterprise,Onshore Protection (Not Further Specified),Secondary,71
2016-09-30,Temporary Resident (Other Employment),400 Temporary Work (Short Stay Activity),Australia's Interest,Primary,8
2016-09-30,Temporary Resident (Other Employment),400 Temporary Work (Short Stay Activity),Highly Specialised Work,Primary,2749
2016-09-30,Temporary Resident (Other Employment),400 Temporary Work (Short Stay Activity),Highly Specialised Work,Secondary,126
2016-09-30,Temporary Resident (Other Employment),400 Temporary Work (Short Stay Activity),Invited Participant,Primary,326
2016-09-30,Temporary Resident (Other Employment),400 Temporary Work (Short Stay Activity),Invited Participant,Secondary,2
2016-09-30,Temporary Resident (Other Employment),401 Temporary Work (Long Stay Activity),Domestic Work (Executive),Primary,13
2016-09-30,Temporary Resident (Other Employment),401 Temporary Work (Long Stay Activity),Exchange Arrangements,Primary,63
2016-09-30,Temporary Resident (Other Employment),401 Temporary Work (Long Stay Activity),Exchange Arrangements,Secondary,93
2016-09-30,Temporary Resident (Other Employment),401 Temporary Work (Long Stay Activity),Religious Work,Primary,1808
2016-09-30,Temporary Resident (Other Employment),401 Temporary Work (Long Stay Activity),Religious Work,Secondary,828
2016-09-30,Temporary Resident (Other Employment),401 Temporary Work (Long Stay Activity),Sporting Activities,Primary,220
2016-09-30,Temporary Resident (Other Employment),401 Temporary Work (Long Stay Activity),Sporting Activities,Secondary,61
2016-09-30,Temporary Resident (Other Employment),402 Training and Research,Occupational Trainee,Primary,2662
2016-09-30,Temporary Resident (Other Employment),402 Training and Research,Occupational Trainee,Secondary,557
2016-09-30,Temporary Resident (Other Employment),402 Training and Research,Professional Development,Primary,104
2016-09-30,Temporary Resident (Other Employment),402 Training and Research,Research Activities,Primary,1081
2016-09-30,Temporary Resident (Other Employment),402 Training and Research,Research Activities,Secondary,815
2016-09-30,Temporary Resident (Other Employment),403 Temporary Work (International Relations),Domestic Work (Diplomatic or Consular),Primary,127
2016-09-30,Temporary Resident (Other Employment),403 Temporary Work (International Relations),Foreign Government Agency,Primary,381
2016-09-30,Temporary Resident (Other Employment),403 Temporary Work (International Relations),Foreign Government Agency,Secondary,247
2016-09-30,Temporary Resident (Other Employment),403 Temporary Work (International Relations),Government Agreement,Primary,396
2016-09-30,Temporary Resident (Other Employment),403 Temporary Work (International Relations),Government Agreement,Secondary,383
2016-09-30,Temporary Resident (Other Employment),403 Temporary Work (International Relations),Privileges and immunities,Primary,21
2016-09-30,Temporary Resident (Other Employment),403 Temporary Work (International Relations),Privileges and immunities,Secondary,32
2016-09-30,Temporary Resident (Other Employment),405 Investor Retirement,Temporary Resident - Other (Not Further Specified),Primary,129
2016-09-30,Temporary Resident (Other Employment),405 Investor Retirement,Temporary Resident - Other (Not Further Specified),Secondary,93
2016-09-30,Temporary Resident (Other Employment),406 Government Agreement,Government Agreement,Primary,4
2016-09-30,Temporary Resident (Other Employment),406 Government Agreement,Government Agreement,Secondary,4
2016-09-30,Temporary Resident (Other Employment),410 Retirement,Temporary Resident - Other (Not Further Specified),Primary,1876
2016-09-30,Temporary Resident (Other Employment),410 Retirement,Temporary Resident - Other (Not Further Specified),Secondary,1182
2016-09-30,Temporary Resident (Other Employment),415 Foreign Government Agency,Foreign Government Agency,Primary,2
2016-09-30,Temporary Resident (Other Employment),415 Foreign Government Agency,Foreign Government Agency,Secondary,4
2016-09-30,Temporary Resident (Other Employment),416 Special Program,Seasonal Worker Program,Primary,2368
2016-09-30,Temporary Resident (Other Employment),416 Special Program,Special Programs,Primary,986
2016-09-30,Temporary Resident (Other Employment),416 Special Program,Special Programs,Secondary,20
2016-09-30,Temporary Resident (Other Employment),419 Visiting Academic,Temporary Resident - Other (Not Further Specified),Primary,2
2016-09-30,Temporary Resident (Other Employment),419 Visiting Academic,Temporary Resident - Other (Not Further Specified),Secondary,3
2016-09-30,Temporary Resident (Other Employment),420 Temporary Work (Entertainment),Entertainment,Primary,1272
2016-09-30,Temporary Resident (Other Employment),420 Temporary Work (Entertainment),Entertainment,Secondary,78
2016-09-30,Temporary Resident (Other Employment),421 Sport,Sporting Activities,Primary,1
2016-09-30,Temporary Resident (Other Employment),423 Media And Film Staff,Entertainment,Primary,2
2016-09-30,Temporary Resident (Other Employment),426 Domestic Worker (Temporary) - Diplomatic or Consular,Domestic Work (Diplomatic or Consular),Primary,1
2016-09-30,Temporary Resident (Other Employment),430 Supported Dependant,Temporary Resident - Other (Not Further Specified),Primary,1
2016-09-30,Temporary Resident (Other Employment),430 Supported Dependant,Temporary Resident - Other (Not Further Specified),Secondary,1
2016-09-30,Temporary Resident (Other Employment),476 Skilled - Recognised Graduate,Temporary Resident - Other (Not Further Specified),Primary,1013
2016-09-30,Temporary Resident (Other Employment),476 Skilled - Recognised Graduate,Temporary Resident - Other (Not Further Specified),Secondary,138
2016-09-30,Temporary Resident (Other Employment),995 Diplomatic (Temporary),Diplomatic,Primary,2296
2016-09-30,Temporary Resident (Other Employment),995 Diplomatic (Temporary),Diplomatic,Secondary,2095
2016-09-30,Temporary Resident (Skilled Employment),457 Temporary Work (Skilled),Temporary Work Skilled,Primary,95758
2016-09-30,Temporary Resident (Skilled Employment),457 Temporary Work (Skilled),Temporary Work Skilled,Secondary,76433
2016-09-30,Visitor,456 Business (Short Stay),Business,Primary,965
2016-09-30,Visitor,456 Business (Short Stay),Business,Secondary,4
2016-09-30,Visitor,600 Visitor,Business,Primary,5646
2016-09-30,Visitor,600 Visitor,Tourist,Primary,162810
2016-09-30,Visitor,601 Electronic Travel Authority,Business,Primary,3583
2016-09-30,Visitor,601 Electronic Travel Authority,Tourist,Primary,74229
2016-09-30,Visitor,651 eVisitor,Business,Primary,1618
2016-09-30,Visitor,651 eVisitor,Tourist,Primary,28487
2016-09-30,Visitor,676 Tourist,Tourist,Primary,2375
2016-09-30,Visitor,676 Tourist,Tourist,Secondary,6
2016-09-30,Visitor,679 Sponsored Family Visitor,Tourist,Primary,34
2016-09-30,Visitor,679 Sponsored Family Visitor,Tourist,Secondary,4
2016-09-30,Visitor,956 Electronic Travel Authority (Business Entrant - Long Validity),Business,Primary,71
2016-09-30,Visitor,976 Electronic Travel Authority (Visitor),Tourist,Primary,74
2016-09-30,Visitor,977 Electronic Travel Authority (Business Entrant - Short Validity),Business,Primary,16
2016-09-30,Working Holiday Maker,417 Working Holiday,First Visa,Primary,97535
2016-09-30,Working Holiday Maker,417 Working Holiday,Second Visa,Primary,28583
2016-09-30,Working Holiday Maker,462 Work and Holiday,First Visa,Primary,11911
2016-12-31,Bridging,Bridging Visas,Bridging,Primary,91193
2016-12-31,Bridging,Bridging Visas,Bridging,Secondary,862
2016-12-31,Crew and Transit,488 Superyacht Crew,Superyacht Crew,Primary,77
2016-12-31,Crew and Transit,771 Transit,Transit,Primary,97
2016-12-31,Crew and Transit,988 Maritime Crew Visa,Maritime Crew,Primary,24799
2016-12-31,Other Temporary,580 Student Guardian,Student Guardian,Primary,1175
2016-12-31,Other Temporary,580 Student Guardian,Student Guardian,Secondary,33
2016-12-31,Other Temporary,590 Student Guardian,Student Guardian,Primary,264
2016-12-31,Other Temporary,590 Student Guardian,Student Guardian,Secondary,4
2016-12-31,Other Temporary,602 Medical Treatment,Medical stream,Primary,499
2016-12-31,Other Temporary,602 Medical Treatment,Medical stream,Secondary,25
2016-12-31,Other Temporary,675 Medical Treatment (Short Stay),Medical stream,Primary,13
2016-12-31,Other Temporary,685 Medical Treatment (Long Stay),Medical stream,Primary,130
2016-12-31,Other Temporary,685 Medical Treatment (Long Stay),Medical stream,Secondary,5
2016-12-31,Other Temporary,773 Border,Border,Primary,210
2016-12-31,Special Category,444 Special Category,Special Category (Not Further Specified),Primary,646828
2016-12-31,Student,500 Student,Foreign Affairs or Defence Sector,Primary,162
2016-12-31,Student,500 Student,Foreign Affairs or Defence Sector,Secondary,177
2016-12-31,Student,500 Student,Higher Education Sector,Primary,31534
2016-12-31,Student,500 Student,Higher Education Sector,Secondary,3347
2016-12-31,Student,500 Student,Independent ELICOS Sector,Primary,10681
2016-12-31,Student,500 Student,Independent ELICOS Sector,Secondary,691
2016-12-31,Student,500 Student,Non-Award Sector,Primary,562
2016-12-31,Student,500 Student,Non-Award Sector,Secondary,15
2016-12-31,Student,500 Student,Postgraduate Research Sector,Primary,1508
2016-12-31,Student,500 Student,Postgraduate Research Sector,Secondary,572
2016-12-31,Student,500 Student,Schools Sector,Primary,1196
2016-12-31,Student,500 Student,Vocational Education and Training Sector,Primary,19581
2016-12-31,Student,500 Student,Vocational Education and Training Sector,Secondary,2248
2016-12-31,Student,560 Student,Higher Education Sector,Primary,3
2016-12-31,Student,560 Student,Higher Education Sector,Secondary,3
2016-12-31,Student,560 Student,Schools Sector,Primary,1
2016-12-31,Student,560 Student,Student (Not Further Specified),Primary,4
2016-12-31,Student,570 Independent ELICOS Sector,Independent ELICOS Sector,Primary,9765
2016-12-31,Student,570 Independent ELICOS Sector,Independent ELICOS Sector,Secondary,973
2016-12-31,Student,571 Schools Sector,Schools Sector,Primary,4934
2016-12-31,Student,571 Schools Sector,Schools Sector,Secondary,1
2016-12-31,Student,572 Vocational Education and Training Sector,Vocational Education and Training Sector,Primary,59613
2016-12-31,Student,572 Vocational Education and Training Sector,Vocational Education and Training Sector,Secondary,11583
2016-12-31,Student,573 Higher Education Sector,Higher Education Sector,Primary,151292
2016-12-31,Student,573 Higher Education Sector,Higher Education Sector,Secondary,21733
2016-12-31,Student,574 Postgraduate Research Sector,Postgraduate Research Sector,Primary,10789
2016-12-31,Student,574 Postgraduate Research Sector,Postgraduate Research Sector,Secondary,6508
2016-12-31,Student,575 Non-Award Sector,Non-Award Sector,Primary,2887
2016-12-31,Student,575 Non-Award Sector,Non-Award Sector,Secondary,19
2016-12-31,Student,576 Foreign Affairs or Defence Sector,Foreign Affairs or Defence Sector,Primary,1567
2016-12-31,Student,576 Foreign Affairs or Defence Sector,Foreign Affairs or Defence Sector,Secondary,1806
2016-12-31,Temporary Graduate,485 Temporary Graduate,Post-Higher Education Work,Primary,20349
2016-12-31,Temporary Graduate,485 Temporary Graduate,Post-Higher Education Work,Secondary,5457
2016-12-31,Temporary Graduate,485 Temporary Graduate,Post-Vocational Education Work,Primary,8276
2016-12-31,Temporary Graduate,485 Temporary Graduate,Post-Vocational Education Work,Secondary,3156
2016-12-31,Temporary Protection,785 Temporary Protection,Onshore Protection (Not Further Specified),Primary,2362
2016-12-31,Temporary Protection,785 Temporary Protection,Onshore Protection (Not Further Specified),Secondary,495
2016-12-31,Temporary Protection,786 Temporary (Humanitarian Concern),Onshore Protection (Not Further Specified),Primary,42
2016-12-31,Temporary Protection,790 Safe Haven Enterprise,Onshore Protection (Not Further Specified),Primary,900
2016-12-31,Temporary Protection,790 Safe Haven Enterprise,Onshore Protection (Not Further Specified),Secondary,134
2016-12-31,Temporary Resident (Other Employment),400 Temporary Work (Short Stay Activity),Australia's Interest,Primary,5
2016-12-31,Temporary Resident (Other Employment),400 Temporary Work (Short Stay Activity),Highly Specialised Work,Primary,1842
2016-12-31,Temporary Resident (Other Employment),400 Temporary Work (Short Stay Activity),Highly Specialised Work,Secondary,116
2016-12-31,Temporary Resident (Other Employment),400 Temporary Work (Short Stay Activity),Invited Participant,Primary,463
2016-12-31,Temporary Resident (Other Employment),400 Temporary Work (Short Stay Activity),Invited Participant,Secondary,16
2016-12-31,Temporary Resident (Other Employment),401 Temporary Work (Long Stay Activity),Domestic Work (Executive),Primary,6
2016-12-31,Temporary Resident (Other Employment),401 Temporary Work (Long Stay Activity),Exchange Arrangements,Primary,39
2016-12-31,Temporary Resident (Other Employment),401 Temporary Work (Long Stay Activity),Exchange Arrangements,Secondary,59
2016-12-31,Temporary Resident (Other Employment),401 Temporary Work (Long Stay Activity),Religious Work,Primary,1779
2016-12-31,Temporary Resident (Other Employment),401 Temporary Work (Long Stay Activity),Religious Work,Secondary,805
2016-12-31,Temporary Resident (Other Employment),401 Temporary Work (Long Stay Activity),Sporting Activities,Primary,294
2016-12-31,Temporary Resident (Other Employment),401 Temporary Work (Long Stay Activity),Sporting Activities,Secondary,92
2016-12-31,Temporary Resident (Other Employment),402 Training and Research,Occupational Trainee,Primary,2580
2016-12-31,Temporary Resident (Other Employment),402 Training and Research,Occupational Trainee,Secondary,557
2016-12-31,Temporary Resident (Other Employment),402 Training and Research,Professional Development,Primary,61
2016-12-31,Temporary Resident (Other Employment),402 Training and Research,Research Activities,Primary,1181
2016-12-31,Temporary Resident (Other Employment),402 Training and Research,Research Activities,Secondary,927
2016-12-31,Temporary Resident (Other Employment),403 Temporary Work (International Relations),Domestic Work (Diplomatic or Consular),Primary,97
2016-12-31,Temporary Resident (Other Employment),403 Temporary Work (International Relations),Foreign Government Agency,Primary,254
2016-12-31,Temporary Resident (Other Employment),403 Temporary Work (International Relations),Foreign Government Agency,Secondary,237
2016-12-31,Temporary Resident (Other Employment),403 Temporary Work (International Relations),Government Agreement,Primary,363
2016-12-31,Temporary Resident (Other Employment),403 Temporary Work (International Relations),Government Agreement,Secondary,305
2016-12-31,Temporary Resident (Other Employment),403 Temporary Work (International Relations),Privileges and immunities,Primary,21
2016-12-31,Temporary Resident (Other Employment),403 Temporary Work (International Relations),Privileges and immunities,Secondary,37
2016-12-31,Temporary Resident (Other Employment),403 Temporary Work (International Relations),Seasonal Worker Program,Primary,259
2016-12-31,Temporary Resident (Other Employment),405 Investor Retirement,Temporary Resident - Other (Not Further Specified),Primary,146
2016-12-31,Temporary Resident (Other Employment),405 Investor Retirement,Temporary Resident - Other (Not Further Specified),Secondary,109
2016-12-31,Temporary Resident (Other Employment),408 Temporary Activity,Entertainment,Primary,128
2016-12-31,Temporary Resident (Other Employment),408 Temporary Activity,Entertainment,Secondary,3
2016-12-31,Temporary Resident (Other Employment),408 Temporary Activity,Invited for Other Social and Cultural Activity,Primary,52
2016-12-31,Temporary Resident (Other Employment),408 Temporary Activity,Invited for Other Social and Cultural Activity,Secondary,1
2016-12-31,Temporary Resident (Other Employment),408 Temporary Activity,Religious Work,Primary,2
2016-12-31,Temporary Resident (Other Employment),408 Temporary Activity,Religious Work,Secondary,4
2016-12-31,Temporary Resident (Other Employment),408 Temporary Activity,Research Activities,Primary,14
2016-12-31,Temporary Resident (Other Employment),408 Temporary Activity,Research Activities,Secondary,2
2016-12-31,Temporary Resident (Other Employment),408 Temporary Activity,Sporting Activities,Primary,103
2016-12-31,Temporary Resident (Other Employment),408 Temporary Activity,Sporting Activities,Secondary,4
2016-12-31,Temporary Resident (Other Employment),408 Temporary Activity,Superyacht Crew,Primary,9
2016-12-31,Temporary Resident (Other Employment),410 Retirement,Temporary Resident - Other (Not Further Specified),Primary,1979
2016-12-31,Temporary Resident (Other Employment),410 Retirement,Temporary Resident - Other (Not Further Specified),Secondary,1246
2016-12-31,Temporary Resident (Other Employment),415 Foreign Government Agency,Foreign Government Agency,Primary,1
2016-12-31,Temporary Resident (Other Employment),415 Foreign Government Agency,Foreign Government Agency,Secondary,1
2016-12-31,Temporary Resident (Other Employment),416 Special Program,Seasonal Worker Program,Primary,1970
2016-12-31,Temporary Resident (Other Employment),416 Special Program,Special Programs,Primary,704
2016-12-31,Temporary Resident (Other Employment),416 Special Program,Special Programs,Secondary,12
2016-12-31,Temporary Resident (Other Employment),419 Visiting Academic,Temporary Resident - Other (Not Further Specified),Primary,2
2016-12-31,Temporary Resident (Other Employment),419 Visiting Academic,Temporary Resident - Other (Not Further Specified),Secondary,3
2016-12-31,Temporary Resident (Other Employment),420 Temporary Work (Entertainment),Entertainment,Primary,645
2016-12-31,Temporary Resident (Other Employment),420 Temporary Work (Entertainment),Entertainment,Secondary,83
2016-12-31,Temporary Resident (Other Employment),421 Sport,Sporting Activities,Primary,1
2016-12-31,Temporary Resident (Other Employment),423 Media And Film Staff,Entertainment,Primary,1
2016-12-31,Temporary Resident (Other Employment),430 Supported Dependant,Temporary Resident - Other (Not Further Specified),Primary,1
2016-12-31,Temporary Resident (Other Employment),430 Supported Dependant,Temporary Resident - Other (Not Further Specified),Secondary,1
2016-12-31,Temporary Resident (Other Employment),476 Skilled - Recognised Graduate,Temporary Resident - Other (Not Further Specified),Primary,1016
2016-12-31,Temporary Resident (Other Employment),476 Skilled - Recognised Graduate,Temporary Resident - Other (Not Further Specified),Secondary,135
2016-12-31,Temporary Resident (Other Employment),995 Diplomatic (Temporary),Diplomatic,Primary,2128
2016-12-31,Temporary Resident (Other Employment),995 Diplomatic (Temporary),Diplomatic,Secondary,1939
2016-12-31,Temporary Resident (Skilled Employment),457 Temporary Work (Skilled),Temporary Work Skilled,Primary,81299
2016-12-31,Temporary Resident (Skilled Employment),457 Temporary Work (Skilled),Temporary Work Skilled,Secondary,68924
2016-12-31,Visitor,456 Business (Short Stay),Business,Primary,1060
2016-12-31,Visitor,456 Business (Short Stay),Business,Secondary,4
2016-12-31,Visitor,600 Visitor,Business,Primary,3597
2016-12-31,Visitor,600 Visitor,Tourist,Primary,244112
2016-12-31,Visitor,601 Electronic Travel Authority,Business,Primary,1909
2016-12-31,Visitor,601 Electronic Travel Authority,Tourist,Primary,190385
2016-12-31,Visitor,651 eVisitor,Business,Primary,1372
2016-12-31,Visitor,651 eVisitor,Tourist,Primary,120783
2016-12-31,Visitor,676 Tourist,Tourist,Primary,2307
2016-12-31,Visitor,676 Tourist,Tourist,Secondary,6
2016-12-31,Visitor,679 Sponsored Family Visitor,Tourist,Primary,34
2016-12-31,Visitor,679 Sponsored Family Visitor,Tourist,Secondary,4
2016-12-31,Visitor,956 Electronic Travel Authority (Business Entrant - Long Validity),Business,Primary,96
2016-12-31,Visitor,976 Electronic Travel Authority (Visitor),Tourist,Primary,74
2016-12-31,Visitor,977 Electronic Travel Authority (Business Entrant - Short Validity),Business,Primary,16
2016-12-31,Working Holiday Maker,417 Working Holiday,First Visa,Primary,107145
2016-12-31,Working Holiday Maker,417 Working Holiday,Second Visa,Primary,28137
2016-12-31,Working Holiday Maker,462 Work and Holiday,First Visa,Primary,13213
2017-03-31,Bridging,Bridging Visas,Bridging,Primary,119140
2017-03-31,Bridging,Bridging Visas,Bridging,Secondary,1097
2017-03-31,Crew and Transit,488 Superyacht Crew,Superyacht Crew,Primary,43
2017-03-31,Crew and Transit,771 Transit,Transit,Primary,356
2017-03-31,Crew and Transit,988 Maritime Crew Visa,Maritime Crew,Primary,21052
2017-03-31,Other Temporary,580 Student Guardian,Student Guardian,Primary,2021
2017-03-31,Other Temporary,580 Student Guardian,Student Guardian,Secondary,39
2017-03-31,Other Temporary,590 Student Guardian,Student Guardian,Primary,996
2017-03-31,Other Temporary,590 Student Guardian,Student Guardian,Secondary,19
2017-03-31,Other Temporary,602 Medical Treatment,Medical stream,Primary,552
2017-03-31,Other Temporary,602 Medical Treatment,Medical stream,Secondary,27
2017-03-31,Other Temporary,675 Medical Treatment (Short Stay),Medical stream,Primary,13
2017-03-31,Other Temporary,685 Medical Treatment (Long Stay),Medical stream,Primary,121
2017-03-31,Other Temporary,685 Medical Treatment (Long Stay),Medical stream,Secondary,5
2017-03-31,Other Temporary,773 Border,Border,Primary,172
2017-03-31,Special Category,444 Special Category,Special Category (Not Further Specified),Primary,666324
2017-03-31,Student,500 Student,Foreign Affairs or Defence Sector,Primary,1581
2017-03-31,Student,500 Student,Foreign Affairs or Defence Sector,Secondary,497
2017-03-31,Student,500 Student,Higher Education Sector,Primary,96199
2017-03-31,Student,500 Student,Higher Education Sector,Secondary,7741
2017-03-31,Student,500 Student,Independent ELICOS Sector,Primary,17872
2017-03-31,Student,500 Student,Independent ELICOS Sector,Secondary,1161
2017-03-31,Student,500 Student,Non-Award Sector,Primary,9696
2017-03-31,Student,500 Student,Non-Award Sector,Secondary,30
2017-03-31,Student,500 Student,Postgraduate Research Sector,Primary,3874
2017-03-31,Student,500 Student,Postgraduate Research Sector,Secondary,1352
2017-03-31,Student,500 Student,Schools Sector,Primary,5643
2017-03-31,Student,500 Student,Schools Sector,Secondary,1
2017-03-31,Student,500 Student,Vocational Education and Training Sector,Primary,36817
2017-03-31,Student,500 Student,Vocational Education and Training Sector,Secondary,4073
2017-03-31,Student,560 Student,Higher Education Sector,Primary,3
2017-03-31,Student,560 Student,Higher Education Sector,Secondary,3
2017-03-31,Student,560 Student,Schools Sector,Primary,1
2017-03-31,Student,560 Student,Student (Not Further Specified),Primary,4
2017-03-31,Student,570 Independent ELICOS Sector,Independent ELICOS Sector,Primary,4490
2017-03-31,Student,570 Independent ELICOS Sector,Independent ELICOS Sector,Secondary,636
2017-03-31,Student,571 Schools Sector,Schools Sector,Primary,14174
2017-03-31,Student,571 Schools Sector,Schools Sector,Secondary,2
2017-03-31,Student,572 Vocational Education and Training Sector,Vocational Education and Training Sector,Primary,51989
2017-03-31,Student,572 Vocational Education and Training Sector,Vocational Education and Training Sector,Secondary,9593
2017-03-31,Student,573 Higher Education Sector,Higher Education Sector,Primary,193213
2017-03-31,Student,573 Higher Education Sector,Higher Education Sector,Secondary,18065
2017-03-31,Student,574 Postgraduate Research Sector,Postgraduate Research Sector,Primary,12095
2017-03-31,Student,574 Postgraduate Research Sector,Postgraduate Research Sector,Secondary,6608
2017-03-31,Student,575 Non-Award Sector,Non-Award Sector,Primary,2034
2017-03-31,Student,575 Non-Award Sector,Non-Award Sector,Secondary,6
2017-03-31,Student,576 Foreign Affairs or Defence Sector,Foreign Affairs or Defence Sector,Primary,1789
2017-03-31,Student,576 Foreign Affairs or Defence Sector,Foreign Affairs or Defence Sector,Secondary,1470
2017-03-31,Temporary Graduate,485 Temporary Graduate,Post-Higher Education Work,Primary,25570
2017-03-31,Temporary Graduate,485 Temporary Graduate,Post-Higher Education Work,Secondary,6693
2017-03-31,Temporary Graduate,485 Temporary Graduate,Post-Vocational Education Work,Primary,8535
2017-03-31,Temporary Graduate,485 Temporary Graduate,Post-Vocational Education Work,Secondary,3136
2017-03-31,Temporary Protection,785 Temporary Protection,Onshore Protection (Not Further Specified),Primary,2916
2017-03-31,Temporary Protection,785 Temporary Protection,Onshore Protection (Not Further Specified),Secondary,622
2017-03-31,Temporary Protection,786 Temporary (Humanitarian Concern),Onshore Protection (Not Further Specified),Primary,20
2017-03-31,Temporary Protection,790 Safe Haven Enterprise,Onshore Protection (Not Further Specified),Primary,1729
2017-03-31,Temporary Protection,790 Safe Haven Enterprise,Onshore Protection (Not Further Specified),Secondary,297
2017-03-31,Temporary Resident (Other Employment),400 Temporary Work (Short Stay Activity),Australia's Interest,Primary,3
2017-03-31,Temporary Resident (Other Employment),400 Temporary Work (Short Stay Activity),Highly Specialised Work,Primary,2913
2017-03-31,Temporary Resident (Other Employment),400 Temporary Work (Short Stay Activity),Highly Specialised Work,Secondary,110
2017-03-31,Temporary Resident (Other Employment),400 Temporary Work (Short Stay Activity),Invited Participant,Primary,28
2017-03-31,Temporary Resident (Other Employment),401 Temporary Work (Long Stay Activity),Domestic Work (Executive),Primary,9
2017-03-31,Temporary Resident (Other Employment),401 Temporary Work (Long Stay Activity),Exchange Arrangements,Primary,60
2017-03-31,Temporary Resident (Other Employment),401 Temporary Work (Long Stay Activity),Exchange Arrangements,Secondary,89
2017-03-31,Temporary Resident (Other Employment),401 Temporary Work (Long Stay Activity),Religious Work,Primary,1693
2017-03-31,Temporary Resident (Other Employment),401 Temporary Work (Long Stay Activity),Religious Work,Secondary,767
2017-03-31,Temporary Resident (Other Employment),401 Temporary Work (Long Stay Activity),Sporting Activities,Primary,227
2017-03-31,Temporary Resident (Other Employment),401 Temporary Work (Long Stay Activity),Sporting Activities,Secondary,73
2017-03-31,Temporary Resident (Other Employment),402 Training and Research,Occupational Trainee,Primary,2628
2017-03-31,Temporary Resident (Other Employment),402 Training and Research,Occupational Trainee,Secondary,483
2017-03-31,Temporary Resident (Other Employment),402 Training and Research,Professional Development,Primary,48
2017-03-31,Temporary Resident (Other Employment),402 Training and Research,Research Activities,Primary,944
2017-03-31,Temporary Resident (Other Employment),402 Training and Research,Research Activities,Secondary,773
2017-03-31,Temporary Resident (Other Employment),403 Temporary Work (International Relations),Domestic Work (Diplomatic or Consular),Primary,130
2017-03-31,Temporary Resident (Other Employment),403 Temporary Work (International Relations),Foreign Government Agency,Primary,363
2017-03-31,Temporary Resident (Other Employment),403 Temporary Work (International Relations),Foreign Government Agency,Secondary,261
2017-03-31,Temporary Resident (Other Employment),403 Temporary Work (International Relations),Government Agreement,Primary,470
2017-03-31,Temporary Resident (Other Employment),403 Temporary Work (International Relations),Government Agreement,Secondary,395
2017-03-31,Temporary Resident (Other Employment),403 Temporary Work (International Relations),Privileges and immunities,Primary,20
2017-03-31,Temporary Resident (Other Employment),403 Temporary Work (International Relations),Privileges and immunities,Secondary,33
2017-03-31,Temporary Resident (Other Employment),403 Temporary Work (International Relations),Seasonal Worker Program,Primary,1508
2017-03-31,Temporary Resident (Other Employment),405 Investor Retirement,Temporary Resident - Other (Not Further Specified),Primary,144
2017-03-31,Temporary Resident (Other Employment),405 Investor Retirement,Temporary Resident - Other (Not Further Specified),Secondary,111
2017-03-31,Temporary Resident (Other Employment),407 Training,Temporary Resident - Other (Not Further Specified),Primary,338
2017-03-31,Temporary Resident (Other Employment),407 Training,Temporary Resident - Other (Not Further Specified),Secondary,218
2017-03-31,Temporary Resident (Other Employment),408 Temporary Activity,Domestic Work (Executive),Primary,3
2017-03-31,Temporary Resident (Other Employment),408 Temporary Activity,Entertainment,Primary,850
2017-03-31,Temporary Resident (Other Employment),408 Temporary Activity,Entertainment,Secondary,23
2017-03-31,Temporary Resident (Other Employment),408 Temporary Activity,Exchange Arrangements,Primary,9
2017-03-31,Temporary Resident (Other Employment),408 Temporary Activity,Exchange Arrangements,Secondary,1
2017-03-31,Temporary Resident (Other Employment),408 Temporary Activity,Invited for Other Social and Cultural Activity,Primary,230
2017-03-31,Temporary Resident (Other Employment),408 Temporary Activity,Invited for Other Social and Cultural Activity,Secondary,4
2017-03-31,Temporary Resident (Other Employment),408 Temporary Activity,Religious Work,Primary,123
2017-03-31,Temporary Resident (Other Employment),408 Temporary Activity,Religious Work,Secondary,46
2017-03-31,Temporary Resident (Other Employment),408 Temporary Activity,Research Activities,Primary,371
2017-03-31,Temporary Resident (Other Employment),408 Temporary Activity,Research Activities,Secondary,176
2017-03-31,Temporary Resident (Other Employment),408 Temporary Activity,Special Programs,Primary,160
2017-03-31,Temporary Resident (Other Employment),408 Temporary Activity,Special Programs,Secondary,1
2017-03-31,Temporary Resident (Other Employment),408 Temporary Activity,Sporting Activities,Primary,172
2017-03-31,Temporary Resident (Other Employment),408 Temporary Activity,Sporting Activities,Secondary,13
2017-03-31,Temporary Resident (Other Employment),408 Temporary Activity,Superyacht Crew,Primary,35
2017-03-31,Temporary Resident (Other Employment),408 Temporary Activity,Superyacht Crew,Secondary,2
2017-03-31,Temporary Resident (Other Employment),410 Retirement,Temporary Resident - Other (Not Further Specified),Primary,1960
2017-03-31,Temporary Resident (Other Employment),410 Retirement,Temporary Resident - Other (Not Further Specified),Secondary,1227
2017-03-31,Temporary Resident (Other Employment),416 Special Program,Seasonal Worker Program,Primary,1267
2017-03-31,Temporary Resident (Other Employment),416 Special Program,Special Programs,Primary,854
2017-03-31,Temporary Resident (Other Employment),416 Special Program,Special Programs,Secondary,12
2017-03-31,Temporary Resident (Other Employment),419 Visiting Academic,Temporary Resident - Other (Not Further Specified),Primary,2
2017-03-31,Temporary Resident (Other Employment),419 Visiting Academic,Temporary Resident - Other (Not Further Specified),Secondary,3
2017-03-31,Temporary Resident (Other Employment),420 Temporary Work (Entertainment),Entertainment,Primary,265
2017-03-31,Temporary Resident (Other Employment),420 Temporary Work (Entertainment),Entertainment,Secondary,55
2017-03-31,Temporary Resident (Other Employment),421 Sport,Sporting Activities,Primary,1
2017-03-31,Temporary Resident (Other Employment),423 Media And Film Staff,Entertainment,Primary,1
2017-03-31,Temporary Resident (Other Employment),430 Supported Dependant,Temporary Resident - Other (Not Further Specified),Primary,1
2017-03-31,Temporary Resident (Other Employment),430 Supported Dependant,Temporary Resident - Other (Not Further Specified),Secondary,1
2017-03-31,Temporary Resident (Other Employment),476 Skilled - Recognised Graduate,Temporary Resident - Other (Not Further Specified),Primary,1180
2017-03-31,Temporary Resident (Other Employment),476 Skilled - Recognised Graduate,Temporary Resident - Other (Not Further Specified),Secondary,147
2017-03-31,Temporary Resident (Other Employment),995 Diplomatic (Temporary),Diplomatic,Primary,2298
2017-03-31,Temporary Resident (Other Employment),995 Diplomatic (Temporary),Diplomatic,Secondary,2199
2017-03-31,Temporary Resident (Skilled Employment),457 Temporary Work (Skilled),Temporary Work Skilled,Primary,95360
2017-03-31,Temporary Resident (Skilled Employment),457 Temporary Work (Skilled),Temporary Work Skilled,Secondary,75341
2017-03-31,Visitor,456 Business (Short Stay),Business,Primary,952
2017-03-31,Visitor,456 Business (Short Stay),Business,Secondary,4
2017-03-31,Visitor,600 Visitor,Business,Primary,6251
2017-03-31,Visitor,600 Visitor,Tourist,Primary,166753
2017-03-31,Visitor,601 Electronic Travel Authority,Business,Primary,4807
2017-03-31,Visitor,601 Electronic Travel Authority,Tourist,Primary,93444
2017-03-31,Visitor,651 eVisitor,Business,Primary,2871
2017-03-31,Visitor,651 eVisitor,Tourist,Primary,52154
2017-03-31,Visitor,676 Tourist,Tourist,Primary,2091
2017-03-31,Visitor,676 Tourist,Tourist,Secondary,6
2017-03-31,Visitor,679 Sponsored Family Visitor,Tourist,Primary,32
2017-03-31,Visitor,679 Sponsored Family Visitor,Tourist,Secondary,4
2017-03-31,Visitor,956 Electronic Travel Authority (Business Entrant - Long Validity),Business,Primary,84
2017-03-31,Visitor,976 Electronic Travel Authority (Visitor),Tourist,Primary,74
2017-03-31,Visitor,977 Electronic Travel Authority (Business Entrant - Short Validity),Business,Primary,16
2017-03-31,Working Holiday Maker,417 Working Holiday,First Visa,Primary,106728
2017-03-31,Working Holiday Maker,417 Working Holiday,Second Visa,Primary,29404
2017-03-31,Working Holiday Maker,462 Work and Holiday,First Visa,Primary,13885
2017-03-31,Working Holiday Maker,462 Work and Holiday,Second Visa,Primary,42
2017-06-30,Bridging,Bridging Visas,Bridging,Primary,104903
2017-06-30,Bridging,Bridging Visas,Bridging,Secondary,1020
2017-06-30,Crew and Transit,488 Superyacht Crew,Superyacht Crew,Primary,11
2017-06-30,Crew and Transit,771 Transit,Transit,Primary,240
2017-06-30,Crew and Transit,988 Maritime Crew Visa,Maritime Crew,Primary,13177
2017-06-30,Other Temporary,580 Student Guardian,Student Guardian,Primary,1602
2017-06-30,Other Temporary,580 Student Guardian,Student Guardian,Secondary,25
2017-06-30,Other Temporary,590 Student Guardian,Student Guardian,Primary,1045
2017-06-30,Other Temporary,590 Student Guardian,Student Guardian,Secondary,21
2017-06-30,Other Temporary,602 Medical Treatment,Medical stream,Primary,544
2017-06-30,Other Temporary,602 Medical Treatment,Medical stream,Secondary,28
2017-06-30,Other Temporary,675 Medical Treatment (Short Stay),Medical stream,Primary,13
2017-06-30,Other Temporary,685 Medical Treatment (Long Stay),Medical stream,Primary,108
2017-06-30,Other Temporary,685 Medical Treatment (Long Stay),Medical stream,Secondary,6
2017-06-30,Other Temporary,773 Border,Border,Primary,180
2017-06-30,Special Category,444 Special Category,Special Category (Not Further Specified),Primary,665394
2017-06-30,Student,500 Student,Foreign Affairs or Defence Sector,Primary,1492
2017-06-30,Student,500 Student,Foreign Affairs or Defence Sector,Secondary,955
2017-06-30,Student,500 Student,Higher Education Sector,Primary,90839
2017-06-30,Student,500 Student,Higher Education Sector,Secondary,12580
2017-06-30,Student,500 Student,Independent ELICOS Sector,Primary,19999
2017-06-30,Student,500 Student,Independent ELICOS Sector,Secondary,1583
2017-06-30,Student,500 Student,Non-Award Sector,Primary,5128
2017-06-30,Student,500 Student,Non-Award Sector,Secondary,27
2017-06-30,Student,500 Student,Postgraduate Research Sector,Primary,4349
2017-06-30,Student,500 Student,Postgraduate Research Sector,Secondary,2207
2017-06-30,Student,500 Student,Schools Sector,Primary,5098
2017-06-30,Student,500 Student,Schools Sector,Secondary,2
2017-06-30,Student,500 Student,Vocational Education and Training Sector,Primary,46577
2017-06-30,Student,500 Student,Vocational Education and Training Sector,Secondary,6799
2017-06-30,Student,560 Student,Higher Education Sector,Primary,3
2017-06-30,Student,560 Student,Higher Education Sector,Secondary,3
2017-06-30,Student,560 Student,Schools Sector,Primary,1
2017-06-30,Student,560 Student,Student (Not Further Specified),Primary,4
2017-06-30,Student,570 Independent ELICOS Sector,Independent ELICOS Sector,Primary,2089
2017-06-30,Student,570 Independent ELICOS Sector,Independent ELICOS Sector,Secondary,317
2017-06-30,Student,571 Schools Sector,Schools Sector,Primary,9730
2017-06-30,Student,571 Schools Sector,Schools Sector,Secondary,2
2017-06-30,Student,572 Vocational Education and Training Sector,Vocational Education and Training Sector,Primary,43014
2017-06-30,Student,572 Vocational Education and Training Sector,Vocational Education and Training Sector,Secondary,8149
2017-06-30,Student,573 Higher Education Sector,Higher Education Sector,Primary,146030
2017-06-30,Student,573 Higher Education Sector,Higher Education Sector,Secondary,16509
2017-06-30,Student,574 Postgraduate Research Sector,Postgraduate Research Sector,Primary,10503
2017-06-30,Student,574 Postgraduate Research Sector,Postgraduate Research Sector,Secondary,5882
2017-06-30,Student,575 Non-Award Sector,Non-Award Sector,Primary,1020
2017-06-30,Student,575 Non-Award Sector,Non-Award Sector,Secondary,3
2017-06-30,Student,576 Foreign Affairs or Defence Sector,Foreign Affairs or Defence Sector,Primary,1543
2017-06-30,Student,576 Foreign Affairs or Defence Sector,Foreign Affairs or Defence Sector,Secondary,1361
2017-06-30,Temporary Graduate,485 Temporary Graduate,Post-Higher Education Work,Primary,31997
2017-06-30,Temporary Graduate,485 Temporary Graduate,Post-Higher Education Work,Secondary,8674
2017-06-30,Temporary Graduate,485 Temporary Graduate,Post-Vocational Education Work,Primary,9501
2017-06-30,Temporary Graduate,485 Temporary Graduate,Post-Vocational Education Work,Secondary,3409
2017-06-30,Temporary Graduate,485 Temporary Graduate,Temporary Resident - Other (Not Further Specified),Secondary,1
2017-06-30,Temporary Protection,785 Temporary Protection,Onshore Protection (Not Further Specified),Primary,3292
2017-06-30,Temporary Protection,785 Temporary Protection,Onshore Protection (Not Further Specified),Secondary,813
2017-06-30,Temporary Protection,786 Temporary (Humanitarian Concern),Onshore Protection (Not Further Specified),Primary,4
2017-06-30,Temporary Protection,790 Safe Haven Enterprise,Onshore Protection (Not Further Specified),Primary,2848
2017-06-30,Temporary Protection,790 Safe Haven Enterprise,Onshore Protection (Not Further Specified),Secondary,594
2017-06-30,Temporary Resident (Other Employment),400 Temporary Work (Short Stay Activity),Australia's Interest,Primary,8
2017-06-30,Temporary Resident (Other Employment),400 Temporary Work (Short Stay Activity),Highly Specialised Work,Primary,2980
2017-06-30,Temporary Resident (Other Employment),400 Temporary Work (Short Stay Activity),Highly Specialised Work,Secondary,117
2017-06-30,Temporary Resident (Other Employment),400 Temporary Work (Short Stay Activity),Invited Participant,Primary,2
2017-06-30,Temporary Resident (Other Employment),400 Temporary Work (Short Stay Activity),Invited Participant,Secondary,1
2017-06-30,Temporary Resident (Other Employment),401 Temporary Work (Long Stay Activity),Domestic Work (Executive),Primary,7
2017-06-30,Temporary Resident (Other Employment),401 Temporary Work (Long Stay Activity),Exchange Arrangements,Primary,53
2017-06-30,Temporary Resident (Other Employment),401 Temporary Work (Long Stay Activity),Exchange Arrangements,Secondary,85
2017-06-30,Temporary Resident (Other Employment),401 Temporary Work (Long Stay Activity),Religious Work,Primary,1390
2017-06-30,Temporary Resident (Other Employment),401 Temporary Work (Long Stay Activity),Religious Work,Secondary,617
2017-06-30,Temporary Resident (Other Employment),401 Temporary Work (Long Stay Activity),Sporting Activities,Primary,99
2017-06-30,Temporary Resident (Other Employment),401 Temporary Work (Long Stay Activity),Sporting Activities,Secondary,30
2017-06-30,Temporary Resident (Other Employment),402 Training and Research,Occupational Trainee,Primary,2002
2017-06-30,Temporary Resident (Other Employment),402 Training and Research,Occupational Trainee,Secondary,368
2017-06-30,Temporary Resident (Other Employment),402 Training and Research,Professional Development,Primary,35
2017-06-30,Temporary Resident (Other Employment),402 Training and Research,Research Activities,Primary,742
2017-06-30,Temporary Resident (Other Employment),402 Training and Research,Research Activities,Secondary,555
2017-06-30,Temporary Resident (Other Employment),403 Temporary Work (International Relations),Domestic Work (Diplomatic or Consular),Primary,124
2017-06-30,Temporary Resident (Other Employment),403 Temporary Work (International Relations),Foreign Government Agency,Primary,363
2017-06-30,Temporary Resident (Other Employment),403 Temporary Work (International Relations),Foreign Government Agency,Secondary,267
2017-06-30,Temporary Resident (Other Employment),403 Temporary Work (International Relations),Government Agreement,Primary,446
2017-06-30,Temporary Resident (Other Employment),403 Temporary Work (International Relations),Government Agreement,Secondary,333
2017-06-30,Temporary Resident (Other Employment),403 Temporary Work (International Relations),Privileges and immunities,Primary,12
2017-06-30,Temporary Resident (Other Employment),403 Temporary Work (International Relations),Privileges and immunities,Secondary,20
2017-06-30,Temporary Resident (Other Employment),403 Temporary Work (International Relations),Seasonal Worker Program,Primary,3092
2017-06-30,Temporary Resident (Other Employment),405 Investor Retirement,Temporary Resident - Other (Not Further Specified),Primary,127
2017-06-30,Temporary Resident (Other Employment),405 Investor Retirement,Temporary Resident - Other (Not Further Specified),Secondary,94
2017-06-30,Temporary Resident (Other Employment),407 Training,Temporary Resident - Other (Not Further Specified),Primary,734
2017-06-30,Temporary Resident (Other Employment),407 Training,Temporary Resident - Other (Not Further Specified),Secondary,441
2017-06-30,Temporary Resident (Other Employment),408 Temporary Activity,Australian Government Endorsed Events,Primary,1
2017-06-30,Temporary Resident (Other Employment),408 Temporary Activity,Domestic Work (Executive),Primary,4
2017-06-30,Temporary Resident (Other Employment),408 Temporary Activity,Entertainment,Primary,798
2017-06-30,Temporary Resident (Other Employment),408 Temporary Activity,Entertainment,Secondary,28
2017-06-30,Temporary Resident (Other Employment),408 Temporary Activity,Exchange Arrangements,Primary,16
2017-06-30,Temporary Resident (Other Employment),408 Temporary Activity,Exchange Arrangements,Secondary,1
2017-06-30,Temporary Resident (Other Employment),408 Temporary Activity,Invited for Other Social and Cultural Activity,Primary,241
2017-06-30,Temporary Resident (Other Employment),408 Temporary Activity,Invited for Other Social and Cultural Activity,Secondary,7
2017-06-30,Temporary Resident (Other Employment),408 Temporary Activity,Religious Work,Primary,376
2017-06-30,Temporary Resident (Other Employment),408 Temporary Activity,Religious Work,Secondary,184
2017-06-30,Temporary Resident (Other Employment),408 Temporary Activity,Research Activities,Primary,804
2017-06-30,Temporary Resident (Other Employment),408 Temporary Activity,Research Activities,Secondary,283
2017-06-30,Temporary Resident (Other Employment),408 Temporary Activity,Special Programs,Primary,327
2017-06-30,Temporary Resident (Other Employment),408 Temporary Activity,Special Programs,Secondary,5
2017-06-30,Temporary Resident (Other Employment),408 Temporary Activity,Sporting Activities,Primary,216
2017-06-30,Temporary Resident (Other Employment),408 Temporary Activity,Sporting Activities,Secondary,26
2017-06-30,Temporary Resident (Other Employment),408 Temporary Activity,Superyacht Crew,Primary,65
2017-06-30,Temporary Resident (Other Employment),408 Temporary Activity,Superyacht Crew,Secondary,1
2017-06-30,Temporary Resident (Other Employment),410 Retirement,Temporary Resident - Other (Not Further Specified),Primary,1742
2017-06-30,Temporary Resident (Other Employment),410 Retirement,Temporary Resident - Other (Not Further Specified),Secondary,1086
2017-06-30,Temporary Resident (Other Employment),416 Special Program,Special Programs,Primary,383
2017-06-30,Temporary Resident (Other Employment),416 Special Program,Special Programs,Secondary,5
2017-06-30,Temporary Resident (Other Employment),419 Visiting Academic,Temporary Resident - Other (Not Further Specified),Primary,2
2017-06-30,Temporary Resident (Other Employment),419 Visiting Academic,Temporary Resident - Other (Not Further Specified),Secondary,3
2017-06-30,Temporary Resident (Other Employment),420 Temporary Work (Entertainment),Entertainment,Primary,50
2017-06-30,Temporary Resident (Other Employment),420 Temporary Work (Entertainment),Entertainment,Secondary,8
2017-06-30,Temporary Resident (Other Employment),421 Sport,Sporting Activities,Primary,1
2017-06-30,Temporary Resident (Other Employment),423 Media And Film Staff,Entertainment,Primary,1
2017-06-30,Temporary Resident (Other Employment),430 Supported Dependant,Temporary Resident - Other (Not Further Specified),Primary,1
2017-06-30,Temporary Resident (Other Employment),430 Supported Dependant,Temporary Resident - Other (Not Further Specified),Secondary,1
2017-06-30,Temporary Resident (Other Employment),476 Skilled - Recognised Graduate,Temporary Resident - Other (Not Further Specified),Primary,1346
2017-06-30,Temporary Resident (Other Employment),476 Skilled - Recognised Graduate,Temporary Resident - Other (Not Further Specified),Secondary,165
2017-06-30,Temporary Resident (Other Employment),995 Diplomatic (Temporary),Diplomatic,Primary,2139
2017-06-30,Temporary Resident (Other Employment),995 Diplomatic (Temporary),Diplomatic,Secondary,1991
2017-06-30,Temporary Resident (Skilled Employment),457 Temporary Work (Skilled),Temporary Work Skilled,Primary,90592
2017-06-30,Temporary Resident (Skilled Employment),457 Temporary Work (Skilled),Temporary Work Skilled,Secondary,70821
2017-06-30,Visitor,456 Business (Short Stay),Business,Primary,955
2017-06-30,Visitor,456 Business (Short Stay),Business,Secondary,4
2017-06-30,Visitor,600 Visitor,Business,Primary,5921
2017-06-30,Visitor,600 Visitor,Tourist,Primary,184931
2017-06-30,Visitor,601 Electronic Travel Authority,Business,Primary,3312
2017-06-30,Visitor,601 Electronic Travel Authority,Tourist,Primary,73117
2017-06-30,Visitor,651 eVisitor,Business,Primary,1695
2017-06-30,Visitor,651 eVisitor,Tourist,Primary,22227
2017-06-30,Visitor,676 Tourist,Tourist,Primary,2025
2017-06-30,Visitor,676 Tourist,Tourist,Secondary,6
2017-06-30,Visitor,679 Sponsored Family Visitor,Tourist,Primary,32
2017-06-30,Visitor,679 Sponsored Family Visitor,Tourist,Secondary,4
2017-06-30,Visitor,956 Electronic Travel Authority (Business Entrant - Long Validity),Business,Primary,49
2017-06-30,Visitor,976 Electronic Travel Authority (Visitor),Tourist,Primary,74
2017-06-30,Visitor,977 Electronic Travel Authority (Business Entrant - Short Validity),Business,Primary,16
2017-06-30,Working Holiday Maker,417 Working Holiday,First Visa,Primary,92728
2017-06-30,Working Holiday Maker,417 Working Holiday,Second Visa,Primary,28187
2017-06-30,Working Holiday Maker,462 Work and Holiday,First Visa,Primary,13061
2017-06-30,Working Holiday Maker,462 Work and Holiday,Second Visa,Primary,293
2017-09-30,Bridging,Bridging Visas,Bridging,Primary,128975
2017-09-30,Bridging,Bridging Visas,Bridging,Secondary,1134
2017-09-30,Crew and Transit,488 Superyacht Crew,Superyacht Crew,Primary,5
2017-09-30,Crew and Transit,771 Transit,Transit,Primary,154
2017-09-30,Crew and Transit,988 Maritime Crew Visa,Maritime Crew,Primary,11933
2017-09-30,Other Temporary,580 Student Guardian,Student Guardian,Primary,1546
2017-09-30,Other Temporary,580 Student Guardian,Student Guardian,Secondary,27
2017-09-30,Other Temporary,590 Student Guardian,Student Guardian,Primary,1693
2017-09-30,Other Temporary,590 Student Guardian,Student Guardian,Secondary,32
2017-09-30,Other Temporary,602 Medical Treatment,Medical stream,Primary,563
2017-09-30,Other Temporary,602 Medical Treatment,Medical stream,Secondary,28
2017-09-30,Other Temporary,685 Medical Treatment (Long Stay),Medical stream,Primary,101
2017-09-30,Other Temporary,685 Medical Treatment (Long Stay),Medical stream,Secondary,5
2017-09-30,Other Temporary,773 Border,Border,Primary,242
2017-09-30,Special Category,444 Special Category,Special Category (Not Further Specified),Primary,674569
2017-09-30,Student,500 Student,Foreign Affairs or Defence Sector,Primary,1760
2017-09-30,Student,500 Student,Foreign Affairs or Defence Sector,Secondary,1098
2017-09-30,Student,500 Student,Higher Education Sector,Primary,144459
2017-09-30,Student,500 Student,Higher Education Sector,Secondary,16024
2017-09-30,Student,500 Student,Independent ELICOS Sector,Primary,22534
2017-09-30,Student,500 Student,Independent ELICOS Sector,Secondary,1870
2017-09-30,Student,500 Student,Non-Award Sector,Primary,10244
2017-09-30,Student,500 Student,Non-Award Sector,Secondary,51
2017-09-30,Student,500 Student,Postgraduate Research Sector,Primary,5780
2017-09-30,Student,500 Student,Postgraduate Research Sector,Secondary,2894
2017-09-30,Student,500 Student,Schools Sector,Primary,9500
2017-09-30,Student,500 Student,Schools Sector,Secondary,3
2017-09-30,Student,500 Student,Vocational Education and Training Sector,Primary,58512
2017-09-30,Student,500 Student,Vocational Education and Training Sector,Secondary,8600
2017-09-30,Student,560 Student,Higher Education Sector,Primary,3
2017-09-30,Student,560 Student,Higher Education Sector,Secondary,3
2017-09-30,Student,560 Student,Schools Sector,Primary,1
2017-09-30,Student,560 Student,Student (Not Further Specified),Primary,4
2017-09-30,Student,570 Independent ELICOS Sector,Independent ELICOS Sector,Primary,905
2017-09-30,Student,570 Independent ELICOS Sector,Independent ELICOS Sector,Secondary,154
2017-09-30,Student,571 Schools Sector,Schools Sector,Primary,11248
2017-09-30,Student,571 Schools Sector,Schools Sector,Secondary,1
2017-09-30,Student,572 Vocational Education and Training Sector,Vocational Education and Training Sector,Primary,33752
2017-09-30,Student,572 Vocational Education and Training Sector,Vocational Education and Training Sector,Secondary,6307
2017-09-30,Student,573 Higher Education Sector,Higher Education Sector,Primary,147286
2017-09-30,Student,573 Higher Education Sector,Higher Education Sector,Secondary,12528
2017-09-30,Student,574 Postgraduate Research Sector,Postgraduate Research Sector,Primary,9871
2017-09-30,Student,574 Postgraduate Research Sector,Postgraduate Research Sector,Secondary,5394
2017-09-30,Student,575 Non-Award Sector,Non-Award Sector,Primary,87
2017-09-30,Student,575 Non-Award Sector,Non-Award Sector,Secondary,4
2017-09-30,Student,576 Foreign Affairs or Defence Sector,Foreign Affairs or Defence Sector,Primary,1225
2017-09-30,Student,576 Foreign Affairs or Defence Sector,Foreign Affairs or Defence Sector,Secondary,1002
2017-09-30,Temporary Graduate,485 Temporary Graduate,Post-Higher Education Work,Primary,34222
2017-09-30,Temporary Graduate,485 Temporary Graduate,Post-Higher Education Work,Secondary,9394
2017-09-30,Temporary Graduate,485 Temporary Graduate,Post-Vocational Education Work,Primary,8691
2017-09-30,Temporary Graduate,485 Temporary Graduate,Post-Vocational Education Work,Secondary,3113
2017-09-30,Temporary Graduate,485 Temporary Graduate,Skilled Graduate,Primary,1
2017-09-30,Temporary Graduate,485 Temporary Graduate,Temporary Resident - Other (Not Further Specified),Primary,18
2017-09-30,Temporary Graduate,485 Temporary Graduate,Temporary Resident - Other (Not Further Specified),Secondary,9
2017-09-30,Temporary Protection,785 Temporary Protection,Onshore Protection (Not Further Specified),Primary,3408
2017-09-30,Temporary Protection,785 Temporary Protection,Onshore Protection (Not Further Specified),Secondary,916
2017-09-30,Temporary Protection,786 Temporary (Humanitarian Concern),Onshore Protection (Not Further Specified),Primary,2
2017-09-30,Temporary Protection,790 Safe Haven Enterprise,Onshore Protection (Not Further Specified),Primary,3709
2017-09-30,Temporary Protection,790 Safe Haven Enterprise,Onshore Protection (Not Further Specified),Secondary,915
2017-09-30,Temporary Resident (Other Employment),400 Temporary Work (Short Stay Activity),Australia's Interest,Primary,6
2017-09-30,Temporary Resident (Other Employment),400 Temporary Work (Short Stay Activity),Australia's Interest,Secondary,2
2017-09-30,Temporary Resident (Other Employment),400 Temporary Work (Short Stay Activity),Highly Specialised Work,Primary,3689
2017-09-30,Temporary Resident (Other Employment),400 Temporary Work (Short Stay Activity),Highly Specialised Work,Secondary,142
2017-09-30,Temporary Resident (Other Employment),400 Temporary Work (Short Stay Activity),Invited Participant,Primary,1
2017-09-30,Temporary Resident (Other Employment),401 Temporary Work (Long Stay Activity),Domestic Work (Executive),Primary,2
2017-09-30,Temporary Resident (Other Employment),401 Temporary Work (Long Stay Activity),Exchange Arrangements,Primary,32
2017-09-30,Temporary Resident (Other Employment),401 Temporary Work (Long Stay Activity),Exchange Arrangements,Secondary,49
2017-09-30,Temporary Resident (Other Employment),401 Temporary Work (Long Stay Activity),Religious Work,Primary,1109
2017-09-30,Temporary Resident (Other Employment),401 Temporary Work (Long Stay Activity),Religious Work,Secondary,519
2017-09-30,Temporary Resident (Other Employment),401 Temporary Work (Long Stay Activity),Sporting Activities,Primary,77
2017-09-30,Temporary Resident (Other Employment),401 Temporary Work (Long Stay Activity),Sporting Activities,Secondary,23
2017-09-30,Temporary Resident (Other Employment),402 Training and Research,Occupational Trainee,Primary,1482
2017-09-30,Temporary Resident (Other Employment),402 Training and Research,Occupational Trainee,Secondary,208
2017-09-30,Temporary Resident (Other Employment),402 Training and Research,Professional Development,Primary,26
2017-09-30,Temporary Resident (Other Employment),402 Training and Research,Research Activities,Primary,502
2017-09-30,Temporary Resident (Other Employment),402 Training and Research,Research Activities,Secondary,327
2017-09-30,Temporary Resident (Other Employment),403 Temporary Work (International Relations),Domestic Work (Diplomatic or Consular),Primary,126
2017-09-30,Temporary Resident (Other Employment),403 Temporary Work (International Relations),Foreign Government Agency,Primary,393
2017-09-30,Temporary Resident (Other Employment),403 Temporary Work (International Relations),Foreign Government Agency,Secondary,270
2017-09-30,Temporary Resident (Other Employment),403 Temporary Work (International Relations),Government Agreement,Primary,428
2017-09-30,Temporary Resident (Other Employment),403 Temporary Work (International Relations),Government Agreement,Secondary,340
2017-09-30,Temporary Resident (Other Employment),403 Temporary Work (International Relations),Privileges and immunities,Primary,19
2017-09-30,Temporary Resident (Other Employment),403 Temporary Work (International Relations),Privileges and immunities,Secondary,17
2017-09-30,Temporary Resident (Other Employment),403 Temporary Work (International Relations),Seasonal Worker Program,Primary,3281
2017-09-30,Temporary Resident (Other Employment),405 Investor Retirement,Temporary Resident - Other (Not Further Specified),Primary,141
2017-09-30,Temporary Resident (Other Employment),405 Investor Retirement,Temporary Resident - Other (Not Further Specified),Secondary,106
2017-09-30,Temporary Resident (Other Employment),407 Training,Temporary Resident - Other (Not Further Specified),Primary,932
2017-09-30,Temporary Resident (Other Employment),407 Training,Temporary Resident - Other (Not Further Specified),Secondary,401
2017-09-30,Temporary Resident (Other Employment),408 Temporary Activity,Australian Government Endorsed Events,Primary,3
2017-09-30,Temporary Resident (Other Employment),408 Temporary Activity,Domestic Work (Executive),Primary,7
2017-09-30,Temporary Resident (Other Employment),408 Temporary Activity,Entertainment,Primary,1346
2017-09-30,Temporary Resident (Other Employment),408 Temporary Activity,Entertainment,Secondary,14
2017-09-30,Temporary Resident (Other Employment),408 Temporary Activity,Exchange Arrangements,Primary,31
2017-09-30,Temporary Resident (Other Employment),408 Temporary Activity,Exchange Arrangements,Secondary,8
2017-09-30,Temporary Resident (Other Employment),408 Temporary Activity,Invited for Other Social and Cultural Activity,Primary,357
2017-09-30,Temporary Resident (Other Employment),408 Temporary Activity,Invited for Other Social and Cultural Activity,Secondary,12
2017-09-30,Temporary Resident (Other Employment),408 Temporary Activity,Religious Work,Primary,747
2017-09-30,Temporary Resident (Other Employment),408 Temporary Activity,Religious Work,Secondary,332
2017-09-30,Temporary Resident (Other Employment),408 Temporary Activity,Research Activities,Primary,1398
2017-09-30,Temporary Resident (Other Employment),408 Temporary Activity,Research Activities,Secondary,575
2017-09-30,Temporary Resident (Other Employment),408 Temporary Activity,Special Programs,Primary,687
2017-09-30,Temporary Resident (Other Employment),408 Temporary Activity,Special Programs,Secondary,7
2017-09-30,Temporary Resident (Other Employment),408 Temporary Activity,Sporting Activities,Primary,236
2017-09-30,Temporary Resident (Other Employment),408 Temporary Activity,Sporting Activities,Secondary,81
2017-09-30,Temporary Resident (Other Employment),408 Temporary Activity,Superyacht Crew,Primary,63
2017-09-30,Temporary Resident (Other Employment),408 Temporary Activity,Superyacht Crew,Secondary,1
2017-09-30,Temporary Resident (Other Employment),410 Retirement,Temporary Resident - Other (Not Further Specified),Primary,1595
2017-09-30,Temporary Resident (Other Employment),410 Retirement,Temporary Resident - Other (Not Further Specified),Secondary,1053
2017-09-30,Temporary Resident (Other Employment),416 Special Program,Special Programs,Primary,181
2017-09-30,Temporary Resident (Other Employment),416 Special Program,Special Programs,Secondary,3
2017-09-30,Temporary Resident (Other Employment),420 Temporary Work (Entertainment),Entertainment,Primary,40
2017-09-30,Temporary Resident (Other Employment),420 Temporary Work (Entertainment),Entertainment,Secondary,9
2017-09-30,Temporary Resident (Other Employment),430 Supported Dependant,Temporary Resident - Other (Not Further Specified),Primary,1
2017-09-30,Temporary Resident (Other Employment),430 Supported Dependant,Temporary Resident - Other (Not Further Specified),Secondary,1
2017-09-30,Temporary Resident (Other Employment),476 Skilled - Recognised Graduate,Temporary Resident - Other (Not Further Specified),Primary,1711
2017-09-30,Temporary Resident (Other Employment),476 Skilled - Recognised Graduate,Temporary Resident - Other (Not Further Specified),Secondary,186
2017-09-30,Temporary Resident (Other Employment),995 Diplomatic (Temporary),Diplomatic,Primary,2249
2017-09-30,Temporary Resident (Other Employment),995 Diplomatic (Temporary),Diplomatic,Secondary,2115
2017-09-30,Temporary Resident (Skilled Employment),457 Temporary Work (Skilled),Temporary Work Skilled,Primary,90045
2017-09-30,Temporary Resident (Skilled Employment),457 Temporary Work (Skilled),Temporary Work Skilled,Secondary,70251
2017-09-30,Visitor,456 Business (Short Stay),Business,Primary,66
2017-09-30,Visitor,600 Visitor,Business,Primary,6293
2017-09-30,Visitor,600 Visitor,Tourist,Primary,193933
2017-09-30,Visitor,601 Electronic Travel Authority,Business,Primary,3557
2017-09-30,Visitor,601 Electronic Travel Authority,Tourist,Primary,79275
2017-09-30,Visitor,651 eVisitor,Business,Primary,2096
2017-09-30,Visitor,651 eVisitor,Tourist,Primary,31185
2017-09-30,Visitor,676 Tourist,Tourist,Primary,168
2017-09-30,Visitor,956 Electronic Travel Authority (Business Entrant - Long Validity),Business,Primary,38
2017-09-30,Visitor,976 Electronic Travel Authority (Visitor),Tourist,Primary,18
2017-09-30,Visitor,977 Electronic Travel Authority (Business Entrant - Short Validity),Business,Primary,9
2017-09-30,Working Holiday Maker,417 Working Holiday,First Visa,Primary,95155
2017-09-30,Working Holiday Maker,417 Working Holiday,Second Visa,Primary,28071
2017-09-30,Working Holiday Maker,462 Work and Holiday,First Visa,Primary,12889
2017-09-30,Working Holiday Maker,462 Work and Holiday,Second Visa,Primary,810
2017-12-31,Bridging,Bridging Visas,Bridging,Primary,129171
2017-12-31,Bridging,Bridging Visas,Bridging,Secondary,1279
2017-12-31,Crew and Transit,488 Superyacht Crew,Superyacht Crew,Primary,2
2017-12-31,Crew and Transit,771 Transit,Transit,Primary,89
2017-12-31,Crew and Transit,988 Maritime Crew Visa,Maritime Crew,Primary,23988
2017-12-31,Other Temporary,580 Student Guardian,Student Guardian,Primary,722
2017-12-31,Other Temporary,580 Student Guardian,Student Guardian,Secondary,18
2017-12-31,Other Temporary,590 Student Guardian,Student Guardian,Primary,1116
2017-12-31,Other Temporary,590 Student Guardian,Student Guardian,Secondary,27
2017-12-31,Other Temporary,602 Medical Treatment,Medical stream,Primary,548
2017-12-31,Other Temporary,602 Medical Treatment,Medical stream,Secondary,28
2017-12-31,Other Temporary,685 Medical Treatment (Long Stay),Medical stream,Primary,92
2017-12-31,Other Temporary,685 Medical Treatment (Long Stay),Medical stream,Secondary,4
2017-12-31,Other Temporary,773 Border,Border,Primary,212
2017-12-31,Special Category,444 Special Category,Special Category (Not Further Specified),Primary,653429
2017-12-31,Student,500 Student,Foreign Affairs or Defence Sector,Primary,810
2017-12-31,Student,500 Student,Foreign Affairs or Defence Sector,Secondary,1050
2017-12-31,Student,500 Student,Higher Education Sector,Primary,111376
2017-12-31,Student,500 Student,Higher Education Sector,Secondary,17758
2017-12-31,Student,500 Student,Independent ELICOS Sector,Primary,21364
2017-12-31,Student,500 Student,Independent ELICOS Sector,Secondary,1966
2017-12-31,Student,500 Student,Non-Award Sector,Primary,3351
2017-12-31,Student,500 Student,Non-Award Sector,Secondary,42
2017-12-31,Student,500 Student,Postgraduate Research Sector,Primary,5265
2017-12-31,Student,500 Student,Postgraduate Research Sector,Secondary,2928
2017-12-31,Student,500 Student,Schools Sector,Primary,3899
2017-12-31,Student,500 Student,Schools Sector,Secondary,1
2017-12-31,Student,500 Student,Vocational Education and Training Sector,Primary,64301
2017-12-31,Student,500 Student,Vocational Education and Training Sector,Secondary,9546
2017-12-31,Student,560 Student,Higher Education Sector,Primary,3
2017-12-31,Student,560 Student,Higher Education Sector,Secondary,3
2017-12-31,Student,560 Student,Schools Sector,Primary,1
2017-12-31,Student,560 Student,Student (Not Further Specified),Primary,4
2017-12-31,Student,570 Independent ELICOS Sector,Independent ELICOS Sector,Primary,443
2017-12-31,Student,570 Independent ELICOS Sector,Independent ELICOS Sector,Secondary,71
2017-12-31,Student,571 Schools Sector,Schools Sector,Primary,2530
2017-12-31,Student,571 Schools Sector,Schools Sector,Secondary,1
2017-12-31,Student,572 Vocational Education and Training Sector,Vocational Education and Training Sector,Primary,25176
2017-12-31,Student,572 Vocational Education and Training Sector,Vocational Education and Training Sector,Secondary,4776
2017-12-31,Student,573 Higher Education Sector,Higher Education Sector,Primary,84266
2017-12-31,Student,573 Higher Education Sector,Higher Education Sector,Secondary,9919
2017-12-31,Student,574 Postgraduate Research Sector,Postgraduate Research Sector,Primary,7465
2017-12-31,Student,574 Postgraduate Research Sector,Postgraduate Research Sector,Secondary,4266
2017-12-31,Student,575 Non-Award Sector,Non-Award Sector,Primary,27
2017-12-31,Student,575 Non-Award Sector,Non-Award Sector,Secondary,2
2017-12-31,Student,576 Foreign Affairs or Defence Sector,Foreign Affairs or Defence Sector,Primary,622
2017-12-31,Student,576 Foreign Affairs or Defence Sector,Foreign Affairs or Defence Sector,Secondary,681
2017-12-31,Temporary Graduate,485 Temporary Graduate,Post-Higher Education Work,Primary,34331
2017-12-31,Temporary Graduate,485 Temporary Graduate,Post-Higher Education Work,Secondary,10528
2017-12-31,Temporary Graduate,485 Temporary Graduate,Post-Vocational Education Work,Primary,6769
2017-12-31,Temporary Graduate,485 Temporary Graduate,Post-Vocational Education Work,Secondary,2612
2017-12-31,Temporary Graduate,485 Temporary Graduate,Skilled Graduate,Primary,1
2017-12-31,Temporary Graduate,485 Temporary Graduate,Temporary Resident - Other (Not Further Specified),Primary,9
2017-12-31,Temporary Graduate,485 Temporary Graduate,Temporary Resident - Other (Not Further Specified),Secondary,4
2017-12-31,Temporary Protection,785 Temporary Protection,Onshore Protection (Not Further Specified),Primary,3614
2017-12-31,Temporary Protection,785 Temporary Protection,Onshore Protection (Not Further Specified),Secondary,1010
2017-12-31,Temporary Protection,790 Safe Haven Enterprise,Onshore Protection (Not Further Specified),Primary,4470
2017-12-31,Temporary Protection,790 Safe Haven Enterprise,Onshore Protection (Not Further Specified),Secondary,1212
2017-12-31,Temporary Resident (Other Employment),400 Temporary Work (Short Stay Activity),Australia's Interest,Primary,5
2017-12-31,Temporary Resident (Other Employment),400 Temporary Work (Short Stay Activity),Australia's Interest,Secondary,2
2017-12-31,Temporary Resident (Other Employment),400 Temporary Work (Short Stay Activity),Highly Specialised Work,Primary,2133
2017-12-31,Temporary Resident (Other Employment),400 Temporary Work (Short Stay Activity),Highly Specialised Work,Secondary,141
2017-12-31,Temporary Resident (Other Employment),401 Temporary Work (Long Stay Activity),Domestic Work (Executive),Primary,1
2017-12-31,Temporary Resident (Other Employment),401 Temporary Work (Long Stay Activity),Exchange Arrangements,Primary,8
2017-12-31,Temporary Resident (Other Employment),401 Temporary Work (Long Stay Activity),Exchange Arrangements,Secondary,11
2017-12-31,Temporary Resident (Other Employment),401 Temporary Work (Long Stay Activity),Religious Work,Primary,837
2017-12-31,Temporary Resident (Other Employment),401 Temporary Work (Long Stay Activity),Religious Work,Secondary,404
2017-12-31,Temporary Resident (Other Employment),401 Temporary Work (Long Stay Activity),Sporting Activities,Primary,34
2017-12-31,Temporary Resident (Other Employment),401 Temporary Work (Long Stay Activity),Sporting Activities,Secondary,14
2017-12-31,Temporary Resident (Other Employment),402 Training and Research,Occupational Trainee,Primary,908
2017-12-31,Temporary Resident (Other Employment),402 Training and Research,Occupational Trainee,Secondary,127
2017-12-31,Temporary Resident (Other Employment),402 Training and Research,Professional Development,Primary,6
2017-12-31,Temporary Resident (Other Employment),402 Training and Research,Research Activities,Primary,252
2017-12-31,Temporary Resident (Other Employment),402 Training and Research,Research Activities,Secondary,158
2017-12-31,Temporary Resident (Other Employment),403 Temporary Work (International Relations),Domestic Work (Diplomatic or Consular),Primary,94
2017-12-31,Temporary Resident (Other Employment),403 Temporary Work (International Relations),Foreign Government Agency,Primary,277
2017-12-31,Temporary Resident (Other Employment),403 Temporary Work (International Relations),Foreign Government Agency,Secondary,221
2017-12-31,Temporary Resident (Other Employment),403 Temporary Work (International Relations),Government Agreement,Primary,407
2017-12-31,Temporary Resident (Other Employment),403 Temporary Work (International Relations),Government Agreement,Secondary,275
2017-12-31,Temporary Resident (Other Employment),403 Temporary Work (International Relations),Privileges and immunities,Primary,16
2017-12-31,Temporary Resident (Other Employment),403 Temporary Work (International Relations),Privileges and immunities,Secondary,17
2017-12-31,Temporary Resident (Other Employment),403 Temporary Work (International Relations),Seasonal Worker Program,Primary,3072
2017-12-31,Temporary Resident (Other Employment),405 Investor Retirement,Temporary Resident - Other (Not Further Specified),Primary,154
2017-12-31,Temporary Resident (Other Employment),405 Investor Retirement,Temporary Resident - Other (Not Further Specified),Secondary,116
2017-12-31,Temporary Resident (Other Employment),407 Training,Temporary Resident - Other (Not Further Specified),Primary,899
2017-12-31,Temporary Resident (Other Employment),407 Training,Temporary Resident - Other (Not Further Specified),Secondary,282
2017-12-31,Temporary Resident (Other Employment),408 Temporary Activity,Australian Government Endorsed Events,Primary,27
2017-12-31,Temporary Resident (Other Employment),408 Temporary Activity,Domestic Work (Executive),Primary,5
2017-12-31,Temporary Resident (Other Employment),408 Temporary Activity,Entertainment,Primary,701
2017-12-31,Temporary Resident (Other Employment),408 Temporary Activity,Entertainment,Secondary,18
2017-12-31,Temporary Resident (Other Employment),408 Temporary Activity,Exchange Arrangements,Primary,41
2017-12-31,Temporary Resident (Other Employment),408 Temporary Activity,Exchange Arrangements,Secondary,36
2017-12-31,Temporary Resident (Other Employment),408 Temporary Activity,Invited for Other Social and Cultural Activity,Primary,723
2017-12-31,Temporary Resident (Other Employment),408 Temporary Activity,Invited for Other Social and Cultural Activity,Secondary,48
2017-12-31,Temporary Resident (Other Employment),408 Temporary Activity,Religious Work,Primary,1025
2017-12-31,Temporary Resident (Other Employment),408 Temporary Activity,Religious Work,Secondary,448
2017-12-31,Temporary Resident (Other Employment),408 Temporary Activity,Research Activities,Primary,2048
2017-12-31,Temporary Resident (Other Employment),408 Temporary Activity,Research Activities,Secondary,894
2017-12-31,Temporary Resident (Other Employment),408 Temporary Activity,Special Programs,Primary,608
2017-12-31,Temporary Resident (Other Employment),408 Temporary Activity,Special Programs,Secondary,7
2017-12-31,Temporary Resident (Other Employment),408 Temporary Activity,Sporting Activities,Primary,439
2017-12-31,Temporary Resident (Other Employment),408 Temporary Activity,Sporting Activities,Secondary,116
2017-12-31,Temporary Resident (Other Employment),408 Temporary Activity,Superyacht Crew,Primary,93
2017-12-31,Temporary Resident (Other Employment),408 Temporary Activity,Superyacht Crew,Secondary,1
2017-12-31,Temporary Resident (Other Employment),410 Retirement,Temporary Resident - Other (Not Further Specified),Primary,1702
2017-12-31,Temporary Resident (Other Employment),410 Retirement,Temporary Resident - Other (Not Further Specified),Secondary,1156
2017-12-31,Temporary Resident (Other Employment),416 Special Program,Special Programs,Primary,48
2017-12-31,Temporary Resident (Other Employment),416 Special Program,Special Programs,Secondary,3
2017-12-31,Temporary Resident (Other Employment),420 Temporary Work (Entertainment),Entertainment,Primary,17
2017-12-31,Temporary Resident (Other Employment),420 Temporary Work (Entertainment),Entertainment,Secondary,2
2017-12-31,Temporary Resident (Other Employment),430 Supported Dependant,Temporary Resident - Other (Not Further Specified),Primary,1
2017-12-31,Temporary Resident (Other Employment),430 Supported Dependant,Temporary Resident - Other (Not Further Specified),Secondary,1
2017-12-31,Temporary Resident (Other Employment),476 Skilled - Recognised Graduate,Temporary Resident - Other (Not Further Specified),Primary,1845
2017-12-31,Temporary Resident (Other Employment),476 Skilled - Recognised Graduate,Temporary Resident - Other (Not Further Specified),Secondary,214
2017-12-31,Temporary Resident (Other Employment),995 Diplomatic (Temporary),Diplomatic,Primary,2089
2017-12-31,Temporary Resident (Other Employment),995 Diplomatic (Temporary),Diplomatic,Secondary,1990
2017-12-31,Temporary Resident (Skilled Employment),457 Temporary Work (Skilled),Temporary Work Skilled,Primary,75608
2017-12-31,Temporary Resident (Skilled Employment),457 Temporary Work (Skilled),Temporary Work Skilled,Secondary,62535
2017-12-31,Visitor,456 Business (Short Stay),Business,Primary,98
2017-12-31,Visitor,600 Visitor,Business,Primary,4300
2017-12-31,Visitor,600 Visitor,Tourist,Primary,270332
2017-12-31,Visitor,601 Electronic Travel Authority,Business,Primary,1759
2017-12-31,Visitor,601 Electronic Travel Authority,Tourist,Primary,192971
2017-12-31,Visitor,651 eVisitor,Business,Primary,1703
2017-12-31,Visitor,651 eVisitor,Tourist,Primary,138174
2017-12-31,Visitor,676 Tourist,Tourist,Primary,201
2017-12-31,Visitor,956 Electronic Travel Authority (Business Entrant - Long Validity),Business,Primary,55
2017-12-31,Visitor,976 Electronic Travel Authority (Visitor),Tourist,Primary,18
2017-12-31,Visitor,977 Electronic Travel Authority (Business Entrant - Short Validity),Business,Primary,9
2017-12-31,Working Holiday Maker,417 Working Holiday,First Visa,Primary,104275
2017-12-31,Working Holiday Maker,417 Working Holiday,Second Visa,Primary,27282
2017-12-31,Working Holiday Maker,462 Work and Holiday,First Visa,Primary,13308
2017-12-31,Working Holiday Maker,462 Work and Holiday,Second Visa,Primary,1566
2018-03-31,Bridging,Bridging Visas,Bridging,Primary,165120
2018-03-31,Bridging,Bridging Visas,Bridging,Secondary,1119
2018-03-31,Crew and Transit,771 Transit,Transit,Primary,251
2018-03-31,Crew and Transit,988 Maritime Crew Visa,Maritime Crew,Primary,20201
2018-03-31,Other Temporary,580 Student Guardian,Student Guardian,Primary,1247
2018-03-31,Other Temporary,580 Student Guardian,Student Guardian,Secondary,22
2018-03-31,Other Temporary,590 Student Guardian,Student Guardian,Primary,2443
2018-03-31,Other Temporary,590 Student Guardian,Student Guardian,Secondary,54
2018-03-31,Other Temporary,602 Medical Treatment,Medical stream,Primary,562
2018-03-31,Other Temporary,602 Medical Treatment,Medical stream,Secondary,30
2018-03-31,Other Temporary,685 Medical Treatment (Long Stay),Medical stream,Primary,92
2018-03-31,Other Temporary,685 Medical Treatment (Long Stay),Medical stream,Secondary,4
2018-03-31,Other Temporary,773 Border,Border,Primary,208
2018-03-31,Special Category,444 Special Category,Special Category (Not Further Specified),Primary,669115
2018-03-31,Student,500 Student,Foreign Affairs or Defence Sector,Primary,2465
2018-03-31,Student,500 Student,Foreign Affairs or Defence Sector,Secondary,1495
2018-03-31,Student,500 Student,Higher Education Sector,Primary,212707
2018-03-31,Student,500 Student,Higher Education Sector,Secondary,22186
2018-03-31,Student,500 Student,Independent ELICOS Sector,Primary,22338
2018-03-31,Student,500 Student,Independent ELICOS Sector,Secondary,1989
2018-03-31,Student,500 Student,Non-Award Sector,Primary,10373
2018-03-31,Student,500 Student,Non-Award Sector,Secondary,56
2018-03-31,Student,500 Student,Postgraduate Research Sector,Primary,8167
2018-03-31,Student,500 Student,Postgraduate Research Sector,Secondary,4145
2018-03-31,Student,500 Student,Schools Sector,Primary,12431
2018-03-31,Student,500 Student,Schools Sector,Secondary,3
2018-03-31,Student,500 Student,Vocational Education and Training Sector,Primary,81321
2018-03-31,Student,500 Student,Vocational Education and Training Sector,Secondary,11570
2018-03-31,Student,560 Student,Student (Not Further Specified),Primary,8
2018-03-31,Student,560 Student,Student (Not Further Specified),Secondary,3
2018-03-31,Student,570 Independent ELICOS Sector,Independent ELICOS Sector,Primary,261
2018-03-31,Student,570 Independent ELICOS Sector,Independent ELICOS Sector,Secondary,40
2018-03-31,Student,571 Schools Sector,Schools Sector,Primary,7454
2018-03-31,Student,571 Schools Sector,Schools Sector,Secondary,1
2018-03-31,Student,572 Vocational Education and Training Sector,Independent ELICOS Sector,Primary,1
2018-03-31,Student,572 Vocational Education and Training Sector,Vocational Education and Training Sector,Primary,19503
2018-03-31,Student,572 Vocational Education and Training Sector,Vocational Education and Training Sector,Secondary,3578
2018-03-31,Student,573 Higher Education Sector,Higher Education Sector,Primary,93716
2018-03-31,Student,573 Higher Education Sector,Higher Education Sector,Secondary,6422
2018-03-31,Student,573 Higher Education Sector,Vocational Education and Training Sector,Primary,2
2018-03-31,Student,574 Postgraduate Research Sector,Postgraduate Research Sector,Primary,8128
2018-03-31,Student,574 Postgraduate Research Sector,Postgraduate Research Sector,Secondary,4225
2018-03-31,Student,575 Non-Award Sector,Non-Award Sector,Primary,40
2018-03-31,Student,575 Non-Award Sector,Non-Award Sector,Secondary,2
2018-03-31,Student,576 Foreign Affairs or Defence Sector,Foreign Affairs or Defence Sector,Primary,630
2018-03-31,Student,576 Foreign Affairs or Defence Sector,Foreign Affairs or Defence Sector,Secondary,551
2018-03-31,Temporary Graduate,485 Temporary Graduate,Post-Higher Education Work,Primary,42602
2018-03-31,Temporary Graduate,485 Temporary Graduate,Post-Higher Education Work,Secondary,12503
2018-03-31,Temporary Graduate,485 Temporary Graduate,Post-Vocational Education Work,Primary,7528
2018-03-31,Temporary Graduate,485 Temporary Graduate,Post-Vocational Education Work,Secondary,2610
2018-03-31,Temporary Graduate,485 Temporary Graduate,Skilled Graduate,Primary,1
2018-03-31,Temporary Graduate,485 Temporary Graduate,Temporary Resident - Other (Not Further Specified),Primary,2
2018-03-31,Temporary Protection,785 Temporary Protection,Onshore Protection (Not Further Specified),Primary,3686
2018-03-31,Temporary Protection,785 Temporary Protection,Onshore Protection (Not Further Specified),Secondary,1072
2018-03-31,Temporary Protection,790 Safe Haven Enterprise,Onshore Protection (Not Further Specified),Primary,4989
2018-03-31,Temporary Protection,790 Safe Haven Enterprise,Onshore Protection (Not Further Specified),Secondary,1612
2018-03-31,Temporary Resident (Other Employment),400 Temporary Work (Short Stay Activity),Australia's Interest,Primary,12
2018-03-31,Temporary Resident (Other Employment),400 Temporary Work (Short Stay Activity),Highly Specialised Work,Primary,3921
2018-03-31,Temporary Resident (Other Employment),400 Temporary Work (Short Stay Activity),Highly Specialised Work,Secondary,211
2018-03-31,Temporary Resident (Other Employment),401 Temporary Work (Long Stay Activity),Domestic Work (Executive),Primary,3
2018-03-31,Temporary Resident (Other Employment),401 Temporary Work (Long Stay Activity),Exchange Arrangements,Primary,1
2018-03-31,Temporary Resident (Other Employment),401 Temporary Work (Long Stay Activity),Exchange Arrangements,Secondary,1
2018-03-31,Temporary Resident (Other Employment),401 Temporary Work (Long Stay Activity),Religious Work,Primary,659
2018-03-31,Temporary Resident (Other Employment),401 Temporary Work (Long Stay Activity),Religious Work,Secondary,327
2018-03-31,Temporary Resident (Other Employment),401 Temporary Work (Long Stay Activity),Sporting Activities,Primary,34
2018-03-31,Temporary Resident (Other Employment),401 Temporary Work (Long Stay Activity),Sporting Activities,Secondary,11
2018-03-31,Temporary Resident (Other Employment),402 Training and Research,Occupational Trainee,Primary,410
2018-03-31,Temporary Resident (Other Employment),402 Training and Research,Occupational Trainee,Secondary,53
2018-03-31,Temporary Resident (Other Employment),402 Training and Research,Research Activities,Primary,97
2018-03-31,Temporary Resident (Other Employment),402 Training and Research,Research Activities,Secondary,45
2018-03-31,Temporary Resident (Other Employment),403 Temporary Work (International Relations),Domestic Work (Diplomatic or Consular),Primary,112
2018-03-31,Temporary Resident (Other Employment),403 Temporary Work (International Relations),Foreign Government Agency,Primary,370
2018-03-31,Temporary Resident (Other Employment),403 Temporary Work (International Relations),Foreign Government Agency,Secondary,246
2018-03-31,Temporary Resident (Other Employment),403 Temporary Work (International Relations),Government Agreement,Primary,505
2018-03-31,Temporary Resident (Other Employment),403 Temporary Work (International Relations),Government Agreement,Secondary,366
2018-03-31,Temporary Resident (Other Employment),403 Temporary Work (International Relations),Privileges and immunities,Primary,19
2018-03-31,Temporary Resident (Other Employment),403 Temporary Work (International Relations),Privileges and immunities,Secondary,15
2018-03-31,Temporary Resident (Other Employment),403 Temporary Work (International Relations),Seasonal Worker Program,Primary,3741
2018-03-31,Temporary Resident (Other Employment),405 Investor Retirement,Temporary Resident - Other (Not Further Specified),Primary,140
2018-03-31,Temporary Resident (Other Employment),405 Investor Retirement,Temporary Resident - Other (Not Further Specified),Secondary,104
2018-03-31,Temporary Resident (Other Employment),407 Training,Temporary Resident - Other (Not Further Specified),Primary,1236
2018-03-31,Temporary Resident (Other Employment),407 Training,Temporary Resident - Other (Not Further Specified),Secondary,595
2018-03-31,Temporary Resident (Other Employment),408 Temporary Activity,Australian Government Endorsed Events,Primary,5161
2018-03-31,Temporary Resident (Other Employment),408 Temporary Activity,Domestic Work (Executive),Primary,8
2018-03-31,Temporary Resident (Other Employment),408 Temporary Activity,Entertainment,Primary,1308
2018-03-31,Temporary Resident (Other Employment),408 Temporary Activity,Entertainment,Secondary,28
2018-03-31,Temporary Resident (Other Employment),408 Temporary Activity,Exchange Arrangements,Primary,68
2018-03-31,Temporary Resident (Other Employment),408 Temporary Activity,Exchange Arrangements,Secondary,69
2018-03-31,Temporary Resident (Other Employment),408 Temporary Activity,Invited for Other Social and Cultural Activity,Primary,532
2018-03-31,Temporary Resident (Other Employment),408 Temporary Activity,Invited for Other Social and Cultural Activity,Secondary,37
2018-03-31,Temporary Resident (Other Employment),408 Temporary Activity,Religious Work,Primary,1305
2018-03-31,Temporary Resident (Other Employment),408 Temporary Activity,Religious Work,Secondary,627
2018-03-31,Temporary Resident (Other Employment),408 Temporary Activity,Research Activities,Primary,2594
2018-03-31,Temporary Resident (Other Employment),408 Temporary Activity,Research Activities,Secondary,1097
2018-03-31,Temporary Resident (Other Employment),408 Temporary Activity,Special Programs,Primary,1033
2018-03-31,Temporary Resident (Other Employment),408 Temporary Activity,Special Programs,Secondary,7
2018-03-31,Temporary Resident (Other Employment),408 Temporary Activity,Sporting Activities,Primary,402
2018-03-31,Temporary Resident (Other Employment),408 Temporary Activity,Sporting Activities,Secondary,123
2018-03-31,Temporary Resident (Other Employment),408 Temporary Activity,Superyacht Crew,Primary,100
2018-03-31,Temporary Resident (Other Employment),408 Temporary Activity,Superyacht Crew,Secondary,3
2018-03-31,Temporary Resident (Other Employment),410 Retirement,Temporary Resident - Other (Not Further Specified),Primary,1660
2018-03-31,Temporary Resident (Other Employment),410 Retirement,Temporary Resident - Other (Not Further Specified),Secondary,1098
2018-03-31,Temporary Resident (Other Employment),416 Special Program,Special Programs,Primary,5
2018-03-31,Temporary Resident (Other Employment),416 Special Program,Special Programs,Secondary,2
2018-03-31,Temporary Resident (Other Employment),420 Temporary Work (Entertainment),Entertainment,Primary,7
2018-03-31,Temporary Resident (Other Employment),420 Temporary Work (Entertainment),Entertainment,Secondary,2
2018-03-31,Temporary Resident (Other Employment),430 Supported Dependant,Temporary Resident - Other (Not Further Specified),Primary,1
2018-03-31,Temporary Resident (Other Employment),430 Supported Dependant,Temporary Resident - Other (Not Further Specified),Secondary,1
2018-03-31,Temporary Resident (Other Employment),476 Skilled - Recognised Graduate,Temporary Resident - Other (Not Further Specified),Primary,2321
2018-03-31,Temporary Resident (Other Employment),476 Skilled - Recognised Graduate,Temporary Resident - Other (Not Further Specified),Secondary,252
2018-03-31,Temporary Resident (Other Employment),995 Diplomatic (Temporary),Diplomatic,Primary,2326
2018-03-31,Temporary Resident (Other Employment),995 Diplomatic (Temporary),Diplomatic,Secondary,2207
2018-03-31,Temporary Resident (Skilled Employment),457 Temporary Work (Skilled),Temporary Work Skilled,Primary,84673
2018-03-31,Temporary Resident (Skilled Employment),457 Temporary Work (Skilled),Temporary Work Skilled,Secondary,66918
2018-03-31,Temporary Resident (Skilled Employment),482 Skills In Demand,Temporary Skill Shortage,Primary,3
2018-03-31,Temporary Resident (Skilled Employment),482 Skills In Demand,Temporary Skill Shortage,Secondary,2
2018-03-31,Visitor,456 Business (Short Stay),Business,Primary,19
2018-03-31,Visitor,600 Visitor,Business,Primary,5772
2018-03-31,Visitor,600 Visitor,Tourist,Primary,198674
2018-03-31,Visitor,601 Electronic Travel Authority,Business,Primary,2507
2018-03-31,Visitor,601 Electronic Travel Authority,Tourist,Primary,117803
2018-03-31,Visitor,651 eVisitor,Business,Primary,1908
2018-03-31,Visitor,651 eVisitor,Tourist,Primary,68024
2018-03-31,Visitor,676 Tourist,Tourist,Primary,118
2018-03-31,Visitor,956 Electronic Travel Authority (Business Entrant - Long Validity),Business,Primary,37
2018-03-31,Visitor,976 Electronic Travel Authority (Visitor),Tourist,Primary,18
2018-03-31,Visitor,977 Electronic Travel Authority (Business Entrant - Short Validity),Business,Primary,9
2018-03-31,Working Holiday Maker,417 Working Holiday,First Visa,Primary,103214
2018-03-31,Working Holiday Maker,417 Working Holiday,Second Visa,Primary,28879
2018-03-31,Working Holiday Maker,462 Work and Holiday,First Visa,Primary,13782
2018-03-31,Working Holiday Maker,462 Work and Holiday,Second Visa,Primary,2249
2018-06-30,Bridging,Bridging Visas,Bridging,Primary,147430
2018-06-30,Bridging,Bridging Visas,Bridging,Secondary,578
2018-06-30,Crew and Transit,771 Transit,Transit,Primary,195
2018-06-30,Crew and Transit,988 Maritime Crew Visa,Maritime Crew,Primary,12880
2018-06-30,Other Temporary,580 Student Guardian,Student Guardian,Primary,1040
2018-06-30,Other Temporary,580 Student Guardian,Student Guardian,Secondary,22
2018-06-30,Other Temporary,590 Student Guardian,Student Guardian,Primary,2443
2018-06-30,Other Temporary,590 Student Guardian,Student Guardian,Secondary,50
2018-06-30,Other Temporary,602 Medical Treatment,Medical stream,Primary,617
2018-06-30,Other Temporary,602 Medical Treatment,Medical stream,Secondary,28
2018-06-30,Other Temporary,685 Medical Treatment (Long Stay),Medical stream,Primary,90
2018-06-30,Other Temporary,685 Medical Treatment (Long Stay),Medical stream,Secondary,4
2018-06-30,Other Temporary,773 Border,Border,Primary,214
2018-06-30,Special Category,444 Special Category,Special Category (Not Further Specified),Primary,673198
2018-06-30,Student,500 Student,Foreign Affairs or Defence Sector,Primary,2459
2018-06-30,Student,500 Student,Foreign Affairs or Defence Sector,Secondary,1673
2018-06-30,Student,500 Student,Higher Education Sector,Primary,185429
2018-06-30,Student,500 Student,Higher Education Sector,Secondary,26701
2018-06-30,Student,500 Student,Independent ELICOS Sector,Primary,21484
2018-06-30,Student,500 Student,Independent ELICOS Sector,Secondary,1958
2018-06-30,Student,500 Student,Non-Award Sector,Primary,6385
2018-06-30,Student,500 Student,Non-Award Sector,Secondary,50
2018-06-30,Student,500 Student,Postgraduate Research Sector,Primary,8667
2018-06-30,Student,500 Student,Postgraduate Research Sector,Secondary,4760
2018-06-30,Student,500 Student,Schools Sector,Primary,10432
2018-06-30,Student,500 Student,Schools Sector,Secondary,2
2018-06-30,Student,500 Student,Vocational Education and Training Sector,Primary,92259
2018-06-30,Student,500 Student,Vocational Education and Training Sector,Secondary,13820
2018-06-30,Student,560 Student,Student (Not Further Specified),Primary,8
2018-06-30,Student,560 Student,Student (Not Further Specified),Secondary,3
2018-06-30,Student,570 Independent ELICOS Sector,Independent ELICOS Sector,Primary,155
2018-06-30,Student,570 Independent ELICOS Sector,Independent ELICOS Sector,Secondary,32
2018-06-30,Student,571 Schools Sector,Schools Sector,Primary,5524
2018-06-30,Student,571 Schools Sector,Schools Sector,Secondary,1
2018-06-30,Student,572 Vocational Education and Training Sector,Independent ELICOS Sector,Primary,1
2018-06-30,Student,572 Vocational Education and Training Sector,Vocational Education and Training Sector,Primary,14408
2018-06-30,Student,572 Vocational Education and Training Sector,Vocational Education and Training Sector,Secondary,2739
2018-06-30,Student,573 Higher Education Sector,Higher Education Sector,Primary,70308
2018-06-30,Student,573 Higher Education Sector,Higher Education Sector,Secondary,5784
2018-06-30,Student,573 Higher Education Sector,Vocational Education and Training Sector,Primary,2
2018-06-30,Student,574 Postgraduate Research Sector,Postgraduate Research Sector,Primary,7014
2018-06-30,Student,574 Postgraduate Research Sector,Postgraduate Research Sector,Secondary,3763
2018-06-30,Student,575 Non-Award Sector,Non-Award Sector,Primary,27
2018-06-30,Student,575 Non-Award Sector,Non-Award Sector,Secondary,1
2018-06-30,Student,576 Foreign Affairs or Defence Sector,Foreign Affairs or Defence Sector,Primary,579
2018-06-30,Student,576 Foreign Affairs or Defence Sector,Foreign Affairs or Defence Sector,Secondary,506
2018-06-30,Temporary Graduate,485 Temporary Graduate,Post-Higher Education Work,Primary,46356
2018-06-30,Temporary Graduate,485 Temporary Graduate,Post-Higher Education Work,Secondary,13830
2018-06-30,Temporary Graduate,485 Temporary Graduate,Post-Vocational Education Work,Primary,8245
2018-06-30,Temporary Graduate,485 Temporary Graduate,Post-Vocational Education Work,Secondary,2724
2018-06-30,Temporary Graduate,485 Temporary Graduate,Temporary Resident - Other (Not Further Specified),Primary,2
2018-06-30,Temporary Protection,785 Temporary Protection,Onshore Protection (Not Further Specified),Primary,3830
2018-06-30,Temporary Protection,785 Temporary Protection,Onshore Protection (Not Further Specified),Secondary,1124
2018-06-30,Temporary Protection,790 Safe Haven Enterprise,Onshore Protection (Not Further Specified),Primary,5651
2018-06-30,Temporary Protection,790 Safe Haven Enterprise,Onshore Protection (Not Further Specified),Secondary,1933
2018-06-30,Temporary Resident (Other Employment),400 Temporary Work (Short Stay Activity),Australia's Interest,Primary,34
2018-06-30,Temporary Resident (Other Employment),400 Temporary Work (Short Stay Activity),Australia's Interest,Secondary,16
2018-06-30,Temporary Resident (Other Employment),400 Temporary Work (Short Stay Activity),Highly Specialised Work,Primary,3915
2018-06-30,Temporary Resident (Other Employment),400 Temporary Work (Short Stay Activity),Highly Specialised Work,Secondary,171
2018-06-30,Temporary Resident (Other Employment),401 Temporary Work (Long Stay Activity),Domestic Work (Executive),Primary,1
2018-06-30,Temporary Resident (Other Employment),401 Temporary Work (Long Stay Activity),Exchange Arrangements,Primary,1
2018-06-30,Temporary Resident (Other Employment),401 Temporary Work (Long Stay Activity),Exchange Arrangements,Secondary,1
2018-06-30,Temporary Resident (Other Employment),401 Temporary Work (Long Stay Activity),Religious Work,Primary,425
2018-06-30,Temporary Resident (Other Employment),401 Temporary Work (Long Stay Activity),Religious Work,Secondary,220
2018-06-30,Temporary Resident (Other Employment),401 Temporary Work (Long Stay Activity),Sporting Activities,Primary,19
2018-06-30,Temporary Resident (Other Employment),401 Temporary Work (Long Stay Activity),Sporting Activities,Secondary,4
2018-06-30,Temporary Resident (Other Employment),402 Training and Research,Occupational Trainee,Primary,226
2018-06-30,Temporary Resident (Other Employment),402 Training and Research,Occupational Trainee,Secondary,27
2018-06-30,Temporary Resident (Other Employment),402 Training and Research,Research Activities,Primary,31
2018-06-30,Temporary Resident (Other Employment),402 Training and Research,Research Activities,Secondary,11
2018-06-30,Temporary Resident (Other Employment),403 Temporary Work (International Relations),Domestic Work (Diplomatic or Consular),Primary,112
2018-06-30,Temporary Resident (Other Employment),403 Temporary Work (International Relations),Foreign Government Agency,Primary,377
2018-06-30,Temporary Resident (Other Employment),403 Temporary Work (International Relations),Foreign Government Agency,Secondary,256
2018-06-30,Temporary Resident (Other Employment),403 Temporary Work (International Relations),Government Agreement,Primary,504
2018-06-30,Temporary Resident (Other Employment),403 Temporary Work (International Relations),Government Agreement,Secondary,349
2018-06-30,Temporary Resident (Other Employment),403 Temporary Work (International Relations),Privileges and immunities,Primary,17
2018-06-30,Temporary Resident (Other Employment),403 Temporary Work (International Relations),Privileges and immunities,Secondary,12
2018-06-30,Temporary Resident (Other Employment),403 Temporary Work (International Relations),Seasonal Worker Program,Primary,4097
2018-06-30,Temporary Resident (Other Employment),405 Investor Retirement,Temporary Resident - Other (Not Further Specified),Primary,136
2018-06-30,Temporary Resident (Other Employment),405 Investor Retirement,Temporary Resident - Other (Not Further Specified),Secondary,96
2018-06-30,Temporary Resident (Other Employment),407 Training,Temporary Resident - Other (Not Further Specified),Primary,1435
2018-06-30,Temporary Resident (Other Employment),407 Training,Temporary Resident - Other (Not Further Specified),Secondary,592
2018-06-30,Temporary Resident (Other Employment),408 Temporary Activity,Australian Government Endorsed Events,Primary,11
2018-06-30,Temporary Resident (Other Employment),408 Temporary Activity,Domestic Work (Executive),Primary,5
2018-06-30,Temporary Resident (Other Employment),408 Temporary Activity,Entertainment,Primary,1005
2018-06-30,Temporary Resident (Other Employment),408 Temporary Activity,Entertainment,Secondary,31
2018-06-30,Temporary Resident (Other Employment),408 Temporary Activity,Exchange Arrangements,Primary,69
2018-06-30,Temporary Resident (Other Employment),408 Temporary Activity,Exchange Arrangements,Secondary,72
2018-06-30,Temporary Resident (Other Employment),408 Temporary Activity,Invited for Other Social and Cultural Activity,Primary,575
2018-06-30,Temporary Resident (Other Employment),408 Temporary Activity,Invited for Other Social and Cultural Activity,Secondary,43
2018-06-30,Temporary Resident (Other Employment),408 Temporary Activity,Religious Work,Primary,1487
2018-06-30,Temporary Resident (Other Employment),408 Temporary Activity,Religious Work,Secondary,697
2018-06-30,Temporary Resident (Other Employment),408 Temporary Activity,Research Activities,Primary,2491
2018-06-30,Temporary Resident (Other Employment),408 Temporary Activity,Research Activities,Secondary,1043
2018-06-30,Temporary Resident (Other Employment),408 Temporary Activity,Special Programs,Primary,858
2018-06-30,Temporary Resident (Other Employment),408 Temporary Activity,Special Programs,Secondary,9
2018-06-30,Temporary Resident (Other Employment),408 Temporary Activity,Sporting Activities,Primary,312
2018-06-30,Temporary Resident (Other Employment),408 Temporary Activity,Sporting Activities,Secondary,61
2018-06-30,Temporary Resident (Other Employment),408 Temporary Activity,Superyacht Crew,Primary,76
2018-06-30,Temporary Resident (Other Employment),410 Retirement,Temporary Resident - Other (Not Further Specified),Primary,1457
2018-06-30,Temporary Resident (Other Employment),410 Retirement,Temporary Resident - Other (Not Further Specified),Secondary,962
2018-06-30,Temporary Resident (Other Employment),416 Special Program,Special Programs,Primary,2
2018-06-30,Temporary Resident (Other Employment),416 Special Program,Special Programs,Secondary,2
2018-06-30,Temporary Resident (Other Employment),420 Temporary Work (Entertainment),Entertainment,Primary,3
2018-06-30,Temporary Resident (Other Employment),430 Supported Dependant,Temporary Resident - Other (Not Further Specified),Primary,1
2018-06-30,Temporary Resident (Other Employment),430 Supported Dependant,Temporary Resident - Other (Not Further Specified),Secondary,1
2018-06-30,Temporary Resident (Other Employment),476 Skilled - Recognised Graduate,Temporary Resident - Other (Not Further Specified),Primary,2601
2018-06-30,Temporary Resident (Other Employment),476 Skilled - Recognised Graduate,Temporary Resident - Other (Not Further Specified),Secondary,290
2018-06-30,Temporary Resident (Other Employment),995 Diplomatic (Temporary),Diplomatic,Primary,2256
2018-06-30,Temporary Resident (Other Employment),995 Diplomatic (Temporary),Diplomatic,Secondary,2058
2018-06-30,Temporary Resident (Skilled Employment),457 Temporary Work (Skilled),Temporary Work Skilled,Primary,82055
2018-06-30,Temporary Resident (Skilled Employment),457 Temporary Work (Skilled),Temporary Work Skilled,Secondary,62804
2018-06-30,Temporary Resident (Skilled Employment),482 Skills In Demand,Temporary Skill Shortage,Primary,1419
2018-06-30,Temporary Resident (Skilled Employment),482 Skills In Demand,Temporary Skill Shortage,Secondary,1061
2018-06-30,Visitor,456 Business (Short Stay),Business,Primary,9
2018-06-30,Visitor,600 Visitor,Business,Primary,6549
2018-06-30,Visitor,600 Visitor,Tourist,Primary,196993
2018-06-30,Visitor,601 Electronic Travel Authority,Business,Primary,2864
2018-06-30,Visitor,601 Electronic Travel Authority,Tourist,Primary,71580
2018-06-30,Visitor,651 eVisitor,Business,Primary,1485
2018-06-30,Visitor,651 eVisitor,Tourist,Primary,24548
2018-06-30,Visitor,676 Tourist,Tourist,Primary,66
2018-06-30,Visitor,956 Electronic Travel Authority (Business Entrant - Long Validity),Business,Primary,19
2018-06-30,Visitor,976 Electronic Travel Authority (Visitor),Tourist,Primary,18
2018-06-30,Visitor,977 Electronic Travel Authority (Business Entrant - Short Validity),Business,Primary,9
2018-06-30,Working Holiday Maker,417 Working Holiday,First Visa,Primary,90434
2018-06-30,Working Holiday Maker,417 Working Holiday,Second Visa,Primary,28090
2018-06-30,Working Holiday Maker,462 Work and Holiday,First Visa,Primary,13700
2018-06-30,Working Holiday Maker,462 Work and Holiday,Second Visa,Primary,2685
2018-09-30,Bridging,Bridging Visas,Bridging,Primary,169902
2018-09-30,Bridging,Bridging Visas,Bridging,Secondary,400
2018-09-30,Crew and Transit,771 Transit,Transit,Primary,253
2018-09-30,Crew and Transit,988 Maritime Crew Visa,Maritime Crew,Primary,15575
2018-09-30,Other Temporary,580 Student Guardian,Student Guardian,Primary,928
2018-09-30,Other Temporary,580 Student Guardian,Student Guardian,Secondary,19
2018-09-30,Other Temporary,590 Student Guardian,Student Guardian,Primary,2881
2018-09-30,Other Temporary,590 Student Guardian,Student Guardian,Secondary,55
2018-09-30,Other Temporary,602 Medical Treatment,Medical stream,Primary,647
2018-09-30,Other Temporary,602 Medical Treatment,Medical stream,Secondary,30
2018-09-30,Other Temporary,685 Medical Treatment (Long Stay),Medical stream,Primary,87
2018-09-30,Other Temporary,685 Medical Treatment (Long Stay),Medical stream,Secondary,4
2018-09-30,Other Temporary,773 Border,Border,Primary,277
2018-09-30,Special Category,444 Special Category,Special Category (Not Further Specified),Primary,682440
2018-09-30,Student,500 Student,Foreign Affairs or Defence Sector,Primary,2636
2018-09-30,Student,500 Student,Foreign Affairs or Defence Sector,Secondary,1704
2018-09-30,Student,500 Student,Higher Education Sector,Primary,262656
2018-09-30,Student,500 Student,Higher Education Sector,Secondary,30114
2018-09-30,Student,500 Student,Independent ELICOS Sector,Primary,22746
2018-09-30,Student,500 Student,Independent ELICOS Sector,Secondary,2018
2018-09-30,Student,500 Student,Non-Award Sector,Primary,10557
2018-09-30,Student,500 Student,Non-Award Sector,Secondary,44
2018-09-30,Student,500 Student,Postgraduate Research Sector,Primary,10400
2018-09-30,Student,500 Student,Postgraduate Research Sector,Secondary,5535
2018-09-30,Student,500 Student,Schools Sector,Primary,13943
2018-09-30,Student,500 Student,Schools Sector,Secondary,2
2018-09-30,Student,500 Student,Vocational Education and Training Sector,Primary,104237
2018-09-30,Student,500 Student,Vocational Education and Training Sector,Secondary,15634
2018-09-30,Student,560 Student,Student (Not Further Specified),Primary,8
2018-09-30,Student,560 Student,Student (Not Further Specified),Secondary,3
2018-09-30,Student,570 Independent ELICOS Sector,Independent ELICOS Sector,Primary,107
2018-09-30,Student,570 Independent ELICOS Sector,Independent ELICOS Sector,Secondary,23
2018-09-30,Student,571 Schools Sector,Schools Sector,Primary,6474
2018-09-30,Student,571 Schools Sector,Schools Sector,Secondary,1
2018-09-30,Student,572 Vocational Education and Training Sector,Vocational Education and Training Sector,Primary,9550
2018-09-30,Student,572 Vocational Education and Training Sector,Vocational Education and Training Sector,Secondary,1865
2018-09-30,Student,573 Higher Education Sector,Higher Education Sector,Primary,61315
2018-09-30,Student,573 Higher Education Sector,Higher Education Sector,Secondary,3116
2018-09-30,Student,573 Higher Education Sector,Vocational Education and Training Sector,Primary,1
2018-09-30,Student,574 Postgraduate Research Sector,Postgraduate Research Sector,Primary,6524
2018-09-30,Student,574 Postgraduate Research Sector,Postgraduate Research Sector,Secondary,3382
2018-09-30,Student,575 Non-Award Sector,Non-Award Sector,Primary,30
2018-09-30,Student,575 Non-Award Sector,Non-Award Sector,Secondary,1
2018-09-30,Student,576 Foreign Affairs or Defence Sector,Foreign Affairs or Defence Sector,Primary,367
2018-09-30,Student,576 Foreign Affairs or Defence Sector,Foreign Affairs or Defence Sector,Secondary,344
2018-09-30,Temporary Graduate,485 Temporary Graduate,Post-Higher Education Work,Primary,48461
2018-09-30,Temporary Graduate,485 Temporary Graduate,Post-Higher Education Work,Secondary,14844
2018-09-30,Temporary Graduate,485 Temporary Graduate,Post-Vocational Education Work,Primary,8317
2018-09-30,Temporary Graduate,485 Temporary Graduate,Post-Vocational Education Work,Secondary,2677
2018-09-30,Temporary Graduate,485 Temporary Graduate,Temporary Resident - Other (Not Further Specified),Primary,7
2018-09-30,Temporary Protection,785 Temporary Protection,Onshore Protection (Not Further Specified),Primary,3878
2018-09-30,Temporary Protection,785 Temporary Protection,Onshore Protection (Not Further Specified),Secondary,1183
2018-09-30,Temporary Protection,790 Safe Haven Enterprise,Onshore Protection (Not Further Specified),Primary,6116
2018-09-30,Temporary Protection,790 Safe Haven Enterprise,Onshore Protection (Not Further Specified),Secondary,2181
2018-09-30,Temporary Resident (Other Employment),400 Temporary Work (Short Stay Activity),Australia's Interest,Primary,19
2018-09-30,Temporary Resident (Other Employment),400 Temporary Work (Short Stay Activity),Australia's Interest,Secondary,1
2018-09-30,Temporary Resident (Other Employment),400 Temporary Work (Short Stay Activity),Highly Specialised Work,Primary,3911
2018-09-30,Temporary Resident (Other Employment),400 Temporary Work (Short Stay Activity),Highly Specialised Work,Secondary,143
2018-09-30,Temporary Resident (Other Employment),401 Temporary Work (Long Stay Activity),Exchange Arrangements,Primary,1
2018-09-30,Temporary Resident (Other Employment),401 Temporary Work (Long Stay Activity),Exchange Arrangements,Secondary,1
2018-09-30,Temporary Resident (Other Employment),401 Temporary Work (Long Stay Activity),Religious Work,Primary,229
2018-09-30,Temporary Resident (Other Employment),401 Temporary Work (Long Stay Activity),Religious Work,Secondary,113
2018-09-30,Temporary Resident (Other Employment),401 Temporary Work (Long Stay Activity),Sporting Activities,Primary,10
2018-09-30,Temporary Resident (Other Employment),402 Training and Research,Occupational Trainee,Primary,124
2018-09-30,Temporary Resident (Other Employment),402 Training and Research,Occupational Trainee,Secondary,15
2018-09-30,Temporary Resident (Other Employment),402 Training and Research,Research Activities,Primary,18
2018-09-30,Temporary Resident (Other Employment),402 Training and Research,Research Activities,Secondary,12
2018-09-30,Temporary Resident (Other Employment),403 Temporary Work (International Relations),Domestic Work (Diplomatic or Consular),Primary,108
2018-09-30,Temporary Resident (Other Employment),403 Temporary Work (International Relations),Foreign Government Agency,Primary,370
2018-09-30,Temporary Resident (Other Employment),403 Temporary Work (International Relations),Foreign Government Agency,Secondary,270
2018-09-30,Temporary Resident (Other Employment),403 Temporary Work (International Relations),Government Agreement,Primary,556
2018-09-30,Temporary Resident (Other Employment),403 Temporary Work (International Relations),Government Agreement,Secondary,319
2018-09-30,Temporary Resident (Other Employment),403 Temporary Work (International Relations),Pacific Labour Scheme,Primary,3
2018-09-30,Temporary Resident (Other Employment),403 Temporary Work (International Relations),Privileges and immunities,Primary,21
2018-09-30,Temporary Resident (Other Employment),403 Temporary Work (International Relations),Privileges and immunities,Secondary,24
2018-09-30,Temporary Resident (Other Employment),403 Temporary Work (International Relations),Seasonal Worker Program,Primary,4685
2018-09-30,Temporary Resident (Other Employment),405 Investor Retirement,Temporary Resident - Other (Not Further Specified),Primary,143
2018-09-30,Temporary Resident (Other Employment),405 Investor Retirement,Temporary Resident - Other (Not Further Specified),Secondary,106
2018-09-30,Temporary Resident (Other Employment),407 Training,Temporary Resident - Other (Not Further Specified),Primary,1709
2018-09-30,Temporary Resident (Other Employment),407 Training,Temporary Resident - Other (Not Further Specified),Secondary,654
2018-09-30,Temporary Resident (Other Employment),408 Temporary Activity,Australian Government Endorsed Events,Primary,16
2018-09-30,Temporary Resident (Other Employment),408 Temporary Activity,Domestic Work (Executive),Primary,8
2018-09-30,Temporary Resident (Other Employment),408 Temporary Activity,Entertainment,Primary,1108
2018-09-30,Temporary Resident (Other Employment),408 Temporary Activity,Entertainment,Secondary,49
2018-09-30,Temporary Resident (Other Employment),408 Temporary Activity,Exchange Arrangements,Primary,63
2018-09-30,Temporary Resident (Other Employment),408 Temporary Activity,Exchange Arrangements,Secondary,59
2018-09-30,Temporary Resident (Other Employment),408 Temporary Activity,Invited for Other Social and Cultural Activity,Primary,658
2018-09-30,Temporary Resident (Other Employment),408 Temporary Activity,Invited for Other Social and Cultural Activity,Secondary,54
2018-09-30,Temporary Resident (Other Employment),408 Temporary Activity,Religious Work,Primary,1744
2018-09-30,Temporary Resident (Other Employment),408 Temporary Activity,Religious Work,Secondary,801
2018-09-30,Temporary Resident (Other Employment),408 Temporary Activity,Research Activities,Primary,2701
2018-09-30,Temporary Resident (Other Employment),408 Temporary Activity,Research Activities,Secondary,1140
2018-09-30,Temporary Resident (Other Employment),408 Temporary Activity,Special Programs,Primary,951
2018-09-30,Temporary Resident (Other Employment),408 Temporary Activity,Special Programs,Secondary,13
2018-09-30,Temporary Resident (Other Employment),408 Temporary Activity,Sporting Activities,Primary,389
2018-09-30,Temporary Resident (Other Employment),408 Temporary Activity,Sporting Activities,Secondary,99
2018-09-30,Temporary Resident (Other Employment),408 Temporary Activity,Superyacht Crew,Primary,67
2018-09-30,Temporary Resident (Other Employment),410 Retirement,Temporary Resident - Other (Not Further Specified),Primary,1436
2018-09-30,Temporary Resident (Other Employment),410 Retirement,Temporary Resident - Other (Not Further Specified),Secondary,992
2018-09-30,Temporary Resident (Other Employment),416 Special Program,Special Programs,Primary,2
2018-09-30,Temporary Resident (Other Employment),416 Special Program,Special Programs,Secondary,2
2018-09-30,Temporary Resident (Other Employment),420 Temporary Work (Entertainment),Entertainment,Primary,4
2018-09-30,Temporary Resident (Other Employment),430 Supported Dependant,Temporary Resident - Other (Not Further Specified),Primary,1
2018-09-30,Temporary Resident (Other Employment),430 Supported Dependant,Temporary Resident - Other (Not Further Specified),Secondary,1
2018-09-30,Temporary Resident (Other Employment),476 Skilled - Recognised Graduate,Temporary Resident - Other (Not Further Specified),Primary,2832
2018-09-30,Temporary Resident (Other Employment),476 Skilled - Recognised Graduate,Temporary Resident - Other (Not Further Specified),Secondary,325
2018-09-30,Temporary Resident (Other Employment),995 Diplomatic (Temporary),Diplomatic,Primary,2310
2018-09-30,Temporary Resident (Other Employment),995 Diplomatic (Temporary),Diplomatic,Secondary,2218
2018-09-30,Temporary Resident (Skilled Employment),457 Temporary Work (Skilled),Temporary Work Skilled,Primary,78694
2018-09-30,Temporary Resident (Skilled Employment),457 Temporary Work (Skilled),Temporary Work Skilled,Secondary,60146
2018-09-30,Temporary Resident (Skilled Employment),482 Skills In Demand,Temporary Skill Shortage,Primary,7972
2018-09-30,Temporary Resident (Skilled Employment),482 Skills In Demand,Temporary Skill Shortage,Secondary,6134
2018-09-30,Visitor,456 Business (Short Stay),Business,Primary,10
2018-09-30,Visitor,600 Visitor,Business,Primary,6451
2018-09-30,Visitor,600 Visitor,Tourist,Primary,205747
2018-09-30,Visitor,601 Electronic Travel Authority,Business,Primary,3246
2018-09-30,Visitor,601 Electronic Travel Authority,Tourist,Primary,74157
2018-09-30,Visitor,651 eVisitor,Business,Primary,2038
2018-09-30,Visitor,651 eVisitor,Tourist,Primary,33994
2018-09-30,Visitor,676 Tourist,Tourist,Primary,33
2018-09-30,Visitor,956 Electronic Travel Authority (Business Entrant - Long Validity),Business,Primary,27
2018-09-30,Visitor,976 Electronic Travel Authority (Visitor),Tourist,Primary,17
2018-09-30,Visitor,977 Electronic Travel Authority (Business Entrant - Short Validity),Business,Primary,9
2018-09-30,Working Holiday Maker,417 Working Holiday,First Visa,Primary,90596
2018-09-30,Working Holiday Maker,417 Working Holiday,Second Visa,Primary,29059
2018-09-30,Working Holiday Maker,462 Work and Holiday,First Visa,Primary,13567
2018-09-30,Working Holiday Maker,462 Work and Holiday,Second Visa,Primary,3245
2018-12-31,Bridging,Bridging Visas,Bridging,Primary,161849
2018-12-31,Bridging,Bridging Visas,Bridging,Secondary,252
2018-12-31,Crew and Transit,771 Transit,Transit,Primary,97
2018-12-31,Crew and Transit,988 Maritime Crew Visa,Maritime Crew,Primary,25015
2018-12-31,Other Temporary,580 Student Guardian,Student Guardian,Primary,391
2018-12-31,Other Temporary,580 Student Guardian,Student Guardian,Secondary,12
2018-12-31,Other Temporary,590 Student Guardian,Student Guardian,Primary,1688
2018-12-31,Other Temporary,590 Student Guardian,Student Guardian,Secondary,40
2018-12-31,Other Temporary,602 Medical Treatment,Medical stream,Primary,598
2018-12-31,Other Temporary,602 Medical Treatment,Medical stream,Secondary,28
2018-12-31,Other Temporary,685 Medical Treatment (Long Stay),Medical stream,Primary,84
2018-12-31,Other Temporary,685 Medical Treatment (Long Stay),Medical stream,Secondary,3
2018-12-31,Other Temporary,773 Border,Border,Primary,133
2018-12-31,Special Category,444 Special Category,Special Category (Not Further Specified),Primary,656983
2018-12-31,Student,500 Student,Foreign Affairs or Defence Sector,Primary,1172
2018-12-31,Student,500 Student,Foreign Affairs or Defence Sector,Secondary,1307
2018-12-31,Student,500 Student,Higher Education Sector,Primary,184732
2018-12-31,Student,500 Student,Higher Education Sector,Secondary,30769
2018-12-31,Student,500 Student,Independent ELICOS Sector,Primary,21056
2018-12-31,Student,500 Student,Independent ELICOS Sector,Secondary,2066
2018-12-31,Student,500 Student,Non-Award Sector,Primary,3261
2018-12-31,Student,500 Student,Non-Award Sector,Secondary,40
2018-12-31,Student,500 Student,Postgraduate Research Sector,Primary,8980
2018-12-31,Student,500 Student,Postgraduate Research Sector,Secondary,5108
2018-12-31,Student,500 Student,Schools Sector,Primary,5070
2018-12-31,Student,500 Student,Schools Sector,Secondary,1
2018-12-31,Student,500 Student,Vocational Education and Training Sector,Primary,104167
2018-12-31,Student,500 Student,Vocational Education and Training Sector,Secondary,15953
2018-12-31,Student,560 Student,Student (Not Further Specified),Primary,8
2018-12-31,Student,560 Student,Student (Not Further Specified),Secondary,3
2018-12-31,Student,570 Independent ELICOS Sector,Independent ELICOS Sector,Primary,62
2018-12-31,Student,570 Independent ELICOS Sector,Independent ELICOS Sector,Secondary,10
2018-12-31,Student,571 Schools Sector,Schools Sector,Primary,1501
2018-12-31,Student,572 Vocational Education and Training Sector,Vocational Education and Training Sector,Primary,6157
2018-12-31,Student,572 Vocational Education and Training Sector,Vocational Education and Training Sector,Secondary,1261
2018-12-31,Student,573 Higher Education Sector,Higher Education Sector,Primary,30801
2018-12-31,Student,573 Higher Education Sector,Higher Education Sector,Secondary,2205
2018-12-31,Student,574 Postgraduate Research Sector,Postgraduate Research Sector,Primary,4853
2018-12-31,Student,574 Postgraduate Research Sector,Postgraduate Research Sector,Secondary,2559
2018-12-31,Student,575 Non-Award Sector,Non-Award Sector,Primary,14
2018-12-31,Student,576 Foreign Affairs or Defence Sector,Foreign Affairs or Defence Sector,Primary,218
2018-12-31,Student,576 Foreign Affairs or Defence Sector,Foreign Affairs or Defence Sector,Secondary,290
2018-12-31,Temporary Graduate,485 Temporary Graduate,Post-Higher Education Work,Primary,45629
2018-12-31,Temporary Graduate,485 Temporary Graduate,Post-Higher Education Work,Secondary,15134
2018-12-31,Temporary Graduate,485 Temporary Graduate,Post-Vocational Education Work,Primary,6948
2018-12-31,Temporary Graduate,485 Temporary Graduate,Post-Vocational Education Work,Secondary,2333
2018-12-31,Temporary Graduate,485 Temporary Graduate,Temporary Resident - Other (Not Further Specified),Primary,5
2018-12-31,Temporary Protection,785 Temporary Protection,Onshore Protection (Not Further Specified),Primary,3939
2018-12-31,Temporary Protection,785 Temporary Protection,Onshore Protection (Not Further Specified),Secondary,1222
2018-12-31,Temporary Protection,790 Safe Haven Enterprise,Onshore Protection (Not Further Specified),Primary,6503
2018-12-31,Temporary Protection,790 Safe Haven Enterprise,Onshore Protection (Not Further Specified),Secondary,2529
2018-12-31,Temporary Resident (Other Employment),400 Temporary Work (Short Stay Activity),Australia's Interest,Primary,5
2018-12-31,Temporary Resident (Other Employment),400 Temporary Work (Short Stay Activity),Australia's Interest,Secondary,2
2018-12-31,Temporary Resident (Other Employment),400 Temporary Work (Short Stay Activity),Highly Specialised Work,Primary,1905
2018-12-31,Temporary Resident (Other Employment),400 Temporary Work (Short Stay Activity),Highly Specialised Work,Secondary,125
2018-12-31,Temporary Resident (Other Employment),401 Temporary Work (Long Stay Activity),Exchange Arrangements,Primary,1
2018-12-31,Temporary Resident (Other Employment),401 Temporary Work (Long Stay Activity),Exchange Arrangements,Secondary,1
2018-12-31,Temporary Resident (Other Employment),401 Temporary Work (Long Stay Activity),Religious Work,Primary,53
2018-12-31,Temporary Resident (Other Employment),401 Temporary Work (Long Stay Activity),Religious Work,Secondary,21
2018-12-31,Temporary Resident (Other Employment),401 Temporary Work (Long Stay Activity),Sporting Activities,Primary,3
2018-12-31,Temporary Resident (Other Employment),402 Training and Research,Occupational Trainee,Primary,48
2018-12-31,Temporary Resident (Other Employment),402 Training and Research,Occupational Trainee,Secondary,4
2018-12-31,Temporary Resident (Other Employment),402 Training and Research,Research Activities,Primary,9
2018-12-31,Temporary Resident (Other Employment),402 Training and Research,Research Activities,Secondary,8
2018-12-31,Temporary Resident (Other Employment),403 Temporary Work (International Relations),Domestic Work (Diplomatic or Consular),Primary,70
2018-12-31,Temporary Resident (Other Employment),403 Temporary Work (International Relations),Foreign Government Agency,Primary,276
2018-12-31,Temporary Resident (Other Employment),403 Temporary Work (International Relations),Foreign Government Agency,Secondary,216
2018-12-31,Temporary Resident (Other Employment),403 Temporary Work (International Relations),Government Agreement,Primary,419
2018-12-31,Temporary Resident (Other Employment),403 Temporary Work (International Relations),Government Agreement,Secondary,219
2018-12-31,Temporary Resident (Other Employment),403 Temporary Work (International Relations),Pacific Labour Scheme,Primary,18
2018-12-31,Temporary Resident (Other Employment),403 Temporary Work (International Relations),Privileges and immunities,Primary,21
2018-12-31,Temporary Resident (Other Employment),403 Temporary Work (International Relations),Privileges and immunities,Secondary,19
2018-12-31,Temporary Resident (Other Employment),403 Temporary Work (International Relations),Seasonal Worker Program,Primary,4858
2018-12-31,Temporary Resident (Other Employment),405 Investor Retirement,Temporary Resident - Other (Not Further Specified),Primary,161
2018-12-31,Temporary Resident (Other Employment),405 Investor Retirement,Temporary Resident - Other (Not Further Specified),Secondary,120
2018-12-31,Temporary Resident (Other Employment),407 Training,Temporary Resident - Other (Not Further Specified),Primary,1544
2018-12-31,Temporary Resident (Other Employment),407 Training,Temporary Resident - Other (Not Further Specified),Secondary,480
2018-12-31,Temporary Resident (Other Employment),408 Temporary Activity,Domestic Work (Executive),Primary,6
2018-12-31,Temporary Resident (Other Employment),408 Temporary Activity,Entertainment,Primary,876
2018-12-31,Temporary Resident (Other Employment),408 Temporary Activity,Entertainment,Secondary,75
2018-12-31,Temporary Resident (Other Employment),408 Temporary Activity,Exchange Arrangements,Primary,50
2018-12-31,Temporary Resident (Other Employment),408 Temporary Activity,Exchange Arrangements,Secondary,48
2018-12-31,Temporary Resident (Other Employment),408 Temporary Activity,Invited for Other Social and Cultural Activity,Primary,885
2018-12-31,Temporary Resident (Other Employment),408 Temporary Activity,Invited for Other Social and Cultural Activity,Secondary,24
2018-12-31,Temporary Resident (Other Employment),408 Temporary Activity,Religious Work,Primary,1827
2018-12-31,Temporary Resident (Other Employment),408 Temporary Activity,Religious Work,Secondary,833
2018-12-31,Temporary Resident (Other Employment),408 Temporary Activity,Research Activities,Primary,2620
2018-12-31,Temporary Resident (Other Employment),408 Temporary Activity,Research Activities,Secondary,1130
2018-12-31,Temporary Resident (Other Employment),408 Temporary Activity,Special Programs,Primary,642
2018-12-31,Temporary Resident (Other Employment),408 Temporary Activity,Special Programs,Secondary,14
2018-12-31,Temporary Resident (Other Employment),408 Temporary Activity,Sporting Activities,Primary,589
2018-12-31,Temporary Resident (Other Employment),408 Temporary Activity,Sporting Activities,Secondary,167
2018-12-31,Temporary Resident (Other Employment),408 Temporary Activity,Superyacht Crew,Primary,83
2018-12-31,Temporary Resident (Other Employment),408 Temporary Activity,Superyacht Crew,Secondary,1
2018-12-31,Temporary Resident (Other Employment),410 Retirement,Temporary Resident - Other (Not Further Specified),Primary,1552
2018-12-31,Temporary Resident (Other Employment),410 Retirement,Temporary Resident - Other (Not Further Specified),Secondary,1085
2018-12-31,Temporary Resident (Other Employment),416 Special Program,Special Programs,Primary,1
2018-12-31,Temporary Resident (Other Employment),416 Special Program,Special Programs,Secondary,1
2018-12-31,Temporary Resident (Other Employment),430 Supported Dependant,Temporary Resident - Other (Not Further Specified),Primary,1
2018-12-31,Temporary Resident (Other Employment),430 Supported Dependant,Temporary Resident - Other (Not Further Specified),Secondary,1
2018-12-31,Temporary Resident (Other Employment),476 Skilled - Recognised Graduate,Temporary Resident - Other (Not Further Specified),Primary,2599
2018-12-31,Temporary Resident (Other Employment),476 Skilled - Recognised Graduate,Temporary Resident - Other (Not Further Specified),Secondary,357
2018-12-31,Temporary Resident (Other Employment),995 Diplomatic (Temporary),Diplomatic,Primary,2091
2018-12-31,Temporary Resident (Other Employment),995 Diplomatic (Temporary),Diplomatic,Secondary,2014
2018-12-31,Temporary Resident (Skilled Employment),457 Temporary Work (Skilled),Temporary Work Skilled,Primary,62272
2018-12-31,Temporary Resident (Skilled Employment),457 Temporary Work (Skilled),Temporary Work Skilled,Secondary,51231
2018-12-31,Temporary Resident (Skilled Employment),482 Skills In Demand,Temporary Skill Shortage,Primary,11676
2018-12-31,Temporary Resident (Skilled Employment),482 Skills In Demand,Temporary Skill Shortage,Secondary,10828
2018-12-31,Visitor,456 Business (Short Stay),Business,Primary,11
2018-12-31,Visitor,600 Visitor,Business,Primary,4479
2018-12-31,Visitor,600 Visitor,Tourist,Primary,292356
2018-12-31,Visitor,600 Visitor,Tourist,Secondary,1
2018-12-31,Visitor,601 Electronic Travel Authority,Business,Primary,1650
2018-12-31,Visitor,601 Electronic Travel Authority,Tourist,Primary,192846
2018-12-31,Visitor,651 eVisitor,Business,Primary,1589
2018-12-31,Visitor,651 eVisitor,Tourist,Primary,137181
2018-12-31,Visitor,676 Tourist,Tourist,Primary,12
2018-12-31,Visitor,956 Electronic Travel Authority (Business Entrant - Long Validity),Business,Primary,46
2018-12-31,Visitor,976 Electronic Travel Authority (Visitor),Tourist,Primary,17
2018-12-31,Visitor,977 Electronic Travel Authority (Business Entrant - Short Validity),Business,Primary,9
2018-12-31,Working Holiday Maker,417 Working Holiday,First Visa,Primary,99336
2018-12-31,Working Holiday Maker,417 Working Holiday,Second Visa,Primary,28352
2018-12-31,Working Holiday Maker,462 Work and Holiday,First Visa,Primary,14081
2018-12-31,Working Holiday Maker,462 Work and Holiday,Second Visa,Primary,3710
2019-03-31,Bridging,Bridging Visas,Bridging,Primary,202658
2019-03-31,Bridging,Bridging Visas,Bridging,Secondary,258
2019-03-31,Crew and Transit,771 Transit,Transit,Primary,433
2019-03-31,Crew and Transit,988 Maritime Crew Visa,Maritime Crew,Primary,24203
2019-03-31,Other Temporary,580 Student Guardian,Student Guardian,Primary,709
2019-03-31,Other Temporary,580 Student Guardian,Student Guardian,Secondary,13
2019-03-31,Other Temporary,590 Student Guardian,Student Guardian,Primary,3708
2019-03-31,Other Temporary,590 Student Guardian,Student Guardian,Secondary,65
2019-03-31,Other Temporary,602 Medical Treatment,Medical stream,Primary,645
2019-03-31,Other Temporary,602 Medical Treatment,Medical stream,Secondary,29
2019-03-31,Other Temporary,685 Medical Treatment (Long Stay),Medical stream,Primary,85
2019-03-31,Other Temporary,685 Medical Treatment (Long Stay),Medical stream,Secondary,3
2019-03-31,Other Temporary,773 Border,Border,Primary,162
2019-03-31,Special Category,444 Special Category,Special Category (Not Further Specified),Primary,676084
2019-03-31,Student,500 Student,Foreign Affairs or Defence Sector,Primary,2900
2019-03-31,Student,500 Student,Foreign Affairs or Defence Sector,Secondary,1697
2019-03-31,Student,500 Student,Higher Education Sector,Primary,314779
2019-03-31,Student,500 Student,Higher Education Sector,Secondary,32251
2019-03-31,Student,500 Student,Independent ELICOS Sector,Primary,23611
2019-03-31,Student,500 Student,Independent ELICOS Sector,Secondary,2369
2019-03-31,Student,500 Student,Non-Award Sector,Primary,12010
2019-03-31,Student,500 Student,Non-Award Sector,Secondary,37
2019-03-31,Student,500 Student,Postgraduate Research Sector,Primary,12643
2019-03-31,Student,500 Student,Postgraduate Research Sector,Secondary,6677
2019-03-31,Student,500 Student,Schools Sector,Primary,18116
2019-03-31,Student,500 Student,Schools Sector,Secondary,2
2019-03-31,Student,500 Student,Vocational Education and Training Sector,Primary,118846
2019-03-31,Student,500 Student,Vocational Education and Training Sector,Secondary,17017
2019-03-31,Student,560 Student,Student (Not Further Specified),Primary,8
2019-03-31,Student,560 Student,Student (Not Further Specified),Secondary,3
2019-03-31,Student,570 Independent ELICOS Sector,Independent ELICOS Sector,Primary,22
2019-03-31,Student,570 Independent ELICOS Sector,Independent ELICOS Sector,Secondary,5
2019-03-31,Student,571 Schools Sector,Schools Sector,Primary,3354
2019-03-31,Student,572 Vocational Education and Training Sector,Vocational Education and Training Sector,Primary,3984
2019-03-31,Student,572 Vocational Education and Training Sector,Vocational Education and Training Sector,Secondary,827
2019-03-31,Student,573 Higher Education Sector,Higher Education Sector,Primary,32890
2019-03-31,Student,573 Higher Education Sector,Higher Education Sector,Secondary,1138
2019-03-31,Student,574 Postgraduate Research Sector,Postgraduate Research Sector,Primary,4851
2019-03-31,Student,574 Postgraduate Research Sector,Postgraduate Research Sector,Secondary,2377
2019-03-31,Student,575 Non-Award Sector,Non-Award Sector,Primary,16
2019-03-31,Student,576 Foreign Affairs or Defence Sector,Foreign Affairs or Defence Sector,Primary,187
2019-03-31,Student,576 Foreign Affairs or Defence Sector,Foreign Affairs or Defence Sector,Secondary,208
2019-03-31,Temporary Graduate,485 Temporary Graduate,Post-Higher Education Work,Primary,53458
2019-03-31,Temporary Graduate,485 Temporary Graduate,Post-Higher Education Work,Secondary,16570
2019-03-31,Temporary Graduate,485 Temporary Graduate,Post-Vocational Education Work,Primary,8090
2019-03-31,Temporary Graduate,485 Temporary Graduate,Post-Vocational Education Work,Secondary,2631
2019-03-31,Temporary Graduate,485 Temporary Graduate,Temporary Resident - Other (Not Further Specified),Primary,5
2019-03-31,Temporary Protection,785 Temporary Protection,Onshore Protection (Not Further Specified),Primary,3941
2019-03-31,Temporary Protection,785 Temporary Protection,Onshore Protection (Not Further Specified),Secondary,1232
2019-03-31,Temporary Protection,790 Safe Haven Enterprise,Onshore Protection (Not Further Specified),Primary,6807
2019-03-31,Temporary Protection,790 Safe Haven Enterprise,Onshore Protection (Not Further Specified),Secondary,2756
2019-03-31,Temporary Resident (Other Employment),400 Temporary Work (Short Stay Activity),Australia's Interest,Primary,13
2019-03-31,Temporary Resident (Other Employment),400 Temporary Work (Short Stay Activity),Highly Specialised Work,Primary,3938
2019-03-31,Temporary Resident (Other Employment),400 Temporary Work (Short Stay Activity),Highly Specialised Work,Secondary,130
2019-03-31,Temporary Resident (Other Employment),401 Temporary Work (Long Stay Activity),Exchange Arrangements,Primary,1
2019-03-31,Temporary Resident (Other Employment),401 Temporary Work (Long Stay Activity),Exchange Arrangements,Secondary,1
2019-03-31,Temporary Resident (Other Employment),401 Temporary Work (Long Stay Activity),Religious Work,Primary,16
2019-03-31,Temporary Resident (Other Employment),401 Temporary Work (Long Stay Activity),Religious Work,Secondary,13
2019-03-31,Temporary Resident (Other Employment),402 Training and Research,Occupational Trainee,Primary,16
2019-03-31,Temporary Resident (Other Employment),402 Training and Research,Research Activities,Primary,2
2019-03-31,Temporary Resident (Other Employment),403 Temporary Work (International Relations),Domestic Work (Diplomatic or Consular),Primary,80
2019-03-31,Temporary Resident (Other Employment),403 Temporary Work (International Relations),Foreign Government Agency,Primary,403
2019-03-31,Temporary Resident (Other Employment),403 Temporary Work (International Relations),Foreign Government Agency,Secondary,243
2019-03-31,Temporary Resident (Other Employment),403 Temporary Work (International Relations),Government Agreement,Primary,623
2019-03-31,Temporary Resident (Other Employment),403 Temporary Work (International Relations),Government Agreement,Secondary,321
2019-03-31,Temporary Resident (Other Employment),403 Temporary Work (International Relations),Pacific Labour Scheme,Primary,83
2019-03-31,Temporary Resident (Other Employment),403 Temporary Work (International Relations),Privileges and immunities,Primary,23
2019-03-31,Temporary Resident (Other Employment),403 Temporary Work (International Relations),Privileges and immunities,Secondary,20
2019-03-31,Temporary Resident (Other Employment),403 Temporary Work (International Relations),Seasonal Worker Program,Primary,5514
2019-03-31,Temporary Resident (Other Employment),405 Investor Retirement,Temporary Resident - Other (Not Further Specified),Primary,149
2019-03-31,Temporary Resident (Other Employment),405 Investor Retirement,Temporary Resident - Other (Not Further Specified),Secondary,108
2019-03-31,Temporary Resident (Other Employment),407 Training,Temporary Resident - Other (Not Further Specified),Primary,2053
2019-03-31,Temporary Resident (Other Employment),407 Training,Temporary Resident - Other (Not Further Specified),Secondary,579
2019-03-31,Temporary Resident (Other Employment),408 Temporary Activity,Australian Government Endorsed Events,Primary,6
2019-03-31,Temporary Resident (Other Employment),408 Temporary Activity,Domestic Work (Executive),Primary,10
2019-03-31,Temporary Resident (Other Employment),408 Temporary Activity,Entertainment,Primary,981
2019-03-31,Temporary Resident (Other Employment),408 Temporary Activity,Entertainment,Secondary,109
2019-03-31,Temporary Resident (Other Employment),408 Temporary Activity,Exchange Arrangements,Primary,84
2019-03-31,Temporary Resident (Other Employment),408 Temporary Activity,Exchange Arrangements,Secondary,81
2019-03-31,Temporary Resident (Other Employment),408 Temporary Activity,Invited for Other Social and Cultural Activity,Primary,530
2019-03-31,Temporary Resident (Other Employment),408 Temporary Activity,Invited for Other Social and Cultural Activity,Secondary,28
2019-03-31,Temporary Resident (Other Employment),408 Temporary Activity,Religious Work,Primary,1934
2019-03-31,Temporary Resident (Other Employment),408 Temporary Activity,Religious Work,Secondary,907
2019-03-31,Temporary Resident (Other Employment),408 Temporary Activity,Research Activities,Primary,2982
2019-03-31,Temporary Resident (Other Employment),408 Temporary Activity,Research Activities,Secondary,1294
2019-03-31,Temporary Resident (Other Employment),408 Temporary Activity,Special Programs,Primary,1078
2019-03-31,Temporary Resident (Other Employment),408 Temporary Activity,Special Programs,Secondary,16
2019-03-31,Temporary Resident (Other Employment),408 Temporary Activity,Sporting Activities,Primary,618
2019-03-31,Temporary Resident (Other Employment),408 Temporary Activity,Sporting Activities,Secondary,189
2019-03-31,Temporary Resident (Other Employment),408 Temporary Activity,Superyacht Crew,Primary,94
2019-03-31,Temporary Resident (Other Employment),408 Temporary Activity,Superyacht Crew,Secondary,1
2019-03-31,Temporary Resident (Other Employment),410 Retirement,Temporary Resident - Other (Not Further Specified),Primary,1509
2019-03-31,Temporary Resident (Other Employment),410 Retirement,Temporary Resident - Other (Not Further Specified),Secondary,1035
2019-03-31,Temporary Resident (Other Employment),430 Supported Dependant,Temporary Resident - Other (Not Further Specified),Primary,1
2019-03-31,Temporary Resident (Other Employment),430 Supported Dependant,Temporary Resident - Other (Not Further Specified),Secondary,1
2019-03-31,Temporary Resident (Other Employment),476 Skilled - Recognised Graduate,Temporary Resident - Other (Not Further Specified),Primary,2686
2019-03-31,Temporary Resident (Other Employment),476 Skilled - Recognised Graduate,Temporary Resident - Other (Not Further Specified),Secondary,349
2019-03-31,Temporary Resident (Other Employment),995 Diplomatic (Temporary),Diplomatic,Primary,2328
2019-03-31,Temporary Resident (Other Employment),995 Diplomatic (Temporary),Diplomatic,Secondary,2347
2019-03-31,Temporary Resident (Skilled Employment),457 Temporary Work (Skilled),Temporary Work Skilled,Primary,64634
2019-03-31,Temporary Resident (Skilled Employment),457 Temporary Work (Skilled),Temporary Work Skilled,Secondary,50188
2019-03-31,Temporary Resident (Skilled Employment),482 Skills In Demand,Temporary Skill Shortage,Primary,21282
2019-03-31,Temporary Resident (Skilled Employment),482 Skills In Demand,Temporary Skill Shortage,Secondary,18101
2019-03-31,Visitor,456 Business (Short Stay),Business,Primary,7
2019-03-31,Visitor,600 Visitor,Business,Primary,7613
2019-03-31,Visitor,600 Visitor,Tourist,Primary,192501
2019-03-31,Visitor,600 Visitor,Tourist,Secondary,1
2019-03-31,Visitor,601 Electronic Travel Authority,Business,Primary,4588
2019-03-31,Visitor,601 Electronic Travel Authority,Tourist,Primary,89670
2019-03-31,Visitor,651 eVisitor,Business,Primary,3036
2019-03-31,Visitor,651 eVisitor,Tourist,Primary,50678
2019-03-31,Visitor,676 Tourist,Tourist,Primary,8
2019-03-31,Visitor,956 Electronic Travel Authority (Business Entrant - Long Validity),Business,Primary,34
2019-03-31,Visitor,976 Electronic Travel Authority (Visitor),Tourist,Primary,17
2019-03-31,Visitor,977 Electronic Travel Authority (Business Entrant - Short Validity),Business,Primary,9
2019-03-31,Working Holiday Maker,417 Working Holiday,First Visa,Primary,99561
2019-03-31,Working Holiday Maker,417 Working Holiday,Second Visa,Primary,30754
2019-03-31,Working Holiday Maker,462 Work and Holiday,First Visa,Primary,14900
2019-03-31,Working Holiday Maker,462 Work and Holiday,Second Visa,Primary,3928
2019-06-30,Bridging,Bridging Visas,Bridging,Primary,179626
2019-06-30,Bridging,Bridging Visas,Bridging,Secondary,295
2019-06-30,Crew and Transit,771 Transit,Transit,Primary,199
2019-06-30,Crew and Transit,988 Maritime Crew Visa,Maritime Crew,Primary,11877
2019-06-30,Other Temporary,580 Student Guardian,Student Guardian,Primary,574
2019-06-30,Other Temporary,580 Student Guardian,Student Guardian,Secondary,13
2019-06-30,Other Temporary,590 Student Guardian,Student Guardian,Primary,3257
2019-06-30,Other Temporary,590 Student Guardian,Student Guardian,Secondary,65
2019-06-30,Other Temporary,602 Medical Treatment,Medical stream,Primary,752
2019-06-30,Other Temporary,602 Medical Treatment,Medical stream,Secondary,32
2019-06-30,Other Temporary,685 Medical Treatment (Long Stay),Medical stream,Primary,85
2019-06-30,Other Temporary,685 Medical Treatment (Long Stay),Medical stream,Secondary,3
2019-06-30,Other Temporary,773 Border,Border,Primary,143
2019-06-30,Special Category,444 Special Category,Special Category (Not Further Specified),Primary,636298
2019-06-30,Special Category,444 Special Category,Standard or other,Primary,42360
2019-06-30,Student,500 Student,Foreign Affairs or Defence Sector,Primary,2761
2019-06-30,Student,500 Student,Foreign Affairs or Defence Sector,Secondary,1885
2019-06-30,Student,500 Student,Higher Education Sector,Primary,267810
2019-06-30,Student,500 Student,Higher Education Sector,Secondary,36158
2019-06-30,Student,500 Student,Independent ELICOS Sector,Primary,22879
2019-06-30,Student,500 Student,Independent ELICOS Sector,Secondary,2317
2019-06-30,Student,500 Student,Non-Award Sector,Primary,5584
2019-06-30,Student,500 Student,Non-Award Sector,Secondary,38
2019-06-30,Student,500 Student,Postgraduate Research Sector,Primary,12798
2019-06-30,Student,500 Student,Postgraduate Research Sector,Secondary,7141
2019-06-30,Student,500 Student,Schools Sector,Primary,13151
2019-06-30,Student,500 Student,Vocational Education and Training Sector,Primary,125030
2019-06-30,Student,500 Student,Vocational Education and Training Sector,Secondary,19022
2019-06-30,Student,560 Student,Student (Not Further Specified),Primary,8
2019-06-30,Student,560 Student,Student (Not Further Specified),Secondary,3
2019-06-30,Student,570 Independent ELICOS Sector,Independent ELICOS Sector,Primary,16
2019-06-30,Student,570 Independent ELICOS Sector,Independent ELICOS Sector,Secondary,4
2019-06-30,Student,571 Schools Sector,Schools Sector,Primary,2320
2019-06-30,Student,572 Vocational Education and Training Sector,Vocational Education and Training Sector,Primary,2580
2019-06-30,Student,572 Vocational Education and Training Sector,Vocational Education and Training Sector,Secondary,535
2019-06-30,Student,573 Higher Education Sector,Higher Education Sector,Primary,23768
2019-06-30,Student,573 Higher Education Sector,Higher Education Sector,Secondary,983
2019-06-30,Student,574 Postgraduate Research Sector,Postgraduate Research Sector,Primary,4035
2019-06-30,Student,574 Postgraduate Research Sector,Postgraduate Research Sector,Secondary,1975
2019-06-30,Student,575 Non-Award Sector,Non-Award Sector,Primary,10
2019-06-30,Student,576 Foreign Affairs or Defence Sector,Foreign Affairs or Defence Sector,Primary,159
2019-06-30,Student,576 Foreign Affairs or Defence Sector,Foreign Affairs or Defence Sector,Secondary,169
2019-06-30,Temporary Graduate,485 Temporary Graduate,Post-Higher Education Work,Primary,61147
2019-06-30,Temporary Graduate,485 Temporary Graduate,Post-Higher Education Work,Secondary,18712
2019-06-30,Temporary Graduate,485 Temporary Graduate,Post-Vocational Education Work,Primary,9023
2019-06-30,Temporary Graduate,485 Temporary Graduate,Post-Vocational Education Work,Secondary,2892
2019-06-30,Temporary Graduate,485 Temporary Graduate,Temporary Resident - Other (Not Further Specified),Primary,2
2019-06-30,Temporary Protection,785 Temporary Protection,Onshore Protection (Not Further Specified),Primary,4053
2019-06-30,Temporary Protection,785 Temporary Protection,Onshore Protection (Not Further Specified),Secondary,1267
2019-06-30,Temporary Protection,790 Safe Haven Enterprise,Onshore Protection (Not Further Specified),Primary,7199
2019-06-30,Temporary Protection,790 Safe Haven Enterprise,Onshore Protection (Not Further Specified),Secondary,2894
2019-06-30,Temporary Resident (Other Employment),400 Temporary Work (Short Stay Activity),Australia's Interest,Primary,1
2019-06-30,Temporary Resident (Other Employment),400 Temporary Work (Short Stay Activity),Highly Specialised Work,Primary,3678
2019-06-30,Temporary Resident (Other Employment),400 Temporary Work (Short Stay Activity),Highly Specialised Work,Secondary,112
2019-06-30,Temporary Resident (Other Employment),401 Temporary Work (Long Stay Activity),Religious Work,Primary,10
2019-06-30,Temporary Resident (Other Employment),401 Temporary Work (Long Stay Activity),Religious Work,Secondary,3
2019-06-30,Temporary Resident (Other Employment),402 Training and Research,Occupational Trainee,Primary,5
2019-06-30,Temporary Resident (Other Employment),403 Temporary Work (International Relations),Domestic Work (Diplomatic or Consular),Primary,73
2019-06-30,Temporary Resident (Other Employment),403 Temporary Work (International Relations),Foreign Government Agency,Primary,412
2019-06-30,Temporary Resident (Other Employment),403 Temporary Work (International Relations),Foreign Government Agency,Secondary,245
2019-06-30,Temporary Resident (Other Employment),403 Temporary Work (International Relations),Government Agreement,Primary,579
2019-06-30,Temporary Resident (Other Employment),403 Temporary Work (International Relations),Government Agreement,Secondary,284
2019-06-30,Temporary Resident (Other Employment),403 Temporary Work (International Relations),Pacific Labour Scheme,Primary,146
2019-06-30,Temporary Resident (Other Employment),403 Temporary Work (International Relations),Privileges and immunities,Primary,26
2019-06-30,Temporary Resident (Other Employment),403 Temporary Work (International Relations),Privileges and immunities,Secondary,20
2019-06-30,Temporary Resident (Other Employment),403 Temporary Work (International Relations),Seasonal Worker Program,Primary,5741
2019-06-30,Temporary Resident (Other Employment),405 Investor Retirement,Temporary Resident - Other (Not Further Specified),Primary,130
2019-06-30,Temporary Resident (Other Employment),405 Investor Retirement,Temporary Resident - Other (Not Further Specified),Secondary,91
2019-06-30,Temporary Resident (Other Employment),407 Training,Temporary Resident - Other (Not Further Specified),Primary,2372
2019-06-30,Temporary Resident (Other Employment),407 Training,Temporary Resident - Other (Not Further Specified),Secondary,868
2019-06-30,Temporary Resident (Other Employment),408 Temporary Activity,Australian Government Endorsed Events,Primary,20
2019-06-30,Temporary Resident (Other Employment),408 Temporary Activity,Australian Government Endorsed Events,Secondary,3
2019-06-30,Temporary Resident (Other Employment),408 Temporary Activity,Domestic Work (Executive),Primary,5
2019-06-30,Temporary Resident (Other Employment),408 Temporary Activity,Entertainment,Primary,1089
2019-06-30,Temporary Resident (Other Employment),408 Temporary Activity,Entertainment,Secondary,131
2019-06-30,Temporary Resident (Other Employment),408 Temporary Activity,Exchange Arrangements,Primary,81
2019-06-30,Temporary Resident (Other Employment),408 Temporary Activity,Exchange Arrangements,Secondary,86
2019-06-30,Temporary Resident (Other Employment),408 Temporary Activity,Invited for Other Social and Cultural Activity,Primary,578
2019-06-30,Temporary Resident (Other Employment),408 Temporary Activity,Invited for Other Social and Cultural Activity,Secondary,43
2019-06-30,Temporary Resident (Other Employment),408 Temporary Activity,Religious Work,Primary,1876
2019-06-30,Temporary Resident (Other Employment),408 Temporary Activity,Religious Work,Secondary,880
2019-06-30,Temporary Resident (Other Employment),408 Temporary Activity,Research Activities,Primary,2953
2019-06-30,Temporary Resident (Other Employment),408 Temporary Activity,Research Activities,Secondary,1250
2019-06-30,Temporary Resident (Other Employment),408 Temporary Activity,Special Programs,Primary,781
2019-06-30,Temporary Resident (Other Employment),408 Temporary Activity,Special Programs,Secondary,21
2019-06-30,Temporary Resident (Other Employment),408 Temporary Activity,Sporting Activities,Primary,393
2019-06-30,Temporary Resident (Other Employment),408 Temporary Activity,Sporting Activities,Secondary,86
2019-06-30,Temporary Resident (Other Employment),408 Temporary Activity,Superyacht Crew,Primary,82
2019-06-30,Temporary Resident (Other Employment),408 Temporary Activity,Superyacht Crew,Secondary,2
2019-06-30,Temporary Resident (Other Employment),410 Retirement,Temporary Resident - Other (Not Further Specified),Primary,1317
2019-06-30,Temporary Resident (Other Employment),410 Retirement,Temporary Resident - Other (Not Further Specified),Secondary,902
2019-06-30,Temporary Resident (Other Employment),430 Supported Dependant,Temporary Resident - Other (Not Further Specified),Primary,1
2019-06-30,Temporary Resident (Other Employment),430 Supported Dependant,Temporary Resident - Other (Not Further Specified),Secondary,1
2019-06-30,Temporary Resident (Other Employment),476 Skilled - Recognised Graduate,Temporary Resident - Other (Not Further Specified),Primary,2528
2019-06-30,Temporary Resident (Other Employment),476 Skilled - Recognised Graduate,Temporary Resident - Other (Not Further Specified),Secondary,334
2019-06-30,Temporary Resident (Other Employment),995 Diplomatic (Temporary),Diplomatic,Primary,2191
2019-06-30,Temporary Resident (Other Employment),995 Diplomatic (Temporary),Diplomatic,Secondary,2191
2019-06-30,Temporary Resident (Skilled Employment),457 Temporary Work (Skilled),Temporary Work Skilled,Primary,52516
2019-06-30,Temporary Resident (Skilled Employment),457 Temporary Work (Skilled),Temporary Work Skilled,Secondary,39642
2019-06-30,Temporary Resident (Skilled Employment),482 Skills In Demand,Temporary Skill Shortage,Primary,27548
2019-06-30,Temporary Resident (Skilled Employment),482 Skills In Demand,Temporary Skill Shortage,Secondary,23122
2019-06-30,Visitor,456 Business (Short Stay),Business,Primary,11
2019-06-30,Visitor,600 Visitor,Business,Primary,7147
2019-06-30,Visitor,600 Visitor,Tourist,Primary,209399
2019-06-30,Visitor,601 Electronic Travel Authority,Business,Primary,3163
2019-06-30,Visitor,601 Electronic Travel Authority,Tourist,Primary,69922
2019-06-30,Visitor,651 eVisitor,Business,Primary,1993
2019-06-30,Visitor,651 eVisitor,Tourist,Primary,24788
2019-06-30,Visitor,676 Tourist,Tourist,Primary,6
2019-06-30,Visitor,956 Electronic Travel Authority (Business Entrant - Long Validity),Business,Primary,14
2019-06-30,Visitor,976 Electronic Travel Authority (Visitor),Tourist,Primary,17
2019-06-30,Visitor,977 Electronic Travel Authority (Business Entrant - Short Validity),Business,Primary,9
2019-06-30,Working Holiday Maker,417 Working Holiday,First Visa,Primary,85684
2019-06-30,Working Holiday Maker,417 Working Holiday,Second Visa,Primary,30126
2019-06-30,Working Holiday Maker,462 Work and Holiday,First Visa,Primary,14796
2019-06-30,Working Holiday Maker,462 Work and Holiday,Second Visa,Primary,4657
2019-09-30,Bridging,Bridging Visas,Bridging,Primary,203598
2019-09-30,Bridging,Bridging Visas,Bridging,Secondary,288
2019-09-30,Crew and Transit,771 Transit,Transit,Primary,250
2019-09-30,Crew and Transit,988 Maritime Crew Visa,Maritime Crew,Primary,11582
2019-09-30,Other Temporary,580 Student Guardian,Student Guardian,Primary,475
2019-09-30,Other Temporary,580 Student Guardian,Student Guardian,Secondary,11
2019-09-30,Other Temporary,590 Student Guardian,Student Guardian,Primary,3597
2019-09-30,Other Temporary,590 Student Guardian,Student Guardian,Secondary,72
2019-09-30,Other Temporary,602 Medical Treatment,Medical stream,Primary,782
2019-09-30,Other Temporary,602 Medical Treatment,Medical stream,Secondary,34
2019-09-30,Other Temporary,685 Medical Treatment (Long Stay),Medical stream,Primary,75
2019-09-30,Other Temporary,773 Border,Border,Primary,181
2019-09-30,Other Temporary,773 Border,Standard or other,Primary,1
2019-09-30,Special Category,444 Special Category,Special Category (Not Further Specified),Primary,516436
2019-09-30,Special Category,444 Special Category,Standard or other,Primary,168736
2019-09-30,Student,500 Student,Foreign Affairs or Defence Sector,Primary,2696
2019-09-30,Student,500 Student,Foreign Affairs or Defence Sector,Secondary,1817
2019-09-30,Student,500 Student,Higher Education Sector,Primary,330429
2019-09-30,Student,500 Student,Higher Education Sector,Secondary,36492
2019-09-30,Student,500 Student,Independent ELICOS Sector,Primary,24467
2019-09-30,Student,500 Student,Independent ELICOS Sector,Secondary,2429
2019-09-30,Student,500 Student,Non-Award Sector,Primary,9916
2019-09-30,Student,500 Student,Non-Award Sector,Secondary,46
2019-09-30,Student,500 Student,Postgraduate Research Sector,Primary,14412
2019-09-30,Student,500 Student,Postgraduate Research Sector,Secondary,7858
2019-09-30,Student,500 Student,Schools Sector,Primary,17039
2019-09-30,Student,500 Student,Schools Sector,Secondary,2
2019-09-30,Student,500 Student,Vocational Education and Training Sector,Primary,134161
2019-09-30,Student,500 Student,Vocational Education and Training Sector,Secondary,21109
2019-09-30,Student,560 Student,Student (Not Further Specified),Primary,8
2019-09-30,Student,560 Student,Student (Not Further Specified),Secondary,3
2019-09-30,Student,570 Independent ELICOS Sector,Independent ELICOS Sector,Primary,16
2019-09-30,Student,570 Independent ELICOS Sector,Independent ELICOS Sector,Secondary,4
2019-09-30,Student,571 Schools Sector,Schools Sector,Primary,2691
2019-09-30,Student,572 Vocational Education and Training Sector,Vocational Education and Training Sector,Primary,1398
2019-09-30,Student,572 Vocational Education and Training Sector,Vocational Education and Training Sector,Secondary,319
2019-09-30,Student,573 Higher Education Sector,Higher Education Sector,Primary,20677
2019-09-30,Student,573 Higher Education Sector,Higher Education Sector,Secondary,617
2019-09-30,Student,574 Postgraduate Research Sector,Postgraduate Research Sector,Primary,3398
2019-09-30,Student,574 Postgraduate Research Sector,Postgraduate Research Sector,Secondary,1591
2019-09-30,Student,575 Non-Award Sector,Non-Award Sector,Primary,12
2019-09-30,Student,576 Foreign Affairs or Defence Sector,Foreign Affairs or Defence Sector,Primary,119
2019-09-30,Student,576 Foreign Affairs or Defence Sector,Foreign Affairs or Defence Sector,Secondary,90
2019-09-30,Temporary Graduate,485 Temporary Graduate,Post-Higher Education Work,Primary,62641
2019-09-30,Temporary Graduate,485 Temporary Graduate,Post-Higher Education Work,Secondary,19369
2019-09-30,Temporary Graduate,485 Temporary Graduate,Post-Vocational Education Work,Primary,9452
2019-09-30,Temporary Graduate,485 Temporary Graduate,Post-Vocational Education Work,Secondary,3192
2019-09-30,Temporary Graduate,485 Temporary Graduate,Skilled Graduate,Secondary,3
2019-09-30,Temporary Protection,785 Temporary Protection,Onshore Protection (Not Further Specified),Primary,3939
2019-09-30,Temporary Protection,785 Temporary Protection,Onshore Protection (Not Further Specified),Secondary,1229
2019-09-30,Temporary Protection,785 Temporary Protection,Temporary Protection (Not Further Specified),Primary,107
2019-09-30,Temporary Protection,785 Temporary Protection,Temporary Protection (Not Further Specified),Secondary,56
2019-09-30,Temporary Protection,790 Safe Haven Enterprise,Onshore Protection (Not Further Specified),Primary,7319
2019-09-30,Temporary Protection,790 Safe Haven Enterprise,Onshore Protection (Not Further Specified),Secondary,2952
2019-09-30,Temporary Protection,790 Safe Haven Enterprise,Temporary Protection (Not Further Specified),Primary,227
2019-09-30,Temporary Protection,790 Safe Haven Enterprise,Temporary Protection (Not Further Specified),Secondary,107
2019-09-30,Temporary Resident (Other Employment),400 Temporary Work (Short Stay Activity),Australia's Interest,Primary,6
2019-09-30,Temporary Resident (Other Employment),400 Temporary Work (Short Stay Activity),Highly Specialised Work,Primary,3498
2019-09-30,Temporary Resident (Other Employment),400 Temporary Work (Short Stay Activity),Highly Specialised Work,Secondary,132
2019-09-30,Temporary Resident (Other Employment),401 Temporary Work (Long Stay Activity),Religious Work,Primary,1
2019-09-30,Temporary Resident (Other Employment),403 Temporary Work (International Relations),Domestic Work (Diplomatic or Consular),Primary,74
2019-09-30,Temporary Resident (Other Employment),403 Temporary Work (International Relations),Foreign Government Agency,Primary,442
2019-09-30,Temporary Resident (Other Employment),403 Temporary Work (International Relations),Foreign Government Agency,Secondary,248
2019-09-30,Temporary Resident (Other Employment),403 Temporary Work (International Relations),Government Agreement,Primary,558
2019-09-30,Temporary Resident (Other Employment),403 Temporary Work (International Relations),Government Agreement,Secondary,284
2019-09-30,Temporary Resident (Other Employment),403 Temporary Work (International Relations),Pacific Labour Scheme,Primary,297
2019-09-30,Temporary Resident (Other Employment),403 Temporary Work (International Relations),Privileges and immunities,Primary,30
2019-09-30,Temporary Resident (Other Employment),403 Temporary Work (International Relations),Privileges and immunities,Secondary,27
2019-09-30,Temporary Resident (Other Employment),403 Temporary Work (International Relations),Seasonal Worker Program,Primary,6328
2019-09-30,Temporary Resident (Other Employment),405 Investor Retirement,Temporary Resident - Other (Not Further Specified),Primary,126
2019-09-30,Temporary Resident (Other Employment),405 Investor Retirement,Temporary Resident - Other (Not Further Specified),Secondary,88
2019-09-30,Temporary Resident (Other Employment),407 Training,Temporary Resident - Other (Not Further Specified),Primary,2726
2019-09-30,Temporary Resident (Other Employment),407 Training,Temporary Resident - Other (Not Further Specified),Secondary,930
2019-09-30,Temporary Resident (Other Employment),408 Temporary Activity,Australian Government Endorsed Events,Primary,43
2019-09-30,Temporary Resident (Other Employment),408 Temporary Activity,Australian Government Endorsed Events,Secondary,5
2019-09-30,Temporary Resident (Other Employment),408 Temporary Activity,Domestic Work (Executive),Primary,9
2019-09-30,Temporary Resident (Other Employment),408 Temporary Activity,Entertainment,Primary,1388
2019-09-30,Temporary Resident (Other Employment),408 Temporary Activity,Entertainment,Secondary,197
2019-09-30,Temporary Resident (Other Employment),408 Temporary Activity,Exchange Arrangements,Primary,68
2019-09-30,Temporary Resident (Other Employment),408 Temporary Activity,Exchange Arrangements,Secondary,74
2019-09-30,Temporary Resident (Other Employment),408 Temporary Activity,Invited for Other Social and Cultural Activity,Primary,655
2019-09-30,Temporary Resident (Other Employment),408 Temporary Activity,Invited for Other Social and Cultural Activity,Secondary,25
2019-09-30,Temporary Resident (Other Employment),408 Temporary Activity,Religious Work,Primary,1880
2019-09-30,Temporary Resident (Other Employment),408 Temporary Activity,Religious Work,Secondary,904
2019-09-30,Temporary Resident (Other Employment),408 Temporary Activity,Research Activities,Primary,2950
2019-09-30,Temporary Resident (Other Employment),408 Temporary Activity,Research Activities,Secondary,1215
2019-09-30,Temporary Resident (Other Employment),408 Temporary Activity,Special Programs,Primary,797
2019-09-30,Temporary Resident (Other Employment),408 Temporary Activity,Special Programs,Secondary,24
2019-09-30,Temporary Resident (Other Employment),408 Temporary Activity,Sporting Activities,Primary,533
2019-09-30,Temporary Resident (Other Employment),408 Temporary Activity,Sporting Activities,Secondary,137
2019-09-30,Temporary Resident (Other Employment),408 Temporary Activity,Superyacht Crew,Primary,101
2019-09-30,Temporary Resident (Other Employment),410 Retirement,Temporary Resident - Other (Not Further Specified),Primary,1325
2019-09-30,Temporary Resident (Other Employment),410 Retirement,Temporary Resident - Other (Not Further Specified),Secondary,890
2019-09-30,Temporary Resident (Other Employment),430 Supported Dependant,Temporary Resident - Other (Not Further Specified),Primary,1
2019-09-30,Temporary Resident (Other Employment),430 Supported Dependant,Temporary Resident - Other (Not Further Specified),Secondary,1
2019-09-30,Temporary Resident (Other Employment),476 Skilled - Recognised Graduate,Temporary Resident - Other (Not Further Specified),Primary,2217
2019-09-30,Temporary Resident (Other Employment),476 Skilled - Recognised Graduate,Temporary Resident - Other (Not Further Specified),Secondary,304
2019-09-30,Temporary Resident (Other Employment),995 Diplomatic (Temporary),Diplomatic,Primary,2255
2019-09-30,Temporary Resident (Other Employment),995 Diplomatic (Temporary),Diplomatic,Secondary,2312
2019-09-30,Temporary Resident (Skilled Employment),457 Temporary Work (Skilled),Temporary Work Skilled,Primary,42832
2019-09-30,Temporary Resident (Skilled Employment),457 Temporary Work (Skilled),Temporary Work Skilled,Secondary,31487
2019-09-30,Temporary Resident (Skilled Employment),482 Skills In Demand,Temporary Skill Shortage,Primary,35495
2019-09-30,Temporary Resident (Skilled Employment),482 Skills In Demand,Temporary Skill Shortage,Secondary,29453
2019-09-30,Visitor,456 Business (Short Stay),Business,Primary,9
2019-09-30,Visitor,600 Visitor,Business,Primary,6884
2019-09-30,Visitor,600 Visitor,Tourist,Primary,220941
2019-09-30,Visitor,600 Visitor,Tourist,Secondary,1
2019-09-30,Visitor,601 Electronic Travel Authority,Business,Primary,4019
2019-09-30,Visitor,601 Electronic Travel Authority,Tourist,Primary,68611
2019-09-30,Visitor,651 eVisitor,Business,Primary,2286
2019-09-30,Visitor,651 eVisitor,Tourist,Primary,34766
2019-09-30,Visitor,676 Tourist,Tourist,Primary,6
2019-09-30,Visitor,956 Electronic Travel Authority (Business Entrant - Long Validity),Business,Primary,14
2019-09-30,Visitor,976 Electronic Travel Authority (Visitor),Tourist,Primary,17
2019-09-30,Visitor,977 Electronic Travel Authority (Business Entrant - Short Validity),Business,Primary,9
2019-09-30,Working Holiday Maker,417 Working Holiday,First Visa,Primary,85452
2019-09-30,Working Holiday Maker,417 Working Holiday,Second Visa,Primary,29741
2019-09-30,Working Holiday Maker,462 Work and Holiday,First Visa,Primary,14849
2019-09-30,Working Holiday Maker,462 Work and Holiday,Second Visa,Primary,5082
2019-12-31,Bridging,Bridging Visas,Bridging,Primary,191364
2019-12-31,Bridging,Bridging Visas,Bridging,Secondary,291
2019-12-31,Crew and Transit,771 Transit,Transit,Primary,104
2019-12-31,Crew and Transit,988 Maritime Crew Visa,Maritime Crew,Primary,23644
2019-12-31,Other Temporary,580 Student Guardian,Student Guardian,Primary,212
2019-12-31,Other Temporary,580 Student Guardian,Student Guardian,Secondary,6
2019-12-31,Other Temporary,590 Student Guardian,Student Guardian,Primary,2027
2019-12-31,Other Temporary,590 Student Guardian,Student Guardian,Secondary,51
2019-12-31,Other Temporary,602 Medical Treatment,Medical stream,Primary,691
2019-12-31,Other Temporary,602 Medical Treatment,Medical stream,Secondary,26
2019-12-31,Other Temporary,685 Medical Treatment (Long Stay),Medical stream,Primary,70
2019-12-31,Other Temporary,773 Border,Border,Primary,155
2019-12-31,Other Temporary,773 Border,Standard or other,Primary,2
2019-12-31,Special Category,444 Special Category,Special Category (Not Further Specified),Primary,417200
2019-12-31,Special Category,444 Special Category,Standard or other,Primary,251487
2019-12-31,Student,500 Student,Foreign Affairs or Defence Sector,Primary,1226
2019-12-31,Student,500 Student,Foreign Affairs or Defence Sector,Secondary,1456
2019-12-31,Student,500 Student,Higher Education Sector,Primary,221402
2019-12-31,Student,500 Student,Higher Education Sector,Secondary,36233
2019-12-31,Student,500 Student,Independent ELICOS Sector,Primary,22775
2019-12-31,Student,500 Student,Independent ELICOS Sector,Secondary,2170
2019-12-31,Student,500 Student,Non-Award Sector,Primary,3211
2019-12-31,Student,500 Student,Non-Award Sector,Secondary,26
2019-12-31,Student,500 Student,Postgraduate Research Sector,Primary,12106
2019-12-31,Student,500 Student,Postgraduate Research Sector,Secondary,7027
2019-12-31,Student,500 Student,Schools Sector,Primary,6101
2019-12-31,Student,500 Student,Schools Sector,Secondary,1
2019-12-31,Student,500 Student,Vocational Education and Training Sector,Primary,130034
2019-12-31,Student,500 Student,Vocational Education and Training Sector,Secondary,21633
2019-12-31,Student,560 Student,Student (Not Further Specified),Primary,8
2019-12-31,Student,560 Student,Student (Not Further Specified),Secondary,3
2019-12-31,Student,570 Independent ELICOS Sector,Independent ELICOS Sector,Primary,4
2019-12-31,Student,570 Independent ELICOS Sector,Independent ELICOS Sector,Secondary,1
2019-12-31,Student,571 Schools Sector,Schools Sector,Primary,706
2019-12-31,Student,572 Vocational Education and Training Sector,Vocational Education and Training Sector,Primary,821
2019-12-31,Student,572 Vocational Education and Training Sector,Vocational Education and Training Sector,Secondary,186
2019-12-31,Student,573 Higher Education Sector,Higher Education Sector,Primary,9483
2019-12-31,Student,573 Higher Education Sector,Higher Education Sector,Secondary,437
2019-12-31,Student,574 Postgraduate Research Sector,Postgraduate Research Sector,Primary,2251
2019-12-31,Student,574 Postgraduate Research Sector,Postgraduate Research Sector,Secondary,1088
2019-12-31,Student,575 Non-Award Sector,Non-Award Sector,Primary,4
2019-12-31,Student,576 Foreign Affairs or Defence Sector,Foreign Affairs or Defence Sector,Primary,74
2019-12-31,Student,576 Foreign Affairs or Defence Sector,Foreign Affairs or Defence Sector,Secondary,76
2019-12-31,Temporary Graduate,485 Temporary Graduate,Post-Higher Education Work,Primary,58304
2019-12-31,Temporary Graduate,485 Temporary Graduate,Post-Higher Education Work,Secondary,19362
2019-12-31,Temporary Graduate,485 Temporary Graduate,Post-Vocational Education Work,Primary,8548
2019-12-31,Temporary Graduate,485 Temporary Graduate,Post-Vocational Education Work,Secondary,3097
2019-12-31,Temporary Graduate,485 Temporary Graduate,Skilled Graduate,Primary,3
2019-12-31,Temporary Graduate,485 Temporary Graduate,Skilled Graduate,Secondary,10
2019-12-31,Temporary Protection,785 Temporary Protection,Onshore Protection (Not Further Specified),Primary,3655
2019-12-31,Temporary Protection,785 Temporary Protection,Onshore Protection (Not Further Specified),Secondary,1083
2019-12-31,Temporary Protection,785 Temporary Protection,Temporary Protection (Not Further Specified),Primary,449
2019-12-31,Temporary Protection,785 Temporary Protection,Temporary Protection (Not Further Specified),Secondary,249
2019-12-31,Temporary Protection,790 Safe Haven Enterprise,Onshore Protection (Not Further Specified),Primary,6806
2019-12-31,Temporary Protection,790 Safe Haven Enterprise,Onshore Protection (Not Further Specified),Secondary,2683
2019-12-31,Temporary Protection,790 Safe Haven Enterprise,Temporary Protection (Not Further Specified),Primary,1052
2019-12-31,Temporary Protection,790 Safe Haven Enterprise,Temporary Protection (Not Further Specified),Secondary,532
2019-12-31,Temporary Resident (Other Employment),400 Temporary Work (Short Stay Activity),Australia's Interest,Primary,3
2019-12-31,Temporary Resident (Other Employment),400 Temporary Work (Short Stay Activity),Australia's Interest,Secondary,2
2019-12-31,Temporary Resident (Other Employment),400 Temporary Work (Short Stay Activity),Highly Specialised Work,Primary,1826
2019-12-31,Temporary Resident (Other Employment),400 Temporary Work (Short Stay Activity),Highly Specialised Work,Secondary,100
2019-12-31,Temporary Resident (Other Employment),403 Temporary Work (International Relations),Domestic Work (Diplomatic or Consular),Primary,51
2019-12-31,Temporary Resident (Other Employment),403 Temporary Work (International Relations),Foreign Government Agency,Primary,308
2019-12-31,Temporary Resident (Other Employment),403 Temporary Work (International Relations),Foreign Government Agency,Secondary,212
2019-12-31,Temporary Resident (Other Employment),403 Temporary Work (International Relations),Government Agreement,Primary,422
2019-12-31,Temporary Resident (Other Employment),403 Temporary Work (International Relations),Government Agreement,Secondary,232
2019-12-31,Temporary Resident (Other Employment),403 Temporary Work (International Relations),Pacific Labour Scheme,Primary,549
2019-12-31,Temporary Resident (Other Employment),403 Temporary Work (International Relations),Privileges and immunities,Primary,33
2019-12-31,Temporary Resident (Other Employment),403 Temporary Work (International Relations),Privileges and immunities,Secondary,36
2019-12-31,Temporary Resident (Other Employment),403 Temporary Work (International Relations),Seasonal Worker Program,Primary,6214
2019-12-31,Temporary Resident (Other Employment),405 Investor Retirement,Temporary Resident - Other (Not Further Specified),Primary,119
2019-12-31,Temporary Resident (Other Employment),405 Investor Retirement,Temporary Resident - Other (Not Further Specified),Secondary,86
2019-12-31,Temporary Resident (Other Employment),407 Training,Temporary Resident - Other (Not Further Specified),Primary,2570
2019-12-31,Temporary Resident (Other Employment),407 Training,Temporary Resident - Other (Not Further Specified),Secondary,951
2019-12-31,Temporary Resident (Other Employment),408 Temporary Activity,Australian Government Endorsed Events,Primary,26
2019-12-31,Temporary Resident (Other Employment),408 Temporary Activity,Australian Government Endorsed Events,Secondary,15
2019-12-31,Temporary Resident (Other Employment),408 Temporary Activity,Domestic Work (Executive),Primary,6
2019-12-31,Temporary Resident (Other Employment),408 Temporary Activity,Entertainment,Primary,1425
2019-12-31,Temporary Resident (Other Employment),408 Temporary Activity,Entertainment,Secondary,211
2019-12-31,Temporary Resident (Other Employment),408 Temporary Activity,Exchange Arrangements,Primary,55
2019-12-31,Temporary Resident (Other Employment),408 Temporary Activity,Exchange Arrangements,Secondary,54
2019-12-31,Temporary Resident (Other Employment),408 Temporary Activity,Invited for Other Social and Cultural Activity,Primary,710
2019-12-31,Temporary Resident (Other Employment),408 Temporary Activity,Invited for Other Social and Cultural Activity,Secondary,22
2019-12-31,Temporary Resident (Other Employment),408 Temporary Activity,Religious Work,Primary,1903
2019-12-31,Temporary Resident (Other Employment),408 Temporary Activity,Religious Work,Secondary,896
2019-12-31,Temporary Resident (Other Employment),408 Temporary Activity,Research Activities,Primary,2645
2019-12-31,Temporary Resident (Other Employment),408 Temporary Activity,Research Activities,Secondary,1264
2019-12-31,Temporary Resident (Other Employment),408 Temporary Activity,Special Programs,Primary,460
2019-12-31,Temporary Resident (Other Employment),408 Temporary Activity,Special Programs,Secondary,20
2019-12-31,Temporary Resident (Other Employment),408 Temporary Activity,Sporting Activities,Primary,753
2019-12-31,Temporary Resident (Other Employment),408 Temporary Activity,Sporting Activities,Secondary,207
2019-12-31,Temporary Resident (Other Employment),408 Temporary Activity,Superyacht Crew,Primary,68
2019-12-31,Temporary Resident (Other Employment),410 Retirement,Temporary Resident - Other (Not Further Specified),Primary,1388
2019-12-31,Temporary Resident (Other Employment),410 Retirement,Temporary Resident - Other (Not Further Specified),Secondary,921
2019-12-31,Temporary Resident (Other Employment),430 Supported Dependant,Temporary Resident - Other (Not Further Specified),Primary,1
2019-12-31,Temporary Resident (Other Employment),430 Supported Dependant,Temporary Resident - Other (Not Further Specified),Secondary,1
2019-12-31,Temporary Resident (Other Employment),476 Skilled - Recognised Graduate,Temporary Resident - Other (Not Further Specified),Primary,2164
2019-12-31,Temporary Resident (Other Employment),476 Skilled - Recognised Graduate,Temporary Resident - Other (Not Further Specified),Secondary,294
2019-12-31,Temporary Resident (Other Employment),995 Diplomatic (Temporary),Diplomatic,Primary,2085
2019-12-31,Temporary Resident (Other Employment),995 Diplomatic (Temporary),Diplomatic,Secondary,2015
2019-12-31,Temporary Resident (Skilled Employment),457 Temporary Work (Skilled),Temporary Work Skilled,Primary,30126
2019-12-31,Temporary Resident (Skilled Employment),457 Temporary Work (Skilled),Temporary Work Skilled,Secondary,23220
2019-12-31,Temporary Resident (Skilled Employment),482 Skills In Demand,Temporary Skill Shortage,Primary,34459
2019-12-31,Temporary Resident (Skilled Employment),482 Skills In Demand,Temporary Skill Shortage,Secondary,31355
2019-12-31,Visitor,456 Business (Short Stay),Business,Primary,10
2019-12-31,Visitor,600 Visitor,Business,Primary,5000
2019-12-31,Visitor,600 Visitor,Tourist,Primary,301335
2019-12-31,Visitor,600 Visitor,Tourist,Secondary,1
2019-12-31,Visitor,601 Electronic Travel Authority,Business,Primary,1634
2019-12-31,Visitor,601 Electronic Travel Authority,Tourist,Primary,177041
2019-12-31,Visitor,651 eVisitor,Business,Primary,1309
2019-12-31,Visitor,651 eVisitor,Tourist,Primary,148719
2019-12-31,Visitor,676 Tourist,Tourist,Primary,6
2019-12-31,Visitor,956 Electronic Travel Authority (Business Entrant - Long Validity),Business,Primary,28
2019-12-31,Visitor,976 Electronic Travel Authority (Visitor),Tourist,Primary,17
2019-12-31,Visitor,977 Electronic Travel Authority (Business Entrant - Short Validity),Business,Primary,9
2019-12-31,Working Holiday Maker,417 Working Holiday,First Visa,Primary,91811
2019-12-31,Working Holiday Maker,417 Working Holiday,Second Visa,Primary,28006
2019-12-31,Working Holiday Maker,462 Work and Holiday,First Visa,Primary,15852
2019-12-31,Working Holiday Maker,462 Work and Holiday,Second Visa,Primary,5473
2020-03-31,Bridging,Bridging Visas,Bridging,Primary,256234
2020-03-31,Bridging,Bridging Visas,Bridging,Secondary,295
2020-03-31,Crew and Transit,771 Transit,Transit,Primary,24
2020-03-31,Crew and Transit,988 Maritime Crew Visa,Maritime Crew,Primary,26228
2020-03-31,Other Temporary,580 Student Guardian,Student Guardian,Primary,334
2020-03-31,Other Temporary,580 Student Guardian,Student Guardian,Secondary,3
2020-03-31,Other Temporary,590 Student Guardian,Student Guardian,Primary,4115
2020-03-31,Other Temporary,590 Student Guardian,Student Guardian,Secondary,72
2020-03-31,Other Temporary,602 Medical Treatment,Medical stream,Primary,721
2020-03-31,Other Temporary,602 Medical Treatment,Medical stream,Secondary,32
2020-03-31,Other Temporary,685 Medical Treatment (Long Stay),Medical stream,Primary,66
2020-03-31,Other Temporary,773 Border,Border,Primary,48
2020-03-31,Other Temporary,773 Border,Standard or other,Primary,1
2020-03-31,Special Category,444 Special Category,Special Category (Not Further Specified),Primary,376040
2020-03-31,Special Category,444 Special Category,Standard or other,Primary,296392
2020-03-31,Student,500 Student,Foreign Affairs or Defence Sector,Primary,2637
2020-03-31,Student,500 Student,Foreign Affairs or Defence Sector,Secondary,1676
2020-03-31,Student,500 Student,Higher Education Sector,Primary,288982
2020-03-31,Student,500 Student,Higher Education Sector,Secondary,34929
2020-03-31,Student,500 Student,Independent ELICOS Sector,Primary,20983
2020-03-31,Student,500 Student,Independent ELICOS Sector,Secondary,1959
2020-03-31,Student,500 Student,Non-Award Sector,Primary,4795
2020-03-31,Student,500 Student,Non-Award Sector,Secondary,34
2020-03-31,Student,500 Student,Postgraduate Research Sector,Primary,15669
2020-03-31,Student,500 Student,Postgraduate Research Sector,Secondary,8655
2020-03-31,Student,500 Student,Schools Sector,Primary,16980
2020-03-31,Student,500 Student,Schools Sector,Secondary,1
2020-03-31,Student,500 Student,Vocational Education and Training Sector,Primary,136925
2020-03-31,Student,500 Student,Vocational Education and Training Sector,Secondary,22721
2020-03-31,Student,560 Student,Student (Not Further Specified),Primary,8
2020-03-31,Student,560 Student,Student (Not Further Specified),Secondary,3
2020-03-31,Student,570 Independent ELICOS Sector,Independent ELICOS Sector,Primary,6
2020-03-31,Student,570 Independent ELICOS Sector,Independent ELICOS Sector,Secondary,4
2020-03-31,Student,571 Schools Sector,Schools Sector,Primary,968
2020-03-31,Student,572 Vocational Education and Training Sector,Vocational Education and Training Sector,Primary,471
2020-03-31,Student,572 Vocational Education and Training Sector,Vocational Education and Training Sector,Secondary,102
2020-03-31,Student,573 Higher Education Sector,Higher Education Sector,Primary,6424
2020-03-31,Student,573 Higher Education Sector,Higher Education Sector,Secondary,162
2020-03-31,Student,574 Postgraduate Research Sector,Postgraduate Research Sector,Primary,1892
2020-03-31,Student,574 Postgraduate Research Sector,Postgraduate Research Sector,Secondary,853
2020-03-31,Student,575 Non-Award Sector,Non-Award Sector,Primary,5
2020-03-31,Student,576 Foreign Affairs or Defence Sector,Foreign Affairs or Defence Sector,Primary,48
2020-03-31,Student,576 Foreign Affairs or Defence Sector,Foreign Affairs or Defence Sector,Secondary,32
2020-03-31,Temporary Graduate,485 Temporary Graduate,Post-Higher Education Work,Primary,64073
2020-03-31,Temporary Graduate,485 Temporary Graduate,Post-Higher Education Work,Secondary,20229
2020-03-31,Temporary Graduate,485 Temporary Graduate,Post-Vocational Education Work,Primary,9211
2020-03-31,Temporary Graduate,485 Temporary Graduate,Post-Vocational Education Work,Secondary,3294
2020-03-31,Temporary Graduate,485 Temporary Graduate,Skilled Graduate,Primary,3
2020-03-31,Temporary Graduate,485 Temporary Graduate,Skilled Graduate,Secondary,9
2020-03-31,Temporary Protection,785 Temporary Protection,Onshore Protection (Not Further Specified),Primary,3294
2020-03-31,Temporary Protection,785 Temporary Protection,Onshore Protection (Not Further Specified),Secondary,964
2020-03-31,Temporary Protection,785 Temporary Protection,Temporary Protection (Not Further Specified),Primary,825
2020-03-31,Temporary Protection,785 Temporary Protection,Temporary Protection (Not Further Specified),Secondary,398
2020-03-31,Temporary Protection,790 Safe Haven Enterprise,Onshore Protection (Not Further Specified),Primary,6262
2020-03-31,Temporary Protection,790 Safe Haven Enterprise,Onshore Protection (Not Further Specified),Secondary,2485
2020-03-31,Temporary Protection,790 Safe Haven Enterprise,Temporary Protection (Not Further Specified),Primary,2118
2020-03-31,Temporary Protection,790 Safe Haven Enterprise,Temporary Protection (Not Further Specified),Secondary,877
2020-03-31,Temporary Resident (Other Employment),400 Temporary Work (Short Stay Activity),Australia's Interest,Primary,6
2020-03-31,Temporary Resident (Other Employment),400 Temporary Work (Short Stay Activity),Highly Specialised Work,Primary,1880
2020-03-31,Temporary Resident (Other Employment),400 Temporary Work (Short Stay Activity),Highly Specialised Work,Secondary,74
2020-03-31,Temporary Resident (Other Employment),402 Training and Research,Occupational Trainee,Primary,1
2020-03-31,Temporary Resident (Other Employment),403 Temporary Work (International Relations),Domestic Work (Diplomatic or Consular),Primary,57
2020-03-31,Temporary Resident (Other Employment),403 Temporary Work (International Relations),Foreign Government Agency,Primary,370
2020-03-31,Temporary Resident (Other Employment),403 Temporary Work (International Relations),Foreign Government Agency,Secondary,251
2020-03-31,Temporary Resident (Other Employment),403 Temporary Work (International Relations),Government Agreement,Primary,895
2020-03-31,Temporary Resident (Other Employment),403 Temporary Work (International Relations),Government Agreement,Secondary,334
2020-03-31,Temporary Resident (Other Employment),403 Temporary Work (International Relations),Pacific Labour Scheme,Primary,969
2020-03-31,Temporary Resident (Other Employment),403 Temporary Work (International Relations),Privileges and immunities,Primary,38
2020-03-31,Temporary Resident (Other Employment),403 Temporary Work (International Relations),Privileges and immunities,Secondary,39
2020-03-31,Temporary Resident (Other Employment),403 Temporary Work (International Relations),Seasonal Worker Program,Primary,7012
2020-03-31,Temporary Resident (Other Employment),405 Investor Retirement,Temporary Resident - Other (Not Further Specified),Primary,118
2020-03-31,Temporary Resident (Other Employment),405 Investor Retirement,Temporary Resident - Other (Not Further Specified),Secondary,88
2020-03-31,Temporary Resident (Other Employment),407 Training,Temporary Resident - Other (Not Further Specified),Primary,2646
2020-03-31,Temporary Resident (Other Employment),407 Training,Temporary Resident - Other (Not Further Specified),Secondary,784
2020-03-31,Temporary Resident (Other Employment),408 Temporary Activity,Australian Government Endorsed Events,Primary,45
2020-03-31,Temporary Resident (Other Employment),408 Temporary Activity,Australian Government Endorsed Events,Secondary,29
2020-03-31,Temporary Resident (Other Employment),408 Temporary Activity,Domestic Work (Executive),Primary,8
2020-03-31,Temporary Resident (Other Employment),408 Temporary Activity,Entertainment,Primary,547
2020-03-31,Temporary Resident (Other Employment),408 Temporary Activity,Entertainment,Secondary,151
2020-03-31,Temporary Resident (Other Employment),408 Temporary Activity,Exchange Arrangements,Primary,58
2020-03-31,Temporary Resident (Other Employment),408 Temporary Activity,Exchange Arrangements,Secondary,63
2020-03-31,Temporary Resident (Other Employment),408 Temporary Activity,Invited for Other Social and Cultural Activity,Primary,192
2020-03-31,Temporary Resident (Other Employment),408 Temporary Activity,Invited for Other Social and Cultural Activity,Secondary,17
2020-03-31,Temporary Resident (Other Employment),408 Temporary Activity,Religious Work,Primary,1844
2020-03-31,Temporary Resident (Other Employment),408 Temporary Activity,Religious Work,Secondary,929
2020-03-31,Temporary Resident (Other Employment),408 Temporary Activity,Research Activities,Primary,2375
2020-03-31,Temporary Resident (Other Employment),408 Temporary Activity,Research Activities,Secondary,1157
2020-03-31,Temporary Resident (Other Employment),408 Temporary Activity,Special Programs,Primary,454
2020-03-31,Temporary Resident (Other Employment),408 Temporary Activity,Special Programs,Secondary,17
2020-03-31,Temporary Resident (Other Employment),408 Temporary Activity,Sporting Activities,Primary,647
2020-03-31,Temporary Resident (Other Employment),408 Temporary Activity,Sporting Activities,Secondary,217
2020-03-31,Temporary Resident (Other Employment),408 Temporary Activity,Superyacht Crew,Primary,100
2020-03-31,Temporary Resident (Other Employment),408 Temporary Activity,Superyacht Crew,Secondary,1
2020-03-31,Temporary Resident (Other Employment),410 Retirement,Temporary Resident - Other (Not Further Specified),Primary,1336
2020-03-31,Temporary Resident (Other Employment),410 Retirement,Temporary Resident - Other (Not Further Specified),Secondary,871
2020-03-31,Temporary Resident (Other Employment),430 Supported Dependant,Temporary Resident - Other (Not Further Specified),Primary,1
2020-03-31,Temporary Resident (Other Employment),430 Supported Dependant,Temporary Resident - Other (Not Further Specified),Secondary,1
2020-03-31,Temporary Resident (Other Employment),476 Skilled - Recognised Graduate,Temporary Resident - Other (Not Further Specified),Primary,2433
2020-03-31,Temporary Resident (Other Employment),476 Skilled - Recognised Graduate,Temporary Resident - Other (Not Further Specified),Secondary,285
2020-03-31,Temporary Resident (Other Employment),995 Diplomatic (Temporary),Diplomatic,Primary,2400
2020-03-31,Temporary Resident (Other Employment),995 Diplomatic (Temporary),Diplomatic,Secondary,2368
2020-03-31,Temporary Resident (Skilled Employment),457 Temporary Work (Skilled),Temporary Work Skilled,Primary,29827
2020-03-31,Temporary Resident (Skilled Employment),457 Temporary Work (Skilled),Temporary Work Skilled,Secondary,21796
2020-03-31,Temporary Resident (Skilled Employment),482 Skills In Demand,Temporary Skill Shortage,Primary,47864
2020-03-31,Temporary Resident (Skilled Employment),482 Skills In Demand,Temporary Skill Shortage,Secondary,39844
2020-03-31,Visitor,456 Business (Short Stay),Business,Primary,8
2020-03-31,Visitor,600 Visitor,Business,Primary,1849
2020-03-31,Visitor,600 Visitor,Tourist,Primary,153891
2020-03-31,Visitor,600 Visitor,Tourist,Secondary,1
2020-03-31,Visitor,601 Electronic Travel Authority,Business,Primary,593
2020-03-31,Visitor,601 Electronic Travel Authority,Tourist,Primary,25090
2020-03-31,Visitor,651 eVisitor,Business,Primary,976
2020-03-31,Visitor,651 eVisitor,Tourist,Primary,23576
2020-03-31,Visitor,676 Tourist,Tourist,Primary,6
2020-03-31,Visitor,956 Electronic Travel Authority (Business Entrant - Long Validity),Business,Primary,9
2020-03-31,Visitor,976 Electronic Travel Authority (Visitor),Tourist,Primary,17
2020-03-31,Visitor,977 Electronic Travel Authority (Business Entrant - Short Validity),Business,Primary,9
2020-03-31,Working Holiday Maker,417 Working Holiday,First Visa,Primary,72007
2020-03-31,Working Holiday Maker,417 Working Holiday,Second Visa,Primary,26827
2020-03-31,Working Holiday Maker,417 Working Holiday,Third Visa,Primary,693
2020-03-31,Working Holiday Maker,462 Work and Holiday,First Visa,Primary,14104
2020-03-31,Working Holiday Maker,462 Work and Holiday,Second Visa,Primary,5376
2020-03-31,Working Holiday Maker,462 Work and Holiday,Third Visa,Primary,259
2020-06-30,Bridging,Bridging Visas,Bridging,Primary,303520
2020-06-30,Bridging,Bridging Visas,Bridging,Secondary,318
2020-06-30,Crew and Transit,771 Transit,Transit,Primary,66
2020-06-30,Crew and Transit,988 Maritime Crew Visa,Maritime Crew,Primary,8978
2020-06-30,Other Temporary,580 Student Guardian,Student Guardian,Primary,328
2020-06-30,Other Temporary,580 Student Guardian,Student Guardian,Secondary,3
2020-06-30,Other Temporary,590 Student Guardian,Student Guardian,Primary,4122
2020-06-30,Other Temporary,590 Student Guardian,Student Guardian,Secondary,63
2020-06-30,Other Temporary,602 Medical Treatment,Medical stream,Primary,720
2020-06-30,Other Temporary,602 Medical Treatment,Medical stream,Secondary,34
2020-06-30,Other Temporary,685 Medical Treatment (Long Stay),Medical stream,Primary,65
2020-06-30,Other Temporary,773 Border,Border,Primary,51
2020-06-30,Other Temporary,773 Border,Standard or other,Primary,1
2020-06-30,Special Category,444 Special Category,Special Category (Not Further Specified),Primary,373592
2020-06-30,Special Category,444 Special Category,Standard or other,Primary,293696
2020-06-30,Student,500 Student,Foreign Affairs or Defence Sector,Primary,2535
2020-06-30,Student,500 Student,Foreign Affairs or Defence Sector,Secondary,1675
2020-06-30,Student,500 Student,Higher Education Sector,Primary,286795
2020-06-30,Student,500 Student,Higher Education Sector,Secondary,36906
2020-06-30,Student,500 Student,Independent ELICOS Sector,Primary,14182
2020-06-30,Student,500 Student,Independent ELICOS Sector,Secondary,1565
2020-06-30,Student,500 Student,Non-Award Sector,Primary,2770
2020-06-30,Student,500 Student,Non-Award Sector,Secondary,25
2020-06-30,Student,500 Student,Postgraduate Research Sector,Primary,15448
2020-06-30,Student,500 Student,Postgraduate Research Sector,Secondary,8297
2020-06-30,Student,500 Student,Schools Sector,Primary,16389
2020-06-30,Student,500 Student,Schools Sector,Secondary,2
2020-06-30,Student,500 Student,Vocational Education and Training Sector,Primary,136285
2020-06-30,Student,500 Student,Vocational Education and Training Sector,Secondary,23158
2020-06-30,Student,560 Student,Student (Not Further Specified),Primary,8
2020-06-30,Student,560 Student,Student (Not Further Specified),Secondary,3
2020-06-30,Student,570 Independent ELICOS Sector,Independent ELICOS Sector,Primary,5
2020-06-30,Student,570 Independent ELICOS Sector,Independent ELICOS Sector,Secondary,4
2020-06-30,Student,571 Schools Sector,Schools Sector,Primary,945
2020-06-30,Student,572 Vocational Education and Training Sector,Vocational Education and Training Sector,Primary,261
2020-06-30,Student,572 Vocational Education and Training Sector,Vocational Education and Training Sector,Secondary,61
2020-06-30,Student,573 Higher Education Sector,Higher Education Sector,Primary,5881
2020-06-30,Student,573 Higher Education Sector,Higher Education Sector,Secondary,138
2020-06-30,Student,574 Postgraduate Research Sector,Postgraduate Research Sector,Primary,1326
2020-06-30,Student,574 Postgraduate Research Sector,Postgraduate Research Sector,Secondary,574
2020-06-30,Student,575 Non-Award Sector,Non-Award Sector,Primary,4
2020-06-30,Student,576 Foreign Affairs or Defence Sector,Foreign Affairs or Defence Sector,Primary,42
2020-06-30,Student,576 Foreign Affairs or Defence Sector,Foreign Affairs or Defence Sector,Secondary,26
2020-06-30,Temporary Graduate,485 Temporary Graduate,Post-Higher Education Work,Primary,67653
2020-06-30,Temporary Graduate,485 Temporary Graduate,Post-Higher Education Work,Secondary,20037
2020-06-30,Temporary Graduate,485 Temporary Graduate,Post-Vocational Education Work,Primary,9284
2020-06-30,Temporary Graduate,485 Temporary Graduate,Post-Vocational Education Work,Secondary,3254
2020-06-30,Temporary Graduate,485 Temporary Graduate,Skilled Graduate,Primary,3
2020-06-30,Temporary Graduate,485 Temporary Graduate,Skilled Graduate,Secondary,8
2020-06-30,Temporary Protection,785 Temporary Protection,Onshore Protection (Not Further Specified),Primary,3091
2020-06-30,Temporary Protection,785 Temporary Protection,Onshore Protection (Not Further Specified),Secondary,809
2020-06-30,Temporary Protection,785 Temporary Protection,Temporary Protection (Not Further Specified),Primary,1046
2020-06-30,Temporary Protection,785 Temporary Protection,Temporary Protection (Not Further Specified),Secondary,582
2020-06-30,Temporary Protection,790 Safe Haven Enterprise,Onshore Protection (Not Further Specified),Primary,6011
2020-06-30,Temporary Protection,790 Safe Haven Enterprise,Onshore Protection (Not Further Specified),Secondary,2396
2020-06-30,Temporary Protection,790 Safe Haven Enterprise,Temporary Protection (Not Further Specified),Primary,2627
2020-06-30,Temporary Protection,790 Safe Haven Enterprise,Temporary Protection (Not Further Specified),Secondary,1085
2020-06-30,Temporary Resident (Other Employment),400 Temporary Work (Short Stay Activity),Australia's Interest,Primary,17
2020-06-30,Temporary Resident (Other Employment),400 Temporary Work (Short Stay Activity),Highly Specialised Work,Primary,458
2020-06-30,Temporary Resident (Other Employment),400 Temporary Work (Short Stay Activity),Highly Specialised Work,Secondary,17
2020-06-30,Temporary Resident (Other Employment),402 Training and Research,Occupational Trainee,Primary,1
2020-06-30,Temporary Resident (Other Employment),403 Temporary Work (International Relations),Domestic Work (Diplomatic or Consular),Primary,51
2020-06-30,Temporary Resident (Other Employment),403 Temporary Work (International Relations),Foreign Government Agency,Primary,351
2020-06-30,Temporary Resident (Other Employment),403 Temporary Work (International Relations),Foreign Government Agency,Secondary,246
2020-06-30,Temporary Resident (Other Employment),403 Temporary Work (International Relations),Government Agreement,Primary,858
2020-06-30,Temporary Resident (Other Employment),403 Temporary Work (International Relations),Government Agreement,Secondary,308
2020-06-30,Temporary Resident (Other Employment),403 Temporary Work (International Relations),Pacific Labour Scheme,Primary,955
2020-06-30,Temporary Resident (Other Employment),403 Temporary Work (International Relations),Privileges and immunities,Primary,38
2020-06-30,Temporary Resident (Other Employment),403 Temporary Work (International Relations),Privileges and immunities,Secondary,39
2020-06-30,Temporary Resident (Other Employment),403 Temporary Work (International Relations),Seasonal Worker Program,Primary,3315
2020-06-30,Temporary Resident (Other Employment),405 Investor Retirement,Temporary Resident - Other (Not Further Specified),Primary,100
2020-06-30,Temporary Resident (Other Employment),405 Investor Retirement,Temporary Resident - Other (Not Further Specified),Secondary,75
2020-06-30,Temporary Resident (Other Employment),407 Training,Temporary Resident - Other (Not Further Specified),Primary,2262
2020-06-30,Temporary Resident (Other Employment),407 Training,Temporary Resident - Other (Not Further Specified),Secondary,695
2020-06-30,Temporary Resident (Other Employment),408 Temporary Activity,Australian Government Endorsed Events,Primary,2190
2020-06-30,Temporary Resident (Other Employment),408 Temporary Activity,Australian Government Endorsed Events,Secondary,72
2020-06-30,Temporary Resident (Other Employment),408 Temporary Activity,Domestic Work (Executive),Primary,5
2020-06-30,Temporary Resident (Other Employment),408 Temporary Activity,Entertainment,Primary,349
2020-06-30,Temporary Resident (Other Employment),408 Temporary Activity,Entertainment,Secondary,129
2020-06-30,Temporary Resident (Other Employment),408 Temporary Activity,Exchange Arrangements,Primary,52
2020-06-30,Temporary Resident (Other Employment),408 Temporary Activity,Exchange Arrangements,Secondary,62
2020-06-30,Temporary Resident (Other Employment),408 Temporary Activity,Invited for Other Social and Cultural Activity,Primary,7
2020-06-30,Temporary Resident (Other Employment),408 Temporary Activity,Religious Work,Primary,1307
2020-06-30,Temporary Resident (Other Employment),408 Temporary Activity,Religious Work,Secondary,885
2020-06-30,Temporary Resident (Other Employment),408 Temporary Activity,Research Activities,Primary,1834
2020-06-30,Temporary Resident (Other Employment),408 Temporary Activity,Research Activities,Secondary,970
2020-06-30,Temporary Resident (Other Employment),408 Temporary Activity,Special Programs,Primary,345
2020-06-30,Temporary Resident (Other Employment),408 Temporary Activity,Special Programs,Secondary,14
2020-06-30,Temporary Resident (Other Employment),408 Temporary Activity,Sporting Activities,Primary,299
2020-06-30,Temporary Resident (Other Employment),408 Temporary Activity,Sporting Activities,Secondary,121
2020-06-30,Temporary Resident (Other Employment),408 Temporary Activity,Superyacht Crew,Primary,131
2020-06-30,Temporary Resident (Other Employment),408 Temporary Activity,Superyacht Crew,Secondary,1
2020-06-30,Temporary Resident (Other Employment),410 Retirement,Temporary Resident - Other (Not Further Specified),Primary,1302
2020-06-30,Temporary Resident (Other Employment),410 Retirement,Temporary Resident - Other (Not Further Specified),Secondary,829
2020-06-30,Temporary Resident (Other Employment),430 Supported Dependant,Temporary Resident - Other (Not Further Specified),Primary,1
2020-06-30,Temporary Resident (Other Employment),430 Supported Dependant,Temporary Resident - Other (Not Further Specified),Secondary,1
2020-06-30,Temporary Resident (Other Employment),476 Skilled - Recognised Graduate,Temporary Resident - Other (Not Further Specified),Primary,2044
2020-06-30,Temporary Resident (Other Employment),476 Skilled - Recognised Graduate,Temporary Resident - Other (Not Further Specified),Secondary,195
2020-06-30,Temporary Resident (Other Employment),995 Diplomatic (Temporary),Diplomatic,Primary,2339
2020-06-30,Temporary Resident (Other Employment),995 Diplomatic (Temporary),Diplomatic,Secondary,2370
2020-06-30,Temporary Resident (Skilled Employment),457 Temporary Work (Skilled),Temporary Work Skilled,Primary,25078
2020-06-30,Temporary Resident (Skilled Employment),457 Temporary Work (Skilled),Temporary Work Skilled,Secondary,18435
2020-06-30,Temporary Resident (Skilled Employment),482 Skills In Demand,Temporary Skill Shortage,Primary,46326
2020-06-30,Temporary Resident (Skilled Employment),482 Skills In Demand,Temporary Skill Shortage,Secondary,38306
2020-06-30,Visitor,456 Business (Short Stay),Business,Primary,7
2020-06-30,Visitor,600 Visitor,Business,Primary,90
2020-06-30,Visitor,600 Visitor,Tourist,Primary,92613
2020-06-30,Visitor,601 Electronic Travel Authority,Business,Primary,38
2020-06-30,Visitor,601 Electronic Travel Authority,Tourist,Primary,296
2020-06-30,Visitor,651 eVisitor,Business,Primary,125
2020-06-30,Visitor,651 eVisitor,Tourist,Primary,292
2020-06-30,Visitor,676 Tourist,Tourist,Primary,6
2020-06-30,Visitor,956 Electronic Travel Authority (Business Entrant - Long Validity),Business,Primary,1
2020-06-30,Visitor,976 Electronic Travel Authority (Visitor),Tourist,Primary,17
2020-06-30,Visitor,977 Electronic Travel Authority (Business Entrant - Short Validity),Business,Primary,9
2020-06-30,Working Holiday Maker,417 Working Holiday,First Visa,Primary,43898
2020-06-30,Working Holiday Maker,417 Working Holiday,Second Visa,Primary,23473
2020-06-30,Working Holiday Maker,417 Working Holiday,Third Visa,Primary,1963
2020-06-30,Working Holiday Maker,462 Work and Holiday,First Visa,Primary,10493
2020-06-30,Working Holiday Maker,462 Work and Holiday,Second Visa,Primary,5317
2020-06-30,Working Holiday Maker,462 Work and Holiday,Third Visa,Primary,547
2020-09-30,Bridging,Bridging Visas,Bridging,Primary,307122
2020-09-30,Bridging,Bridging Visas,Bridging,Secondary,341
2020-09-30,Crew and Transit,771 Transit,Transit,Primary,115
2020-09-30,Crew and Transit,988 Maritime Crew Visa,Maritime Crew,Primary,8222
2020-09-30,Other Temporary,580 Student Guardian,Student Guardian,Primary,269
2020-09-30,Other Temporary,580 Student Guardian,Student Guardian,Secondary,3
2020-09-30,Other Temporary,590 Student Guardian,Student Guardian,Primary,4007
2020-09-30,Other Temporary,590 Student Guardian,Student Guardian,Secondary,62
2020-09-30,Other Temporary,602 Medical Treatment,Medical stream,Primary,705
2020-09-30,Other Temporary,602 Medical Treatment,Medical stream,Secondary,35
2020-09-30,Other Temporary,685 Medical Treatment (Long Stay),Medical stream,Primary,63
2020-09-30,Other Temporary,773 Border,Border,Primary,10
2020-09-30,Other Temporary,773 Border,Standard or other,Primary,1
2020-09-30,Special Category,444 Special Category,Special Category (Not Further Specified),Primary,370138
2020-09-30,Special Category,444 Special Category,Special Category (Not Further Specified),Secondary,8
2020-09-30,Special Category,444 Special Category,Standard or other,Primary,287040
2020-09-30,Student,500 Student,Foreign Affairs or Defence Sector,Primary,2111
2020-09-30,Student,500 Student,Foreign Affairs or Defence Sector,Secondary,1345
2020-09-30,Student,500 Student,Higher Education Sector,Primary,233368
2020-09-30,Student,500 Student,Higher Education Sector,Secondary,30376
2020-09-30,Student,500 Student,Independent ELICOS Sector,Primary,8593
2020-09-30,Student,500 Student,Independent ELICOS Sector,Secondary,1162
2020-09-30,Student,500 Student,Non-Award Sector,Primary,551
2020-09-30,Student,500 Student,Non-Award Sector,Secondary,11
2020-09-30,Student,500 Student,Postgraduate Research Sector,Primary,14717
2020-09-30,Student,500 Student,Postgraduate Research Sector,Secondary,7868
2020-09-30,Student,500 Student,Schools Sector,Primary,15635
2020-09-30,Student,500 Student,Schools Sector,Secondary,3
2020-09-30,Student,500 Student,Vocational Education and Training Sector,Primary,131626
2020-09-30,Student,500 Student,Vocational Education and Training Sector,Secondary,23059
2020-09-30,Student,560 Student,Student (Not Further Specified),Primary,8
2020-09-30,Student,560 Student,Student (Not Further Specified),Secondary,3
2020-09-30,Student,570 Independent ELICOS Sector,Independent ELICOS Sector,Primary,3
2020-09-30,Student,570 Independent ELICOS Sector,Independent ELICOS Sector,Secondary,4
2020-09-30,Student,571 Schools Sector,Schools Sector,Primary,927
2020-09-30,Student,572 Vocational Education and Training Sector,Vocational Education and Training Sector,Primary,164
2020-09-30,Student,572 Vocational Education and Training Sector,Vocational Education and Training Sector,Secondary,33
2020-09-30,Student,573 Higher Education Sector,Higher Education Sector,Primary,3460
2020-09-30,Student,573 Higher Education Sector,Higher Education Sector,Secondary,82
2020-09-30,Student,574 Postgraduate Research Sector,Postgraduate Research Sector,Primary,850
2020-09-30,Student,574 Postgraduate Research Sector,Postgraduate Research Sector,Secondary,406
2020-09-30,Student,575 Non-Award Sector,Non-Award Sector,Primary,3
2020-09-30,Student,576 Foreign Affairs or Defence Sector,Foreign Affairs or Defence Sector,Primary,14
2020-09-30,Student,576 Foreign Affairs or Defence Sector,Foreign Affairs or Defence Sector,Secondary,1
2020-09-30,Temporary Graduate,485 Temporary Graduate,Post-Higher Education Work,Primary,73353
2020-09-30,Temporary Graduate,485 Temporary Graduate,Post-Higher Education Work,Secondary,21861
2020-09-30,Temporary Graduate,485 Temporary Graduate,Post-Vocational Education Work,Primary,9391
2020-09-30,Temporary Graduate,485 Temporary Graduate,Post-Vocational Education Work,Secondary,3249
2020-09-30,Temporary Graduate,485 Temporary Graduate,Skilled Graduate,Primary,3
2020-09-30,Temporary Graduate,485 Temporary Graduate,Skilled Graduate,Secondary,8
2020-09-30,Temporary Protection,785 Temporary Protection,Onshore Protection (Not Further Specified),Primary,2920
2020-09-30,Temporary Protection,785 Temporary Protection,Onshore Protection (Not Further Specified),Secondary,746
2020-09-30,Temporary Protection,785 Temporary Protection,Temporary Protection (Not Further Specified),Primary,1173
2020-09-30,Temporary Protection,785 Temporary Protection,Temporary Protection (Not Further Specified),Secondary,651
2020-09-30,Temporary Protection,790 Safe Haven Enterprise,Onshore Protection (Not Further Specified),Primary,5914
2020-09-30,Temporary Protection,790 Safe Haven Enterprise,Onshore Protection (Not Further Specified),Secondary,2313
2020-09-30,Temporary Protection,790 Safe Haven Enterprise,Temporary Protection (Not Further Specified),Primary,2832
2020-09-30,Temporary Protection,790 Safe Haven Enterprise,Temporary Protection (Not Further Specified),Secondary,1237
2020-09-30,Temporary Resident (Other Employment),400 Temporary Work (Short Stay Activity),Australia's Interest,Primary,9
2020-09-30,Temporary Resident (Other Employment),400 Temporary Work (Short Stay Activity),Highly Specialised Work,Primary,456
2020-09-30,Temporary Resident (Other Employment),400 Temporary Work (Short Stay Activity),Highly Specialised Work,Secondary,5
2020-09-30,Temporary Resident (Other Employment),402 Training and Research,Occupational Trainee,Primary,1
2020-09-30,Temporary Resident (Other Employment),403 Temporary Work (International Relations),Domestic Work (Diplomatic or Consular),Primary,34
2020-09-30,Temporary Resident (Other Employment),403 Temporary Work (International Relations),Foreign Government Agency,Primary,290
2020-09-30,Temporary Resident (Other Employment),403 Temporary Work (International Relations),Foreign Government Agency,Secondary,223
2020-09-30,Temporary Resident (Other Employment),403 Temporary Work (International Relations),Government Agreement,Primary,464
2020-09-30,Temporary Resident (Other Employment),403 Temporary Work (International Relations),Government Agreement,Secondary,285
2020-09-30,Temporary Resident (Other Employment),403 Temporary Work (International Relations),Pacific Labour Scheme,Primary,935
2020-09-30,Temporary Resident (Other Employment),403 Temporary Work (International Relations),Privileges and immunities,Primary,39
2020-09-30,Temporary Resident (Other Employment),403 Temporary Work (International Relations),Privileges and immunities,Secondary,42
2020-09-30,Temporary Resident (Other Employment),403 Temporary Work (International Relations),Seasonal Worker Program,Primary,958
2020-09-30,Temporary Resident (Other Employment),405 Investor Retirement,Temporary Resident - Other (Not Further Specified),Primary,66
2020-09-30,Temporary Resident (Other Employment),405 Investor Retirement,Temporary Resident - Other (Not Further Specified),Secondary,45
2020-09-30,Temporary Resident (Other Employment),407 Training,Temporary Resident - Other (Not Further Specified),Primary,1799
2020-09-30,Temporary Resident (Other Employment),407 Training,Temporary Resident - Other (Not Further Specified),Secondary,515
2020-09-30,Temporary Resident (Other Employment),408 Temporary Activity,Australian Government Endorsed Events,Primary,6547
2020-09-30,Temporary Resident (Other Employment),408 Temporary Activity,Australian Government Endorsed Events,Secondary,306
2020-09-30,Temporary Resident (Other Employment),408 Temporary Activity,Domestic Work (Executive),Primary,4
2020-09-30,Temporary Resident (Other Employment),408 Temporary Activity,Entertainment,Primary,463
2020-09-30,Temporary Resident (Other Employment),408 Temporary Activity,Entertainment,Secondary,131
2020-09-30,Temporary Resident (Other Employment),408 Temporary Activity,Exchange Arrangements,Primary,36
2020-09-30,Temporary Resident (Other Employment),408 Temporary Activity,Exchange Arrangements,Secondary,51
2020-09-30,Temporary Resident (Other Employment),408 Temporary Activity,Invited for Other Social and Cultural Activity,Primary,6
2020-09-30,Temporary Resident (Other Employment),408 Temporary Activity,Invited for Other Social and Cultural Activity,Secondary,1
2020-09-30,Temporary Resident (Other Employment),408 Temporary Activity,Religious Work,Primary,1162
2020-09-30,Temporary Resident (Other Employment),408 Temporary Activity,Religious Work,Secondary,801
2020-09-30,Temporary Resident (Other Employment),408 Temporary Activity,Research Activities,Primary,1075
2020-09-30,Temporary Resident (Other Employment),408 Temporary Activity,Research Activities,Secondary,561
2020-09-30,Temporary Resident (Other Employment),408 Temporary Activity,Special Programs,Primary,215
2020-09-30,Temporary Resident (Other Employment),408 Temporary Activity,Special Programs,Secondary,14
2020-09-30,Temporary Resident (Other Employment),408 Temporary Activity,Sporting Activities,Primary,226
2020-09-30,Temporary Resident (Other Employment),408 Temporary Activity,Sporting Activities,Secondary,77
2020-09-30,Temporary Resident (Other Employment),408 Temporary Activity,Superyacht Crew,Primary,74
2020-09-30,Temporary Resident (Other Employment),410 Retirement,Temporary Resident - Other (Not Further Specified),Primary,1183
2020-09-30,Temporary Resident (Other Employment),410 Retirement,Temporary Resident - Other (Not Further Specified),Secondary,756
2020-09-30,Temporary Resident (Other Employment),430 Supported Dependant,Temporary Resident - Other (Not Further Specified),Primary,1
2020-09-30,Temporary Resident (Other Employment),430 Supported Dependant,Temporary Resident - Other (Not Further Specified),Secondary,1
2020-09-30,Temporary Resident (Other Employment),476 Skilled - Recognised Graduate,Temporary Resident - Other (Not Further Specified),Primary,1642
2020-09-30,Temporary Resident (Other Employment),476 Skilled - Recognised Graduate,Temporary Resident - Other (Not Further Specified),Secondary,134
2020-09-30,Temporary Resident (Other Employment),995 Diplomatic (Temporary),Diplomatic,Primary,2284
2020-09-30,Temporary Resident (Other Employment),995 Diplomatic (Temporary),Diplomatic,Secondary,2324
2020-09-30,Temporary Resident (Skilled Employment),457 Temporary Work (Skilled),Temporary Work Skilled,Primary,19794
2020-09-30,Temporary Resident (Skilled Employment),457 Temporary Work (Skilled),Temporary Work Skilled,Secondary,14527
2020-09-30,Temporary Resident (Skilled Employment),482 Skills In Demand,Temporary Skill Shortage,Primary,45564
2020-09-30,Temporary Resident (Skilled Employment),482 Skills In Demand,Temporary Skill Shortage,Secondary,37431
2020-09-30,Visitor,456 Business (Short Stay),Business,Primary,7
2020-09-30,Visitor,600 Visitor,Business,Primary,148
2020-09-30,Visitor,600 Visitor,Tourist,Primary,85812
2020-09-30,Visitor,601 Electronic Travel Authority,Business,Primary,28
2020-09-30,Visitor,601 Electronic Travel Authority,Tourist,Primary,305
2020-09-30,Visitor,651 eVisitor,Business,Primary,86
2020-09-30,Visitor,651 eVisitor,Tourist,Primary,329
2020-09-30,Visitor,676 Tourist,Tourist,Primary,6
2020-09-30,Visitor,956 Electronic Travel Authority (Business Entrant - Long Validity),Business,Primary,1
2020-09-30,Visitor,976 Electronic Travel Authority (Visitor),Tourist,Primary,17
2020-09-30,Visitor,977 Electronic Travel Authority (Business Entrant - Short Validity),Business,Primary,9
2020-09-30,Working Holiday Maker,417 Working Holiday,First Visa,Primary,26109
2020-09-30,Working Holiday Maker,417 Working Holiday,Second Visa,Primary,22135
2020-09-30,Working Holiday Maker,417 Working Holiday,Third Visa,Primary,3710
2020-09-30,Working Holiday Maker,462 Work and Holiday,First Visa,Primary,6342
2020-09-30,Working Holiday Maker,462 Work and Holiday,Second Visa,Primary,5813
2020-09-30,Working Holiday Maker,462 Work and Holiday,Third Visa,Primary,957
2020-12-31,Bridging,Bridging Visas,Bridging,Primary,305277
2020-12-31,Bridging,Bridging Visas,Bridging,Secondary,339
2020-12-31,Crew and Transit,771 Transit,Transit,Primary,21
2020-12-31,Crew and Transit,988 Maritime Crew Visa,Maritime Crew,Primary,8976
2020-12-31,Other Temporary,580 Student Guardian,Student Guardian,Primary,242
2020-12-31,Other Temporary,580 Student Guardian,Student Guardian,Secondary,3
2020-12-31,Other Temporary,590 Student Guardian,Student Guardian,Primary,3745
2020-12-31,Other Temporary,590 Student Guardian,Student Guardian,Secondary,58
2020-12-31,Other Temporary,602 Medical Treatment,Medical stream,Primary,683
2020-12-31,Other Temporary,602 Medical Treatment,Medical stream,Secondary,35
2020-12-31,Other Temporary,685 Medical Treatment (Long Stay),Medical stream,Primary,59
2020-12-31,Other Temporary,773 Border,Border,Primary,9
2020-12-31,Other Temporary,773 Border,Standard or other,Primary,1
2020-12-31,Special Category,444 Special Category,Special Category (Not Further Specified),Primary,367941
2020-12-31,Special Category,444 Special Category,Special Category (Not Further Specified),Secondary,7
2020-12-31,Special Category,444 Special Category,Standard or other,Primary,288732
2020-12-31,Student,500 Student,Foreign Affairs or Defence Sector,Primary,1573
2020-12-31,Student,500 Student,Foreign Affairs or Defence Sector,Secondary,997
2020-12-31,Student,500 Student,Higher Education Sector,Primary,216765
2020-12-31,Student,500 Student,Higher Education Sector,Secondary,30970
2020-12-31,Student,500 Student,Independent ELICOS Sector,Primary,5570
2020-12-31,Student,500 Student,Independent ELICOS Sector,Secondary,861
2020-12-31,Student,500 Student,Non-Award Sector,Primary,339
2020-12-31,Student,500 Student,Non-Award Sector,Secondary,7
2020-12-31,Student,500 Student,Postgraduate Research Sector,Primary,14203
2020-12-31,Student,500 Student,Postgraduate Research Sector,Secondary,7625
2020-12-31,Student,500 Student,Schools Sector,Primary,13930
2020-12-31,Student,500 Student,Schools Sector,Secondary,2
2020-12-31,Student,500 Student,Vocational Education and Training Sector,Primary,129582
2020-12-31,Student,500 Student,Vocational Education and Training Sector,Secondary,23362
2020-12-31,Student,560 Student,Student (Not Further Specified),Primary,8
2020-12-31,Student,560 Student,Student (Not Further Specified),Secondary,3
2020-12-31,Student,570 Independent ELICOS Sector,Independent ELICOS Sector,Primary,2
2020-12-31,Student,570 Independent ELICOS Sector,Independent ELICOS Sector,Secondary,3
2020-12-31,Student,571 Schools Sector,Schools Sector,Primary,794
2020-12-31,Student,572 Vocational Education and Training Sector,Vocational Education and Training Sector,Primary,94
2020-12-31,Student,572 Vocational Education and Training Sector,Vocational Education and Training Sector,Secondary,22
2020-12-31,Student,573 Higher Education Sector,Higher Education Sector,Primary,2535
2020-12-31,Student,573 Higher Education Sector,Higher Education Sector,Secondary,76
2020-12-31,Student,574 Postgraduate Research Sector,Postgraduate Research Sector,Primary,423
2020-12-31,Student,574 Postgraduate Research Sector,Postgraduate Research Sector,Secondary,175
2020-12-31,Student,575 Non-Award Sector,Non-Award Sector,Primary,2
2020-12-31,Student,576 Foreign Affairs or Defence Sector,Foreign Affairs or Defence Sector,Primary,8
2020-12-31,Student,576 Foreign Affairs or Defence Sector,Foreign Affairs or Defence Sector,Secondary,1
2020-12-31,Temporary Graduate,485 Temporary Graduate,Post-Higher Education Work,Primary,72223
2020-12-31,Temporary Graduate,485 Temporary Graduate,Post-Higher Education Work,Secondary,20963
2020-12-31,Temporary Graduate,485 Temporary Graduate,Post-Vocational Education Work,Primary,8476
2020-12-31,Temporary Graduate,485 Temporary Graduate,Post-Vocational Education Work,Secondary,2956
2020-12-31,Temporary Graduate,485 Temporary Graduate,Skilled Graduate,Primary,3
2020-12-31,Temporary Graduate,485 Temporary Graduate,Skilled Graduate,Secondary,8
2020-12-31,Temporary Protection,785 Temporary Protection,Onshore Protection (Not Further Specified),Primary,2795
2020-12-31,Temporary Protection,785 Temporary Protection,Onshore Protection (Not Further Specified),Secondary,679
2020-12-31,Temporary Protection,785 Temporary Protection,Temporary Protection (Not Further Specified),Primary,1263
2020-12-31,Temporary Protection,785 Temporary Protection,Temporary Protection (Not Further Specified),Secondary,699
2020-12-31,Temporary Protection,790 Safe Haven Enterprise,Onshore Protection (Not Further Specified),Primary,5819
2020-12-31,Temporary Protection,790 Safe Haven Enterprise,Onshore Protection (Not Further Specified),Secondary,2187
2020-12-31,Temporary Protection,790 Safe Haven Enterprise,Temporary Protection (Not Further Specified),Primary,3082
2020-12-31,Temporary Protection,790 Safe Haven Enterprise,Temporary Protection (Not Further Specified),Secondary,1395
2020-12-31,Temporary Resident (Other Employment),400 Temporary Work (Short Stay Activity),Australia's Interest,Primary,22
2020-12-31,Temporary Resident (Other Employment),400 Temporary Work (Short Stay Activity),Australia's Interest,Secondary,9
2020-12-31,Temporary Resident (Other Employment),400 Temporary Work (Short Stay Activity),Highly Specialised Work,Primary,734
2020-12-31,Temporary Resident (Other Employment),400 Temporary Work (Short Stay Activity),Highly Specialised Work,Secondary,52
2020-12-31,Temporary Resident (Other Employment),402 Training and Research,Occupational Trainee,Primary,1
2020-12-31,Temporary Resident (Other Employment),403 Temporary Work (International Relations),Domestic Work (Diplomatic or Consular),Primary,31
2020-12-31,Temporary Resident (Other Employment),403 Temporary Work (International Relations),Foreign Government Agency,Primary,261
2020-12-31,Temporary Resident (Other Employment),403 Temporary Work (International Relations),Foreign Government Agency,Secondary,228
2020-12-31,Temporary Resident (Other Employment),403 Temporary Work (International Relations),Government Agreement,Primary,393
2020-12-31,Temporary Resident (Other Employment),403 Temporary Work (International Relations),Government Agreement,Secondary,242
2020-12-31,Temporary Resident (Other Employment),403 Temporary Work (International Relations),Pacific Labour Scheme,Primary,1284
2020-12-31,Temporary Resident (Other Employment),403 Temporary Work (International Relations),Privileges and immunities,Primary,42
2020-12-31,Temporary Resident (Other Employment),403 Temporary Work (International Relations),Privileges and immunities,Secondary,46
2020-12-31,Temporary Resident (Other Employment),403 Temporary Work (International Relations),Seasonal Worker Program,Primary,1064
2020-12-31,Temporary Resident (Other Employment),405 Investor Retirement,Temporary Resident - Other (Not Further Specified),Primary,54
2020-12-31,Temporary Resident (Other Employment),405 Investor Retirement,Temporary Resident - Other (Not Further Specified),Secondary,40
2020-12-31,Temporary Resident (Other Employment),407 Training,Temporary Resident - Other (Not Further Specified),Primary,1472
2020-12-31,Temporary Resident (Other Employment),407 Training,Temporary Resident - Other (Not Further Specified),Secondary,521
2020-12-31,Temporary Resident (Other Employment),408 Temporary Activity,Australian Government Endorsed Events,Primary,10133
2020-12-31,Temporary Resident (Other Employment),408 Temporary Activity,Australian Government Endorsed Events,Secondary,876
2020-12-31,Temporary Resident (Other Employment),408 Temporary Activity,Domestic Work (Executive),Primary,3
2020-12-31,Temporary Resident (Other Employment),408 Temporary Activity,Entertainment,Primary,409
2020-12-31,Temporary Resident (Other Employment),408 Temporary Activity,Entertainment,Secondary,149
2020-12-31,Temporary Resident (Other Employment),408 Temporary Activity,Exchange Arrangements,Primary,23
2020-12-31,Temporary Resident (Other Employment),408 Temporary Activity,Exchange Arrangements,Secondary,34
2020-12-31,Temporary Resident (Other Employment),408 Temporary Activity,Invited for Other Social and Cultural Activity,Primary,60
2020-12-31,Temporary Resident (Other Employment),408 Temporary Activity,Religious Work,Primary,974
2020-12-31,Temporary Resident (Other Employment),408 Temporary Activity,Religious Work,Secondary,708
2020-12-31,Temporary Resident (Other Employment),408 Temporary Activity,Research Activities,Primary,563
2020-12-31,Temporary Resident (Other Employment),408 Temporary Activity,Research Activities,Secondary,336
2020-12-31,Temporary Resident (Other Employment),408 Temporary Activity,Special Programs,Primary,135
2020-12-31,Temporary Resident (Other Employment),408 Temporary Activity,Special Programs,Secondary,11
2020-12-31,Temporary Resident (Other Employment),408 Temporary Activity,Sporting Activities,Primary,364
2020-12-31,Temporary Resident (Other Employment),408 Temporary Activity,Sporting Activities,Secondary,121
2020-12-31,Temporary Resident (Other Employment),408 Temporary Activity,Superyacht Crew,Primary,75
2020-12-31,Temporary Resident (Other Employment),410 Retirement,Temporary Resident - Other (Not Further Specified),Primary,1148
2020-12-31,Temporary Resident (Other Employment),410 Retirement,Temporary Resident - Other (Not Further Specified),Secondary,732
2020-12-31,Temporary Resident (Other Employment),430 Supported Dependant,Temporary Resident - Other (Not Further Specified),Primary,1
2020-12-31,Temporary Resident (Other Employment),430 Supported Dependant,Temporary Resident - Other (Not Further Specified),Secondary,1
2020-12-31,Temporary Resident (Other Employment),476 Skilled - Recognised Graduate,Temporary Resident - Other (Not Further Specified),Primary,1385
2020-12-31,Temporary Resident (Other Employment),476 Skilled - Recognised Graduate,Temporary Resident - Other (Not Further Specified),Secondary,106
2020-12-31,Temporary Resident (Other Employment),995 Diplomatic (Temporary),Diplomatic,Primary,2196
2020-12-31,Temporary Resident (Other Employment),995 Diplomatic (Temporary),Diplomatic,Secondary,2270
2020-12-31,Temporary Resident (Skilled Employment),457 Temporary Work (Skilled),Temporary Work Skilled,Primary,15202
2020-12-31,Temporary Resident (Skilled Employment),457 Temporary Work (Skilled),Temporary Work Skilled,Secondary,11211
2020-12-31,Temporary Resident (Skilled Employment),482 Skills In Demand,Temporary Skill Shortage,Primary,45935
2020-12-31,Temporary Resident (Skilled Employment),482 Skills In Demand,Temporary Skill Shortage,Secondary,37990
2020-12-31,Visitor,456 Business (Short Stay),Business,Primary,7
2020-12-31,Visitor,600 Visitor,Business,Primary,360
2020-12-31,Visitor,600 Visitor,Tourist,Primary,55966
2020-12-31,Visitor,601 Electronic Travel Authority,Business,Primary,31
2020-12-31,Visitor,601 Electronic Travel Authority,Tourist,Primary,572
2020-12-31,Visitor,651 eVisitor,Business,Primary,56
2020-12-31,Visitor,651 eVisitor,Tourist,Primary,760
2020-12-31,Visitor,676 Tourist,Tourist,Primary,6
2020-12-31,Visitor,956 Electronic Travel Authority (Business Entrant - Long Validity),Business,Primary,2
2020-12-31,Visitor,976 Electronic Travel Authority (Visitor),Tourist,Primary,17
2020-12-31,Visitor,977 Electronic Travel Authority (Business Entrant - Short Validity),Business,Primary,9
2020-12-31,Working Holiday Maker,417 Working Holiday,First Visa,Primary,11527
2020-12-31,Working Holiday Maker,417 Working Holiday,First Visa,Secondary,1
2020-12-31,Working Holiday Maker,417 Working Holiday,Second Visa,Primary,22102
2020-12-31,Working Holiday Maker,417 Working Holiday,Third Visa,Primary,5679
2020-12-31,Working Holiday Maker,462 Work and Holiday,First Visa,Primary,2692
2020-12-31,Working Holiday Maker,462 Work and Holiday,Second Visa,Primary,6193
2020-12-31,Working Holiday Maker,462 Work and Holiday,Third Visa,Primary,1348
2021-03-31,Bridging,Bridging Visas,Bridging,Primary,359617
2021-03-31,Bridging,Bridging Visas,Bridging,Secondary,364
2021-03-31,Crew and Transit,771 Transit,Transit,Primary,45
2021-03-31,Crew and Transit,988 Maritime Crew Visa,Maritime Crew,Primary,10410
2021-03-31,Other Temporary,580 Student Guardian,Student Guardian,Primary,134
2021-03-31,Other Temporary,580 Student Guardian,Student Guardian,Secondary,1
2021-03-31,Other Temporary,590 Student Guardian,Student Guardian,Primary,2995
2021-03-31,Other Temporary,590 Student Guardian,Student Guardian,Secondary,49
2021-03-31,Other Temporary,602 Medical Treatment,Medical stream,Primary,670
2021-03-31,Other Temporary,602 Medical Treatment,Medical stream,Secondary,34
2021-03-31,Other Temporary,685 Medical Treatment (Long Stay),Medical stream,Primary,54
2021-03-31,Other Temporary,773 Border,Border,Primary,7
2021-03-31,Special Category,444 Special Category,Special Category (Not Further Specified),Primary,366147
2021-03-31,Special Category,444 Special Category,Special Category (Not Further Specified),Secondary,6
2021-03-31,Special Category,444 Special Category,Standard or other,Primary,293101
2021-03-31,Student,500 Student,Foreign Affairs or Defence Sector,Primary,1322
2021-03-31,Student,500 Student,Foreign Affairs or Defence Sector,Secondary,808
2021-03-31,Student,500 Student,Higher Education Sector,Primary,168692
2021-03-31,Student,500 Student,Higher Education Sector,Secondary,23250
2021-03-31,Student,500 Student,Independent ELICOS Sector,Primary,3751
2021-03-31,Student,500 Student,Independent ELICOS Sector,Secondary,630
2021-03-31,Student,500 Student,Non-Award Sector,Primary,157
2021-03-31,Student,500 Student,Non-Award Sector,Secondary,5
2021-03-31,Student,500 Student,Postgraduate Research Sector,Primary,13764
2021-03-31,Student,500 Student,Postgraduate Research Sector,Secondary,7218
2021-03-31,Student,500 Student,Schools Sector,Primary,10390
2021-03-31,Student,500 Student,Schools Sector,Secondary,1
2021-03-31,Student,500 Student,Vocational Education and Training Sector,Primary,123708
2021-03-31,Student,500 Student,Vocational Education and Training Sector,Secondary,22659
2021-03-31,Student,560 Student,Student (Not Further Specified),Primary,8
2021-03-31,Student,560 Student,Student (Not Further Specified),Secondary,3
2021-03-31,Student,570 Independent ELICOS Sector,Independent ELICOS Sector,Primary,1
2021-03-31,Student,571 Schools Sector,Schools Sector,Primary,367
2021-03-31,Student,572 Vocational Education and Training Sector,Vocational Education and Training Sector,Primary,52
2021-03-31,Student,572 Vocational Education and Training Sector,Vocational Education and Training Sector,Secondary,13
2021-03-31,Student,573 Higher Education Sector,Higher Education Sector,Primary,762
2021-03-31,Student,573 Higher Education Sector,Higher Education Sector,Secondary,12
2021-03-31,Student,574 Postgraduate Research Sector,Postgraduate Research Sector,Primary,151
2021-03-31,Student,574 Postgraduate Research Sector,Postgraduate Research Sector,Secondary,60
2021-03-31,Student,575 Non-Award Sector,Non-Award Sector,Primary,1
2021-03-31,Temporary Graduate,485 Temporary Graduate,Post-Higher Education Work,Primary,69110
2021-03-31,Temporary Graduate,485 Temporary Graduate,Post-Higher Education Work,Secondary,19651
2021-03-31,Temporary Graduate,485 Temporary Graduate,Post-Vocational Education Work,Primary,8642
2021-03-31,Temporary Graduate,485 Temporary Graduate,Post-Vocational Education Work,Secondary,2914
2021-03-31,Temporary Graduate,485 Temporary Graduate,Skilled Graduate,Primary,2
2021-03-31,Temporary Graduate,485 Temporary Graduate,Skilled Graduate,Secondary,6
2021-03-31,Temporary Protection,785 Temporary Protection,Onshore Protection (Not Further Specified),Primary,2671
2021-03-31,Temporary Protection,785 Temporary Protection,Onshore Protection (Not Further Specified),Secondary,612
2021-03-31,Temporary Protection,785 Temporary Protection,Temporary Protection (Not Further Specified),Primary,1367
2021-03-31,Temporary Protection,785 Temporary Protection,Temporary Protection (Not Further Specified),Secondary,783
2021-03-31,Temporary Protection,790 Safe Haven Enterprise,Onshore Protection (Not Further Specified),Primary,5703
2021-03-31,Temporary Protection,790 Safe Haven Enterprise,Onshore Protection (Not Further Specified),Secondary,2059
2021-03-31,Temporary Protection,790 Safe Haven Enterprise,Temporary Protection (Not Further Specified),Primary,3317
2021-03-31,Temporary Protection,790 Safe Haven Enterprise,Temporary Protection (Not Further Specified),Secondary,1596
2021-03-31,Temporary Resident (Other Employment),400 Temporary Work (Short Stay Activity),Australia's Interest,Primary,12
2021-03-31,Temporary Resident (Other Employment),400 Temporary Work (Short Stay Activity),Highly Specialised Work,Primary,1302
2021-03-31,Temporary Resident (Other Employment),400 Temporary Work (Short Stay Activity),Highly Specialised Work,Secondary,67
2021-03-31,Temporary Resident (Other Employment),402 Training and Research,Occupational Trainee,Primary,1
2021-03-31,Temporary Resident (Other Employment),403 Temporary Work (International Relations),Domestic Work (Diplomatic or Consular),Primary,24
2021-03-31,Temporary Resident (Other Employment),403 Temporary Work (International Relations),Foreign Government Agency,Primary,207
2021-03-31,Temporary Resident (Other Employment),403 Temporary Work (International Relations),Foreign Government Agency,Secondary,205
2021-03-31,Temporary Resident (Other Employment),403 Temporary Work (International Relations),Government Agreement,Primary,398
2021-03-31,Temporary Resident (Other Employment),403 Temporary Work (International Relations),Government Agreement,Secondary,266
2021-03-31,Temporary Resident (Other Employment),403 Temporary Work (International Relations),Pacific Labour Scheme,Primary,1807
2021-03-31,Temporary Resident (Other Employment),403 Temporary Work (International Relations),Privileges and immunities,Primary,41
2021-03-31,Temporary Resident (Other Employment),403 Temporary Work (International Relations),Privileges and immunities,Secondary,39
2021-03-31,Temporary Resident (Other Employment),403 Temporary Work (International Relations),Seasonal Worker Program,Primary,2434
2021-03-31,Temporary Resident (Other Employment),405 Investor Retirement,Temporary Resident - Other (Not Further Specified),Primary,50
2021-03-31,Temporary Resident (Other Employment),405 Investor Retirement,Temporary Resident - Other (Not Further Specified),Secondary,36
2021-03-31,Temporary Resident (Other Employment),407 Training,Temporary Resident - Other (Not Further Specified),Primary,1136
2021-03-31,Temporary Resident (Other Employment),407 Training,Temporary Resident - Other (Not Further Specified),Secondary,427
2021-03-31,Temporary Resident (Other Employment),408 Temporary Activity,Australian Government Endorsed Events,Primary,11665
2021-03-31,Temporary Resident (Other Employment),408 Temporary Activity,Australian Government Endorsed Events,Secondary,1299
2021-03-31,Temporary Resident (Other Employment),408 Temporary Activity,Domestic Work (Executive),Primary,3
2021-03-31,Temporary Resident (Other Employment),408 Temporary Activity,Entertainment,Primary,580
2021-03-31,Temporary Resident (Other Employment),408 Temporary Activity,Entertainment,Secondary,174
2021-03-31,Temporary Resident (Other Employment),408 Temporary Activity,Exchange Arrangements,Primary,12
2021-03-31,Temporary Resident (Other Employment),408 Temporary Activity,Exchange Arrangements,Secondary,12
2021-03-31,Temporary Resident (Other Employment),408 Temporary Activity,Invited for Other Social and Cultural Activity,Primary,77
2021-03-31,Temporary Resident (Other Employment),408 Temporary Activity,Invited for Other Social and Cultural Activity,Secondary,5
2021-03-31,Temporary Resident (Other Employment),408 Temporary Activity,Religious Work,Primary,891
2021-03-31,Temporary Resident (Other Employment),408 Temporary Activity,Religious Work,Secondary,634
2021-03-31,Temporary Resident (Other Employment),408 Temporary Activity,Research Activities,Primary,289
2021-03-31,Temporary Resident (Other Employment),408 Temporary Activity,Research Activities,Secondary,168
2021-03-31,Temporary Resident (Other Employment),408 Temporary Activity,Special Programs,Primary,33
2021-03-31,Temporary Resident (Other Employment),408 Temporary Activity,Special Programs,Secondary,9
2021-03-31,Temporary Resident (Other Employment),408 Temporary Activity,Sporting Activities,Primary,338
2021-03-31,Temporary Resident (Other Employment),408 Temporary Activity,Sporting Activities,Secondary,122
2021-03-31,Temporary Resident (Other Employment),408 Temporary Activity,Superyacht Crew,Primary,54
2021-03-31,Temporary Resident (Other Employment),410 Retirement,Temporary Resident - Other (Not Further Specified),Primary,1156
2021-03-31,Temporary Resident (Other Employment),410 Retirement,Temporary Resident - Other (Not Further Specified),Secondary,711
2021-03-31,Temporary Resident (Other Employment),430 Supported Dependant,Temporary Resident - Other (Not Further Specified),Primary,1
2021-03-31,Temporary Resident (Other Employment),430 Supported Dependant,Temporary Resident - Other (Not Further Specified),Secondary,1
2021-03-31,Temporary Resident (Other Employment),476 Skilled - Recognised Graduate,Temporary Resident - Other (Not Further Specified),Primary,1143
2021-03-31,Temporary Resident (Other Employment),476 Skilled - Recognised Graduate,Temporary Resident - Other (Not Further Specified),Secondary,89
2021-03-31,Temporary Resident (Other Employment),995 Diplomatic (Temporary),Diplomatic,Primary,2258
2021-03-31,Temporary Resident (Other Employment),995 Diplomatic (Temporary),Diplomatic,Secondary,2318
2021-03-31,Temporary Resident (Skilled Employment),457 Temporary Work (Skilled),Temporary Work Skilled,Primary,11492
2021-03-31,Temporary Resident (Skilled Employment),457 Temporary Work (Skilled),Temporary Work Skilled,Secondary,8514
2021-03-31,Temporary Resident (Skilled Employment),482 Skills In Demand,Global Talent (Independent),Primary,1
2021-03-31,Temporary Resident (Skilled Employment),482 Skills In Demand,Temporary Skill Shortage,Primary,46461
2021-03-31,Temporary Resident (Skilled Employment),482 Skills In Demand,Temporary Skill Shortage,Secondary,37865
2021-03-31,Visitor,600 Visitor,Business,Primary,523
2021-03-31,Visitor,600 Visitor,Tourist,Primary,26884
2021-03-31,Visitor,601 Electronic Travel Authority,Business,Primary,42
2021-03-31,Visitor,601 Electronic Travel Authority,Tourist,Primary,548
2021-03-31,Visitor,651 eVisitor,Business,Primary,126
2021-03-31,Visitor,651 eVisitor,Tourist,Primary,618
2021-03-31,Working Holiday Maker,417 Working Holiday,First Visa,Primary,658
2021-03-31,Working Holiday Maker,417 Working Holiday,First Visa,Secondary,1
2021-03-31,Working Holiday Maker,417 Working Holiday,Second Visa,Primary,22924
2021-03-31,Working Holiday Maker,417 Working Holiday,Third Visa,Primary,7008
2021-03-31,Working Holiday Maker,462 Work and Holiday,First Visa,Primary,189
2021-03-31,Working Holiday Maker,462 Work and Holiday,Second Visa,Primary,5993
2021-03-31,Working Holiday Maker,462 Work and Holiday,Third Visa,Primary,1857
2021-06-30,Bridging,Bridging Visas,Bridging,Primary,310406
2021-06-30,Bridging,Bridging Visas,Bridging,Secondary,354
2021-06-30,Crew and Transit,771 Transit,Transit,Primary,26
2021-06-30,Crew and Transit,988 Maritime Crew Visa,Maritime Crew,Primary,9848
2021-06-30,Other Temporary,580 Student Guardian,Student Guardian,Primary,121
2021-06-30,Other Temporary,580 Student Guardian,Student Guardian,Secondary,1
2021-06-30,Other Temporary,590 Student Guardian,Student Guardian,Primary,3010
2021-06-30,Other Temporary,590 Student Guardian,Student Guardian,Secondary,46
2021-06-30,Other Temporary,602 Medical Treatment,Medical stream,Primary,705
2021-06-30,Other Temporary,602 Medical Treatment,Medical stream,Secondary,37
2021-06-30,Other Temporary,685 Medical Treatment (Long Stay),Medical stream,Primary,46
2021-06-30,Other Temporary,773 Border,Border,Primary,6
2021-06-30,Special Category,444 Special Category,Special Category (Not Further Specified),Primary,354882
2021-06-30,Special Category,444 Special Category,Special Category (Not Further Specified),Secondary,6
2021-06-30,Special Category,444 Special Category,Standard or other,Primary,309014
2021-06-30,Student,500 Student,Foreign Affairs or Defence Sector,Primary,1308
2021-06-30,Student,500 Student,Foreign Affairs or Defence Sector,Secondary,776
2021-06-30,Student,500 Student,Higher Education Sector,Primary,172932
2021-06-30,Student,500 Student,Higher Education Sector,Secondary,24354
2021-06-30,Student,500 Student,Independent ELICOS Sector,Primary,2668
2021-06-30,Student,500 Student,Independent ELICOS Sector,Secondary,415
2021-06-30,Student,500 Student,Non-Award Sector,Primary,166
2021-06-30,Student,500 Student,Non-Award Sector,Secondary,6
2021-06-30,Student,500 Student,Postgraduate Research Sector,Primary,13645
2021-06-30,Student,500 Student,Postgraduate Research Sector,Secondary,6905
2021-06-30,Student,500 Student,Schools Sector,Primary,10319
2021-06-30,Student,500 Student,Schools Sector,Secondary,1
2021-06-30,Student,500 Student,Vocational Education and Training Sector,Primary,117418
2021-06-30,Student,500 Student,Vocational Education and Training Sector,Secondary,21995
2021-06-30,Student,560 Student,Student (Not Further Specified),Primary,8
2021-06-30,Student,560 Student,Student (Not Further Specified),Secondary,3
2021-06-30,Student,570 Independent ELICOS Sector,Independent ELICOS Sector,Primary,1
2021-06-30,Student,571 Schools Sector,Schools Sector,Primary,344
2021-06-30,Student,572 Vocational Education and Training Sector,Vocational Education and Training Sector,Primary,34
2021-06-30,Student,572 Vocational Education and Training Sector,Vocational Education and Training Sector,Secondary,9
2021-06-30,Student,573 Higher Education Sector,Higher Education Sector,Primary,664
2021-06-30,Student,573 Higher Education Sector,Higher Education Sector,Secondary,6
2021-06-30,Student,574 Postgraduate Research Sector,Postgraduate Research Sector,Primary,59
2021-06-30,Student,574 Postgraduate Research Sector,Postgraduate Research Sector,Secondary,19
2021-06-30,Student,575 Non-Award Sector,Non-Award Sector,Primary,1
2021-06-30,Temporary Graduate,485 Temporary Graduate,Post-Higher Education Work,Primary,61474
2021-06-30,Temporary Graduate,485 Temporary Graduate,Post-Higher Education Work,Secondary,17015
2021-06-30,Temporary Graduate,485 Temporary Graduate,Post-Vocational Education Work,Primary,7655
2021-06-30,Temporary Graduate,485 Temporary Graduate,Post-Vocational Education Work,Secondary,2550
2021-06-30,Temporary Protection,785 Temporary Protection,Onshore Protection (Not Further Specified),Primary,2568
2021-06-30,Temporary Protection,785 Temporary Protection,Onshore Protection (Not Further Specified),Secondary,562
2021-06-30,Temporary Protection,785 Temporary Protection,Temporary Protection (Not Further Specified),Primary,1429
2021-06-30,Temporary Protection,785 Temporary Protection,Temporary Protection (Not Further Specified),Secondary,841
2021-06-30,Temporary Protection,790 Safe Haven Enterprise,Onshore Protection (Not Further Specified),Primary,5498
2021-06-30,Temporary Protection,790 Safe Haven Enterprise,Onshore Protection (Not Further Specified),Secondary,1941
2021-06-30,Temporary Protection,790 Safe Haven Enterprise,Temporary Protection (Not Further Specified),Primary,3664
2021-06-30,Temporary Protection,790 Safe Haven Enterprise,Temporary Protection (Not Further Specified),Secondary,1825
2021-06-30,Temporary Resident (Other Employment),400 Temporary Work (Short Stay Activity),Australia's Interest,Primary,3
2021-06-30,Temporary Resident (Other Employment),400 Temporary Work (Short Stay Activity),Highly Specialised Work,Primary,1528
2021-06-30,Temporary Resident (Other Employment),400 Temporary Work (Short Stay Activity),Highly Specialised Work,Secondary,29
2021-06-30,Temporary Resident (Other Employment),402 Training and Research,Occupational Trainee,Primary,1
2021-06-30,Temporary Resident (Other Employment),403 Temporary Work (International Relations),Domestic Work (Diplomatic or Consular),Primary,23
2021-06-30,Temporary Resident (Other Employment),403 Temporary Work (International Relations),Foreign Government Agency,Primary,212
2021-06-30,Temporary Resident (Other Employment),403 Temporary Work (International Relations),Foreign Government Agency,Secondary,198
2021-06-30,Temporary Resident (Other Employment),403 Temporary Work (International Relations),Government Agreement,Primary,384
2021-06-30,Temporary Resident (Other Employment),403 Temporary Work (International Relations),Government Agreement,Secondary,261
2021-06-30,Temporary Resident (Other Employment),403 Temporary Work (International Relations),Pacific Labour Scheme,Primary,3110
2021-06-30,Temporary Resident (Other Employment),403 Temporary Work (International Relations),Privileges and immunities,Primary,41
2021-06-30,Temporary Resident (Other Employment),403 Temporary Work (International Relations),Privileges and immunities,Secondary,39
2021-06-30,Temporary Resident (Other Employment),403 Temporary Work (International Relations),Seasonal Worker Program,Primary,5880
2021-06-30,Temporary Resident (Other Employment),405 Investor Retirement,Temporary Resident - Other (Not Further Specified),Primary,46
2021-06-30,Temporary Resident (Other Employment),405 Investor Retirement,Temporary Resident - Other (Not Further Specified),Secondary,32
2021-06-30,Temporary Resident (Other Employment),407 Training,Temporary Resident - Other (Not Further Specified),Primary,946
2021-06-30,Temporary Resident (Other Employment),407 Training,Temporary Resident - Other (Not Further Specified),Secondary,461
2021-06-30,Temporary Resident (Other Employment),408 Temporary Activity,Australian Government Endorsed Events,Primary,10870
2021-06-30,Temporary Resident (Other Employment),408 Temporary Activity,Australian Government Endorsed Events,Secondary,1577
2021-06-30,Temporary Resident (Other Employment),408 Temporary Activity,Domestic Work (Executive),Primary,2
2021-06-30,Temporary Resident (Other Employment),408 Temporary Activity,Entertainment,Primary,617
2021-06-30,Temporary Resident (Other Employment),408 Temporary Activity,Entertainment,Secondary,176
2021-06-30,Temporary Resident (Other Employment),408 Temporary Activity,Exchange Arrangements,Primary,9
2021-06-30,Temporary Resident (Other Employment),408 Temporary Activity,Exchange Arrangements,Secondary,9
2021-06-30,Temporary Resident (Other Employment),408 Temporary Activity,Invited for Other Social and Cultural Activity,Primary,125
2021-06-30,Temporary Resident (Other Employment),408 Temporary Activity,Religious Work,Primary,806
2021-06-30,Temporary Resident (Other Employment),408 Temporary Activity,Religious Work,Secondary,572
2021-06-30,Temporary Resident (Other Employment),408 Temporary Activity,Research Activities,Primary,210
2021-06-30,Temporary Resident (Other Employment),408 Temporary Activity,Research Activities,Secondary,109
2021-06-30,Temporary Resident (Other Employment),408 Temporary Activity,Special Programs,Primary,28
2021-06-30,Temporary Resident (Other Employment),408 Temporary Activity,Special Programs,Secondary,3
2021-06-30,Temporary Resident (Other Employment),408 Temporary Activity,Sporting Activities,Primary,261
2021-06-30,Temporary Resident (Other Employment),408 Temporary Activity,Sporting Activities,Secondary,107
2021-06-30,Temporary Resident (Other Employment),408 Temporary Activity,Superyacht Crew,Primary,88
2021-06-30,Temporary Resident (Other Employment),410 Retirement,Temporary Resident - Other (Not Further Specified),Primary,1085
2021-06-30,Temporary Resident (Other Employment),410 Retirement,Temporary Resident - Other (Not Further Specified),Secondary,635
2021-06-30,Temporary Resident (Other Employment),430 Supported Dependant,Temporary Resident - Other (Not Further Specified),Primary,1
2021-06-30,Temporary Resident (Other Employment),430 Supported Dependant,Temporary Resident - Other (Not Further Specified),Secondary,1
2021-06-30,Temporary Resident (Other Employment),476 Skilled - Recognised Graduate,Temporary Resident - Other (Not Further Specified),Primary,553
2021-06-30,Temporary Resident (Other Employment),476 Skilled - Recognised Graduate,Temporary Resident - Other (Not Further Specified),Secondary,40
2021-06-30,Temporary Resident (Other Employment),995 Diplomatic (Temporary),Diplomatic,Primary,2219
2021-06-30,Temporary Resident (Other Employment),995 Diplomatic (Temporary),Diplomatic,Secondary,2337
2021-06-30,Temporary Resident (Skilled Employment),457 Temporary Work (Skilled),Temporary Work Skilled,Primary,8787
2021-06-30,Temporary Resident (Skilled Employment),457 Temporary Work (Skilled),Temporary Work Skilled,Secondary,6338
2021-06-30,Temporary Resident (Skilled Employment),482 Skills In Demand,Global Talent (Independent),Primary,1
2021-06-30,Temporary Resident (Skilled Employment),482 Skills In Demand,Temporary Skill Shortage,Primary,46243
2021-06-30,Temporary Resident (Skilled Employment),482 Skills In Demand,Temporary Skill Shortage,Secondary,37660
2021-06-30,Visitor,600 Visitor,Business,Primary,558
2021-06-30,Visitor,600 Visitor,Tourist,Primary,38407
2021-06-30,Visitor,601 Electronic Travel Authority,Business,Primary,173
2021-06-30,Visitor,601 Electronic Travel Authority,Tourist,Primary,644
2021-06-30,Visitor,651 eVisitor,Business,Primary,109
2021-06-30,Visitor,651 eVisitor,Tourist,Primary,918
2021-06-30,Visitor,956 Electronic Travel Authority (Business Entrant - Long Validity),Business,Primary,1
2021-06-30,Working Holiday Maker,417 Working Holiday,First Visa,Primary,994
2021-06-30,Working Holiday Maker,417 Working Holiday,First Visa,Secondary,1
2021-06-30,Working Holiday Maker,417 Working Holiday,Second Visa,Primary,19896
2021-06-30,Working Holiday Maker,417 Working Holiday,Third Visa,Primary,7868
2021-06-30,Working Holiday Maker,462 Work and Holiday,First Visa,Primary,212
2021-06-30,Working Holiday Maker,462 Work and Holiday,Second Visa,Primary,5237
2021-06-30,Working Holiday Maker,462 Work and Holiday,Third Visa,Primary,2318
2021-09-30,Bridging,Bridging Visas,Bridging,Primary,330441
2021-09-30,Bridging,Bridging Visas,Bridging,Secondary,367
2021-09-30,Crew and Transit,771 Transit,Transit,Primary,20
2021-09-30,Crew and Transit,988 Maritime Crew Visa,Maritime Crew,Primary,9006
2021-09-30,Other Temporary,580 Student Guardian,Student Guardian,Primary,82
2021-09-30,Other Temporary,580 Student Guardian,Student Guardian,Secondary,1
2021-09-30,Other Temporary,590 Student Guardian,Student Guardian,Primary,2943
2021-09-30,Other Temporary,590 Student Guardian,Student Guardian,Secondary,42
2021-09-30,Other Temporary,602 Medical Treatment,Medical stream,Primary,611
2021-09-30,Other Temporary,602 Medical Treatment,Medical stream,Secondary,38
2021-09-30,Other Temporary,685 Medical Treatment (Long Stay),Medical stream,Primary,39
2021-09-30,Other Temporary,773 Border,Border,Primary,5
2021-09-30,Special Category,444 Special Category,Special Category (Not Further Specified),Primary,351507
2021-09-30,Special Category,444 Special Category,Special Category (Not Further Specified),Secondary,5
2021-09-30,Special Category,444 Special Category,Standard or other,Primary,306311
2021-09-30,Student,500 Student,Foreign Affairs or Defence Sector,Primary,922
2021-09-30,Student,500 Student,Foreign Affairs or Defence Sector,Secondary,503
2021-09-30,Student,500 Student,Higher Education Sector,Primary,134729
2021-09-30,Student,500 Student,Higher Education Sector,Secondary,18564
2021-09-30,Student,500 Student,Independent ELICOS Sector,Primary,1923
2021-09-30,Student,500 Student,Independent ELICOS Sector,Secondary,338
2021-09-30,Student,500 Student,Non-Award Sector,Primary,145
2021-09-30,Student,500 Student,Non-Award Sector,Secondary,6
2021-09-30,Student,500 Student,Postgraduate Research Sector,Primary,13198
2021-09-30,Student,500 Student,Postgraduate Research Sector,Secondary,6487
2021-09-30,Student,500 Student,Schools Sector,Primary,10196
2021-09-30,Student,500 Student,Schools Sector,Secondary,1
2021-09-30,Student,500 Student,Vocational Education and Training Sector,Primary,109129
2021-09-30,Student,500 Student,Vocational Education and Training Sector,Secondary,20904
2021-09-30,Student,560 Student,Student (Not Further Specified),Primary,8
2021-09-30,Student,560 Student,Student (Not Further Specified),Secondary,3
2021-09-30,Student,570 Independent ELICOS Sector,Independent ELICOS Sector,Primary,1
2021-09-30,Student,571 Schools Sector,Schools Sector,Primary,335
2021-09-30,Student,572 Vocational Education and Training Sector,Vocational Education and Training Sector,Primary,20
2021-09-30,Student,572 Vocational Education and Training Sector,Vocational Education and Training Sector,Secondary,10
2021-09-30,Student,573 Higher Education Sector,Higher Education Sector,Primary,457
2021-09-30,Student,573 Higher Education Sector,Higher Education Sector,Secondary,1
2021-09-30,Student,574 Postgraduate Research Sector,Postgraduate Research Sector,Primary,25
2021-09-30,Student,574 Postgraduate Research Sector,Postgraduate Research Sector,Secondary,9
2021-09-30,Student,575 Non-Award Sector,Non-Award Sector,Primary,1
2021-09-30,Temporary Graduate,485 Temporary Graduate,Post-Higher Education Work,Primary,68655
2021-09-30,Temporary Graduate,485 Temporary Graduate,Post-Higher Education Work,Secondary,16826
2021-09-30,Temporary Graduate,485 Temporary Graduate,Post-Vocational Education Work,Primary,7191
2021-09-30,Temporary Graduate,485 Temporary Graduate,Post-Vocational Education Work,Secondary,2370
2021-09-30,Temporary Protection,785 Temporary Protection,Onshore Protection (Not Further Specified),Primary,2493
2021-09-30,Temporary Protection,785 Temporary Protection,Onshore Protection (Not Further Specified),Secondary,524
2021-09-30,Temporary Protection,785 Temporary Protection,Temporary Protection (Not Further Specified),Primary,1489
2021-09-30,Temporary Protection,785 Temporary Protection,Temporary Protection (Not Further Specified),Secondary,887
2021-09-30,Temporary Protection,790 Safe Haven Enterprise,Onshore Protection (Not Further Specified),Primary,5052
2021-09-30,Temporary Protection,790 Safe Haven Enterprise,Onshore Protection (Not Further Specified),Secondary,1797
2021-09-30,Temporary Protection,790 Safe Haven Enterprise,Temporary Protection (Not Further Specified),Primary,4286
2021-09-30,Temporary Protection,790 Safe Haven Enterprise,Temporary Protection (Not Further Specified),Secondary,2080
2021-09-30,Temporary Resident (Other Employment),400 Temporary Work (Short Stay Activity),Australia's Interest,Primary,3
2021-09-30,Temporary Resident (Other Employment),400 Temporary Work (Short Stay Activity),Highly Specialised Work,Primary,1071
2021-09-30,Temporary Resident (Other Employment),400 Temporary Work (Short Stay Activity),Highly Specialised Work,Secondary,20
2021-09-30,Temporary Resident (Other Employment),402 Training and Research,Occupational Trainee,Primary,1
2021-09-30,Temporary Resident (Other Employment),403 Temporary Work (International Relations),Domestic Work (Diplomatic or Consular),Primary,24
2021-09-30,Temporary Resident (Other Employment),403 Temporary Work (International Relations),Foreign Government Agency,Primary,208
2021-09-30,Temporary Resident (Other Employment),403 Temporary Work (International Relations),Foreign Government Agency,Secondary,198
2021-09-30,Temporary Resident (Other Employment),403 Temporary Work (International Relations),Government Agreement,Primary,349
2021-09-30,Temporary Resident (Other Employment),403 Temporary Work (International Relations),Government Agreement,Secondary,248
2021-09-30,Temporary Resident (Other Employment),403 Temporary Work (International Relations),Pacific Labour Scheme,Primary,4500
2021-09-30,Temporary Resident (Other Employment),403 Temporary Work (International Relations),Privileges and immunities,Primary,40
2021-09-30,Temporary Resident (Other Employment),403 Temporary Work (International Relations),Privileges and immunities,Secondary,45
2021-09-30,Temporary Resident (Other Employment),403 Temporary Work (International Relations),Seasonal Worker Program,Primary,7132
2021-09-30,Temporary Resident (Other Employment),405 Investor Retirement,Temporary Resident - Other (Not Further Specified),Primary,42
2021-09-30,Temporary Resident (Other Employment),405 Investor Retirement,Temporary Resident - Other (Not Further Specified),Secondary,26
2021-09-30,Temporary Resident (Other Employment),407 Training,Temporary Resident - Other (Not Further Specified),Primary,887
2021-09-30,Temporary Resident (Other Employment),407 Training,Temporary Resident - Other (Not Further Specified),Secondary,485
2021-09-30,Temporary Resident (Other Employment),408 Temporary Activity,Australian Government Endorsed Events,Primary,13386
2021-09-30,Temporary Resident (Other Employment),408 Temporary Activity,Australian Government Endorsed Events,Secondary,1889
2021-09-30,Temporary Resident (Other Employment),408 Temporary Activity,Domestic Work (Executive),Primary,2
2021-09-30,Temporary Resident (Other Employment),408 Temporary Activity,Entertainment,Primary,417
2021-09-30,Temporary Resident (Other Employment),408 Temporary Activity,Entertainment,Secondary,133
2021-09-30,Temporary Resident (Other Employment),408 Temporary Activity,Exchange Arrangements,Primary,6
2021-09-30,Temporary Resident (Other Employment),408 Temporary Activity,Exchange Arrangements,Secondary,8
2021-09-30,Temporary Resident (Other Employment),408 Temporary Activity,Invited for Other Social and Cultural Activity,Primary,152
2021-09-30,Temporary Resident (Other Employment),408 Temporary Activity,Religious Work,Primary,611
2021-09-30,Temporary Resident (Other Employment),408 Temporary Activity,Religious Work,Secondary,434
2021-09-30,Temporary Resident (Other Employment),408 Temporary Activity,Research Activities,Primary,148
2021-09-30,Temporary Resident (Other Employment),408 Temporary Activity,Research Activities,Secondary,88
2021-09-30,Temporary Resident (Other Employment),408 Temporary Activity,Special Programs,Primary,21
2021-09-30,Temporary Resident (Other Employment),408 Temporary Activity,Sporting Activities,Primary,215
2021-09-30,Temporary Resident (Other Employment),408 Temporary Activity,Sporting Activities,Secondary,74
2021-09-30,Temporary Resident (Other Employment),408 Temporary Activity,Superyacht Crew,Primary,29
2021-09-30,Temporary Resident (Other Employment),410 Retirement,Temporary Resident - Other (Not Further Specified),Primary,1098
2021-09-30,Temporary Resident (Other Employment),410 Retirement,Temporary Resident - Other (Not Further Specified),Secondary,618
2021-09-30,Temporary Resident (Other Employment),430 Supported Dependant,Temporary Resident - Other (Not Further Specified),Primary,1
2021-09-30,Temporary Resident (Other Employment),430 Supported Dependant,Temporary Resident - Other (Not Further Specified),Secondary,1
2021-09-30,Temporary Resident (Other Employment),476 Skilled - Recognised Graduate,Temporary Resident - Other (Not Further Specified),Primary,7
2021-09-30,Temporary Resident (Other Employment),476 Skilled - Recognised Graduate,Temporary Resident - Other (Not Further Specified),Secondary,3
2021-09-30,Temporary Resident (Other Employment),995 Diplomatic (Temporary),Diplomatic,Primary,2191
2021-09-30,Temporary Resident (Other Employment),995 Diplomatic (Temporary),Diplomatic,Secondary,2394
2021-09-30,Temporary Resident (Skilled Employment),457 Temporary Work (Skilled),Temporary Work Skilled,Primary,7245
2021-09-30,Temporary Resident (Skilled Employment),457 Temporary Work (Skilled),Temporary Work Skilled,Secondary,5201
2021-09-30,Temporary Resident (Skilled Employment),482 Skills In Demand,Global Talent (Independent),Primary,1
2021-09-30,Temporary Resident (Skilled Employment),482 Skills In Demand,Temporary Skill Shortage,Primary,45615
2021-09-30,Temporary Resident (Skilled Employment),482 Skills In Demand,Temporary Skill Shortage,Secondary,36973
2021-09-30,Visitor,600 Visitor,Business,Primary,639
2021-09-30,Visitor,600 Visitor,Tourist,Primary,37393
2021-09-30,Visitor,601 Electronic Travel Authority,Business,Primary,26
2021-09-30,Visitor,601 Electronic Travel Authority,Tourist,Primary,281
2021-09-30,Visitor,651 eVisitor,Business,Primary,59
2021-09-30,Visitor,651 eVisitor,Tourist,Primary,330
2021-09-30,Working Holiday Maker,417 Working Holiday,First Visa,Primary,1182
2021-09-30,Working Holiday Maker,417 Working Holiday,Offshore Nil VAC Visa,Primary,1
2021-09-30,Working Holiday Maker,417 Working Holiday,Second Visa,Primary,14197
2021-09-30,Working Holiday Maker,417 Working Holiday,Third Visa,Primary,8089
2021-09-30,Working Holiday Maker,462 Work and Holiday,First Visa,Primary,215
2021-09-30,Working Holiday Maker,462 Work and Holiday,Offshore Nil VAC Visa,Primary,1
2021-09-30,Working Holiday Maker,462 Work and Holiday,Second Visa,Primary,3645
2021-09-30,Working Holiday Maker,462 Work and Holiday,Third Visa,Primary,2491
2021-12-31,Bridging,Bridging Visas,Bridging,Primary,332977
2021-12-31,Bridging,Bridging Visas,Bridging,Secondary,380
2021-12-31,Crew and Transit,771 Transit,Transit,Primary,28
2021-12-31,Crew and Transit,988 Maritime Crew Visa,Maritime Crew,Primary,10483
2021-12-31,Other Temporary,580 Student Guardian,Student Guardian,Primary,75
2021-12-31,Other Temporary,580 Student Guardian,Student Guardian,Secondary,2
2021-12-31,Other Temporary,590 Student Guardian,Student Guardian,Primary,2758
2021-12-31,Other Temporary,590 Student Guardian,Student Guardian,Secondary,39
2021-12-31,Other Temporary,602 Medical Treatment,Medical stream,Primary,571
2021-12-31,Other Temporary,602 Medical Treatment,Medical stream,Secondary,43
2021-12-31,Other Temporary,685 Medical Treatment (Long Stay),Medical stream,Primary,31
2021-12-31,Other Temporary,773 Border,Border,Primary,22
2021-12-31,Special Category,444 Special Category,Special Category (Not Further Specified),Primary,349544
2021-12-31,Special Category,444 Special Category,Special Category (Not Further Specified),Secondary,4
2021-12-31,Special Category,444 Special Category,Standard or other,Primary,307440
2021-12-31,Student,500 Student,Foreign Affairs or Defence Sector,Primary,585
2021-12-31,Student,500 Student,Foreign Affairs or Defence Sector,Secondary,477
2021-12-31,Student,500 Student,Higher Education Sector,Primary,141712
2021-12-31,Student,500 Student,Higher Education Sector,Secondary,20647
2021-12-31,Student,500 Student,Independent ELICOS Sector,Primary,1678
2021-12-31,Student,500 Student,Independent ELICOS Sector,Secondary,253
2021-12-31,Student,500 Student,Non-Award Sector,Primary,120
2021-12-31,Student,500 Student,Non-Award Sector,Secondary,7
2021-12-31,Student,500 Student,Postgraduate Research Sector,Primary,13056
2021-12-31,Student,500 Student,Postgraduate Research Sector,Secondary,6251
2021-12-31,Student,500 Student,Schools Sector,Primary,9106
2021-12-31,Student,500 Student,Schools Sector,Secondary,4
2021-12-31,Student,500 Student,Vocational Education and Training Sector,Primary,101645
2021-12-31,Student,500 Student,Vocational Education and Training Sector,Secondary,19765
2021-12-31,Student,560 Student,Student (Not Further Specified),Primary,8
2021-12-31,Student,560 Student,Student (Not Further Specified),Secondary,3
2021-12-31,Student,571 Schools Sector,Schools Sector,Primary,290
2021-12-31,Student,572 Vocational Education and Training Sector,Vocational Education and Training Sector,Primary,13
2021-12-31,Student,572 Vocational Education and Training Sector,Vocational Education and Training Sector,Secondary,9
2021-12-31,Student,573 Higher Education Sector,Higher Education Sector,Primary,298
2021-12-31,Student,573 Higher Education Sector,Higher Education Sector,Secondary,1
2021-12-31,Student,574 Postgraduate Research Sector,Postgraduate Research Sector,Primary,17
2021-12-31,Student,574 Postgraduate Research Sector,Postgraduate Research Sector,Secondary,3
2021-12-31,Student,575 Non-Award Sector,Non-Award Sector,Primary,1
2021-12-31,Temporary Graduate,485 Temporary Graduate,Post-Higher Education Work,Primary,66409
2021-12-31,Temporary Graduate,485 Temporary Graduate,Post-Higher Education Work,Secondary,18995
2021-12-31,Temporary Graduate,485 Temporary Graduate,Post-Vocational Education Work,Primary,7265
2021-12-31,Temporary Graduate,485 Temporary Graduate,Post-Vocational Education Work,Secondary,2590
2021-12-31,Temporary Protection,785 Temporary Protection,Onshore Protection (Not Further Specified),Primary,2442
2021-12-31,Temporary Protection,785 Temporary Protection,Onshore Protection (Not Further Specified),Secondary,502
2021-12-31,Temporary Protection,785 Temporary Protection,Temporary Protection (Not Further Specified),Primary,1532
2021-12-31,Temporary Protection,785 Temporary Protection,Temporary Protection (Not Further Specified),Secondary,908
2021-12-31,Temporary Protection,790 Safe Haven Enterprise,Onshore Protection (Not Further Specified),Primary,4597
2021-12-31,Temporary Protection,790 Safe Haven Enterprise,Onshore Protection (Not Further Specified),Secondary,1708
2021-12-31,Temporary Protection,790 Safe Haven Enterprise,Temporary Protection (Not Further Specified),Primary,4876
2021-12-31,Temporary Protection,790 Safe Haven Enterprise,Temporary Protection (Not Further Specified),Secondary,2236
2021-12-31,Temporary Resident (Other Employment),400 Temporary Work (Short Stay Activity),Australia's Interest,Primary,1
2021-12-31,Temporary Resident (Other Employment),400 Temporary Work (Short Stay Activity),Highly Specialised Work,Primary,1026
2021-12-31,Temporary Resident (Other Employment),400 Temporary Work (Short Stay Activity),Highly Specialised Work,Secondary,64
2021-12-31,Temporary Resident (Other Employment),402 Training and Research,Occupational Trainee,Primary,1
2021-12-31,Temporary Resident (Other Employment),403 Temporary Work (International Relations),Domestic Work (Diplomatic or Consular),Primary,14
2021-12-31,Temporary Resident (Other Employment),403 Temporary Work (International Relations),Foreign Government Agency,Primary,187
2021-12-31,Temporary Resident (Other Employment),403 Temporary Work (International Relations),Foreign Government Agency,Secondary,178
2021-12-31,Temporary Resident (Other Employment),403 Temporary Work (International Relations),Government Agreement,Primary,314
2021-12-31,Temporary Resident (Other Employment),403 Temporary Work (International Relations),Government Agreement,Secondary,282
2021-12-31,Temporary Resident (Other Employment),403 Temporary Work (International Relations),Pacific Labour Scheme,Primary,5856
2021-12-31,Temporary Resident (Other Employment),403 Temporary Work (International Relations),Privileges and immunities,Primary,37
2021-12-31,Temporary Resident (Other Employment),403 Temporary Work (International Relations),Privileges and immunities,Secondary,44
2021-12-31,Temporary Resident (Other Employment),403 Temporary Work (International Relations),Seasonal Worker Program,Primary,8326
2021-12-31,Temporary Resident (Other Employment),405 Investor Retirement,Temporary Resident - Other (Not Further Specified),Primary,42
2021-12-31,Temporary Resident (Other Employment),405 Investor Retirement,Temporary Resident - Other (Not Further Specified),Secondary,26
2021-12-31,Temporary Resident (Other Employment),407 Training,Temporary Resident - Other (Not Further Specified),Primary,811
2021-12-31,Temporary Resident (Other Employment),407 Training,Temporary Resident - Other (Not Further Specified),Secondary,555
2021-12-31,Temporary Resident (Other Employment),408 Temporary Activity,Australian Government Endorsed Events,Primary,16272
2021-12-31,Temporary Resident (Other Employment),408 Temporary Activity,Australian Government Endorsed Events,Secondary,2216
2021-12-31,Temporary Resident (Other Employment),408 Temporary Activity,Domestic Work (Executive),Primary,2
2021-12-31,Temporary Resident (Other Employment),408 Temporary Activity,Entertainment,Primary,522
2021-12-31,Temporary Resident (Other Employment),408 Temporary Activity,Entertainment,Secondary,166
2021-12-31,Temporary Resident (Other Employment),408 Temporary Activity,Exchange Arrangements,Primary,2
2021-12-31,Temporary Resident (Other Employment),408 Temporary Activity,Exchange Arrangements,Secondary,1
2021-12-31,Temporary Resident (Other Employment),408 Temporary Activity,Invited for Other Social and Cultural Activity,Primary,1301
2021-12-31,Temporary Resident (Other Employment),408 Temporary Activity,Invited for Other Social and Cultural Activity,Secondary,14
2021-12-31,Temporary Resident (Other Employment),408 Temporary Activity,Religious Work,Primary,447
2021-12-31,Temporary Resident (Other Employment),408 Temporary Activity,Religious Work,Secondary,329
2021-12-31,Temporary Resident (Other Employment),408 Temporary Activity,Research Activities,Primary,125
2021-12-31,Temporary Resident (Other Employment),408 Temporary Activity,Research Activities,Secondary,81
2021-12-31,Temporary Resident (Other Employment),408 Temporary Activity,Special Programs,Primary,27
2021-12-31,Temporary Resident (Other Employment),408 Temporary Activity,Special Programs,Secondary,3
2021-12-31,Temporary Resident (Other Employment),408 Temporary Activity,Sporting Activities,Primary,321
2021-12-31,Temporary Resident (Other Employment),408 Temporary Activity,Sporting Activities,Secondary,109
2021-12-31,Temporary Resident (Other Employment),408 Temporary Activity,Superyacht Crew,Primary,68
2021-12-31,Temporary Resident (Other Employment),410 Retirement,Temporary Resident - Other (Not Further Specified),Primary,1059
2021-12-31,Temporary Resident (Other Employment),410 Retirement,Temporary Resident - Other (Not Further Specified),Secondary,591
2021-12-31,Temporary Resident (Other Employment),430 Supported Dependant,Temporary Resident - Other (Not Further Specified),Primary,1
2021-12-31,Temporary Resident (Other Employment),430 Supported Dependant,Temporary Resident - Other (Not Further Specified),Secondary,1
2021-12-31,Temporary Resident (Other Employment),476 Skilled - Recognised Graduate,Temporary Resident - Other (Not Further Specified),Primary,6
2021-12-31,Temporary Resident (Other Employment),476 Skilled - Recognised Graduate,Temporary Resident - Other (Not Further Specified),Secondary,3
2021-12-31,Temporary Resident (Other Employment),995 Diplomatic (Temporary),Diplomatic,Primary,1984
2021-12-31,Temporary Resident (Other Employment),995 Diplomatic (Temporary),Diplomatic,Secondary,2178
2021-12-31,Temporary Resident (Skilled Employment),457 Temporary Work (Skilled),Temporary Work Skilled,Primary,5374
2021-12-31,Temporary Resident (Skilled Employment),457 Temporary Work (Skilled),Temporary Work Skilled,Secondary,3908
2021-12-31,Temporary Resident (Skilled Employment),482 Skills In Demand,Global Talent (Independent),Primary,1
2021-12-31,Temporary Resident (Skilled Employment),482 Skills In Demand,Temporary Skill Shortage,Primary,44207
2021-12-31,Temporary Resident (Skilled Employment),482 Skills In Demand,Temporary Skill Shortage,Secondary,37247
2021-12-31,Visitor,600 Visitor,Business,Primary,815
2021-12-31,Visitor,600 Visitor,Tourist,Primary,46528
2021-12-31,Visitor,601 Electronic Travel Authority,Business,Primary,100
2021-12-31,Visitor,601 Electronic Travel Authority,Tourist,Primary,7636
2021-12-31,Visitor,651 eVisitor,Business,Primary,90
2021-12-31,Visitor,651 eVisitor,Tourist,Primary,11413
2021-12-31,Visitor,956 Electronic Travel Authority (Business Entrant - Long Validity),Business,Primary,1
2021-12-31,Working Holiday Maker,417 Working Holiday,First Visa,Primary,1675
2021-12-31,Working Holiday Maker,417 Working Holiday,Offshore Nil VAC Visa,Primary,86
2021-12-31,Working Holiday Maker,417 Working Holiday,Second Visa,Primary,6541
2021-12-31,Working Holiday Maker,417 Working Holiday,Third Visa,Primary,6794
2021-12-31,Working Holiday Maker,462 Work and Holiday,First Visa,Primary,257
2021-12-31,Working Holiday Maker,462 Work and Holiday,Offshore Nil VAC Visa,Primary,88
2021-12-31,Working Holiday Maker,462 Work and Holiday,Second Visa,Primary,1539
2021-12-31,Working Holiday Maker,462 Work and Holiday,Third Visa,Primary,2344
2022-03-31,Bridging,Bridging Visas,Bridging,Primary,372715
2022-03-31,Bridging,Bridging Visas,Bridging,Secondary,394
2022-03-31,Crew and Transit,771 Transit,Transit,Primary,57
2022-03-31,Crew and Transit,988 Maritime Crew Visa,Maritime Crew,Primary,10117
2022-03-31,Other Temporary,580 Student Guardian,Student Guardian,Primary,36
2022-03-31,Other Temporary,590 Student Guardian,Student Guardian,Primary,2537
2022-03-31,Other Temporary,590 Student Guardian,Student Guardian,Secondary,41
2022-03-31,Other Temporary,602 Medical Treatment,Medical stream,Primary,675
2022-03-31,Other Temporary,602 Medical Treatment,Medical stream,Secondary,40
2022-03-31,Other Temporary,685 Medical Treatment (Long Stay),Medical stream,Primary,27
2022-03-31,Other Temporary,773 Border,Border,Primary,12
2022-03-31,Special Category,444 Special Category,Special Category (Not Further Specified),Primary,344977
2022-03-31,Special Category,444 Special Category,Special Category (Not Further Specified),Secondary,4
2022-03-31,Special Category,444 Special Category,Standard or other,Primary,314980
2022-03-31,Student,500 Student,Foreign Affairs or Defence Sector,Primary,813
2022-03-31,Student,500 Student,Foreign Affairs or Defence Sector,Secondary,439
2022-03-31,Student,500 Student,Higher Education Sector,Primary,163444
2022-03-31,Student,500 Student,Higher Education Sector,Secondary,18157
2022-03-31,Student,500 Student,Independent ELICOS Sector,Primary,4776
2022-03-31,Student,500 Student,Independent ELICOS Sector,Secondary,315
2022-03-31,Student,500 Student,Non-Award Sector,Primary,969
2022-03-31,Student,500 Student,Non-Award Sector,Secondary,8
2022-03-31,Student,500 Student,Postgraduate Research Sector,Primary,15293
2022-03-31,Student,500 Student,Postgraduate Research Sector,Secondary,7222
2022-03-31,Student,500 Student,Schools Sector,Primary,7503
2022-03-31,Student,500 Student,Schools Sector,Secondary,1
2022-03-31,Student,500 Student,Vocational Education and Training Sector,Primary,99277
2022-03-31,Student,500 Student,Vocational Education and Training Sector,Secondary,18459
2022-03-31,Student,560 Student,Student (Not Further Specified),Primary,8
2022-03-31,Student,560 Student,Student (Not Further Specified),Secondary,3
2022-03-31,Student,570 Independent ELICOS Sector,Independent ELICOS Sector,Primary,1
2022-03-31,Student,571 Schools Sector,Schools Sector,Primary,82
2022-03-31,Student,572 Vocational Education and Training Sector,Vocational Education and Training Sector,Primary,8
2022-03-31,Student,572 Vocational Education and Training Sector,Vocational Education and Training Sector,Secondary,8
2022-03-31,Student,573 Higher Education Sector,Higher Education Sector,Primary,38
2022-03-31,Student,573 Higher Education Sector,Higher Education Sector,Secondary,1
2022-03-31,Student,574 Postgraduate Research Sector,Postgraduate Research Sector,Primary,16
2022-03-31,Student,574 Postgraduate Research Sector,Postgraduate Research Sector,Secondary,3
2022-03-31,Temporary Graduate,485 Temporary Graduate,Post-Higher Education Work,Primary,67278
2022-03-31,Temporary Graduate,485 Temporary Graduate,Post-Higher Education Work,Secondary,20209
2022-03-31,Temporary Graduate,485 Temporary Graduate,Post-Vocational Education Work,Primary,7032
2022-03-31,Temporary Graduate,485 Temporary Graduate,Post-Vocational Education Work,Secondary,2565
2022-03-31,Temporary Graduate,485 Temporary Graduate,Skilled Graduate,Primary,1
2022-03-31,Temporary Graduate,485 Temporary Graduate,Skilled Graduate,Secondary,4
2022-03-31,Temporary Protection,785 Temporary Protection,Onshore Protection (Not Further Specified),Primary,2303
2022-03-31,Temporary Protection,785 Temporary Protection,Onshore Protection (Not Further Specified),Secondary,477
2022-03-31,Temporary Protection,785 Temporary Protection,Temporary Protection (Not Further Specified),Primary,1598
2022-03-31,Temporary Protection,785 Temporary Protection,Temporary Protection (Not Further Specified),Secondary,958
2022-03-31,Temporary Protection,790 Safe Haven Enterprise,Onshore Protection (Not Further Specified),Primary,3825
2022-03-31,Temporary Protection,790 Safe Haven Enterprise,Onshore Protection (Not Further Specified),Secondary,1485
2022-03-31,Temporary Protection,790 Safe Haven Enterprise,Temporary Protection (Not Further Specified),Primary,5761
2022-03-31,Temporary Protection,790 Safe Haven Enterprise,Temporary Protection (Not Further Specified),Secondary,2579
2022-03-31,Temporary Resident (Other Employment),400 Temporary Work (Short Stay Activity),Australia's Interest,Primary,2
2022-03-31,Temporary Resident (Other Employment),400 Temporary Work (Short Stay Activity),Highly Specialised Work,Primary,2830
2022-03-31,Temporary Resident (Other Employment),400 Temporary Work (Short Stay Activity),Highly Specialised Work,Secondary,173
2022-03-31,Temporary Resident (Other Employment),402 Training and Research,Occupational Trainee,Primary,1
2022-03-31,Temporary Resident (Other Employment),402 Training and Research,Occupational Trainee,Secondary,3
2022-03-31,Temporary Resident (Other Employment),403 Temporary Work (International Relations),Domestic Work (Diplomatic or Consular),Primary,16
2022-03-31,Temporary Resident (Other Employment),403 Temporary Work (International Relations),Foreign Government Agency,Primary,204
2022-03-31,Temporary Resident (Other Employment),403 Temporary Work (International Relations),Foreign Government Agency,Secondary,197
2022-03-31,Temporary Resident (Other Employment),403 Temporary Work (International Relations),Government Agreement,Primary,375
2022-03-31,Temporary Resident (Other Employment),403 Temporary Work (International Relations),Government Agreement,Secondary,283
2022-03-31,Temporary Resident (Other Employment),403 Temporary Work (International Relations),Pacific Labour Scheme,Primary,7048
2022-03-31,Temporary Resident (Other Employment),403 Temporary Work (International Relations),Privileges and immunities,Primary,41
2022-03-31,Temporary Resident (Other Employment),403 Temporary Work (International Relations),Privileges and immunities,Secondary,35
2022-03-31,Temporary Resident (Other Employment),403 Temporary Work (International Relations),Seasonal Worker Program,Primary,6500
2022-03-31,Temporary Resident (Other Employment),405 Investor Retirement,Temporary Resident - Other (Not Further Specified),Primary,47
2022-03-31,Temporary Resident (Other Employment),405 Investor Retirement,Temporary Resident - Other (Not Further Specified),Secondary,29
2022-03-31,Temporary Resident (Other Employment),407 Training,Temporary Resident - Other (Not Further Specified),Primary,928
2022-03-31,Temporary Resident (Other Employment),407 Training,Temporary Resident - Other (Not Further Specified),Secondary,554
2022-03-31,Temporary Resident (Other Employment),408 Temporary Activity,Australian Government Endorsed Events,Primary,20622
2022-03-31,Temporary Resident (Other Employment),408 Temporary Activity,Australian Government Endorsed Events,Secondary,2652
2022-03-31,Temporary Resident (Other Employment),408 Temporary Activity,Domestic Work (Executive),Primary,2
2022-03-31,Temporary Resident (Other Employment),408 Temporary Activity,Entertainment,Primary,798
2022-03-31,Temporary Resident (Other Employment),408 Temporary Activity,Entertainment,Secondary,234
2022-03-31,Temporary Resident (Other Employment),408 Temporary Activity,Exchange Arrangements,Primary,4
2022-03-31,Temporary Resident (Other Employment),408 Temporary Activity,Exchange Arrangements,Secondary,5
2022-03-31,Temporary Resident (Other Employment),408 Temporary Activity,Invited for Other Social and Cultural Activity,Primary,442
2022-03-31,Temporary Resident (Other Employment),408 Temporary Activity,Invited for Other Social and Cultural Activity,Secondary,11
2022-03-31,Temporary Resident (Other Employment),408 Temporary Activity,Religious Work,Primary,474
2022-03-31,Temporary Resident (Other Employment),408 Temporary Activity,Religious Work,Secondary,350
2022-03-31,Temporary Resident (Other Employment),408 Temporary Activity,Research Activities,Primary,285
2022-03-31,Temporary Resident (Other Employment),408 Temporary Activity,Research Activities,Secondary,187
2022-03-31,Temporary Resident (Other Employment),408 Temporary Activity,Special Programs,Primary,118
2022-03-31,Temporary Resident (Other Employment),408 Temporary Activity,Special Programs,Secondary,3
2022-03-31,Temporary Resident (Other Employment),408 Temporary Activity,Sporting Activities,Primary,424
2022-03-31,Temporary Resident (Other Employment),408 Temporary Activity,Sporting Activities,Secondary,135
2022-03-31,Temporary Resident (Other Employment),408 Temporary Activity,Superyacht Crew,Primary,64
2022-03-31,Temporary Resident (Other Employment),410 Retirement,Temporary Resident - Other (Not Further Specified),Primary,1047
2022-03-31,Temporary Resident (Other Employment),410 Retirement,Temporary Resident - Other (Not Further Specified),Secondary,569
2022-03-31,Temporary Resident (Other Employment),430 Supported Dependant,Temporary Resident - Other (Not Further Specified),Primary,1
2022-03-31,Temporary Resident (Other Employment),430 Supported Dependant,Temporary Resident - Other (Not Further Specified),Secondary,1
2022-03-31,Temporary Resident (Other Employment),476 Skilled - Recognised Graduate,Temporary Resident - Other (Not Further Specified),Primary,10
2022-03-31,Temporary Resident (Other Employment),476 Skilled - Recognised Graduate,Temporary Resident - Other (Not Further Specified),Secondary,3
2022-03-31,Temporary Resident (Other Employment),995 Diplomatic (Temporary),Diplomatic,Primary,2131
2022-03-31,Temporary Resident (Other Employment),995 Diplomatic (Temporary),Diplomatic,Secondary,2466
2022-03-31,Temporary Resident (Skilled Employment),457 Temporary Work (Skilled),Temporary Work Skilled,Primary,3892
2022-03-31,Temporary Resident (Skilled Employment),457 Temporary Work (Skilled),Temporary Work Skilled,Secondary,2837
2022-03-31,Temporary Resident (Skilled Employment),482 Skills In Demand,Global Talent (Independent),Primary,1
2022-03-31,Temporary Resident (Skilled Employment),482 Skills In Demand,Temporary Skill Shortage,Primary,48546
2022-03-31,Temporary Resident (Skilled Employment),482 Skills In Demand,Temporary Skill Shortage,Secondary,40663
2022-03-31,Visitor,600 Visitor,Business,Primary,2240
2022-03-31,Visitor,600 Visitor,Tourist,Primary,90351
2022-03-31,Visitor,601 Electronic Travel Authority,Business,Primary,1374
2022-03-31,Visitor,601 Electronic Travel Authority,Tourist,Primary,16402
2022-03-31,Visitor,651 eVisitor,Business,Primary,1565
2022-03-31,Visitor,651 eVisitor,Tourist,Primary,33046
2022-03-31,Visitor,956 Electronic Travel Authority (Business Entrant - Long Validity),Business,Primary,4
2022-03-31,Working Holiday Maker,417 Working Holiday,First Visa,Primary,10899
2022-03-31,Working Holiday Maker,417 Working Holiday,Offshore Nil VAC Visa,Primary,1053
2022-03-31,Working Holiday Maker,417 Working Holiday,Onshore Nil VAC Visa,Primary,713
2022-03-31,Working Holiday Maker,417 Working Holiday,Second Visa,Primary,667
2022-03-31,Working Holiday Maker,417 Working Holiday,Third Visa,Primary,5080
2022-03-31,Working Holiday Maker,462 Work and Holiday,First Visa,Primary,1817
2022-03-31,Working Holiday Maker,462 Work and Holiday,Offshore Nil VAC Visa,Primary,705
2022-03-31,Working Holiday Maker,462 Work and Holiday,Onshore Nil VAC Visa,Primary,151
2022-03-31,Working Holiday Maker,462 Work and Holiday,Second Visa,Primary,156
2022-03-31,Working Holiday Maker,462 Work and Holiday,Third Visa,Primary,1780
2022-06-30,Bridging,Bridging Visas,Bridging,Primary,344439
2022-06-30,Bridging,Bridging Visas,Bridging,Secondary,393
2022-06-30,Crew and Transit,771 Transit,Transit,Primary,136
2022-06-30,Crew and Transit,988 Maritime Crew Visa,Maritime Crew,Primary,12833
2022-06-30,Other Temporary,580 Student Guardian,Student Guardian,Primary,34
2022-06-30,Other Temporary,590 Student Guardian,Student Guardian,Primary,2742
2022-06-30,Other Temporary,590 Student Guardian,Student Guardian,Secondary,42
2022-06-30,Other Temporary,602 Medical Treatment,Medical stream,Primary,721
2022-06-30,Other Temporary,602 Medical Treatment,Medical stream,Secondary,43
2022-06-30,Other Temporary,685 Medical Treatment (Long Stay),Medical stream,Primary,26
2022-06-30,Other Temporary,773 Border,Border,Primary,12
2022-06-30,Special Category,444 Special Category,Special Category (Not Further Specified),Primary,330074
2022-06-30,Special Category,444 Special Category,Special Category (Not Further Specified),Secondary,5
2022-06-30,Special Category,444 Special Category,Standard or other,Primary,338194
2022-06-30,Student,500 Student,Foreign Affairs or Defence Sector,Primary,1481
2022-06-30,Student,500 Student,Foreign Affairs or Defence Sector,Secondary,642
2022-06-30,Student,500 Student,Higher Education Sector,Primary,175957
2022-06-30,Student,500 Student,Higher Education Sector,Secondary,20054
2022-06-30,Student,500 Student,Independent ELICOS Sector,Primary,11318
2022-06-30,Student,500 Student,Independent ELICOS Sector,Secondary,746
2022-06-30,Student,500 Student,Non-Award Sector,Primary,987
2022-06-30,Student,500 Student,Non-Award Sector,Secondary,6
2022-06-30,Student,500 Student,Postgraduate Research Sector,Primary,15137
2022-06-30,Student,500 Student,Postgraduate Research Sector,Secondary,7304
2022-06-30,Student,500 Student,Schools Sector,Primary,7929
2022-06-30,Student,500 Student,Schools Sector,Secondary,1
2022-06-30,Student,500 Student,Vocational Education and Training Sector,Primary,98600
2022-06-30,Student,500 Student,Vocational Education and Training Sector,Secondary,17603
2022-06-30,Student,560 Student,Student (Not Further Specified),Primary,8
2022-06-30,Student,560 Student,Student (Not Further Specified),Secondary,3
2022-06-30,Student,570 Independent ELICOS Sector,Independent ELICOS Sector,Primary,1
2022-06-30,Student,571 Schools Sector,Schools Sector,Primary,76
2022-06-30,Student,572 Vocational Education and Training Sector,Vocational Education and Training Sector,Primary,6
2022-06-30,Student,572 Vocational Education and Training Sector,Vocational Education and Training Sector,Secondary,4
2022-06-30,Student,573 Higher Education Sector,Higher Education Sector,Primary,36
2022-06-30,Student,573 Higher Education Sector,Higher Education Sector,Secondary,1
2022-06-30,Student,574 Postgraduate Research Sector,Postgraduate Research Sector,Primary,16
2022-06-30,Student,574 Postgraduate Research Sector,Postgraduate Research Sector,Secondary,3
2022-06-30,Temporary Graduate,485 Temporary Graduate,Post-Higher Education Work,Primary,65550
2022-06-30,Temporary Graduate,485 Temporary Graduate,Post-Higher Education Work,Secondary,21098
2022-06-30,Temporary Graduate,485 Temporary Graduate,Post-Vocational Education Work,Primary,8814
2022-06-30,Temporary Graduate,485 Temporary Graduate,Post-Vocational Education Work,Secondary,3166
2022-06-30,Temporary Graduate,485 Temporary Graduate,Skilled Graduate,Primary,1
2022-06-30,Temporary Graduate,485 Temporary Graduate,Skilled Graduate,Secondary,4
2022-06-30,Temporary Protection,785 Temporary Protection,Onshore Protection (Not Further Specified),Primary,2154
2022-06-30,Temporary Protection,785 Temporary Protection,Onshore Protection (Not Further Specified),Secondary,469
2022-06-30,Temporary Protection,785 Temporary Protection,Temporary Protection (Not Further Specified),Primary,1683
2022-06-30,Temporary Protection,785 Temporary Protection,Temporary Protection (Not Further Specified),Secondary,979
2022-06-30,Temporary Protection,786 Temporary (Humanitarian Concern),Temporary Protection (Not Further Specified),Primary,1784
2022-06-30,Temporary Protection,790 Safe Haven Enterprise,Onshore Protection (Not Further Specified),Primary,3007
2022-06-30,Temporary Protection,790 Safe Haven Enterprise,Onshore Protection (Not Further Specified),Secondary,1239
2022-06-30,Temporary Protection,790 Safe Haven Enterprise,Temporary Protection (Not Further Specified),Primary,6523
2022-06-30,Temporary Protection,790 Safe Haven Enterprise,Temporary Protection (Not Further Specified),Secondary,2936
2022-06-30,Temporary Resident (Other Employment),400 Temporary Work (Short Stay Activity),Australia's Interest,Primary,8
2022-06-30,Temporary Resident (Other Employment),400 Temporary Work (Short Stay Activity),Australia's Interest,Secondary,2
2022-06-30,Temporary Resident (Other Employment),400 Temporary Work (Short Stay Activity),Highly Specialised Work,Primary,3702
2022-06-30,Temporary Resident (Other Employment),400 Temporary Work (Short Stay Activity),Highly Specialised Work,Secondary,186
2022-06-30,Temporary Resident (Other Employment),402 Training and Research,Occupational Trainee,Primary,1
2022-06-30,Temporary Resident (Other Employment),402 Training and Research,Occupational Trainee,Secondary,3
2022-06-30,Temporary Resident (Other Employment),403 Temporary Work (International Relations),Domestic Work (Diplomatic or Consular),Primary,14
2022-06-30,Temporary Resident (Other Employment),403 Temporary Work (International Relations),Foreign Government Agency,Primary,196
2022-06-30,Temporary Resident (Other Employment),403 Temporary Work (International Relations),Foreign Government Agency,Secondary,203
2022-06-30,Temporary Resident (Other Employment),403 Temporary Work (International Relations),Government Agreement,Primary,381
2022-06-30,Temporary Resident (Other Employment),403 Temporary Work (International Relations),Government Agreement,Secondary,280
2022-06-30,Temporary Resident (Other Employment),403 Temporary Work (International Relations),Pacific Australia Labour Mobility Scheme,Primary,3818
2022-06-30,Temporary Resident (Other Employment),403 Temporary Work (International Relations),Pacific Labour Scheme,Primary,7574
2022-06-30,Temporary Resident (Other Employment),403 Temporary Work (International Relations),Pacific Labour Scheme,Secondary,2
2022-06-30,Temporary Resident (Other Employment),403 Temporary Work (International Relations),Privileges and immunities,Primary,40
2022-06-30,Temporary Resident (Other Employment),403 Temporary Work (International Relations),Privileges and immunities,Secondary,33
2022-06-30,Temporary Resident (Other Employment),403 Temporary Work (International Relations),Seasonal Worker Program,Primary,4763
2022-06-30,Temporary Resident (Other Employment),405 Investor Retirement,Temporary Resident - Other (Not Further Specified),Primary,35
2022-06-30,Temporary Resident (Other Employment),405 Investor Retirement,Temporary Resident - Other (Not Further Specified),Secondary,21
2022-06-30,Temporary Resident (Other Employment),407 Training,Temporary Resident - Other (Not Further Specified),Primary,1026
2022-06-30,Temporary Resident (Other Employment),407 Training,Temporary Resident - Other (Not Further Specified),Secondary,597
2022-06-30,Temporary Resident (Other Employment),408 Temporary Activity,Australian Government Endorsed Events,Primary,20866
2022-06-30,Temporary Resident (Other Employment),408 Temporary Activity,Australian Government Endorsed Events,Secondary,3096
2022-06-30,Temporary Resident (Other Employment),408 Temporary Activity,Domestic Work (Executive),Primary,2
2022-06-30,Temporary Resident (Other Employment),408 Temporary Activity,Entertainment,Primary,1091
2022-06-30,Temporary Resident (Other Employment),408 Temporary Activity,Entertainment,Secondary,271
2022-06-30,Temporary Resident (Other Employment),408 Temporary Activity,Exchange Arrangements,Primary,11
2022-06-30,Temporary Resident (Other Employment),408 Temporary Activity,Exchange Arrangements,Secondary,7
2022-06-30,Temporary Resident (Other Employment),408 Temporary Activity,Invited for Other Social and Cultural Activity,Primary,508
2022-06-30,Temporary Resident (Other Employment),408 Temporary Activity,Invited for Other Social and Cultural Activity,Secondary,8
2022-06-30,Temporary Resident (Other Employment),408 Temporary Activity,Religious Work,Primary,586
2022-06-30,Temporary Resident (Other Employment),408 Temporary Activity,Religious Work,Secondary,387
2022-06-30,Temporary Resident (Other Employment),408 Temporary Activity,Research Activities,Primary,553
2022-06-30,Temporary Resident (Other Employment),408 Temporary Activity,Research Activities,Secondary,312
2022-06-30,Temporary Resident (Other Employment),408 Temporary Activity,Special Programs,Primary,120
2022-06-30,Temporary Resident (Other Employment),408 Temporary Activity,Special Programs,Secondary,7
2022-06-30,Temporary Resident (Other Employment),408 Temporary Activity,Sporting Activities,Primary,409
2022-06-30,Temporary Resident (Other Employment),408 Temporary Activity,Sporting Activities,Secondary,84
2022-06-30,Temporary Resident (Other Employment),408 Temporary Activity,Superyacht Crew,Primary,48
2022-06-30,Temporary Resident (Other Employment),410 Retirement,Temporary Resident - Other (Not Further Specified),Primary,962
2022-06-30,Temporary Resident (Other Employment),410 Retirement,Temporary Resident - Other (Not Further Specified),Secondary,503
2022-06-30,Temporary Resident (Other Employment),430 Supported Dependant,Temporary Resident - Other (Not Further Specified),Primary,1
2022-06-30,Temporary Resident (Other Employment),430 Supported Dependant,Temporary Resident - Other (Not Further Specified),Secondary,1
2022-06-30,Temporary Resident (Other Employment),476 Skilled - Recognised Graduate,Temporary Resident - Other (Not Further Specified),Primary,704
2022-06-30,Temporary Resident (Other Employment),476 Skilled - Recognised Graduate,Temporary Resident - Other (Not Further Specified),Secondary,44
2022-06-30,Temporary Resident (Other Employment),995 Diplomatic (Temporary),Diplomatic,Primary,1969
2022-06-30,Temporary Resident (Other Employment),995 Diplomatic (Temporary),Diplomatic,Secondary,2227
2022-06-30,Temporary Resident (Skilled Employment),457 Temporary Work (Skilled),Temporary Work Skilled,Primary,2246
2022-06-30,Temporary Resident (Skilled Employment),457 Temporary Work (Skilled),Temporary Work Skilled,Secondary,1667
2022-06-30,Temporary Resident (Skilled Employment),482 Skills In Demand,Global Talent (Independent),Primary,1
2022-06-30,Temporary Resident (Skilled Employment),482 Skills In Demand,Temporary Skill Shortage,Primary,49520
2022-06-30,Temporary Resident (Skilled Employment),482 Skills In Demand,Temporary Skill Shortage,Secondary,41139
2022-06-30,Visitor,600 Visitor,Business,Primary,3850
2022-06-30,Visitor,600 Visitor,Tourist,Primary,160209
2022-06-30,Visitor,601 Electronic Travel Authority,Business,Primary,1854
2022-06-30,Visitor,601 Electronic Travel Authority,Tourist,Primary,30348
2022-06-30,Visitor,651 eVisitor,Business,Primary,1679
2022-06-30,Visitor,651 eVisitor,Tourist,Primary,21666
2022-06-30,Visitor,956 Electronic Travel Authority (Business Entrant - Long Validity),Business,Primary,1
2022-06-30,Working Holiday Maker,417 Working Holiday,First Visa,Primary,21960
2022-06-30,Working Holiday Maker,417 Working Holiday,Offshore Nil VAC Visa,Primary,2034
2022-06-30,Working Holiday Maker,417 Working Holiday,Onshore Nil VAC Visa,Primary,3439
2022-06-30,Working Holiday Maker,417 Working Holiday,Second Visa,Primary,1030
2022-06-30,Working Holiday Maker,417 Working Holiday,Third Visa,Primary,4256
2022-06-30,Working Holiday Maker,462 Work and Holiday,First Visa,Primary,4447
2022-06-30,Working Holiday Maker,462 Work and Holiday,Offshore Nil VAC Visa,Primary,1306
2022-06-30,Working Holiday Maker,462 Work and Holiday,Onshore Nil VAC Visa,Primary,739
2022-06-30,Working Holiday Maker,462 Work and Holiday,Second Visa,Primary,299
2022-06-30,Working Holiday Maker,462 Work and Holiday,Third Visa,Primary,1402
2022-09-30,Bridging,Bridging Visas,Bridging,Primary,368796
2022-09-30,Bridging,Bridging Visas,Bridging,Secondary,386
2022-09-30,Crew and Transit,771 Transit,Transit,Primary,322
2022-09-30,Crew and Transit,988 Maritime Crew Visa,Maritime Crew,Primary,13878
2022-09-30,Other Temporary,580 Student Guardian,Student Guardian,Primary,18
2022-09-30,Other Temporary,590 Student Guardian,Student Guardian,Primary,3199
2022-09-30,Other Temporary,590 Student Guardian,Student Guardian,Secondary,47
2022-09-30,Other Temporary,602 Medical Treatment,Medical stream,Primary,657
2022-09-30,Other Temporary,602 Medical Treatment,Medical stream,Secondary,40
2022-09-30,Other Temporary,685 Medical Treatment (Long Stay),Medical stream,Primary,20
2022-09-30,Other Temporary,773 Border,Border,Primary,12
2022-09-30,Special Category,444 Special Category,Special Category (Not Further Specified),Primary,311035
2022-09-30,Special Category,444 Special Category,Special Category (Not Further Specified),Secondary,3
2022-09-30,Special Category,444 Special Category,Standard or other,Primary,369009
2022-09-30,Student,500 Student,Foreign Affairs or Defence Sector,Primary,1573
2022-09-30,Student,500 Student,Foreign Affairs or Defence Sector,Secondary,869
2022-09-30,Student,500 Student,Higher Education Sector,Primary,215296
2022-09-30,Student,500 Student,Higher Education Sector,Secondary,21344
2022-09-30,Student,500 Student,Independent ELICOS Sector,Primary,23485
2022-09-30,Student,500 Student,Independent ELICOS Sector,Secondary,1436
2022-09-30,Student,500 Student,Non-Award Sector,Primary,7759
2022-09-30,Student,500 Student,Non-Award Sector,Secondary,33
2022-09-30,Student,500 Student,Postgraduate Research Sector,Primary,15665
2022-09-30,Student,500 Student,Postgraduate Research Sector,Secondary,7464
2022-09-30,Student,500 Student,Schools Sector,Primary,10612
2022-09-30,Student,500 Student,Schools Sector,Secondary,1
2022-09-30,Student,500 Student,Vocational Education and Training Sector,Primary,97456
2022-09-30,Student,500 Student,Vocational Education and Training Sector,Secondary,16196
2022-09-30,Student,560 Student,Student (Not Further Specified),Primary,8
2022-09-30,Student,560 Student,Student (Not Further Specified),Secondary,3
2022-09-30,Student,570 Independent ELICOS Sector,Independent ELICOS Sector,Primary,1
2022-09-30,Student,571 Schools Sector,Schools Sector,Primary,76
2022-09-30,Student,572 Vocational Education and Training Sector,Vocational Education and Training Sector,Primary,4
2022-09-30,Student,572 Vocational Education and Training Sector,Vocational Education and Training Sector,Secondary,1
2022-09-30,Student,573 Higher Education Sector,Higher Education Sector,Primary,33
2022-09-30,Student,573 Higher Education Sector,Higher Education Sector,Secondary,1
2022-09-30,Student,574 Postgraduate Research Sector,Postgraduate Research Sector,Primary,8
2022-09-30,Student,574 Postgraduate Research Sector,Postgraduate Research Sector,Secondary,1
2022-09-30,Temporary Graduate,485 Temporary Graduate,Post-Higher Education Work,Primary,79786
2022-09-30,Temporary Graduate,485 Temporary Graduate,Post-Higher Education Work,Secondary,23053
2022-09-30,Temporary Graduate,485 Temporary Graduate,Post-Vocational Education Work,Primary,8949
2022-09-30,Temporary Graduate,485 Temporary Graduate,Post-Vocational Education Work,Secondary,3236
2022-09-30,Temporary Graduate,485 Temporary Graduate,Skilled Graduate,Primary,1
2022-09-30,Temporary Graduate,485 Temporary Graduate,Skilled Graduate,Secondary,4
2022-09-30,Temporary Protection,785 Temporary Protection,Onshore Protection (Not Further Specified),Primary,2006
2022-09-30,Temporary Protection,785 Temporary Protection,Onshore Protection (Not Further Specified),Secondary,464
2022-09-30,Temporary Protection,785 Temporary Protection,Temporary Protection (Not Further Specified),Primary,1728
2022-09-30,Temporary Protection,785 Temporary Protection,Temporary Protection (Not Further Specified),Secondary,985
2022-09-30,Temporary Protection,786 Temporary (Humanitarian Concern),Temporary Protection (Not Further Specified),Primary,4467
2022-09-30,Temporary Protection,790 Safe Haven Enterprise,Onshore Protection (Not Further Specified),Primary,2471
2022-09-30,Temporary Protection,790 Safe Haven Enterprise,Onshore Protection (Not Further Specified),Secondary,1013
2022-09-30,Temporary Protection,790 Safe Haven Enterprise,Temporary Protection (Not Further Specified),Primary,7074
2022-09-30,Temporary Protection,790 Safe Haven Enterprise,Temporary Protection (Not Further Specified),Secondary,3232
2022-09-30,Temporary Resident (Other Employment),400 Temporary Work (Short Stay Activity),Australia's Interest,Primary,11
2022-09-30,Temporary Resident (Other Employment),400 Temporary Work (Short Stay Activity),Australia's Interest,Secondary,2
2022-09-30,Temporary Resident (Other Employment),400 Temporary Work (Short Stay Activity),Highly Specialised Work,Primary,4261
2022-09-30,Temporary Resident (Other Employment),400 Temporary Work (Short Stay Activity),Highly Specialised Work,Secondary,246
2022-09-30,Temporary Resident (Other Employment),403 Temporary Work (International Relations),Domestic Work (Diplomatic or Consular),Primary,11
2022-09-30,Temporary Resident (Other Employment),403 Temporary Work (International Relations),Foreign Government Agency,Primary,220
2022-09-30,Temporary Resident (Other Employment),403 Temporary Work (International Relations),Foreign Government Agency,Secondary,214
2022-09-30,Temporary Resident (Other Employment),403 Temporary Work (International Relations),Government Agreement,Primary,435
2022-09-30,Temporary Resident (Other Employment),403 Temporary Work (International Relations),Government Agreement,Secondary,262
2022-09-30,Temporary Resident (Other Employment),403 Temporary Work (International Relations),Pacific Australia Labour Mobility Scheme,Primary,9378
2022-09-30,Temporary Resident (Other Employment),403 Temporary Work (International Relations),Pacific Labour Scheme,Primary,7310
2022-09-30,Temporary Resident (Other Employment),403 Temporary Work (International Relations),Privileges and immunities,Primary,39
2022-09-30,Temporary Resident (Other Employment),403 Temporary Work (International Relations),Privileges and immunities,Secondary,28
2022-09-30,Temporary Resident (Other Employment),403 Temporary Work (International Relations),Seasonal Worker Program,Primary,1988
2022-09-30,Temporary Resident (Other Employment),405 Investor Retirement,Temporary Resident - Other (Not Further Specified),Primary,35
2022-09-30,Temporary Resident (Other Employment),405 Investor Retirement,Temporary Resident - Other (Not Further Specified),Secondary,21
2022-09-30,Temporary Resident (Other Employment),407 Training,Temporary Resident - Other (Not Further Specified),Primary,1584
2022-09-30,Temporary Resident (Other Employment),407 Training,Temporary Resident - Other (Not Further Specified),Secondary,729
2022-09-30,Temporary Resident (Other Employment),408 Temporary Activity,Australian Government Endorsed Events,Primary,17412
2022-09-30,Temporary Resident (Other Employment),408 Temporary Activity,Australian Government Endorsed Events,Secondary,3425
2022-09-30,Temporary Resident (Other Employment),408 Temporary Activity,Domestic Work (Executive),Primary,3
2022-09-30,Temporary Resident (Other Employment),408 Temporary Activity,Entertainment,Primary,1577
2022-09-30,Temporary Resident (Other Employment),408 Temporary Activity,Entertainment,Secondary,298
2022-09-30,Temporary Resident (Other Employment),408 Temporary Activity,Exchange Arrangements,Primary,23
2022-09-30,Temporary Resident (Other Employment),408 Temporary Activity,Exchange Arrangements,Secondary,5
2022-09-30,Temporary Resident (Other Employment),408 Temporary Activity,Invited for Other Social and Cultural Activity,Primary,775
2022-09-30,Temporary Resident (Other Employment),408 Temporary Activity,Invited for Other Social and Cultural Activity,Secondary,11
2022-09-30,Temporary Resident (Other Employment),408 Temporary Activity,Religious Work,Primary,1056
2022-09-30,Temporary Resident (Other Employment),408 Temporary Activity,Religious Work,Secondary,581
2022-09-30,Temporary Resident (Other Employment),408 Temporary Activity,Research Activities,Primary,1078
2022-09-30,Temporary Resident (Other Employment),408 Temporary Activity,Research Activities,Secondary,611
2022-09-30,Temporary Resident (Other Employment),408 Temporary Activity,Special Programs,Primary,249
2022-09-30,Temporary Resident (Other Employment),408 Temporary Activity,Special Programs,Secondary,10
2022-09-30,Temporary Resident (Other Employment),408 Temporary Activity,Sporting Activities,Primary,445
2022-09-30,Temporary Resident (Other Employment),408 Temporary Activity,Sporting Activities,Secondary,169
2022-09-30,Temporary Resident (Other Employment),408 Temporary Activity,Superyacht Crew,Primary,69
2022-09-30,Temporary Resident (Other Employment),410 Retirement,Temporary Resident - Other (Not Further Specified),Primary,962
2022-09-30,Temporary Resident (Other Employment),410 Retirement,Temporary Resident - Other (Not Further Specified),Secondary,498
2022-09-30,Temporary Resident (Other Employment),430 Supported Dependant,Temporary Resident - Other (Not Further Specified),Primary,1
2022-09-30,Temporary Resident (Other Employment),430 Supported Dependant,Temporary Resident - Other (Not Further Specified),Secondary,1
2022-09-30,Temporary Resident (Other Employment),476 Skilled - Recognised Graduate,Temporary Resident - Other (Not Further Specified),Primary,1007
2022-09-30,Temporary Resident (Other Employment),476 Skilled - Recognised Graduate,Temporary Resident - Other (Not Further Specified),Secondary,88
2022-09-30,Temporary Resident (Other Employment),995 Diplomatic (Temporary),Diplomatic,Primary,2042
2022-09-30,Temporary Resident (Other Employment),995 Diplomatic (Temporary),Diplomatic,Secondary,2327
2022-09-30,Temporary Resident (Skilled Employment),457 Temporary Work (Skilled),Temporary Work Skilled,Primary,1267
2022-09-30,Temporary Resident (Skilled Employment),457 Temporary Work (Skilled),Temporary Work Skilled,Secondary,1001
2022-09-30,Temporary Resident (Skilled Employment),482 Skills In Demand,Temporary Skill Shortage,Primary,56940
2022-09-30,Temporary Resident (Skilled Employment),482 Skills In Demand,Temporary Skill Shortage,Secondary,46683
2022-09-30,Visitor,600 Visitor,Business,Primary,4266
2022-09-30,Visitor,600 Visitor,Tourist,Primary,191384
2022-09-30,Visitor,601 Electronic Travel Authority,Business,Primary,2336
2022-09-30,Visitor,601 Electronic Travel Authority,Tourist,Primary,36305
2022-09-30,Visitor,651 eVisitor,Business,Primary,1899
2022-09-30,Visitor,651 eVisitor,Tourist,Primary,35111
2022-09-30,Working Holiday Maker,417 Working Holiday,First Visa,Primary,43131
2022-09-30,Working Holiday Maker,417 Working Holiday,Offshore Nil VAC Visa,Primary,2950
2022-09-30,Working Holiday Maker,417 Working Holiday,Onshore Nil VAC Visa,Primary,7315
2022-09-30,Working Holiday Maker,417 Working Holiday,Second Visa,Primary,1902
2022-09-30,Working Holiday Maker,417 Working Holiday,Third Visa,Primary,3332
2022-09-30,Working Holiday Maker,462 Work and Holiday,First Visa,Primary,7907
2022-09-30,Working Holiday Maker,462 Work and Holiday,Offshore Nil VAC Visa,Primary,1410
2022-09-30,Working Holiday Maker,462 Work and Holiday,Onshore Nil VAC Visa,Primary,1746
2022-09-30,Working Holiday Maker,462 Work and Holiday,Second Visa,Primary,869
2022-09-30,Working Holiday Maker,462 Work and Holiday,Third Visa,Primary,1142
2022-12-31,Bridging,Bridging Visas,Bridging,Primary,203140
2022-12-31,Bridging,Bridging Visas,Bridging,Secondary,354
2022-12-31,Crew and Transit,771 Transit,Transit,Primary,259
2022-12-31,Crew and Transit,988 Maritime Crew Visa,Maritime Crew,Primary,22861
2022-12-31,Other Temporary,580 Student Guardian,Student Guardian,Primary,9
2022-12-31,Other Temporary,590 Student Guardian,Student Guardian,Primary,2684
2022-12-31,Other Temporary,590 Student Guardian,Student Guardian,Secondary,37
2022-12-31,Other Temporary,602 Medical Treatment,Medical stream,Primary,712
2022-12-31,Other Temporary,602 Medical Treatment,Medical stream,Secondary,40
2022-12-31,Other Temporary,685 Medical Treatment (Long Stay),Medical stream,Primary,13
2022-12-31,Other Temporary,773 Border,Border,Primary,24
2022-12-31,Special Category,444 Special Category,Special Category (Not Further Specified),Primary,286943
2022-12-31,Special Category,444 Special Category,Special Category (Not Further Specified),Secondary,3
2022-12-31,Special Category,444 Special Category,Standard or other,Primary,379226
2022-12-31,Student,500 Student,Foreign Affairs or Defence Sector,Primary,1052
2022-12-31,Student,500 Student,Foreign Affairs or Defence Sector,Secondary,927
2022-12-31,Student,500 Student,Higher Education Sector,Primary,206211
2022-12-31,Student,500 Student,Higher Education Sector,Secondary,28153
2022-12-31,Student,500 Student,Independent ELICOS Sector,Primary,32776
2022-12-31,Student,500 Student,Independent ELICOS Sector,Secondary,2593
2022-12-31,Student,500 Student,Non-Award Sector,Primary,3227
2022-12-31,Student,500 Student,Non-Award Sector,Secondary,36
2022-12-31,Student,500 Student,Postgraduate Research Sector,Primary,15199
2022-12-31,Student,500 Student,Postgraduate Research Sector,Secondary,7612
2022-12-31,Student,500 Student,Schools Sector,Primary,7067
2022-12-31,Student,500 Student,Schools Sector,Secondary,2
2022-12-31,Student,500 Student,Vocational Education and Training Sector,Primary,129880
2022-12-31,Student,500 Student,Vocational Education and Training Sector,Secondary,22163
2022-12-31,Student,560 Student,Student (Not Further Specified),Primary,8
2022-12-31,Student,560 Student,Student (Not Further Specified),Secondary,3
2022-12-31,Student,570 Independent ELICOS Sector,Independent ELICOS Sector,Primary,1
2022-12-31,Student,571 Schools Sector,Schools Sector,Primary,35
2022-12-31,Student,572 Vocational Education and Training Sector,Vocational Education and Training Sector,Primary,3
2022-12-31,Student,572 Vocational Education and Training Sector,Vocational Education and Training Sector,Secondary,1
2022-12-31,Student,573 Higher Education Sector,Higher Education Sector,Primary,15
2022-12-31,Student,573 Higher Education Sector,Higher Education Sector,Secondary,1
2022-12-31,Student,574 Postgraduate Research Sector,Postgraduate Research Sector,Primary,4
2022-12-31,Student,574 Postgraduate Research Sector,Postgraduate Research Sector,Secondary,1
2022-12-31,Temporary Graduate,485 Temporary Graduate,Post-Higher Education Work,Primary,85487
2022-12-31,Temporary Graduate,485 Temporary Graduate,Post-Higher Education Work,Secondary,26830
2022-12-31,Temporary Graduate,485 Temporary Graduate,Post-Vocational Education Work,Primary,24785
2022-12-31,Temporary Graduate,485 Temporary Graduate,Post-Vocational Education Work,Secondary,7592
2022-12-31,Temporary Protection,785 Temporary Protection,Onshore Protection (Not Further Specified),Primary,1894
2022-12-31,Temporary Protection,785 Temporary Protection,Onshore Protection (Not Further Specified),Secondary,453
2022-12-31,Temporary Protection,785 Temporary Protection,Temporary Protection (Not Further Specified),Primary,1749
2022-12-31,Temporary Protection,785 Temporary Protection,Temporary Protection (Not Further Specified),Secondary,1004
2022-12-31,Temporary Protection,786 Temporary (Humanitarian Concern),Temporary Protection (Not Further Specified),Primary,4445
2022-12-31,Temporary Protection,786 Temporary (Humanitarian Concern),Temporary Protection (Not Further Specified),Secondary,5
2022-12-31,Temporary Protection,790 Safe Haven Enterprise,Onshore Protection (Not Further Specified),Primary,2012
2022-12-31,Temporary Protection,790 Safe Haven Enterprise,Onshore Protection (Not Further Specified),Secondary,779
2022-12-31,Temporary Protection,790 Safe Haven Enterprise,Temporary Protection (Not Further Specified),Primary,7536
2022-12-31,Temporary Protection,790 Safe Haven Enterprise,Temporary Protection (Not Further Specified),Secondary,3570
2022-12-31,Temporary Resident (Other Employment),400 Temporary Work (Short Stay Activity),Australia's Interest,Primary,8
2022-12-31,Temporary Resident (Other Employment),400 Temporary Work (Short Stay Activity),Highly Specialised Work,Primary,3522
2022-12-31,Temporary Resident (Other Employment),400 Temporary Work (Short Stay Activity),Highly Specialised Work,Secondary,211
2022-12-31,Temporary Resident (Other Employment),403 Temporary Work (International Relations),Domestic Work (Diplomatic or Consular),Primary,22
2022-12-31,Temporary Resident (Other Employment),403 Temporary Work (International Relations),Foreign Government Agency,Primary,189
2022-12-31,Temporary Resident (Other Employment),403 Temporary Work (International Relations),Foreign Government Agency,Secondary,177
2022-12-31,Temporary Resident (Other Employment),403 Temporary Work (International Relations),Government Agreement,Primary,374
2022-12-31,Temporary Resident (Other Employment),403 Temporary Work (International Relations),Government Agreement,Secondary,229
2022-12-31,Temporary Resident (Other Employment),403 Temporary Work (International Relations),Pacific Australia Labour Mobility Scheme,Primary,17404
2022-12-31,Temporary Resident (Other Employment),403 Temporary Work (International Relations),Pacific Labour Scheme,Primary,6249
2022-12-31,Temporary Resident (Other Employment),403 Temporary Work (International Relations),Pacific Labour Scheme,Secondary,1
2022-12-31,Temporary Resident (Other Employment),403 Temporary Work (International Relations),Privileges and immunities,Primary,31
2022-12-31,Temporary Resident (Other Employment),403 Temporary Work (International Relations),Privileges and immunities,Secondary,21
2022-12-31,Temporary Resident (Other Employment),403 Temporary Work (International Relations),Seasonal Worker Program,Primary,397
2022-12-31,Temporary Resident (Other Employment),405 Investor Retirement,Temporary Resident - Other (Not Further Specified),Primary,39
2022-12-31,Temporary Resident (Other Employment),405 Investor Retirement,Temporary Resident - Other (Not Further Specified),Secondary,24
2022-12-31,Temporary Resident (Other Employment),407 Training,Temporary Resident - Other (Not Further Specified),Primary,2664
2022-12-31,Temporary Resident (Other Employment),407 Training,Temporary Resident - Other (Not Further Specified),Secondary,985
2022-12-31,Temporary Resident (Other Employment),408 Temporary Activity,Australian Government Endorsed Events,Primary,49049
2022-12-31,Temporary Resident (Other Employment),408 Temporary Activity,Australian Government Endorsed Events,Secondary,9595
2022-12-31,Temporary Resident (Other Employment),408 Temporary Activity,Domestic Work (Executive),Primary,2
2022-12-31,Temporary Resident (Other Employment),408 Temporary Activity,Entertainment,Primary,1310
2022-12-31,Temporary Resident (Other Employment),408 Temporary Activity,Entertainment,Secondary,292
2022-12-31,Temporary Resident (Other Employment),408 Temporary Activity,Exchange Arrangements,Primary,36
2022-12-31,Temporary Resident (Other Employment),408 Temporary Activity,Exchange Arrangements,Secondary,13
2022-12-31,Temporary Resident (Other Employment),408 Temporary Activity,Invited for Other Social and Cultural Activity,Primary,1361
2022-12-31,Temporary Resident (Other Employment),408 Temporary Activity,Invited for Other Social and Cultural Activity,Secondary,33
2022-12-31,Temporary Resident (Other Employment),408 Temporary Activity,Religious Work,Primary,1377
2022-12-31,Temporary Resident (Other Employment),408 Temporary Activity,Religious Work,Secondary,643
2022-12-31,Temporary Resident (Other Employment),408 Temporary Activity,Research Activities,Primary,1378
2022-12-31,Temporary Resident (Other Employment),408 Temporary Activity,Research Activities,Secondary,809
2022-12-31,Temporary Resident (Other Employment),408 Temporary Activity,Special Programs,Primary,203
2022-12-31,Temporary Resident (Other Employment),408 Temporary Activity,Special Programs,Secondary,14
2022-12-31,Temporary Resident (Other Employment),408 Temporary Activity,Sporting Activities,Primary,626
2022-12-31,Temporary Resident (Other Employment),408 Temporary Activity,Sporting Activities,Secondary,238
2022-12-31,Temporary Resident (Other Employment),408 Temporary Activity,Superyacht Crew,Primary,58
2022-12-31,Temporary Resident (Other Employment),408 Temporary Activity,Superyacht Crew,Secondary,1
2022-12-31,Temporary Resident (Other Employment),410 Retirement,Temporary Resident - Other (Not Further Specified),Primary,1003
2022-12-31,Temporary Resident (Other Employment),410 Retirement,Temporary Resident - Other (Not Further Specified),Secondary,515
2022-12-31,Temporary Resident (Other Employment),430 Supported Dependant,Temporary Resident - Other (Not Further Specified),Primary,1
2022-12-31,Temporary Resident (Other Employment),430 Supported Dependant,Temporary Resident - Other (Not Further Specified),Secondary,1
2022-12-31,Temporary Resident (Other Employment),476 Skilled - Recognised Graduate,Temporary Resident - Other (Not Further Specified),Primary,1155
2022-12-31,Temporary Resident (Other Employment),476 Skilled - Recognised Graduate,Temporary Resident - Other (Not Further Specified),Secondary,182
2022-12-31,Temporary Resident (Other Employment),995 Diplomatic (Temporary),Diplomatic,Primary,1913
2022-12-31,Temporary Resident (Other Employment),995 Diplomatic (Temporary),Diplomatic,Secondary,2135
2022-12-31,Temporary Resident (Skilled Employment),457 Temporary Work (Skilled),Temporary Work Skilled,Primary,557
2022-12-31,Temporary Resident (Skilled Employment),457 Temporary Work (Skilled),Temporary Work Skilled,Secondary,526
2022-12-31,Temporary Resident (Skilled Employment),482 Skills In Demand,Global Talent (Independent),Primary,1
2022-12-31,Temporary Resident (Skilled Employment),482 Skills In Demand,Temporary Skill Shortage,Primary,55605
2022-12-31,Temporary Resident (Skilled Employment),482 Skills In Demand,Temporary Skill Shortage,Secondary,48630
2022-12-31,Visitor,600 Visitor,Business,Primary,3056
2022-12-31,Visitor,600 Visitor,Tourist,Primary,297254
2022-12-31,Visitor,601 Electronic Travel Authority,Business,Primary,1279
2022-12-31,Visitor,601 Electronic Travel Authority,Tourist,Primary,89108
2022-12-31,Visitor,651 eVisitor,Business,Primary,999
2022-12-31,Visitor,651 eVisitor,Tourist,Primary,138587
2022-12-31,Working Holiday Maker,417 Working Holiday,First Visa,Primary,71428
2022-12-31,Working Holiday Maker,417 Working Holiday,Offshore Nil VAC Visa,Primary,3919
2022-12-31,Working Holiday Maker,417 Working Holiday,Onshore Nil VAC Visa,Primary,12395
2022-12-31,Working Holiday Maker,417 Working Holiday,Second Visa,Primary,4624
2022-12-31,Working Holiday Maker,417 Working Holiday,Third Visa,Primary,1098
2022-12-31,Working Holiday Maker,462 Work and Holiday,First Visa,Primary,12314
2022-12-31,Working Holiday Maker,462 Work and Holiday,Offshore Nil VAC Visa,Primary,1348
2022-12-31,Working Holiday Maker,462 Work and Holiday,Onshore Nil VAC Visa,Primary,2823
2022-12-31,Working Holiday Maker,462 Work and Holiday,Second Visa,Primary,2003
2022-12-31,Working Holiday Maker,462 Work and Holiday,Third Visa,Primary,383
2023-03-31,Bridging,Bridging Visas,Bridging,Primary,193629
2023-03-31,Bridging,Bridging Visas,Bridging,Secondary,359
2023-03-31,Crew and Transit,771 Transit,Transit,Primary,393
2023-03-31,Crew and Transit,988 Maritime Crew Visa,Maritime Crew,Primary,23439
2023-03-31,Other Temporary,580 Student Guardian,Student Guardian,Primary,1
2023-03-31,Other Temporary,590 Student Guardian,Student Guardian,Primary,3559
2023-03-31,Other Temporary,590 Student Guardian,Student Guardian,Secondary,53
2023-03-31,Other Temporary,602 Medical Treatment,Medical stream,Primary,680
2023-03-31,Other Temporary,602 Medical Treatment,Medical stream,Secondary,39
2023-03-31,Other Temporary,685 Medical Treatment (Long Stay),Medical stream,Primary,4
2023-03-31,Other Temporary,773 Border,Border,Primary,15
2023-03-31,Special Category,444 Special Category,Special Category (Not Further Specified),Primary,269538
2023-03-31,Special Category,444 Special Category,Special Category (Not Further Specified),Secondary,3
2023-03-31,Special Category,444 Special Category,Standard or other,Primary,417596
2023-03-31,Student,500 Student,Foreign Affairs or Defence Sector,Primary,2151
2023-03-31,Student,500 Student,Foreign Affairs or Defence Sector,Secondary,1224
2023-03-31,Student,500 Student,Higher Education Sector,Primary,298737
2023-03-31,Student,500 Student,Higher Education Sector,Secondary,32692
2023-03-31,Student,500 Student,Independent ELICOS Sector,Primary,38080
2023-03-31,Student,500 Student,Independent ELICOS Sector,Secondary,3548
2023-03-31,Student,500 Student,Non-Award Sector,Primary,9027
2023-03-31,Student,500 Student,Non-Award Sector,Secondary,48
2023-03-31,Student,500 Student,Postgraduate Research Sector,Primary,17761
2023-03-31,Student,500 Student,Postgraduate Research Sector,Secondary,8634
2023-03-31,Student,500 Student,Schools Sector,Primary,11285
2023-03-31,Student,500 Student,Schools Sector,Secondary,2
2023-03-31,Student,500 Student,Vocational Education and Training Sector,Primary,136901
2023-03-31,Student,500 Student,Vocational Education and Training Sector,Secondary,22647
2023-03-31,Student,560 Student,Student (Not Further Specified),Primary,8
2023-03-31,Student,560 Student,Student (Not Further Specified),Secondary,3
2023-03-31,Student,570 Independent ELICOS Sector,Independent ELICOS Sector,Primary,1
2023-03-31,Student,571 Schools Sector,Schools Sector,Primary,4
2023-03-31,Student,572 Vocational Education and Training Sector,Vocational Education and Training Sector,Primary,1
2023-03-31,Student,573 Higher Education Sector,Higher Education Sector,Secondary,2
2023-03-31,Student,574 Postgraduate Research Sector,Postgraduate Research Sector,Primary,2
2023-03-31,Temporary Graduate,485 Temporary Graduate,Post-Higher Education Work,Primary,102271
2023-03-31,Temporary Graduate,485 Temporary Graduate,Post-Higher Education Work,Secondary,35393
2023-03-31,Temporary Graduate,485 Temporary Graduate,Post-Vocational Education Work,Primary,32928
2023-03-31,Temporary Graduate,485 Temporary Graduate,Post-Vocational Education Work,Secondary,12580
2023-03-31,Temporary Graduate,485 Temporary Graduate,,Secondary,3
2023-03-31,Temporary Protection,785 Temporary Protection,Onshore Protection (Not Further Specified),Primary,1623
2023-03-31,Temporary Protection,785 Temporary Protection,Onshore Protection (Not Further Specified),Secondary,423
2023-03-31,Temporary Protection,785 Temporary Protection,Temporary Protection (Not Further Specified),Primary,1750
2023-03-31,Temporary Protection,785 Temporary Protection,Temporary Protection (Not Further Specified),Secondary,998
2023-03-31,Temporary Protection,786 Temporary (Humanitarian Concern),Temporary Protection (Not Further Specified),Primary,4325
2023-03-31,Temporary Protection,786 Temporary (Humanitarian Concern),Temporary Protection (Not Further Specified),Secondary,5
2023-03-31,Temporary Protection,790 Safe Haven Enterprise,Onshore Protection (Not Further Specified),Primary,1246
2023-03-31,Temporary Protection,790 Safe Haven Enterprise,Onshore Protection (Not Further Specified),Secondary,395
2023-03-31,Temporary Protection,790 Safe Haven Enterprise,Temporary Protection (Not Further Specified),Primary,8119
2023-03-31,Temporary Protection,790 Safe Haven Enterprise,Temporary Protection (Not Further Specified),Secondary,3940
2023-03-31,Temporary Resident (Other Employment),400 Temporary Work (Short Stay Activity),Australia's Interest,Primary,8
2023-03-31,Temporary Resident (Other Employment),400 Temporary Work (Short Stay Activity),Highly Specialised Work,Primary,5478
2023-03-31,Temporary Resident (Other Employment),400 Temporary Work (Short Stay Activity),Highly Specialised Work,Secondary,233
2023-03-31,Temporary Resident (Other Employment),401 Temporary Work (Long Stay Activity),Religious Work,Primary,1
2023-03-31,Temporary Resident (Other Employment),401 Temporary Work (Long Stay Activity),Religious Work,Secondary,4
2023-03-31,Temporary Resident (Other Employment),403 Temporary Work (International Relations),Domestic Work (Diplomatic or Consular),Primary,32
2023-03-31,Temporary Resident (Other Employment),403 Temporary Work (International Relations),Foreign Government Agency,Primary,203
2023-03-31,Temporary Resident (Other Employment),403 Temporary Work (International Relations),Foreign Government Agency,Secondary,200
2023-03-31,Temporary Resident (Other Employment),403 Temporary Work (International Relations),Government Agreement,Primary,518
2023-03-31,Temporary Resident (Other Employment),403 Temporary Work (International Relations),Government Agreement,Secondary,296
2023-03-31,Temporary Resident (Other Employment),403 Temporary Work (International Relations),Pacific Australia Labour Mobility Scheme,Primary,21597
2023-03-31,Temporary Resident (Other Employment),403 Temporary Work (International Relations),Pacific Australia Labour Mobility Scheme,Secondary,1
2023-03-31,Temporary Resident (Other Employment),403 Temporary Work (International Relations),Pacific Labour Scheme,Primary,6203
2023-03-31,Temporary Resident (Other Employment),403 Temporary Work (International Relations),Pacific Labour Scheme,Secondary,3
2023-03-31,Temporary Resident (Other Employment),403 Temporary Work (International Relations),Privileges and immunities,Primary,36
2023-03-31,Temporary Resident (Other Employment),403 Temporary Work (International Relations),Privileges and immunities,Secondary,32
2023-03-31,Temporary Resident (Other Employment),403 Temporary Work (International Relations),Seasonal Worker Program,Primary,83
2023-03-31,Temporary Resident (Other Employment),405 Investor Retirement,Temporary Resident - Other (Not Further Specified),Primary,36
2023-03-31,Temporary Resident (Other Employment),405 Investor Retirement,Temporary Resident - Other (Not Further Specified),Secondary,22
2023-03-31,Temporary Resident (Other Employment),407 Training,Temporary Resident - Other (Not Further Specified),Primary,3257
2023-03-31,Temporary Resident (Other Employment),407 Training,Temporary Resident - Other (Not Further Specified),Secondary,1147
2023-03-31,Temporary Resident (Other Employment),408 Temporary Activity,Australian Government Endorsed Events,Primary,67529
2023-03-31,Temporary Resident (Other Employment),408 Temporary Activity,Australian Government Endorsed Events,Secondary,15022
2023-03-31,Temporary Resident (Other Employment),408 Temporary Activity,Domestic Work (Executive),Primary,3
2023-03-31,Temporary Resident (Other Employment),408 Temporary Activity,Entertainment,Primary,1648
2023-03-31,Temporary Resident (Other Employment),408 Temporary Activity,Entertainment,Secondary,359
2023-03-31,Temporary Resident (Other Employment),408 Temporary Activity,Exchange Arrangements,Primary,42
2023-03-31,Temporary Resident (Other Employment),408 Temporary Activity,Exchange Arrangements,Secondary,16
2023-03-31,Temporary Resident (Other Employment),408 Temporary Activity,Invited for Other Social and Cultural Activity,Primary,2320
2023-03-31,Temporary Resident (Other Employment),408 Temporary Activity,Invited for Other Social and Cultural Activity,Secondary,34
2023-03-31,Temporary Resident (Other Employment),408 Temporary Activity,Religious Work,Primary,1491
2023-03-31,Temporary Resident (Other Employment),408 Temporary Activity,Religious Work,Secondary,678
2023-03-31,Temporary Resident (Other Employment),408 Temporary Activity,Research Activities,Primary,1860
2023-03-31,Temporary Resident (Other Employment),408 Temporary Activity,Research Activities,Secondary,985
2023-03-31,Temporary Resident (Other Employment),408 Temporary Activity,Special Programs,Primary,426
2023-03-31,Temporary Resident (Other Employment),408 Temporary Activity,Special Programs,Secondary,13
2023-03-31,Temporary Resident (Other Employment),408 Temporary Activity,Sporting Activities,Primary,618
2023-03-31,Temporary Resident (Other Employment),408 Temporary Activity,Sporting Activities,Secondary,197
2023-03-31,Temporary Resident (Other Employment),408 Temporary Activity,Superyacht Crew,Primary,75
2023-03-31,Temporary Resident (Other Employment),410 Retirement,Temporary Resident - Other (Not Further Specified),Primary,978
2023-03-31,Temporary Resident (Other Employment),410 Retirement,Temporary Resident - Other (Not Further Specified),Secondary,496
2023-03-31,Temporary Resident (Other Employment),430 Supported Dependant,Temporary Resident - Other (Not Further Specified),Primary,1
2023-03-31,Temporary Resident (Other Employment),430 Supported Dependant,Temporary Resident - Other (Not Further Specified),Secondary,1
2023-03-31,Temporary Resident (Other Employment),476 Skilled - Recognised Graduate,Temporary Resident - Other (Not Further Specified),Primary,1382
2023-03-31,Temporary Resident (Other Employment),476 Skilled - Recognised Graduate,Temporary Resident - Other (Not Further Specified),Secondary,320
2023-03-31,Temporary Resident (Other Employment),995 Diplomatic (Temporary),Diplomatic,Primary,2110
2023-03-31,Temporary Resident (Other Employment),995 Diplomatic (Temporary),Diplomatic,Secondary,2384
2023-03-31,Temporary Resident (Skilled Employment),457 Temporary Work (Skilled),Temporary Work Skilled,Primary,408
2023-03-31,Temporary Resident (Skilled Employment),457 Temporary Work (Skilled),Temporary Work Skilled,Secondary,352
2023-03-31,Temporary Resident (Skilled Employment),482 Skills In Demand,Temporary Skill Shortage,Primary,67062
2023-03-31,Temporary Resident (Skilled Employment),482 Skills In Demand,Temporary Skill Shortage,Secondary,56871
2023-03-31,Visitor,600 Visitor,Business,Primary,4906
2023-03-31,Visitor,600 Visitor,Tourist,Primary,217217
2023-03-31,Visitor,601 Electronic Travel Authority,Business,Primary,3314
2023-03-31,Visitor,601 Electronic Travel Authority,Tourist,Primary,54045
2023-03-31,Visitor,651 eVisitor,Business,Primary,2617
2023-03-31,Visitor,651 eVisitor,Tourist,Primary,65263
2023-03-31,Visitor,956 Electronic Travel Authority (Business Entrant - Long Validity),Business,Primary,1
2023-03-31,Working Holiday Maker,417 Working Holiday,First Visa,Primary,85964
2023-03-31,Working Holiday Maker,417 Working Holiday,Offshore Nil VAC Visa,Primary,3621
2023-03-31,Working Holiday Maker,417 Working Holiday,Onshore Nil VAC Visa,Primary,13534
2023-03-31,Working Holiday Maker,417 Working Holiday,Second Visa,Primary,8753
2023-03-31,Working Holiday Maker,417 Working Holiday,Third Visa,Primary,1038
2023-03-31,Working Holiday Maker,462 Work and Holiday,First Visa,Primary,16052
2023-03-31,Working Holiday Maker,462 Work and Holiday,Offshore Nil VAC Visa,Primary,1023
2023-03-31,Working Holiday Maker,462 Work and Holiday,Onshore Nil VAC Visa,Primary,2867
2023-03-31,Working Holiday Maker,462 Work and Holiday,Second Visa,Primary,3407
2023-03-31,Working Holiday Maker,462 Work and Holiday,Third Visa,Primary,362
2023-06-30,Bridging,Bridging Visas,Bridging,Primary,176496
2023-06-30,Bridging,Bridging Visas,Bridging,Secondary,360
2023-06-30,Crew and Transit,771 Transit,Transit,Primary,330
2023-06-30,Crew and Transit,988 Maritime Crew Visa,Maritime Crew,Primary,13508
2023-06-30,Other Temporary,580 Student Guardian,Student Guardian,Primary,1
2023-06-30,Other Temporary,590 Student Guardian,Student Guardian,Primary,3531
2023-06-30,Other Temporary,590 Student Guardian,Student Guardian,Secondary,42
2023-06-30,Other Temporary,602 Medical Treatment,Medical stream,Primary,667
2023-06-30,Other Temporary,602 Medical Treatment,Medical stream,Secondary,39
2023-06-30,Other Temporary,773 Border,Border,Primary,12
2023-06-30,Special Category,444 Special Category,Special Category (Not Further Specified),Primary,256294
2023-06-30,Special Category,444 Special Category,Special Category (Not Further Specified),Secondary,2
2023-06-30,Special Category,444 Special Category,Standard or other,Primary,441661
2023-06-30,Student,500 Student,Foreign Affairs or Defence Sector,Primary,1942
2023-06-30,Student,500 Student,Foreign Affairs or Defence Sector,Secondary,1406
2023-06-30,Student,500 Student,Higher Education Sector,Primary,272207
2023-06-30,Student,500 Student,Higher Education Sector,Secondary,38180
2023-06-30,Student,500 Student,Independent ELICOS Sector,Primary,36183
2023-06-30,Student,500 Student,Independent ELICOS Sector,Secondary,3885
2023-06-30,Student,500 Student,Non-Award Sector,Primary,4139
2023-06-30,Student,500 Student,Non-Award Sector,Secondary,35
2023-06-30,Student,500 Student,Postgraduate Research Sector,Primary,17843
2023-06-30,Student,500 Student,Postgraduate Research Sector,Secondary,8895
2023-06-30,Student,500 Student,Schools Sector,Primary,10125
2023-06-30,Student,500 Student,Schools Sector,Secondary,1
2023-06-30,Student,500 Student,Vocational Education and Training Sector,Primary,148602
2023-06-30,Student,500 Student,Vocational Education and Training Sector,Secondary,25291
2023-06-30,Student,560 Student,Student (Not Further Specified),Primary,8
2023-06-30,Student,560 Student,Student (Not Further Specified),Secondary,3
2023-06-30,Student,570 Independent ELICOS Sector,Independent ELICOS Sector,Primary,1
2023-06-30,Student,571 Schools Sector,Schools Sector,Primary,4
2023-06-30,Student,572 Vocational Education and Training Sector,Vocational Education and Training Sector,Primary,1
2023-06-30,Student,573 Higher Education Sector,Higher Education Sector,Primary,1
2023-06-30,Student,573 Higher Education Sector,Higher Education Sector,Secondary,1
2023-06-30,Temporary Graduate,485 Temporary Graduate,Post-Higher Education Work,Primary,105214
2023-06-30,Temporary Graduate,485 Temporary Graduate,Post-Higher Education Work,Secondary,38730
2023-06-30,Temporary Graduate,485 Temporary Graduate,Post-Vocational Education Work,Primary,40068
2023-06-30,Temporary Graduate,485 Temporary Graduate,Post-Vocational Education Work,Secondary,15753
2023-06-30,Temporary Graduate,485 Temporary Graduate,Temporary Resident - Other (Not Further Specified),Secondary,6
2023-06-30,Temporary Graduate,485 Temporary Graduate,,Secondary,1
2023-06-30,Temporary Protection,785 Temporary Protection,Onshore Protection (Not Further Specified),Primary,1110
2023-06-30,Temporary Protection,785 Temporary Protection,Onshore Protection (Not Further Specified),Secondary,328
2023-06-30,Temporary Protection,785 Temporary Protection,Temporary Protection (Not Further Specified),Primary,1406
2023-06-30,Temporary Protection,785 Temporary Protection,Temporary Protection (Not Further Specified),Secondary,792
2023-06-30,Temporary Protection,786 Temporary (Humanitarian Concern),Temporary Protection (Not Further Specified),Primary,4115
2023-06-30,Temporary Protection,786 Temporary (Humanitarian Concern),Temporary Protection (Not Further Specified),Secondary,5
2023-06-30,Temporary Protection,790 Safe Haven Enterprise,Onshore Protection (Not Further Specified),Primary,655
2023-06-30,Temporary Protection,790 Safe Haven Enterprise,Onshore Protection (Not Further Specified),Secondary,118
2023-06-30,Temporary Protection,790 Safe Haven Enterprise,Temporary Protection (Not Further Specified),Primary,7681
2023-06-30,Temporary Protection,790 Safe Haven Enterprise,Temporary Protection (Not Further Specified),Secondary,3580
2023-06-30,Temporary Resident (Other Employment),400 Temporary Work (Short Stay Activity),Australia's Interest,Primary,1
2023-06-30,Temporary Resident (Other Employment),400 Temporary Work (Short Stay Activity),Highly Specialised Work,Primary,5262
2023-06-30,Temporary Resident (Other Employment),400 Temporary Work (Short Stay Activity),Highly Specialised Work,Secondary,140
2023-06-30,Temporary Resident (Other Employment),403 Temporary Work (International Relations),Domestic Work (Diplomatic or Consular),Primary,31
2023-06-30,Temporary Resident (Other Employment),403 Temporary Work (International Relations),Foreign Government Agency,Primary,203
2023-06-30,Temporary Resident (Other Employment),403 Temporary Work (International Relations),Foreign Government Agency,Secondary,209
2023-06-30,Temporary Resident (Other Employment),403 Temporary Work (International Relations),Government Agreement,Primary,496
2023-06-30,Temporary Resident (Other Employment),403 Temporary Work (International Relations),Government Agreement,Secondary,269
2023-06-30,Temporary Resident (Other Employment),403 Temporary Work (International Relations),Pacific Australia Labour Mobility Scheme,Primary,23751
2023-06-30,Temporary Resident (Other Employment),403 Temporary Work (International Relations),Pacific Australia Labour Mobility Scheme,Secondary,1
2023-06-30,Temporary Resident (Other Employment),403 Temporary Work (International Relations),Pacific Labour Scheme,Primary,5875
2023-06-30,Temporary Resident (Other Employment),403 Temporary Work (International Relations),Pacific Labour Scheme,Secondary,1
2023-06-30,Temporary Resident (Other Employment),403 Temporary Work (International Relations),Privileges and immunities,Primary,39
2023-06-30,Temporary Resident (Other Employment),403 Temporary Work (International Relations),Privileges and immunities,Secondary,30
2023-06-30,Temporary Resident (Other Employment),403 Temporary Work (International Relations),Seasonal Worker Program,Primary,46
2023-06-30,Temporary Resident (Other Employment),405 Investor Retirement,Temporary Resident - Other (Not Further Specified),Primary,27
2023-06-30,Temporary Resident (Other Employment),405 Investor Retirement,Temporary Resident - Other (Not Further Specified),Secondary,16
2023-06-30,Temporary Resident (Other Employment),407 Training,Temporary Resident - Other (Not Further Specified),Primary,3397
2023-06-30,Temporary Resident (Other Employment),407 Training,Temporary Resident - Other (Not Further Specified),Secondary,1201
2023-06-30,Temporary Resident (Other Employment),408 Temporary Activity,Australian Government Endorsed Events,Primary,93652
2023-06-30,Temporary Resident (Other Employment),408 Temporary Activity,Australian Government Endorsed Events,Secondary,19857
2023-06-30,Temporary Resident (Other Employment),408 Temporary Activity,Domestic Work (Executive),Primary,3
2023-06-30,Temporary Resident (Other Employment),408 Temporary Activity,Entertainment,Primary,1295
2023-06-30,Temporary Resident (Other Employment),408 Temporary Activity,Entertainment,Secondary,397
2023-06-30,Temporary Resident (Other Employment),408 Temporary Activity,Exchange Arrangements,Primary,36
2023-06-30,Temporary Resident (Other Employment),408 Temporary Activity,Exchange Arrangements,Secondary,15
2023-06-30,Temporary Resident (Other Employment),408 Temporary Activity,Invited for Other Social and Cultural Activity,Primary,532
2023-06-30,Temporary Resident (Other Employment),408 Temporary Activity,Invited for Other Social and Cultural Activity,Secondary,19
2023-06-30,Temporary Resident (Other Employment),408 Temporary Activity,Religious Work,Primary,1585
2023-06-30,Temporary Resident (Other Employment),408 Temporary Activity,Religious Work,Secondary,670
2023-06-30,Temporary Resident (Other Employment),408 Temporary Activity,Research Activities,Primary,1923
2023-06-30,Temporary Resident (Other Employment),408 Temporary Activity,Research Activities,Secondary,953
2023-06-30,Temporary Resident (Other Employment),408 Temporary Activity,Special Programs,Primary,372
2023-06-30,Temporary Resident (Other Employment),408 Temporary Activity,Special Programs,Secondary,9
2023-06-30,Temporary Resident (Other Employment),408 Temporary Activity,Sporting Activities,Primary,489
2023-06-30,Temporary Resident (Other Employment),408 Temporary Activity,Sporting Activities,Secondary,129
2023-06-30,Temporary Resident (Other Employment),408 Temporary Activity,Superyacht Crew,Primary,63
2023-06-30,Temporary Resident (Other Employment),408 Temporary Activity,Superyacht Crew,Secondary,1
2023-06-30,Temporary Resident (Other Employment),410 Retirement,Temporary Resident - Other (Not Further Specified),Primary,910
2023-06-30,Temporary Resident (Other Employment),410 Retirement,Temporary Resident - Other (Not Further Specified),Secondary,442
2023-06-30,Temporary Resident (Other Employment),430 Supported Dependant,Temporary Resident - Other (Not Further Specified),Primary,1
2023-06-30,Temporary Resident (Other Employment),430 Supported Dependant,Temporary Resident - Other (Not Further Specified),Secondary,1
2023-06-30,Temporary Resident (Other Employment),476 Skilled - Recognised Graduate,Temporary Resident - Other (Not Further Specified),Primary,1659
2023-06-30,Temporary Resident (Other Employment),476 Skilled - Recognised Graduate,Temporary Resident - Other (Not Further Specified),Secondary,423
2023-06-30,Temporary Resident (Other Employment),995 Diplomatic (Temporary),Diplomatic,Primary,1982
2023-06-30,Temporary Resident (Other Employment),995 Diplomatic (Temporary),Diplomatic,Secondary,2199
2023-06-30,Temporary Resident (Skilled Employment),457 Temporary Work (Skilled),Temporary Work Skilled,Primary,326
2023-06-30,Temporary Resident (Skilled Employment),457 Temporary Work (Skilled),Temporary Work Skilled,Secondary,272
2023-06-30,Temporary Resident (Skilled Employment),482 Skills In Demand,Temporary Skill Shortage,Primary,70051
2023-06-30,Temporary Resident (Skilled Employment),482 Skills In Demand,Temporary Skill Shortage,Secondary,59355
2023-06-30,Visitor,600 Visitor,Business,Primary,6095
2023-06-30,Visitor,600 Visitor,Tourist,Primary,246300
2023-06-30,Visitor,601 Electronic Travel Authority,Business,Primary,3445
2023-06-30,Visitor,601 Electronic Travel Authority,Tourist,Primary,49536
2023-06-30,Visitor,651 eVisitor,Business,Primary,1919
2023-06-30,Visitor,651 eVisitor,Tourist,Primary,23154
2023-06-30,Working Holiday Maker,417 Working Holiday,First Visa,Primary,83184
2023-06-30,Working Holiday Maker,417 Working Holiday,Offshore Nil VAC Visa,Primary,2852
2023-06-30,Working Holiday Maker,417 Working Holiday,Onshore Nil VAC Visa,Primary,10431
2023-06-30,Working Holiday Maker,417 Working Holiday,Second Visa,Primary,12391
2023-06-30,Working Holiday Maker,417 Working Holiday,Third Visa,Primary,1349
2023-06-30,Working Holiday Maker,462 Work and Holiday,First Visa,Primary,18280
2023-06-30,Working Holiday Maker,462 Work and Holiday,Offshore Nil VAC Visa,Primary,767
2023-06-30,Working Holiday Maker,462 Work and Holiday,Onshore Nil VAC Visa,Primary,2365
2023-06-30,Working Holiday Maker,462 Work and Holiday,Second Visa,Primary,4967
2023-06-30,Working Holiday Maker,462 Work and Holiday,Third Visa,Primary,805
2023-09-30,Bridging,Bridging Visas,Bridging,Primary,190908
2023-09-30,Bridging,Bridging Visas,Bridging,Secondary,327
2023-09-30,Crew and Transit,771 Transit,Transit,Primary,310
2023-09-30,Crew and Transit,988 Maritime Crew Visa,Maritime Crew,Primary,13414
2023-09-30,Other Temporary,590 Student Guardian,Student Guardian,Primary,4439
2023-09-30,Other Temporary,590 Student Guardian,Student Guardian,Secondary,51
2023-09-30,Other Temporary,602 Medical Treatment,Medical stream,Primary,672
2023-09-30,Other Temporary,602 Medical Treatment,Medical stream,Secondary,38
2023-09-30,Other Temporary,773 Border,Border,Primary,15
2023-09-30,Other Temporary,773 Border,Standard or other,Primary,1
2023-09-30,Special Category,444 Special Category,Special Category (Not Further Specified),Primary,244428
2023-09-30,Special Category,444 Special Category,Special Category (Not Further Specified),Secondary,2
2023-09-30,Special Category,444 Special Category,Standard or other,Primary,473288
2023-09-30,Student,500 Student,Foreign Affairs or Defence Sector,Primary,2254
2023-09-30,Student,500 Student,Foreign Affairs or Defence Sector,Secondary,1387
2023-09-30,Student,500 Student,Higher Education Sector,Primary,347669
2023-09-30,Student,500 Student,Higher Education Sector,Secondary,42175
2023-09-30,Student,500 Student,Independent ELICOS Sector,Primary,35847
2023-09-30,Student,500 Student,Independent ELICOS Sector,Secondary,4043
2023-09-30,Student,500 Student,Non-Award Sector,Primary,8490
2023-09-30,Student,500 Student,Non-Award Sector,Secondary,40
2023-09-30,Student,500 Student,Postgraduate Research Sector,Primary,18626
2023-09-30,Student,500 Student,Postgraduate Research Sector,Secondary,9109
2023-09-30,Student,500 Student,Schools Sector,Primary,14104
2023-09-30,Student,500 Student,Schools Sector,Secondary,6
2023-09-30,Student,500 Student,Vocational Education and Training Sector,Primary,154614
2023-09-30,Student,500 Student,Vocational Education and Training Sector,Secondary,25797
2023-09-30,Student,560 Student,Student (Not Further Specified),Primary,8
2023-09-30,Student,560 Student,Student (Not Further Specified),Secondary,3
2023-09-30,Student,571 Schools Sector,Schools Sector,Primary,4
2023-09-30,Student,573 Higher Education Sector,Higher Education Sector,Secondary,2
2023-09-30,Temporary Graduate,485 Temporary Graduate,Post-Higher Education Work,Primary,96835
2023-09-30,Temporary Graduate,485 Temporary Graduate,Post-Higher Education Work,Secondary,36857
2023-09-30,Temporary Graduate,485 Temporary Graduate,Post-Vocational Education Work,Primary,41699
2023-09-30,Temporary Graduate,485 Temporary Graduate,Post-Vocational Education Work,Secondary,17881
2023-09-30,Temporary Graduate,485 Temporary Graduate,Temporary Resident - Other (Not Further Specified),Secondary,5
2023-09-30,Temporary Protection,785 Temporary Protection,Onshore Protection (Not Further Specified),Primary,834
2023-09-30,Temporary Protection,785 Temporary Protection,Onshore Protection (Not Further Specified),Secondary,201
2023-09-30,Temporary Protection,785 Temporary Protection,Temporary Protection (Not Further Specified),Primary,985
2023-09-30,Temporary Protection,785 Temporary Protection,Temporary Protection (Not Further Specified),Secondary,534
2023-09-30,Temporary Protection,786 Temporary (Humanitarian Concern),Temporary Protection (Not Further Specified),Primary,3988
2023-09-30,Temporary Protection,786 Temporary (Humanitarian Concern),Temporary Protection (Not Further Specified),Secondary,5
2023-09-30,Temporary Protection,790 Safe Haven Enterprise,Onshore Protection (Not Further Specified),Primary,465
2023-09-30,Temporary Protection,790 Safe Haven Enterprise,Onshore Protection (Not Further Specified),Secondary,66
2023-09-30,Temporary Protection,790 Safe Haven Enterprise,Temporary Protection (Not Further Specified),Primary,6015
2023-09-30,Temporary Protection,790 Safe Haven Enterprise,Temporary Protection (Not Further Specified),Secondary,2496
2023-09-30,Temporary Resident (Other Employment),400 Temporary Work (Short Stay Activity),Australia's Interest,Primary,4
2023-09-30,Temporary Resident (Other Employment),400 Temporary Work (Short Stay Activity),Highly Specialised Work,Primary,5886
2023-09-30,Temporary Resident (Other Employment),400 Temporary Work (Short Stay Activity),Highly Specialised Work,Secondary,136
2023-09-30,Temporary Resident (Other Employment),403 Temporary Work (International Relations),Domestic Work (Diplomatic or Consular),Primary,30
2023-09-30,Temporary Resident (Other Employment),403 Temporary Work (International Relations),Foreign Government Agency,Primary,209
2023-09-30,Temporary Resident (Other Employment),403 Temporary Work (International Relations),Foreign Government Agency,Secondary,191
2023-09-30,Temporary Resident (Other Employment),403 Temporary Work (International Relations),Government Agreement,Primary,533
2023-09-30,Temporary Resident (Other Employment),403 Temporary Work (International Relations),Government Agreement,Secondary,282
2023-09-30,Temporary Resident (Other Employment),403 Temporary Work (International Relations),Pacific Australia Labour Mobility Scheme,Primary,24497
2023-09-30,Temporary Resident (Other Employment),403 Temporary Work (International Relations),Pacific Australia Labour Mobility Scheme,Secondary,1
2023-09-30,Temporary Resident (Other Employment),403 Temporary Work (International Relations),Pacific Labour Scheme,Primary,5479
2023-09-30,Temporary Resident (Other Employment),403 Temporary Work (International Relations),Pacific Labour Scheme,Secondary,3
2023-09-30,Temporary Resident (Other Employment),403 Temporary Work (International Relations),Privileges and immunities,Primary,38
2023-09-30,Temporary Resident (Other Employment),403 Temporary Work (International Relations),Privileges and immunities,Secondary,40
2023-09-30,Temporary Resident (Other Employment),403 Temporary Work (International Relations),Seasonal Worker Program,Primary,59
2023-09-30,Temporary Resident (Other Employment),405 Investor Retirement,Temporary Resident - Other (Not Further Specified),Primary,26
2023-09-30,Temporary Resident (Other Employment),405 Investor Retirement,Temporary Resident - Other (Not Further Specified),Secondary,18
2023-09-30,Temporary Resident (Other Employment),407 Training,Temporary Resident - Other (Not Further Specified),Primary,3493
2023-09-30,Temporary Resident (Other Employment),407 Training,Temporary Resident - Other (Not Further Specified),Secondary,1167
2023-09-30,Temporary Resident (Other Employment),408 Temporary Activity,Australian Government Endorsed Events,Primary,117022
2023-09-30,Temporary Resident (Other Employment),408 Temporary Activity,Australian Government Endorsed Events,Secondary,23236
2023-09-30,Temporary Resident (Other Employment),408 Temporary Activity,Domestic Work (Executive),Primary,2
2023-09-30,Temporary Resident (Other Employment),408 Temporary Activity,Entertainment,Primary,1881
2023-09-30,Temporary Resident (Other Employment),408 Temporary Activity,Entertainment,Secondary,386
2023-09-30,Temporary Resident (Other Employment),408 Temporary Activity,Exchange Arrangements,Primary,39
2023-09-30,Temporary Resident (Other Employment),408 Temporary Activity,Exchange Arrangements,Secondary,14
2023-09-30,Temporary Resident (Other Employment),408 Temporary Activity,Invited for Other Social and Cultural Activity,Primary,434
2023-09-30,Temporary Resident (Other Employment),408 Temporary Activity,Invited for Other Social and Cultural Activity,Secondary,20
2023-09-30,Temporary Resident (Other Employment),408 Temporary Activity,Religious Work,Primary,1788
2023-09-30,Temporary Resident (Other Employment),408 Temporary Activity,Religious Work,Secondary,691
2023-09-30,Temporary Resident (Other Employment),408 Temporary Activity,Research Activities,Primary,2017
2023-09-30,Temporary Resident (Other Employment),408 Temporary Activity,Research Activities,Secondary,938
2023-09-30,Temporary Resident (Other Employment),408 Temporary Activity,Special Programs,Primary,470
2023-09-30,Temporary Resident (Other Employment),408 Temporary Activity,Special Programs,Secondary,10
2023-09-30,Temporary Resident (Other Employment),408 Temporary Activity,Sporting Activities,Primary,426
2023-09-30,Temporary Resident (Other Employment),408 Temporary Activity,Sporting Activities,Secondary,175
2023-09-30,Temporary Resident (Other Employment),408 Temporary Activity,Superyacht Crew,Primary,107
2023-09-30,Temporary Resident (Other Employment),408 Temporary Activity,Superyacht Crew,Secondary,1
2023-09-30,Temporary Resident (Other Employment),410 Retirement,Temporary Resident - Other (Not Further Specified),Primary,913
2023-09-30,Temporary Resident (Other Employment),410 Retirement,Temporary Resident - Other (Not Further Specified),Secondary,439
2023-09-30,Temporary Resident (Other Employment),430 Supported Dependant,Temporary Resident - Other (Not Further Specified),Primary,1
2023-09-30,Temporary Resident (Other Employment),430 Supported Dependant,Temporary Resident - Other (Not Further Specified),Secondary,1
2023-09-30,Temporary Resident (Other Employment),476 Skilled - Recognised Graduate,Temporary Resident - Other (Not Further Specified),Primary,2401
2023-09-30,Temporary Resident (Other Employment),476 Skilled - Recognised Graduate,Temporary Resident - Other (Not Further Specified),Secondary,553
2023-09-30,Temporary Resident (Other Employment),995 Diplomatic (Temporary),Diplomatic,Primary,1988
2023-09-30,Temporary Resident (Other Employment),995 Diplomatic (Temporary),Diplomatic,Secondary,2249
2023-09-30,Temporary Resident (Skilled Employment),457 Temporary Work (Skilled),Temporary Work Skilled,Primary,271
2023-09-30,Temporary Resident (Skilled Employment),457 Temporary Work (Skilled),Temporary Work Skilled,Secondary,245
2023-09-30,Temporary Resident (Skilled Employment),482 Skills In Demand,Temporary Skill Shortage,Primary,75287
2023-09-30,Temporary Resident (Skilled Employment),482 Skills In Demand,Temporary Skill Shortage,Secondary,63933
2023-09-30,Visitor,600 Visitor,Business,Primary,5505
2023-09-30,Visitor,600 Visitor,Tourist,Primary,243342
2023-09-30,Visitor,601 Electronic Travel Authority,Business,Primary,3014
2023-09-30,Visitor,601 Electronic Travel Authority,Tourist,Primary,51151
2023-09-30,Visitor,651 eVisitor,Business,Primary,1815
2023-09-30,Visitor,651 eVisitor,Tourist,Primary,35091
2023-09-30,Visitor,956 Electronic Travel Authority (Business Entrant - Long Validity),Business,Primary,1
2023-09-30,Working Holiday Maker,417 Working Holiday,First Visa,Primary,87676
2023-09-30,Working Holiday Maker,417 Working Holiday,Offshore Nil VAC Visa,Primary,2077
2023-09-30,Working Holiday Maker,417 Working Holiday,Onshore Nil VAC Visa,Primary,7675
2023-09-30,Working Holiday Maker,417 Working Holiday,Second Visa,Primary,16172
2023-09-30,Working Holiday Maker,417 Working Holiday,Third Visa,Primary,1601
2023-09-30,Working Holiday Maker,462 Work and Holiday,First Visa,Primary,19936
2023-09-30,Working Holiday Maker,462 Work and Holiday,Offshore Nil VAC Visa,Primary,548
2023-09-30,Working Holiday Maker,462 Work and Holiday,Onshore Nil VAC Visa,Primary,1647
2023-09-30,Working Holiday Maker,462 Work and Holiday,Second Visa,Primary,6243
2023-09-30,Working Holiday Maker,462 Work and Holiday,Third Visa,Primary,1110
2023-12-31,Bridging,Bridging Visas,Bridging,Primary,211257
2023-12-31,Bridging,Bridging Visas,Bridging,Secondary,312
2023-12-31,Bridging,Bridging Visas,Post-Vocational Education Work,Secondary,1
2023-12-31,Crew and Transit,771 Transit,Transit,Primary,137
2023-12-31,Crew and Transit,988 Maritime Crew Visa,Maritime Crew,Primary,29075
2023-12-31,Other Temporary,580 Student Guardian,Student Guardian,Primary,1
2023-12-31,Other Temporary,590 Student Guardian,Student Guardian,Primary,2865
2023-12-31,Other Temporary,590 Student Guardian,Student Guardian,Secondary,35
2023-12-31,Other Temporary,602 Medical Treatment,Medical stream,Primary,629
2023-12-31,Other Temporary,602 Medical Treatment,Medical stream,Secondary,38
2023-12-31,Other Temporary,773 Border,Border,Primary,20
2023-12-31,Special Category,444 Special Category,Special Category (Not Further Specified),Primary,230098
2023-12-31,Special Category,444 Special Category,Special Category (Not Further Specified),Secondary,2
2023-12-31,Special Category,444 Special Category,Standard or other,Primary,471768
2023-12-31,Student,500 Student,Foreign Affairs or Defence Sector,Primary,1247
2023-12-31,Student,500 Student,Foreign Affairs or Defence Sector,Secondary,1211
2023-12-31,Student,500 Student,Higher Education Sector,Primary,257438
2023-12-31,Student,500 Student,Higher Education Sector,Secondary,44385
2023-12-31,Student,500 Student,Independent ELICOS Sector,Primary,34353
2023-12-31,Student,500 Student,Independent ELICOS Sector,Secondary,4172
2023-12-31,Student,500 Student,Non-Award Sector,Primary,3450
2023-12-31,Student,500 Student,Non-Award Sector,Secondary,19
2023-12-31,Student,500 Student,Postgraduate Research Sector,Primary,15506
2023-12-31,Student,500 Student,Postgraduate Research Sector,Secondary,7945
2023-12-31,Student,500 Student,Schools Sector,Primary,7767
2023-12-31,Student,500 Student,Schools Sector,Secondary,6
2023-12-31,Student,500 Student,Vocational Education and Training Sector,Primary,145168
2023-12-31,Student,500 Student,Vocational Education and Training Sector,Secondary,24391
2023-12-31,Student,560 Student,Student (Not Further Specified),Primary,8
2023-12-31,Student,560 Student,Student (Not Further Specified),Secondary,3
2023-12-31,Student,571 Schools Sector,Schools Sector,Primary,4
2023-12-31,Student,573 Higher Education Sector,Higher Education Sector,Secondary,2
2023-12-31,Temporary Graduate,485 Temporary Graduate,Post-Higher Education Work,Primary,87786
2023-12-31,Temporary Graduate,485 Temporary Graduate,Post-Higher Education Work,Secondary,35380
2023-12-31,Temporary Graduate,485 Temporary Graduate,Post-Vocational Education Work,Primary,38827
2023-12-31,Temporary Graduate,485 Temporary Graduate,Post-Vocational Education Work,Secondary,17832
2023-12-31,Temporary Graduate,485 Temporary Graduate,Temporary Resident - Other (Not Further Specified),Primary,2
2023-12-31,Temporary Graduate,485 Temporary Graduate,Temporary Resident - Other (Not Further Specified),Secondary,3
2023-12-31,Temporary Protection,785 Temporary Protection,Onshore Protection (Not Further Specified),Primary,564
2023-12-31,Temporary Protection,785 Temporary Protection,Onshore Protection (Not Further Specified),Secondary,156
2023-12-31,Temporary Protection,785 Temporary Protection,Standard or other,Primary,78
2023-12-31,Temporary Protection,785 Temporary Protection,Standard or other,Secondary,9
2023-12-31,Temporary Protection,785 Temporary Protection,Temporary Protection (Not Further Specified),Primary,487
2023-12-31,Temporary Protection,785 Temporary Protection,Temporary Protection (Not Further Specified),Secondary,315
2023-12-31,Temporary Protection,786 Temporary (Humanitarian Concern),Temporary Protection (Not Further Specified),Primary,3910
2023-12-31,Temporary Protection,786 Temporary (Humanitarian Concern),Temporary Protection (Not Further Specified),Secondary,5
2023-12-31,Temporary Protection,790 Safe Haven Enterprise,Onshore Protection (Not Further Specified),Primary,261
2023-12-31,Temporary Protection,790 Safe Haven Enterprise,Onshore Protection (Not Further Specified),Secondary,27
2023-12-31,Temporary Protection,790 Safe Haven Enterprise,Temporary Protection (Not Further Specified),Primary,3192
2023-12-31,Temporary Protection,790 Safe Haven Enterprise,Temporary Protection (Not Further Specified),Secondary,1550
2023-12-31,Temporary Resident (Other Employment),400 Temporary Work (Short Stay Activity),Australia's Interest,Primary,6
2023-12-31,Temporary Resident (Other Employment),400 Temporary Work (Short Stay Activity),Australia's Interest,Secondary,2
2023-12-31,Temporary Resident (Other Employment),400 Temporary Work (Short Stay Activity),Highly Specialised Work,Primary,4520
2023-12-31,Temporary Resident (Other Employment),400 Temporary Work (Short Stay Activity),Highly Specialised Work,Secondary,141
2023-12-31,Temporary Resident (Other Employment),403 Temporary Work (International Relations),Domestic Work (Diplomatic or Consular),Primary,14
2023-12-31,Temporary Resident (Other Employment),403 Temporary Work (International Relations),Foreign Government Agency,Primary,181
2023-12-31,Temporary Resident (Other Employment),403 Temporary Work (International Relations),Foreign Government Agency,Secondary,176
2023-12-31,Temporary Resident (Other Employment),403 Temporary Work (International Relations),Government Agreement,Primary,449
2023-12-31,Temporary Resident (Other Employment),403 Temporary Work (International Relations),Government Agreement,Secondary,265
2023-12-31,Temporary Resident (Other Employment),403 Temporary Work (International Relations),Pacific Australia Labour Mobility Scheme,Primary,23268
2023-12-31,Temporary Resident (Other Employment),403 Temporary Work (International Relations),Pacific Australia Labour Mobility Scheme,Secondary,2
2023-12-31,Temporary Resident (Other Employment),403 Temporary Work (International Relations),Pacific Labour Scheme,Primary,4267
2023-12-31,Temporary Resident (Other Employment),403 Temporary Work (International Relations),Pacific Labour Scheme,Secondary,6
2023-12-31,Temporary Resident (Other Employment),403 Temporary Work (International Relations),Privileges and immunities,Primary,32
2023-12-31,Temporary Resident (Other Employment),403 Temporary Work (International Relations),Privileges and immunities,Secondary,28
2023-12-31,Temporary Resident (Other Employment),403 Temporary Work (International Relations),Seasonal Worker Program,Primary,62
2023-12-31,Temporary Resident (Other Employment),405 Investor Retirement,Temporary Resident - Other (Not Further Specified),Primary,39
2023-12-31,Temporary Resident (Other Employment),405 Investor Retirement,Temporary Resident - Other (Not Further Specified),Secondary,24
2023-12-31,Temporary Resident (Other Employment),407 Training,Temporary Resident - Other (Not Further Specified),Primary,2945
2023-12-31,Temporary Resident (Other Employment),407 Training,Temporary Resident - Other (Not Further Specified),Secondary,1046
2023-12-31,Temporary Resident (Other Employment),408 Temporary Activity,Australian Government Endorsed Events,Primary,87913
2023-12-31,Temporary Resident (Other Employment),408 Temporary Activity,Australian Government Endorsed Events,Secondary,18017
2023-12-31,Temporary Resident (Other Employment),408 Temporary Activity,Domestic Work (Executive),Primary,1
2023-12-31,Temporary Resident (Other Employment),408 Temporary Activity,Entertainment,Primary,1247
2023-12-31,Temporary Resident (Other Employment),408 Temporary Activity,Entertainment,Secondary,364
2023-12-31,Temporary Resident (Other Employment),408 Temporary Activity,Exchange Arrangements,Primary,30
2023-12-31,Temporary Resident (Other Employment),408 Temporary Activity,Exchange Arrangements,Secondary,20
2023-12-31,Temporary Resident (Other Employment),408 Temporary Activity,Invited for Other Social and Cultural Activity,Primary,1179
2023-12-31,Temporary Resident (Other Employment),408 Temporary Activity,Invited for Other Social and Cultural Activity,Secondary,21
2023-12-31,Temporary Resident (Other Employment),408 Temporary Activity,Religious Work,Primary,1799
2023-12-31,Temporary Resident (Other Employment),408 Temporary Activity,Religious Work,Secondary,693
2023-12-31,Temporary Resident (Other Employment),408 Temporary Activity,Research Activities,Primary,2083
2023-12-31,Temporary Resident (Other Employment),408 Temporary Activity,Research Activities,Secondary,1000
2023-12-31,Temporary Resident (Other Employment),408 Temporary Activity,Special Programs,Primary,369
2023-12-31,Temporary Resident (Other Employment),408 Temporary Activity,Special Programs,Secondary,13
2023-12-31,Temporary Resident (Other Employment),408 Temporary Activity,Sporting Activities,Primary,524
2023-12-31,Temporary Resident (Other Employment),408 Temporary Activity,Sporting Activities,Secondary,185
2023-12-31,Temporary Resident (Other Employment),408 Temporary Activity,Superyacht Crew,Primary,88
2023-12-31,Temporary Resident (Other Employment),408 Temporary Activity,Superyacht Crew,Secondary,1
2023-12-31,Temporary Resident (Other Employment),410 Retirement,Temporary Resident - Other (Not Further Specified),Primary,955
2023-12-31,Temporary Resident (Other Employment),410 Retirement,Temporary Resident - Other (Not Further Specified),Secondary,473
2023-12-31,Temporary Resident (Other Employment),430 Supported Dependant,Temporary Resident - Other (Not Further Specified),Primary,1
2023-12-31,Temporary Resident (Other Employment),430 Supported Dependant,Temporary Resident - Other (Not Further Specified),Secondary,1
2023-12-31,Temporary Resident (Other Employment),476 Skilled - Recognised Graduate,Temporary Resident - Other (Not Further Specified),Primary,3185
2023-12-31,Temporary Resident (Other Employment),476 Skilled - Recognised Graduate,Temporary Resident - Other (Not Further Specified),Secondary,663
2023-12-31,Temporary Resident (Other Employment),995 Diplomatic (Temporary),Diplomatic,Primary,1894
2023-12-31,Temporary Resident (Other Employment),995 Diplomatic (Temporary),Diplomatic,Secondary,2117
2023-12-31,Temporary Resident (Skilled Employment),457 Temporary Work (Skilled),Temporary Work Skilled,Primary,200
2023-12-31,Temporary Resident (Skilled Employment),457 Temporary Work (Skilled),Temporary Work Skilled,Secondary,190
2023-12-31,Temporary Resident (Skilled Employment),482 Skills In Demand,Temporary Skill Shortage,Primary,67556
2023-12-31,Temporary Resident (Skilled Employment),482 Skills In Demand,Temporary Skill Shortage,Secondary,62505
2023-12-31,Visitor,600 Visitor,Business,Primary,4390
2023-12-31,Visitor,600 Visitor,Tourist,Primary,331757
2023-12-31,Visitor,601 Electronic Travel Authority,Business,Primary,2133
2023-12-31,Visitor,601 Electronic Travel Authority,Tourist,Primary,122004
2023-12-31,Visitor,651 eVisitor,Business,Primary,1287
2023-12-31,Visitor,651 eVisitor,Tourist,Primary,139480
2023-12-31,Working Holiday Maker,417 Working Holiday,First Visa,Primary,105107
2023-12-31,Working Holiday Maker,417 Working Holiday,Offshore Nil VAC Visa,Primary,1858
2023-12-31,Working Holiday Maker,417 Working Holiday,Onshore Nil VAC Visa,Primary,5424
2023-12-31,Working Holiday Maker,417 Working Holiday,Second Visa,Primary,22055
2023-12-31,Working Holiday Maker,417 Working Holiday,Third Visa,Primary,2058
2023-12-31,Working Holiday Maker,462 Work and Holiday,First Visa,Primary,22657
2023-12-31,Working Holiday Maker,462 Work and Holiday,Offshore Nil VAC Visa,Primary,485
2023-12-31,Working Holiday Maker,462 Work and Holiday,Onshore Nil VAC Visa,Primary,1206
2023-12-31,Working Holiday Maker,462 Work and Holiday,Second Visa,Primary,7926
2023-12-31,Working Holiday Maker,462 Work and Holiday,Third Visa,Primary,1661
2024-03-31,Bridging,Bridging Visas,Bridging,Primary,285941
2024-03-31,Bridging,Bridging Visas,Bridging,Secondary,351
2024-03-31,Bridging,Bridging Visas,Post-Vocational Education Work,Secondary,1
2024-03-31,Crew and Transit,771 Transit,Transit,Primary,601
2024-03-31,Crew and Transit,988 Maritime Crew Visa,Maritime Crew,Primary,23643
2024-03-31,Other Temporary,590 Student Guardian,Student Guardian,Primary,4359
2024-03-31,Other Temporary,590 Student Guardian,Student Guardian,Secondary,52
2024-03-31,Other Temporary,602 Medical Treatment,Medical stream,Primary,655
2024-03-31,Other Temporary,602 Medical Treatment,Medical stream,Secondary,37
2024-03-31,Other Temporary,773 Border,Border,Primary,8
2024-03-31,Other Temporary,773 Border,Standard or other,Primary,1
2024-03-31,Special Category,444 Special Category,Special Category (Not Further Specified),Primary,220036
2024-03-31,Special Category,444 Special Category,Special Category (Not Further Specified),Secondary,2
2024-03-31,Special Category,444 Special Category,Standard or other,Primary,498552
2024-03-31,Student,500 Student,Foreign Affairs or Defence Sector,Primary,2416
2024-03-31,Student,500 Student,Foreign Affairs or Defence Sector,Secondary,1469
2024-03-31,Student,500 Student,Higher Education Sector,Primary,368996
2024-03-31,Student,500 Student,Higher Education Sector,Secondary,47097
2024-03-31,Student,500 Student,Independent ELICOS Sector,Primary,29382
2024-03-31,Student,500 Student,Independent ELICOS Sector,Secondary,3578
2024-03-31,Student,500 Student,Non-Award Sector,Primary,8513
2024-03-31,Student,500 Student,Non-Award Sector,Secondary,26
2024-03-31,Student,500 Student,Postgraduate Research Sector,Primary,19492
2024-03-31,Student,500 Student,Postgraduate Research Sector,Secondary,9074
2024-03-31,Student,500 Student,Schools Sector,Primary,14806
2024-03-31,Student,500 Student,Schools Sector,Secondary,5
2024-03-31,Student,500 Student,Vocational Education and Training Sector,Primary,143351
2024-03-31,Student,500 Student,Vocational Education and Training Sector,Secondary,23140
2024-03-31,Student,560 Student,Student (Not Further Specified),Primary,8
2024-03-31,Student,560 Student,Student (Not Further Specified),Secondary,3
2024-03-31,Student,571 Schools Sector,Schools Sector,Primary,1
2024-03-31,Student,573 Higher Education Sector,Higher Education Sector,Secondary,2
2024-03-31,Temporary Graduate,485 Temporary Graduate,Post-Higher Education Work,Primary,102121
2024-03-31,Temporary Graduate,485 Temporary Graduate,Post-Higher Education Work,Secondary,37318
2024-03-31,Temporary Graduate,485 Temporary Graduate,Post-Vocational Education Work,Primary,41149
2024-03-31,Temporary Graduate,485 Temporary Graduate,Post-Vocational Education Work,Secondary,19240
2024-03-31,Temporary Graduate,485 Temporary Graduate,Regional,Secondary,1
2024-03-31,Temporary Graduate,485 Temporary Graduate,Replacement,Primary,12
2024-03-31,Temporary Graduate,485 Temporary Graduate,Replacement,Secondary,10
2024-03-31,Temporary Graduate,485 Temporary Graduate,Temporary Resident - Other (Not Further Specified),Primary,30
2024-03-31,Temporary Graduate,485 Temporary Graduate,Temporary Resident - Other (Not Further Specified),Secondary,16
2024-03-31,Temporary Protection,785 Temporary Protection,Onshore Protection (Not Further Specified),Primary,365
2024-03-31,Temporary Protection,785 Temporary Protection,Onshore Protection (Not Further Specified),Secondary,86
2024-03-31,Temporary Protection,785 Temporary Protection,Standard or other,Primary,40
2024-03-31,Temporary Protection,785 Temporary Protection,Temporary Protection (Not Further Specified),Primary,289
2024-03-31,Temporary Protection,785 Temporary Protection,Temporary Protection (Not Further Specified),Secondary,188
2024-03-31,Temporary Protection,786 Temporary (Humanitarian Concern),Temporary Protection (Not Further Specified),Primary,3848
2024-03-31,Temporary Protection,786 Temporary (Humanitarian Concern),Temporary Protection (Not Further Specified),Secondary,4
2024-03-31,Temporary Protection,790 Safe Haven Enterprise,Onshore Protection (Not Further Specified),Primary,121
2024-03-31,Temporary Protection,790 Safe Haven Enterprise,Onshore Protection (Not Further Specified),Secondary,11
2024-03-31,Temporary Protection,790 Safe Haven Enterprise,Temporary Protection (Not Further Specified),Primary,1655
2024-03-31,Temporary Protection,790 Safe Haven Enterprise,Temporary Protection (Not Further Specified),Secondary,752
2024-03-31,Temporary Resident (Other Employment),400 Temporary Work (Short Stay Activity),Australia's Interest,Primary,2
2024-03-31,Temporary Resident (Other Employment),400 Temporary Work (Short Stay Activity),Highly Specialised Work,Primary,4815
2024-03-31,Temporary Resident (Other Employment),400 Temporary Work (Short Stay Activity),Highly Specialised Work,Secondary,117
2024-03-31,Temporary Resident (Other Employment),403 Temporary Work (International Relations),Domestic Work (Diplomatic or Consular),Primary,17
2024-03-31,Temporary Resident (Other Employment),403 Temporary Work (International Relations),Foreign Government Agency,Primary,199
2024-03-31,Temporary Resident (Other Employment),403 Temporary Work (International Relations),Foreign Government Agency,Secondary,188
2024-03-31,Temporary Resident (Other Employment),403 Temporary Work (International Relations),Government Agreement,Primary,627
2024-03-31,Temporary Resident (Other Employment),403 Temporary Work (International Relations),Government Agreement,Secondary,313
2024-03-31,Temporary Resident (Other Employment),403 Temporary Work (International Relations),Pacific Australia Labour Mobility Scheme,Primary,26705
2024-03-31,Temporary Resident (Other Employment),403 Temporary Work (International Relations),Pacific Australia Labour Mobility Scheme,Secondary,5
2024-03-31,Temporary Resident (Other Employment),403 Temporary Work (International Relations),Pacific Labour Scheme,Primary,4403
2024-03-31,Temporary Resident (Other Employment),403 Temporary Work (International Relations),Pacific Labour Scheme,Secondary,7
2024-03-31,Temporary Resident (Other Employment),403 Temporary Work (International Relations),Privileges and immunities,Primary,35
2024-03-31,Temporary Resident (Other Employment),403 Temporary Work (International Relations),Privileges and immunities,Secondary,43
2024-03-31,Temporary Resident (Other Employment),403 Temporary Work (International Relations),Seasonal Worker Program,Primary,51
2024-03-31,Temporary Resident (Other Employment),405 Investor Retirement,Temporary Resident - Other (Not Further Specified),Primary,29
2024-03-31,Temporary Resident (Other Employment),405 Investor Retirement,Temporary Resident - Other (Not Further Specified),Secondary,18
2024-03-31,Temporary Resident (Other Employment),407 Training,Temporary Resident - Other (Not Further Specified),Primary,3105
2024-03-31,Temporary Resident (Other Employment),407 Training,Temporary Resident - Other (Not Further Specified),Secondary,1042
2024-03-31,Temporary Resident (Other Employment),408 Temporary Activity,Australian Government Endorsed Events,Primary,77293
2024-03-31,Temporary Resident (Other Employment),408 Temporary Activity,Australian Government Endorsed Events,Secondary,14872
2024-03-31,Temporary Resident (Other Employment),408 Temporary Activity,Domestic Work (Executive),Primary,2
2024-03-31,Temporary Resident (Other Employment),408 Temporary Activity,Entertainment,Primary,2022
2024-03-31,Temporary Resident (Other Employment),408 Temporary Activity,Entertainment,Secondary,384
2024-03-31,Temporary Resident (Other Employment),408 Temporary Activity,Exchange Arrangements,Primary,32
2024-03-31,Temporary Resident (Other Employment),408 Temporary Activity,Exchange Arrangements,Secondary,21
2024-03-31,Temporary Resident (Other Employment),408 Temporary Activity,Invited for Other Social and Cultural Activity,Primary,740
2024-03-31,Temporary Resident (Other Employment),408 Temporary Activity,Invited for Other Social and Cultural Activity,Secondary,20
2024-03-31,Temporary Resident (Other Employment),408 Temporary Activity,Religious Work,Primary,1781
2024-03-31,Temporary Resident (Other Employment),408 Temporary Activity,Religious Work,Secondary,704
2024-03-31,Temporary Resident (Other Employment),408 Temporary Activity,Research Activities,Primary,2590
2024-03-31,Temporary Resident (Other Employment),408 Temporary Activity,Research Activities,Secondary,1120
2024-03-31,Temporary Resident (Other Employment),408 Temporary Activity,Special Programs,Primary,608
2024-03-31,Temporary Resident (Other Employment),408 Temporary Activity,Special Programs,Secondary,14
2024-03-31,Temporary Resident (Other Employment),408 Temporary Activity,Sporting Activities,Primary,538
2024-03-31,Temporary Resident (Other Employment),408 Temporary Activity,Sporting Activities,Secondary,185
2024-03-31,Temporary Resident (Other Employment),408 Temporary Activity,Superyacht Crew,Primary,115
2024-03-31,Temporary Resident (Other Employment),408 Temporary Activity,Superyacht Crew,Secondary,1
2024-03-31,Temporary Resident (Other Employment),410 Retirement,Temporary Resident - Other (Not Further Specified),Primary,889
2024-03-31,Temporary Resident (Other Employment),410 Retirement,Temporary Resident - Other (Not Further Specified),Secondary,449
2024-03-31,Temporary Resident (Other Employment),476 Skilled - Recognised Graduate,Temporary Resident - Other (Not Further Specified),Primary,3794
2024-03-31,Temporary Resident (Other Employment),476 Skilled - Recognised Graduate,Temporary Resident - Other (Not Further Specified),Secondary,747
2024-03-31,Temporary Resident (Other Employment),995 Diplomatic (Temporary),Diplomatic,Primary,2084
2024-03-31,Temporary Resident (Other Employment),995 Diplomatic (Temporary),Diplomatic,Secondary,2402
2024-03-31,Temporary Resident (Skilled Employment),457 Temporary Work (Skilled),Temporary Work Skilled,Primary,189
2024-03-31,Temporary Resident (Skilled Employment),457 Temporary Work (Skilled),Temporary Work Skilled,Secondary,168
2024-03-31,Temporary Resident (Skilled Employment),482 Skills In Demand,Temporary Skill Shortage,Primary,82213
2024-03-31,Temporary Resident (Skilled Employment),482 Skills In Demand,Temporary Skill Shortage,Secondary,71421
2024-03-31,Visitor,600 Visitor,Business,Primary,4752
2024-03-31,Visitor,600 Visitor,Tourist,Primary,238385
2024-03-31,Visitor,601 Electronic Travel Authority,Business,Primary,2356
2024-03-31,Visitor,601 Electronic Travel Authority,Tourist,Primary,82003
2024-03-31,Visitor,651 eVisitor,Business,Primary,1512
2024-03-31,Visitor,651 eVisitor,Tourist,Primary,75508
2024-03-31,Working Holiday Maker,417 Working Holiday,First Visa,Primary,108047
2024-03-31,Working Holiday Maker,417 Working Holiday,Offshore Nil VAC Visa,Primary,1146
2024-03-31,Working Holiday Maker,417 Working Holiday,Onshore Nil VAC Visa,Primary,3796
2024-03-31,Working Holiday Maker,417 Working Holiday,Second Visa,Primary,29993
2024-03-31,Working Holiday Maker,417 Working Holiday,Third Visa,Primary,3565
2024-03-31,Working Holiday Maker,462 Work and Holiday,First Visa,Primary,23092
2024-03-31,Working Holiday Maker,462 Work and Holiday,Offshore Nil VAC Visa,Primary,285
2024-03-31,Working Holiday Maker,462 Work and Holiday,Onshore Nil VAC Visa,Primary,712
2024-03-31,Working Holiday Maker,462 Work and Holiday,Second Visa,Primary,10684
2024-03-31,Working Holiday Maker,462 Work and Holiday,Third Visa,Primary,2348
2024-06-30,Bridging,Bridging Visas,Bridging,Primary,297076
2024-06-30,Bridging,Bridging Visas,Bridging,Secondary,295
2024-06-30,Bridging,Bridging Visas,Post-Vocational Education Work,Secondary,1
2024-06-30,Crew and Transit,771 Transit,Transit,Primary,316
2024-06-30,Crew and Transit,988 Maritime Crew Visa,Maritime Crew,Primary,15031
2024-06-30,Other Temporary,590 Student Guardian,Student Guardian,Primary,4223
2024-06-30,Other Temporary,590 Student Guardian,Student Guardian,Secondary,53
2024-06-30,Other Temporary,602 Medical Treatment,Medical stream,Primary,707
2024-06-30,Other Temporary,602 Medical Treatment,Medical stream,Secondary,33
2024-06-30,Other Temporary,773 Border,Border,Primary,10
2024-06-30,Special Category,444 Special Category,Special Category (Not Further Specified),Primary,210702
2024-06-30,Special Category,444 Special Category,Special Category (Not Further Specified),Secondary,2
2024-06-30,Special Category,444 Special Category,Standard or other,Primary,507061
2024-06-30,Student,500 Student,Foreign Affairs or Defence Sector,Primary,2301
2024-06-30,Student,500 Student,Foreign Affairs or Defence Sector,Secondary,1536
2024-06-30,Student,500 Student,Higher Education Sector,Primary,320555
2024-06-30,Student,500 Student,Higher Education Sector,Secondary,48043
2024-06-30,Student,500 Student,Independent ELICOS Sector,Primary,23799
2024-06-30,Student,500 Student,Independent ELICOS Sector,Secondary,2814
2024-06-30,Student,500 Student,Non-Award Sector,Primary,3908
2024-06-30,Student,500 Student,Non-Award Sector,Secondary,26
2024-06-30,Student,500 Student,Postgraduate Research Sector,Primary,18893
2024-06-30,Student,500 Student,Postgraduate Research Sector,Secondary,9198
2024-06-30,Student,500 Student,Schools Sector,Primary,12787
2024-06-30,Student,500 Student,Schools Sector,Secondary,5
2024-06-30,Student,500 Student,Vocational Education and Training Sector,Primary,141162
2024-06-30,Student,500 Student,Vocational Education and Training Sector,Secondary,23219
2024-06-30,Student,560 Student,Student (Not Further Specified),Primary,8
2024-06-30,Student,560 Student,Student (Not Further Specified),Secondary,3
2024-06-30,Student,571 Schools Sector,Schools Sector,Primary,1
2024-06-30,Student,572 Vocational Education and Training Sector,Vocational Education and Training Sector,Primary,1
2024-06-30,Student,573 Higher Education Sector,Higher Education Sector,Primary,1
2024-06-30,Student,573 Higher Education Sector,Higher Education Sector,Secondary,2
2024-06-30,Temporary Graduate,485 Temporary Graduate,Post-Higher Education Work,Primary,114264
2024-06-30,Temporary Graduate,485 Temporary Graduate,Post-Higher Education Work,Secondary,41428
2024-06-30,Temporary Graduate,485 Temporary Graduate,Post-Vocational Education Work,Primary,40896
2024-06-30,Temporary Graduate,485 Temporary Graduate,Post-Vocational Education Work,Secondary,19814
2024-06-30,Temporary Graduate,485 Temporary Graduate,Replacement,Primary,51
2024-06-30,Temporary Graduate,485 Temporary Graduate,Replacement,Secondary,31
2024-06-30,Temporary Graduate,485 Temporary Graduate,Temporary Resident - Other (Not Further Specified),Primary,3
2024-06-30,Temporary Graduate,485 Temporary Graduate,Temporary Resident - Other (Not Further Specified),Secondary,7
2024-06-30,Temporary Protection,785 Temporary Protection,Onshore Protection (Not Further Specified),Primary,209
2024-06-30,Temporary Protection,785 Temporary Protection,Onshore Protection (Not Further Specified),Secondary,50
2024-06-30,Temporary Protection,785 Temporary Protection,Standard or other,Primary,22
2024-06-30,Temporary Protection,785 Temporary Protection,Temporary Protection (Not Further Specified),Primary,201
2024-06-30,Temporary Protection,785 Temporary Protection,Temporary Protection (Not Further Specified),Secondary,95
2024-06-30,Temporary Protection,786 Temporary (Humanitarian Concern),Temporary Protection (Not Further Specified),Primary,3758
2024-06-30,Temporary Protection,786 Temporary (Humanitarian Concern),Temporary Protection (Not Further Specified),Secondary,4
2024-06-30,Temporary Protection,790 Safe Haven Enterprise,Onshore Protection (Not Further Specified),Primary,55
2024-06-30,Temporary Protection,790 Safe Haven Enterprise,Onshore Protection (Not Further Specified),Secondary,5
2024-06-30,Temporary Protection,790 Safe Haven Enterprise,Temporary Protection (Not Further Specified),Primary,957
2024-06-30,Temporary Protection,790 Safe Haven Enterprise,Temporary Protection (Not Further Specified),Secondary,371
2024-06-30,Temporary Resident (Other Employment),400 Temporary Work (Short Stay Activity),Australia's Interest,Primary,2
2024-06-30,Temporary Resident (Other Employment),400 Temporary Work (Short Stay Activity),Highly Specialised Work,Primary,4060
2024-06-30,Temporary Resident (Other Employment),400 Temporary Work (Short Stay Activity),Highly Specialised Work,Secondary,99
2024-06-30,Temporary Resident (Other Employment),403 Temporary Work (International Relations),Domestic Work (Diplomatic or Consular),Primary,19
2024-06-30,Temporary Resident (Other Employment),403 Temporary Work (International Relations),Foreign Government Agency,Primary,194
2024-06-30,Temporary Resident (Other Employment),403 Temporary Work (International Relations),Foreign Government Agency,Secondary,182
2024-06-30,Temporary Resident (Other Employment),403 Temporary Work (International Relations),Government Agreement,Primary,632
2024-06-30,Temporary Resident (Other Employment),403 Temporary Work (International Relations),Government Agreement,Secondary,293
2024-06-30,Temporary Resident (Other Employment),403 Temporary Work (International Relations),Pacific Australia Labour Mobility Scheme,Primary,27919
2024-06-30,Temporary Resident (Other Employment),403 Temporary Work (International Relations),Pacific Australia Labour Mobility Scheme,Secondary,6
2024-06-30,Temporary Resident (Other Employment),403 Temporary Work (International Relations),Pacific Labour Scheme,Primary,3506
2024-06-30,Temporary Resident (Other Employment),403 Temporary Work (International Relations),Pacific Labour Scheme,Secondary,8
2024-06-30,Temporary Resident (Other Employment),403 Temporary Work (International Relations),Privileges and immunities,Primary,39
2024-06-30,Temporary Resident (Other Employment),403 Temporary Work (International Relations),Privileges and immunities,Secondary,45
2024-06-30,Temporary Resident (Other Employment),403 Temporary Work (International Relations),Seasonal Worker Program,Primary,11
2024-06-30,Temporary Resident (Other Employment),405 Investor Retirement,Temporary Resident - Other (Not Further Specified),Primary,27
2024-06-30,Temporary Resident (Other Employment),405 Investor Retirement,Temporary Resident - Other (Not Further Specified),Secondary,15
2024-06-30,Temporary Resident (Other Employment),407 Training,Temporary Resident - Other (Not Further Specified),Primary,3007
2024-06-30,Temporary Resident (Other Employment),407 Training,Temporary Resident - Other (Not Further Specified),Secondary,1073
2024-06-30,Temporary Resident (Other Employment),408 Temporary Activity,Australian Government Endorsed Events,Primary,55148
2024-06-30,Temporary Resident (Other Employment),408 Temporary Activity,Australian Government Endorsed Events,Secondary,12963
2024-06-30,Temporary Resident (Other Employment),408 Temporary Activity,Domestic Work (Executive),Primary,1
2024-06-30,Temporary Resident (Other Employment),408 Temporary Activity,Entertainment,Primary,1445
2024-06-30,Temporary Resident (Other Employment),408 Temporary Activity,Entertainment,Secondary,403
2024-06-30,Temporary Resident (Other Employment),408 Temporary Activity,Exchange Arrangements,Primary,24
2024-06-30,Temporary Resident (Other Employment),408 Temporary Activity,Exchange Arrangements,Secondary,17
2024-06-30,Temporary Resident (Other Employment),408 Temporary Activity,Invited for Other Social and Cultural Activity,Primary,510
2024-06-30,Temporary Resident (Other Employment),408 Temporary Activity,Invited for Other Social and Cultural Activity,Secondary,13
2024-06-30,Temporary Resident (Other Employment),408 Temporary Activity,Religious Work,Primary,1677
2024-06-30,Temporary Resident (Other Employment),408 Temporary Activity,Religious Work,Secondary,666
2024-06-30,Temporary Resident (Other Employment),408 Temporary Activity,Research Activities,Primary,2515
2024-06-30,Temporary Resident (Other Employment),408 Temporary Activity,Research Activities,Secondary,1081
2024-06-30,Temporary Resident (Other Employment),408 Temporary Activity,Special Programs,Primary,506
2024-06-30,Temporary Resident (Other Employment),408 Temporary Activity,Special Programs,Secondary,17
2024-06-30,Temporary Resident (Other Employment),408 Temporary Activity,Sporting Activities,Primary,563
2024-06-30,Temporary Resident (Other Employment),408 Temporary Activity,Sporting Activities,Secondary,165
2024-06-30,Temporary Resident (Other Employment),408 Temporary Activity,Superyacht Crew,Primary,117
2024-06-30,Temporary Resident (Other Employment),410 Retirement,Temporary Resident - Other (Not Further Specified),Primary,840
2024-06-30,Temporary Resident (Other Employment),410 Retirement,Temporary Resident - Other (Not Further Specified),Secondary,414
2024-06-30,Temporary Resident (Other Employment),476 Skilled - Recognised Graduate,Temporary Resident - Other (Not Further Specified),Primary,3365
2024-06-30,Temporary Resident (Other Employment),476 Skilled - Recognised Graduate,Temporary Resident - Other (Not Further Specified),Secondary,445
2024-06-30,Temporary Resident (Other Employment),995 Diplomatic (Temporary),Diplomatic,Primary,2004
2024-06-30,Temporary Resident (Other Employment),995 Diplomatic (Temporary),Diplomatic,Secondary,2305
2024-06-30,Temporary Resident (Skilled Employment),457 Temporary Work (Skilled),Temporary Work Skilled,Primary,171
2024-06-30,Temporary Resident (Skilled Employment),457 Temporary Work (Skilled),Temporary Work Skilled,Secondary,151
2024-06-30,Temporary Resident (Skilled Employment),482 Skills In Demand,Temporary Skill Shortage,Primary,91127
2024-06-30,Temporary Resident (Skilled Employment),482 Skills In Demand,Temporary Skill Shortage,Secondary,77276
2024-06-30,Visitor,600 Visitor,Business,Primary,6522
2024-06-30,Visitor,600 Visitor,Tourist,Primary,244026
2024-06-30,Visitor,601 Electronic Travel Authority,Business,Primary,2999
2024-06-30,Visitor,601 Electronic Travel Authority,Tourist,Primary,58478
2024-06-30,Visitor,651 eVisitor,Business,Primary,1543
2024-06-30,Visitor,651 eVisitor,Tourist,Primary,24273
2024-06-30,Visitor,676 Tourist,Tourist,Primary,2
2024-06-30,Visitor,676 Tourist,Tourist,Secondary,1
2024-06-30,Visitor,976 Electronic Travel Authority (Visitor),Tourist,Primary,1
2024-06-30,Working Holiday Maker,417 Working Holiday,First Visa,Primary,97223
2024-06-30,Working Holiday Maker,417 Working Holiday,Offshore Nil VAC Visa,Primary,731
2024-06-30,Working Holiday Maker,417 Working Holiday,Onshore Nil VAC Visa,Primary,2670
2024-06-30,Working Holiday Maker,417 Working Holiday,Second Visa,Primary,30432
2024-06-30,Working Holiday Maker,417 Working Holiday,Third Visa,Primary,4342
2024-06-30,Working Holiday Maker,462 Work and Holiday,First Visa,Primary,21538
2024-06-30,Working Holiday Maker,462 Work and Holiday,First Visa,Secondary,1
2024-06-30,Working Holiday Maker,462 Work and Holiday,Offshore Nil VAC Visa,Primary,191
2024-06-30,Working Holiday Maker,462 Work and Holiday,Onshore Nil VAC Visa,Primary,488
2024-06-30,Working Holiday Maker,462 Work and Holiday,Second Visa,Primary,12480
2024-06-30,Working Holiday Maker,462 Work and Holiday,Third Visa,Primary,3120
2024-09-30,Bridging,Bridging Visas,Bridging,Primary,338157
2024-09-30,Bridging,Bridging Visas,Bridging,Secondary,273
2024-09-30,Bridging,Bridging Visas,Post-Vocational Education Work,Secondary,1
2024-09-30,Crew and Transit,771 Transit,Transit,Primary,257
2024-09-30,Crew and Transit,988 Maritime Crew Visa,Maritime Crew,Primary,14029
2024-09-30,Other Temporary,590 Student Guardian,Student Guardian,Primary,5027
2024-09-30,Other Temporary,590 Student Guardian,Student Guardian,Secondary,56
2024-09-30,Other Temporary,602 Medical Treatment,Medical stream,Primary,644
2024-09-30,Other Temporary,602 Medical Treatment,Medical stream,Secondary,33
2024-09-30,Other Temporary,773 Border,Border,Primary,12
2024-09-30,Special Category,444 Special Category,Special Category (Not Further Specified),Primary,201866
2024-09-30,Special Category,444 Special Category,Special Category (Not Further Specified),Secondary,2
2024-09-30,Special Category,444 Special Category,Standard or other,Primary,518496
2024-09-30,Student,500 Student,Foreign Affairs or Defence Sector,Primary,2212
2024-09-30,Student,500 Student,Foreign Affairs or Defence Sector,Secondary,1275
2024-09-30,Student,500 Student,Higher Education Sector,Primary,388866
2024-09-30,Student,500 Student,Higher Education Sector,Secondary,45423
2024-09-30,Student,500 Student,Independent ELICOS Sector,Primary,20530
2024-09-30,Student,500 Student,Independent ELICOS Sector,Secondary,2297
2024-09-30,Student,500 Student,Non-Award Sector,Primary,8991
2024-09-30,Student,500 Student,Non-Award Sector,Secondary,26
2024-09-30,Student,500 Student,Postgraduate Research Sector,Primary,20113
2024-09-30,Student,500 Student,Postgraduate Research Sector,Secondary,9327
2024-09-30,Student,500 Student,Schools Sector,Primary,16334
2024-09-30,Student,500 Student,Schools Sector,Secondary,5
2024-09-30,Student,500 Student,Vocational Education and Training Sector,Primary,136636
2024-09-30,Student,500 Student,Vocational Education and Training Sector,Secondary,22673
2024-09-30,Student,560 Student,Student (Not Further Specified),Primary,8
2024-09-30,Student,560 Student,Student (Not Further Specified),Secondary,3
2024-09-30,Student,571 Schools Sector,Schools Sector,Primary,1
2024-09-30,Student,572 Vocational Education and Training Sector,Vocational Education and Training Sector,Primary,1
2024-09-30,Student,573 Higher Education Sector,Higher Education Sector,Secondary,2
2024-09-30,Temporary Graduate,485 Temporary Graduate,Post-Higher Education Work,Primary,120746
2024-09-30,Temporary Graduate,485 Temporary Graduate,Post-Higher Education Work,Secondary,44053
2024-09-30,Temporary Graduate,485 Temporary Graduate,Post-Vocational Education Work,Primary,43585
2024-09-30,Temporary Graduate,485 Temporary Graduate,Post-Vocational Education Work,Secondary,19832
2024-09-30,Temporary Graduate,485 Temporary Graduate,Replacement,Primary,51
2024-09-30,Temporary Graduate,485 Temporary Graduate,Replacement,Secondary,36
2024-09-30,Temporary Graduate,485 Temporary Graduate,Temporary Resident - Other (Not Further Specified),Primary,3
2024-09-30,Temporary Graduate,485 Temporary Graduate,Temporary Resident - Other (Not Further Specified),Secondary,6
2024-09-30,Temporary Protection,785 Temporary Protection,Onshore Protection (Not Further Specified),Primary,140
2024-09-30,Temporary Protection,785 Temporary Protection,Onshore Protection (Not Further Specified),Secondary,28
2024-09-30,Temporary Protection,785 Temporary Protection,Standard or other,Primary,10
2024-09-30,Temporary Protection,785 Temporary Protection,Standard or other,Secondary,1
2024-09-30,Temporary Protection,785 Temporary Protection,Temporary Protection (Not Further Specified),Primary,163
2024-09-30,Temporary Protection,785 Temporary Protection,Temporary Protection (Not Further Specified),Secondary,73
2024-09-30,Temporary Protection,786 Temporary (Humanitarian Concern),Temporary Protection (Not Further Specified),Primary,3686
2024-09-30,Temporary Protection,786 Temporary (Humanitarian Concern),Temporary Protection (Not Further Specified),Secondary,4
2024-09-30,Temporary Protection,790 Safe Haven Enterprise,Onshore Protection (Not Further Specified),Primary,22
2024-09-30,Temporary Protection,790 Safe Haven Enterprise,Standard or other,Primary,20
2024-09-30,Temporary Protection,790 Safe Haven Enterprise,Temporary Protection (Not Further Specified),Primary,618
2024-09-30,Temporary Protection,790 Safe Haven Enterprise,Temporary Protection (Not Further Specified),Secondary,199
2024-09-30,Temporary Resident (Other Employment),400 Temporary Work (Short Stay Activity),Australia's Interest,Primary,7
2024-09-30,Temporary Resident (Other Employment),400 Temporary Work (Short Stay Activity),Highly Specialised Work,Primary,3530
2024-09-30,Temporary Resident (Other Employment),400 Temporary Work (Short Stay Activity),Highly Specialised Work,Secondary,95
2024-09-30,Temporary Resident (Other Employment),403 Temporary Work (International Relations),Domestic Work (Diplomatic or Consular),Primary,18
2024-09-30,Temporary Resident (Other Employment),403 Temporary Work (International Relations),Foreign Government Agency,Primary,213
2024-09-30,Temporary Resident (Other Employment),403 Temporary Work (International Relations),Foreign Government Agency,Secondary,214
2024-09-30,Temporary Resident (Other Employment),403 Temporary Work (International Relations),Government Agreement,Primary,701
2024-09-30,Temporary Resident (Other Employment),403 Temporary Work (International Relations),Government Agreement,Secondary,307
2024-09-30,Temporary Resident (Other Employment),403 Temporary Work (International Relations),Pacific Australia Labour Mobility Scheme,Primary,28266
2024-09-30,Temporary Resident (Other Employment),403 Temporary Work (International Relations),Pacific Australia Labour Mobility Scheme,Secondary,17
2024-09-30,Temporary Resident (Other Employment),403 Temporary Work (International Relations),Pacific Labour Scheme,Primary,2366
2024-09-30,Temporary Resident (Other Employment),403 Temporary Work (International Relations),Pacific Labour Scheme,Secondary,2
2024-09-30,Temporary Resident (Other Employment),403 Temporary Work (International Relations),Privileges and immunities,Primary,39
2024-09-30,Temporary Resident (Other Employment),403 Temporary Work (International Relations),Privileges and immunities,Secondary,39
2024-09-30,Temporary Resident (Other Employment),403 Temporary Work (International Relations),Seasonal Worker Program,Primary,25
2024-09-30,Temporary Resident (Other Employment),405 Investor Retirement,Temporary Resident - Other (Not Further Specified),Primary,29
2024-09-30,Temporary Resident (Other Employment),405 Investor Retirement,Temporary Resident - Other (Not Further Specified),Secondary,15
2024-09-30,Temporary Resident (Other Employment),407 Training,Temporary Resident - Other (Not Further Specified),Primary,3363
2024-09-30,Temporary Resident (Other Employment),407 Training,Temporary Resident - Other (Not Further Specified),Secondary,1222
2024-09-30,Temporary Resident (Other Employment),408 Temporary Activity,Australian Government Endorsed Events,Primary,16253
2024-09-30,Temporary Resident (Other Employment),408 Temporary Activity,Australian Government Endorsed Events,Secondary,7291
2024-09-30,Temporary Resident (Other Employment),408 Temporary Activity,Domestic Work (Executive),Primary,3
2024-09-30,Temporary Resident (Other Employment),408 Temporary Activity,Entertainment,Primary,1777
2024-09-30,Temporary Resident (Other Employment),408 Temporary Activity,Entertainment,Secondary,457
2024-09-30,Temporary Resident (Other Employment),408 Temporary Activity,Exchange Arrangements,Primary,21
2024-09-30,Temporary Resident (Other Employment),408 Temporary Activity,Exchange Arrangements,Secondary,16
2024-09-30,Temporary Resident (Other Employment),408 Temporary Activity,Invited for Other Social and Cultural Activity,Primary,386
2024-09-30,Temporary Resident (Other Employment),408 Temporary Activity,Invited for Other Social and Cultural Activity,Secondary,26
2024-09-30,Temporary Resident (Other Employment),408 Temporary Activity,Religious Work,Primary,1564
2024-09-30,Temporary Resident (Other Employment),408 Temporary Activity,Religious Work,Secondary,605
2024-09-30,Temporary Resident (Other Employment),408 Temporary Activity,Research Activities,Primary,2352
2024-09-30,Temporary Resident (Other Employment),408 Temporary Activity,Research Activities,Secondary,1065
2024-09-30,Temporary Resident (Other Employment),408 Temporary Activity,Special Programs,Primary,485
2024-09-30,Temporary Resident (Other Employment),408 Temporary Activity,Special Programs,Secondary,63
2024-09-30,Temporary Resident (Other Employment),408 Temporary Activity,Sporting Activities,Primary,486
2024-09-30,Temporary Resident (Other Employment),408 Temporary Activity,Sporting Activities,Secondary,175
2024-09-30,Temporary Resident (Other Employment),408 Temporary Activity,Superyacht Crew,Primary,132
2024-09-30,Temporary Resident (Other Employment),410 Retirement,Temporary Resident - Other (Not Further Specified),Primary,836
2024-09-30,Temporary Resident (Other Employment),410 Retirement,Temporary Resident - Other (Not Further Specified),Secondary,421
2024-09-30,Temporary Resident (Other Employment),476 Skilled - Recognised Graduate,Temporary Resident - Other (Not Further Specified),Primary,3564
2024-09-30,Temporary Resident (Other Employment),476 Skilled - Recognised Graduate,Temporary Resident - Other (Not Further Specified),Secondary,403
2024-09-30,Temporary Resident (Other Employment),995 Diplomatic (Temporary),Diplomatic,Primary,2112
2024-09-30,Temporary Resident (Other Employment),995 Diplomatic (Temporary),Diplomatic,Secondary,2448
2024-09-30,Temporary Resident (Skilled Employment),457 Temporary Work (Skilled),Temporary Work Skilled,Primary,142
2024-09-30,Temporary Resident (Skilled Employment),457 Temporary Work (Skilled),Temporary Work Skilled,Secondary,135
2024-09-30,Temporary Resident (Skilled Employment),482 Skills In Demand,Temporary Skill Shortage,Primary,99921
2024-09-30,Temporary Resident (Skilled Employment),482 Skills In Demand,Temporary Skill Shortage,Secondary,83537
2024-09-30,Visitor,600 Visitor,Business,Primary,6528
2024-09-30,Visitor,600 Visitor,Tourist,Primary,232489
2024-09-30,Visitor,601 Electronic Travel Authority,Business,Primary,3729
2024-09-30,Visitor,601 Electronic Travel Authority,Tourist,Primary,49629
2024-09-30,Visitor,651 eVisitor,Business,Primary,2319
2024-09-30,Visitor,651 eVisitor,Tourist,Primary,38389
2024-09-30,Visitor,676 Tourist,Tourist,Primary,1
2024-09-30,Working Holiday Maker,417 Working Holiday,First Visa,Primary,97404
2024-09-30,Working Holiday Maker,417 Working Holiday,Offshore Nil VAC Visa,Primary,410
2024-09-30,Working Holiday Maker,417 Working Holiday,Onshore Nil VAC Visa,Primary,2175
2024-09-30,Working Holiday Maker,417 Working Holiday,Second Visa,Primary,44814
2024-09-30,Working Holiday Maker,417 Working Holiday,Third Visa,Primary,8490
2024-09-30,Working Holiday Maker,462 Work and Holiday,First Visa,Primary,19043
2024-09-30,Working Holiday Maker,462 Work and Holiday,Offshore Nil VAC Visa,Primary,93
2024-09-30,Working Holiday Maker,462 Work and Holiday,Onshore Nil VAC Visa,Primary,375
2024-09-30,Working Holiday Maker,462 Work and Holiday,Second Visa,Primary,15115
2024-09-30,Working Holiday Maker,462 Work and Holiday,Third Visa,Primary,4712
2024-12-31,Bridging,Bridging Visas,Bridging,Primary,342242
2024-12-31,Bridging,Bridging Visas,Bridging,Secondary,264
2024-12-31,Crew and Transit,771 Transit,Transit,Primary,136
2024-12-31,Crew and Transit,988 Maritime Crew Visa,Maritime Crew,Primary,24991
2024-12-31,Other Temporary,590 Student Guardian,Student Guardian,Primary,3016
2024-12-31,Other Temporary,590 Student Guardian,Student Guardian,Secondary,34
2024-12-31,Other Temporary,602 Medical Treatment,Medical stream,Primary,533
2024-12-31,Other Temporary,602 Medical Treatment,Medical stream,Secondary,33
2024-12-31,Other Temporary,773 Border,Border,Primary,10
2024-12-31,Special Category,444 Special Category,Special Category (Not Further Specified),Primary,192463
2024-12-31,Special Category,444 Special Category,Special Category (Not Further Specified),Secondary,2
2024-12-31,Special Category,444 Special Category,Standard or other,Primary,508815
2024-12-31,Student,500 Student,Foreign Affairs or Defence Sector,Primary,1121
2024-12-31,Student,500 Student,Foreign Affairs or Defence Sector,Secondary,1035
2024-12-31,Student,500 Student,Higher Education Sector,Primary,276678
2024-12-31,Student,500 Student,Higher Education Sector,Secondary,45985
2024-12-31,Student,500 Student,Independent ELICOS Sector,Primary,16859
2024-12-31,Student,500 Student,Independent ELICOS Sector,Secondary,1919
2024-12-31,Student,500 Student,Non-Award Sector,Primary,3134
2024-12-31,Student,500 Student,Non-Award Sector,Secondary,20
2024-12-31,Student,500 Student,Postgraduate Research Sector,Primary,16458
2024-12-31,Student,500 Student,Postgraduate Research Sector,Secondary,8328
2024-12-31,Student,500 Student,Schools Sector,Primary,8223
2024-12-31,Student,500 Student,Schools Sector,Secondary,2
2024-12-31,Student,500 Student,Vocational Education and Training Sector,Primary,121182
2024-12-31,Student,500 Student,Vocational Education and Training Sector,Secondary,21225
2024-12-31,Student,560 Student,Student (Not Further Specified),Primary,8
2024-12-31,Student,560 Student,Student (Not Further Specified),Secondary,3
2024-12-31,Student,572 Vocational Education and Training Sector,Vocational Education and Training Sector,Primary,1
2024-12-31,Student,573 Higher Education Sector,Higher Education Sector,Secondary,2
2024-12-31,Temporary Graduate,485 Temporary Graduate,Post-Higher Education Work,Primary,105926
2024-12-31,Temporary Graduate,485 Temporary Graduate,Post-Higher Education Work,Secondary,44896
2024-12-31,Temporary Graduate,485 Temporary Graduate,Post-Vocational Education Work,Primary,29855
2024-12-31,Temporary Graduate,485 Temporary Graduate,Post-Vocational Education Work,Secondary,14533
2024-12-31,Temporary Graduate,485 Temporary Graduate,Replacement,Primary,47
2024-12-31,Temporary Graduate,485 Temporary Graduate,Replacement,Secondary,39
2024-12-31,Temporary Graduate,485 Temporary Graduate,Temporary Resident - Other (Not Further Specified),Primary,2
2024-12-31,Temporary Graduate,485 Temporary Graduate,Temporary Resident - Other (Not Further Specified),Secondary,6
2024-12-31,Temporary Protection,785 Temporary Protection,Onshore Protection (Not Further Specified),Primary,109
2024-12-31,Temporary Protection,785 Temporary Protection,Onshore Protection (Not Further Specified),Secondary,18
2024-12-31,Temporary Protection,785 Temporary Protection,Standard or other,Primary,6
2024-12-31,Temporary Protection,785 Temporary Protection,Temporary Protection (Not Further Specified),Primary,133
2024-12-31,Temporary Protection,785 Temporary Protection,Temporary Protection (Not Further Specified),Secondary,54
2024-12-31,Temporary Protection,786 Temporary (Humanitarian Concern),Temporary Protection (Not Further Specified),Primary,3495
2024-12-31,Temporary Protection,786 Temporary (Humanitarian Concern),Temporary Protection (Not Further Specified),Secondary,3
2024-12-31,Temporary Protection,790 Safe Haven Enterprise,Onshore Protection (Not Further Specified),Primary,16
2024-12-31,Temporary Protection,790 Safe Haven Enterprise,Standard or other,Primary,13
2024-12-31,Temporary Protection,790 Safe Haven Enterprise,Temporary Protection (Not Further Specified),Primary,473
2024-12-31,Temporary Protection,790 Safe Haven Enterprise,Temporary Protection (Not Further Specified),Secondary,161
2024-12-31,Temporary Resident (Other Employment),400 Temporary Work (Short Stay Activity),Australia's Interest,Primary,6
2024-12-31,Temporary Resident (Other Employment),400 Temporary Work (Short Stay Activity),Highly Specialised Work,Primary,2286
2024-12-31,Temporary Resident (Other Employment),400 Temporary Work (Short Stay Activity),Highly Specialised Work,Secondary,78
2024-12-31,Temporary Resident (Other Employment),403 Temporary Work (International Relations),Domestic Work (Diplomatic or Consular),Primary,14
2024-12-31,Temporary Resident (Other Employment),403 Temporary Work (International Relations),Foreign Government Agency,Primary,179
2024-12-31,Temporary Resident (Other Employment),403 Temporary Work (International Relations),Foreign Government Agency,Secondary,183
2024-12-31,Temporary Resident (Other Employment),403 Temporary Work (International Relations),Government Agreement,Primary,570
2024-12-31,Temporary Resident (Other Employment),403 Temporary Work (International Relations),Government Agreement,Secondary,273
2024-12-31,Temporary Resident (Other Employment),403 Temporary Work (International Relations),Pacific Australia Labour Mobility Scheme,Primary,26013
2024-12-31,Temporary Resident (Other Employment),403 Temporary Work (International Relations),Pacific Australia Labour Mobility Scheme,Secondary,46
2024-12-31,Temporary Resident (Other Employment),403 Temporary Work (International Relations),Pacific Labour Scheme,Primary,1160
2024-12-31,Temporary Resident (Other Employment),403 Temporary Work (International Relations),Pacific Labour Scheme,Secondary,1
2024-12-31,Temporary Resident (Other Employment),403 Temporary Work (International Relations),Privileges and immunities,Primary,30
2024-12-31,Temporary Resident (Other Employment),403 Temporary Work (International Relations),Privileges and immunities,Secondary,38
2024-12-31,Temporary Resident (Other Employment),403 Temporary Work (International Relations),Seasonal Worker Program,Primary,28
2024-12-31,Temporary Resident (Other Employment),405 Investor Retirement,Temporary Resident - Other (Not Further Specified),Primary,30
2024-12-31,Temporary Resident (Other Employment),405 Investor Retirement,Temporary Resident - Other (Not Further Specified),Secondary,20
2024-12-31,Temporary Resident (Other Employment),407 Training,Temporary Resident - Other (Not Further Specified),Primary,3075
2024-12-31,Temporary Resident (Other Employment),407 Training,Temporary Resident - Other (Not Further Specified),Secondary,1211
2024-12-31,Temporary Resident (Other Employment),408 Temporary Activity,Australian Government Endorsed Events,Primary,8155
2024-12-31,Temporary Resident (Other Employment),408 Temporary Activity,Australian Government Endorsed Events,Secondary,4317
2024-12-31,Temporary Resident (Other Employment),408 Temporary Activity,Domestic Work (Executive),Primary,2
2024-12-31,Temporary Resident (Other Employment),408 Temporary Activity,Entertainment,Primary,1275
2024-12-31,Temporary Resident (Other Employment),408 Temporary Activity,Entertainment,Secondary,442
2024-12-31,Temporary Resident (Other Employment),408 Temporary Activity,Exchange Arrangements,Primary,20
2024-12-31,Temporary Resident (Other Employment),408 Temporary Activity,Exchange Arrangements,Secondary,17
2024-12-31,Temporary Resident (Other Employment),408 Temporary Activity,Invited for Other Social and Cultural Activity,Primary,1213
2024-12-31,Temporary Resident (Other Employment),408 Temporary Activity,Invited for Other Social and Cultural Activity,Secondary,24
2024-12-31,Temporary Resident (Other Employment),408 Temporary Activity,Religious Work,Primary,1505
2024-12-31,Temporary Resident (Other Employment),408 Temporary Activity,Religious Work,Secondary,540
2024-12-31,Temporary Resident (Other Employment),408 Temporary Activity,Research Activities,Primary,1836
2024-12-31,Temporary Resident (Other Employment),408 Temporary Activity,Research Activities,Secondary,1003
2024-12-31,Temporary Resident (Other Employment),408 Temporary Activity,Special Programs,Primary,192
2024-12-31,Temporary Resident (Other Employment),408 Temporary Activity,Special Programs,Secondary,15
2024-12-31,Temporary Resident (Other Employment),408 Temporary Activity,Sporting Activities,Primary,494
2024-12-31,Temporary Resident (Other Employment),408 Temporary Activity,Sporting Activities,Secondary,207
2024-12-31,Temporary Resident (Other Employment),408 Temporary Activity,Superyacht Crew,Primary,99
2024-12-31,Temporary Resident (Other Employment),410 Retirement,Temporary Resident - Other (Not Further Specified),Primary,872
2024-12-31,Temporary Resident (Other Employment),410 Retirement,Temporary Resident - Other (Not Further Specified),Secondary,442
2024-12-31,Temporary Resident (Other Employment),476 Skilled - Recognised Graduate,Temporary Resident - Other (Not Further Specified),Primary,3044
2024-12-31,Temporary Resident (Other Employment),476 Skilled - Recognised Graduate,Temporary Resident - Other (Not Further Specified),Secondary,319
2024-12-31,Temporary Resident (Other Employment),995 Diplomatic (Temporary),Diplomatic,Primary,1965
2024-12-31,Temporary Resident (Other Employment),995 Diplomatic (Temporary),Diplomatic,Secondary,2220
2024-12-31,Temporary Resident (Skilled Employment),457 Temporary Work (Skilled),Temporary Work Skilled,Primary,117
2024-12-31,Temporary Resident (Skilled Employment),457 Temporary Work (Skilled),Temporary Work Skilled,Secondary,107
2024-12-31,Temporary Resident (Skilled Employment),482 Skills In Demand,Skills In Demand,Primary,189
2024-12-31,Temporary Resident (Skilled Employment),482 Skills In Demand,Skills In Demand,Secondary,131
2024-12-31,Temporary Resident (Skilled Employment),482 Skills In Demand,Temporary Skill Shortage,Primary,86855
2024-12-31,Temporary Resident (Skilled Employment),482 Skills In Demand,Temporary Skill Shortage,Secondary,79431
2024-12-31,Visitor,600 Visitor,Business,Primary,4844
2024-12-31,Visitor,600 Visitor,Tourist,Primary,332973
2024-12-31,Visitor,601 Electronic Travel Authority,Business,Primary,1835
2024-12-31,Visitor,601 Electronic Travel Authority,Tourist,Primary,137142
2024-12-31,Visitor,651 eVisitor,Business,Primary,1214
2024-12-31,Visitor,651 eVisitor,Tourist,Primary,151064
2024-12-31,Visitor,676 Tourist,Tourist,Primary,3
2024-12-31,Working Holiday Maker,417 Working Holiday,First Visa,Primary,105889
2024-12-31,Working Holiday Maker,417 Working Holiday,Offshore Nil VAC Visa,Primary,32
2024-12-31,Working Holiday Maker,417 Working Holiday,Onshore Nil VAC Visa,Primary,17
2024-12-31,Working Holiday Maker,417 Working Holiday,Second Visa,Primary,47282
2024-12-31,Working Holiday Maker,417 Working Holiday,Third Visa,Primary,10835
2024-12-31,Working Holiday Maker,462 Work and Holiday,First Visa,Primary,21114
2024-12-31,Working Holiday Maker,462 Work and Holiday,Offshore Nil VAC Visa,Primary,6
2024-12-31,Working Holiday Maker,462 Work and Holiday,Onshore Nil VAC Visa,Primary,3
2024-12-31,Working Holiday Maker,462 Work and Holiday,Second Visa,Primary,15002
2024-12-31,Working Holiday Maker,462 Work and Holiday,Third Visa,Primary,6007
2025-03-31,Bridging,Bridging Visas,Bridging,Primary,379540
2025-03-31,Bridging,Bridging Visas,Bridging,Secondary,264
2025-03-31,Crew and Transit,771 Transit,Transit,Primary,371
2025-03-31,Crew and Transit,988 Maritime Crew Visa,Maritime Crew,Primary,20829
2025-03-31,Other Temporary,590 Student Guardian,Student Guardian,Primary,5120
2025-03-31,Other Temporary,590 Student Guardian,Student Guardian,Secondary,49
2025-03-31,Other Temporary,602 Medical Treatment,Medical stream,Primary,487
2025-03-31,Other Temporary,602 Medical Treatment,Medical stream,Secondary,34
2025-03-31,Other Temporary,773 Border,Border,Primary,8
2025-03-31,Special Category,444 Special Category,Special Category (Not Further Specified),Primary,720690
2025-03-31,Special Category,444 Special Category,Special Category (Not Further Specified),Secondary,2
2025-03-31,Student,500 Student,Foreign Affairs or Defence Sector,Primary,2468
2025-03-31,Student,500 Student,Foreign Affairs or Defence Sector,Secondary,1360
2025-03-31,Student,500 Student,Higher Education Sector,Primary,405625
2025-03-31,Student,500 Student,Higher Education Sector,Secondary,42988
2025-03-31,Student,500 Student,Independent ELICOS Sector,Primary,16265
2025-03-31,Student,500 Student,Independent ELICOS Sector,Secondary,1893
2025-03-31,Student,500 Student,Non-Award Sector,Primary,9692
2025-03-31,Student,500 Student,Non-Award Sector,Secondary,23
2025-03-31,Student,500 Student,Postgraduate Research Sector,Primary,21031
2025-03-31,Student,500 Student,Postgraduate Research Sector,Secondary,9747
2025-03-31,Student,500 Student,Schools Sector,Primary,17198
2025-03-31,Student,500 Student,Vocational Education and Training Sector,Primary,123050
2025-03-31,Student,500 Student,Vocational Education and Training Sector,Secondary,21627
2025-03-31,Student,560 Student,Student (Not Further Specified),Primary,8
2025-03-31,Student,560 Student,Student (Not Further Specified),Secondary,3
2025-03-31,Student,571 Schools Sector,Schools Sector,Primary,1
2025-03-31,Student,572 Vocational Education and Training Sector,Vocational Education and Training Sector,Primary,1
2025-03-31,Student,573 Higher Education Sector,Higher Education Sector,Secondary,2
2025-03-31,Temporary Graduate,485 Temporary Graduate,Post-Higher Education Work,Primary,132726
2025-03-31,Temporary Graduate,485 Temporary Graduate,Post-Higher Education Work,Secondary,50334
2025-03-31,Temporary Graduate,485 Temporary Graduate,Post-Vocational Education Work,Primary,26853
2025-03-31,Temporary Graduate,485 Temporary Graduate,Post-Vocational Education Work,Secondary,12179
2025-03-31,Temporary Graduate,485 Temporary Graduate,Replacement,Primary,49
2025-03-31,Temporary Graduate,485 Temporary Graduate,Replacement,Secondary,42
2025-03-31,Temporary Graduate,485 Temporary Graduate,Temporary Resident - Other (Not Further Specified),Primary,3
2025-03-31,Temporary Graduate,485 Temporary Graduate,Temporary Resident - Other (Not Further Specified),Secondary,4
2025-03-31,Temporary Protection,785 Temporary Protection,Onshore Protection (Not Further Specified),Primary,81
2025-03-31,Temporary Protection,785 Temporary Protection,Onshore Protection (Not Further Specified),Secondary,13
2025-03-31,Temporary Protection,785 Temporary Protection,Standard or other,Primary,5
2025-03-31,Temporary Protection,785 Temporary Protection,Temporary Protection (Not Further Specified),Primary,112
2025-03-31,Temporary Protection,785 Temporary Protection,Temporary Protection (Not Further Specified),Secondary,49
2025-03-31,Temporary Protection,786 Temporary (Humanitarian Concern),Temporary Protection (Not Further Specified),Primary,2974
2025-03-31,Temporary Protection,786 Temporary (Humanitarian Concern),Temporary Protection (Not Further Specified),Secondary,3
2025-03-31,Temporary Protection,790 Safe Haven Enterprise,Onshore Protection (Not Further Specified),Primary,11
2025-03-31,Temporary Protection,790 Safe Haven Enterprise,Standard or other,Primary,10
2025-03-31,Temporary Protection,790 Safe Haven Enterprise,Temporary Protection (Not Further Specified),Primary,396
2025-03-31,Temporary Protection,790 Safe Haven Enterprise,Temporary Protection (Not Further Specified),Secondary,138
2025-03-31,Temporary Resident (Other Employment),400 Temporary Work (Short Stay Activity),Australia's Interest,Primary,9
2025-03-31,Temporary Resident (Other Employment),400 Temporary Work (Short Stay Activity),Highly Specialised Work,Primary,3311
2025-03-31,Temporary Resident (Other Employment),400 Temporary Work (Short Stay Activity),Highly Specialised Work,Secondary,75
2025-03-31,Temporary Resident (Other Employment),403 Temporary Work (International Relations),Domestic Work (Diplomatic or Consular),Primary,20
2025-03-31,Temporary Resident (Other Employment),403 Temporary Work (International Relations),Foreign Government Agency,Primary,201
2025-03-31,Temporary Resident (Other Employment),403 Temporary Work (International Relations),Foreign Government Agency,Secondary,216
2025-03-31,Temporary Resident (Other Employment),403 Temporary Work (International Relations),Government Agreement,Primary,766
2025-03-31,Temporary Resident (Other Employment),403 Temporary Work (International Relations),Government Agreement,Secondary,335
2025-03-31,Temporary Resident (Other Employment),403 Temporary Work (International Relations),Mobility Arrangement for Talented Early-professionals Scheme,Primary,1
2025-03-31,Temporary Resident (Other Employment),403 Temporary Work (International Relations),Pacific Australia Labour Mobility Scheme,Primary,30783
2025-03-31,Temporary Resident (Other Employment),403 Temporary Work (International Relations),Pacific Australia Labour Mobility Scheme,Secondary,199
2025-03-31,Temporary Resident (Other Employment),403 Temporary Work (International Relations),Pacific Labour Scheme,Primary,504
2025-03-31,Temporary Resident (Other Employment),403 Temporary Work (International Relations),Pacific Labour Scheme,Secondary,3
2025-03-31,Temporary Resident (Other Employment),403 Temporary Work (International Relations),Privileges and immunities,Primary,39
2025-03-31,Temporary Resident (Other Employment),403 Temporary Work (International Relations),Privileges and immunities,Secondary,44
2025-03-31,Temporary Resident (Other Employment),403 Temporary Work (International Relations),Seasonal Worker Program,Primary,24
2025-03-31,Temporary Resident (Other Employment),405 Investor Retirement,Temporary Resident - Other (Not Further Specified),Primary,26
2025-03-31,Temporary Resident (Other Employment),405 Investor Retirement,Temporary Resident - Other (Not Further Specified),Secondary,18
2025-03-31,Temporary Resident (Other Employment),407 Training,Temporary Resident - Other (Not Further Specified),Primary,3800
2025-03-31,Temporary Resident (Other Employment),407 Training,Temporary Resident - Other (Not Further Specified),Secondary,1342
2025-03-31,Temporary Resident (Other Employment),408 Temporary Activity,Australian Government Endorsed Events,Primary,5812
2025-03-31,Temporary Resident (Other Employment),408 Temporary Activity,Australian Government Endorsed Events,Secondary,2952
2025-03-31,Temporary Resident (Other Employment),408 Temporary Activity,Domestic Work (Executive),Primary,3
2025-03-31,Temporary Resident (Other Employment),408 Temporary Activity,Entertainment,Primary,1642
2025-03-31,Temporary Resident (Other Employment),408 Temporary Activity,Entertainment,Secondary,456
2025-03-31,Temporary Resident (Other Employment),408 Temporary Activity,Exchange Arrangements,Primary,28
2025-03-31,Temporary Resident (Other Employment),408 Temporary Activity,Exchange Arrangements,Secondary,10
2025-03-31,Temporary Resident (Other Employment),408 Temporary Activity,Invited for Other Social and Cultural Activity,Primary,521
2025-03-31,Temporary Resident (Other Employment),408 Temporary Activity,Invited for Other Social and Cultural Activity,Secondary,19
2025-03-31,Temporary Resident (Other Employment),408 Temporary Activity,Religious Work,Primary,1653
2025-03-31,Temporary Resident (Other Employment),408 Temporary Activity,Religious Work,Secondary,656
2025-03-31,Temporary Resident (Other Employment),408 Temporary Activity,Research Activities,Primary,1702
2025-03-31,Temporary Resident (Other Employment),408 Temporary Activity,Research Activities,Secondary,926
2025-03-31,Temporary Resident (Other Employment),408 Temporary Activity,Special Programs,Primary,446
2025-03-31,Temporary Resident (Other Employment),408 Temporary Activity,Special Programs,Secondary,7
2025-03-31,Temporary Resident (Other Employment),408 Temporary Activity,Sporting Activities,Primary,576
2025-03-31,Temporary Resident (Other Employment),408 Temporary Activity,Sporting Activities,Secondary,194
2025-03-31,Temporary Resident (Other Employment),408 Temporary Activity,Superyacht Crew,Primary,75
2025-03-31,Temporary Resident (Other Employment),410 Retirement,Temporary Resident - Other (Not Further Specified),Primary,856
2025-03-31,Temporary Resident (Other Employment),410 Retirement,Temporary Resident - Other (Not Further Specified),Secondary,434
2025-03-31,Temporary Resident (Other Employment),476 Skilled - Recognised Graduate,Temporary Resident - Other (Not Further Specified),Primary,2381
2025-03-31,Temporary Resident (Other Employment),476 Skilled - Recognised Graduate,Temporary Resident - Other (Not Further Specified),Secondary,204
2025-03-31,Temporary Resident (Other Employment),995 Diplomatic (Temporary),Diplomatic,Primary,2109
2025-03-31,Temporary Resident (Other Employment),995 Diplomatic (Temporary),Diplomatic,Secondary,2551
2025-03-31,Temporary Resident (Skilled Employment),457 Temporary Work (Skilled),Temporary Work Skilled,Primary,104
2025-03-31,Temporary Resident (Skilled Employment),457 Temporary Work (Skilled),Temporary Work Skilled,Secondary,95
2025-03-31,Temporary Resident (Skilled Employment),482 Skills In Demand,Skills In Demand,Primary,5859
2025-03-31,Temporary Resident (Skilled Employment),482 Skills In Demand,Skills In Demand,Secondary,4396
2025-03-31,Temporary Resident (Skilled Employment),482 Skills In Demand,Temporary Skill Shortage,Primary,104779
2025-03-31,Temporary Resident (Skilled Employment),482 Skills In Demand,Temporary Skill Shortage,Secondary,89579
2025-03-31,Visitor,600 Visitor,Business,Primary,6682
2025-03-31,Visitor,600 Visitor,Tourist,Primary,227604
2025-03-31,Visitor,601 Electronic Travel Authority,Business,Primary,4382
2025-03-31,Visitor,601 Electronic Travel Authority,Tourist,Primary,72788
2025-03-31,Visitor,651 eVisitor,Business,Primary,2556
2025-03-31,Visitor,651 eVisitor,Tourist,Primary,59879
2025-03-31,Visitor,676 Tourist,Tourist,Primary,1
2025-03-31,Working Holiday Maker,417 Working Holiday,First Visa,Primary,105338
2025-03-31,Working Holiday Maker,417 Working Holiday,Offshore Nil VAC Visa,Primary,1
2025-03-31,Working Holiday Maker,417 Working Holiday,Onshore Nil VAC Visa,Primary,10
2025-03-31,Working Holiday Maker,417 Working Holiday,Second Visa,Primary,56722
2025-03-31,Working Holiday Maker,417 Working Holiday,Third Visa,Primary,16962
2025-03-31,Working Holiday Maker,462 Work and Holiday,First Visa,Primary,22030
2025-03-31,Working Holiday Maker,462 Work and Holiday,First Visa,Secondary,1
2025-03-31,Working Holiday Maker,462 Work and Holiday,Second Visa,Primary,15099
2025-03-31,Working Holiday Maker,462 Work and Holiday,Third Visa,Primary,7852
2025-06-30,Bridging,Bridging Visas,Bridging,Primary,369352
2025-06-30,Bridging,Bridging Visas,Bridging,Secondary,275
2025-06-30,Crew and Transit,771 Transit,Transit,Primary,286
2025-06-30,Crew and Transit,988 Maritime Crew Visa,Maritime Crew,Primary,13496
2025-06-30,Other Temporary,590 Student Guardian,Student Guardian,Primary,4543
2025-06-30,Other Temporary,590 Student Guardian,Student Guardian,Secondary,40
2025-06-30,Other Temporary,602 Medical Treatment,Medical stream,Primary,580
2025-06-30,Other Temporary,602 Medical Treatment,Medical stream,Secondary,29
2025-06-30,Other Temporary,773 Border,Border,Primary,10
2025-06-30,Special Category,444 Special Category,Special Category (Not Further Specified),Primary,180722
2025-06-30,Special Category,444 Special Category,Special Category (Not Further Specified),Secondary,2
2025-06-30,Special Category,444 Special Category,Standard or other,Primary,555507
2025-06-30,Student,500 Student,Foreign Affairs or Defence Sector,Primary,2403
2025-06-30,Student,500 Student,Foreign Affairs or Defence Sector,Secondary,1483
2025-06-30,Student,500 Student,Higher Education Sector,Primary,342360
2025-06-30,Student,500 Student,Higher Education Sector,Secondary,44640
2025-06-30,Student,500 Student,Independent ELICOS Sector,Primary,14282
2025-06-30,Student,500 Student,Independent ELICOS Sector,Secondary,1604
2025-06-30,Student,500 Student,Non-Award Sector,Primary,3737
2025-06-30,Student,500 Student,Non-Award Sector,Secondary,20
2025-06-30,Student,500 Student,Postgraduate Research Sector,Primary,20882
2025-06-30,Student,500 Student,Postgraduate Research Sector,Secondary,10244
2025-06-30,Student,500 Student,Schools Sector,Primary,14304
2025-06-30,Student,500 Student,Vocational Education and Training Sector,Primary,115678
2025-06-30,Student,500 Student,Vocational Education and Training Sector,Secondary,20689
2025-06-30,Student,560 Student,Student (Not Further Specified),Primary,8
2025-06-30,Student,560 Student,Student (Not Further Specified),Secondary,4
2025-06-30,Student,571 Schools Sector,Schools Sector,Primary,1
2025-06-30,Student,572 Vocational Education and Training Sector,Vocational Education and Training Sector,Primary,1
2025-06-30,Student,573 Higher Education Sector,Higher Education Sector,Secondary,2
2025-06-30,Temporary Graduate,485 Temporary Graduate,Post-Higher Education Work,Primary,137514
2025-06-30,Temporary Graduate,485 Temporary Graduate,Post-Higher Education Work,Secondary,54244
2025-06-30,Temporary Graduate,485 Temporary Graduate,Post-Vocational Education Work,Primary,26091
2025-06-30,Temporary Graduate,485 Temporary Graduate,Post-Vocational Education Work,Secondary,10962
2025-06-30,Temporary Graduate,485 Temporary Graduate,Replacement,Primary,49
2025-06-30,Temporary Graduate,485 Temporary Graduate,Replacement,Secondary,41
2025-06-30,Temporary Graduate,485 Temporary Graduate,Temporary Resident - Other (Not Further Specified),Primary,3
2025-06-30,Temporary Graduate,485 Temporary Graduate,Temporary Resident - Other (Not Further Specified),Secondary,5
2025-06-30,Temporary Protection,785 Temporary Protection,Onshore Protection (Not Further Specified),Primary,71
2025-06-30,Temporary Protection,785 Temporary Protection,Onshore Protection (Not Further Specified),Secondary,11
2025-06-30,Temporary Protection,785 Temporary Protection,Standard or other,Primary,3
2025-06-30,Temporary Protection,785 Temporary Protection,Temporary Protection (Not Further Specified),Primary,97
2025-06-30,Temporary Protection,785 Temporary Protection,Temporary Protection (Not Further Specified),Secondary,35
2025-06-30,Temporary Protection,786 Temporary (Humanitarian Concern),Temporary Protection (Not Further Specified),Primary,1062
2025-06-30,Temporary Protection,790 Safe Haven Enterprise,Onshore Protection (Not Further Specified),Primary,9
2025-06-30,Temporary Protection,790 Safe Haven Enterprise,Standard or other,Primary,9
2025-06-30,Temporary Protection,790 Safe Haven Enterprise,Temporary Protection (Not Further Specified),Primary,329
2025-06-30,Temporary Protection,790 Safe Haven Enterprise,Temporary Protection (Not Further Specified),Secondary,110
2025-06-30,Temporary Resident (Other Employment),400 Temporary Work (Short Stay Activity),Australia's Interest,Primary,3
2025-06-30,Temporary Resident (Other Employment),400 Temporary Work (Short Stay Activity),Highly Specialised Work,Primary,3167
2025-06-30,Temporary Resident (Other Employment),400 Temporary Work (Short Stay Activity),Highly Specialised Work,Secondary,72
2025-06-30,Temporary Resident (Other Employment),403 Temporary Work (International Relations),Domestic Work (Diplomatic or Consular),Primary,24
2025-06-30,Temporary Resident (Other Employment),403 Temporary Work (International Relations),Foreign Government Agency,Primary,207
2025-06-30,Temporary Resident (Other Employment),403 Temporary Work (International Relations),Foreign Government Agency,Secondary,223
2025-06-30,Temporary Resident (Other Employment),403 Temporary Work (International Relations),Government Agreement,Primary,753
2025-06-30,Temporary Resident (Other Employment),403 Temporary Work (International Relations),Government Agreement,Secondary,298
2025-06-30,Temporary Resident (Other Employment),403 Temporary Work (International Relations),Mobility Arrangement for Talented Early-professionals Scheme,Primary,211
2025-06-30,Temporary Resident (Other Employment),403 Temporary Work (International Relations),Mobility Arrangement for Talented Early-professionals Scheme,Secondary,10
2025-06-30,Temporary Resident (Other Employment),403 Temporary Work (International Relations),Pacific Australia Labour Mobility Scheme,Primary,31029
2025-06-30,Temporary Resident (Other Employment),403 Temporary Work (International Relations),Pacific Australia Labour Mobility Scheme,Secondary,286
2025-06-30,Temporary Resident (Other Employment),403 Temporary Work (International Relations),Pacific Labour Scheme,Primary,26
2025-06-30,Temporary Resident (Other Employment),403 Temporary Work (International Relations),Privileges and immunities,Primary,40
2025-06-30,Temporary Resident (Other Employment),403 Temporary Work (International Relations),Privileges and immunities,Secondary,39
2025-06-30,Temporary Resident (Other Employment),403 Temporary Work (International Relations),Seasonal Worker Program,Primary,2
2025-06-30,Temporary Resident (Other Employment),405 Investor Retirement,Temporary Resident - Other (Not Further Specified),Primary,29
2025-06-30,Temporary Resident (Other Employment),405 Investor Retirement,Temporary Resident - Other (Not Further Specified),Secondary,17
2025-06-30,Temporary Resident (Other Employment),407 Training,Temporary Resident - Other (Not Further Specified),Primary,4235
2025-06-30,Temporary Resident (Other Employment),407 Training,Temporary Resident - Other (Not Further Specified),Secondary,1486
2025-06-30,Temporary Resident (Other Employment),408 Temporary Activity,Australian Government Endorsed Events,Primary,2404
2025-06-30,Temporary Resident (Other Employment),408 Temporary Activity,Australian Government Endorsed Events,Secondary,1314
2025-06-30,Temporary Resident (Other Employment),408 Temporary Activity,Domestic Work (Executive),Primary,3
2025-06-30,Temporary Resident (Other Employment),408 Temporary Activity,Entertainment,Primary,1282
2025-06-30,Temporary Resident (Other Employment),408 Temporary Activity,Entertainment,Secondary,437
2025-06-30,Temporary Resident (Other Employment),408 Temporary Activity,Exchange Arrangements,Primary,29
2025-06-30,Temporary Resident (Other Employment),408 Temporary Activity,Exchange Arrangements,Secondary,15
2025-06-30,Temporary Resident (Other Employment),408 Temporary Activity,Invited for Other Social and Cultural Activity,Primary,459
2025-06-30,Temporary Resident (Other Employment),408 Temporary Activity,Invited for Other Social and Cultural Activity,Secondary,49
2025-06-30,Temporary Resident (Other Employment),408 Temporary Activity,Religious Work,Primary,1840
2025-06-30,Temporary Resident (Other Employment),408 Temporary Activity,Religious Work,Secondary,756
2025-06-30,Temporary Resident (Other Employment),408 Temporary Activity,Research Activities,Primary,1408
2025-06-30,Temporary Resident (Other Employment),408 Temporary Activity,Research Activities,Secondary,787
2025-06-30,Temporary Resident (Other Employment),408 Temporary Activity,Special Programs,Primary,302
2025-06-30,Temporary Resident (Other Employment),408 Temporary Activity,Special Programs,Secondary,8
2025-06-30,Temporary Resident (Other Employment),408 Temporary Activity,Sporting Activities,Primary,645
2025-06-30,Temporary Resident (Other Employment),408 Temporary Activity,Sporting Activities,Secondary,165
2025-06-30,Temporary Resident (Other Employment),408 Temporary Activity,Superyacht Crew,Primary,56
2025-06-30,Temporary Resident (Other Employment),410 Retirement,Temporary Resident - Other (Not Further Specified),Primary,821
2025-06-30,Temporary Resident (Other Employment),410 Retirement,Temporary Resident - Other (Not Further Specified),Secondary,407
2025-06-30,Temporary Resident (Other Employment),476 Skilled - Recognised Graduate,Temporary Resident - Other (Not Further Specified),Primary,1580
2025-06-30,Temporary Resident (Other Employment),476 Skilled - Recognised Graduate,Temporary Resident - Other (Not Further Specified),Secondary,147
2025-06-30,Temporary Resident (Other Employment),995 Diplomatic (Temporary),Diplomatic,Primary,2024
2025-06-30,Temporary Resident (Other Employment),995 Diplomatic (Temporary),Diplomatic,Secondary,2412
2025-06-30,Temporary Resident (Skilled Employment),457 Temporary Work (Skilled),Temporary Work Skilled,Primary,91
2025-06-30,Temporary Resident (Skilled Employment),457 Temporary Work (Skilled),Temporary Work Skilled,Secondary,82
2025-06-30,Temporary Resident (Skilled Employment),482 Skills In Demand,Skills In Demand,Primary,15615
2025-06-30,Temporary Resident (Skilled Employment),482 Skills In Demand,Skills In Demand,Secondary,12314
2025-06-30,Temporary Resident (Skilled Employment),482 Skills In Demand,Temporary Skill Shortage,Primary,103737
2025-06-30,Temporary Resident (Skilled Employment),482 Skills In Demand,Temporary Skill Shortage,Secondary,87871
2025-06-30,Visitor,600 Visitor,Business,Primary,6524
2025-06-30,Visitor,600 Visitor,Tourist,Primary,229191
2025-06-30,Visitor,601 Electronic Travel Authority,Business,Primary,2956
2025-06-30,Visitor,601 Electronic Travel Authority,Tourist,Primary,59376
2025-06-30,Visitor,651 eVisitor,Business,Primary,1570
2025-06-30,Visitor,651 eVisitor,Tourist,Primary,26351
2025-06-30,Visitor,676 Tourist,Tourist,Primary,1
2025-06-30,Working Holiday Maker,417 Working Holiday,First Visa,Primary,92107
2025-06-30,Working Holiday Maker,417 Working Holiday,Offshore Nil VAC Visa,Primary,1
2025-06-30,Working Holiday Maker,417 Working Holiday,Onshore Nil VAC Visa,Primary,5
2025-06-30,Working Holiday Maker,417 Working Holiday,Second Visa,Primary,52844
2025-06-30,Working Holiday Maker,417 Working Holiday,Third Visa,Primary,19663
2025-06-30,Working Holiday Maker,462 Work and Holiday,First Visa,Primary,20718
2025-06-30,Working Holiday Maker,462 Work and Holiday,Onshore Nil VAC Visa,Primary,1
2025-06-30,Working Holiday Maker,462 Work and Holiday,Second Visa,Primary,15619
2025-06-30,Working Holiday Maker,462 Work and Holiday,Third Visa,Primary,10013
2025-09-30,Bridging,Bridging Visas,Bridging,Primary,404835
2025-09-30,Bridging,Bridging Visas,Bridging,Secondary,315
2025-09-30,Crew and Transit,771 Transit,Transit,Primary,270
2025-09-30,Crew and Transit,988 Maritime Crew Visa,Maritime Crew,Primary,12966
2025-09-30,Other Temporary,590 Student Guardian,Student Guardian,Primary,4910
2025-09-30,Other Temporary,590 Student Guardian,Student Guardian,Secondary,44
2025-09-30,Other Temporary,602 Medical Treatment,Medical stream,Primary,624
2025-09-30,Other Temporary,602 Medical Treatment,Medical stream,Secondary,25
2025-09-30,Other Temporary,773 Border,Border,Primary,37
2025-09-30,Special Category,444 Special Category,Special Category (Not Further Specified),Primary,175344
2025-09-30,Special Category,444 Special Category,Special Category (Not Further Specified),Secondary,2
2025-09-30,Special Category,444 Special Category,Standard or other,Primary,560960
2025-09-30,Student,500 Student,Foreign Affairs or Defence Sector,Primary,2293
2025-09-30,Student,500 Student,Foreign Affairs or Defence Sector,Secondary,1432
2025-09-30,Student,500 Student,Higher Education Sector,Primary,393550
2025-09-30,Student,500 Student,Higher Education Sector,Secondary,40849
2025-09-30,Student,500 Student,Independent ELICOS Sector,Primary,13837
2025-09-30,Student,500 Student,Independent ELICOS Sector,Secondary,1440
2025-09-30,Student,500 Student,Non-Award Sector,Primary,8225
2025-09-30,Student,500 Student,Non-Award Sector,Secondary,26
2025-09-30,Student,500 Student,Postgraduate Research Sector,Primary,22434
2025-09-30,Student,500 Student,Postgraduate Research Sector,Secondary,10634
2025-09-30,Student,500 Student,Schools Sector,Primary,16374
2025-09-30,Student,500 Student,Vocational Education and Training Sector,Primary,105056
2025-09-30,Student,500 Student,Vocational Education and Training Sector,Secondary,18505
2025-09-30,Student,560 Student,Student (Not Further Specified),Primary,8
2025-09-30,Student,560 Student,Student (Not Further Specified),Secondary,4
2025-09-30,Student,571 Schools Sector,Schools Sector,Primary,1
2025-09-30,Student,573 Higher Education Sector,Higher Education Sector,Secondary,2
2025-09-30,Temporary Graduate,485 Temporary Graduate,Post-Higher Education Work,Primary,145577
2025-09-30,Temporary Graduate,485 Temporary Graduate,Post-Higher Education Work,Secondary,55609
2025-09-30,Temporary Graduate,485 Temporary Graduate,Post-Vocational Education Work,Primary,27681
2025-09-30,Temporary Graduate,485 Temporary Graduate,Post-Vocational Education Work,Secondary,10375
2025-09-30,Temporary Graduate,485 Temporary Graduate,Replacement,Primary,42
2025-09-30,Temporary Graduate,485 Temporary Graduate,Replacement,Secondary,35
2025-09-30,Temporary Graduate,485 Temporary Graduate,Temporary Resident - Other (Not Further Specified),Primary,2
2025-09-30,Temporary Graduate,485 Temporary Graduate,Temporary Resident - Other (Not Further Specified),Secondary,3
2025-09-30,Temporary Protection,785 Temporary Protection,Onshore Protection (Not Further Specified),Primary,61
2025-09-30,Temporary Protection,785 Temporary Protection,Onshore Protection (Not Further Specified),Secondary,11
2025-09-30,Temporary Protection,785 Temporary Protection,Standard or other,Primary,2
2025-09-30,Temporary Protection,785 Temporary Protection,Temporary Protection (Not Further Specified),Primary,92
2025-09-30,Temporary Protection,785 Temporary Protection,Temporary Protection (Not Further Specified),Secondary,34
2025-09-30,Temporary Protection,786 Temporary (Humanitarian Concern),Temporary Protection (Not Further Specified),Primary,882
2025-09-30,Temporary Protection,790 Safe Haven Enterprise,Onshore Protection (Not Further Specified),Primary,5
2025-09-30,Temporary Protection,790 Safe Haven Enterprise,Standard or other,Primary,8
2025-09-30,Temporary Protection,790 Safe Haven Enterprise,Temporary Protection (Not Further Specified),Primary,287
2025-09-30,Temporary Protection,790 Safe Haven Enterprise,Temporary Protection (Not Further Specified),Secondary,86
2025-09-30,Temporary Resident (Other Employment),400 Temporary Work (Short Stay Activity),Australia's Interest,Primary,6
2025-09-30,Temporary Resident (Other Employment),400 Temporary Work (Short Stay Activity),Highly Specialised Work,Primary,3440
2025-09-30,Temporary Resident (Other Employment),400 Temporary Work (Short Stay Activity),Highly Specialised Work,Secondary,87
2025-09-30,Temporary Resident (Other Employment),403 Temporary Work (International Relations),Domestic Work (Diplomatic or Consular),Primary,22
2025-09-30,Temporary Resident (Other Employment),403 Temporary Work (International Relations),Foreign Government Agency,Primary,220
2025-09-30,Temporary Resident (Other Employment),403 Temporary Work (International Relations),Foreign Government Agency,Secondary,228
2025-09-30,Temporary Resident (Other Employment),403 Temporary Work (International Relations),Government Agreement,Primary,842
2025-09-30,Temporary Resident (Other Employment),403 Temporary Work (International Relations),Government Agreement,Secondary,328
2025-09-30,Temporary Resident (Other Employment),403 Temporary Work (International Relations),Mobility Arrangement for Talented Early-professionals Scheme,Primary,382
2025-09-30,Temporary Resident (Other Employment),403 Temporary Work (International Relations),Mobility Arrangement for Talented Early-professionals Scheme,Secondary,22
2025-09-30,Temporary Resident (Other Employment),403 Temporary Work (International Relations),Pacific Australia Labour Mobility Scheme,Primary,31273
2025-09-30,Temporary Resident (Other Employment),403 Temporary Work (International Relations),Pacific Australia Labour Mobility Scheme,Secondary,309
2025-09-30,Temporary Resident (Other Employment),403 Temporary Work (International Relations),Pacific Labour Scheme,Primary,4
2025-09-30,Temporary Resident (Other Employment),403 Temporary Work (International Relations),Privileges and immunities,Primary,37
2025-09-30,Temporary Resident (Other Employment),403 Temporary Work (International Relations),Privileges and immunities,Secondary,42
2025-09-30,Temporary Resident (Other Employment),405 Investor Retirement,Temporary Resident - Other (Not Further Specified),Primary,21
2025-09-30,Temporary Resident (Other Employment),405 Investor Retirement,Temporary Resident - Other (Not Further Specified),Secondary,13
2025-09-30,Temporary Resident (Other Employment),407 Training,Temporary Resident - Other (Not Further Specified),Primary,4773
2025-09-30,Temporary Resident (Other Employment),407 Training,Temporary Resident - Other (Not Further Specified),Secondary,1618
2025-09-30,Temporary Resident (Other Employment),408 Temporary Activity,Australian Government Endorsed Events,Primary,216
2025-09-30,Temporary Resident (Other Employment),408 Temporary Activity,Australian Government Endorsed Events,Secondary,177
2025-09-30,Temporary Resident (Other Employment),408 Temporary Activity,Domestic Work (Executive),Primary,2
2025-09-30,Temporary Resident (Other Employment),408 Temporary Activity,Entertainment,Primary,1562
2025-09-30,Temporary Resident (Other Employment),408 Temporary Activity,Entertainment,Secondary,461
2025-09-30,Temporary Resident (Other Employment),408 Temporary Activity,Exchange Arrangements,Primary,27
2025-09-30,Temporary Resident (Other Employment),408 Temporary Activity,Exchange Arrangements,Secondary,14
2025-09-30,Temporary Resident (Other Employment),408 Temporary Activity,Invited for Other Social and Cultural Activity,Primary,747
2025-09-30,Temporary Resident (Other Employment),408 Temporary Activity,Invited for Other Social and Cultural Activity,Secondary,24
2025-09-30,Temporary Resident (Other Employment),408 Temporary Activity,Religious Work,Primary,1939
2025-09-30,Temporary Resident (Other Employment),408 Temporary Activity,Religious Work,Secondary,791
2025-09-30,Temporary Resident (Other Employment),408 Temporary Activity,Research Activities,Primary,1332
2025-09-30,Temporary Resident (Other Employment),408 Temporary Activity,Research Activities,Secondary,680
2025-09-30,Temporary Resident (Other Employment),408 Temporary Activity,Special Programs,Primary,397
2025-09-30,Temporary Resident (Other Employment),408 Temporary Activity,Special Programs,Secondary,4
2025-09-30,Temporary Resident (Other Employment),408 Temporary Activity,Sporting Activities,Primary,527
2025-09-30,Temporary Resident (Other Employment),408 Temporary Activity,Sporting Activities,Secondary,205
2025-09-30,Temporary Resident (Other Employment),408 Temporary Activity,Superyacht Crew,Primary,145
2025-09-30,Temporary Resident (Other Employment),410 Retirement,Temporary Resident - Other (Not Further Specified),Primary,810
2025-09-30,Temporary Resident (Other Employment),410 Retirement,Temporary Resident - Other (Not Further Specified),Secondary,401
2025-09-30,Temporary Resident (Other Employment),476 Skilled - Recognised Graduate,Temporary Resident - Other (Not Further Specified),Primary,953
2025-09-30,Temporary Resident (Other Employment),476 Skilled - Recognised Graduate,Temporary Resident - Other (Not Further Specified),Secondary,82
2025-09-30,Temporary Resident (Other Employment),995 Diplomatic (Temporary),Diplomatic,Primary,2069
2025-09-30,Temporary Resident (Other Employment),995 Diplomatic (Temporary),Diplomatic,Secondary,2508
2025-09-30,Temporary Resident (Skilled Employment),457 Temporary Work (Skilled),Temporary Work Skilled,Primary,68
2025-09-30,Temporary Resident (Skilled Employment),457 Temporary Work (Skilled),Temporary Work Skilled,Secondary,71
2025-09-30,Temporary Resident (Skilled Employment),482 Skills In Demand,Skills In Demand,Primary,28774
2025-09-30,Temporary Resident (Skilled Employment),482 Skills In Demand,Skills In Demand,Secondary,24064
2025-09-30,Temporary Resident (Skilled Employment),482 Skills In Demand,Temporary Skill Shortage,Primary,97876
2025-09-30,Temporary Resident (Skilled Employment),482 Skills In Demand,Temporary Skill Shortage,Secondary,82748
2025-09-30,Visitor,600 Visitor,Business,Primary,7619
2025-09-30,Visitor,600 Visitor,Tourist,Primary,241150
2025-09-30,Visitor,601 Electronic Travel Authority,Business,Primary,4750
2025-09-30,Visitor,601 Electronic Travel Authority,Tourist,Primary,59640
2025-09-30,Visitor,651 eVisitor,Business,Primary,3089
2025-09-30,Visitor,651 eVisitor,Tourist,Primary,41566
2025-09-30,Visitor,676 Tourist,Tourist,Primary,1
2025-09-30,Working Holiday Maker,417 Working Holiday,First Visa,Primary,95176
2025-09-30,Working Holiday Maker,417 Working Holiday,Onshore Nil VAC Visa,Primary,5
2025-09-30,Working Holiday Maker,417 Working Holiday,Second Visa,Primary,51303
2025-09-30,Working Holiday Maker,417 Working Holiday,Third Visa,Primary,24745
2025-09-30,Working Holiday Maker,462 Work and Holiday,First Visa,Primary,19672
2025-09-30,Working Holiday Maker,462 Work and Holiday,Onshore Nil VAC Visa,Primary,1
2025-09-30,Working Holiday Maker,462 Work and Holiday,Second Visa,Primary,14941
2025-09-30,Working Holiday Maker,462 Work and Holiday,Third Visa,Primary,11781
2025-12-31,Bridging,Bridging Visas,Bridging,Primary,387225
2025-12-31,Bridging,Bridging Visas,Bridging,Secondary,347
2025-12-31,Crew and Transit,771 Transit,Transit,Primary,132
2025-12-31,Crew and Transit,988 Maritime Crew Visa,Maritime Crew,Primary,21645
2025-12-31,Other Temporary,590 Student Guardian,Student Guardian,Primary,2869
2025-12-31,Other Temporary,590 Student Guardian,Student Guardian,Secondary,34
2025-12-31,Other Temporary,602 Medical Treatment,Medical stream,Primary,591
2025-12-31,Other Temporary,602 Medical Treatment,Medical stream,Secondary,23
2025-12-31,Other Temporary,773 Border,Border,Primary,19
2025-12-31,Special Category,444 Special Category,Special Category (Not Further Specified),Primary,169555
2025-12-31,Special Category,444 Special Category,Special Category (Not Further Specified),Secondary,2
2025-12-31,Special Category,444 Special Category,Standard or other,Primary,539880
2025-12-31,Student,500 Student,Foreign Affairs or Defence Sector,Primary,1266
2025-12-31,Student,500 Student,Foreign Affairs or Defence Sector,Secondary,1141
2025-12-31,Student,500 Student,Higher Education Sector,Primary,277824
2025-12-31,Student,500 Student,Higher Education Sector,Secondary,40005
2025-12-31,Student,500 Student,Independent ELICOS Sector,Primary,12334
2025-12-31,Student,500 Student,Independent ELICOS Sector,Secondary,1255
2025-12-31,Student,500 Student,Non-Award Sector,Primary,3182
2025-12-31,Student,500 Student,Non-Award Sector,Secondary,25
2025-12-31,Student,500 Student,Postgraduate Research Sector,Primary,19594
2025-12-31,Student,500 Student,Postgraduate Research Sector,Secondary,10377
2025-12-31,Student,500 Student,Schools Sector,Primary,8065
2025-12-31,Student,500 Student,Vocational Education and Training Sector,Primary,87111
2025-12-31,Student,500 Student,Vocational Education and Training Sector,Secondary,15696
2025-12-31,Student,560 Student,Student (Not Further Specified),Primary,8
2025-12-31,Student,560 Student,Student (Not Further Specified),Secondary,4
2025-12-31,Student,571 Schools Sector,Schools Sector,Primary,1
2025-12-31,Student,573 Higher Education Sector,Higher Education Sector,Secondary,2
2025-12-31,Temporary Graduate,485 Temporary Graduate,Post-Higher Education Work,Primary,131031
2025-12-31,Temporary Graduate,485 Temporary Graduate,Post-Higher Education Work,Secondary,54097
2025-12-31,Temporary Graduate,485 Temporary Graduate,Post-Vocational Education Work,Primary,30122
2025-12-31,Temporary Graduate,485 Temporary Graduate,Post-Vocational Education Work,Secondary,10576
2025-12-31,Temporary Graduate,485 Temporary Graduate,Replacement,Primary,38
2025-12-31,Temporary Graduate,485 Temporary Graduate,Replacement,Secondary,31
2025-12-31,Temporary Graduate,485 Temporary Graduate,Temporary Resident - Other (Not Further Specified),Primary,2
2025-12-31,Temporary Graduate,485 Temporary Graduate,Temporary Resident - Other (Not Further Specified),Secondary,4
2025-12-31,Temporary Protection,785 Temporary Protection,Onshore Protection (Not Further Specified),Primary,53
2025-12-31,Temporary Protection,785 Temporary Protection,Onshore Protection (Not Further Specified),Secondary,9
2025-12-31,Temporary Protection,785 Temporary Protection,Standard or other,Primary,2
2025-12-31,Temporary Protection,785 Temporary Protection,Temporary Protection (Not Further Specified),Primary,86
2025-12-31,Temporary Protection,785 Temporary Protection,Temporary Protection (Not Further Specified),Secondary,28
2025-12-31,Temporary Protection,786 Temporary (Humanitarian Concern),Temporary Protection (Not Further Specified),Primary,1173
2025-12-31,Temporary Protection,790 Safe Haven Enterprise,Onshore Protection (Not Further Specified),Primary,5
2025-12-31,Temporary Protection,790 Safe Haven Enterprise,Standard or other,Primary,8
2025-12-31,Temporary Protection,790 Safe Haven Enterprise,Temporary Protection (Not Further Specified),Primary,278
2025-12-31,Temporary Protection,790 Safe Haven Enterprise,Temporary Protection (Not Further Specified),Secondary,84
2025-12-31,Temporary Resident (Other Employment),400 Temporary Work (Short Stay Activity),Australia's Interest,Primary,11
2025-12-31,Temporary Resident (Other Employment),400 Temporary Work (Short Stay Activity),Highly Specialised Work,Primary,1843
2025-12-31,Temporary Resident (Other Employment),400 Temporary Work (Short Stay Activity),Highly Specialised Work,Secondary,75
2025-12-31,Temporary Resident (Other Employment),403 Temporary Work (International Relations),Domestic Work (Diplomatic or Consular),Primary,11
2025-12-31,Temporary Resident (Other Employment),403 Temporary Work (International Relations),Foreign Government Agency,Primary,205
2025-12-31,Temporary Resident (Other Employment),403 Temporary Work (International Relations),Foreign Government Agency,Secondary,204
2025-12-31,Temporary Resident (Other Employment),403 Temporary Work (International Relations),Government Agreement,Primary,598
2025-12-31,Temporary Resident (Other Employment),403 Temporary Work (International Relations),Government Agreement,Secondary,298
2025-12-31,Temporary Resident (Other Employment),403 Temporary Work (International Relations),Mobility Arrangement for Talented Early-professionals Scheme,Primary,420
2025-12-31,Temporary Resident (Other Employment),403 Temporary Work (International Relations),Mobility Arrangement for Talented Early-professionals Scheme,Secondary,32
2025-12-31,Temporary Resident (Other Employment),403 Temporary Work (International Relations),Pacific Australia Labour Mobility Scheme,Primary,28587
2025-12-31,Temporary Resident (Other Employment),403 Temporary Work (International Relations),Pacific Australia Labour Mobility Scheme,Secondary,336
2025-12-31,Temporary Resident (Other Employment),403 Temporary Work (International Relations),Privileges and immunities,Primary,32
2025-12-31,Temporary Resident (Other Employment),403 Temporary Work (International Relations),Privileges and immunities,Secondary,38
2025-12-31,Temporary Resident (Other Employment),405 Investor Retirement,Temporary Resident - Other (Not Further Specified),Primary,26
2025-12-31,Temporary Resident (Other Employment),405 Investor Retirement,Temporary Resident - Other (Not Further Specified),Secondary,15
2025-12-31,Temporary Resident (Other Employment),407 Training,Temporary Resident - Other (Not Further Specified),Primary,4340
2025-12-31,Temporary Resident (Other Employment),407 Training,Temporary Resident - Other (Not Further Specified),Secondary,1658
2025-12-31,Temporary Resident (Other Employment),408 Temporary Activity,Australian Government Endorsed Events,Primary,94
2025-12-31,Temporary Resident (Other Employment),408 Temporary Activity,Australian Government Endorsed Events,Secondary,54
2025-12-31,Temporary Resident (Other Employment),408 Temporary Activity,Domestic Work (Executive),Primary,1
2025-12-31,Temporary Resident (Other Employment),408 Temporary Activity,Entertainment,Primary,1191
2025-12-31,Temporary Resident (Other Employment),408 Temporary Activity,Entertainment,Secondary,418
2025-12-31,Temporary Resident (Other Employment),408 Temporary Activity,Exchange Arrangements,Primary,28
2025-12-31,Temporary Resident (Other Employment),408 Temporary Activity,Exchange Arrangements,Secondary,12
2025-12-31,Temporary Resident (Other Employment),408 Temporary Activity,Invited for Other Social and Cultural Activity,Primary,1101
2025-12-31,Temporary Resident (Other Employment),408 Temporary Activity,Invited for Other Social and Cultural Activity,Secondary,32
2025-12-31,Temporary Resident (Other Employment),408 Temporary Activity,Religious Work,Primary,1817
2025-12-31,Temporary Resident (Other Employment),408 Temporary Activity,Religious Work,Secondary,765
2025-12-31,Temporary Resident (Other Employment),408 Temporary Activity,Research Activities,Primary,1371
2025-12-31,Temporary Resident (Other Employment),408 Temporary Activity,Research Activities,Secondary,780
2025-12-31,Temporary Resident (Other Employment),408 Temporary Activity,Special Programs,Primary,232
2025-12-31,Temporary Resident (Other Employment),408 Temporary Activity,Special Programs,Secondary,2
2025-12-31,Temporary Resident (Other Employment),408 Temporary Activity,Sporting Activities,Primary,550
2025-12-31,Temporary Resident (Other Employment),408 Temporary Activity,Sporting Activities,Secondary,243
2025-12-31,Temporary Resident (Other Employment),408 Temporary Activity,Superyacht Crew,Primary,75
2025-12-31,Temporary Resident (Other Employment),410 Retirement,Temporary Resident - Other (Not Further Specified),Primary,841
2025-12-31,Temporary Resident (Other Employment),410 Retirement,Temporary Resident - Other (Not Further Specified),Secondary,409
2025-12-31,Temporary Resident (Other Employment),476 Skilled - Recognised Graduate,Temporary Resident - Other (Not Further Specified),Primary,412
2025-12-31,Temporary Resident (Other Employment),476 Skilled - Recognised Graduate,Temporary Resident - Other (Not Further Specified),Secondary,34
2025-12-31,Temporary Resident (Other Employment),995 Diplomatic (Temporary),Diplomatic,Primary,1931
2025-12-31,Temporary Resident (Other Employment),995 Diplomatic (Temporary),Diplomatic,Secondary,2305
2025-12-31,Temporary Resident (Skilled Employment),457 Temporary Work (Skilled),Temporary Work Skilled,Primary,58
2025-12-31,Temporary Resident (Skilled Employment),457 Temporary Work (Skilled),Temporary Work Skilled,Secondary,63
2025-12-31,Temporary Resident (Skilled Employment),482 Skills In Demand,Skills In Demand,Primary,36845
2025-12-31,Temporary Resident (Skilled Employment),482 Skills In Demand,Skills In Demand,Secondary,34234
2025-12-31,Temporary Resident (Skilled Employment),482 Skills In Demand,Temporary Skill Shortage,Primary,75735
2025-12-31,Temporary Resident (Skilled Employment),482 Skills In Demand,Temporary Skill Shortage,Secondary,68833
2025-12-31,Visitor,600 Visitor,Business,Primary,4933
2025-12-31,Visitor,600 Visitor,Tourist,Primary,323037
2025-12-31,Visitor,601 Electronic Travel Authority,Business,Primary,1657
2025-12-31,Visitor,601 Electronic Travel Authority,Tourist,Primary,155438
2025-12-31,Visitor,651 eVisitor,Business,Primary,1074
2025-12-31,Visitor,651 eVisitor,Tourist,Primary,174406
2025-12-31,Working Holiday Maker,417 Working Holiday,First Visa,Primary,106044
2025-12-31,Working Holiday Maker,417 Working Holiday,Onshore Nil VAC Visa,Primary,2
2025-12-31,Working Holiday Maker,417 Working Holiday,Second Visa,Primary,47746
2025-12-31,Working Holiday Maker,417 Working Holiday,Third Visa,Primary,25594
2025-12-31,Working Holiday Maker,462 Work and Holiday,First Visa,Primary,20247
2025-12-31,Working Holiday Maker,462 Work and Holiday,Second Visa,Primary,14006
2025-12-31,Working Holiday Maker,462 Work and Holiday,Third Visa,Primary,12112
2026-03-31,Bridging,Bridging Visas,Bridging,Primary,431911
2026-03-31,Bridging,Bridging Visas,Bridging,Secondary,389
2026-03-31,Crew and Transit,771 Transit,Transit,Primary,513
2026-03-31,Crew and Transit,988 Maritime Crew Visa,Maritime Crew,Primary,20776
2026-03-31,Other Temporary,590 Student Guardian,Student Guardian,Primary,4695
2026-03-31,Other Temporary,590 Student Guardian,Student Guardian,Secondary,51
2026-03-31,Other Temporary,602 Medical Treatment,Medical stream,Primary,562
2026-03-31,Other Temporary,602 Medical Treatment,Medical stream,Secondary,20
2026-03-31,Other Temporary,773 Border,Border,Primary,13
2026-03-31,Special Category,444 Special Category,Special Category (Not Further Specified),Primary,165366
2026-03-31,Special Category,444 Special Category,Special Category (Not Further Specified),Secondary,1
2026-03-31,Special Category,444 Special Category,Standard or other,Primary,566843
2026-03-31,Student,500 Student,Foreign Affairs or Defence Sector,Primary,2585
2026-03-31,Student,500 Student,Foreign Affairs or Defence Sector,Secondary,1451
2026-03-31,Student,500 Student,Higher Education Sector,Primary,395468
2026-03-31,Student,500 Student,Higher Education Sector,Secondary,36560
2026-03-31,Student,500 Student,Independent ELICOS Sector,Primary,12392
2026-03-31,Student,500 Student,Independent ELICOS Sector,Secondary,1241
2026-03-31,Student,500 Student,Non-Award Sector,Primary,9677
2026-03-31,Student,500 Student,Non-Award Sector,Secondary,35
2026-03-31,Student,500 Student,Postgraduate Research Sector,Primary,24559
2026-03-31,Student,500 Student,Postgraduate Research Sector,Secondary,11832
2026-03-31,Student,500 Student,Schools Sector,Primary,15439
2026-03-31,Student,500 Student,Vocational Education and Training Sector,Primary,83832
2026-03-31,Student,500 Student,Vocational Education and Training Sector,Secondary,14593
2026-03-31,Student,560 Student,Student (Not Further Specified),Primary,8
2026-03-31,Student,560 Student,Student (Not Further Specified),Secondary,4
2026-03-31,Student,573 Higher Education Sector,Higher Education Sector,Secondary,2
2026-03-31,Temporary Graduate,485 Temporary Graduate,Post-Higher Education Work,Primary,159978
2026-03-31,Temporary Graduate,485 Temporary Graduate,Post-Higher Education Work,Secondary,58169
2026-03-31,Temporary Graduate,485 Temporary Graduate,Post-Vocational Education Work,Primary,29870
2026-03-31,Temporary Graduate,485 Temporary Graduate,Post-Vocational Education Work,Secondary,10887
2026-03-31,Temporary Graduate,485 Temporary Graduate,Replacement,Primary,34
2026-03-31,Temporary Graduate,485 Temporary Graduate,Replacement,Secondary,31
2026-03-31,Temporary Graduate,485 Temporary Graduate,Temporary Resident - Other (Not Further Specified),Primary,1
2026-03-31,Temporary Graduate,485 Temporary Graduate,Temporary Resident - Other (Not Further Specified),Secondary,4
2026-03-31,Temporary Protection,785 Temporary Protection,Onshore Protection (Not Further Specified),Primary,46
2026-03-31,Temporary Protection,785 Temporary Protection,Onshore Protection (Not Further Specified),Secondary,8
2026-03-31,Temporary Protection,785 Temporary Protection,Standard or other,Primary,2
2026-03-31,Temporary Protection,785 Temporary Protection,Temporary Protection (Not Further Specified),Primary,79
2026-03-31,Temporary Protection,785 Temporary Protection,Temporary Protection (Not Further Specified),Secondary,26
2026-03-31,Temporary Protection,786 Temporary (Humanitarian Concern),Temporary Protection (Not Further Specified),Primary,1224
2026-03-31,Temporary Protection,790 Safe Haven Enterprise,Onshore Protection (Not Further Specified),Primary,5
2026-03-31,Temporary Protection,790 Safe Haven Enterprise,Standard or other,Primary,6
2026-03-31,Temporary Protection,790 Safe Haven Enterprise,Temporary Protection (Not Further Specified),Primary,236
2026-03-31,Temporary Protection,790 Safe Haven Enterprise,Temporary Protection (Not Further Specified),Secondary,78
2026-03-31,Temporary Resident (Other Employment),400 Temporary Work (Short Stay Activity),Australia's Interest,Primary,15
2026-03-31,Temporary Resident (Other Employment),400 Temporary Work (Short Stay Activity),Australia's Interest,Secondary,1
2026-03-31,Temporary Resident (Other Employment),400 Temporary Work (Short Stay Activity),Highly Specialised Work,Primary,3508
2026-03-31,Temporary Resident (Other Employment),400 Temporary Work (Short Stay Activity),Highly Specialised Work,Secondary,107
2026-03-31,Temporary Resident (Other Employment),403 Temporary Work (International Relations),Domestic Work (Diplomatic or Consular),Primary,14
2026-03-31,Temporary Resident (Other Employment),403 Temporary Work (International Relations),Foreign Government Agency,Primary,224
2026-03-31,Temporary Resident (Other Employment),403 Temporary Work (International Relations),Foreign Government Agency,Secondary,244
2026-03-31,Temporary Resident (Other Employment),403 Temporary Work (International Relations),Government Agreement,Primary,784
2026-03-31,Temporary Resident (Other Employment),403 Temporary Work (International Relations),Government Agreement,Secondary,374
2026-03-31,Temporary Resident (Other Employment),403 Temporary Work (International Relations),Mobility Arrangement for Talented Early-professionals Scheme,Primary,468
2026-03-31,Temporary Resident (Other Employment),403 Temporary Work (International Relations),Mobility Arrangement for Talented Early-professionals Scheme,Secondary,42
2026-03-31,Temporary Resident (Other Employment),403 Temporary Work (International Relations),Pacific Australia Labour Mobility Scheme,Primary,32779
2026-03-31,Temporary Resident (Other Employment),403 Temporary Work (International Relations),Pacific Australia Labour Mobility Scheme,Secondary,360
2026-03-31,Temporary Resident (Other Employment),403 Temporary Work (International Relations),Pacific Labour Scheme,Primary,1
2026-03-31,Temporary Resident (Other Employment),403 Temporary Work (International Relations),Privileges and immunities,Primary,35
2026-03-31,Temporary Resident (Other Employment),403 Temporary Work (International Relations),Privileges and immunities,Secondary,42
2026-03-31,Temporary Resident (Other Employment),405 Investor Retirement,Temporary Resident - Other (Not Further Specified),Primary,24
2026-03-31,Temporary Resident (Other Employment),405 Investor Retirement,Temporary Resident - Other (Not Further Specified),Secondary,17
2026-03-31,Temporary Resident (Other Employment),407 Training,Temporary Resident - Other (Not Further Specified),Primary,4879
2026-03-31,Temporary Resident (Other Employment),407 Training,Temporary Resident - Other (Not Further Specified),Secondary,1961
2026-03-31,Temporary Resident (Other Employment),408 Temporary Activity,Australian Government Endorsed Events,Primary,91
2026-03-31,Temporary Resident (Other Employment),408 Temporary Activity,Australian Government Endorsed Events,Secondary,18
2026-03-31,Temporary Resident (Other Employment),408 Temporary Activity,Domestic Work (Executive),Primary,4
2026-03-31,Temporary Resident (Other Employment),408 Temporary Activity,Entertainment,Primary,1499
2026-03-31,Temporary Resident (Other Employment),408 Temporary Activity,Entertainment,Secondary,422
2026-03-31,Temporary Resident (Other Employment),408 Temporary Activity,Exchange Arrangements,Primary,32
2026-03-31,Temporary Resident (Other Employment),408 Temporary Activity,Exchange Arrangements,Secondary,20
2026-03-31,Temporary Resident (Other Employment),408 Temporary Activity,Invited for Other Social and Cultural Activity,Primary,631
2026-03-31,Temporary Resident (Other Employment),408 Temporary Activity,Invited for Other Social and Cultural Activity,Secondary,46
2026-03-31,Temporary Resident (Other Employment),408 Temporary Activity,Religious Work,Primary,1946
2026-03-31,Temporary Resident (Other Employment),408 Temporary Activity,Religious Work,Secondary,831
2026-03-31,Temporary Resident (Other Employment),408 Temporary Activity,Research Activities,Primary,1722
2026-03-31,Temporary Resident (Other Employment),408 Temporary Activity,Research Activities,Secondary,908
2026-03-31,Temporary Resident (Other Employment),408 Temporary Activity,Special Programs,Primary,467
2026-03-31,Temporary Resident (Other Employment),408 Temporary Activity,Special Programs,Secondary,3
2026-03-31,Temporary Resident (Other Employment),408 Temporary Activity,Sporting Activities,Primary,725
2026-03-31,Temporary Resident (Other Employment),408 Temporary Activity,Sporting Activities,Secondary,250
2026-03-31,Temporary Resident (Other Employment),408 Temporary Activity,Superyacht Crew,Primary,62
2026-03-31,Temporary Resident (Other Employment),410 Retirement,Temporary Resident - Other (Not Further Specified),Primary,826
2026-03-31,Temporary Resident (Other Employment),410 Retirement,Temporary Resident - Other (Not Further Specified),Secondary,406
2026-03-31,Temporary Resident (Other Employment),476 Skilled - Recognised Graduate,Temporary Resident - Other (Not Further Specified),Primary,135
2026-03-31,Temporary Resident (Other Employment),476 Skilled - Recognised Graduate,Temporary Resident - Other (Not Further Specified),Secondary,10
2026-03-31,Temporary Resident (Other Employment),995 Diplomatic (Temporary),Diplomatic,Primary,2071
2026-03-31,Temporary Resident (Other Employment),995 Diplomatic (Temporary),Diplomatic,Secondary,2605
2026-03-31,Temporary Resident (Skilled Employment),457 Temporary Work (Skilled),Temporary Work Skilled,Primary,47
2026-03-31,Temporary Resident (Skilled Employment),457 Temporary Work (Skilled),Temporary Work Skilled,Secondary,58
2026-03-31,Temporary Resident (Skilled Employment),482 Skills In Demand,Skills In Demand,Primary,57412
2026-03-31,Temporary Resident (Skilled Employment),482 Skills In Demand,Skills In Demand,Secondary,50004
2026-03-31,Temporary Resident (Skilled Employment),482 Skills In Demand,Temporary Skill Shortage,Primary,80229
2026-03-31,Temporary Resident (Skilled Employment),482 Skills In Demand,Temporary Skill Shortage,Secondary,68071
2026-03-31,Visitor,600 Visitor,Business,Primary,5419
2026-03-31,Visitor,600 Visitor,Skills In Demand,Primary,1
2026-03-31,Visitor,600 Visitor,Tourist,Primary,211584
2026-03-31,Visitor,601 Electronic Travel Authority,Business,Primary,2770
2026-03-31,Visitor,601 Electronic Travel Authority,Tourist,Primary,72519
2026-03-31,Visitor,651 eVisitor,Business,Primary,1437
2026-03-31,Visitor,651 eVisitor,Tourist,Primary,63380
2026-03-31,Working Holiday Maker,417 Working Holiday,First Visa,Primary,105810
2026-03-31,Working Holiday Maker,417 Working Holiday,Onshore Nil VAC Visa,Primary,3
2026-03-31,Working Holiday Maker,417 Working Holiday,Second Visa,Primary,51377
2026-03-31,Working Holiday Maker,417 Working Holiday,Third Visa,Primary,30965
2026-03-31,Working Holiday Maker,462 Work and Holiday,First Visa,Primary,21805
2026-03-31,Working Holiday Maker,462 Work and Holiday,Second Visa,Primary,14267
2026-03-31,Working Holiday Maker,462 Work and Holiday,Third Visa,Primary,12788
2026-06-30,Bridging,Bridging Visas,Bridging,Primary,412462
2026-06-30,Bridging,Bridging Visas,Bridging,Secondary,463
2026-06-30,Crew and Transit,771 Transit,Transit,Primary,130
2026-06-30,Crew and Transit,988 Maritime Crew Visa,Maritime Crew,Primary,12705
2026-06-30,Other Temporary,590 Student Guardian,Student Guardian,Primary,4005
2026-06-30,Other Temporary,590 Student Guardian,Student Guardian,Secondary,40
2026-06-30,Other Temporary,602 Medical Treatment,Medical stream,Primary,562
2026-06-30,Other Temporary,602 Medical Treatment,Medical stream,Secondary,16
2026-06-30,Other Temporary,773 Border,Border,Primary,16
2026-06-30,Special Category,444 Special Category,Special Category (Not Further Specified),Primary,161520
2026-06-30,Special Category,444 Special Category,Special Category (Not Further Specified),Secondary,1
2026-06-30,Special Category,444 Special Category,Standard or other,Primary,570101
2026-06-30,Student,500 Student,Foreign Affairs or Defence Sector,Primary,2499
2026-06-30,Student,500 Student,Foreign Affairs or Defence Sector,Secondary,1531
2026-06-30,Student,500 Student,Higher Education Sector,Primary,329313
2026-06-30,Student,500 Student,Higher Education Sector,Secondary,39125
2026-06-30,Student,500 Student,Independent ELICOS Sector,Primary,11774
2026-06-30,Student,500 Student,Independent ELICOS Sector,Secondary,1183
2026-06-30,Student,500 Student,Non-Award Sector,Primary,3835
2026-06-30,Student,500 Student,Non-Award Sector,Secondary,32
2026-06-30,Student,500 Student,Postgraduate Research Sector,Primary,24520
2026-06-30,Student,500 Student,Postgraduate Research Sector,Secondary,12781
2026-06-30,Student,500 Student,Schools Sector,Primary,11755
2026-06-30,Student,500 Student,Vocational Education and Training Sector,Primary,77177
2026-06-30,Student,500 Student,Vocational Education and Training Sector,Secondary,13262
2026-06-30,Student,560 Student,Student (Not Further Specified),Primary,8
2026-06-30,Student,560 Student,Student (Not Further Specified),Secondary,4
2026-06-30,Student,573 Higher Education Sector,Higher Education Sector,Secondary,2
2026-06-30,Temporary Graduate,485 Temporary Graduate,Post-Higher Education Work,Primary,166084
2026-06-30,Temporary Graduate,485 Temporary Graduate,Post-Higher Education Work,Secondary,63478
2026-06-30,Temporary Graduate,485 Temporary Graduate,Post-Vocational Education Work,Primary,31173
2026-06-30,Temporary Graduate,485 Temporary Graduate,Post-Vocational Education Work,Secondary,10384
2026-06-30,Temporary Graduate,485 Temporary Graduate,Replacement,Primary,36
2026-06-30,Temporary Graduate,485 Temporary Graduate,Replacement,Secondary,29
2026-06-30,Temporary Graduate,485 Temporary Graduate,Temporary Resident - Other (Not Further Specified),Primary,1
2026-06-30,Temporary Graduate,485 Temporary Graduate,Temporary Resident - Other (Not Further Specified),Secondary,6
2026-06-30,Temporary Protection,785 Temporary Protection,Onshore Protection (Not Further Specified),Primary,39
2026-06-30,Temporary Protection,785 Temporary Protection,Onshore Protection (Not Further Specified),Secondary,7
2026-06-30,Temporary Protection,785 Temporary Protection,Standard or other,Primary,2
2026-06-30,Temporary Protection,785 Temporary Protection,Temporary Protection (Not Further Specified),Primary,71
2026-06-30,Temporary Protection,785 Temporary Protection,Temporary Protection (Not Further Specified),Secondary,22
2026-06-30,Temporary Protection,786 Temporary (Humanitarian Concern),Temporary Protection (Not Further Specified),Primary,1319
2026-06-30,Temporary Protection,790 Safe Haven Enterprise,Onshore Protection (Not Further Specified),Primary,2
2026-06-30,Temporary Protection,790 Safe Haven Enterprise,Standard or other,Primary,4
2026-06-30,Temporary Protection,790 Safe Haven Enterprise,Temporary Protection (Not Further Specified),Primary,203
2026-06-30,Temporary Protection,790 Safe Haven Enterprise,Temporary Protection (Not Further Specified),Secondary,65
2026-06-30,Temporary Resident (Other Employment),400 Temporary Work (Short Stay Activity),Australia's Interest,Primary,7
2026-06-30,Temporary Resident (Other Employment),400 Temporary Work (Short Stay Activity),Highly Specialised Work,Primary,3834
2026-06-30,Temporary Resident (Other Employment),400 Temporary Work (Short Stay Activity),Highly Specialised Work,Secondary,68
2026-06-30,Temporary Resident (Other Employment),403 Temporary Work (International Relations),Domestic Work (Diplomatic or Consular),Primary,17
2026-06-30,Temporary Resident (Other Employment),403 Temporary Work (International Relations),Foreign Government Agency,Primary,203
2026-06-30,Temporary Resident (Other Employment),403 Temporary Work (International Relations),Foreign Government Agency,Secondary,216
2026-06-30,Temporary Resident (Other Employment),403 Temporary Work (International Relations),Government Agreement,Primary,776
2026-06-30,Temporary Resident (Other Employment),403 Temporary Work (International Relations),Government Agreement,Secondary,328
2026-06-30,Temporary Resident (Other Employment),403 Temporary Work (International Relations),Mobility Arrangement for Talented Early-professionals Scheme,Primary,521
2026-06-30,Temporary Resident (Other Employment),403 Temporary Work (International Relations),Mobility Arrangement for Talented Early-professionals Scheme,Secondary,47
2026-06-30,Temporary Resident (Other Employment),403 Temporary Work (International Relations),Pacific Australia Labour Mobility Scheme,Primary,32695
2026-06-30,Temporary Resident (Other Employment),403 Temporary Work (International Relations),Pacific Australia Labour Mobility Scheme,Secondary,339
2026-06-30,Temporary Resident (Other Employment),403 Temporary Work (International Relations),Privileges and immunities,Primary,37
2026-06-30,Temporary Resident (Other Employment),403 Temporary Work (International Relations),Privileges and immunities,Secondary,36
2026-06-30,Temporary Resident (Other Employment),405 Investor Retirement,Temporary Resident - Other (Not Further Specified),Primary,22
2026-06-30,Temporary Resident (Other Employment),405 Investor Retirement,Temporary Resident - Other (Not Further Specified),Secondary,14
2026-06-30,Temporary Resident (Other Employment),407 Training,Temporary Resident - Other (Not Further Specified),Primary,4834
2026-06-30,Temporary Resident (Other Employment),407 Training,Temporary Resident - Other (Not Further Specified),Secondary,2060
2026-06-30,Temporary Resident (Other Employment),408 Temporary Activity,Australian Government Endorsed Events,Primary,60
2026-06-30,Temporary Resident (Other Employment),408 Temporary Activity,Australian Government Endorsed Events,Secondary,21
2026-06-30,Temporary Resident (Other Employment),408 Temporary Activity,Domestic Work (Executive),Primary,3
2026-06-30,Temporary Resident (Other Employment),408 Temporary Activity,Entertainment,Primary,1471
2026-06-30,Temporary Resident (Other Employment),408 Temporary Activity,Entertainment,Secondary,467
2026-06-30,Temporary Resident (Other Employment),408 Temporary Activity,Exchange Arrangements,Primary,31
2026-06-30,Temporary Resident (Other Employment),408 Temporary Activity,Exchange Arrangements,Secondary,13
2026-06-30,Temporary Resident (Other Employment),408 Temporary Activity,Invited for Other Social and Cultural Activity,Primary,473
2026-06-30,Temporary Resident (Other Employment),408 Temporary Activity,Invited for Other Social and Cultural Activity,Secondary,29
2026-06-30,Temporary Resident (Other Employment),408 Temporary Activity,Religious Work,Primary,2003
2026-06-30,Temporary Resident (Other Employment),408 Temporary Activity,Religious Work,Secondary,797
2026-06-30,Temporary Resident (Other Employment),408 Temporary Activity,Research Activities,Primary,1524
2026-06-30,Temporary Resident (Other Employment),408 Temporary Activity,Research Activities,Secondary,859
2026-06-30,Temporary Resident (Other Employment),408 Temporary Activity,Special Programs,Primary,266
2026-06-30,Temporary Resident (Other Employment),408 Temporary Activity,Special Programs,Secondary,3
2026-06-30,Temporary Resident (Other Employment),408 Temporary Activity,Sporting Activities,Primary,858
2026-06-30,Temporary Resident (Other Employment),408 Temporary Activity,Sporting Activities,Secondary,183
2026-06-30,Temporary Resident (Other Employment),408 Temporary Activity,Superyacht Crew,Primary,56
2026-06-30,Temporary Resident (Other Employment),410 Retirement,Temporary Resident - Other (Not Further Specified),Primary,791
2026-06-30,Temporary Resident (Other Employment),410 Retirement,Temporary Resident - Other (Not Further Specified),Secondary,387
2026-06-30,Temporary Resident (Other Employment),476 Skilled - Recognised Graduate,Temporary Resident - Other (Not Further Specified),Primary,18
2026-06-30,Temporary Resident (Other Employment),476 Skilled - Recognised Graduate,Temporary Resident - Other (Not Further Specified),Secondary,2
2026-06-30,Temporary Resident (Other Employment),995 Diplomatic (Temporary),Diplomatic,Primary,1965
2026-06-30,Temporary Resident (Other Employment),995 Diplomatic (Temporary),Diplomatic,Secondary,2389
2026-06-30,Temporary Resident (Skilled Employment),457 Temporary Work (Skilled),Temporary Work Skilled,Primary,35
2026-06-30,Temporary Resident (Skilled Employment),457 Temporary Work (Skilled),Temporary Work Skilled,Secondary,45
2026-06-30,Temporary Resident (Skilled Employment),482 Skills In Demand,Skills In Demand,Primary,70164
2026-06-30,Temporary Resident (Skilled Employment),482 Skills In Demand,Skills In Demand,Secondary,62287
2026-06-30,Temporary Resident (Skilled Employment),482 Skills In Demand,Temporary Skill Shortage,Primary,70187
2026-06-30,Temporary Resident (Skilled Employment),482 Skills In Demand,Temporary Skill Shortage,Secondary,57861
2026-06-30,Visitor,600 Visitor,Business,Primary,6539
2026-06-30,Visitor,600 Visitor,Tourist,Primary,209927
2026-06-30,Visitor,601 Electronic Travel Authority,Business,Primary,2901
2026-06-30,Visitor,601 Electronic Travel Authority,Tourist,Primary,53820
2026-06-30,Visitor,651 eVisitor,Business,Primary,1261
2026-06-30,Visitor,651 eVisitor,Tourist,Primary,22177
2026-06-30,Working Holiday Maker,417 Working Holiday,First Visa,Primary,93320
2026-06-30,Working Holiday Maker,417 Working Holiday,Second Visa,Primary,49528
2026-06-30,Working Holiday Maker,417 Working Holiday,Third Visa,Primary,31545
2026-06-30,Working Holiday Maker,462 Work and Holiday,First Visa,Primary,22211
2026-06-30,Working Holiday Maker,462 Work and Holiday,Second Visa,Primary,15870
2026-06-30,Working Holiday Maker,462 Work and Holiday,Third Visa,Primary,13174
2026-08-31,Bridging,Bridging Visas,Bridging,Primary,440035
2026-08-31,Bridging,Bridging Visas,Bridging,Secondary,536
2026-08-31,Crew and Transit,771 Transit,Transit,Primary,337
2026-08-31,Crew and Transit,988 Maritime Crew Visa,Maritime Crew,Primary,12249
2026-08-31,Other Temporary,590 Student Guardian,Student Guardian,Primary,5265
2026-08-31,Other Temporary,590 Student Guardian,Student Guardian,Secondary,50
2026-08-31,Other Temporary,602 Medical Treatment,Medical stream,Primary,637
2026-08-31,Other Temporary,602 Medical Treatment,Medical stream,Secondary,18
2026-08-31,Other Temporary,773 Border,Border,Primary,16
2026-08-31,Special Category,444 Special Category,Special Category (Not Further Specified),Primary,159232
2026-08-31,Special Category,444 Special Category,Special Category (Not Further Specified),Secondary,1
2026-08-31,Special Category,444 Special Category,Standard or other,Primary,573654
2026-08-31,Student,500 Student,Foreign Affairs or Defence Sector,Primary,2424
2026-08-31,Student,500 Student,Foreign Affairs or Defence Sector,Secondary,1515
2026-08-31,Student,500 Student,Higher Education Sector,Primary,363120
2026-08-31,Student,500 Student,Higher Education Sector,Secondary,34756
2026-08-31,Student,500 Student,Independent ELICOS Sector,Primary,11522
2026-08-31,Student,500 Student,Independent ELICOS Sector,Secondary,1065
2026-08-31,Student,500 Student,Non-Award Sector,Primary,8662
2026-08-31,Student,500 Student,Non-Award Sector,Secondary,33
2026-08-31,Student,500 Student,Postgraduate Research Sector,Primary,25292
2026-08-31,Student,500 Student,Postgraduate Research Sector,Secondary,12930
2026-08-31,Student,500 Student,Schools Sector,Primary,17488
2026-08-31,Student,500 Student,Vocational Education and Training Sector,Primary,73203
2026-08-31,Student,500 Student,Vocational Education and Training Sector,Secondary,12006
2026-08-31,Student,560 Student,Student (Not Further Specified),Primary,8
2026-08-31,Student,560 Student,Student (Not Further Specified),Secondary,4
2026-08-31,Student,573 Higher Education Sector,Higher Education Sector,Secondary,1
2026-08-31,Temporary Graduate,485 Temporary Graduate,Post-Higher Education Work,Primary,168165
2026-08-31,Temporary Graduate,485 Temporary Graduate,Post-Higher Education Work,Secondary,63979
2026-08-31,Temporary Graduate,485 Temporary Graduate,Post-Vocational Education Work,Primary,30692
2026-08-31,Temporary Graduate,485 Temporary Graduate,Post-Vocational Education Work,Secondary,9708
2026-08-31,Temporary Graduate,485 Temporary Graduate,Replacement,Primary,34
2026-08-31,Temporary Graduate,485 Temporary Graduate,Replacement,Secondary,30
2026-08-31,Temporary Graduate,485 Temporary Graduate,Temporary Resident - Other (Not Further Specified),Primary,1
2026-08-31,Temporary Graduate,485 Temporary Graduate,Temporary Resident - Other (Not Further Specified),Secondary,4
2026-08-31,Temporary Protection,785 Temporary Protection,Onshore Protection (Not Further Specified),Primary,36
2026-08-31,Temporary Protection,785 Temporary Protection,Onshore Protection (Not Further Specified),Secondary,7
2026-08-31,Temporary Protection,785 Temporary Protection,Standard or other,Primary,2
2026-08-31,Temporary Protection,785 Temporary Protection,Temporary Protection (Not Further Specified),Primary,69
2026-08-31,Temporary Protection,785 Temporary Protection,Temporary Protection (Not Further Specified),Secondary,21
2026-08-31,Temporary Protection,786 Temporary (Humanitarian Concern),Temporary Protection (Not Further Specified),Primary,1176
2026-08-31,Temporary Protection,790 Safe Haven Enterprise,Onshore Protection (Not Further Specified),Primary,2
2026-08-31,Temporary Protection,790 Safe Haven Enterprise,Standard or other,Primary,4
2026-08-31,Temporary Protection,790 Safe Haven Enterprise,Temporary Protection (Not Further Specified),Primary,202
2026-08-31,Temporary Protection,790 Safe Haven Enterprise,Temporary Protection (Not Further Specified),Secondary,68
2026-08-31,Temporary Resident (Other Employment),400 Temporary Work (Short Stay Activity),Australia's Interest,Primary,11
2026-08-31,Temporary Resident (Other Employment),400 Temporary Work (Short Stay Activity),Australia's Interest,Secondary,1
2026-08-31,Temporary Resident (Other Employment),400 Temporary Work (Short Stay Activity),Highly Specialised Work,Primary,4103
2026-08-31,Temporary Resident (Other Employment),400 Temporary Work (Short Stay Activity),Highly Specialised Work,Secondary,77
2026-08-31,Temporary Resident (Other Employment),403 Temporary Work (International Relations),Domestic Work (Diplomatic or Consular),Primary,18
2026-08-31,Temporary Resident (Other Employment),403 Temporary Work (International Relations),Foreign Government Agency,Primary,218
2026-08-31,Temporary Resident (Other Employment),403 Temporary Work (International Relations),Foreign Government Agency,Secondary,210
2026-08-31,Temporary Resident (Other Employment),403 Temporary Work (International Relations),Government Agreement,Primary,753
2026-08-31,Temporary Resident (Other Employment),403 Temporary Work (International Relations),Government Agreement,Secondary,347
2026-08-31,Temporary Resident (Other Employment),403 Temporary Work (International Relations),Mobility Arrangement for Talented Early-professionals Scheme,Primary,658
2026-08-31,Temporary Resident (Other Employment),403 Temporary Work (International Relations),Mobility Arrangement for Talented Early-professionals Scheme,Secondary,50
2026-08-31,Temporary Resident (Other Employment),403 Temporary Work (International Relations),Pacific Australia Labour Mobility Scheme,Primary,31648
2026-08-31,Temporary Resident (Other Employment),403 Temporary Work (International Relations),Pacific Australia Labour Mobility Scheme,Secondary,292
2026-08-31,Temporary Resident (Other Employment),403 Temporary Work (International Relations),Privileges and immunities,Primary,35
2026-08-31,Temporary Resident (Other Employment),403 Temporary Work (International Relations),Privileges and immunities,Secondary,39
2026-08-31,Temporary Resident (Other Employment),405 Investor Retirement,Temporary Resident - Other (Not Further Specified),Primary,14
2026-08-31,Temporary Resident (Other Employment),405 Investor Retirement,Temporary Resident - Other (Not Further Specified),Secondary,9
2026-08-31,Temporary Resident (Other Employment),407 Training,Temporary Resident - Other (Not Further Specified),Primary,4631
2026-08-31,Temporary Resident (Other Employment),407 Training,Temporary Resident - Other (Not Further Specified),Secondary,2028
2026-08-31,Temporary Resident (Other Employment),408 Temporary Activity,Australian Government Endorsed Events,Primary,76
2026-08-31,Temporary Resident (Other Employment),408 Temporary Activity,Australian Government Endorsed Events,Secondary,32
2026-08-31,Temporary Resident (Other Employment),408 Temporary Activity,Domestic Work (Executive),Primary,4
2026-08-31,Temporary Resident (Other Employment),408 Temporary Activity,Entertainment,Primary,1425
2026-08-31,Temporary Resident (Other Employment),408 Temporary Activity,Entertainment,Secondary,439
2026-08-31,Temporary Resident (Other Employment),408 Temporary Activity,Exchange Arrangements,Primary,34
2026-08-31,Temporary Resident (Other Employment),408 Temporary Activity,Exchange Arrangements,Secondary,19
2026-08-31,Temporary Resident (Other Employment),408 Temporary Activity,Invited for Other Social and Cultural Activity,Primary,369
2026-08-31,Temporary Resident (Other Employment),408 Temporary Activity,Invited for Other Social and Cultural Activity,Secondary,21
2026-08-31,Temporary Resident (Other Employment),408 Temporary Activity,Religious Work,Primary,1891
2026-08-31,Temporary Resident (Other Employment),408 Temporary Activity,Religious Work,Secondary,780
2026-08-31,Temporary Resident (Other Employment),408 Temporary Activity,Research Activities,Primary,1345
2026-08-31,Temporary Resident (Other Employment),408 Temporary Activity,Research Activities,Secondary,834
2026-08-31,Temporary Resident (Other Employment),408 Temporary Activity,Special Programs,Primary,418
2026-08-31,Temporary Resident (Other Employment),408 Temporary Activity,Special Programs,Secondary,7
2026-08-31,Temporary Resident (Other Employment),408 Temporary Activity,Sporting Activities,Primary,646
2026-08-31,Temporary Resident (Other Employment),408 Temporary Activity,Sporting Activities,Secondary,219
2026-08-31,Temporary Resident (Other Employment),408 Temporary Activity,Superyacht Crew,Primary,104
2026-08-31,Temporary Resident (Other Employment),410 Retirement,Temporary Resident - Other (Not Further Specified),Primary,776
2026-08-31,Temporary Resident (Other Employment),410 Retirement,Temporary Resident - Other (Not Further Specified),Secondary,381
2026-08-31,Temporary Resident (Other Employment),476 Skilled - Recognised Graduate,Temporary Resident - Other (Not Further Specified),Primary,11
2026-08-31,Temporary Resident (Other Employment),476 Skilled - Recognised Graduate,Temporary Resident - Other (Not Further Specified),Secondary,2
2026-08-31,Temporary Resident (Other Employment),995 Diplomatic (Temporary),Diplomatic,Primary,2017
2026-08-31,Temporary Resident (Other Employment),995 Diplomatic (Temporary),Diplomatic,Secondary,2644
2026-08-31,Temporary Resident (Skilled Employment),457 Temporary Work (Skilled),Temporary Work Skilled,Primary,27
2026-08-31,Temporary Resident (Skilled Employment),457 Temporary Work (Skilled),Temporary Work Skilled,Secondary,29
2026-08-31,Temporary Resident (Skilled Employment),482 Skills In Demand,Skills In Demand,Primary,80186
2026-08-31,Temporary Resident (Skilled Employment),482 Skills In Demand,Skills In Demand,Secondary,72788
2026-08-31,Temporary Resident (Skilled Employment),482 Skills In Demand,Temporary Skill Shortage,Primary,63229
2026-08-31,Temporary Resident (Skilled Employment),482 Skills In Demand,Temporary Skill Shortage,Secondary,53332
2026-08-31,Visitor,600 Visitor,Business,Primary,9677
2026-08-31,Visitor,600 Visitor,Tourist,Primary,199822
2026-08-31,Visitor,601 Electronic Travel Authority,Business,Primary,5229
2026-08-31,Visitor,601 Electronic Travel Authority,Tourist,Primary,63407
2026-08-31,Visitor,651 eVisitor,Business,Primary,1556
2026-08-31,Visitor,651 eVisitor,Tourist,Primary,28406
2026-08-31,Working Holiday Maker,417 Working Holiday,First Visa,Primary,82231
2026-08-31,Working Holiday Maker,417 Working Holiday,Onshore Nil VAC Visa,Primary,1
2026-08-31,Working Holiday Maker,417 Working Holiday,Second Visa,Primary,49165
2026-08-31,Working Holiday Maker,417 Working Holiday,Third Visa,Primary,30841
2026-08-31,Working Holiday Maker,462 Work and Holiday,First Visa,Primary,19651
2026-08-31,Working Holiday Maker,462 Work and Holiday,Second Visa,Primary,16349
2026-08-31,Working Holiday Maker,462 Work and Holiday,Third Visa,Primary,13152
