level,anzsco_code,occupation,rank,industry
Unit group (4-digit),1111,Chief Executives and Managing Directors,1,"Professional, Scientific and Technical Services"
Unit group (4-digit),1111,Chief Executives and Managing Directors,2,Health Care and Social Assistance
Unit group (4-digit),1111,Chief Executives and Managing Directors,3,Construction
Unit group (4-digit),1112,General Managers,1,Health Care and Social Assistance
Unit group (4-digit),1112,General Managers,2,"Professional, Scientific and Technical Services"
Unit group (4-digit),1112,General Managers,3,Manufacturing
Unit group (4-digit),1113,Legislators,1,Public Administration and Safety
Unit group (4-digit),1113,Legislators,2,Health Care and Social Assistance
Unit group (4-digit),1113,Legislators,3,Education and Training
Unit group (4-digit),1211,Aquaculture Farmers,1,"Agriculture, Forestry and Fishing"
Unit group (4-digit),1211,Aquaculture Farmers,2,Construction
Unit group (4-digit),1211,Aquaculture Farmers,3,
Unit group (4-digit),1212,Crop Farmers,1,"Agriculture, Forestry and Fishing"
Unit group (4-digit),1212,Crop Farmers,2,
Unit group (4-digit),1212,Crop Farmers,3,
Unit group (4-digit),1213,Livestock Farmers,1,"Agriculture, Forestry and Fishing"
Unit group (4-digit),1213,Livestock Farmers,2,
Unit group (4-digit),1213,Livestock Farmers,3,
Unit group (4-digit),1214,Mixed Crop and Livestock Farmers,1,"Agriculture, Forestry and Fishing"
Unit group (4-digit),1214,Mixed Crop and Livestock Farmers,2,
Unit group (4-digit),1214,Mixed Crop and Livestock Farmers,3,
Unit group (4-digit),1311,"Advertising, Public Relations and Sales Manager",1,"Professional, Scientific and Technical Services"
Unit group (4-digit),1311,"Advertising, Public Relations and Sales Manager",2,Manufacturing
Unit group (4-digit),1311,"Advertising, Public Relations and Sales Manager",3,Wholesale Trade
Unit group (4-digit),1321,Corporate Services Managers,1,Public Administration and Safety
Unit group (4-digit),1321,Corporate Services Managers,2,"Professional, Scientific and Technical Services"
Unit group (4-digit),1321,Corporate Services Managers,3,Construction
Unit group (4-digit),1322,Finance Managers,1,Financial and Insurance Services
Unit group (4-digit),1322,Finance Managers,2,"Professional, Scientific and Technical Services"
Unit group (4-digit),1322,Finance Managers,3,Manufacturing
Unit group (4-digit),1323,Human Resource Managers,1,Health Care and Social Assistance
Unit group (4-digit),1323,Human Resource Managers,2,Public Administration and Safety
Unit group (4-digit),1323,Human Resource Managers,3,"Professional, Scientific and Technical Services"
Unit group (4-digit),1324,Policy and Planning Managers,1,Public Administration and Safety
Unit group (4-digit),1324,Policy and Planning Managers,2,Financial and Insurance Services
Unit group (4-digit),1324,Policy and Planning Managers,3,Health Care and Social Assistance
Unit group (4-digit),1325,Research and Development Managers,1,"Professional, Scientific and Technical Services"
Unit group (4-digit),1325,Research and Development Managers,2,Public Administration and Safety
Unit group (4-digit),1325,Research and Development Managers,3,Manufacturing
Unit group (4-digit),1331,Construction Managers,1,Construction
Unit group (4-digit),1331,Construction Managers,2,"Professional, Scientific and Technical Services"
Unit group (4-digit),1331,Construction Managers,3,
Unit group (4-digit),1332,Engineering Managers,1,"Professional, Scientific and Technical Services"
Unit group (4-digit),1332,Engineering Managers,2,Manufacturing
Unit group (4-digit),1332,Engineering Managers,3,Construction
Unit group (4-digit),1333,"Importers, Exporters and Wholesalers",1,Wholesale Trade
Unit group (4-digit),1333,"Importers, Exporters and Wholesalers",2,Retail Trade
Unit group (4-digit),1333,"Importers, Exporters and Wholesalers",3,"Transport, Postal and Warehousing"
Unit group (4-digit),1334,Manufacturers,1,Manufacturing
Unit group (4-digit),1334,Manufacturers,2,Wholesale Trade
Unit group (4-digit),1334,Manufacturers,3,
Unit group (4-digit),1335,Production Managers,1,Manufacturing
Unit group (4-digit),1335,Production Managers,2,Mining
Unit group (4-digit),1335,Production Managers,3,Construction
Unit group (4-digit),1336,"Supply, Distribution and Procurement Managers",1,"Transport, Postal and Warehousing"
Unit group (4-digit),1336,"Supply, Distribution and Procurement Managers",2,Manufacturing
Unit group (4-digit),1336,"Supply, Distribution and Procurement Managers",3,Wholesale Trade
Unit group (4-digit),1341,Child Care Centre Managers,1,Health Care and Social Assistance
Unit group (4-digit),1341,Child Care Centre Managers,2,Education and Training
Unit group (4-digit),1341,Child Care Centre Managers,3,
Unit group (4-digit),1342,Health and Welfare Services Managers,1,Health Care and Social Assistance
Unit group (4-digit),1342,Health and Welfare Services Managers,2,Public Administration and Safety
Unit group (4-digit),1342,Health and Welfare Services Managers,3,
Unit group (4-digit),1343,School Principals,1,Education and Training
Unit group (4-digit),1343,School Principals,2,
Unit group (4-digit),1343,School Principals,3,
Unit group (4-digit),1344,Other Education Managers,1,Education and Training
Unit group (4-digit),1344,Other Education Managers,2,Public Administration and Safety
Unit group (4-digit),1344,Other Education Managers,3,
Unit group (4-digit),1351,ICT Managers,1,"Professional, Scientific and Technical Services"
Unit group (4-digit),1351,ICT Managers,2,Financial and Insurance Services
Unit group (4-digit),1351,ICT Managers,3,Public Administration and Safety
Unit group (4-digit),1391,Commissioned Officers (Management),1,Public Administration and Safety
Unit group (4-digit),1391,Commissioned Officers (Management),2,
Unit group (4-digit),1391,Commissioned Officers (Management),3,
Unit group (4-digit),1392,Senior Non-Commissioned Defence Force Officers,1,Public Administration and Safety
Unit group (4-digit),1392,Senior Non-Commissioned Defence Force Officers,2,
Unit group (4-digit),1392,Senior Non-Commissioned Defence Force Officers,3,
Unit group (4-digit),1399,Other Specialist Managers,1,Public Administration and Safety
Unit group (4-digit),1399,Other Specialist Managers,2,Manufacturing
Unit group (4-digit),1399,Other Specialist Managers,3,"Professional, Scientific and Technical Services"
Unit group (4-digit),1411,Cafe and Restaurant Managers,1,Accommodation and Food Services
Unit group (4-digit),1411,Cafe and Restaurant Managers,2,
Unit group (4-digit),1411,Cafe and Restaurant Managers,3,
Unit group (4-digit),1412,Caravan Park and Camping Ground Managers,1,Accommodation and Food Services
Unit group (4-digit),1412,Caravan Park and Camping Ground Managers,2,"Agriculture, Forestry and Fishing"
Unit group (4-digit),1412,Caravan Park and Camping Ground Managers,3,Arts and Recreation Services
Unit group (4-digit),1413,Hotel and Motel Managers,1,Accommodation and Food Services
Unit group (4-digit),1413,Hotel and Motel Managers,2,
Unit group (4-digit),1413,Hotel and Motel Managers,3,
Unit group (4-digit),1414,Licensed Club Managers,1,Accommodation and Food Services
Unit group (4-digit),1414,Licensed Club Managers,2,Arts and Recreation Services
Unit group (4-digit),1414,Licensed Club Managers,3,Other Services
Unit group (4-digit),1419,Other Accommodation and Hospitality Managers,1,Accommodation and Food Services
Unit group (4-digit),1419,Other Accommodation and Hospitality Managers,2,Health Care and Social Assistance
Unit group (4-digit),1419,Other Accommodation and Hospitality Managers,3,"Rental, Hiring and Real Estate Services"
Unit group (4-digit),1421,Retail Managers,1,Retail Trade
Unit group (4-digit),1421,Retail Managers,2,Accommodation and Food Services
Unit group (4-digit),1421,Retail Managers,3,
Unit group (4-digit),1491,"Amusement, Fitness and Sports Centre Managers",1,Arts and Recreation Services
Unit group (4-digit),1491,"Amusement, Fitness and Sports Centre Managers",2,Accommodation and Food Services
Unit group (4-digit),1491,"Amusement, Fitness and Sports Centre Managers",3,Education and Training
Unit group (4-digit),1492,"Call, Contact Centre and Customer Service Managers",1,Other Services
Unit group (4-digit),1492,"Call, Contact Centre and Customer Service Managers",2,Retail Trade
Unit group (4-digit),1492,"Call, Contact Centre and Customer Service Managers",3,"Professional, Scientific and Technical Services"
Unit group (4-digit),1493,Conference and Event Organisers,1,Administrative and Support Services
Unit group (4-digit),1493,Conference and Event Organisers,2,Education and Training
Unit group (4-digit),1493,Conference and Event Organisers,3,Arts and Recreation Services
Unit group (4-digit),1494,Transport Services Managers,1,"Transport, Postal and Warehousing"
Unit group (4-digit),1494,Transport Services Managers,2,"Rental, Hiring and Real Estate Services"
Unit group (4-digit),1494,Transport Services Managers,3,Public Administration and Safety
Unit group (4-digit),1499,"Other Hospitality, Retail and Service Managers",1,Financial and Insurance Services
Unit group (4-digit),1499,"Other Hospitality, Retail and Service Managers",2,"Rental, Hiring and Real Estate Services"
Unit group (4-digit),1499,"Other Hospitality, Retail and Service Managers",3,Public Administration and Safety
Unit group (4-digit),2111,"Actors, Dancers and Other Entertainers",1,Arts and Recreation Services
Unit group (4-digit),2111,"Actors, Dancers and Other Entertainers",2,Education and Training
Unit group (4-digit),2111,"Actors, Dancers and Other Entertainers",3,Information Media and Telecommunications
Unit group (4-digit),2112,Music Professionals,1,Arts and Recreation Services
Unit group (4-digit),2112,Music Professionals,2,Education and Training
Unit group (4-digit),2112,Music Professionals,3,
Unit group (4-digit),2113,Photographers,1,"Professional, Scientific and Technical Services"
Unit group (4-digit),2113,Photographers,2,Retail Trade
Unit group (4-digit),2113,Photographers,3,
Unit group (4-digit),2114,Visual Arts and Crafts Professionals,1,Arts and Recreation Services
Unit group (4-digit),2114,Visual Arts and Crafts Professionals,2,Manufacturing
Unit group (4-digit),2114,Visual Arts and Crafts Professionals,3,Information Media and Telecommunications
Unit group (4-digit),2121,"Artistic Directors, Media Producers and Presenters",1,Information Media and Telecommunications
Unit group (4-digit),2121,"Artistic Directors, Media Producers and Presenters",2,"Professional, Scientific and Technical Services"
Unit group (4-digit),2121,"Artistic Directors, Media Producers and Presenters",3,Arts and Recreation Services
Unit group (4-digit),2122,"Authors, and Book and Script Editors",1,Arts and Recreation Services
Unit group (4-digit),2122,"Authors, and Book and Script Editors",2,Information Media and Telecommunications
Unit group (4-digit),2122,"Authors, and Book and Script Editors",3,Education and Training
Unit group (4-digit),2123,"Film, Television, Radio and Stage Directors",1,Information Media and Telecommunications
Unit group (4-digit),2123,"Film, Television, Radio and Stage Directors",2,"Professional, Scientific and Technical Services"
Unit group (4-digit),2123,"Film, Television, Radio and Stage Directors",3,Arts and Recreation Services
Unit group (4-digit),2124,Journalists and Other Writers,1,Information Media and Telecommunications
Unit group (4-digit),2124,Journalists and Other Writers,2,"Professional, Scientific and Technical Services"
Unit group (4-digit),2124,Journalists and Other Writers,3,Arts and Recreation Services
Unit group (4-digit),2211,Accountants,1,"Professional, Scientific and Technical Services"
Unit group (4-digit),2211,Accountants,2,Financial and Insurance Services
Unit group (4-digit),2211,Accountants,3,Public Administration and Safety
Unit group (4-digit),2212,"Auditors, Company Secretaries and Corporate Treasurers",1,Financial and Insurance Services
Unit group (4-digit),2212,"Auditors, Company Secretaries and Corporate Treasurers",2,"Professional, Scientific and Technical Services"
Unit group (4-digit),2212,"Auditors, Company Secretaries and Corporate Treasurers",3,Public Administration and Safety
Unit group (4-digit),2221,Financial Brokers,1,Financial and Insurance Services
Unit group (4-digit),2221,Financial Brokers,2,
Unit group (4-digit),2221,Financial Brokers,3,
Unit group (4-digit),2222,Financial Dealers,1,Financial and Insurance Services
Unit group (4-digit),2222,Financial Dealers,2,
Unit group (4-digit),2222,Financial Dealers,3,
Unit group (4-digit),2223,Financial Investment Advisers and Managers,1,Financial and Insurance Services
Unit group (4-digit),2223,Financial Investment Advisers and Managers,2,"Professional, Scientific and Technical Services"
Unit group (4-digit),2223,Financial Investment Advisers and Managers,3,
Unit group (4-digit),2231,Human Resource Professionals,1,Administrative and Support Services
Unit group (4-digit),2231,Human Resource Professionals,2,Public Administration and Safety
Unit group (4-digit),2231,Human Resource Professionals,3,Health Care and Social Assistance
Unit group (4-digit),2232,ICT Trainers,1,Education and Training
Unit group (4-digit),2232,ICT Trainers,2,"Professional, Scientific and Technical Services"
Unit group (4-digit),2232,ICT Trainers,3,Information Media and Telecommunications
Unit group (4-digit),2233,Training and Development Professionals,1,Education and Training
Unit group (4-digit),2233,Training and Development Professionals,2,Public Administration and Safety
Unit group (4-digit),2233,Training and Development Professionals,3,Financial and Insurance Services
Unit group (4-digit),2241,"Actuaries, Mathematicians and Statisticians",1,Financial and Insurance Services
Unit group (4-digit),2241,"Actuaries, Mathematicians and Statisticians",2,"Professional, Scientific and Technical Services"
Unit group (4-digit),2241,"Actuaries, Mathematicians and Statisticians",3,Education and Training
Unit group (4-digit),2242,"Archivists, Curators and Records Managers",1,Arts and Recreation Services
Unit group (4-digit),2242,"Archivists, Curators and Records Managers",2,Public Administration and Safety
Unit group (4-digit),2242,"Archivists, Curators and Records Managers",3,Health Care and Social Assistance
Unit group (4-digit),2243,Economists,1,Public Administration and Safety
Unit group (4-digit),2243,Economists,2,"Professional, Scientific and Technical Services"
Unit group (4-digit),2243,Economists,3,Education and Training
Unit group (4-digit),2244,Intelligence and Policy Analysts,1,Public Administration and Safety
Unit group (4-digit),2244,Intelligence and Policy Analysts,2,"Professional, Scientific and Technical Services"
Unit group (4-digit),2244,Intelligence and Policy Analysts,3,
Unit group (4-digit),2245,Land Economists and Valuers,1,"Rental, Hiring and Real Estate Services"
Unit group (4-digit),2245,Land Economists and Valuers,2,Construction
Unit group (4-digit),2245,Land Economists and Valuers,3,Public Administration and Safety
Unit group (4-digit),2246,Librarians,1,Information Media and Telecommunications
Unit group (4-digit),2246,Librarians,2,Education and Training
Unit group (4-digit),2246,Librarians,3,
Unit group (4-digit),2247,Management and Organisation Analysts,1,"Professional, Scientific and Technical Services"
Unit group (4-digit),2247,Management and Organisation Analysts,2,Financial and Insurance Services
Unit group (4-digit),2247,Management and Organisation Analysts,3,Public Administration and Safety
Unit group (4-digit),2249,Other Information and Organisation Professionals,1,Public Administration and Safety
Unit group (4-digit),2249,Other Information and Organisation Professionals,2,"Professional, Scientific and Technical Services"
Unit group (4-digit),2249,Other Information and Organisation Professionals,3,Financial and Insurance Services
Unit group (4-digit),2251,Advertising and Marketing Professionals,1,"Professional, Scientific and Technical Services"
Unit group (4-digit),2251,Advertising and Marketing Professionals,2,Retail Trade
Unit group (4-digit),2251,Advertising and Marketing Professionals,3,Manufacturing
Unit group (4-digit),2252,ICT Sales Professionals,1,"Professional, Scientific and Technical Services"
Unit group (4-digit),2252,ICT Sales Professionals,2,Information Media and Telecommunications
Unit group (4-digit),2252,ICT Sales Professionals,3,Retail Trade
Unit group (4-digit),2253,Public Relations Professionals,1,Public Administration and Safety
Unit group (4-digit),2253,Public Relations Professionals,2,"Professional, Scientific and Technical Services"
Unit group (4-digit),2253,Public Relations Professionals,3,Health Care and Social Assistance
Unit group (4-digit),2254,Technical Sales Representatives,1,Wholesale Trade
Unit group (4-digit),2254,Technical Sales Representatives,2,Retail Trade
Unit group (4-digit),2254,Technical Sales Representatives,3,Manufacturing
Unit group (4-digit),2311,Air Transport Professionals,1,"Transport, Postal and Warehousing"
Unit group (4-digit),2311,Air Transport Professionals,2,Public Administration and Safety
Unit group (4-digit),2311,Air Transport Professionals,3,
Unit group (4-digit),2312,Marine Transport Professionals,1,"Transport, Postal and Warehousing"
Unit group (4-digit),2312,Marine Transport Professionals,2,Public Administration and Safety
Unit group (4-digit),2312,Marine Transport Professionals,3,Manufacturing
Unit group (4-digit),2321,Architects and Landscape Architects,1,"Professional, Scientific and Technical Services"
Unit group (4-digit),2321,Architects and Landscape Architects,2,Construction
Unit group (4-digit),2321,Architects and Landscape Architects,3,
Unit group (4-digit),2322,Surveyors and Spatial Scientists,1,"Professional, Scientific and Technical Services"
Unit group (4-digit),2322,Surveyors and Spatial Scientists,2,Public Administration and Safety
Unit group (4-digit),2322,Surveyors and Spatial Scientists,3,Mining
Unit group (4-digit),2323,"Fashion, Industrial and Jewellery Designers",1,"Professional, Scientific and Technical Services"
Unit group (4-digit),2323,"Fashion, Industrial and Jewellery Designers",2,Manufacturing
Unit group (4-digit),2323,"Fashion, Industrial and Jewellery Designers",3,Retail Trade
Unit group (4-digit),2324,"Graphic and Web Designers, and Illustrators",1,"Professional, Scientific and Technical Services"
Unit group (4-digit),2324,"Graphic and Web Designers, and Illustrators",2,Information Media and Telecommunications
Unit group (4-digit),2324,"Graphic and Web Designers, and Illustrators",3,Manufacturing
Unit group (4-digit),2325,Interior Designers,1,"Professional, Scientific and Technical Services"
Unit group (4-digit),2325,Interior Designers,2,Construction
Unit group (4-digit),2325,Interior Designers,3,Retail Trade
Unit group (4-digit),2326,Urban and Regional Planners,1,Public Administration and Safety
Unit group (4-digit),2326,Urban and Regional Planners,2,"Professional, Scientific and Technical Services"
Unit group (4-digit),2326,Urban and Regional Planners,3,
Unit group (4-digit),2331,Chemical and Materials Engineers,1,Manufacturing
Unit group (4-digit),2331,Chemical and Materials Engineers,2,"Professional, Scientific and Technical Services"
Unit group (4-digit),2331,Chemical and Materials Engineers,3,"Electricity, Gas, Water and Waste Services"
Unit group (4-digit),2332,Civil Engineering Professionals,1,"Professional, Scientific and Technical Services"
Unit group (4-digit),2332,Civil Engineering Professionals,2,Construction
Unit group (4-digit),2332,Civil Engineering Professionals,3,Public Administration and Safety
Unit group (4-digit),2333,Electrical Engineers,1,"Professional, Scientific and Technical Services"
Unit group (4-digit),2333,Electrical Engineers,2,"Electricity, Gas, Water and Waste Services"
Unit group (4-digit),2333,Electrical Engineers,3,Manufacturing
Unit group (4-digit),2334,Electronics Engineers,1,Manufacturing
Unit group (4-digit),2334,Electronics Engineers,2,"Professional, Scientific and Technical Services"
Unit group (4-digit),2334,Electronics Engineers,3,Information Media and Telecommunications
Unit group (4-digit),2335,"Industrial, Mechanical and Production Engineers",1,"Professional, Scientific and Technical Services"
Unit group (4-digit),2335,"Industrial, Mechanical and Production Engineers",2,Manufacturing
Unit group (4-digit),2335,"Industrial, Mechanical and Production Engineers",3,Mining
Unit group (4-digit),2336,Mining Engineers,1,Mining
Unit group (4-digit),2336,Mining Engineers,2,"Professional, Scientific and Technical Services"
Unit group (4-digit),2336,Mining Engineers,3,Wholesale Trade
Unit group (4-digit),2339,Other Engineering Professionals,1,"Professional, Scientific and Technical Services"
Unit group (4-digit),2339,Other Engineering Professionals,2,Manufacturing
Unit group (4-digit),2339,Other Engineering Professionals,3,Public Administration and Safety
Unit group (4-digit),2341,Agricultural and Forestry Scientists,1,"Agriculture, Forestry and Fishing"
Unit group (4-digit),2341,Agricultural and Forestry Scientists,2,"Professional, Scientific and Technical Services"
Unit group (4-digit),2341,Agricultural and Forestry Scientists,3,Public Administration and Safety
Unit group (4-digit),2342,"Chemists, and Food and Wine Scientists",1,Manufacturing
Unit group (4-digit),2342,"Chemists, and Food and Wine Scientists",2,"Professional, Scientific and Technical Services"
Unit group (4-digit),2342,"Chemists, and Food and Wine Scientists",3,Education and Training
Unit group (4-digit),2343,Environmental Scientists,1,"Professional, Scientific and Technical Services"
Unit group (4-digit),2343,Environmental Scientists,2,Public Administration and Safety
Unit group (4-digit),2343,Environmental Scientists,3,Arts and Recreation Services
Unit group (4-digit),2344,"Geologists, Geophysicists and Hydrogeologists",1,Mining
Unit group (4-digit),2344,"Geologists, Geophysicists and Hydrogeologists",2,"Professional, Scientific and Technical Services"
Unit group (4-digit),2344,"Geologists, Geophysicists and Hydrogeologists",3,
Unit group (4-digit),2345,Life Scientists,1,"Professional, Scientific and Technical Services"
Unit group (4-digit),2345,Life Scientists,2,Health Care and Social Assistance
Unit group (4-digit),2345,Life Scientists,3,Education and Training
Unit group (4-digit),2346,Medical Laboratory Scientists,1,Health Care and Social Assistance
Unit group (4-digit),2346,Medical Laboratory Scientists,2,"Professional, Scientific and Technical Services"
Unit group (4-digit),2346,Medical Laboratory Scientists,3,Education and Training
Unit group (4-digit),2347,Veterinarians,1,"Professional, Scientific and Technical Services"
Unit group (4-digit),2347,Veterinarians,2,Public Administration and Safety
Unit group (4-digit),2347,Veterinarians,3,
Unit group (4-digit),2349,Other Natural and Physical Science Professionals,1,Health Care and Social Assistance
Unit group (4-digit),2349,Other Natural and Physical Science Professionals,2,"Professional, Scientific and Technical Services"
Unit group (4-digit),2349,Other Natural and Physical Science Professionals,3,Public Administration and Safety
Unit group (4-digit),2411,Early Childhood (Pre-primary School) Teachers,1,Education and Training
Unit group (4-digit),2411,Early Childhood (Pre-primary School) Teachers,2,Health Care and Social Assistance
Unit group (4-digit),2411,Early Childhood (Pre-primary School) Teachers,3,
Unit group (4-digit),2412,Primary School Teachers,1,Education and Training
Unit group (4-digit),2412,Primary School Teachers,2,
Unit group (4-digit),2412,Primary School Teachers,3,
Unit group (4-digit),2413,Middle School Teachers,1,Education and Training
Unit group (4-digit),2413,Middle School Teachers,2,
Unit group (4-digit),2413,Middle School Teachers,3,
Unit group (4-digit),2414,Secondary School Teachers,1,Education and Training
Unit group (4-digit),2414,Secondary School Teachers,2,
Unit group (4-digit),2414,Secondary School Teachers,3,
Unit group (4-digit),2415,Special Education Teachers,1,Education and Training
Unit group (4-digit),2415,Special Education Teachers,2,
Unit group (4-digit),2415,Special Education Teachers,3,
Unit group (4-digit),2421,University Lecturers and Tutors,1,Education and Training
Unit group (4-digit),2421,University Lecturers and Tutors,2,
Unit group (4-digit),2421,University Lecturers and Tutors,3,
Unit group (4-digit),2422,Vocational Education Teachers,1,Education and Training
Unit group (4-digit),2422,Vocational Education Teachers,2,Public Administration and Safety
Unit group (4-digit),2422,Vocational Education Teachers,3,
Unit group (4-digit),2491,Education Advisers and Reviewers,1,Education and Training
Unit group (4-digit),2491,Education Advisers and Reviewers,2,Public Administration and Safety
Unit group (4-digit),2491,Education Advisers and Reviewers,3,"Professional, Scientific and Technical Services"
Unit group (4-digit),2492,Private Tutors and Teachers,1,Education and Training
Unit group (4-digit),2492,Private Tutors and Teachers,2,
Unit group (4-digit),2492,Private Tutors and Teachers,3,
Unit group (4-digit),2493,Teachers of English to Speakers of Other Languages,1,Education and Training
Unit group (4-digit),2493,Teachers of English to Speakers of Other Languages,2,Health Care and Social Assistance
Unit group (4-digit),2493,Teachers of English to Speakers of Other Languages,3,
Unit group (4-digit),2511,Nutrition Professionals,1,Health Care and Social Assistance
Unit group (4-digit),2511,Nutrition Professionals,2,Retail Trade
Unit group (4-digit),2511,Nutrition Professionals,3,
Unit group (4-digit),2512,Medical Imaging Professionals,1,Health Care and Social Assistance
Unit group (4-digit),2512,Medical Imaging Professionals,2,
Unit group (4-digit),2512,Medical Imaging Professionals,3,
Unit group (4-digit),2513,Occupational and Environmental Health Professionals,1,Public Administration and Safety
Unit group (4-digit),2513,Occupational and Environmental Health Professionals,2,Construction
Unit group (4-digit),2513,Occupational and Environmental Health Professionals,3,"Professional, Scientific and Technical Services"
Unit group (4-digit),2514,Optometrists and Orthoptists,1,Health Care and Social Assistance
Unit group (4-digit),2514,Optometrists and Orthoptists,2,Education and Training
Unit group (4-digit),2514,Optometrists and Orthoptists,3,
Unit group (4-digit),2515,Pharmacists,1,Retail Trade
Unit group (4-digit),2515,Pharmacists,2,Health Care and Social Assistance
Unit group (4-digit),2515,Pharmacists,3,
Unit group (4-digit),2519,Other Health Diagnostic and Promotion Professionals,1,Health Care and Social Assistance
Unit group (4-digit),2519,Other Health Diagnostic and Promotion Professionals,2,Public Administration and Safety
Unit group (4-digit),2519,Other Health Diagnostic and Promotion Professionals,3,Education and Training
Unit group (4-digit),2521,Chiropractors and Osteopaths,1,Health Care and Social Assistance
Unit group (4-digit),2521,Chiropractors and Osteopaths,2,
Unit group (4-digit),2521,Chiropractors and Osteopaths,3,
Unit group (4-digit),2522,Complementary Health Therapists,1,Health Care and Social Assistance
Unit group (4-digit),2522,Complementary Health Therapists,2,
Unit group (4-digit),2522,Complementary Health Therapists,3,
Unit group (4-digit),2523,Dental Practitioners,1,Health Care and Social Assistance
Unit group (4-digit),2523,Dental Practitioners,2,
Unit group (4-digit),2523,Dental Practitioners,3,
Unit group (4-digit),2524,Occupational Therapists,1,Health Care and Social Assistance
Unit group (4-digit),2524,Occupational Therapists,2,
Unit group (4-digit),2524,Occupational Therapists,3,
Unit group (4-digit),2525,Physiotherapists,1,Health Care and Social Assistance
Unit group (4-digit),2525,Physiotherapists,2,
Unit group (4-digit),2525,Physiotherapists,3,
Unit group (4-digit),2526,Podiatrists,1,Health Care and Social Assistance
Unit group (4-digit),2526,Podiatrists,2,
Unit group (4-digit),2526,Podiatrists,3,
Unit group (4-digit),2527,Audiologists and Speech Pathologists \ Therapists,1,Health Care and Social Assistance
Unit group (4-digit),2527,Audiologists and Speech Pathologists \ Therapists,2,Public Administration and Safety
Unit group (4-digit),2527,Audiologists and Speech Pathologists \ Therapists,3,
Unit group (4-digit),2531,General Practitioners and Resident Medical Officers,1,Health Care and Social Assistance
Unit group (4-digit),2531,General Practitioners and Resident Medical Officers,2,
Unit group (4-digit),2531,General Practitioners and Resident Medical Officers,3,
Unit group (4-digit),2532,Anaesthetists,1,Health Care and Social Assistance
Unit group (4-digit),2532,Anaesthetists,2,
Unit group (4-digit),2532,Anaesthetists,3,
Unit group (4-digit),2533,Specialist Physicians,1,Health Care and Social Assistance
Unit group (4-digit),2533,Specialist Physicians,2,
Unit group (4-digit),2533,Specialist Physicians,3,
Unit group (4-digit),2534,Psychiatrists,1,Health Care and Social Assistance
Unit group (4-digit),2534,Psychiatrists,2,
Unit group (4-digit),2534,Psychiatrists,3,
Unit group (4-digit),2535,Surgeons,1,Health Care and Social Assistance
Unit group (4-digit),2535,Surgeons,2,
Unit group (4-digit),2535,Surgeons,3,
Unit group (4-digit),2539,Other Medical Practitioners,1,Health Care and Social Assistance
Unit group (4-digit),2539,Other Medical Practitioners,2,
Unit group (4-digit),2539,Other Medical Practitioners,3,
Unit group (4-digit),2541,Midwives,1,Health Care and Social Assistance
Unit group (4-digit),2541,Midwives,2,
Unit group (4-digit),2541,Midwives,3,
Unit group (4-digit),2542,Nurse Educators and Researchers,1,Health Care and Social Assistance
Unit group (4-digit),2542,Nurse Educators and Researchers,2,Education and Training
Unit group (4-digit),2542,Nurse Educators and Researchers,3,
Unit group (4-digit),2543,Nurse Managers,1,Health Care and Social Assistance
Unit group (4-digit),2543,Nurse Managers,2,
Unit group (4-digit),2543,Nurse Managers,3,
Unit group (4-digit),2544,Registered Nurses,1,Health Care and Social Assistance
Unit group (4-digit),2544,Registered Nurses,2,
Unit group (4-digit),2544,Registered Nurses,3,
Unit group (4-digit),2611,ICT Business and Systems Analysts,1,"Professional, Scientific and Technical Services"
Unit group (4-digit),2611,ICT Business and Systems Analysts,2,Financial and Insurance Services
Unit group (4-digit),2611,ICT Business and Systems Analysts,3,Public Administration and Safety
Unit group (4-digit),2612,Multimedia Specialists and Web Developers,1,"Professional, Scientific and Technical Services"
Unit group (4-digit),2612,Multimedia Specialists and Web Developers,2,Information Media and Telecommunications
Unit group (4-digit),2612,Multimedia Specialists and Web Developers,3,Arts and Recreation Services
Unit group (4-digit),2613,Software and Applications Programmers,1,"Professional, Scientific and Technical Services"
Unit group (4-digit),2613,Software and Applications Programmers,2,Financial and Insurance Services
Unit group (4-digit),2613,Software and Applications Programmers,3,Public Administration and Safety
Unit group (4-digit),2621,"Database and Systems Administrators, and ICT Security Specialists",1,"Professional, Scientific and Technical Services"
Unit group (4-digit),2621,"Database and Systems Administrators, and ICT Security Specialists",2,Public Administration and Safety
Unit group (4-digit),2621,"Database and Systems Administrators, and ICT Security Specialists",3,Health Care and Social Assistance
Unit group (4-digit),2631,Computer Network Professionals,1,"Professional, Scientific and Technical Services"
Unit group (4-digit),2631,Computer Network Professionals,2,Public Administration and Safety
Unit group (4-digit),2631,Computer Network Professionals,3,Financial and Insurance Services
Unit group (4-digit),2632,ICT Support and Test Engineers,1,"Professional, Scientific and Technical Services"
Unit group (4-digit),2632,ICT Support and Test Engineers,2,Financial and Insurance Services
Unit group (4-digit),2632,ICT Support and Test Engineers,3,Public Administration and Safety
Unit group (4-digit),2633,Telecommunications Engineering Professionals,1,Information Media and Telecommunications
Unit group (4-digit),2633,Telecommunications Engineering Professionals,2,"Professional, Scientific and Technical Services"
Unit group (4-digit),2633,Telecommunications Engineering Professionals,3,Manufacturing
Unit group (4-digit),2711,Barristers,1,"Professional, Scientific and Technical Services"
Unit group (4-digit),2711,Barristers,2,Public Administration and Safety
Unit group (4-digit),2711,Barristers,3,
Unit group (4-digit),2712,Judicial and Other Legal Professionals,1,Public Administration and Safety
Unit group (4-digit),2712,Judicial and Other Legal Professionals,2,"Professional, Scientific and Technical Services"
Unit group (4-digit),2712,Judicial and Other Legal Professionals,3,Financial and Insurance Services
Unit group (4-digit),2713,Solicitors,1,"Professional, Scientific and Technical Services"
Unit group (4-digit),2713,Solicitors,2,Public Administration and Safety
Unit group (4-digit),2713,Solicitors,3,
Unit group (4-digit),2721,Counsellors,1,Health Care and Social Assistance
Unit group (4-digit),2721,Counsellors,2,Education and Training
Unit group (4-digit),2721,Counsellors,3,Public Administration and Safety
Unit group (4-digit),2722,Ministers of Religion,1,Other Services
Unit group (4-digit),2722,Ministers of Religion,2,Education and Training
Unit group (4-digit),2722,Ministers of Religion,3,Health Care and Social Assistance
Unit group (4-digit),2723,Psychologists and Psychotherapists,1,Health Care and Social Assistance
Unit group (4-digit),2723,Psychologists and Psychotherapists,2,Education and Training
Unit group (4-digit),2723,Psychologists and Psychotherapists,3,Public Administration and Safety
Unit group (4-digit),2724,Social Professionals,1,"Professional, Scientific and Technical Services"
Unit group (4-digit),2724,Social Professionals,2,Education and Training
Unit group (4-digit),2724,Social Professionals,3,Public Administration and Safety
Unit group (4-digit),2725,Social Workers,1,Health Care and Social Assistance
Unit group (4-digit),2725,Social Workers,2,Public Administration and Safety
Unit group (4-digit),2725,Social Workers,3,
Unit group (4-digit),2726,"Welfare, Recreation and Community Arts Workers",1,Health Care and Social Assistance
Unit group (4-digit),2726,"Welfare, Recreation and Community Arts Workers",2,Public Administration and Safety
Unit group (4-digit),2726,"Welfare, Recreation and Community Arts Workers",3,
Unit group (4-digit),3111,Agricultural Technicians,1,"Agriculture, Forestry and Fishing"
Unit group (4-digit),3111,Agricultural Technicians,2,"Professional, Scientific and Technical Services"
Unit group (4-digit),3111,Agricultural Technicians,3,Education and Training
Unit group (4-digit),3112,Medical Technicians,1,Health Care and Social Assistance
Unit group (4-digit),3112,Medical Technicians,2,Retail Trade
Unit group (4-digit),3112,Medical Technicians,3,"Professional, Scientific and Technical Services"
Unit group (4-digit),3113,Primary Products Inspectors,1,Public Administration and Safety
Unit group (4-digit),3113,Primary Products Inspectors,2,"Professional, Scientific and Technical Services"
Unit group (4-digit),3113,Primary Products Inspectors,3,"Electricity, Gas, Water and Waste Services"
Unit group (4-digit),3114,Science Technicians,1,Education and Training
Unit group (4-digit),3114,Science Technicians,2,"Professional, Scientific and Technical Services"
Unit group (4-digit),3114,Science Technicians,3,Public Administration and Safety
Unit group (4-digit),3121,"Architectural, Building and Surveying Technicians",1,Construction
Unit group (4-digit),3121,"Architectural, Building and Surveying Technicians",2,"Professional, Scientific and Technical Services"
Unit group (4-digit),3121,"Architectural, Building and Surveying Technicians",3,Manufacturing
Unit group (4-digit),3122,Civil Engineering Draftspersons and Technicians,1,"Professional, Scientific and Technical Services"
Unit group (4-digit),3122,Civil Engineering Draftspersons and Technicians,2,Construction
Unit group (4-digit),3122,Civil Engineering Draftspersons and Technicians,3,Manufacturing
Unit group (4-digit),3123,"Electrical Engineering Draftspersons, Technicians",1,Manufacturing
Unit group (4-digit),3123,"Electrical Engineering Draftspersons, Technicians",2,"Electricity, Gas, Water and Waste Services"
Unit group (4-digit),3123,"Electrical Engineering Draftspersons, Technicians",3,Construction
Unit group (4-digit),3124,"Electronic Engineering Draftspersons, Technicians",1,Manufacturing
Unit group (4-digit),3124,"Electronic Engineering Draftspersons, Technicians",2,Information Media and Telecommunications
Unit group (4-digit),3124,"Electronic Engineering Draftspersons, Technicians",3,"Professional, Scientific and Technical Services"
Unit group (4-digit),3125,"Mechanical Engineering Draftspersons, Technicians",1,"Professional, Scientific and Technical Services"
Unit group (4-digit),3125,"Mechanical Engineering Draftspersons, Technicians",2,Mining
Unit group (4-digit),3125,"Mechanical Engineering Draftspersons, Technicians",3,Manufacturing
Unit group (4-digit),3126,Safety Inspectors,1,Public Administration and Safety
Unit group (4-digit),3126,Safety Inspectors,2,"Professional, Scientific and Technical Services"
Unit group (4-digit),3126,Safety Inspectors,3,Construction
Unit group (4-digit),3129,Other Building and Engineering Technicians,1,Mining
Unit group (4-digit),3129,Other Building and Engineering Technicians,2,Manufacturing
Unit group (4-digit),3129,Other Building and Engineering Technicians,3,"Electricity, Gas, Water and Waste Services"
Unit group (4-digit),3131,ICT Support Technicians,1,"Professional, Scientific and Technical Services"
Unit group (4-digit),3131,ICT Support Technicians,2,Public Administration and Safety
Unit group (4-digit),3131,ICT Support Technicians,3,Education and Training
Unit group (4-digit),3132,Telecommunications Technical Specialists,1,Information Media and Telecommunications
Unit group (4-digit),3132,Telecommunications Technical Specialists,2,Public Administration and Safety
Unit group (4-digit),3132,Telecommunications Technical Specialists,3,"Transport, Postal and Warehousing"
Unit group (4-digit),3211,Automotive Electricians,1,Other Services
Unit group (4-digit),3211,Automotive Electricians,2,Mining
Unit group (4-digit),3211,Automotive Electricians,3,Manufacturing
Unit group (4-digit),3212,Motor Mechanics,1,Other Services
Unit group (4-digit),3212,Motor Mechanics,2,Retail Trade
Unit group (4-digit),3212,Motor Mechanics,3,
Unit group (4-digit),3221,"Metal Casting, Forging and Finishing Trades",1,"Agriculture, Forestry and Fishing"
Unit group (4-digit),3221,"Metal Casting, Forging and Finishing Trades",2,Manufacturing
Unit group (4-digit),3221,"Metal Casting, Forging and Finishing Trades",3,
Unit group (4-digit),3222,Sheetmetal Trades Workers,1,Manufacturing
Unit group (4-digit),3222,Sheetmetal Trades Workers,2,Construction
Unit group (4-digit),3222,Sheetmetal Trades Workers,3,"Transport, Postal and Warehousing"
Unit group (4-digit),3223,Structural Steel and Welding Trades Workers,1,Manufacturing
Unit group (4-digit),3223,Structural Steel and Welding Trades Workers,2,Construction
Unit group (4-digit),3223,Structural Steel and Welding Trades Workers,3,Mining
Unit group (4-digit),3231,Aircraft Maintenance Engineers,1,"Transport, Postal and Warehousing"
Unit group (4-digit),3231,Aircraft Maintenance Engineers,2,Manufacturing
Unit group (4-digit),3231,Aircraft Maintenance Engineers,3,Public Administration and Safety
Unit group (4-digit),3232,Metal Fitters and Machinists,1,Manufacturing
Unit group (4-digit),3232,Metal Fitters and Machinists,2,Mining
Unit group (4-digit),3232,Metal Fitters and Machinists,3,Other Services
Unit group (4-digit),3233,Precision Metal Trades Workers,1,Public Administration and Safety
Unit group (4-digit),3233,Precision Metal Trades Workers,2,Other Services
Unit group (4-digit),3233,Precision Metal Trades Workers,3,Manufacturing
Unit group (4-digit),3234,Toolmakers and Engineering Patternmakers,1,Manufacturing
Unit group (4-digit),3234,Toolmakers and Engineering Patternmakers,2,Retail Trade
Unit group (4-digit),3234,Toolmakers and Engineering Patternmakers,3,
Unit group (4-digit),3241,Panelbeaters,1,Other Services
Unit group (4-digit),3241,Panelbeaters,2,
Unit group (4-digit),3241,Panelbeaters,3,
Unit group (4-digit),3242,Vehicle Body Builders and Trimmers,1,Other Services
Unit group (4-digit),3242,Vehicle Body Builders and Trimmers,2,Manufacturing
Unit group (4-digit),3242,Vehicle Body Builders and Trimmers,3,
Unit group (4-digit),3243,Vehicle Painters,1,Other Services
Unit group (4-digit),3243,Vehicle Painters,2,Manufacturing
Unit group (4-digit),3243,Vehicle Painters,3,
Unit group (4-digit),3311,Bricklayers and Stonemasons,1,Construction
Unit group (4-digit),3311,Bricklayers and Stonemasons,2,Manufacturing
Unit group (4-digit),3311,Bricklayers and Stonemasons,3,
Unit group (4-digit),3312,Carpenters and Joiners,1,Construction
Unit group (4-digit),3312,Carpenters and Joiners,2,Manufacturing
Unit group (4-digit),3312,Carpenters and Joiners,3,
Unit group (4-digit),3321,Floor Finishers,1,Construction
Unit group (4-digit),3321,Floor Finishers,2,
Unit group (4-digit),3321,Floor Finishers,3,
Unit group (4-digit),3322,Painting Trades Workers,1,Construction
Unit group (4-digit),3322,Painting Trades Workers,2,
Unit group (4-digit),3322,Painting Trades Workers,3,
Unit group (4-digit),3331,Glaziers,1,Construction
Unit group (4-digit),3331,Glaziers,2,Manufacturing
Unit group (4-digit),3331,Glaziers,3,
Unit group (4-digit),3332,Plasterers,1,Construction
Unit group (4-digit),3332,Plasterers,2,
Unit group (4-digit),3332,Plasterers,3,
Unit group (4-digit),3333,Roof Tilers,1,Construction
Unit group (4-digit),3333,Roof Tilers,2,
Unit group (4-digit),3333,Roof Tilers,3,
Unit group (4-digit),3334,Wall and Floor Tilers,1,Construction
Unit group (4-digit),3334,Wall and Floor Tilers,2,
Unit group (4-digit),3334,Wall and Floor Tilers,3,
Unit group (4-digit),3341,Plumbers,1,Construction
Unit group (4-digit),3341,Plumbers,2,
Unit group (4-digit),3341,Plumbers,3,
Unit group (4-digit),3411,Electricians,1,Construction
Unit group (4-digit),3411,Electricians,2,Mining
Unit group (4-digit),3411,Electricians,3,"Electricity, Gas, Water and Waste Services"
Unit group (4-digit),3421,Airconditioning and Refrigeration Mechanics,1,Construction
Unit group (4-digit),3421,Airconditioning and Refrigeration Mechanics,2,Other Services
Unit group (4-digit),3421,Airconditioning and Refrigeration Mechanics,3,
Unit group (4-digit),3422,Electrical Distribution Trades Workers,1,"Electricity, Gas, Water and Waste Services"
Unit group (4-digit),3422,Electrical Distribution Trades Workers,2,Construction
Unit group (4-digit),3422,Electrical Distribution Trades Workers,3,
Unit group (4-digit),3423,Electronics Trades Workers,1,Construction
Unit group (4-digit),3423,Electronics Trades Workers,2,Other Services
Unit group (4-digit),3423,Electronics Trades Workers,3,"Professional, Scientific and Technical Services"
Unit group (4-digit),3424,Telecommunications Trades Workers,1,Information Media and Telecommunications
Unit group (4-digit),3424,Telecommunications Trades Workers,2,Construction
Unit group (4-digit),3424,Telecommunications Trades Workers,3,Other Services
Unit group (4-digit),3511,Bakers and Pastrycooks,1,Manufacturing
Unit group (4-digit),3511,Bakers and Pastrycooks,2,Retail Trade
Unit group (4-digit),3511,Bakers and Pastrycooks,3,Accommodation and Food Services
Unit group (4-digit),3512,Butchers and Smallgoods Makers,1,Retail Trade
Unit group (4-digit),3512,Butchers and Smallgoods Makers,2,Manufacturing
Unit group (4-digit),3512,Butchers and Smallgoods Makers,3,
Unit group (4-digit),3513,Chefs,1,Accommodation and Food Services
Unit group (4-digit),3513,Chefs,2,
Unit group (4-digit),3513,Chefs,3,
Unit group (4-digit),3514,Cooks,1,Accommodation and Food Services
Unit group (4-digit),3514,Cooks,2,Health Care and Social Assistance
Unit group (4-digit),3514,Cooks,3,Retail Trade
Unit group (4-digit),3611,Animal Attendants and Trainers,1,Other Services
Unit group (4-digit),3611,Animal Attendants and Trainers,2,Arts and Recreation Services
Unit group (4-digit),3611,Animal Attendants and Trainers,3,Education and Training
Unit group (4-digit),3612,Shearers,1,"Agriculture, Forestry and Fishing"
Unit group (4-digit),3612,Shearers,2,
Unit group (4-digit),3612,Shearers,3,
Unit group (4-digit),3613,Veterinary Nurses,1,"Professional, Scientific and Technical Services"
Unit group (4-digit),3613,Veterinary Nurses,2,
Unit group (4-digit),3613,Veterinary Nurses,3,
Unit group (4-digit),3621,Florists,1,Retail Trade
Unit group (4-digit),3621,Florists,2,"Agriculture, Forestry and Fishing"
Unit group (4-digit),3621,Florists,3,
Unit group (4-digit),3622,Gardeners,1,Construction
Unit group (4-digit),3622,Gardeners,2,Administrative and Support Services
Unit group (4-digit),3622,Gardeners,3,Arts and Recreation Services
Unit group (4-digit),3623,Greenkeepers,1,Arts and Recreation Services
Unit group (4-digit),3623,Greenkeepers,2,Education and Training
Unit group (4-digit),3623,Greenkeepers,3,Administrative and Support Services
Unit group (4-digit),3624,Nurserypersons,1,"Agriculture, Forestry and Fishing"
Unit group (4-digit),3624,Nurserypersons,2,Wholesale Trade
Unit group (4-digit),3624,Nurserypersons,3,Retail Trade
Unit group (4-digit),3911,Hairdressers,1,Other Services
Unit group (4-digit),3911,Hairdressers,2,
Unit group (4-digit),3911,Hairdressers,3,
Unit group (4-digit),3921,Print Finishers and Screen Printers,1,Manufacturing
Unit group (4-digit),3921,Print Finishers and Screen Printers,2,Education and Training
Unit group (4-digit),3921,Print Finishers and Screen Printers,3,
Unit group (4-digit),3922,Graphic Pre-press Trades Workers,1,"Professional, Scientific and Technical Services"
Unit group (4-digit),3922,Graphic Pre-press Trades Workers,2,Mining
Unit group (4-digit),3922,Graphic Pre-press Trades Workers,3,Arts and Recreation Services
Unit group (4-digit),3923,Printers,1,Manufacturing
Unit group (4-digit),3923,Printers,2,Information Media and Telecommunications
Unit group (4-digit),3923,Printers,3,Financial and Insurance Services
Unit group (4-digit),3931,Canvas and Leather Goods Makers,1,Manufacturing
Unit group (4-digit),3931,Canvas and Leather Goods Makers,2,Other Services
Unit group (4-digit),3931,Canvas and Leather Goods Makers,3,Retail Trade
Unit group (4-digit),3932,Clothing Trades Workers,1,Manufacturing
Unit group (4-digit),3932,Clothing Trades Workers,2,Other Services
Unit group (4-digit),3932,Clothing Trades Workers,3,Retail Trade
Unit group (4-digit),3933,Upholsterers,1,Manufacturing
Unit group (4-digit),3933,Upholsterers,2,
Unit group (4-digit),3933,Upholsterers,3,
Unit group (4-digit),3941,Cabinetmakers,1,Manufacturing
Unit group (4-digit),3941,Cabinetmakers,2,Construction
Unit group (4-digit),3941,Cabinetmakers,3,
Unit group (4-digit),3942,Wood Machinists and Other Wood Trades Workers,1,Retail Trade
Unit group (4-digit),3942,Wood Machinists and Other Wood Trades Workers,2,Wholesale Trade
Unit group (4-digit),3942,Wood Machinists and Other Wood Trades Workers,3,Manufacturing
Unit group (4-digit),3991,Boat Builders and Shipwrights,1,Manufacturing
Unit group (4-digit),3991,Boat Builders and Shipwrights,2,"Transport, Postal and Warehousing"
Unit group (4-digit),3991,Boat Builders and Shipwrights,3,Arts and Recreation Services
Unit group (4-digit),3992,"Chemical, Gas, Petroleum and Power Plant Operators",1,"Electricity, Gas, Water and Waste Services"
Unit group (4-digit),3992,"Chemical, Gas, Petroleum and Power Plant Operators",2,Manufacturing
Unit group (4-digit),3992,"Chemical, Gas, Petroleum and Power Plant Operators",3,Mining
Unit group (4-digit),3993,"Gallery, Library and Museum Technicians",1,Information Media and Telecommunications
Unit group (4-digit),3993,"Gallery, Library and Museum Technicians",2,Education and Training
Unit group (4-digit),3993,"Gallery, Library and Museum Technicians",3,
Unit group (4-digit),3994,Jewellers,1,Manufacturing
Unit group (4-digit),3994,Jewellers,2,Retail Trade
Unit group (4-digit),3994,Jewellers,3,"Professional, Scientific and Technical Services"
Unit group (4-digit),3995,Performing Arts Technicians,1,Information Media and Telecommunications
Unit group (4-digit),3995,Performing Arts Technicians,2,"Professional, Scientific and Technical Services"
Unit group (4-digit),3995,Performing Arts Technicians,3,Other Services
Unit group (4-digit),3996,Signwriters,1,"Professional, Scientific and Technical Services"
Unit group (4-digit),3996,Signwriters,2,Manufacturing
Unit group (4-digit),3996,Signwriters,3,Construction
Unit group (4-digit),3999,Other Miscellaneous Technicians and Trades Workers,1,Health Care and Social Assistance
Unit group (4-digit),3999,Other Miscellaneous Technicians and Trades Workers,2,Construction
Unit group (4-digit),3999,Other Miscellaneous Technicians and Trades Workers,3,Public Administration and Safety
Unit group (4-digit),4111,Ambulance Officers and Paramedics,1,Health Care and Social Assistance
Unit group (4-digit),4111,Ambulance Officers and Paramedics,2,
Unit group (4-digit),4111,Ambulance Officers and Paramedics,3,
Unit group (4-digit),4112,"Dental Hygienists, Technicians and Therapists",1,Health Care and Social Assistance
Unit group (4-digit),4112,"Dental Hygienists, Technicians and Therapists",2,Manufacturing
Unit group (4-digit),4112,"Dental Hygienists, Technicians and Therapists",3,
Unit group (4-digit),4113,Diversional Therapists,1,Health Care and Social Assistance
Unit group (4-digit),4113,Diversional Therapists,2,
Unit group (4-digit),4113,Diversional Therapists,3,
Unit group (4-digit),4114,Enrolled and Mothercraft Nurses,1,Health Care and Social Assistance
Unit group (4-digit),4114,Enrolled and Mothercraft Nurses,2,
Unit group (4-digit),4114,Enrolled and Mothercraft Nurses,3,
Unit group (4-digit),4115,Indigenous Health Workers,1,Health Care and Social Assistance
Unit group (4-digit),4115,Indigenous Health Workers,2,Other Services
Unit group (4-digit),4115,Indigenous Health Workers,3,Public Administration and Safety
Unit group (4-digit),4116,Massage Therapists,1,Health Care and Social Assistance
Unit group (4-digit),4116,Massage Therapists,2,
Unit group (4-digit),4116,Massage Therapists,3,
Unit group (4-digit),4117,Welfare Support Workers,1,Health Care and Social Assistance
Unit group (4-digit),4117,Welfare Support Workers,2,Public Administration and Safety
Unit group (4-digit),4117,Welfare Support Workers,3,
Unit group (4-digit),4211,Child Carers,1,Health Care and Social Assistance
Unit group (4-digit),4211,Child Carers,2,Education and Training
Unit group (4-digit),4211,Child Carers,3,
Unit group (4-digit),4221,Education Aides,1,Education and Training
Unit group (4-digit),4221,Education Aides,2,
Unit group (4-digit),4221,Education Aides,3,
Unit group (4-digit),4231,Aged and Disabled Carers,1,Health Care and Social Assistance
Unit group (4-digit),4231,Aged and Disabled Carers,2,
Unit group (4-digit),4231,Aged and Disabled Carers,3,
Unit group (4-digit),4232,Dental Assistants,1,Health Care and Social Assistance
Unit group (4-digit),4232,Dental Assistants,2,
Unit group (4-digit),4232,Dental Assistants,3,
Unit group (4-digit),4233,Nursing Support and Personal Care Workers,1,Health Care and Social Assistance
Unit group (4-digit),4233,Nursing Support and Personal Care Workers,2,
Unit group (4-digit),4233,Nursing Support and Personal Care Workers,3,
Unit group (4-digit),4234,Special Care Workers,1,Health Care and Social Assistance
Unit group (4-digit),4234,Special Care Workers,2,Education and Training
Unit group (4-digit),4234,Special Care Workers,3,Accommodation and Food Services
Unit group (4-digit),4311,Bar Attendants and Baristas,1,Accommodation and Food Services
Unit group (4-digit),4311,Bar Attendants and Baristas,2,
Unit group (4-digit),4311,Bar Attendants and Baristas,3,
Unit group (4-digit),4312,Cafe Workers,1,Accommodation and Food Services
Unit group (4-digit),4312,Cafe Workers,2,
Unit group (4-digit),4312,Cafe Workers,3,
Unit group (4-digit),4313,Gaming Workers,1,Arts and Recreation Services
Unit group (4-digit),4313,Gaming Workers,2,Accommodation and Food Services
Unit group (4-digit),4313,Gaming Workers,3,
Unit group (4-digit),4314,Hotel Service Managers,1,Accommodation and Food Services
Unit group (4-digit),4314,Hotel Service Managers,2,Administrative and Support Services
Unit group (4-digit),4314,Hotel Service Managers,3,
Unit group (4-digit),4315,Waiters,1,Accommodation and Food Services
Unit group (4-digit),4315,Waiters,2,
Unit group (4-digit),4315,Waiters,3,
Unit group (4-digit),4319,Other Hospitality Workers,1,Accommodation and Food Services
Unit group (4-digit),4319,Other Hospitality Workers,2,Arts and Recreation Services
Unit group (4-digit),4319,Other Hospitality Workers,3,
Unit group (4-digit),4411,Defence Force Members - Other Ranks,1,Public Administration and Safety
Unit group (4-digit),4411,Defence Force Members - Other Ranks,2,
Unit group (4-digit),4411,Defence Force Members - Other Ranks,3,
Unit group (4-digit),4412,Fire and Emergency Workers,1,Public Administration and Safety
Unit group (4-digit),4412,Fire and Emergency Workers,2,Mining
Unit group (4-digit),4412,Fire and Emergency Workers,3,
Unit group (4-digit),4413,Police,1,Public Administration and Safety
Unit group (4-digit),4413,Police,2,
Unit group (4-digit),4413,Police,3,
Unit group (4-digit),4421,Prison Officers,1,Public Administration and Safety
Unit group (4-digit),4421,Prison Officers,2,
Unit group (4-digit),4421,Prison Officers,3,
Unit group (4-digit),4422,Security Officers and Guards,1,Public Administration and Safety
Unit group (4-digit),4422,Security Officers and Guards,2,"Transport, Postal and Warehousing"
Unit group (4-digit),4422,Security Officers and Guards,3,
Unit group (4-digit),4511,Beauty Therapists,1,Other Services
Unit group (4-digit),4511,Beauty Therapists,2,
Unit group (4-digit),4511,Beauty Therapists,3,
Unit group (4-digit),4512,Driving Instructors,1,Education and Training
Unit group (4-digit),4512,Driving Instructors,2,"Transport, Postal and Warehousing"
Unit group (4-digit),4512,Driving Instructors,3,
Unit group (4-digit),4513,Funeral Workers,1,Other Services
Unit group (4-digit),4513,Funeral Workers,2,
Unit group (4-digit),4513,Funeral Workers,3,
Unit group (4-digit),4514,"Gallery, Museum and Tour Guides",1,Administrative and Support Services
Unit group (4-digit),4514,"Gallery, Museum and Tour Guides",2,Arts and Recreation Services
Unit group (4-digit),4514,"Gallery, Museum and Tour Guides",3,"Transport, Postal and Warehousing"
Unit group (4-digit),4515,Personal Care Consultants,1,Health Care and Social Assistance
Unit group (4-digit),4515,Personal Care Consultants,2,
Unit group (4-digit),4515,Personal Care Consultants,3,
Unit group (4-digit),4516,Tourism and Travel Advisers,1,Administrative and Support Services
Unit group (4-digit),4516,Tourism and Travel Advisers,2,
Unit group (4-digit),4516,Tourism and Travel Advisers,3,
Unit group (4-digit),4517,Travel Attendants,1,"Transport, Postal and Warehousing"
Unit group (4-digit),4517,Travel Attendants,2,
Unit group (4-digit),4517,Travel Attendants,3,
Unit group (4-digit),4518,Other Personal Service Workers,1,Other Services
Unit group (4-digit),4518,Other Personal Service Workers,2,Health Care and Social Assistance
Unit group (4-digit),4518,Other Personal Service Workers,3,Education and Training
Unit group (4-digit),4521,Fitness Instructors,1,Other Services
Unit group (4-digit),4521,Fitness Instructors,2,Arts and Recreation Services
Unit group (4-digit),4521,Fitness Instructors,3,Education and Training
Unit group (4-digit),4522,Outdoor Adventure Guides,1,Education and Training
Unit group (4-digit),4522,Outdoor Adventure Guides,2,Arts and Recreation Services
Unit group (4-digit),4522,Outdoor Adventure Guides,3,"Transport, Postal and Warehousing"
Unit group (4-digit),4523,"Sports Coaches, Instructors and Officials",1,Education and Training
Unit group (4-digit),4523,"Sports Coaches, Instructors and Officials",2,Arts and Recreation Services
Unit group (4-digit),4523,"Sports Coaches, Instructors and Officials",3,
Unit group (4-digit),4524,Sportspersons,1,Arts and Recreation Services
Unit group (4-digit),4524,Sportspersons,2,Education and Training
Unit group (4-digit),4524,Sportspersons,3,
Unit group (4-digit),5111,"Contract, Program and Project Administrators",1,Public Administration and Safety
Unit group (4-digit),5111,"Contract, Program and Project Administrators",2,"Professional, Scientific and Technical Services"
Unit group (4-digit),5111,"Contract, Program and Project Administrators",3,Construction
Unit group (4-digit),5121,Office Managers,1,"Professional, Scientific and Technical Services"
Unit group (4-digit),5121,Office Managers,2,Health Care and Social Assistance
Unit group (4-digit),5121,Office Managers,3,Construction
Unit group (4-digit),5122,Practice Managers,1,Health Care and Social Assistance
Unit group (4-digit),5122,Practice Managers,2,"Professional, Scientific and Technical Services"
Unit group (4-digit),5122,Practice Managers,3,
Unit group (4-digit),5211,Personal Assistants,1,"Professional, Scientific and Technical Services"
Unit group (4-digit),5211,Personal Assistants,2,Public Administration and Safety
Unit group (4-digit),5211,Personal Assistants,3,Health Care and Social Assistance
Unit group (4-digit),5212,Secretaries,1,"Professional, Scientific and Technical Services"
Unit group (4-digit),5212,Secretaries,2,Health Care and Social Assistance
Unit group (4-digit),5212,Secretaries,3,Construction
Unit group (4-digit),5311,General Clerks,1,Public Administration and Safety
Unit group (4-digit),5311,General Clerks,2,Health Care and Social Assistance
Unit group (4-digit),5311,General Clerks,3,Education and Training
Unit group (4-digit),5321,Keyboard Operators,1,Public Administration and Safety
Unit group (4-digit),5321,Keyboard Operators,2,Health Care and Social Assistance
Unit group (4-digit),5321,Keyboard Operators,3,"Professional, Scientific and Technical Services"
Unit group (4-digit),5411,Call or Contact Centre Workers,1,Administrative and Support Services
Unit group (4-digit),5411,Call or Contact Centre Workers,2,Financial and Insurance Services
Unit group (4-digit),5411,Call or Contact Centre Workers,3,Public Administration and Safety
Unit group (4-digit),5412,Information Officers,1,Public Administration and Safety
Unit group (4-digit),5412,Information Officers,2,Retail Trade
Unit group (4-digit),5412,Information Officers,3,Financial and Insurance Services
Unit group (4-digit),5421,Receptionists,1,Health Care and Social Assistance
Unit group (4-digit),5421,Receptionists,2,Accommodation and Food Services
Unit group (4-digit),5421,Receptionists,3,Arts and Recreation Services
Unit group (4-digit),5511,Accounting Clerks,1,Construction
Unit group (4-digit),5511,Accounting Clerks,2,"Professional, Scientific and Technical Services"
Unit group (4-digit),5511,Accounting Clerks,3,Public Administration and Safety
Unit group (4-digit),5512,Bookkeepers,1,"Professional, Scientific and Technical Services"
Unit group (4-digit),5512,Bookkeepers,2,Construction
Unit group (4-digit),5512,Bookkeepers,3,Education and Training
Unit group (4-digit),5513,Payroll Clerks,1,Health Care and Social Assistance
Unit group (4-digit),5513,Payroll Clerks,2,Public Administration and Safety
Unit group (4-digit),5513,Payroll Clerks,3,Construction
Unit group (4-digit),5521,Bank Workers,1,Financial and Insurance Services
Unit group (4-digit),5521,Bank Workers,2,
Unit group (4-digit),5521,Bank Workers,3,
Unit group (4-digit),5522,Credit and Loans Officers,1,Financial and Insurance Services
Unit group (4-digit),5522,Credit and Loans Officers,2,Retail Trade
Unit group (4-digit),5522,Credit and Loans Officers,3,
Unit group (4-digit),5523,"Insurance, Money Market and Statistical Clerks",1,Financial and Insurance Services
Unit group (4-digit),5523,"Insurance, Money Market and Statistical Clerks",2,Public Administration and Safety
Unit group (4-digit),5523,"Insurance, Money Market and Statistical Clerks",3,
Unit group (4-digit),5611,Betting Clerks,1,Arts and Recreation Services
Unit group (4-digit),5611,Betting Clerks,2,Accommodation and Food Services
Unit group (4-digit),5611,Betting Clerks,3,
Unit group (4-digit),5612,Couriers and Postal Deliverers,1,"Transport, Postal and Warehousing"
Unit group (4-digit),5612,Couriers and Postal Deliverers,2,Health Care and Social Assistance
Unit group (4-digit),5612,Couriers and Postal Deliverers,3,
Unit group (4-digit),5613,Filing and Registry Clerks,1,Health Care and Social Assistance
Unit group (4-digit),5613,Filing and Registry Clerks,2,Public Administration and Safety
Unit group (4-digit),5613,Filing and Registry Clerks,3,"Professional, Scientific and Technical Services"
Unit group (4-digit),5614,Mail Sorters,1,"Transport, Postal and Warehousing"
Unit group (4-digit),5614,Mail Sorters,2,
Unit group (4-digit),5614,Mail Sorters,3,
Unit group (4-digit),5615,Survey Interviewers,1,"Professional, Scientific and Technical Services"
Unit group (4-digit),5615,Survey Interviewers,2,
Unit group (4-digit),5615,Survey Interviewers,3,
Unit group (4-digit),5616,Switchboard Operators,1,Health Care and Social Assistance
Unit group (4-digit),5616,Switchboard Operators,2,Public Administration and Safety
Unit group (4-digit),5616,Switchboard Operators,3,Retail Trade
Unit group (4-digit),5619,Other Clerical and Office Support Workers,1,Public Administration and Safety
Unit group (4-digit),5619,Other Clerical and Office Support Workers,2,Arts and Recreation Services
Unit group (4-digit),5619,Other Clerical and Office Support Workers,3,Administrative and Support Services
Unit group (4-digit),5911,Purchasing and Supply Logistics Clerks,1,Retail Trade
Unit group (4-digit),5911,Purchasing and Supply Logistics Clerks,2,Wholesale Trade
Unit group (4-digit),5911,Purchasing and Supply Logistics Clerks,3,Manufacturing
Unit group (4-digit),5912,Transport and Despatch Clerks,1,"Transport, Postal and Warehousing"
Unit group (4-digit),5912,Transport and Despatch Clerks,2,Manufacturing
Unit group (4-digit),5912,Transport and Despatch Clerks,3,Wholesale Trade
Unit group (4-digit),5991,Conveyancers and Legal Executives,1,"Professional, Scientific and Technical Services"
Unit group (4-digit),5991,Conveyancers and Legal Executives,2,Public Administration and Safety
Unit group (4-digit),5991,Conveyancers and Legal Executives,3,"Rental, Hiring and Real Estate Services"
Unit group (4-digit),5992,Court and Legal Clerks,1,"Professional, Scientific and Technical Services"
Unit group (4-digit),5992,Court and Legal Clerks,2,Public Administration and Safety
Unit group (4-digit),5992,Court and Legal Clerks,3,
Unit group (4-digit),5993,Debt Collectors,1,Administrative and Support Services
Unit group (4-digit),5993,Debt Collectors,2,Public Administration and Safety
Unit group (4-digit),5993,Debt Collectors,3,Financial and Insurance Services
Unit group (4-digit),5994,Human Resource Clerks,1,Health Care and Social Assistance
Unit group (4-digit),5994,Human Resource Clerks,2,Public Administration and Safety
Unit group (4-digit),5994,Human Resource Clerks,3,Construction
Unit group (4-digit),5995,Inspectors and Regulatory Officers,1,Public Administration and Safety
Unit group (4-digit),5995,Inspectors and Regulatory Officers,2,"Transport, Postal and Warehousing"
Unit group (4-digit),5995,Inspectors and Regulatory Officers,3,Health Care and Social Assistance
Unit group (4-digit),5996,"Insurance Investigators, Loss Adjusters and Risk Surveyors",1,Financial and Insurance Services
Unit group (4-digit),5996,"Insurance Investigators, Loss Adjusters and Risk Surveyors",2,Public Administration and Safety
Unit group (4-digit),5996,"Insurance Investigators, Loss Adjusters and Risk Surveyors",3,
Unit group (4-digit),5997,Library Assistants,1,Information Media and Telecommunications
Unit group (4-digit),5997,Library Assistants,2,Education and Training
Unit group (4-digit),5997,Library Assistants,3,
Unit group (4-digit),5999,Other Miscellaneous Clerical and Administrative Workers,1,Public Administration and Safety
Unit group (4-digit),5999,Other Miscellaneous Clerical and Administrative Workers,2,Education and Training
Unit group (4-digit),5999,Other Miscellaneous Clerical and Administrative Workers,3,Health Care and Social Assistance
Unit group (4-digit),6111,"Auctioneers, and Stock and Station Agents",1,Wholesale Trade
Unit group (4-digit),6111,"Auctioneers, and Stock and Station Agents",2,Retail Trade
Unit group (4-digit),6111,"Auctioneers, and Stock and Station Agents",3,Manufacturing
Unit group (4-digit),6112,Insurance Agents,1,Financial and Insurance Services
Unit group (4-digit),6112,Insurance Agents,2,
Unit group (4-digit),6112,Insurance Agents,3,
Unit group (4-digit),6113,Sales Representatives,1,Wholesale Trade
Unit group (4-digit),6113,Sales Representatives,2,Retail Trade
Unit group (4-digit),6113,Sales Representatives,3,Manufacturing
Unit group (4-digit),6121,Real Estate Sales Agents,1,"Rental, Hiring and Real Estate Services"
Unit group (4-digit),6121,Real Estate Sales Agents,2,
Unit group (4-digit),6121,Real Estate Sales Agents,3,
Unit group (4-digit),6211,Sales Assistants (General),1,Retail Trade
Unit group (4-digit),6211,Sales Assistants (General),2,Accommodation and Food Services
Unit group (4-digit),6211,Sales Assistants (General),3,
Unit group (4-digit),6212,ICT Sales Assistants,1,"Professional, Scientific and Technical Services"
Unit group (4-digit),6212,ICT Sales Assistants,2,Retail Trade
Unit group (4-digit),6212,ICT Sales Assistants,3,Information Media and Telecommunications
Unit group (4-digit),6213,Motor Vehicle and Vehicle Parts Salespersons,1,Retail Trade
Unit group (4-digit),6213,Motor Vehicle and Vehicle Parts Salespersons,2,Wholesale Trade
Unit group (4-digit),6213,Motor Vehicle and Vehicle Parts Salespersons,3,Other Services
Unit group (4-digit),6214,Pharmacy Sales Assistants,1,Retail Trade
Unit group (4-digit),6214,Pharmacy Sales Assistants,2,
Unit group (4-digit),6214,Pharmacy Sales Assistants,3,
Unit group (4-digit),6215,Retail Supervisors,1,Retail Trade
Unit group (4-digit),6215,Retail Supervisors,2,Accommodation and Food Services
Unit group (4-digit),6215,Retail Supervisors,3,
Unit group (4-digit),6216,Service Station Attendants,1,Retail Trade
Unit group (4-digit),6216,Service Station Attendants,2,
Unit group (4-digit),6216,Service Station Attendants,3,
Unit group (4-digit),6217,Street Vendors and Related Salespersons,1,Retail Trade
Unit group (4-digit),6217,Street Vendors and Related Salespersons,2,Other Services
Unit group (4-digit),6217,Street Vendors and Related Salespersons,3,"Professional, Scientific and Technical Services"
Unit group (4-digit),6219,Other Sales Assistants and Salespersons,1,Retail Trade
Unit group (4-digit),6219,Other Sales Assistants and Salespersons,2,"Rental, Hiring and Real Estate Services"
Unit group (4-digit),6219,Other Sales Assistants and Salespersons,3,Wholesale Trade
Unit group (4-digit),6311,Checkout Operators and Office Cashiers,1,Retail Trade
Unit group (4-digit),6311,Checkout Operators and Office Cashiers,2,Accommodation and Food Services
Unit group (4-digit),6311,Checkout Operators and Office Cashiers,3,
Unit group (4-digit),6391,Models and Sales Demonstrators,1,Retail Trade
Unit group (4-digit),6391,Models and Sales Demonstrators,2,Manufacturing
Unit group (4-digit),6391,Models and Sales Demonstrators,3,"Professional, Scientific and Technical Services"
Unit group (4-digit),6392,Retail and Wool Buyers,1,Retail Trade
Unit group (4-digit),6392,Retail and Wool Buyers,2,Wholesale Trade
Unit group (4-digit),6392,Retail and Wool Buyers,3,Manufacturing
Unit group (4-digit),6393,Telemarketers,1,"Professional, Scientific and Technical Services"
Unit group (4-digit),6393,Telemarketers,2,Administrative and Support Services
Unit group (4-digit),6393,Telemarketers,3,"Electricity, Gas, Water and Waste Services"
Unit group (4-digit),6394,Ticket Salespersons,1,"Transport, Postal and Warehousing"
Unit group (4-digit),6394,Ticket Salespersons,2,Information Media and Telecommunications
Unit group (4-digit),6394,Ticket Salespersons,3,Accommodation and Food Services
Unit group (4-digit),6395,Visual Merchandisers,1,Retail Trade
Unit group (4-digit),6395,Visual Merchandisers,2,"Professional, Scientific and Technical Services"
Unit group (4-digit),6395,Visual Merchandisers,3,Manufacturing
Unit group (4-digit),6399,Other Sales Support Workers,1,Retail Trade
Unit group (4-digit),6399,Other Sales Support Workers,2,"Professional, Scientific and Technical Services"
Unit group (4-digit),6399,Other Sales Support Workers,3,
Unit group (4-digit),7111,"Clay, Concrete, Glass and Stone Processing Machine Operators",1,Manufacturing
Unit group (4-digit),7111,"Clay, Concrete, Glass and Stone Processing Machine Operators",2,Construction
Unit group (4-digit),7111,"Clay, Concrete, Glass and Stone Processing Machine Operators",3,Wholesale Trade
Unit group (4-digit),7112,Industrial Spraypainters,1,Construction
Unit group (4-digit),7112,Industrial Spraypainters,2,Manufacturing
Unit group (4-digit),7112,Industrial Spraypainters,3,
Unit group (4-digit),7113,Paper and Wood Processing Machine Operators,1,Manufacturing
Unit group (4-digit),7113,Paper and Wood Processing Machine Operators,2,Wholesale Trade
Unit group (4-digit),7113,Paper and Wood Processing Machine Operators,3,
Unit group (4-digit),7114,Photographic Developers and Printers,1,Other Services
Unit group (4-digit),7114,Photographic Developers and Printers,2,"Professional, Scientific and Technical Services"
Unit group (4-digit),7114,Photographic Developers and Printers,3,Retail Trade
Unit group (4-digit),7115,Plastics and Rubber Production Machine Operators,1,Manufacturing
Unit group (4-digit),7115,Plastics and Rubber Production Machine Operators,2,Other Services
Unit group (4-digit),7115,Plastics and Rubber Production Machine Operators,3,Wholesale Trade
Unit group (4-digit),7116,Sewing Machinists,1,Manufacturing
Unit group (4-digit),7116,Sewing Machinists,2,Retail Trade
Unit group (4-digit),7116,Sewing Machinists,3,
Unit group (4-digit),7117,Textile and Footwear Production Machine Operators,1,Manufacturing
Unit group (4-digit),7117,Textile and Footwear Production Machine Operators,2,Construction
Unit group (4-digit),7117,Textile and Footwear Production Machine Operators,3,Wholesale Trade
Unit group (4-digit),7119,Other Machine Operators,1,Health Care and Social Assistance
Unit group (4-digit),7119,Other Machine Operators,2,Manufacturing
Unit group (4-digit),7119,Other Machine Operators,3,Construction
Unit group (4-digit),7121,"Crane, Hoist and Lift Operators",1,Construction
Unit group (4-digit),7121,"Crane, Hoist and Lift Operators",2,"Transport, Postal and Warehousing"
Unit group (4-digit),7121,"Crane, Hoist and Lift Operators",3,Mining
Unit group (4-digit),7122,"Drillers, Miners and Shot Firers",1,Mining
Unit group (4-digit),7122,"Drillers, Miners and Shot Firers",2,Construction
Unit group (4-digit),7122,"Drillers, Miners and Shot Firers",3,
Unit group (4-digit),7123,Engineering Production Workers,1,Manufacturing
Unit group (4-digit),7123,Engineering Production Workers,2,Construction
Unit group (4-digit),7123,Engineering Production Workers,3,Other Services
Unit group (4-digit),7129,Other Stationary Plant Operators,1,"Electricity, Gas, Water and Waste Services"
Unit group (4-digit),7129,Other Stationary Plant Operators,2,Manufacturing
Unit group (4-digit),7129,Other Stationary Plant Operators,3,Mining
Unit group (4-digit),7211,"Agricultural, Forestry and Horticultural Plant Operators",1,"Agriculture, Forestry and Fishing"
Unit group (4-digit),7211,"Agricultural, Forestry and Horticultural Plant Operators",2,Public Administration and Safety
Unit group (4-digit),7211,"Agricultural, Forestry and Horticultural Plant Operators",3,Manufacturing
Unit group (4-digit),7212,Earthmoving Plant Operators,1,Construction
Unit group (4-digit),7212,Earthmoving Plant Operators,2,Mining
Unit group (4-digit),7212,Earthmoving Plant Operators,3,
Unit group (4-digit),7213,Forklift Drivers,1,"Transport, Postal and Warehousing"
Unit group (4-digit),7213,Forklift Drivers,2,Manufacturing
Unit group (4-digit),7213,Forklift Drivers,3,Wholesale Trade
Unit group (4-digit),7219,Other Mobile Plant Operators,1,"Transport, Postal and Warehousing"
Unit group (4-digit),7219,Other Mobile Plant Operators,2,Construction
Unit group (4-digit),7219,Other Mobile Plant Operators,3,Public Administration and Safety
Unit group (4-digit),7311,Automobile Drivers,1,"Transport, Postal and Warehousing"
Unit group (4-digit),7311,Automobile Drivers,2,
Unit group (4-digit),7311,Automobile Drivers,3,
Unit group (4-digit),7312,Bus and Coach Drivers,1,"Transport, Postal and Warehousing"
Unit group (4-digit),7312,Bus and Coach Drivers,2,
Unit group (4-digit),7312,Bus and Coach Drivers,3,
Unit group (4-digit),7313,Train and Tram Drivers,1,"Transport, Postal and Warehousing"
Unit group (4-digit),7313,Train and Tram Drivers,2,Mining
Unit group (4-digit),7313,Train and Tram Drivers,3,
Unit group (4-digit),7321,Delivery Drivers,1,"Transport, Postal and Warehousing"
Unit group (4-digit),7321,Delivery Drivers,2,Accommodation and Food Services
Unit group (4-digit),7321,Delivery Drivers,3,Retail Trade
Unit group (4-digit),7331,Truck Drivers,1,"Transport, Postal and Warehousing"
Unit group (4-digit),7331,Truck Drivers,2,Construction
Unit group (4-digit),7331,Truck Drivers,3,"Electricity, Gas, Water and Waste Services"
Unit group (4-digit),7411,Storepersons,1,"Transport, Postal and Warehousing"
Unit group (4-digit),7411,Storepersons,2,Retail Trade
Unit group (4-digit),7411,Storepersons,3,Wholesale Trade
Unit group (4-digit),8111,Car Detailers,1,Other Services
Unit group (4-digit),8111,Car Detailers,2,Retail Trade
Unit group (4-digit),8111,Car Detailers,3,"Rental, Hiring and Real Estate Services"
Unit group (4-digit),8112,Commercial Cleaners,1,Administrative and Support Services
Unit group (4-digit),8112,Commercial Cleaners,2,Health Care and Social Assistance
Unit group (4-digit),8112,Commercial Cleaners,3,Accommodation and Food Services
Unit group (4-digit),8113,Domestic Cleaners,1,Administrative and Support Services
Unit group (4-digit),8113,Domestic Cleaners,2,Health Care and Social Assistance
Unit group (4-digit),8113,Domestic Cleaners,3,
Unit group (4-digit),8114,Housekeepers,1,Accommodation and Food Services
Unit group (4-digit),8114,Housekeepers,2,Administrative and Support Services
Unit group (4-digit),8114,Housekeepers,3,Health Care and Social Assistance
Unit group (4-digit),8115,Laundry Workers,1,Other Services
Unit group (4-digit),8115,Laundry Workers,2,Health Care and Social Assistance
Unit group (4-digit),8115,Laundry Workers,3,
Unit group (4-digit),8116,Other Cleaners,1,Administrative and Support Services
Unit group (4-digit),8116,Other Cleaners,2,Other Services
Unit group (4-digit),8116,Other Cleaners,3,Construction
Unit group (4-digit),8211,Building and Plumbing Labourers,1,Construction
Unit group (4-digit),8211,Building and Plumbing Labourers,2,
Unit group (4-digit),8211,Building and Plumbing Labourers,3,
Unit group (4-digit),8212,Concreters,1,Construction
Unit group (4-digit),8212,Concreters,2,
Unit group (4-digit),8212,Concreters,3,
Unit group (4-digit),8213,Fencers,1,Construction
Unit group (4-digit),8213,Fencers,2,
Unit group (4-digit),8213,Fencers,3,
Unit group (4-digit),8214,Insulation and Home Improvement Installers,1,Construction
Unit group (4-digit),8214,Insulation and Home Improvement Installers,2,Manufacturing
Unit group (4-digit),8214,Insulation and Home Improvement Installers,3,
Unit group (4-digit),8215,Paving and Surfacing Labourers,1,Construction
Unit group (4-digit),8215,Paving and Surfacing Labourers,2,Public Administration and Safety
Unit group (4-digit),8215,Paving and Surfacing Labourers,3,
Unit group (4-digit),8216,Railway Track Workers,1,Construction
Unit group (4-digit),8216,Railway Track Workers,2,"Transport, Postal and Warehousing"
Unit group (4-digit),8216,Railway Track Workers,3,Mining
Unit group (4-digit),8217,Structural Steel Construction Workers,1,Construction
Unit group (4-digit),8217,Structural Steel Construction Workers,2,Mining
Unit group (4-digit),8217,Structural Steel Construction Workers,3,Manufacturing
Unit group (4-digit),8219,Other Construction and Mining Labourers,1,Mining
Unit group (4-digit),8219,Other Construction and Mining Labourers,2,Construction
Unit group (4-digit),8219,Other Construction and Mining Labourers,3,"Professional, Scientific and Technical Services"
Unit group (4-digit),8311,Food and Drink Factory Workers,1,Manufacturing
Unit group (4-digit),8311,Food and Drink Factory Workers,2,
Unit group (4-digit),8311,Food and Drink Factory Workers,3,
Unit group (4-digit),8312,"Meat Boners and Slicers, and Slaughterers",1,Manufacturing
Unit group (4-digit),8312,"Meat Boners and Slicers, and Slaughterers",2,Wholesale Trade
Unit group (4-digit),8312,"Meat Boners and Slicers, and Slaughterers",3,
Unit group (4-digit),8313,"Meat, Poultry and Seafood Process Workers",1,Manufacturing
Unit group (4-digit),8313,"Meat, Poultry and Seafood Process Workers",2,Retail Trade
Unit group (4-digit),8313,"Meat, Poultry and Seafood Process Workers",3,
Unit group (4-digit),8321,Packers,1,Manufacturing
Unit group (4-digit),8321,Packers,2,Retail Trade
Unit group (4-digit),8321,Packers,3,Wholesale Trade
Unit group (4-digit),8322,Product Assemblers,1,Manufacturing
Unit group (4-digit),8322,Product Assemblers,2,Other Services
Unit group (4-digit),8322,Product Assemblers,3,
Unit group (4-digit),8391,Metal Engineering Process Workers,1,Manufacturing
Unit group (4-digit),8391,Metal Engineering Process Workers,2,Construction
Unit group (4-digit),8391,Metal Engineering Process Workers,3,
Unit group (4-digit),8392,Plastics and Rubber Factory Workers,1,Manufacturing
Unit group (4-digit),8392,Plastics and Rubber Factory Workers,2,Wholesale Trade
Unit group (4-digit),8392,Plastics and Rubber Factory Workers,3,
Unit group (4-digit),8393,Product Quality Controllers,1,Manufacturing
Unit group (4-digit),8393,Product Quality Controllers,2,"Professional, Scientific and Technical Services"
Unit group (4-digit),8393,Product Quality Controllers,3,Wholesale Trade
Unit group (4-digit),8394,Timber and Wood Process Workers,1,Manufacturing
Unit group (4-digit),8394,Timber and Wood Process Workers,2,Wholesale Trade
Unit group (4-digit),8394,Timber and Wood Process Workers,3,Retail Trade
Unit group (4-digit),8399,Other Factory Process Workers,1,"Electricity, Gas, Water and Waste Services"
Unit group (4-digit),8399,Other Factory Process Workers,2,Manufacturing
Unit group (4-digit),8399,Other Factory Process Workers,3,Wholesale Trade
Unit group (4-digit),8411,Aquaculture Workers,1,"Agriculture, Forestry and Fishing"
Unit group (4-digit),8411,Aquaculture Workers,2,Public Administration and Safety
Unit group (4-digit),8411,Aquaculture Workers,3,Wholesale Trade
Unit group (4-digit),8412,Crop Farm Workers,1,"Agriculture, Forestry and Fishing"
Unit group (4-digit),8412,Crop Farm Workers,2,
Unit group (4-digit),8412,Crop Farm Workers,3,
Unit group (4-digit),8413,Forestry and Logging Workers,1,"Agriculture, Forestry and Fishing"
Unit group (4-digit),8413,Forestry and Logging Workers,2,"Professional, Scientific and Technical Services"
Unit group (4-digit),8413,Forestry and Logging Workers,3,
Unit group (4-digit),8414,Garden and Nursery Labourers,1,Administrative and Support Services
Unit group (4-digit),8414,Garden and Nursery Labourers,2,Construction
Unit group (4-digit),8414,Garden and Nursery Labourers,3,"Agriculture, Forestry and Fishing"
Unit group (4-digit),8415,Livestock Farm Workers,1,"Agriculture, Forestry and Fishing"
Unit group (4-digit),8415,Livestock Farm Workers,2,Arts and Recreation Services
Unit group (4-digit),8415,Livestock Farm Workers,3,
Unit group (4-digit),8416,Mixed Crop and Livestock Farm Workers,1,"Agriculture, Forestry and Fishing"
Unit group (4-digit),8416,Mixed Crop and Livestock Farm Workers,2,
Unit group (4-digit),8416,Mixed Crop and Livestock Farm Workers,3,
Unit group (4-digit),8419,"Other Farm, Forestry and Garden Workers",1,Administrative and Support Services
Unit group (4-digit),8419,"Other Farm, Forestry and Garden Workers",2,"Agriculture, Forestry and Fishing"
Unit group (4-digit),8419,"Other Farm, Forestry and Garden Workers",3,Public Administration and Safety
Unit group (4-digit),8511,Fast Food Cooks,1,Accommodation and Food Services
Unit group (4-digit),8511,Fast Food Cooks,2,
Unit group (4-digit),8511,Fast Food Cooks,3,
Unit group (4-digit),8512,Food Trades Assistants,1,Manufacturing
Unit group (4-digit),8512,Food Trades Assistants,2,Retail Trade
Unit group (4-digit),8512,Food Trades Assistants,3,Accommodation and Food Services
Unit group (4-digit),8513,Kitchenhands,1,Accommodation and Food Services
Unit group (4-digit),8513,Kitchenhands,2,Health Care and Social Assistance
Unit group (4-digit),8513,Kitchenhands,3,
Unit group (4-digit),8911,Freight and Furniture Handlers,1,"Transport, Postal and Warehousing"
Unit group (4-digit),8911,Freight and Furniture Handlers,2,Construction
Unit group (4-digit),8911,Freight and Furniture Handlers,3,"Electricity, Gas, Water and Waste Services"
Unit group (4-digit),8912,Shelf Fillers,1,Retail Trade
Unit group (4-digit),8912,Shelf Fillers,2,
Unit group (4-digit),8912,Shelf Fillers,3,
Unit group (4-digit),8991,Caretakers,1,Education and Training
Unit group (4-digit),8991,Caretakers,2,Accommodation and Food Services
Unit group (4-digit),8991,Caretakers,3,Health Care and Social Assistance
Unit group (4-digit),8992,Deck and Fishing Hands,1,"Transport, Postal and Warehousing"
Unit group (4-digit),8992,Deck and Fishing Hands,2,"Agriculture, Forestry and Fishing"
Unit group (4-digit),8992,Deck and Fishing Hands,3,
Unit group (4-digit),8993,Handypersons,1,Construction
Unit group (4-digit),8993,Handypersons,2,Accommodation and Food Services
Unit group (4-digit),8993,Handypersons,3,Administrative and Support Services
Unit group (4-digit),8994,Motor Vehicle Parts and Accessories Fitters,1,Other Services
Unit group (4-digit),8994,Motor Vehicle Parts and Accessories Fitters,2,Retail Trade
Unit group (4-digit),8994,Motor Vehicle Parts and Accessories Fitters,3,Manufacturing
Unit group (4-digit),8995,Printing Assistants and Table Workers,1,Manufacturing
Unit group (4-digit),8995,Printing Assistants and Table Workers,2,Information Media and Telecommunications
Unit group (4-digit),8995,Printing Assistants and Table Workers,3,Arts and Recreation Services
Unit group (4-digit),8996,Recycling and Rubbish Collectors,1,"Electricity, Gas, Water and Waste Services"
Unit group (4-digit),8996,Recycling and Rubbish Collectors,2,Public Administration and Safety
Unit group (4-digit),8996,Recycling and Rubbish Collectors,3,Wholesale Trade
Unit group (4-digit),8997,Vending Machine Attendants,1,Accommodation and Food Services
Unit group (4-digit),8997,Vending Machine Attendants,2,Arts and Recreation Services
Unit group (4-digit),8997,Vending Machine Attendants,3,
Unit group (4-digit),8999,Other Miscellaneous Labourers,1,Public Administration and Safety
Unit group (4-digit),8999,Other Miscellaneous Labourers,2,Construction
Unit group (4-digit),8999,Other Miscellaneous Labourers,3,"Transport, Postal and Warehousing"
Occupation (6-digit),111211,,1,Health Care and Social Assistance
Occupation (6-digit),111211,,2,"Professional, Scientific and Technical Services"
Occupation (6-digit),111211,,3,Manufacturing
Occupation (6-digit),111212,,1,Public Administration and Safety
Occupation (6-digit),111212,,2,
Occupation (6-digit),111212,,3,
Occupation (6-digit),111311,,1,Public Administration and Safety
Occupation (6-digit),111311,,2,Health Care and Social Assistance
Occupation (6-digit),111311,,3,
Occupation (6-digit),111312,,1,Public Administration and Safety
Occupation (6-digit),111312,,2,
Occupation (6-digit),111312,,3,
Occupation (6-digit),111399,,1,Public Administration and Safety
Occupation (6-digit),111399,,2,Other Services
Occupation (6-digit),111399,,3,Health Care and Social Assistance
Occupation (6-digit),121211,,1,"Agriculture, Forestry and Fishing"
Occupation (6-digit),121211,,2,
Occupation (6-digit),121211,,3,
Occupation (6-digit),121212,,1,"Agriculture, Forestry and Fishing"
Occupation (6-digit),121212,,2,
Occupation (6-digit),121212,,3,
Occupation (6-digit),121213,,1,"Agriculture, Forestry and Fishing"
Occupation (6-digit),121213,,2,
Occupation (6-digit),121213,,3,
Occupation (6-digit),121214,,1,"Agriculture, Forestry and Fishing"
Occupation (6-digit),121214,,2,
Occupation (6-digit),121214,,3,
Occupation (6-digit),121215,,1,"Agriculture, Forestry and Fishing"
Occupation (6-digit),121215,,2,Manufacturing
Occupation (6-digit),121215,,3,
Occupation (6-digit),121216,,1,"Agriculture, Forestry and Fishing"
Occupation (6-digit),121216,,2,
Occupation (6-digit),121216,,3,
Occupation (6-digit),121217,,1,"Agriculture, Forestry and Fishing"
Occupation (6-digit),121217,,2,
Occupation (6-digit),121217,,3,
Occupation (6-digit),121218,,1,"Agriculture, Forestry and Fishing"
Occupation (6-digit),121218,,2,
Occupation (6-digit),121218,,3,
Occupation (6-digit),121221,,1,"Agriculture, Forestry and Fishing"
Occupation (6-digit),121221,,2,
Occupation (6-digit),121221,,3,
Occupation (6-digit),121299,,1,"Agriculture, Forestry and Fishing"
Occupation (6-digit),121299,,2,Wholesale Trade
Occupation (6-digit),121299,,3,
Occupation (6-digit),121311,,1,"Agriculture, Forestry and Fishing"
Occupation (6-digit),121311,,2,
Occupation (6-digit),121311,,3,
Occupation (6-digit),121312,,1,"Agriculture, Forestry and Fishing"
Occupation (6-digit),121312,,2,
Occupation (6-digit),121312,,3,
Occupation (6-digit),121313,,1,"Agriculture, Forestry and Fishing"
Occupation (6-digit),121313,,2,
Occupation (6-digit),121313,,3,
Occupation (6-digit),121314,,1,
Occupation (6-digit),121314,,2,
Occupation (6-digit),121314,,3,
Occupation (6-digit),121315,,1,"Agriculture, Forestry and Fishing"
Occupation (6-digit),121315,,2,
Occupation (6-digit),121315,,3,
Occupation (6-digit),121316,,1,"Agriculture, Forestry and Fishing"
Occupation (6-digit),121316,,2,Arts and Recreation Services
Occupation (6-digit),121316,,3,
Occupation (6-digit),121317,,1,"Agriculture, Forestry and Fishing"
Occupation (6-digit),121317,,2,
Occupation (6-digit),121317,,3,
Occupation (6-digit),121318,,1,"Agriculture, Forestry and Fishing"
Occupation (6-digit),121318,,2,Manufacturing
Occupation (6-digit),121318,,3,
Occupation (6-digit),121321,,1,"Agriculture, Forestry and Fishing"
Occupation (6-digit),121321,,2,Manufacturing
Occupation (6-digit),121321,,3,
Occupation (6-digit),121322,,1,"Agriculture, Forestry and Fishing"
Occupation (6-digit),121322,,2,
Occupation (6-digit),121322,,3,
Occupation (6-digit),121399,,1,"Agriculture, Forestry and Fishing"
Occupation (6-digit),121399,,2,Other Services
Occupation (6-digit),121399,,3,
Occupation (6-digit),131112,,1,"Professional, Scientific and Technical Services"
Occupation (6-digit),131112,,2,Wholesale Trade
Occupation (6-digit),131112,,3,Retail Trade
Occupation (6-digit),131113,,1,"Professional, Scientific and Technical Services"
Occupation (6-digit),131113,,2,Information Media and Telecommunications
Occupation (6-digit),131113,,3,
Occupation (6-digit),131114,,1,Public Administration and Safety
Occupation (6-digit),131114,,2,"Professional, Scientific and Technical Services"
Occupation (6-digit),131114,,3,Financial and Insurance Services
Occupation (6-digit),133111,,1,Construction
Occupation (6-digit),133111,,2,"Professional, Scientific and Technical Services"
Occupation (6-digit),133111,,3,Public Administration and Safety
Occupation (6-digit),133112,,1,Construction
Occupation (6-digit),133112,,2,
Occupation (6-digit),133112,,3,
Occupation (6-digit),133311,,1,Wholesale Trade
Occupation (6-digit),133311,,2,"Transport, Postal and Warehousing"
Occupation (6-digit),133311,,3,Retail Trade
Occupation (6-digit),133312,,1,Wholesale Trade
Occupation (6-digit),133312,,2,Retail Trade
Occupation (6-digit),133312,,3,
Occupation (6-digit),133511,,1,"Agriculture, Forestry and Fishing"
Occupation (6-digit),133511,,2,Public Administration and Safety
Occupation (6-digit),133511,,3,Manufacturing
Occupation (6-digit),133512,,1,Manufacturing
Occupation (6-digit),133512,,2,Construction
Occupation (6-digit),133512,,3,
Occupation (6-digit),133513,,1,Mining
Occupation (6-digit),133513,,2,"Professional, Scientific and Technical Services"
Occupation (6-digit),133513,,3,Manufacturing
Occupation (6-digit),133611,,1,"Transport, Postal and Warehousing"
Occupation (6-digit),133611,,2,Manufacturing
Occupation (6-digit),133611,,3,Wholesale Trade
Occupation (6-digit),133612,,1,Manufacturing
Occupation (6-digit),133612,,2,Public Administration and Safety
Occupation (6-digit),133612,,3,Wholesale Trade
Occupation (6-digit),134211,,1,Health Care and Social Assistance
Occupation (6-digit),134211,,2,
Occupation (6-digit),134211,,3,
Occupation (6-digit),134212,,1,Health Care and Social Assistance
Occupation (6-digit),134212,,2,
Occupation (6-digit),134212,,3,
Occupation (6-digit),134213,,1,Health Care and Social Assistance
Occupation (6-digit),134213,,2,Public Administration and Safety
Occupation (6-digit),134213,,3,
Occupation (6-digit),134214,,1,Health Care and Social Assistance
Occupation (6-digit),134214,,2,Public Administration and Safety
Occupation (6-digit),134214,,3,
Occupation (6-digit),134299,,1,Health Care and Social Assistance
Occupation (6-digit),134299,,2,Public Administration and Safety
Occupation (6-digit),134299,,3,
Occupation (6-digit),134411,,1,Education and Training
Occupation (6-digit),134411,,2,
Occupation (6-digit),134411,,3,
Occupation (6-digit),134412,,1,Education and Training
Occupation (6-digit),134412,,2,Public Administration and Safety
Occupation (6-digit),134412,,3,
Occupation (6-digit),134499,,1,Education and Training
Occupation (6-digit),134499,,2,
Occupation (6-digit),134499,,3,
Occupation (6-digit),135111,,1,"Professional, Scientific and Technical Services"
Occupation (6-digit),135111,,2,Financial and Insurance Services
Occupation (6-digit),135111,,3,Information Media and Telecommunications
Occupation (6-digit),135112,,1,"Professional, Scientific and Technical Services"
Occupation (6-digit),135112,,2,Public Administration and Safety
Occupation (6-digit),135112,,3,Financial and Insurance Services
Occupation (6-digit),135199,,1,"Professional, Scientific and Technical Services"
Occupation (6-digit),135199,,2,Financial and Insurance Services
Occupation (6-digit),135199,,3,Information Media and Telecommunications
Occupation (6-digit),139111,,1,Public Administration and Safety
Occupation (6-digit),139111,,2,
Occupation (6-digit),139111,,3,
Occupation (6-digit),139112,,1,Public Administration and Safety
Occupation (6-digit),139112,,2,
Occupation (6-digit),139112,,3,
Occupation (6-digit),139113,,1,Public Administration and Safety
Occupation (6-digit),139113,,2,
Occupation (6-digit),139113,,3,
Occupation (6-digit),139911,,1,Arts and Recreation Services
Occupation (6-digit),139911,,2,Public Administration and Safety
Occupation (6-digit),139911,,3,Education and Training
Occupation (6-digit),139912,,1,Public Administration and Safety
Occupation (6-digit),139912,,2,"Professional, Scientific and Technical Services"
Occupation (6-digit),139912,,3,Construction
Occupation (6-digit),139913,,1,"Professional, Scientific and Technical Services"
Occupation (6-digit),139913,,2,Education and Training
Occupation (6-digit),139913,,3,Health Care and Social Assistance
Occupation (6-digit),139914,,1,Manufacturing
Occupation (6-digit),139914,,2,Health Care and Social Assistance
Occupation (6-digit),139914,,3,Financial and Insurance Services
Occupation (6-digit),139915,,1,Arts and Recreation Services
Occupation (6-digit),139915,,2,Education and Training
Occupation (6-digit),139915,,3,Public Administration and Safety
Occupation (6-digit),139999,,1,Public Administration and Safety
Occupation (6-digit),139999,,2,Financial and Insurance Services
Occupation (6-digit),139999,,3,"Electricity, Gas, Water and Waste Services"
Occupation (6-digit),141911,,1,Accommodation and Food Services
Occupation (6-digit),141911,,2,Administrative and Support Services
Occupation (6-digit),141911,,3,
Occupation (6-digit),141912,,1,Health Care and Social Assistance
Occupation (6-digit),141912,,2,"Rental, Hiring and Real Estate Services"
Occupation (6-digit),141912,,3,
Occupation (6-digit),141999,,1,Accommodation and Food Services
Occupation (6-digit),141999,,2,Education and Training
Occupation (6-digit),141999,,3,Health Care and Social Assistance
Occupation (6-digit),142111,,1,Retail Trade
Occupation (6-digit),142111,,2,Accommodation and Food Services
Occupation (6-digit),142111,,3,
Occupation (6-digit),142112,,1,Retail Trade
Occupation (6-digit),142112,,2,
Occupation (6-digit),142112,,3,
Occupation (6-digit),142113,,1,Arts and Recreation Services
Occupation (6-digit),142113,,2,Accommodation and Food Services
Occupation (6-digit),142113,,3,
Occupation (6-digit),142114,,1,Other Services
Occupation (6-digit),142114,,2,
Occupation (6-digit),142114,,3,
Occupation (6-digit),142115,,1,"Transport, Postal and Warehousing"
Occupation (6-digit),142115,,2,
Occupation (6-digit),142115,,3,
Occupation (6-digit),142116,,1,Administrative and Support Services
Occupation (6-digit),142116,,2,"Transport, Postal and Warehousing"
Occupation (6-digit),142116,,3,
Occupation (6-digit),149111,,1,Arts and Recreation Services
Occupation (6-digit),149111,,2,Accommodation and Food Services
Occupation (6-digit),149111,,3,
Occupation (6-digit),149112,,1,Arts and Recreation Services
Occupation (6-digit),149112,,2,Other Services
Occupation (6-digit),149112,,3,
Occupation (6-digit),149113,,1,Arts and Recreation Services
Occupation (6-digit),149113,,2,Education and Training
Occupation (6-digit),149113,,3,Public Administration and Safety
Occupation (6-digit),149211,,1,Construction
Occupation (6-digit),149211,,2,Financial and Insurance Services
Occupation (6-digit),149211,,3,Administrative and Support Services
Occupation (6-digit),149212,,1,Retail Trade
Occupation (6-digit),149212,,2,Financial and Insurance Services
Occupation (6-digit),149212,,3,"Professional, Scientific and Technical Services"
Occupation (6-digit),149411,,1,"Transport, Postal and Warehousing"
Occupation (6-digit),149411,,2,Public Administration and Safety
Occupation (6-digit),149411,,3,"Rental, Hiring and Real Estate Services"
Occupation (6-digit),149412,,1,"Transport, Postal and Warehousing"
Occupation (6-digit),149412,,2,
Occupation (6-digit),149412,,3,
Occupation (6-digit),149413,,1,"Transport, Postal and Warehousing"
Occupation (6-digit),149413,,2,"Rental, Hiring and Real Estate Services"
Occupation (6-digit),149413,,3,
Occupation (6-digit),149911,,1,Other Services
Occupation (6-digit),149911,,2,"Agriculture, Forestry and Fishing"
Occupation (6-digit),149911,,3,
Occupation (6-digit),149912,,1,Information Media and Telecommunications
Occupation (6-digit),149912,,2,Arts and Recreation Services
Occupation (6-digit),149912,,3,
Occupation (6-digit),149913,,1,"Rental, Hiring and Real Estate Services"
Occupation (6-digit),149913,,2,Health Care and Social Assistance
Occupation (6-digit),149913,,3,Construction
Occupation (6-digit),149914,,1,Financial and Insurance Services
Occupation (6-digit),149914,,2,
Occupation (6-digit),149914,,3,
Occupation (6-digit),149915,,1,"Rental, Hiring and Real Estate Services"
Occupation (6-digit),149915,,2,Construction
Occupation (6-digit),149915,,3,
Occupation (6-digit),149999,,1,"Professional, Scientific and Technical Services"
Occupation (6-digit),149999,,2,Construction
Occupation (6-digit),149999,,3,Administrative and Support Services
Occupation (6-digit),211111,,1,Arts and Recreation Services
Occupation (6-digit),211111,,2,Information Media and Telecommunications
Occupation (6-digit),211111,,3,Education and Training
Occupation (6-digit),211112,,1,Arts and Recreation Services
Occupation (6-digit),211112,,2,Education and Training
Occupation (6-digit),211112,,3,Accommodation and Food Services
Occupation (6-digit),211113,,1,Arts and Recreation Services
Occupation (6-digit),211113,,2,Accommodation and Food Services
Occupation (6-digit),211113,,3,
Occupation (6-digit),211199,,1,Arts and Recreation Services
Occupation (6-digit),211199,,2,Information Media and Telecommunications
Occupation (6-digit),211199,,3,Education and Training
Occupation (6-digit),211211,,1,Arts and Recreation Services
Occupation (6-digit),211211,,2,Information Media and Telecommunications
Occupation (6-digit),211211,,3,Education and Training
Occupation (6-digit),211212,,1,Education and Training
Occupation (6-digit),211212,,2,Arts and Recreation Services
Occupation (6-digit),211212,,3,Other Services
Occupation (6-digit),211213,,1,Arts and Recreation Services
Occupation (6-digit),211213,,2,Education and Training
Occupation (6-digit),211213,,3,Public Administration and Safety
Occupation (6-digit),211214,,1,Arts and Recreation Services
Occupation (6-digit),211214,,2,Other Services
Occupation (6-digit),211214,,3,
Occupation (6-digit),211299,,1,Education and Training
Occupation (6-digit),211299,,2,Arts and Recreation Services
Occupation (6-digit),211299,,3,Other Services
Occupation (6-digit),211411,,1,Arts and Recreation Services
Occupation (6-digit),211411,,2,
Occupation (6-digit),211411,,3,
Occupation (6-digit),211412,,1,Manufacturing
Occupation (6-digit),211412,,2,Arts and Recreation Services
Occupation (6-digit),211412,,3,Education and Training
Occupation (6-digit),211413,,1,Arts and Recreation Services
Occupation (6-digit),211413,,2,Manufacturing
Occupation (6-digit),211413,,3,
Occupation (6-digit),211499,,1,Arts and Recreation Services
Occupation (6-digit),211499,,2,Manufacturing
Occupation (6-digit),211499,,3,Information Media and Telecommunications
Occupation (6-digit),212111,,1,Arts and Recreation Services
Occupation (6-digit),212111,,2,Education and Training
Occupation (6-digit),212111,,3,
Occupation (6-digit),212112,,1,Information Media and Telecommunications
Occupation (6-digit),212112,,2,"Professional, Scientific and Technical Services"
Occupation (6-digit),212112,,3,Arts and Recreation Services
Occupation (6-digit),212113,,1,Information Media and Telecommunications
Occupation (6-digit),212113,,2,Arts and Recreation Services
Occupation (6-digit),212113,,3,
Occupation (6-digit),212114,,1,Information Media and Telecommunications
Occupation (6-digit),212114,,2,Arts and Recreation Services
Occupation (6-digit),212114,,3,
Occupation (6-digit),212211,,1,Arts and Recreation Services
Occupation (6-digit),212211,,2,Information Media and Telecommunications
Occupation (6-digit),212211,,3,"Professional, Scientific and Technical Services"
Occupation (6-digit),212212,,1,Information Media and Telecommunications
Occupation (6-digit),212212,,2,Education and Training
Occupation (6-digit),212212,,3,Arts and Recreation Services
Occupation (6-digit),212311,,1,Information Media and Telecommunications
Occupation (6-digit),212311,,2,Arts and Recreation Services
Occupation (6-digit),212311,,3,"Professional, Scientific and Technical Services"
Occupation (6-digit),212312,,1,Information Media and Telecommunications
Occupation (6-digit),212312,,2,Arts and Recreation Services
Occupation (6-digit),212312,,3,"Professional, Scientific and Technical Services"
Occupation (6-digit),212313,,1,Information Media and Telecommunications
Occupation (6-digit),212313,,2,"Professional, Scientific and Technical Services"
Occupation (6-digit),212313,,3,
Occupation (6-digit),212314,,1,Information Media and Telecommunications
Occupation (6-digit),212314,,2,"Professional, Scientific and Technical Services"
Occupation (6-digit),212314,,3,
Occupation (6-digit),212315,,1,Information Media and Telecommunications
Occupation (6-digit),212315,,2,
Occupation (6-digit),212315,,3,
Occupation (6-digit),212316,,1,Arts and Recreation Services
Occupation (6-digit),212316,,2,Information Media and Telecommunications
Occupation (6-digit),212316,,3,Education and Training
Occupation (6-digit),212317,,1,Information Media and Telecommunications
Occupation (6-digit),212317,,2,
Occupation (6-digit),212317,,3,
Occupation (6-digit),212318,,1,Information Media and Telecommunications
Occupation (6-digit),212318,,2,Arts and Recreation Services
Occupation (6-digit),212318,,3,"Professional, Scientific and Technical Services"
Occupation (6-digit),212399,,1,Information Media and Telecommunications
Occupation (6-digit),212399,,2,Arts and Recreation Services
Occupation (6-digit),212399,,3,
Occupation (6-digit),212411,,1,"Professional, Scientific and Technical Services"
Occupation (6-digit),212411,,2,Arts and Recreation Services
Occupation (6-digit),212411,,3,Retail Trade
Occupation (6-digit),212412,,1,Information Media and Telecommunications
Occupation (6-digit),212412,,2,"Professional, Scientific and Technical Services"
Occupation (6-digit),212412,,3,Public Administration and Safety
Occupation (6-digit),212413,,1,Information Media and Telecommunications
Occupation (6-digit),212413,,2,Arts and Recreation Services
Occupation (6-digit),212413,,3,
Occupation (6-digit),212414,,1,Information Media and Telecommunications
Occupation (6-digit),212414,,2,
Occupation (6-digit),212414,,3,
Occupation (6-digit),212415,,1,"Professional, Scientific and Technical Services"
Occupation (6-digit),212415,,2,Education and Training
Occupation (6-digit),212415,,3,Public Administration and Safety
Occupation (6-digit),212416,,1,Information Media and Telecommunications
Occupation (6-digit),212416,,2,
Occupation (6-digit),212416,,3,
Occupation (6-digit),212499,,1,Information Media and Telecommunications
Occupation (6-digit),212499,,2,Arts and Recreation Services
Occupation (6-digit),212499,,3,"Professional, Scientific and Technical Services"
Occupation (6-digit),221111,,1,"Professional, Scientific and Technical Services"
Occupation (6-digit),221111,,2,Financial and Insurance Services
Occupation (6-digit),221111,,3,
Occupation (6-digit),221112,,1,Public Administration and Safety
Occupation (6-digit),221112,,2,"Professional, Scientific and Technical Services"
Occupation (6-digit),221112,,3,Financial and Insurance Services
Occupation (6-digit),221113,,1,"Professional, Scientific and Technical Services"
Occupation (6-digit),221113,,2,
Occupation (6-digit),221113,,3,
Occupation (6-digit),221211,,1,Financial and Insurance Services
Occupation (6-digit),221211,,2,"Professional, Scientific and Technical Services"
Occupation (6-digit),221211,,3,Mining
Occupation (6-digit),221212,,1,Financial and Insurance Services
Occupation (6-digit),221212,,2,"Professional, Scientific and Technical Services"
Occupation (6-digit),221212,,3,
Occupation (6-digit),221213,,1,"Professional, Scientific and Technical Services"
Occupation (6-digit),221213,,2,Public Administration and Safety
Occupation (6-digit),221213,,3,Financial and Insurance Services
Occupation (6-digit),221214,,1,Financial and Insurance Services
Occupation (6-digit),221214,,2,"Professional, Scientific and Technical Services"
Occupation (6-digit),221214,,3,Public Administration and Safety
Occupation (6-digit),222111,,1,Wholesale Trade
Occupation (6-digit),222111,,2,"Professional, Scientific and Technical Services"
Occupation (6-digit),222111,,3,"Agriculture, Forestry and Fishing"
Occupation (6-digit),222112,,1,Financial and Insurance Services
Occupation (6-digit),222112,,2,
Occupation (6-digit),222112,,3,
Occupation (6-digit),222113,,1,Financial and Insurance Services
Occupation (6-digit),222113,,2,
Occupation (6-digit),222113,,3,
Occupation (6-digit),222199,,1,"Rental, Hiring and Real Estate Services"
Occupation (6-digit),222199,,2,Financial and Insurance Services
Occupation (6-digit),222199,,3,
Occupation (6-digit),222211,,1,Financial and Insurance Services
Occupation (6-digit),222211,,2,
Occupation (6-digit),222211,,3,
Occupation (6-digit),222212,,1,Financial and Insurance Services
Occupation (6-digit),222212,,2,"Professional, Scientific and Technical Services"
Occupation (6-digit),222212,,3,
Occupation (6-digit),222213,,1,Financial and Insurance Services
Occupation (6-digit),222213,,2,
Occupation (6-digit),222213,,3,
Occupation (6-digit),222299,,1,Financial and Insurance Services
Occupation (6-digit),222299,,2,
Occupation (6-digit),222299,,3,
Occupation (6-digit),222311,,1,Financial and Insurance Services
Occupation (6-digit),222311,,2,"Professional, Scientific and Technical Services"
Occupation (6-digit),222311,,3,
Occupation (6-digit),222312,,1,Financial and Insurance Services
Occupation (6-digit),222312,,2,"Rental, Hiring and Real Estate Services"
Occupation (6-digit),222312,,3,Public Administration and Safety
Occupation (6-digit),223111,,1,Public Administration and Safety
Occupation (6-digit),223111,,2,Health Care and Social Assistance
Occupation (6-digit),223111,,3,"Professional, Scientific and Technical Services"
Occupation (6-digit),223112,,1,Administrative and Support Services
Occupation (6-digit),223112,,2,"Professional, Scientific and Technical Services"
Occupation (6-digit),223112,,3,Health Care and Social Assistance
Occupation (6-digit),223113,,1,Other Services
Occupation (6-digit),223113,,2,Public Administration and Safety
Occupation (6-digit),223113,,3,"Professional, Scientific and Technical Services"
Occupation (6-digit),224111,,1,Financial and Insurance Services
Occupation (6-digit),224111,,2,"Professional, Scientific and Technical Services"
Occupation (6-digit),224111,,3,
Occupation (6-digit),224112,,1,Financial and Insurance Services
Occupation (6-digit),224112,,2,Education and Training
Occupation (6-digit),224112,,3,"Professional, Scientific and Technical Services"
Occupation (6-digit),224113,,1,"Professional, Scientific and Technical Services"
Occupation (6-digit),224113,,2,Education and Training
Occupation (6-digit),224113,,3,Public Administration and Safety
Occupation (6-digit),224211,,1,Education and Training
Occupation (6-digit),224211,,2,Information Media and Telecommunications
Occupation (6-digit),224211,,3,Public Administration and Safety
Occupation (6-digit),224212,,1,Arts and Recreation Services
Occupation (6-digit),224212,,2,Public Administration and Safety
Occupation (6-digit),224212,,3,Education and Training
Occupation (6-digit),224213,,1,Health Care and Social Assistance
Occupation (6-digit),224213,,2,"Professional, Scientific and Technical Services"
Occupation (6-digit),224213,,3,Public Administration and Safety
Occupation (6-digit),224214,,1,Public Administration and Safety
Occupation (6-digit),224214,,2,"Professional, Scientific and Technical Services"
Occupation (6-digit),224214,,3,Health Care and Social Assistance
Occupation (6-digit),224411,,1,Public Administration and Safety
Occupation (6-digit),224411,,2,"Professional, Scientific and Technical Services"
Occupation (6-digit),224411,,3,
Occupation (6-digit),224412,,1,Public Administration and Safety
Occupation (6-digit),224412,,2,Health Care and Social Assistance
Occupation (6-digit),224412,,3,"Professional, Scientific and Technical Services"
Occupation (6-digit),224511,,1,"Rental, Hiring and Real Estate Services"
Occupation (6-digit),224511,,2,Construction
Occupation (6-digit),224511,,3,Public Administration and Safety
Occupation (6-digit),224512,,1,"Rental, Hiring and Real Estate Services"
Occupation (6-digit),224512,,2,Public Administration and Safety
Occupation (6-digit),224512,,3,"Professional, Scientific and Technical Services"
Occupation (6-digit),224711,,1,"Professional, Scientific and Technical Services"
Occupation (6-digit),224711,,2,Financial and Insurance Services
Occupation (6-digit),224711,,3,Public Administration and Safety
Occupation (6-digit),224712,,1,Financial and Insurance Services
Occupation (6-digit),224712,,2,"Professional, Scientific and Technical Services"
Occupation (6-digit),224712,,3,Public Administration and Safety
Occupation (6-digit),224911,,1,Public Administration and Safety
Occupation (6-digit),224911,,2,
Occupation (6-digit),224911,,3,
Occupation (6-digit),224912,,1,Public Administration and Safety
Occupation (6-digit),224912,,2,Health Care and Social Assistance
Occupation (6-digit),224912,,3,Education and Training
Occupation (6-digit),224913,,1,"Professional, Scientific and Technical Services"
Occupation (6-digit),224913,,2,Other Services
Occupation (6-digit),224913,,3,
Occupation (6-digit),224914,,1,Public Administration and Safety
Occupation (6-digit),224914,,2,"Professional, Scientific and Technical Services"
Occupation (6-digit),224914,,3,
Occupation (6-digit),224999,,1,Public Administration and Safety
Occupation (6-digit),224999,,2,"Professional, Scientific and Technical Services"
Occupation (6-digit),224999,,3,Financial and Insurance Services
Occupation (6-digit),225111,,1,"Professional, Scientific and Technical Services"
Occupation (6-digit),225111,,2,Information Media and Telecommunications
Occupation (6-digit),225111,,3,
Occupation (6-digit),225112,,1,"Professional, Scientific and Technical Services"
Occupation (6-digit),225112,,2,Financial and Insurance Services
Occupation (6-digit),225112,,3,Retail Trade
Occupation (6-digit),225113,,1,"Professional, Scientific and Technical Services"
Occupation (6-digit),225113,,2,Financial and Insurance Services
Occupation (6-digit),225113,,3,Retail Trade
Occupation (6-digit),225211,,1,"Professional, Scientific and Technical Services"
Occupation (6-digit),225211,,2,Information Media and Telecommunications
Occupation (6-digit),225211,,3,Wholesale Trade
Occupation (6-digit),225212,,1,"Professional, Scientific and Technical Services"
Occupation (6-digit),225212,,2,Information Media and Telecommunications
Occupation (6-digit),225212,,3,Wholesale Trade
Occupation (6-digit),225213,,1,"Professional, Scientific and Technical Services"
Occupation (6-digit),225213,,2,Information Media and Telecommunications
Occupation (6-digit),225213,,3,Retail Trade
Occupation (6-digit),225411,,1,Wholesale Trade
Occupation (6-digit),225411,,2,Manufacturing
Occupation (6-digit),225411,,3,Retail Trade
Occupation (6-digit),225412,,1,Wholesale Trade
Occupation (6-digit),225412,,2,Health Care and Social Assistance
Occupation (6-digit),225412,,3,Manufacturing
Occupation (6-digit),225499,,1,Wholesale Trade
Occupation (6-digit),225499,,2,Education and Training
Occupation (6-digit),225499,,3,Retail Trade
Occupation (6-digit),231111,,1,"Transport, Postal and Warehousing"
Occupation (6-digit),231111,,2,Public Administration and Safety
Occupation (6-digit),231111,,3,
Occupation (6-digit),231112,,1,"Transport, Postal and Warehousing"
Occupation (6-digit),231112,,2,Public Administration and Safety
Occupation (6-digit),231112,,3,
Occupation (6-digit),231113,,1,Education and Training
Occupation (6-digit),231113,,2,"Transport, Postal and Warehousing"
Occupation (6-digit),231113,,3,Public Administration and Safety
Occupation (6-digit),231114,,1,"Transport, Postal and Warehousing"
Occupation (6-digit),231114,,2,Public Administration and Safety
Occupation (6-digit),231114,,3,"Agriculture, Forestry and Fishing"
Occupation (6-digit),231199,,1,"Transport, Postal and Warehousing"
Occupation (6-digit),231199,,2,Public Administration and Safety
Occupation (6-digit),231199,,3,
Occupation (6-digit),231211,,1,"Agriculture, Forestry and Fishing"
Occupation (6-digit),231211,,2,"Transport, Postal and Warehousing"
Occupation (6-digit),231211,,3,
Occupation (6-digit),231212,,1,"Transport, Postal and Warehousing"
Occupation (6-digit),231212,,2,Public Administration and Safety
Occupation (6-digit),231212,,3,Manufacturing
Occupation (6-digit),231213,,1,"Transport, Postal and Warehousing"
Occupation (6-digit),231213,,2,
Occupation (6-digit),231213,,3,
Occupation (6-digit),231214,,1,"Transport, Postal and Warehousing"
Occupation (6-digit),231214,,2,Public Administration and Safety
Occupation (6-digit),231214,,3,
Occupation (6-digit),231215,,1,"Professional, Scientific and Technical Services"
Occupation (6-digit),231215,,2,"Transport, Postal and Warehousing"
Occupation (6-digit),231215,,3,Public Administration and Safety
Occupation (6-digit),231299,,1,"Transport, Postal and Warehousing"
Occupation (6-digit),231299,,2,Public Administration and Safety
Occupation (6-digit),231299,,3,
Occupation (6-digit),232111,,1,"Professional, Scientific and Technical Services"
Occupation (6-digit),232111,,2,Construction
Occupation (6-digit),232111,,3,
Occupation (6-digit),232112,,1,"Professional, Scientific and Technical Services"
Occupation (6-digit),232112,,2,Construction
Occupation (6-digit),232112,,3,Public Administration and Safety
Occupation (6-digit),232212,,1,"Professional, Scientific and Technical Services"
Occupation (6-digit),232212,,2,Construction
Occupation (6-digit),232212,,3,Mining
Occupation (6-digit),232213,,1,Public Administration and Safety
Occupation (6-digit),232213,,2,"Professional, Scientific and Technical Services"
Occupation (6-digit),232213,,3,Mining
Occupation (6-digit),232214,,1,Public Administration and Safety
Occupation (6-digit),232214,,2,"Professional, Scientific and Technical Services"
Occupation (6-digit),232214,,3,"Electricity, Gas, Water and Waste Services"
Occupation (6-digit),232311,,1,Retail Trade
Occupation (6-digit),232311,,2,"Professional, Scientific and Technical Services"
Occupation (6-digit),232311,,3,Manufacturing
Occupation (6-digit),232312,,1,"Professional, Scientific and Technical Services"
Occupation (6-digit),232312,,2,Manufacturing
Occupation (6-digit),232312,,3,Retail Trade
Occupation (6-digit),232313,,1,"Professional, Scientific and Technical Services"
Occupation (6-digit),232313,,2,Retail Trade
Occupation (6-digit),232313,,3,Manufacturing
Occupation (6-digit),232411,,1,"Professional, Scientific and Technical Services"
Occupation (6-digit),232411,,2,Manufacturing
Occupation (6-digit),232411,,3,Information Media and Telecommunications
Occupation (6-digit),232412,,1,Information Media and Telecommunications
Occupation (6-digit),232412,,2,Arts and Recreation Services
Occupation (6-digit),232412,,3,"Professional, Scientific and Technical Services"
Occupation (6-digit),232413,,1,"Professional, Scientific and Technical Services"
Occupation (6-digit),232413,,2,Education and Training
Occupation (6-digit),232413,,3,Information Media and Telecommunications
Occupation (6-digit),232414,,1,"Professional, Scientific and Technical Services"
Occupation (6-digit),232414,,2,Retail Trade
Occupation (6-digit),232414,,3,Education and Training
Occupation (6-digit),233111,,1,Manufacturing
Occupation (6-digit),233111,,2,"Professional, Scientific and Technical Services"
Occupation (6-digit),233111,,3,Mining
Occupation (6-digit),233112,,1,"Professional, Scientific and Technical Services"
Occupation (6-digit),233112,,2,Manufacturing
Occupation (6-digit),233112,,3,Mining
Occupation (6-digit),233211,,1,Construction
Occupation (6-digit),233211,,2,"Professional, Scientific and Technical Services"
Occupation (6-digit),233211,,3,Public Administration and Safety
Occupation (6-digit),233212,,1,"Professional, Scientific and Technical Services"
Occupation (6-digit),233212,,2,Mining
Occupation (6-digit),233212,,3,
Occupation (6-digit),233213,,1,"Professional, Scientific and Technical Services"
Occupation (6-digit),233213,,2,Construction
Occupation (6-digit),233213,,3,
Occupation (6-digit),233214,,1,"Professional, Scientific and Technical Services"
Occupation (6-digit),233214,,2,Construction
Occupation (6-digit),233214,,3,
Occupation (6-digit),233215,,1,"Professional, Scientific and Technical Services"
Occupation (6-digit),233215,,2,Public Administration and Safety
Occupation (6-digit),233215,,3,"Transport, Postal and Warehousing"
Occupation (6-digit),233511,,1,Manufacturing
Occupation (6-digit),233511,,2,"Professional, Scientific and Technical Services"
Occupation (6-digit),233511,,3,Construction
Occupation (6-digit),233512,,1,"Professional, Scientific and Technical Services"
Occupation (6-digit),233512,,2,Manufacturing
Occupation (6-digit),233512,,3,Mining
Occupation (6-digit),233513,,1,Manufacturing
Occupation (6-digit),233513,,2,"Professional, Scientific and Technical Services"
Occupation (6-digit),233513,,3,Mining
Occupation (6-digit),233611,,1,Mining
Occupation (6-digit),233611,,2,"Professional, Scientific and Technical Services"
Occupation (6-digit),233611,,3,
Occupation (6-digit),233612,,1,Mining
Occupation (6-digit),233612,,2,"Professional, Scientific and Technical Services"
Occupation (6-digit),233612,,3,Construction
Occupation (6-digit),233911,,1,Public Administration and Safety
Occupation (6-digit),233911,,2,Manufacturing
Occupation (6-digit),233911,,3,"Professional, Scientific and Technical Services"
Occupation (6-digit),233912,,1,"Agriculture, Forestry and Fishing"
Occupation (6-digit),233912,,2,Manufacturing
Occupation (6-digit),233912,,3,"Professional, Scientific and Technical Services"
Occupation (6-digit),233913,,1,Health Care and Social Assistance
Occupation (6-digit),233913,,2,Wholesale Trade
Occupation (6-digit),233913,,3,Manufacturing
Occupation (6-digit),233914,,1,Manufacturing
Occupation (6-digit),233914,,2,"Professional, Scientific and Technical Services"
Occupation (6-digit),233914,,3,Construction
Occupation (6-digit),233915,,1,"Professional, Scientific and Technical Services"
Occupation (6-digit),233915,,2,"Electricity, Gas, Water and Waste Services"
Occupation (6-digit),233915,,3,Public Administration and Safety
Occupation (6-digit),233916,,1,"Professional, Scientific and Technical Services"
Occupation (6-digit),233916,,2,Manufacturing
Occupation (6-digit),233916,,3,Public Administration and Safety
Occupation (6-digit),233999,,1,"Professional, Scientific and Technical Services"
Occupation (6-digit),233999,,2,Manufacturing
Occupation (6-digit),233999,,3,Public Administration and Safety
Occupation (6-digit),234111,,1,"Agriculture, Forestry and Fishing"
Occupation (6-digit),234111,,2,Public Administration and Safety
Occupation (6-digit),234111,,3,"Professional, Scientific and Technical Services"
Occupation (6-digit),234112,,1,"Agriculture, Forestry and Fishing"
Occupation (6-digit),234112,,2,"Professional, Scientific and Technical Services"
Occupation (6-digit),234112,,3,Wholesale Trade
Occupation (6-digit),234113,,1,"Agriculture, Forestry and Fishing"
Occupation (6-digit),234113,,2,Public Administration and Safety
Occupation (6-digit),234113,,3,"Professional, Scientific and Technical Services"
Occupation (6-digit),234211,,1,Manufacturing
Occupation (6-digit),234211,,2,"Professional, Scientific and Technical Services"
Occupation (6-digit),234211,,3,Education and Training
Occupation (6-digit),234212,,1,Manufacturing
Occupation (6-digit),234212,,2,"Professional, Scientific and Technical Services"
Occupation (6-digit),234212,,3,Wholesale Trade
Occupation (6-digit),234213,,1,Manufacturing
Occupation (6-digit),234213,,2,
Occupation (6-digit),234213,,3,
Occupation (6-digit),234311,,1,Public Administration and Safety
Occupation (6-digit),234311,,2,"Professional, Scientific and Technical Services"
Occupation (6-digit),234311,,3,
Occupation (6-digit),234312,,1,"Professional, Scientific and Technical Services"
Occupation (6-digit),234312,,2,Mining
Occupation (6-digit),234312,,3,Public Administration and Safety
Occupation (6-digit),234313,,1,"Professional, Scientific and Technical Services"
Occupation (6-digit),234313,,2,Public Administration and Safety
Occupation (6-digit),234313,,3,"Electricity, Gas, Water and Waste Services"
Occupation (6-digit),234314,,1,Arts and Recreation Services
Occupation (6-digit),234314,,2,Public Administration and Safety
Occupation (6-digit),234314,,3,"Agriculture, Forestry and Fishing"
Occupation (6-digit),234399,,1,Public Administration and Safety
Occupation (6-digit),234399,,2,"Professional, Scientific and Technical Services"
Occupation (6-digit),234399,,3,"Electricity, Gas, Water and Waste Services"
Occupation (6-digit),234411,,1,Mining
Occupation (6-digit),234411,,2,"Professional, Scientific and Technical Services"
Occupation (6-digit),234411,,3,
Occupation (6-digit),234412,,1,Mining
Occupation (6-digit),234412,,2,"Professional, Scientific and Technical Services"
Occupation (6-digit),234412,,3,Public Administration and Safety
Occupation (6-digit),234413,,1,"Professional, Scientific and Technical Services"
Occupation (6-digit),234413,,2,Public Administration and Safety
Occupation (6-digit),234413,,3,Mining
Occupation (6-digit),234511,,1,Education and Training
Occupation (6-digit),234511,,2,"Professional, Scientific and Technical Services"
Occupation (6-digit),234511,,3,Public Administration and Safety
Occupation (6-digit),234513,,1,Education and Training
Occupation (6-digit),234513,,2,Health Care and Social Assistance
Occupation (6-digit),234513,,3,"Professional, Scientific and Technical Services"
Occupation (6-digit),234514,,1,"Professional, Scientific and Technical Services"
Occupation (6-digit),234514,,2,Education and Training
Occupation (6-digit),234514,,3,Health Care and Social Assistance
Occupation (6-digit),234515,,1,"Professional, Scientific and Technical Services"
Occupation (6-digit),234515,,2,Public Administration and Safety
Occupation (6-digit),234515,,3,Education and Training
Occupation (6-digit),234516,,1,"Professional, Scientific and Technical Services"
Occupation (6-digit),234516,,2,Public Administration and Safety
Occupation (6-digit),234516,,3,Education and Training
Occupation (6-digit),234517,,1,"Professional, Scientific and Technical Services"
Occupation (6-digit),234517,,2,Manufacturing
Occupation (6-digit),234517,,3,Health Care and Social Assistance
Occupation (6-digit),234518,,1,"Professional, Scientific and Technical Services"
Occupation (6-digit),234518,,2,Public Administration and Safety
Occupation (6-digit),234518,,3,Education and Training
Occupation (6-digit),234599,,1,Health Care and Social Assistance
Occupation (6-digit),234599,,2,"Professional, Scientific and Technical Services"
Occupation (6-digit),234599,,3,Education and Training
Occupation (6-digit),234911,,1,Arts and Recreation Services
Occupation (6-digit),234911,,2,Information Media and Telecommunications
Occupation (6-digit),234911,,3,Public Administration and Safety
Occupation (6-digit),234912,,1,Mining
Occupation (6-digit),234912,,2,"Professional, Scientific and Technical Services"
Occupation (6-digit),234912,,3,Manufacturing
Occupation (6-digit),234913,,1,"Professional, Scientific and Technical Services"
Occupation (6-digit),234913,,2,Education and Training
Occupation (6-digit),234913,,3,Public Administration and Safety
Occupation (6-digit),234914,,1,Health Care and Social Assistance
Occupation (6-digit),234914,,2,Education and Training
Occupation (6-digit),234914,,3,Public Administration and Safety
Occupation (6-digit),234915,,1,Health Care and Social Assistance
Occupation (6-digit),234915,,2,Arts and Recreation Services
Occupation (6-digit),234915,,3,
Occupation (6-digit),234999,,1,Health Care and Social Assistance
Occupation (6-digit),234999,,2,Public Administration and Safety
Occupation (6-digit),234999,,3,"Professional, Scientific and Technical Services"
Occupation (6-digit),241511,,1,Education and Training
Occupation (6-digit),241511,,2,
Occupation (6-digit),241511,,3,
Occupation (6-digit),241512,,1,Education and Training
Occupation (6-digit),241512,,2,Health Care and Social Assistance
Occupation (6-digit),241512,,3,
Occupation (6-digit),241513,,1,Education and Training
Occupation (6-digit),241513,,2,
Occupation (6-digit),241513,,3,
Occupation (6-digit),241599,,1,Education and Training
Occupation (6-digit),241599,,2,
Occupation (6-digit),241599,,3,
Occupation (6-digit),242111,,1,Education and Training
Occupation (6-digit),242111,,2,
Occupation (6-digit),242111,,3,
Occupation (6-digit),242112,,1,Education and Training
Occupation (6-digit),242112,,2,
Occupation (6-digit),242112,,3,
Occupation (6-digit),249111,,1,Education and Training
Occupation (6-digit),249111,,2,Public Administration and Safety
Occupation (6-digit),249111,,3,Health Care and Social Assistance
Occupation (6-digit),249112,,1,Education and Training
Occupation (6-digit),249112,,2,Public Administration and Safety
Occupation (6-digit),249112,,3,"Professional, Scientific and Technical Services"
Occupation (6-digit),249211,,1,Education and Training
Occupation (6-digit),249211,,2,Arts and Recreation Services
Occupation (6-digit),249211,,3,Health Care and Social Assistance
Occupation (6-digit),249212,,1,Education and Training
Occupation (6-digit),249212,,2,
Occupation (6-digit),249212,,3,
Occupation (6-digit),249213,,1,Education and Training
Occupation (6-digit),249213,,2,Arts and Recreation Services
Occupation (6-digit),249213,,3,
Occupation (6-digit),249214,,1,Education and Training
Occupation (6-digit),249214,,2,
Occupation (6-digit),249214,,3,
Occupation (6-digit),249299,,1,Education and Training
Occupation (6-digit),249299,,2,
Occupation (6-digit),249299,,3,
Occupation (6-digit),251111,,1,Health Care and Social Assistance
Occupation (6-digit),251111,,2,
Occupation (6-digit),251111,,3,
Occupation (6-digit),251112,,1,Health Care and Social Assistance
Occupation (6-digit),251112,,2,Other Services
Occupation (6-digit),251112,,3,Education and Training
Occupation (6-digit),251211,,1,Health Care and Social Assistance
Occupation (6-digit),251211,,2,
Occupation (6-digit),251211,,3,
Occupation (6-digit),251212,,1,Health Care and Social Assistance
Occupation (6-digit),251212,,2,
Occupation (6-digit),251212,,3,
Occupation (6-digit),251213,,1,Health Care and Social Assistance
Occupation (6-digit),251213,,2,
Occupation (6-digit),251213,,3,
Occupation (6-digit),251214,,1,Health Care and Social Assistance
Occupation (6-digit),251214,,2,
Occupation (6-digit),251214,,3,
Occupation (6-digit),251311,,1,Public Administration and Safety
Occupation (6-digit),251311,,2,Health Care and Social Assistance
Occupation (6-digit),251311,,3,Manufacturing
Occupation (6-digit),251312,,1,Public Administration and Safety
Occupation (6-digit),251312,,2,Construction
Occupation (6-digit),251312,,3,Health Care and Social Assistance
Occupation (6-digit),251411,,1,Health Care and Social Assistance
Occupation (6-digit),251411,,2,
Occupation (6-digit),251411,,3,
Occupation (6-digit),251412,,1,Health Care and Social Assistance
Occupation (6-digit),251412,,2,
Occupation (6-digit),251412,,3,
Occupation (6-digit),251511,,1,Health Care and Social Assistance
Occupation (6-digit),251511,,2,Retail Trade
Occupation (6-digit),251511,,3,
Occupation (6-digit),251512,,1,Manufacturing
Occupation (6-digit),251512,,2,"Professional, Scientific and Technical Services"
Occupation (6-digit),251512,,3,Wholesale Trade
Occupation (6-digit),251513,,1,Retail Trade
Occupation (6-digit),251513,,2,Health Care and Social Assistance
Occupation (6-digit),251513,,3,
Occupation (6-digit),251911,,1,Health Care and Social Assistance
Occupation (6-digit),251911,,2,Education and Training
Occupation (6-digit),251911,,3,Public Administration and Safety
Occupation (6-digit),251912,,1,Health Care and Social Assistance
Occupation (6-digit),251912,,2,Manufacturing
Occupation (6-digit),251912,,3,
Occupation (6-digit),251999,,1,Health Care and Social Assistance
Occupation (6-digit),251999,,2,Public Administration and Safety
Occupation (6-digit),251999,,3,
Occupation (6-digit),252111,,1,Health Care and Social Assistance
Occupation (6-digit),252111,,2,
Occupation (6-digit),252111,,3,
Occupation (6-digit),252112,,1,Health Care and Social Assistance
Occupation (6-digit),252112,,2,
Occupation (6-digit),252112,,3,
Occupation (6-digit),252211,,1,Health Care and Social Assistance
Occupation (6-digit),252211,,2,
Occupation (6-digit),252211,,3,
Occupation (6-digit),252212,,1,Health Care and Social Assistance
Occupation (6-digit),252212,,2,
Occupation (6-digit),252212,,3,
Occupation (6-digit),252213,,1,Health Care and Social Assistance
Occupation (6-digit),252213,,2,Retail Trade
Occupation (6-digit),252213,,3,
Occupation (6-digit),252214,,1,Health Care and Social Assistance
Occupation (6-digit),252214,,2,
Occupation (6-digit),252214,,3,
Occupation (6-digit),252299,,1,Health Care and Social Assistance
Occupation (6-digit),252299,,2,Education and Training
Occupation (6-digit),252299,,3,
Occupation (6-digit),252311,,1,Health Care and Social Assistance
Occupation (6-digit),252311,,2,
Occupation (6-digit),252311,,3,
Occupation (6-digit),252312,,1,Health Care and Social Assistance
Occupation (6-digit),252312,,2,
Occupation (6-digit),252312,,3,
Occupation (6-digit),252711,,1,Health Care and Social Assistance
Occupation (6-digit),252711,,2,Manufacturing
Occupation (6-digit),252711,,3,
Occupation (6-digit),252712,,1,Health Care and Social Assistance
Occupation (6-digit),252712,,2,Education and Training
Occupation (6-digit),252712,,3,
Occupation (6-digit),253111,,1,Health Care and Social Assistance
Occupation (6-digit),253111,,2,
Occupation (6-digit),253111,,3,
Occupation (6-digit),253112,,1,Health Care and Social Assistance
Occupation (6-digit),253112,,2,
Occupation (6-digit),253112,,3,
Occupation (6-digit),253311,,1,Health Care and Social Assistance
Occupation (6-digit),253311,,2,
Occupation (6-digit),253311,,3,
Occupation (6-digit),253312,,1,Health Care and Social Assistance
Occupation (6-digit),253312,,2,
Occupation (6-digit),253312,,3,
Occupation (6-digit),253313,,1,Health Care and Social Assistance
Occupation (6-digit),253313,,2,
Occupation (6-digit),253313,,3,
Occupation (6-digit),253314,,1,Health Care and Social Assistance
Occupation (6-digit),253314,,2,
Occupation (6-digit),253314,,3,
Occupation (6-digit),253315,,1,Health Care and Social Assistance
Occupation (6-digit),253315,,2,
Occupation (6-digit),253315,,3,
Occupation (6-digit),253316,,1,Health Care and Social Assistance
Occupation (6-digit),253316,,2,
Occupation (6-digit),253316,,3,
Occupation (6-digit),253317,,1,Health Care and Social Assistance
Occupation (6-digit),253317,,2,
Occupation (6-digit),253317,,3,
Occupation (6-digit),253318,,1,Health Care and Social Assistance
Occupation (6-digit),253318,,2,
Occupation (6-digit),253318,,3,
Occupation (6-digit),253321,,1,Health Care and Social Assistance
Occupation (6-digit),253321,,2,
Occupation (6-digit),253321,,3,
Occupation (6-digit),253322,,1,Health Care and Social Assistance
Occupation (6-digit),253322,,2,
Occupation (6-digit),253322,,3,
Occupation (6-digit),253323,,1,Health Care and Social Assistance
Occupation (6-digit),253323,,2,
Occupation (6-digit),253323,,3,
Occupation (6-digit),253324,,1,Health Care and Social Assistance
Occupation (6-digit),253324,,2,
Occupation (6-digit),253324,,3,
Occupation (6-digit),253399,,1,Health Care and Social Assistance
Occupation (6-digit),253399,,2,
Occupation (6-digit),253399,,3,
Occupation (6-digit),253511,,1,Health Care and Social Assistance
Occupation (6-digit),253511,,2,
Occupation (6-digit),253511,,3,
Occupation (6-digit),253512,,1,Health Care and Social Assistance
Occupation (6-digit),253512,,2,
Occupation (6-digit),253512,,3,
Occupation (6-digit),253513,,1,Health Care and Social Assistance
Occupation (6-digit),253513,,2,
Occupation (6-digit),253513,,3,
Occupation (6-digit),253514,,1,Health Care and Social Assistance
Occupation (6-digit),253514,,2,
Occupation (6-digit),253514,,3,
Occupation (6-digit),253515,,1,Health Care and Social Assistance
Occupation (6-digit),253515,,2,
Occupation (6-digit),253515,,3,
Occupation (6-digit),253516,,1,Health Care and Social Assistance
Occupation (6-digit),253516,,2,
Occupation (6-digit),253516,,3,
Occupation (6-digit),253517,,1,Health Care and Social Assistance
Occupation (6-digit),253517,,2,
Occupation (6-digit),253517,,3,
Occupation (6-digit),253518,,1,Health Care and Social Assistance
Occupation (6-digit),253518,,2,
Occupation (6-digit),253518,,3,
Occupation (6-digit),253521,,1,Health Care and Social Assistance
Occupation (6-digit),253521,,2,
Occupation (6-digit),253521,,3,
Occupation (6-digit),253911,,1,Health Care and Social Assistance
Occupation (6-digit),253911,,2,
Occupation (6-digit),253911,,3,
Occupation (6-digit),253912,,1,Health Care and Social Assistance
Occupation (6-digit),253912,,2,
Occupation (6-digit),253912,,3,
Occupation (6-digit),253913,,1,Health Care and Social Assistance
Occupation (6-digit),253913,,2,
Occupation (6-digit),253913,,3,
Occupation (6-digit),253914,,1,Health Care and Social Assistance
Occupation (6-digit),253914,,2,
Occupation (6-digit),253914,,3,
Occupation (6-digit),253915,,1,Health Care and Social Assistance
Occupation (6-digit),253915,,2,
Occupation (6-digit),253915,,3,
Occupation (6-digit),253917,,1,Health Care and Social Assistance
Occupation (6-digit),253917,,2,
Occupation (6-digit),253917,,3,
Occupation (6-digit),253918,,1,Health Care and Social Assistance
Occupation (6-digit),253918,,2,
Occupation (6-digit),253918,,3,
Occupation (6-digit),253999,,1,Health Care and Social Assistance
Occupation (6-digit),253999,,2,
Occupation (6-digit),253999,,3,
Occupation (6-digit),254211,,1,Health Care and Social Assistance
Occupation (6-digit),254211,,2,Education and Training
Occupation (6-digit),254211,,3,
Occupation (6-digit),254212,,1,Health Care and Social Assistance
Occupation (6-digit),254212,,2,"Professional, Scientific and Technical Services"
Occupation (6-digit),254212,,3,Education and Training
Occupation (6-digit),254411,,1,Health Care and Social Assistance
Occupation (6-digit),254411,,2,
Occupation (6-digit),254411,,3,
Occupation (6-digit),254412,,1,Health Care and Social Assistance
Occupation (6-digit),254412,,2,
Occupation (6-digit),254412,,3,
Occupation (6-digit),254413,,1,Health Care and Social Assistance
Occupation (6-digit),254413,,2,Public Administration and Safety
Occupation (6-digit),254413,,3,
Occupation (6-digit),254414,,1,Health Care and Social Assistance
Occupation (6-digit),254414,,2,Education and Training
Occupation (6-digit),254414,,3,
Occupation (6-digit),254415,,1,Health Care and Social Assistance
Occupation (6-digit),254415,,2,
Occupation (6-digit),254415,,3,
Occupation (6-digit),254416,,1,
Occupation (6-digit),254416,,2,
Occupation (6-digit),254416,,3,
Occupation (6-digit),254417,,1,Health Care and Social Assistance
Occupation (6-digit),254417,,2,
Occupation (6-digit),254417,,3,
Occupation (6-digit),254418,,1,Health Care and Social Assistance
Occupation (6-digit),254418,,2,
Occupation (6-digit),254418,,3,
Occupation (6-digit),254421,,1,Health Care and Social Assistance
Occupation (6-digit),254421,,2,
Occupation (6-digit),254421,,3,
Occupation (6-digit),254422,,1,Health Care and Social Assistance
Occupation (6-digit),254422,,2,
Occupation (6-digit),254422,,3,
Occupation (6-digit),254423,,1,Health Care and Social Assistance
Occupation (6-digit),254423,,2,
Occupation (6-digit),254423,,3,
Occupation (6-digit),254424,,1,Health Care and Social Assistance
Occupation (6-digit),254424,,2,
Occupation (6-digit),254424,,3,
Occupation (6-digit),254425,,1,Health Care and Social Assistance
Occupation (6-digit),254425,,2,
Occupation (6-digit),254425,,3,
Occupation (6-digit),254499,,1,Health Care and Social Assistance
Occupation (6-digit),254499,,2,
Occupation (6-digit),254499,,3,
Occupation (6-digit),261111,,1,"Professional, Scientific and Technical Services"
Occupation (6-digit),261111,,2,Financial and Insurance Services
Occupation (6-digit),261111,,3,Public Administration and Safety
Occupation (6-digit),261112,,1,"Professional, Scientific and Technical Services"
Occupation (6-digit),261112,,2,Financial and Insurance Services
Occupation (6-digit),261112,,3,Public Administration and Safety
Occupation (6-digit),261211,,1,"Professional, Scientific and Technical Services"
Occupation (6-digit),261211,,2,Information Media and Telecommunications
Occupation (6-digit),261211,,3,Arts and Recreation Services
Occupation (6-digit),261212,,1,"Professional, Scientific and Technical Services"
Occupation (6-digit),261212,,2,Information Media and Telecommunications
Occupation (6-digit),261212,,3,Financial and Insurance Services
Occupation (6-digit),261311,,1,"Professional, Scientific and Technical Services"
Occupation (6-digit),261311,,2,Financial and Insurance Services
Occupation (6-digit),261311,,3,Public Administration and Safety
Occupation (6-digit),261312,,1,"Professional, Scientific and Technical Services"
Occupation (6-digit),261312,,2,Financial and Insurance Services
Occupation (6-digit),261312,,3,Public Administration and Safety
Occupation (6-digit),261313,,1,"Professional, Scientific and Technical Services"
Occupation (6-digit),261313,,2,Financial and Insurance Services
Occupation (6-digit),261313,,3,Information Media and Telecommunications
Occupation (6-digit),261314,,1,"Professional, Scientific and Technical Services"
Occupation (6-digit),261314,,2,Financial and Insurance Services
Occupation (6-digit),261314,,3,Public Administration and Safety
Occupation (6-digit),261399,,1,"Professional, Scientific and Technical Services"
Occupation (6-digit),261399,,2,Financial and Insurance Services
Occupation (6-digit),261399,,3,Information Media and Telecommunications
Occupation (6-digit),262111,,1,"Professional, Scientific and Technical Services"
Occupation (6-digit),262111,,2,Public Administration and Safety
Occupation (6-digit),262111,,3,Financial and Insurance Services
Occupation (6-digit),262112,,1,"Professional, Scientific and Technical Services"
Occupation (6-digit),262112,,2,Public Administration and Safety
Occupation (6-digit),262112,,3,Financial and Insurance Services
Occupation (6-digit),262113,,1,"Professional, Scientific and Technical Services"
Occupation (6-digit),262113,,2,Public Administration and Safety
Occupation (6-digit),262113,,3,Education and Training
Occupation (6-digit),263111,,1,"Professional, Scientific and Technical Services"
Occupation (6-digit),263111,,2,Financial and Insurance Services
Occupation (6-digit),263111,,3,Information Media and Telecommunications
Occupation (6-digit),263112,,1,"Professional, Scientific and Technical Services"
Occupation (6-digit),263112,,2,Education and Training
Occupation (6-digit),263112,,3,Information Media and Telecommunications
Occupation (6-digit),263113,,1,"Professional, Scientific and Technical Services"
Occupation (6-digit),263113,,2,Information Media and Telecommunications
Occupation (6-digit),263113,,3,Financial and Insurance Services
Occupation (6-digit),263211,,1,"Professional, Scientific and Technical Services"
Occupation (6-digit),263211,,2,Financial and Insurance Services
Occupation (6-digit),263211,,3,Public Administration and Safety
Occupation (6-digit),263212,,1,"Professional, Scientific and Technical Services"
Occupation (6-digit),263212,,2,Financial and Insurance Services
Occupation (6-digit),263212,,3,Information Media and Telecommunications
Occupation (6-digit),263213,,1,"Professional, Scientific and Technical Services"
Occupation (6-digit),263213,,2,Financial and Insurance Services
Occupation (6-digit),263213,,3,Public Administration and Safety
Occupation (6-digit),263299,,1,"Professional, Scientific and Technical Services"
Occupation (6-digit),263299,,2,Financial and Insurance Services
Occupation (6-digit),263299,,3,Information Media and Telecommunications
Occupation (6-digit),263311,,1,Information Media and Telecommunications
Occupation (6-digit),263311,,2,"Professional, Scientific and Technical Services"
Occupation (6-digit),263311,,3,Public Administration and Safety
Occupation (6-digit),263312,,1,Information Media and Telecommunications
Occupation (6-digit),263312,,2,"Professional, Scientific and Technical Services"
Occupation (6-digit),263312,,3,Wholesale Trade
Occupation (6-digit),271211,,1,Public Administration and Safety
Occupation (6-digit),271211,,2,
Occupation (6-digit),271211,,3,
Occupation (6-digit),271212,,1,Public Administration and Safety
Occupation (6-digit),271212,,2,
Occupation (6-digit),271212,,3,
Occupation (6-digit),271213,,1,Public Administration and Safety
Occupation (6-digit),271213,,2,
Occupation (6-digit),271213,,3,
Occupation (6-digit),271214,,1,"Professional, Scientific and Technical Services"
Occupation (6-digit),271214,,2,
Occupation (6-digit),271214,,3,
Occupation (6-digit),271299,,1,Public Administration and Safety
Occupation (6-digit),271299,,2,"Professional, Scientific and Technical Services"
Occupation (6-digit),271299,,3,Financial and Insurance Services
Occupation (6-digit),272111,,1,Education and Training
Occupation (6-digit),272111,,2,Administrative and Support Services
Occupation (6-digit),272111,,3,Health Care and Social Assistance
Occupation (6-digit),272112,,1,Health Care and Social Assistance
Occupation (6-digit),272112,,2,Other Services
Occupation (6-digit),272112,,3,
Occupation (6-digit),272113,,1,Health Care and Social Assistance
Occupation (6-digit),272113,,2,
Occupation (6-digit),272113,,3,
Occupation (6-digit),272114,,1,Health Care and Social Assistance
Occupation (6-digit),272114,,2,Financial and Insurance Services
Occupation (6-digit),272114,,3,Public Administration and Safety
Occupation (6-digit),272115,,1,Education and Training
Occupation (6-digit),272115,,2,Health Care and Social Assistance
Occupation (6-digit),272115,,3,
Occupation (6-digit),272199,,1,Education and Training
Occupation (6-digit),272199,,2,Health Care and Social Assistance
Occupation (6-digit),272199,,3,Other Services
Occupation (6-digit),272311,,1,Health Care and Social Assistance
Occupation (6-digit),272311,,2,Public Administration and Safety
Occupation (6-digit),272311,,3,
Occupation (6-digit),272312,,1,Education and Training
Occupation (6-digit),272312,,2,Health Care and Social Assistance
Occupation (6-digit),272312,,3,
Occupation (6-digit),272313,,1,Health Care and Social Assistance
Occupation (6-digit),272313,,2,"Professional, Scientific and Technical Services"
Occupation (6-digit),272313,,3,Public Administration and Safety
Occupation (6-digit),272314,,1,Health Care and Social Assistance
Occupation (6-digit),272314,,2,Education and Training
Occupation (6-digit),272314,,3,
Occupation (6-digit),272399,,1,Health Care and Social Assistance
Occupation (6-digit),272399,,2,Education and Training
Occupation (6-digit),272399,,3,Public Administration and Safety
Occupation (6-digit),272411,,1,"Professional, Scientific and Technical Services"
Occupation (6-digit),272411,,2,Education and Training
Occupation (6-digit),272411,,3,Arts and Recreation Services
Occupation (6-digit),272412,,1,"Professional, Scientific and Technical Services"
Occupation (6-digit),272412,,2,Health Care and Social Assistance
Occupation (6-digit),272412,,3,Public Administration and Safety
Occupation (6-digit),272413,,1,"Professional, Scientific and Technical Services"
Occupation (6-digit),272413,,2,Health Care and Social Assistance
Occupation (6-digit),272413,,3,Public Administration and Safety
Occupation (6-digit),272414,,1,"Professional, Scientific and Technical Services"
Occupation (6-digit),272414,,2,Public Administration and Safety
Occupation (6-digit),272414,,3,
Occupation (6-digit),272499,,1,"Professional, Scientific and Technical Services"
Occupation (6-digit),272499,,2,Education and Training
Occupation (6-digit),272499,,3,Public Administration and Safety
Occupation (6-digit),272611,,1,Public Administration and Safety
Occupation (6-digit),272611,,2,Arts and Recreation Services
Occupation (6-digit),272611,,3,Health Care and Social Assistance
Occupation (6-digit),272612,,1,Public Administration and Safety
Occupation (6-digit),272612,,2,Health Care and Social Assistance
Occupation (6-digit),272612,,3,Arts and Recreation Services
Occupation (6-digit),272613,,1,Health Care and Social Assistance
Occupation (6-digit),272613,,2,Public Administration and Safety
Occupation (6-digit),272613,,3,
Occupation (6-digit),311211,,1,Health Care and Social Assistance
Occupation (6-digit),311211,,2,
Occupation (6-digit),311211,,3,
Occupation (6-digit),311212,,1,Health Care and Social Assistance
Occupation (6-digit),311212,,2,Wholesale Trade
Occupation (6-digit),311212,,3,
Occupation (6-digit),311213,,1,Health Care and Social Assistance
Occupation (6-digit),311213,,2,
Occupation (6-digit),311213,,3,
Occupation (6-digit),311214,,1,Health Care and Social Assistance
Occupation (6-digit),311214,,2,
Occupation (6-digit),311214,,3,
Occupation (6-digit),311215,,1,Retail Trade
Occupation (6-digit),311215,,2,Health Care and Social Assistance
Occupation (6-digit),311215,,3,
Occupation (6-digit),311216,,1,Health Care and Social Assistance
Occupation (6-digit),311216,,2,
Occupation (6-digit),311216,,3,
Occupation (6-digit),311299,,1,Health Care and Social Assistance
Occupation (6-digit),311299,,2,Manufacturing
Occupation (6-digit),311299,,3,
Occupation (6-digit),311311,,1,Public Administration and Safety
Occupation (6-digit),311311,,2,
Occupation (6-digit),311311,,3,
Occupation (6-digit),311312,,1,Manufacturing
Occupation (6-digit),311312,,2,Administrative and Support Services
Occupation (6-digit),311312,,3,Public Administration and Safety
Occupation (6-digit),311313,,1,Public Administration and Safety
Occupation (6-digit),311313,,2,"Agriculture, Forestry and Fishing"
Occupation (6-digit),311313,,3,
Occupation (6-digit),311399,,1,Public Administration and Safety
Occupation (6-digit),311399,,2,"Agriculture, Forestry and Fishing"
Occupation (6-digit),311399,,3,Manufacturing
Occupation (6-digit),311411,,1,Manufacturing
Occupation (6-digit),311411,,2,"Professional, Scientific and Technical Services"
Occupation (6-digit),311411,,3,Education and Training
Occupation (6-digit),311412,,1,"Professional, Scientific and Technical Services"
Occupation (6-digit),311412,,2,Mining
Occupation (6-digit),311412,,3,Construction
Occupation (6-digit),311413,,1,"Professional, Scientific and Technical Services"
Occupation (6-digit),311413,,2,Education and Training
Occupation (6-digit),311413,,3,Health Care and Social Assistance
Occupation (6-digit),311414,,1,Education and Training
Occupation (6-digit),311414,,2,
Occupation (6-digit),311414,,3,
Occupation (6-digit),311415,,1,"Electricity, Gas, Water and Waste Services"
Occupation (6-digit),311415,,2,Public Administration and Safety
Occupation (6-digit),311415,,3,"Professional, Scientific and Technical Services"
Occupation (6-digit),311499,,1,"Professional, Scientific and Technical Services"
Occupation (6-digit),311499,,2,Public Administration and Safety
Occupation (6-digit),311499,,3,Manufacturing
Occupation (6-digit),312111,,1,"Professional, Scientific and Technical Services"
Occupation (6-digit),312111,,2,Construction
Occupation (6-digit),312111,,3,
Occupation (6-digit),312112,,1,Construction
Occupation (6-digit),312112,,2,
Occupation (6-digit),312112,,3,
Occupation (6-digit),312113,,1,"Professional, Scientific and Technical Services"
Occupation (6-digit),312113,,2,Public Administration and Safety
Occupation (6-digit),312113,,3,Construction
Occupation (6-digit),312114,,1,Construction
Occupation (6-digit),312114,,2,Manufacturing
Occupation (6-digit),312114,,3,
Occupation (6-digit),312115,,1,Public Administration and Safety
Occupation (6-digit),312115,,2,Construction
Occupation (6-digit),312115,,3,"Electricity, Gas, Water and Waste Services"
Occupation (6-digit),312116,,1,"Professional, Scientific and Technical Services"
Occupation (6-digit),312116,,2,Public Administration and Safety
Occupation (6-digit),312116,,3,Construction
Occupation (6-digit),312199,,1,"Professional, Scientific and Technical Services"
Occupation (6-digit),312199,,2,Construction
Occupation (6-digit),312199,,3,Manufacturing
Occupation (6-digit),312211,,1,"Professional, Scientific and Technical Services"
Occupation (6-digit),312211,,2,Construction
Occupation (6-digit),312211,,3,Public Administration and Safety
Occupation (6-digit),312212,,1,"Professional, Scientific and Technical Services"
Occupation (6-digit),312212,,2,Public Administration and Safety
Occupation (6-digit),312212,,3,Construction
Occupation (6-digit),312311,,1,"Professional, Scientific and Technical Services"
Occupation (6-digit),312311,,2,"Electricity, Gas, Water and Waste Services"
Occupation (6-digit),312311,,3,Construction
Occupation (6-digit),312312,,1,Construction
Occupation (6-digit),312312,,2,"Electricity, Gas, Water and Waste Services"
Occupation (6-digit),312312,,3,Manufacturing
Occupation (6-digit),312411,,1,Manufacturing
Occupation (6-digit),312411,,2,"Professional, Scientific and Technical Services"
Occupation (6-digit),312411,,3,Public Administration and Safety
Occupation (6-digit),312412,,1,Public Administration and Safety
Occupation (6-digit),312412,,2,Manufacturing
Occupation (6-digit),312412,,3,Information Media and Telecommunications
Occupation (6-digit),312511,,1,"Professional, Scientific and Technical Services"
Occupation (6-digit),312511,,2,Manufacturing
Occupation (6-digit),312511,,3,Construction
Occupation (6-digit),312512,,1,Manufacturing
Occupation (6-digit),312512,,2,Other Services
Occupation (6-digit),312512,,3,"Professional, Scientific and Technical Services"
Occupation (6-digit),312911,,1,Mining
Occupation (6-digit),312911,,2,Manufacturing
Occupation (6-digit),312911,,3,Construction
Occupation (6-digit),312912,,1,"Professional, Scientific and Technical Services"
Occupation (6-digit),312912,,2,Mining
Occupation (6-digit),312912,,3,Manufacturing
Occupation (6-digit),312913,,1,Mining
Occupation (6-digit),312913,,2,Manufacturing
Occupation (6-digit),312913,,3,
Occupation (6-digit),312999,,1,Manufacturing
Occupation (6-digit),312999,,2,Mining
Occupation (6-digit),312999,,3,Health Care and Social Assistance
Occupation (6-digit),313111,,1,"Professional, Scientific and Technical Services"
Occupation (6-digit),313111,,2,Other Services
Occupation (6-digit),313111,,3,Retail Trade
Occupation (6-digit),313112,,1,"Professional, Scientific and Technical Services"
Occupation (6-digit),313112,,2,Education and Training
Occupation (6-digit),313112,,3,Public Administration and Safety
Occupation (6-digit),313113,,1,Retail Trade
Occupation (6-digit),313113,,2,"Professional, Scientific and Technical Services"
Occupation (6-digit),313113,,3,Public Administration and Safety
Occupation (6-digit),313199,,1,Public Administration and Safety
Occupation (6-digit),313199,,2,"Professional, Scientific and Technical Services"
Occupation (6-digit),313199,,3,Information Media and Telecommunications
Occupation (6-digit),313211,,1,Information Media and Telecommunications
Occupation (6-digit),313211,,2,Public Administration and Safety
Occupation (6-digit),313211,,3,"Professional, Scientific and Technical Services"
Occupation (6-digit),313212,,1,Information Media and Telecommunications
Occupation (6-digit),313212,,2,Construction
Occupation (6-digit),313212,,3,
Occupation (6-digit),313213,,1,Information Media and Telecommunications
Occupation (6-digit),313213,,2,Construction
Occupation (6-digit),313213,,3,"Professional, Scientific and Technical Services"
Occupation (6-digit),313214,,1,Information Media and Telecommunications
Occupation (6-digit),313214,,2,Public Administration and Safety
Occupation (6-digit),313214,,3,"Professional, Scientific and Technical Services"
Occupation (6-digit),321211,,1,Other Services
Occupation (6-digit),321211,,2,Retail Trade
Occupation (6-digit),321211,,3,
Occupation (6-digit),321212,,1,Other Services
Occupation (6-digit),321212,,2,"Transport, Postal and Warehousing"
Occupation (6-digit),321212,,3,Wholesale Trade
Occupation (6-digit),321213,,1,Other Services
Occupation (6-digit),321213,,2,Retail Trade
Occupation (6-digit),321213,,3,
Occupation (6-digit),321214,,1,Other Services
Occupation (6-digit),321214,,2,Retail Trade
Occupation (6-digit),321214,,3,Manufacturing
Occupation (6-digit),322111,,1,Manufacturing
Occupation (6-digit),322111,,2,
Occupation (6-digit),322111,,3,
Occupation (6-digit),322112,,1,Manufacturing
Occupation (6-digit),322112,,2,
Occupation (6-digit),322112,,3,
Occupation (6-digit),322113,,1,"Agriculture, Forestry and Fishing"
Occupation (6-digit),322113,,2,Arts and Recreation Services
Occupation (6-digit),322113,,3,
Occupation (6-digit),322114,,1,Manufacturing
Occupation (6-digit),322114,,2,Mining
Occupation (6-digit),322114,,3,
Occupation (6-digit),322115,,1,Manufacturing
Occupation (6-digit),322115,,2,Other Services
Occupation (6-digit),322115,,3,
Occupation (6-digit),322311,,1,Manufacturing
Occupation (6-digit),322311,,2,Construction
Occupation (6-digit),322311,,3,Mining
Occupation (6-digit),322312,,1,Manufacturing
Occupation (6-digit),322312,,2,Construction
Occupation (6-digit),322312,,3,"Electricity, Gas, Water and Waste Services"
Occupation (6-digit),322313,,1,Manufacturing
Occupation (6-digit),322313,,2,Construction
Occupation (6-digit),322313,,3,
Occupation (6-digit),323111,,1,Public Administration and Safety
Occupation (6-digit),323111,,2,Manufacturing
Occupation (6-digit),323111,,3,"Transport, Postal and Warehousing"
Occupation (6-digit),323112,,1,Public Administration and Safety
Occupation (6-digit),323112,,2,Manufacturing
Occupation (6-digit),323112,,3,"Transport, Postal and Warehousing"
Occupation (6-digit),323113,,1,Manufacturing
Occupation (6-digit),323113,,2,"Transport, Postal and Warehousing"
Occupation (6-digit),323113,,3,Public Administration and Safety
Occupation (6-digit),323211,,1,Mining
Occupation (6-digit),323211,,2,Manufacturing
Occupation (6-digit),323211,,3,Other Services
Occupation (6-digit),323212,,1,Manufacturing
Occupation (6-digit),323212,,2,Other Services
Occupation (6-digit),323212,,3,Mining
Occupation (6-digit),323213,,1,Manufacturing
Occupation (6-digit),323213,,2,Construction
Occupation (6-digit),323213,,3,Other Services
Occupation (6-digit),323214,,1,Manufacturing
Occupation (6-digit),323214,,2,Other Services
Occupation (6-digit),323214,,3,"Professional, Scientific and Technical Services"
Occupation (6-digit),323215,,1,Other Services
Occupation (6-digit),323215,,2,Manufacturing
Occupation (6-digit),323215,,3,Retail Trade
Occupation (6-digit),323299,,1,Other Services
Occupation (6-digit),323299,,2,"Agriculture, Forestry and Fishing"
Occupation (6-digit),323299,,3,Wholesale Trade
Occupation (6-digit),323311,,1,Manufacturing
Occupation (6-digit),323311,,2,Retail Trade
Occupation (6-digit),323311,,3,Other Services
Occupation (6-digit),323312,,1,Public Administration and Safety
Occupation (6-digit),323312,,2,Manufacturing
Occupation (6-digit),323312,,3,Construction
Occupation (6-digit),323313,,1,Other Services
Occupation (6-digit),323313,,2,Public Administration and Safety
Occupation (6-digit),323313,,3,
Occupation (6-digit),323314,,1,Other Services
Occupation (6-digit),323314,,2,Wholesale Trade
Occupation (6-digit),323314,,3,Health Care and Social Assistance
Occupation (6-digit),323315,,1,Manufacturing
Occupation (6-digit),323315,,2,Other Services
Occupation (6-digit),323315,,3,"Agriculture, Forestry and Fishing"
Occupation (6-digit),323316,,1,Other Services
Occupation (6-digit),323316,,2,Retail Trade
Occupation (6-digit),323316,,3,Manufacturing
Occupation (6-digit),323411,,1,Manufacturing
Occupation (6-digit),323411,,2,
Occupation (6-digit),323411,,3,
Occupation (6-digit),323412,,1,Manufacturing
Occupation (6-digit),323412,,2,Other Services
Occupation (6-digit),323412,,3,Wholesale Trade
Occupation (6-digit),324211,,1,Manufacturing
Occupation (6-digit),324211,,2,Other Services
Occupation (6-digit),324211,,3,"Transport, Postal and Warehousing"
Occupation (6-digit),324212,,1,Other Services
Occupation (6-digit),324212,,2,Manufacturing
Occupation (6-digit),324212,,3,
Occupation (6-digit),331111,,1,Construction
Occupation (6-digit),331111,,2,
Occupation (6-digit),331111,,3,
Occupation (6-digit),331112,,1,Manufacturing
Occupation (6-digit),331112,,2,Construction
Occupation (6-digit),331112,,3,
Occupation (6-digit),331212,,1,Construction
Occupation (6-digit),331212,,2,
Occupation (6-digit),331212,,3,
Occupation (6-digit),331213,,1,Construction
Occupation (6-digit),331213,,2,Manufacturing
Occupation (6-digit),331213,,3,
Occupation (6-digit),333211,,1,Construction
Occupation (6-digit),333211,,2,
Occupation (6-digit),333211,,3,
Occupation (6-digit),333212,,1,Construction
Occupation (6-digit),333212,,2,
Occupation (6-digit),333212,,3,
Occupation (6-digit),334111,,1,Construction
Occupation (6-digit),334111,,2,
Occupation (6-digit),334111,,3,
Occupation (6-digit),334112,,1,Construction
Occupation (6-digit),334112,,2,
Occupation (6-digit),334112,,3,
Occupation (6-digit),334113,,1,Construction
Occupation (6-digit),334113,,2,
Occupation (6-digit),334113,,3,
Occupation (6-digit),334114,,1,Construction
Occupation (6-digit),334114,,2,"Electricity, Gas, Water and Waste Services"
Occupation (6-digit),334114,,3,
Occupation (6-digit),334115,,1,Construction
Occupation (6-digit),334115,,2,
Occupation (6-digit),334115,,3,
Occupation (6-digit),341111,,1,Construction
Occupation (6-digit),341111,,2,Manufacturing
Occupation (6-digit),341111,,3,Mining
Occupation (6-digit),341112,,1,Construction
Occupation (6-digit),341112,,2,Manufacturing
Occupation (6-digit),341112,,3,Mining
Occupation (6-digit),341113,,1,Construction
Occupation (6-digit),341113,,2,Other Services
Occupation (6-digit),341113,,3,Manufacturing
Occupation (6-digit),342211,,1,"Electricity, Gas, Water and Waste Services"
Occupation (6-digit),342211,,2,Construction
Occupation (6-digit),342211,,3,
Occupation (6-digit),342212,,1,"Electricity, Gas, Water and Waste Services"
Occupation (6-digit),342212,,2,Construction
Occupation (6-digit),342212,,3,
Occupation (6-digit),342311,,1,Wholesale Trade
Occupation (6-digit),342311,,2,Other Services
Occupation (6-digit),342311,,3,Manufacturing
Occupation (6-digit),342312,,1,Public Administration and Safety
Occupation (6-digit),342312,,2,
Occupation (6-digit),342312,,3,
Occupation (6-digit),342313,,1,Construction
Occupation (6-digit),342313,,2,Other Services
Occupation (6-digit),342313,,3,"Professional, Scientific and Technical Services"
Occupation (6-digit),342314,,1,Public Administration and Safety
Occupation (6-digit),342314,,2,Manufacturing
Occupation (6-digit),342314,,3,Mining
Occupation (6-digit),342315,,1,"Transport, Postal and Warehousing"
Occupation (6-digit),342315,,2,Manufacturing
Occupation (6-digit),342315,,3,Wholesale Trade
Occupation (6-digit),342411,,1,Construction
Occupation (6-digit),342411,,2,Information Media and Telecommunications
Occupation (6-digit),342411,,3,
Occupation (6-digit),342412,,1,Information Media and Telecommunications
Occupation (6-digit),342412,,2,Construction
Occupation (6-digit),342412,,3,
Occupation (6-digit),342413,,1,Information Media and Telecommunications
Occupation (6-digit),342413,,2,Construction
Occupation (6-digit),342413,,3,
Occupation (6-digit),342414,,1,Information Media and Telecommunications
Occupation (6-digit),342414,,2,Construction
Occupation (6-digit),342414,,3,Other Services
Occupation (6-digit),351111,,1,Manufacturing
Occupation (6-digit),351111,,2,Retail Trade
Occupation (6-digit),351111,,3,Accommodation and Food Services
Occupation (6-digit),351112,,1,Manufacturing
Occupation (6-digit),351112,,2,Accommodation and Food Services
Occupation (6-digit),351112,,3,Retail Trade
Occupation (6-digit),361111,,1,Other Services
Occupation (6-digit),361111,,2,Public Administration and Safety
Occupation (6-digit),361111,,3,Arts and Recreation Services
Occupation (6-digit),361112,,1,Arts and Recreation Services
Occupation (6-digit),361112,,2,Education and Training
Occupation (6-digit),361112,,3,"Agriculture, Forestry and Fishing"
Occupation (6-digit),361113,,1,Other Services
Occupation (6-digit),361113,,2,Retail Trade
Occupation (6-digit),361113,,3,
Occupation (6-digit),361114,,1,Arts and Recreation Services
Occupation (6-digit),361114,,2,
Occupation (6-digit),361114,,3,
Occupation (6-digit),361115,,1,Other Services
Occupation (6-digit),361115,,2,"Professional, Scientific and Technical Services"
Occupation (6-digit),361115,,3,Arts and Recreation Services
Occupation (6-digit),361199,,1,Other Services
Occupation (6-digit),361199,,2,"Agriculture, Forestry and Fishing"
Occupation (6-digit),361199,,3,"Professional, Scientific and Technical Services"
Occupation (6-digit),362211,,1,Administrative and Support Services
Occupation (6-digit),362211,,2,Public Administration and Safety
Occupation (6-digit),362211,,3,Construction
Occupation (6-digit),362212,,1,Administrative and Support Services
Occupation (6-digit),362212,,2,"Agriculture, Forestry and Fishing"
Occupation (6-digit),362212,,3,Public Administration and Safety
Occupation (6-digit),362213,,1,Construction
Occupation (6-digit),362213,,2,Administrative and Support Services
Occupation (6-digit),362213,,3,
Occupation (6-digit),392111,,1,Manufacturing
Occupation (6-digit),392111,,2,Information Media and Telecommunications
Occupation (6-digit),392111,,3,
Occupation (6-digit),392112,,1,Manufacturing
Occupation (6-digit),392112,,2,
Occupation (6-digit),392112,,3,
Occupation (6-digit),392311,,1,Manufacturing
Occupation (6-digit),392311,,2,Information Media and Telecommunications
Occupation (6-digit),392311,,3,
Occupation (6-digit),392312,,1,Manufacturing
Occupation (6-digit),392312,,2,Education and Training
Occupation (6-digit),392312,,3,
Occupation (6-digit),393111,,1,Manufacturing
Occupation (6-digit),393111,,2,Other Services
Occupation (6-digit),393111,,3,
Occupation (6-digit),393112,,1,Manufacturing
Occupation (6-digit),393112,,2,Other Services
Occupation (6-digit),393112,,3,Retail Trade
Occupation (6-digit),393113,,1,Manufacturing
Occupation (6-digit),393113,,2,
Occupation (6-digit),393113,,3,
Occupation (6-digit),393114,,1,Other Services
Occupation (6-digit),393114,,2,Manufacturing
Occupation (6-digit),393114,,3,Retail Trade
Occupation (6-digit),393211,,1,Manufacturing
Occupation (6-digit),393211,,2,Retail Trade
Occupation (6-digit),393211,,3,Arts and Recreation Services
Occupation (6-digit),393212,,1,Manufacturing
Occupation (6-digit),393212,,2,Retail Trade
Occupation (6-digit),393212,,3,"Professional, Scientific and Technical Services"
Occupation (6-digit),393213,,1,Manufacturing
Occupation (6-digit),393213,,2,Other Services
Occupation (6-digit),393213,,3,Retail Trade
Occupation (6-digit),393299,,1,Manufacturing
Occupation (6-digit),393299,,2,Retail Trade
Occupation (6-digit),393299,,3,
Occupation (6-digit),394211,,1,Manufacturing
Occupation (6-digit),394211,,2,Construction
Occupation (6-digit),394211,,3,Other Services
Occupation (6-digit),394212,,1,Retail Trade
Occupation (6-digit),394212,,2,Manufacturing
Occupation (6-digit),394212,,3,Arts and Recreation Services
Occupation (6-digit),394213,,1,Manufacturing
Occupation (6-digit),394213,,2,Construction
Occupation (6-digit),394213,,3,Wholesale Trade
Occupation (6-digit),394214,,1,Manufacturing
Occupation (6-digit),394214,,2,Wholesale Trade
Occupation (6-digit),394214,,3,"Agriculture, Forestry and Fishing"
Occupation (6-digit),394299,,1,Manufacturing
Occupation (6-digit),394299,,2,Retail Trade
Occupation (6-digit),394299,,3,Arts and Recreation Services
Occupation (6-digit),399111,,1,Manufacturing
Occupation (6-digit),399111,,2,
Occupation (6-digit),399111,,3,
Occupation (6-digit),399112,,1,Manufacturing
Occupation (6-digit),399112,,2,"Transport, Postal and Warehousing"
Occupation (6-digit),399112,,3,
Occupation (6-digit),399211,,1,Manufacturing
Occupation (6-digit),399211,,2,Mining
Occupation (6-digit),399211,,3,
Occupation (6-digit),399212,,1,Mining
Occupation (6-digit),399212,,2,Manufacturing
Occupation (6-digit),399212,,3,Retail Trade
Occupation (6-digit),399213,,1,"Electricity, Gas, Water and Waste Services"
Occupation (6-digit),399213,,2,Manufacturing
Occupation (6-digit),399213,,3,
Occupation (6-digit),399311,,1,Arts and Recreation Services
Occupation (6-digit),399311,,2,Manufacturing
Occupation (6-digit),399311,,3,Public Administration and Safety
Occupation (6-digit),399312,,1,Education and Training
Occupation (6-digit),399312,,2,Public Administration and Safety
Occupation (6-digit),399312,,3,Information Media and Telecommunications
Occupation (6-digit),399511,,1,Information Media and Telecommunications
Occupation (6-digit),399511,,2,Arts and Recreation Services
Occupation (6-digit),399511,,3,
Occupation (6-digit),399512,,1,Information Media and Telecommunications
Occupation (6-digit),399512,,2,"Professional, Scientific and Technical Services"
Occupation (6-digit),399512,,3,Arts and Recreation Services
Occupation (6-digit),399513,,1,Arts and Recreation Services
Occupation (6-digit),399513,,2,Information Media and Telecommunications
Occupation (6-digit),399513,,3,Public Administration and Safety
Occupation (6-digit),399514,,1,Other Services
Occupation (6-digit),399514,,2,Retail Trade
Occupation (6-digit),399514,,3,Information Media and Telecommunications
Occupation (6-digit),399515,,1,Other Services
Occupation (6-digit),399515,,2,Manufacturing
Occupation (6-digit),399515,,3,Retail Trade
Occupation (6-digit),399516,,1,Information Media and Telecommunications
Occupation (6-digit),399516,,2,Arts and Recreation Services
Occupation (6-digit),399516,,3,Administrative and Support Services
Occupation (6-digit),399517,,1,Information Media and Telecommunications
Occupation (6-digit),399517,,2,Arts and Recreation Services
Occupation (6-digit),399517,,3,"Professional, Scientific and Technical Services"
Occupation (6-digit),399599,,1,Information Media and Telecommunications
Occupation (6-digit),399599,,2,Arts and Recreation Services
Occupation (6-digit),399599,,3,Education and Training
Occupation (6-digit),399911,,1,"Agriculture, Forestry and Fishing"
Occupation (6-digit),399911,,2,"Transport, Postal and Warehousing"
Occupation (6-digit),399911,,3,Public Administration and Safety
Occupation (6-digit),399912,,1,"Professional, Scientific and Technical Services"
Occupation (6-digit),399912,,2,Construction
Occupation (6-digit),399912,,3,"Rental, Hiring and Real Estate Services"
Occupation (6-digit),399913,,1,Health Care and Social Assistance
Occupation (6-digit),399913,,2,
Occupation (6-digit),399913,,3,
Occupation (6-digit),399914,,1,Health Care and Social Assistance
Occupation (6-digit),399914,,2,Manufacturing
Occupation (6-digit),399914,,3,Wholesale Trade
Occupation (6-digit),399915,,1,"Professional, Scientific and Technical Services"
Occupation (6-digit),399915,,2,Information Media and Telecommunications
Occupation (6-digit),399915,,3,Other Services
Occupation (6-digit),399916,,1,Manufacturing
Occupation (6-digit),399916,,2,Construction
Occupation (6-digit),399916,,3,Other Services
Occupation (6-digit),399917,,1,"Agriculture, Forestry and Fishing"
Occupation (6-digit),399917,,2,Wholesale Trade
Occupation (6-digit),399917,,3,
Occupation (6-digit),399918,,1,Public Administration and Safety
Occupation (6-digit),399918,,2,Construction
Occupation (6-digit),399918,,3,Other Services
Occupation (6-digit),399999,,1,Manufacturing
Occupation (6-digit),399999,,2,"Electricity, Gas, Water and Waste Services"
Occupation (6-digit),399999,,3,"Professional, Scientific and Technical Services"
Occupation (6-digit),411111,,1,Health Care and Social Assistance
Occupation (6-digit),411111,,2,
Occupation (6-digit),411111,,3,
Occupation (6-digit),411112,,1,Health Care and Social Assistance
Occupation (6-digit),411112,,2,
Occupation (6-digit),411112,,3,
Occupation (6-digit),411211,,1,Health Care and Social Assistance
Occupation (6-digit),411211,,2,
Occupation (6-digit),411211,,3,
Occupation (6-digit),411212,,1,Health Care and Social Assistance
Occupation (6-digit),411212,,2,Manufacturing
Occupation (6-digit),411212,,3,
Occupation (6-digit),411213,,1,Manufacturing
Occupation (6-digit),411213,,2,Health Care and Social Assistance
Occupation (6-digit),411213,,3,
Occupation (6-digit),411214,,1,Health Care and Social Assistance
Occupation (6-digit),411214,,2,
Occupation (6-digit),411214,,3,
Occupation (6-digit),411411,,1,Health Care and Social Assistance
Occupation (6-digit),411411,,2,
Occupation (6-digit),411411,,3,
Occupation (6-digit),411412,,1,Health Care and Social Assistance
Occupation (6-digit),411412,,2,Public Administration and Safety
Occupation (6-digit),411412,,3,Education and Training
Occupation (6-digit),411711,,1,Health Care and Social Assistance
Occupation (6-digit),411711,,2,Public Administration and Safety
Occupation (6-digit),411711,,3,Other Services
Occupation (6-digit),411712,,1,Health Care and Social Assistance
Occupation (6-digit),411712,,2,Administrative and Support Services
Occupation (6-digit),411712,,3,
Occupation (6-digit),411713,,1,Health Care and Social Assistance
Occupation (6-digit),411713,,2,Public Administration and Safety
Occupation (6-digit),411713,,3,Other Services
Occupation (6-digit),411714,,1,Public Administration and Safety
Occupation (6-digit),411714,,2,
Occupation (6-digit),411714,,3,
Occupation (6-digit),411715,,1,Health Care and Social Assistance
Occupation (6-digit),411715,,2,Public Administration and Safety
Occupation (6-digit),411715,,3,
Occupation (6-digit),411716,,1,Health Care and Social Assistance
Occupation (6-digit),411716,,2,Public Administration and Safety
Occupation (6-digit),411716,,3,Education and Training
Occupation (6-digit),421111,,1,Health Care and Social Assistance
Occupation (6-digit),421111,,2,Education and Training
Occupation (6-digit),421111,,3,
Occupation (6-digit),421112,,1,Health Care and Social Assistance
Occupation (6-digit),421112,,2,
Occupation (6-digit),421112,,3,
Occupation (6-digit),421113,,1,Other Services
Occupation (6-digit),421113,,2,Health Care and Social Assistance
Occupation (6-digit),421113,,3,Education and Training
Occupation (6-digit),421114,,1,Health Care and Social Assistance
Occupation (6-digit),421114,,2,Education and Training
Occupation (6-digit),421114,,3,
Occupation (6-digit),422111,,1,Education and Training
Occupation (6-digit),422111,,2,
Occupation (6-digit),422111,,3,
Occupation (6-digit),422112,,1,Education and Training
Occupation (6-digit),422112,,2,
Occupation (6-digit),422112,,3,
Occupation (6-digit),422115,,1,Education and Training
Occupation (6-digit),422115,,2,Health Care and Social Assistance
Occupation (6-digit),422115,,3,
Occupation (6-digit),422116,,1,Education and Training
Occupation (6-digit),422116,,2,
Occupation (6-digit),422116,,3,
Occupation (6-digit),423311,,1,Health Care and Social Assistance
Occupation (6-digit),423311,,2,
Occupation (6-digit),423311,,3,
Occupation (6-digit),423312,,1,Health Care and Social Assistance
Occupation (6-digit),423312,,2,
Occupation (6-digit),423312,,3,
Occupation (6-digit),423313,,1,Health Care and Social Assistance
Occupation (6-digit),423313,,2,
Occupation (6-digit),423313,,3,
Occupation (6-digit),423314,,1,Health Care and Social Assistance
Occupation (6-digit),423314,,2,
Occupation (6-digit),423314,,3,
Occupation (6-digit),423411,,1,Health Care and Social Assistance
Occupation (6-digit),423411,,2,Public Administration and Safety
Occupation (6-digit),423411,,3,
Occupation (6-digit),423412,,1,Education and Training
Occupation (6-digit),423412,,2,
Occupation (6-digit),423412,,3,
Occupation (6-digit),423413,,1,Health Care and Social Assistance
Occupation (6-digit),423413,,2,Other Services
Occupation (6-digit),423413,,3,Public Administration and Safety
Occupation (6-digit),431111,,1,Accommodation and Food Services
Occupation (6-digit),431111,,2,
Occupation (6-digit),431111,,3,
Occupation (6-digit),431112,,1,Accommodation and Food Services
Occupation (6-digit),431112,,2,Retail Trade
Occupation (6-digit),431112,,3,
Occupation (6-digit),431911,,1,Accommodation and Food Services
Occupation (6-digit),431911,,2,Arts and Recreation Services
Occupation (6-digit),431911,,3,
Occupation (6-digit),431912,,1,Accommodation and Food Services
Occupation (6-digit),431912,,2,Arts and Recreation Services
Occupation (6-digit),431912,,3,Manufacturing
Occupation (6-digit),431999,,1,Arts and Recreation Services
Occupation (6-digit),431999,,2,Accommodation and Food Services
Occupation (6-digit),431999,,3,
Occupation (6-digit),441211,,1,Mining
Occupation (6-digit),441211,,2,Public Administration and Safety
Occupation (6-digit),441211,,3,Health Care and Social Assistance
Occupation (6-digit),441212,,1,Public Administration and Safety
Occupation (6-digit),441212,,2,
Occupation (6-digit),441212,,3,
Occupation (6-digit),441311,,1,Public Administration and Safety
Occupation (6-digit),441311,,2,
Occupation (6-digit),441311,,3,
Occupation (6-digit),441312,,1,Public Administration and Safety
Occupation (6-digit),441312,,2,
Occupation (6-digit),441312,,3,
Occupation (6-digit),442211,,1,Public Administration and Safety
Occupation (6-digit),442211,,2,
Occupation (6-digit),442211,,3,
Occupation (6-digit),442212,,1,Public Administration and Safety
Occupation (6-digit),442212,,2,
Occupation (6-digit),442212,,3,
Occupation (6-digit),442213,,1,Public Administration and Safety
Occupation (6-digit),442213,,2,Accommodation and Food Services
Occupation (6-digit),442213,,3,Arts and Recreation Services
Occupation (6-digit),442214,,1,Public Administration and Safety
Occupation (6-digit),442214,,2,Financial and Insurance Services
Occupation (6-digit),442214,,3,"Professional, Scientific and Technical Services"
Occupation (6-digit),442215,,1,Retail Trade
Occupation (6-digit),442215,,2,Public Administration and Safety
Occupation (6-digit),442215,,3,
Occupation (6-digit),442216,,1,Public Administration and Safety
Occupation (6-digit),442216,,2,"Professional, Scientific and Technical Services"
Occupation (6-digit),442216,,3,Financial and Insurance Services
Occupation (6-digit),442217,,1,Public Administration and Safety
Occupation (6-digit),442217,,2,Health Care and Social Assistance
Occupation (6-digit),442217,,3,
Occupation (6-digit),442299,,1,Public Administration and Safety
Occupation (6-digit),442299,,2,Accommodation and Food Services
Occupation (6-digit),442299,,3,Arts and Recreation Services
Occupation (6-digit),451311,,1,Other Services
Occupation (6-digit),451311,,2,
Occupation (6-digit),451311,,3,
Occupation (6-digit),451399,,1,Other Services
Occupation (6-digit),451399,,2,
Occupation (6-digit),451399,,3,
Occupation (6-digit),451411,,1,Arts and Recreation Services
Occupation (6-digit),451411,,2,Public Administration and Safety
Occupation (6-digit),451411,,3,
Occupation (6-digit),451412,,1,Administrative and Support Services
Occupation (6-digit),451412,,2,Arts and Recreation Services
Occupation (6-digit),451412,,3,"Transport, Postal and Warehousing"
Occupation (6-digit),451511,,1,Health Care and Social Assistance
Occupation (6-digit),451511,,2,Other Services
Occupation (6-digit),451511,,3,
Occupation (6-digit),451512,,1,Accommodation and Food Services
Occupation (6-digit),451512,,2,Other Services
Occupation (6-digit),451512,,3,
Occupation (6-digit),451513,,1,Health Care and Social Assistance
Occupation (6-digit),451513,,2,Retail Trade
Occupation (6-digit),451513,,3,
Occupation (6-digit),451611,,1,Public Administration and Safety
Occupation (6-digit),451611,,2,Administrative and Support Services
Occupation (6-digit),451611,,3,Arts and Recreation Services
Occupation (6-digit),451612,,1,Administrative and Support Services
Occupation (6-digit),451612,,2,"Transport, Postal and Warehousing"
Occupation (6-digit),451612,,3,
Occupation (6-digit),451711,,1,"Transport, Postal and Warehousing"
Occupation (6-digit),451711,,2,
Occupation (6-digit),451711,,3,
Occupation (6-digit),451799,,1,"Transport, Postal and Warehousing"
Occupation (6-digit),451799,,2,Public Administration and Safety
Occupation (6-digit),451799,,3,Accommodation and Food Services
Occupation (6-digit),451811,,1,Other Services
Occupation (6-digit),451811,,2,
Occupation (6-digit),451811,,3,
Occupation (6-digit),451812,,1,Other Services
Occupation (6-digit),451812,,2,
Occupation (6-digit),451812,,3,
Occupation (6-digit),451814,,1,Other Services
Occupation (6-digit),451814,,2,
Occupation (6-digit),451814,,3,
Occupation (6-digit),451815,,1,Education and Training
Occupation (6-digit),451815,,2,Health Care and Social Assistance
Occupation (6-digit),451815,,3,
Occupation (6-digit),451816,,1,Other Services
Occupation (6-digit),451816,,2,Health Care and Social Assistance
Occupation (6-digit),451816,,3,Education and Training
Occupation (6-digit),451899,,1,Other Services
Occupation (6-digit),451899,,2,Health Care and Social Assistance
Occupation (6-digit),451899,,3,Education and Training
Occupation (6-digit),452211,,1,
Occupation (6-digit),452211,,2,
Occupation (6-digit),452211,,3,
Occupation (6-digit),452212,,1,"Transport, Postal and Warehousing"
Occupation (6-digit),452212,,2,"Agriculture, Forestry and Fishing"
Occupation (6-digit),452212,,3,Administrative and Support Services
Occupation (6-digit),452213,,1,
Occupation (6-digit),452213,,2,
Occupation (6-digit),452213,,3,
Occupation (6-digit),452214,,1,
Occupation (6-digit),452214,,2,
Occupation (6-digit),452214,,3,
Occupation (6-digit),452215,,1,Education and Training
Occupation (6-digit),452215,,2,Arts and Recreation Services
Occupation (6-digit),452215,,3,
Occupation (6-digit),452216,,1,Administrative and Support Services
Occupation (6-digit),452216,,2,Arts and Recreation Services
Occupation (6-digit),452216,,3,"Transport, Postal and Warehousing"
Occupation (6-digit),452217,,1,
Occupation (6-digit),452217,,2,
Occupation (6-digit),452217,,3,
Occupation (6-digit),452299,,1,Arts and Recreation Services
Occupation (6-digit),452299,,2,Administrative and Support Services
Occupation (6-digit),452299,,3,Education and Training
Occupation (6-digit),452311,,1,"Transport, Postal and Warehousing"
Occupation (6-digit),452311,,2,Education and Training
Occupation (6-digit),452311,,3,Arts and Recreation Services
Occupation (6-digit),452312,,1,Arts and Recreation Services
Occupation (6-digit),452312,,2,Education and Training
Occupation (6-digit),452312,,3,
Occupation (6-digit),452313,,1,Education and Training
Occupation (6-digit),452313,,2,Arts and Recreation Services
Occupation (6-digit),452313,,3,
Occupation (6-digit),452314,,1,Education and Training
Occupation (6-digit),452314,,2,Arts and Recreation Services
Occupation (6-digit),452314,,3,"Transport, Postal and Warehousing"
Occupation (6-digit),452315,,1,Education and Training
Occupation (6-digit),452315,,2,Arts and Recreation Services
Occupation (6-digit),452315,,3,Public Administration and Safety
Occupation (6-digit),452316,,1,Education and Training
Occupation (6-digit),452316,,2,Arts and Recreation Services
Occupation (6-digit),452316,,3,
Occupation (6-digit),452317,,1,Education and Training
Occupation (6-digit),452317,,2,Arts and Recreation Services
Occupation (6-digit),452317,,3,
Occupation (6-digit),452318,,1,Arts and Recreation Services
Occupation (6-digit),452318,,2,
Occupation (6-digit),452318,,3,
Occupation (6-digit),452321,,1,Arts and Recreation Services
Occupation (6-digit),452321,,2,Education and Training
Occupation (6-digit),452321,,3,Public Administration and Safety
Occupation (6-digit),452322,,1,Arts and Recreation Services
Occupation (6-digit),452322,,2,
Occupation (6-digit),452322,,3,
Occupation (6-digit),452323,,1,Arts and Recreation Services
Occupation (6-digit),452323,,2,Accommodation and Food Services
Occupation (6-digit),452323,,3,Education and Training
Occupation (6-digit),452411,,1,Arts and Recreation Services
Occupation (6-digit),452411,,2,
Occupation (6-digit),452411,,3,
Occupation (6-digit),452412,,1,Arts and Recreation Services
Occupation (6-digit),452412,,2,Education and Training
Occupation (6-digit),452412,,3,Accommodation and Food Services
Occupation (6-digit),452413,,1,Arts and Recreation Services
Occupation (6-digit),452413,,2,
Occupation (6-digit),452413,,3,
Occupation (6-digit),452414,,1,Arts and Recreation Services
Occupation (6-digit),452414,,2,Public Administration and Safety
Occupation (6-digit),452414,,3,Education and Training
Occupation (6-digit),452499,,1,Arts and Recreation Services
Occupation (6-digit),452499,,2,Education and Training
Occupation (6-digit),452499,,3,
Occupation (6-digit),511111,,1,Construction
Occupation (6-digit),511111,,2,Public Administration and Safety
Occupation (6-digit),511111,,3,"Professional, Scientific and Technical Services"
Occupation (6-digit),511112,,1,Public Administration and Safety
Occupation (6-digit),511112,,2,Health Care and Social Assistance
Occupation (6-digit),511112,,3,"Professional, Scientific and Technical Services"
Occupation (6-digit),512211,,1,Health Care and Social Assistance
Occupation (6-digit),512211,,2,
Occupation (6-digit),512211,,3,
Occupation (6-digit),512299,,1,"Professional, Scientific and Technical Services"
Occupation (6-digit),512299,,2,Health Care and Social Assistance
Occupation (6-digit),512299,,3,Financial and Insurance Services
Occupation (6-digit),521211,,1,Construction
Occupation (6-digit),521211,,2,"Professional, Scientific and Technical Services"
Occupation (6-digit),521211,,3,Other Services
Occupation (6-digit),521212,,1,"Professional, Scientific and Technical Services"
Occupation (6-digit),521212,,2,
Occupation (6-digit),521212,,3,
Occupation (6-digit),532111,,1,Health Care and Social Assistance
Occupation (6-digit),532111,,2,Public Administration and Safety
Occupation (6-digit),532111,,3,"Professional, Scientific and Technical Services"
Occupation (6-digit),532112,,1,Administrative and Support Services
Occupation (6-digit),532112,,2,Public Administration and Safety
Occupation (6-digit),532112,,3,Information Media and Telecommunications
Occupation (6-digit),532113,,1,Health Care and Social Assistance
Occupation (6-digit),532113,,2,Administrative and Support Services
Occupation (6-digit),532113,,3,"Professional, Scientific and Technical Services"
Occupation (6-digit),541111,,1,Financial and Insurance Services
Occupation (6-digit),541111,,2,Public Administration and Safety
Occupation (6-digit),541111,,3,Administrative and Support Services
Occupation (6-digit),541112,,1,Public Administration and Safety
Occupation (6-digit),541112,,2,Administrative and Support Services
Occupation (6-digit),541112,,3,Financial and Insurance Services
Occupation (6-digit),542111,,1,Health Care and Social Assistance
Occupation (6-digit),542111,,2,"Professional, Scientific and Technical Services"
Occupation (6-digit),542111,,3,Education and Training
Occupation (6-digit),542112,,1,Health Care and Social Assistance
Occupation (6-digit),542112,,2,
Occupation (6-digit),542112,,3,
Occupation (6-digit),542113,,1,Accommodation and Food Services
Occupation (6-digit),542113,,2,
Occupation (6-digit),542113,,3,
Occupation (6-digit),542114,,1,Health Care and Social Assistance
Occupation (6-digit),542114,,2,
Occupation (6-digit),542114,,3,
Occupation (6-digit),551111,,1,Construction
Occupation (6-digit),551111,,2,Health Care and Social Assistance
Occupation (6-digit),551111,,3,Manufacturing
Occupation (6-digit),551112,,1,Construction
Occupation (6-digit),551112,,2,Manufacturing
Occupation (6-digit),551112,,3,Other Services
Occupation (6-digit),552311,,1,Arts and Recreation Services
Occupation (6-digit),552311,,2,
Occupation (6-digit),552311,,3,
Occupation (6-digit),552312,,1,Financial and Insurance Services
Occupation (6-digit),552312,,2,
Occupation (6-digit),552312,,3,
Occupation (6-digit),552313,,1,Financial and Insurance Services
Occupation (6-digit),552313,,2,
Occupation (6-digit),552313,,3,
Occupation (6-digit),552314,,1,"Professional, Scientific and Technical Services"
Occupation (6-digit),552314,,2,Public Administration and Safety
Occupation (6-digit),552314,,3,Financial and Insurance Services
Occupation (6-digit),561111,,1,Arts and Recreation Services
Occupation (6-digit),561111,,2,Accommodation and Food Services
Occupation (6-digit),561111,,3,
Occupation (6-digit),561112,,1,
Occupation (6-digit),561112,,2,
Occupation (6-digit),561112,,3,
Occupation (6-digit),561113,,1,Arts and Recreation Services
Occupation (6-digit),561113,,2,
Occupation (6-digit),561113,,3,
Occupation (6-digit),561199,,1,Accommodation and Food Services
Occupation (6-digit),561199,,2,Arts and Recreation Services
Occupation (6-digit),561199,,3,
Occupation (6-digit),561211,,1,"Transport, Postal and Warehousing"
Occupation (6-digit),561211,,2,Health Care and Social Assistance
Occupation (6-digit),561211,,3,
Occupation (6-digit),561212,,1,"Transport, Postal and Warehousing"
Occupation (6-digit),561212,,2,
Occupation (6-digit),561212,,3,
Occupation (6-digit),561411,,1,"Transport, Postal and Warehousing"
Occupation (6-digit),561411,,2,Public Administration and Safety
Occupation (6-digit),561411,,3,"Professional, Scientific and Technical Services"
Occupation (6-digit),561412,,1,"Transport, Postal and Warehousing"
Occupation (6-digit),561412,,2,
Occupation (6-digit),561412,,3,
Occupation (6-digit),561911,,1,Information Media and Telecommunications
Occupation (6-digit),561911,,2,"Professional, Scientific and Technical Services"
Occupation (6-digit),561911,,3,Public Administration and Safety
Occupation (6-digit),561912,,1,Administrative and Support Services
Occupation (6-digit),561912,,2,"Electricity, Gas, Water and Waste Services"
Occupation (6-digit),561912,,3,Construction
Occupation (6-digit),561913,,1,Public Administration and Safety
Occupation (6-digit),561913,,2,Other Services
Occupation (6-digit),561913,,3,
Occupation (6-digit),561999,,1,"Professional, Scientific and Technical Services"
Occupation (6-digit),561999,,2,Public Administration and Safety
Occupation (6-digit),561999,,3,Retail Trade
Occupation (6-digit),591112,,1,Manufacturing
Occupation (6-digit),591112,,2,"Transport, Postal and Warehousing"
Occupation (6-digit),591112,,3,Public Administration and Safety
Occupation (6-digit),591113,,1,Manufacturing
Occupation (6-digit),591113,,2,Public Administration and Safety
Occupation (6-digit),591113,,3,Wholesale Trade
Occupation (6-digit),591115,,1,Retail Trade
Occupation (6-digit),591115,,2,Manufacturing
Occupation (6-digit),591115,,3,Wholesale Trade
Occupation (6-digit),591116,,1,Wholesale Trade
Occupation (6-digit),591116,,2,"Transport, Postal and Warehousing"
Occupation (6-digit),591116,,3,Retail Trade
Occupation (6-digit),591117,,1,Wholesale Trade
Occupation (6-digit),591117,,2,Retail Trade
Occupation (6-digit),591117,,3,Manufacturing
Occupation (6-digit),591211,,1,"Transport, Postal and Warehousing"
Occupation (6-digit),591211,,2,Manufacturing
Occupation (6-digit),591211,,3,Retail Trade
Occupation (6-digit),591212,,1,"Transport, Postal and Warehousing"
Occupation (6-digit),591212,,2,Wholesale Trade
Occupation (6-digit),591212,,3,Manufacturing
Occupation (6-digit),599111,,1,"Professional, Scientific and Technical Services"
Occupation (6-digit),599111,,2,"Rental, Hiring and Real Estate Services"
Occupation (6-digit),599111,,3,
Occupation (6-digit),599112,,1,"Professional, Scientific and Technical Services"
Occupation (6-digit),599112,,2,Public Administration and Safety
Occupation (6-digit),599112,,3,
Occupation (6-digit),599211,,1,Public Administration and Safety
Occupation (6-digit),599211,,2,
Occupation (6-digit),599211,,3,
Occupation (6-digit),599212,,1,Public Administration and Safety
Occupation (6-digit),599212,,2,"Professional, Scientific and Technical Services"
Occupation (6-digit),599212,,3,
Occupation (6-digit),599213,,1,Public Administration and Safety
Occupation (6-digit),599213,,2,Administrative and Support Services
Occupation (6-digit),599213,,3,
Occupation (6-digit),599214,,1,"Professional, Scientific and Technical Services"
Occupation (6-digit),599214,,2,Public Administration and Safety
Occupation (6-digit),599214,,3,
Occupation (6-digit),599215,,1,Financial and Insurance Services
Occupation (6-digit),599215,,2,"Rental, Hiring and Real Estate Services"
Occupation (6-digit),599215,,3,"Professional, Scientific and Technical Services"
Occupation (6-digit),599511,,1,Public Administration and Safety
Occupation (6-digit),599511,,2,"Transport, Postal and Warehousing"
Occupation (6-digit),599511,,3,
Occupation (6-digit),599512,,1,Public Administration and Safety
Occupation (6-digit),599512,,2,
Occupation (6-digit),599512,,3,
Occupation (6-digit),599513,,1,Public Administration and Safety
Occupation (6-digit),599513,,2,"Transport, Postal and Warehousing"
Occupation (6-digit),599513,,3,Retail Trade
Occupation (6-digit),599514,,1,Public Administration and Safety
Occupation (6-digit),599514,,2,Administrative and Support Services
Occupation (6-digit),599514,,3,"Agriculture, Forestry and Fishing"
Occupation (6-digit),599515,,1,Public Administration and Safety
Occupation (6-digit),599515,,2,
Occupation (6-digit),599515,,3,
Occupation (6-digit),599516,,1,Public Administration and Safety
Occupation (6-digit),599516,,2,"Professional, Scientific and Technical Services"
Occupation (6-digit),599516,,3,
Occupation (6-digit),599517,,1,"Transport, Postal and Warehousing"
Occupation (6-digit),599517,,2,Mining
Occupation (6-digit),599517,,3,Manufacturing
Occupation (6-digit),599518,,1,"Transport, Postal and Warehousing"
Occupation (6-digit),599518,,2,Public Administration and Safety
Occupation (6-digit),599518,,3,
Occupation (6-digit),599521,,1,"Electricity, Gas, Water and Waste Services"
Occupation (6-digit),599521,,2,Public Administration and Safety
Occupation (6-digit),599521,,3,
Occupation (6-digit),599599,,1,Public Administration and Safety
Occupation (6-digit),599599,,2,Financial and Insurance Services
Occupation (6-digit),599599,,3,
Occupation (6-digit),599611,,1,Financial and Insurance Services
Occupation (6-digit),599611,,2,Public Administration and Safety
Occupation (6-digit),599611,,3,
Occupation (6-digit),599612,,1,Financial and Insurance Services
Occupation (6-digit),599612,,2,
Occupation (6-digit),599612,,3,
Occupation (6-digit),599613,,1,Financial and Insurance Services
Occupation (6-digit),599613,,2,
Occupation (6-digit),599613,,3,
Occupation (6-digit),599912,,1,Information Media and Telecommunications
Occupation (6-digit),599912,,2,Arts and Recreation Services
Occupation (6-digit),599912,,3,
Occupation (6-digit),599913,,1,"Professional, Scientific and Technical Services"
Occupation (6-digit),599913,,2,Information Media and Telecommunications
Occupation (6-digit),599913,,3,Education and Training
Occupation (6-digit),599914,,1,Health Care and Social Assistance
Occupation (6-digit),599914,,2,Public Administration and Safety
Occupation (6-digit),599914,,3,Information Media and Telecommunications
Occupation (6-digit),599915,,1,Health Care and Social Assistance
Occupation (6-digit),599915,,2,
Occupation (6-digit),599915,,3,
Occupation (6-digit),599916,,1,Public Administration and Safety
Occupation (6-digit),599916,,2,Education and Training
Occupation (6-digit),599916,,3,Health Care and Social Assistance
Occupation (6-digit),599999,,1,Education and Training
Occupation (6-digit),599999,,2,"Professional, Scientific and Technical Services"
Occupation (6-digit),599999,,3,Public Administration and Safety
Occupation (6-digit),611111,,1,Wholesale Trade
Occupation (6-digit),611111,,2,"Rental, Hiring and Real Estate Services"
Occupation (6-digit),611111,,3,Retail Trade
Occupation (6-digit),611112,,1,Wholesale Trade
Occupation (6-digit),611112,,2,"Agriculture, Forestry and Fishing"
Occupation (6-digit),611112,,3,Retail Trade
Occupation (6-digit),611311,,1,Manufacturing
Occupation (6-digit),611311,,2,Wholesale Trade
Occupation (6-digit),611311,,3,Construction
Occupation (6-digit),611312,,1,"Professional, Scientific and Technical Services"
Occupation (6-digit),611312,,2,Information Media and Telecommunications
Occupation (6-digit),611312,,3,"Transport, Postal and Warehousing"
Occupation (6-digit),611313,,1,Retail Trade
Occupation (6-digit),611313,,2,Wholesale Trade
Occupation (6-digit),611313,,3,Manufacturing
Occupation (6-digit),611314,,1,Retail Trade
Occupation (6-digit),611314,,2,Wholesale Trade
Occupation (6-digit),611314,,3,Manufacturing
Occupation (6-digit),611399,,1,Construction
Occupation (6-digit),611399,,2,Wholesale Trade
Occupation (6-digit),611399,,3,Retail Trade
Occupation (6-digit),612111,,1,"Rental, Hiring and Real Estate Services"
Occupation (6-digit),612111,,2,Wholesale Trade
Occupation (6-digit),612111,,3,"Professional, Scientific and Technical Services"
Occupation (6-digit),612112,,1,"Rental, Hiring and Real Estate Services"
Occupation (6-digit),612112,,2,
Occupation (6-digit),612112,,3,
Occupation (6-digit),612113,,1,"Rental, Hiring and Real Estate Services"
Occupation (6-digit),612113,,2,
Occupation (6-digit),612113,,3,
Occupation (6-digit),612114,,1,"Rental, Hiring and Real Estate Services"
Occupation (6-digit),612114,,2,
Occupation (6-digit),612114,,3,
Occupation (6-digit),612115,,1,"Rental, Hiring and Real Estate Services"
Occupation (6-digit),612115,,2,Construction
Occupation (6-digit),612115,,3,
Occupation (6-digit),621311,,1,Retail Trade
Occupation (6-digit),621311,,2,Wholesale Trade
Occupation (6-digit),621311,,3,
Occupation (6-digit),621312,,1,Retail Trade
Occupation (6-digit),621312,,2,Wholesale Trade
Occupation (6-digit),621312,,3,Other Services
Occupation (6-digit),621711,,1,Accommodation and Food Services
Occupation (6-digit),621711,,2,Wholesale Trade
Occupation (6-digit),621711,,3,Retail Trade
Occupation (6-digit),621712,,1,Retail Trade
Occupation (6-digit),621712,,2,Health Care and Social Assistance
Occupation (6-digit),621712,,3,Other Services
Occupation (6-digit),621713,,1,Retail Trade
Occupation (6-digit),621713,,2,Accommodation and Food Services
Occupation (6-digit),621713,,3,Manufacturing
Occupation (6-digit),621911,,1,Wholesale Trade
Occupation (6-digit),621911,,2,"Electricity, Gas, Water and Waste Services"
Occupation (6-digit),621911,,3,
Occupation (6-digit),621912,,1,"Rental, Hiring and Real Estate Services"
Occupation (6-digit),621912,,2,
Occupation (6-digit),621912,,3,
Occupation (6-digit),621999,,1,Retail Trade
Occupation (6-digit),621999,,2,Wholesale Trade
Occupation (6-digit),621999,,3,"Agriculture, Forestry and Fishing"
Occupation (6-digit),631111,,1,Retail Trade
Occupation (6-digit),631111,,2,Accommodation and Food Services
Occupation (6-digit),631111,,3,
Occupation (6-digit),631112,,1,Accommodation and Food Services
Occupation (6-digit),631112,,2,Retail Trade
Occupation (6-digit),631112,,3,Arts and Recreation Services
Occupation (6-digit),639111,,1,Arts and Recreation Services
Occupation (6-digit),639111,,2,Administrative and Support Services
Occupation (6-digit),639111,,3,"Professional, Scientific and Technical Services"
Occupation (6-digit),639112,,1,Retail Trade
Occupation (6-digit),639112,,2,Wholesale Trade
Occupation (6-digit),639112,,3,Manufacturing
Occupation (6-digit),639211,,1,Retail Trade
Occupation (6-digit),639211,,2,Wholesale Trade
Occupation (6-digit),639211,,3,
Occupation (6-digit),639212,,1,Wholesale Trade
Occupation (6-digit),639212,,2,"Agriculture, Forestry and Fishing"
Occupation (6-digit),639212,,3,
Occupation (6-digit),639411,,1,"Transport, Postal and Warehousing"
Occupation (6-digit),639411,,2,Information Media and Telecommunications
Occupation (6-digit),639411,,3,Accommodation and Food Services
Occupation (6-digit),639412,,1,"Transport, Postal and Warehousing"
Occupation (6-digit),639412,,2,
Occupation (6-digit),639412,,3,
Occupation (6-digit),711111,,1,Manufacturing
Occupation (6-digit),711111,,2,Construction
Occupation (6-digit),711111,,3,
Occupation (6-digit),711112,,1,Construction
Occupation (6-digit),711112,,2,Manufacturing
Occupation (6-digit),711112,,3,
Occupation (6-digit),711113,,1,Manufacturing
Occupation (6-digit),711113,,2,Construction
Occupation (6-digit),711113,,3,
Occupation (6-digit),711114,,1,Manufacturing
Occupation (6-digit),711114,,2,Construction
Occupation (6-digit),711114,,3,Mining
Occupation (6-digit),711199,,1,Manufacturing
Occupation (6-digit),711199,,2,Construction
Occupation (6-digit),711199,,3,
Occupation (6-digit),711311,,1,Manufacturing
Occupation (6-digit),711311,,2,
Occupation (6-digit),711311,,3,
Occupation (6-digit),711313,,1,Manufacturing
Occupation (6-digit),711313,,2,"Agriculture, Forestry and Fishing"
Occupation (6-digit),711313,,3,
Occupation (6-digit),711314,,1,Manufacturing
Occupation (6-digit),711314,,2,Wholesale Trade
Occupation (6-digit),711314,,3,Construction
Occupation (6-digit),711511,,1,Manufacturing
Occupation (6-digit),711511,,2,Construction
Occupation (6-digit),711511,,3,"Electricity, Gas, Water and Waste Services"
Occupation (6-digit),711512,,1,Manufacturing
Occupation (6-digit),711512,,2,Wholesale Trade
Occupation (6-digit),711512,,3,"Electricity, Gas, Water and Waste Services"
Occupation (6-digit),711513,,1,Manufacturing
Occupation (6-digit),711513,,2,Construction
Occupation (6-digit),711513,,3,Mining
Occupation (6-digit),711514,,1,Manufacturing
Occupation (6-digit),711514,,2,
Occupation (6-digit),711514,,3,
Occupation (6-digit),711515,,1,Manufacturing
Occupation (6-digit),711515,,2,Construction
Occupation (6-digit),711515,,3,
Occupation (6-digit),711516,,1,Manufacturing
Occupation (6-digit),711516,,2,Mining
Occupation (6-digit),711516,,3,Wholesale Trade
Occupation (6-digit),711599,,1,Manufacturing
Occupation (6-digit),711599,,2,Construction
Occupation (6-digit),711599,,3,
Occupation (6-digit),711711,,1,Manufacturing
Occupation (6-digit),711711,,2,
Occupation (6-digit),711711,,3,
Occupation (6-digit),711712,,1,Manufacturing
Occupation (6-digit),711712,,2,Other Services
Occupation (6-digit),711712,,3,
Occupation (6-digit),711713,,1,Manufacturing
Occupation (6-digit),711713,,2,
Occupation (6-digit),711713,,3,
Occupation (6-digit),711714,,1,Manufacturing
Occupation (6-digit),711714,,2,
Occupation (6-digit),711714,,3,
Occupation (6-digit),711715,,1,Manufacturing
Occupation (6-digit),711715,,2,
Occupation (6-digit),711715,,3,
Occupation (6-digit),711716,,1,"Agriculture, Forestry and Fishing"
Occupation (6-digit),711716,,2,Manufacturing
Occupation (6-digit),711716,,3,
Occupation (6-digit),711799,,1,Manufacturing
Occupation (6-digit),711799,,2,"Agriculture, Forestry and Fishing"
Occupation (6-digit),711799,,3,
Occupation (6-digit),711911,,1,Manufacturing
Occupation (6-digit),711911,,2,Wholesale Trade
Occupation (6-digit),711911,,3,Retail Trade
Occupation (6-digit),711912,,1,Information Media and Telecommunications
Occupation (6-digit),711912,,2,Arts and Recreation Services
Occupation (6-digit),711912,,3,
Occupation (6-digit),711913,,1,Construction
Occupation (6-digit),711913,,2,Manufacturing
Occupation (6-digit),711913,,3,
Occupation (6-digit),711914,,1,Health Care and Social Assistance
Occupation (6-digit),711914,,2,
Occupation (6-digit),711914,,3,
Occupation (6-digit),711999,,1,"Electricity, Gas, Water and Waste Services"
Occupation (6-digit),711999,,2,Construction
Occupation (6-digit),711999,,3,Manufacturing
Occupation (6-digit),712211,,1,Mining
Occupation (6-digit),712211,,2,Construction
Occupation (6-digit),712211,,3,
Occupation (6-digit),712212,,1,Mining
Occupation (6-digit),712212,,2,
Occupation (6-digit),712212,,3,
Occupation (6-digit),712213,,1,Mining
Occupation (6-digit),712213,,2,Manufacturing
Occupation (6-digit),712213,,3,
Occupation (6-digit),712911,,1,Manufacturing
Occupation (6-digit),712911,,2,Mining
Occupation (6-digit),712911,,3,"Agriculture, Forestry and Fishing"
Occupation (6-digit),712912,,1,"Transport, Postal and Warehousing"
Occupation (6-digit),712912,,2,Mining
Occupation (6-digit),712912,,3,Wholesale Trade
Occupation (6-digit),712913,,1,Manufacturing
Occupation (6-digit),712913,,2,Construction
Occupation (6-digit),712913,,3,
Occupation (6-digit),712914,,1,Manufacturing
Occupation (6-digit),712914,,2,Construction
Occupation (6-digit),712914,,3,
Occupation (6-digit),712915,,1,Construction
Occupation (6-digit),712915,,2,
Occupation (6-digit),712915,,3,
Occupation (6-digit),712916,,1,Manufacturing
Occupation (6-digit),712916,,2,
Occupation (6-digit),712916,,3,
Occupation (6-digit),712917,,1,"Transport, Postal and Warehousing"
Occupation (6-digit),712917,,2,Construction
Occupation (6-digit),712917,,3,Manufacturing
Occupation (6-digit),712918,,1,"Transport, Postal and Warehousing"
Occupation (6-digit),712918,,2,Mining
Occupation (6-digit),712918,,3,
Occupation (6-digit),712921,,1,"Electricity, Gas, Water and Waste Services"
Occupation (6-digit),712921,,2,Public Administration and Safety
Occupation (6-digit),712921,,3,Mining
Occupation (6-digit),712922,,1,"Electricity, Gas, Water and Waste Services"
Occupation (6-digit),712922,,2,Manufacturing
Occupation (6-digit),712922,,3,Mining
Occupation (6-digit),712999,,1,Mining
Occupation (6-digit),712999,,2,Manufacturing
Occupation (6-digit),712999,,3,Construction
Occupation (6-digit),721111,,1,"Agriculture, Forestry and Fishing"
Occupation (6-digit),721111,,2,Public Administration and Safety
Occupation (6-digit),721111,,3,
Occupation (6-digit),721112,,1,"Agriculture, Forestry and Fishing"
Occupation (6-digit),721112,,2,Manufacturing
Occupation (6-digit),721112,,3,
Occupation (6-digit),721211,,1,Construction
Occupation (6-digit),721211,,2,Public Administration and Safety
Occupation (6-digit),721211,,3,
Occupation (6-digit),721212,,1,Construction
Occupation (6-digit),721212,,2,Public Administration and Safety
Occupation (6-digit),721212,,3,"Electricity, Gas, Water and Waste Services"
Occupation (6-digit),721213,,1,Mining
Occupation (6-digit),721213,,2,Construction
Occupation (6-digit),721213,,3,"Agriculture, Forestry and Fishing"
Occupation (6-digit),721214,,1,Construction
Occupation (6-digit),721214,,2,
Occupation (6-digit),721214,,3,
Occupation (6-digit),721215,,1,Construction
Occupation (6-digit),721215,,2,Public Administration and Safety
Occupation (6-digit),721215,,3,Mining
Occupation (6-digit),721216,,1,Construction
Occupation (6-digit),721216,,2,Mining
Occupation (6-digit),721216,,3,Manufacturing
Occupation (6-digit),721911,,1,"Transport, Postal and Warehousing"
Occupation (6-digit),721911,,2,
Occupation (6-digit),721911,,3,
Occupation (6-digit),721912,,1,Construction
Occupation (6-digit),721912,,2,Public Administration and Safety
Occupation (6-digit),721912,,3,
Occupation (6-digit),721913,,1,Construction
Occupation (6-digit),721913,,2,Public Administration and Safety
Occupation (6-digit),721913,,3,
Occupation (6-digit),721914,,1,Construction
Occupation (6-digit),721914,,2,"Transport, Postal and Warehousing"
Occupation (6-digit),721914,,3,Manufacturing
Occupation (6-digit),721915,,1,Construction
Occupation (6-digit),721915,,2,Public Administration and Safety
Occupation (6-digit),721915,,3,
Occupation (6-digit),721916,,1,Public Administration and Safety
Occupation (6-digit),721916,,2,Administrative and Support Services
Occupation (6-digit),721916,,3,Construction
Occupation (6-digit),721999,,1,Construction
Occupation (6-digit),721999,,2,"Transport, Postal and Warehousing"
Occupation (6-digit),721999,,3,Public Administration and Safety
Occupation (6-digit),731111,,1,"Transport, Postal and Warehousing"
Occupation (6-digit),731111,,2,Public Administration and Safety
Occupation (6-digit),731111,,3,
Occupation (6-digit),731112,,1,"Transport, Postal and Warehousing"
Occupation (6-digit),731112,,2,
Occupation (6-digit),731112,,3,
Occupation (6-digit),731199,,1,"Transport, Postal and Warehousing"
Occupation (6-digit),731199,,2,
Occupation (6-digit),731199,,3,
Occupation (6-digit),731211,,1,"Transport, Postal and Warehousing"
Occupation (6-digit),731211,,2,
Occupation (6-digit),731211,,3,
Occupation (6-digit),731212,,1,"Transport, Postal and Warehousing"
Occupation (6-digit),731212,,2,Administrative and Support Services
Occupation (6-digit),731212,,3,
Occupation (6-digit),731213,,1,"Transport, Postal and Warehousing"
Occupation (6-digit),731213,,2,
Occupation (6-digit),731213,,3,
Occupation (6-digit),731311,,1,"Transport, Postal and Warehousing"
Occupation (6-digit),731311,,2,Mining
Occupation (6-digit),731311,,3,
Occupation (6-digit),731312,,1,"Transport, Postal and Warehousing"
Occupation (6-digit),731312,,2,
Occupation (6-digit),731312,,3,
Occupation (6-digit),733111,,1,"Transport, Postal and Warehousing"
Occupation (6-digit),733111,,2,Construction
Occupation (6-digit),733111,,3,"Electricity, Gas, Water and Waste Services"
Occupation (6-digit),733112,,1,"Transport, Postal and Warehousing"
Occupation (6-digit),733112,,2,Wholesale Trade
Occupation (6-digit),733112,,3,Public Administration and Safety
Occupation (6-digit),733113,,1,"Transport, Postal and Warehousing"
Occupation (6-digit),733113,,2,
Occupation (6-digit),733113,,3,
Occupation (6-digit),733114,,1,"Transport, Postal and Warehousing"
Occupation (6-digit),733114,,2,Construction
Occupation (6-digit),733114,,3,"Electricity, Gas, Water and Waste Services"
Occupation (6-digit),733115,,1,"Transport, Postal and Warehousing"
Occupation (6-digit),733115,,2,"Electricity, Gas, Water and Waste Services"
Occupation (6-digit),733115,,3,Public Administration and Safety
Occupation (6-digit),811411,,1,Accommodation and Food Services
Occupation (6-digit),811411,,2,Administrative and Support Services
Occupation (6-digit),811411,,3,Health Care and Social Assistance
Occupation (6-digit),811412,,1,Administrative and Support Services
Occupation (6-digit),811412,,2,Health Care and Social Assistance
Occupation (6-digit),811412,,3,Accommodation and Food Services
Occupation (6-digit),811511,,1,Other Services
Occupation (6-digit),811511,,2,Health Care and Social Assistance
Occupation (6-digit),811511,,3,
Occupation (6-digit),811512,,1,Other Services
Occupation (6-digit),811512,,2,
Occupation (6-digit),811512,,3,
Occupation (6-digit),811513,,1,Other Services
Occupation (6-digit),811513,,2,Manufacturing
Occupation (6-digit),811513,,3,Administrative and Support Services
Occupation (6-digit),811611,,1,Other Services
Occupation (6-digit),811611,,2,Administrative and Support Services
Occupation (6-digit),811611,,3,
Occupation (6-digit),811612,,1,Administrative and Support Services
Occupation (6-digit),811612,,2,
Occupation (6-digit),811612,,3,
Occupation (6-digit),811699,,1,Administrative and Support Services
Occupation (6-digit),811699,,2,Public Administration and Safety
Occupation (6-digit),811699,,3,"Electricity, Gas, Water and Waste Services"
Occupation (6-digit),821111,,1,Construction
Occupation (6-digit),821111,,2,
Occupation (6-digit),821111,,3,
Occupation (6-digit),821112,,1,"Electricity, Gas, Water and Waste Services"
Occupation (6-digit),821112,,2,Public Administration and Safety
Occupation (6-digit),821112,,3,Construction
Occupation (6-digit),821113,,1,Construction
Occupation (6-digit),821113,,2,Other Services
Occupation (6-digit),821113,,3,
Occupation (6-digit),821114,,1,Construction
Occupation (6-digit),821114,,2,
Occupation (6-digit),821114,,3,
Occupation (6-digit),821411,,1,Construction
Occupation (6-digit),821411,,2,
Occupation (6-digit),821411,,3,
Occupation (6-digit),821412,,1,Construction
Occupation (6-digit),821412,,2,Manufacturing
Occupation (6-digit),821412,,3,
Occupation (6-digit),821711,,1,Construction
Occupation (6-digit),821711,,2,Mining
Occupation (6-digit),821711,,3,
Occupation (6-digit),821712,,1,Construction
Occupation (6-digit),821712,,2,Mining
Occupation (6-digit),821712,,3,
Occupation (6-digit),821713,,1,Construction
Occupation (6-digit),821713,,2,
Occupation (6-digit),821713,,3,
Occupation (6-digit),821714,,1,Construction
Occupation (6-digit),821714,,2,Manufacturing
Occupation (6-digit),821714,,3,"Transport, Postal and Warehousing"
Occupation (6-digit),821911,,1,Construction
Occupation (6-digit),821911,,2,
Occupation (6-digit),821911,,3,
Occupation (6-digit),821912,,1,Mining
Occupation (6-digit),821912,,2,Construction
Occupation (6-digit),821912,,3,
Occupation (6-digit),821913,,1,Construction
Occupation (6-digit),821913,,2,Manufacturing
Occupation (6-digit),821913,,3,
Occupation (6-digit),821914,,1,Mining
Occupation (6-digit),821914,,2,"Professional, Scientific and Technical Services"
Occupation (6-digit),821914,,3,Manufacturing
Occupation (6-digit),821915,,1,"Professional, Scientific and Technical Services"
Occupation (6-digit),821915,,2,Mining
Occupation (6-digit),821915,,3,Construction
Occupation (6-digit),831111,,1,Manufacturing
Occupation (6-digit),831111,,2,Retail Trade
Occupation (6-digit),831111,,3,
Occupation (6-digit),831112,,1,Manufacturing
Occupation (6-digit),831112,,2,Accommodation and Food Services
Occupation (6-digit),831112,,3,
Occupation (6-digit),831113,,1,Manufacturing
Occupation (6-digit),831113,,2,Retail Trade
Occupation (6-digit),831113,,3,
Occupation (6-digit),831114,,1,Manufacturing
Occupation (6-digit),831114,,2,"Agriculture, Forestry and Fishing"
Occupation (6-digit),831114,,3,
Occupation (6-digit),831115,,1,Manufacturing
Occupation (6-digit),831115,,2,"Agriculture, Forestry and Fishing"
Occupation (6-digit),831115,,3,Accommodation and Food Services
Occupation (6-digit),831116,,1,Manufacturing
Occupation (6-digit),831116,,2,"Agriculture, Forestry and Fishing"
Occupation (6-digit),831116,,3,
Occupation (6-digit),831117,,1,Manufacturing
Occupation (6-digit),831117,,2,
Occupation (6-digit),831117,,3,
Occupation (6-digit),831118,,1,Manufacturing
Occupation (6-digit),831118,,2,
Occupation (6-digit),831118,,3,
Occupation (6-digit),831199,,1,Manufacturing
Occupation (6-digit),831199,,2,Accommodation and Food Services
Occupation (6-digit),831199,,3,Wholesale Trade
Occupation (6-digit),831211,,1,Manufacturing
Occupation (6-digit),831211,,2,
Occupation (6-digit),831211,,3,
Occupation (6-digit),831212,,1,Manufacturing
Occupation (6-digit),831212,,2,
Occupation (6-digit),831212,,3,
Occupation (6-digit),831311,,1,Manufacturing
Occupation (6-digit),831311,,2,
Occupation (6-digit),831311,,3,
Occupation (6-digit),831312,,1,Manufacturing
Occupation (6-digit),831312,,2,"Agriculture, Forestry and Fishing"
Occupation (6-digit),831312,,3,
Occupation (6-digit),831313,,1,Manufacturing
Occupation (6-digit),831313,,2,"Agriculture, Forestry and Fishing"
Occupation (6-digit),831313,,3,Wholesale Trade
Occupation (6-digit),832111,,1,Manufacturing
Occupation (6-digit),832111,,2,Retail Trade
Occupation (6-digit),832111,,3,Administrative and Support Services
Occupation (6-digit),832112,,1,Manufacturing
Occupation (6-digit),832112,,2,Administrative and Support Services
Occupation (6-digit),832112,,3,
Occupation (6-digit),832113,,1,"Agriculture, Forestry and Fishing"
Occupation (6-digit),832113,,2,Administrative and Support Services
Occupation (6-digit),832113,,3,Retail Trade
Occupation (6-digit),832114,,1,Manufacturing
Occupation (6-digit),832114,,2,Retail Trade
Occupation (6-digit),832114,,3,
Occupation (6-digit),832115,,1,Manufacturing
Occupation (6-digit),832115,,2,Wholesale Trade
Occupation (6-digit),832115,,3,"Agriculture, Forestry and Fishing"
Occupation (6-digit),832199,,1,Manufacturing
Occupation (6-digit),832199,,2,Retail Trade
Occupation (6-digit),832199,,3,Administrative and Support Services
Occupation (6-digit),839211,,1,Manufacturing
Occupation (6-digit),839211,,2,
Occupation (6-digit),839211,,3,
Occupation (6-digit),839212,,1,Manufacturing
Occupation (6-digit),839212,,2,Wholesale Trade
Occupation (6-digit),839212,,3,
Occupation (6-digit),839311,,1,Manufacturing
Occupation (6-digit),839311,,2,Retail Trade
Occupation (6-digit),839311,,3,Wholesale Trade
Occupation (6-digit),839312,,1,"Agriculture, Forestry and Fishing"
Occupation (6-digit),839312,,2,Manufacturing
Occupation (6-digit),839312,,3,Wholesale Trade
Occupation (6-digit),839313,,1,Manufacturing
Occupation (6-digit),839313,,2,"Professional, Scientific and Technical Services"
Occupation (6-digit),839313,,3,Construction
Occupation (6-digit),839411,,1,Manufacturing
Occupation (6-digit),839411,,2,
Occupation (6-digit),839411,,3,
Occupation (6-digit),839412,,1,Manufacturing
Occupation (6-digit),839412,,2,Wholesale Trade
Occupation (6-digit),839412,,3,
Occupation (6-digit),839413,,1,Manufacturing
Occupation (6-digit),839413,,2,Construction
Occupation (6-digit),839413,,3,"Rental, Hiring and Real Estate Services"
Occupation (6-digit),839911,,1,Manufacturing
Occupation (6-digit),839911,,2,Construction
Occupation (6-digit),839911,,3,
Occupation (6-digit),839912,,1,Manufacturing
Occupation (6-digit),839912,,2,Wholesale Trade
Occupation (6-digit),839912,,3,
Occupation (6-digit),839913,,1,Manufacturing
Occupation (6-digit),839913,,2,Construction
Occupation (6-digit),839913,,3,
Occupation (6-digit),839914,,1,Manufacturing
Occupation (6-digit),839914,,2,Retail Trade
Occupation (6-digit),839914,,3,Other Services
Occupation (6-digit),839915,,1,Manufacturing
Occupation (6-digit),839915,,2,
Occupation (6-digit),839915,,3,
Occupation (6-digit),839916,,1,Manufacturing
Occupation (6-digit),839916,,2,Construction
Occupation (6-digit),839916,,3,
Occupation (6-digit),839917,,1,Manufacturing
Occupation (6-digit),839917,,2,Wholesale Trade
Occupation (6-digit),839917,,3,
Occupation (6-digit),839918,,1,"Electricity, Gas, Water and Waste Services"
Occupation (6-digit),839918,,2,Wholesale Trade
Occupation (6-digit),839918,,3,Health Care and Social Assistance
Occupation (6-digit),839999,,1,Manufacturing
Occupation (6-digit),839999,,2,Health Care and Social Assistance
Occupation (6-digit),839999,,3,Administrative and Support Services
Occupation (6-digit),841211,,1,"Agriculture, Forestry and Fishing"
Occupation (6-digit),841211,,2,
Occupation (6-digit),841211,,3,
Occupation (6-digit),841212,,1,"Agriculture, Forestry and Fishing"
Occupation (6-digit),841212,,2,Administrative and Support Services
Occupation (6-digit),841212,,3,
Occupation (6-digit),841213,,1,"Agriculture, Forestry and Fishing"
Occupation (6-digit),841213,,2,
Occupation (6-digit),841213,,3,
Occupation (6-digit),841214,,1,"Agriculture, Forestry and Fishing"
Occupation (6-digit),841214,,2,
Occupation (6-digit),841214,,3,
Occupation (6-digit),841215,,1,"Agriculture, Forestry and Fishing"
Occupation (6-digit),841215,,2,Wholesale Trade
Occupation (6-digit),841215,,3,Administrative and Support Services
Occupation (6-digit),841216,,1,"Agriculture, Forestry and Fishing"
Occupation (6-digit),841216,,2,Manufacturing
Occupation (6-digit),841216,,3,
Occupation (6-digit),841217,,1,"Agriculture, Forestry and Fishing"
Occupation (6-digit),841217,,2,
Occupation (6-digit),841217,,3,
Occupation (6-digit),841299,,1,"Agriculture, Forestry and Fishing"
Occupation (6-digit),841299,,2,
Occupation (6-digit),841299,,3,
Occupation (6-digit),841311,,1,"Agriculture, Forestry and Fishing"
Occupation (6-digit),841311,,2,Administrative and Support Services
Occupation (6-digit),841311,,3,Public Administration and Safety
Occupation (6-digit),841312,,1,"Agriculture, Forestry and Fishing"
Occupation (6-digit),841312,,2,Manufacturing
Occupation (6-digit),841312,,3,Administrative and Support Services
Occupation (6-digit),841313,,1,"Agriculture, Forestry and Fishing"
Occupation (6-digit),841313,,2,Administrative and Support Services
Occupation (6-digit),841313,,3,Manufacturing
Occupation (6-digit),841411,,1,Administrative and Support Services
Occupation (6-digit),841411,,2,Construction
Occupation (6-digit),841411,,3,Public Administration and Safety
Occupation (6-digit),841412,,1,"Agriculture, Forestry and Fishing"
Occupation (6-digit),841412,,2,Wholesale Trade
Occupation (6-digit),841412,,3,Retail Trade
Occupation (6-digit),841511,,1,"Agriculture, Forestry and Fishing"
Occupation (6-digit),841511,,2,
Occupation (6-digit),841511,,3,
Occupation (6-digit),841512,,1,"Agriculture, Forestry and Fishing"
Occupation (6-digit),841512,,2,
Occupation (6-digit),841512,,3,
Occupation (6-digit),841513,,1,"Agriculture, Forestry and Fishing"
Occupation (6-digit),841513,,2,
Occupation (6-digit),841513,,3,
Occupation (6-digit),841514,,1,"Agriculture, Forestry and Fishing"
Occupation (6-digit),841514,,2,Manufacturing
Occupation (6-digit),841514,,3,
Occupation (6-digit),841515,,1,"Agriculture, Forestry and Fishing"
Occupation (6-digit),841515,,2,
Occupation (6-digit),841515,,3,
Occupation (6-digit),841516,,1,Arts and Recreation Services
Occupation (6-digit),841516,,2,"Agriculture, Forestry and Fishing"
Occupation (6-digit),841516,,3,Education and Training
Occupation (6-digit),841517,,1,"Agriculture, Forestry and Fishing"
Occupation (6-digit),841517,,2,
Occupation (6-digit),841517,,3,
Occupation (6-digit),841599,,1,"Agriculture, Forestry and Fishing"
Occupation (6-digit),841599,,2,Manufacturing
Occupation (6-digit),841599,,3,
Occupation (6-digit),841911,,1,"Agriculture, Forestry and Fishing"
Occupation (6-digit),841911,,2,Manufacturing
Occupation (6-digit),841911,,3,Administrative and Support Services
Occupation (6-digit),841913,,1,Administrative and Support Services
Occupation (6-digit),841913,,2,
Occupation (6-digit),841913,,3,
Occupation (6-digit),841999,,1,"Agriculture, Forestry and Fishing"
Occupation (6-digit),841999,,2,Construction
Occupation (6-digit),841999,,3,Public Administration and Safety
Occupation (6-digit),851211,,1,Retail Trade
Occupation (6-digit),851211,,2,Manufacturing
Occupation (6-digit),851211,,3,
Occupation (6-digit),851299,,1,Accommodation and Food Services
Occupation (6-digit),851299,,2,Retail Trade
Occupation (6-digit),851299,,3,Health Care and Social Assistance
Occupation (6-digit),891111,,1,"Transport, Postal and Warehousing"
Occupation (6-digit),891111,,2,Retail Trade
Occupation (6-digit),891111,,3,Manufacturing
Occupation (6-digit),891112,,1,"Transport, Postal and Warehousing"
Occupation (6-digit),891112,,2,Manufacturing
Occupation (6-digit),891112,,3,Retail Trade
Occupation (6-digit),891113,,1,"Transport, Postal and Warehousing"
Occupation (6-digit),891113,,2,
Occupation (6-digit),891113,,3,
Occupation (6-digit),899211,,1,"Transport, Postal and Warehousing"
Occupation (6-digit),899211,,2,
Occupation (6-digit),899211,,3,
Occupation (6-digit),899212,,1,"Agriculture, Forestry and Fishing"
Occupation (6-digit),899212,,2,
Occupation (6-digit),899212,,3,
Occupation (6-digit),899411,,1,Retail Trade
Occupation (6-digit),899411,,2,Other Services
Occupation (6-digit),899411,,3,Manufacturing
Occupation (6-digit),899412,,1,Other Services
Occupation (6-digit),899412,,2,Construction
Occupation (6-digit),899412,,3,
Occupation (6-digit),899413,,1,Other Services
Occupation (6-digit),899413,,2,Manufacturing
Occupation (6-digit),899413,,3,Administrative and Support Services
Occupation (6-digit),899414,,1,Other Services
Occupation (6-digit),899414,,2,Retail Trade
Occupation (6-digit),899414,,3,Manufacturing
Occupation (6-digit),899415,,1,Other Services
Occupation (6-digit),899415,,2,Retail Trade
Occupation (6-digit),899415,,3,Manufacturing
Occupation (6-digit),899511,,1,Manufacturing
Occupation (6-digit),899511,,2,Information Media and Telecommunications
Occupation (6-digit),899511,,3,
Occupation (6-digit),899512,,1,Manufacturing
Occupation (6-digit),899512,,2,Information Media and Telecommunications
Occupation (6-digit),899512,,3,
Occupation (6-digit),899911,,1,Retail Trade
Occupation (6-digit),899911,,2,Other Services
Occupation (6-digit),899911,,3,
Occupation (6-digit),899912,,1,Other Services
Occupation (6-digit),899912,,2,"Rental, Hiring and Real Estate Services"
Occupation (6-digit),899912,,3,Public Administration and Safety
Occupation (6-digit),899913,,1,Public Administration and Safety
Occupation (6-digit),899913,,2,"Transport, Postal and Warehousing"
Occupation (6-digit),899913,,3,Education and Training
Occupation (6-digit),899914,,1,Construction
Occupation (6-digit),899914,,2,"Electricity, Gas, Water and Waste Services"
Occupation (6-digit),899914,,3,Manufacturing
Occupation (6-digit),899915,,1,"Transport, Postal and Warehousing"
Occupation (6-digit),899915,,2,"Professional, Scientific and Technical Services"
Occupation (6-digit),899915,,3,Manufacturing
Occupation (6-digit),899916,,1,Other Services
Occupation (6-digit),899916,,2,Retail Trade
Occupation (6-digit),899916,,3,Manufacturing
Occupation (6-digit),899917,,1,"Transport, Postal and Warehousing"
Occupation (6-digit),899917,,2,
Occupation (6-digit),899917,,3,
Occupation (6-digit),899918,,1,Construction
Occupation (6-digit),899918,,2,"Professional, Scientific and Technical Services"
Occupation (6-digit),899918,,3,Manufacturing
Occupation (6-digit),899921,,1,Arts and Recreation Services
Occupation (6-digit),899921,,2,Information Media and Telecommunications
Occupation (6-digit),899921,,3,Public Administration and Safety
Occupation (6-digit),899922,,1,Retail Trade
Occupation (6-digit),899922,,2,Administrative and Support Services
Occupation (6-digit),899922,,3,
Occupation (6-digit),899923,,1,Public Administration and Safety
Occupation (6-digit),899923,,2,Construction
Occupation (6-digit),899923,,3,"Professional, Scientific and Technical Services"
Occupation (6-digit),899999,,1,Construction
Occupation (6-digit),899999,,2,Manufacturing
Occupation (6-digit),899999,,3,Administrative and Support Services
