osca_level,osca_code,occupation,employed_main_job,full_time_pct,part_time_pct,high_share_away_from_work,median_age,male_pct,female_pct,gender_segregation,indigenous_pct,main_industry,skill_level
Unit group (4-digit),1111,Corporate Services Managers,10000.0,84.4,15.6,No,46.0,43.4,56.6,Gender balanced,1.4,"Professional, Scientific and Technical Services",1
Unit group (4-digit),1112,Finance Managers,64500.0,85.1,14.9,No,46.0,50.6,49.4,Gender balanced,0.5,Financial and Insurance Services,1
Unit group (4-digit),1113,Human Resources Managers,44800.0,84.4,15.6,No,44.0,33.2,66.8,Moderately female dominated,1.5,Public Administration and Safety,1
Unit group (4-digit),1114,Policy and Planning Managers,58700.0,85.6,14.4,No,44.0,42.3,57.7,Gender balanced,2.2,Public Administration and Safety,1
Unit group (4-digit),1115,Research and Development Managers,19800.0,84.5,15.5,No,44.0,51.8,48.2,Gender balanced,1.0,"Professional, Scientific and Technical Services",1
Unit group (4-digit),1116,Workplace Compliance Managers,26600.0,87.0,13.0,No,44.0,48.7,51.3,Gender balanced,1.0,Manufacturing,1
Unit group (4-digit),1121,Business Promotion Managers,142500.0,86.7,13.3,No,43.0,60.9,39.1,Moderately male dominated,0.7,"Professional, Scientific and Technical Services",1
Unit group (4-digit),1122,Communications Managers (Public Relations),11200.0,84.1,16.0,No,41.0,27.7,72.3,Moderately female dominated,1.5,Public Administration and Safety,1
Unit group (4-digit),1131,Chief Information and Chief Information Security Officers,6800.0,96.8,3.2,No,45.0,87.9,12.2,Highly male dominated,0.3,"Professional, Scientific and Technical Services",1
Unit group (4-digit),1132,ICT Managers,67500.0,93.1,6.9,No,44.0,75.8,24.2,Highly male dominated,0.4,"Professional, Scientific and Technical Services",1
Unit group (4-digit),1211,Chief Executives and Managing Directors,97500.0,83.4,16.6,No,51.0,75.6,24.4,Highly male dominated,1.4,"Professional, Scientific and Technical Services",1
Unit group (4-digit),1212,General Managers and Defence Force Senior Officers,70500.0,85.9,14.1,No,47.0,68.1,31.9,Moderately male dominated,1.2,Health Care and Social Assistance,1
Unit group (4-digit),1213,Legislators,2400.0,69.2,30.9,No,53.0,52.8,47.3,Gender balanced,6.6,Public Administration and Safety,1
Unit group (4-digit),1311,Construction Project Managers,66800.0,89.9,10.1,No,42.0,86.4,13.6,Highly male dominated,1.1,Construction,1
Unit group (4-digit),1312,Engineering Managers,22600.0,93.8,6.2,No,45.0,89.7,10.3,Highly male dominated,0.5,"Professional, Scientific and Technical Services",1
Unit group (4-digit),1313,Project Builders,46600.0,82.0,18.0,No,45.0,96.2,3.9,Almost completely male dominated,1.8,Construction,1
Unit group (4-digit),1314,Property Developers,4800.0,81.3,18.8,No,43.0,77.8,22.1,Highly male dominated,0.6,"Rental, Hiring and Real Estate Services",1
Unit group (4-digit),1319,Other Construction and Engineering Managers,4300.0,94.6,5.6,No,31.0,86.0,14.0,Highly male dominated,0.8,Construction,1
Unit group (4-digit),1321,Manufacturers,15200.0,73.9,26.1,No,47.0,73.5,26.6,Moderately male dominated,1.7,Manufacturing,1
Unit group (4-digit),1322,Production Managers,49700.0,91.6,8.4,No,46.0,82.8,17.2,Highly male dominated,1.3,Manufacturing,1
Unit group (4-digit),1331,"Importers, Exporters and Wholesalers",12900.0,74.0,26.1,No,49.0,73.3,26.7,Moderately male dominated,0.7,Wholesale Trade,1
Unit group (4-digit),1332,Procurement Managers,12100.0,90.5,9.5,No,45.0,63.4,36.6,Moderately male dominated,0.7,Manufacturing,1
Unit group (4-digit),1333,Supply and Distribution Managers,39500.0,92.1,7.9,No,44.0,77.3,22.7,Highly male dominated,1.2,"Transport, Postal and Warehousing",1
Unit group (4-digit),1411,Assistant School Principals and School Principals,24700.0,95.2,4.8,No,49.0,35.0,65.0,Moderately female dominated,1.7,Education and Training,1
Unit group (4-digit),1412,Children's Education and Care Service Directors,14700.0,73.8,26.2,No,40.0,7.3,92.6,Almost completely female dominated,2.3,Health Care and Social Assistance,1
Unit group (4-digit),1413,Health and Welfare Service Managers,25100.0,85.3,14.7,No,47.0,25.4,74.7,Moderately female dominated,2.5,Health Care and Social Assistance,1
Unit group (4-digit),1414,Other Education Managers,10900.0,85.5,14.5,No,49.0,37.3,62.7,Moderately female dominated,1.8,Education and Training,1
Unit group (4-digit),1491,"Arts, Culture and Sports Administrators",6200.0,72.7,27.4,No,44.0,42.4,57.6,Gender balanced,1.6,Arts and Recreation Services,1
Unit group (4-digit),1492,Commissioned Officers (Management),14400.0,91.4,8.6,No,44.0,81.1,18.9,Highly male dominated,1.5,Public Administration and Safety,1
Unit group (4-digit),1493,Scientific and Environmental Managers,7700.0,87.4,12.5,No,45.0,58.1,41.9,Gender balanced,1.2,Public Administration and Safety,1
Unit group (4-digit),1494,Senior Non-commissioned Defence Force Members,4200.0,89.8,10.1,No,44.0,83.8,16.3,Highly male dominated,2.5,Public Administration and Safety,1
Unit group (4-digit),1499,Other Specialist Managers,14600.0,90.2,9.8,No,44.0,60.5,39.5,Moderately male dominated,1.2,Financial and Insurance Services,1
Unit group (4-digit),1511,Broadacre Crop Growers,8600.0,81.4,18.6,No,55.0,80.3,19.8,Highly male dominated,0.7,"Agriculture, Forestry and Fishing",1
Unit group (4-digit),1512,Horticultural Crop Growers,17100.0,72.0,28.0,No,51.0,71.1,28.9,Moderately male dominated,0.9,"Agriculture, Forestry and Fishing",1
Unit group (4-digit),1513,Mixed Production and Aquaculture Farmers,24500.0,81.1,18.9,No,56.0,73.8,26.2,Moderately male dominated,1.1,"Agriculture, Forestry and Fishing",1
Unit group (4-digit),1521,Beef Cattle Farmers,24300.0,70.9,29.0,No,62.0,67.6,32.4,Moderately male dominated,1.0,"Agriculture, Forestry and Fishing",1
Unit group (4-digit),1522,Dairy Cattle Farmers,7400.0,83.3,16.7,No,48.0,67.5,32.4,Moderately male dominated,1.4,"Agriculture, Forestry and Fishing",1
Unit group (4-digit),1523,Mixed Cattle and Sheep Farmers,2000.0,80.2,19.9,No,60.0,71.3,28.8,Moderately male dominated,0.7,"Agriculture, Forestry and Fishing",1
Unit group (4-digit),1524,Sheep Farmers,8200.0,73.6,26.5,No,60.0,70.4,29.6,Moderately male dominated,0.9,"Agriculture, Forestry and Fishing",1
Unit group (4-digit),1529,Other Livestock Farmers,5700.0,75.7,24.4,No,50.0,66.9,33.0,Moderately male dominated,1.8,"Agriculture, Forestry and Fishing",1
Unit group (4-digit),1611,Accommodation Service Managers,2100.0,68.0,32.4,Yes,39.0,45.2,54.8,Gender balanced,1.2,Accommodation and Food Services,2
Unit group (4-digit),1612,"Cafe, Restaurant and Catering Managers",101800.0,68.0,32.0,No,40.0,48.4,51.6,Gender balanced,1.3,Accommodation and Food Services,2
Unit group (4-digit),1613,"Entertainment, Fitness and Sports Venue Managers",14100.0,60.1,40.0,Yes,36.0,52.2,47.9,Gender balanced,1.4,Arts and Recreation Services,2
Unit group (4-digit),1614,Hotel and Motel Managers,18300.0,73.4,26.6,Yes,44.0,55.7,44.3,Gender balanced,1.7,Accommodation and Food Services,2
Unit group (4-digit),1615,Licensed Club Managers,4400.0,65.2,34.9,Yes,43.0,52.6,47.4,Gender balanced,2.3,Accommodation and Food Services,2
Unit group (4-digit),1616,Senior Chefs,11100.0,71.7,28.3,Yes,36.0,77.0,23.0,Highly male dominated,1.4,Accommodation and Food Services,2
Unit group (4-digit),1619,"Other Hospitality, Tourism and Venue Managers",12200.0,63.3,36.7,No,51.0,45.1,54.8,Gender balanced,1.9,Accommodation and Food Services,2
Unit group (4-digit),1621,Retail Managers,133200.0,76.3,23.7,No,41.0,48.9,51.1,Gender balanced,1.4,Retail Trade,2
Unit group (4-digit),1711,Financial Institution Managers,9400.0,92.8,7.1,No,43.0,47.0,53.0,Gender balanced,0.9,Financial and Insurance Services,2
Unit group (4-digit),1712,Office and Payroll Managers,104800.0,61.6,38.4,No,48.0,12.7,87.3,Highly female dominated,1.4,Construction,2
Unit group (4-digit),1713,Practice Managers,27300.0,59.6,40.4,No,47.0,10.3,89.7,Highly female dominated,1.5,Health Care and Social Assistance,2
Unit group (4-digit),1714,Real Estate Agency Principals,6000.0,79.0,20.9,No,49.0,61.1,39.0,Moderately male dominated,0.6,"Rental, Hiring and Real Estate Services",2
Unit group (4-digit),1721,Call Centre and Customer Service Managers,50400.0,87.2,12.8,No,42.0,50.4,49.6,Gender balanced,1.3,Financial and Insurance Services,2
Unit group (4-digit),1722,Event Managers,21600.0,62.8,37.2,Yes,36.0,24.2,75.8,Highly female dominated,1.3,Administrative and Support Services,2
Unit group (4-digit),1723,Facilities Managers,19400.0,85.9,14.1,No,48.0,76.8,23.2,Highly male dominated,1.4,"Rental, Hiring and Real Estate Services",2
Unit group (4-digit),1724,"Hair, Body and Beauty Service Managers",5300.0,58.0,41.8,Yes,38.0,18.4,81.8,Highly female dominated,1.4,Other Services,2
Unit group (4-digit),1725,Transport Service Managers,14400.0,82.1,17.9,No,49.0,79.5,20.5,Highly male dominated,1.6,"Transport, Postal and Warehousing",2
Unit group (4-digit),1729,Other Service Managers,15900.0,79.3,20.7,No,48.0,70.1,29.9,Moderately male dominated,1.5,"Rental, Hiring and Real Estate Services",2
Unit group (4-digit),2111,Accountants and Corporate Treasurers,159400.0,78.5,21.5,No,40.0,46.8,53.2,Gender balanced,0.4,"Professional, Scientific and Technical Services",1
Unit group (4-digit),2112,Auditors,19900.0,85.4,14.6,No,37.0,49.2,50.7,Gender balanced,0.6,"Professional, Scientific and Technical Services",1
Unit group (4-digit),2121,Financial Advisers,23800.0,84.6,15.4,No,43.0,68.7,31.3,Moderately male dominated,0.5,Financial and Insurance Services,1
Unit group (4-digit),2122,Financial Dealers,4500.0,79.0,20.9,No,43.0,83.9,16.2,Highly male dominated,0.3,Financial and Insurance Services,1
Unit group (4-digit),2123,Investment Specialists,15500.0,84.0,16.0,No,41.0,68.5,31.5,Moderately male dominated,0.6,Financial and Insurance Services,1
Unit group (4-digit),2129,Other Financial Services and Investment Specialists,4300.0,92.6,7.3,No,40.0,59.9,40.1,Gender balanced,0.4,Financial and Insurance Services,1
Unit group (4-digit),2211,Advertising Specialists,8500.0,84.0,16.0,No,35.0,44.4,55.7,Gender balanced,0.6,"Professional, Scientific and Technical Services",1
Unit group (4-digit),2212,Communications Officers (Public Relations),22900.0,73.5,26.5,No,36.0,26.1,73.9,Moderately female dominated,1.3,Public Administration and Safety,1
Unit group (4-digit),2213,Electorate and Liaison Officers,11500.0,71.4,28.6,No,41.0,30.7,69.4,Moderately female dominated,12.1,Public Administration and Safety,1
Unit group (4-digit),2214,ICT Business Development Managers,2300.0,93.8,5.9,No,41.0,81.5,18.3,Highly male dominated,0.3,"Professional, Scientific and Technical Services",1
Unit group (4-digit),2215,Marketing Professionals,77600.0,75.9,24.1,No,35.0,37.9,62.0,Moderately female dominated,0.6,"Professional, Scientific and Technical Services",1
Unit group (4-digit),2216,Technical Sales Representatives,35600.0,91.3,8.7,No,42.0,68.7,31.3,Moderately male dominated,0.7,Wholesale Trade,1
Unit group (4-digit),2221,Human Resources and Workplace Relations Advisers,37000.0,78.2,21.7,No,37.0,19.3,80.7,Highly female dominated,2.0,Public Administration and Safety,1
Unit group (4-digit),2222,Recruitment Consultants,20700.0,83.0,17.0,No,35.0,33.9,66.1,Moderately female dominated,1.4,Administrative and Support Services,1
Unit group (4-digit),2223,Rehabilitation Consultants and Work Health and Safety Advisers,21600.0,83.5,16.5,No,44.0,54.3,45.7,Gender balanced,2.1,Public Administration and Safety,1
Unit group (4-digit),2224,Training and Development Professionals,30800.0,72.3,27.7,No,46.0,46.2,53.8,Gender balanced,2.3,Education and Training,1
Unit group (4-digit),2231,"Actuaries, Mathematicians and Statisticians",6100.0,79.8,20.2,No,37.0,57.4,42.6,Gender balanced,0.5,Financial and Insurance Services,1
Unit group (4-digit),2232,Data Professionals,32700.0,86.7,13.4,No,36.0,61.4,38.6,Moderately male dominated,0.5,"Professional, Scientific and Technical Services",1
Unit group (4-digit),2233,Intelligence and Policy Analysts,23100.0,79.7,20.4,No,38.0,37.3,62.7,Moderately female dominated,2.4,Public Administration and Safety,1
Unit group (4-digit),2234,Management and Organisation Analysts,82000.0,80.2,19.8,No,42.0,55.3,44.7,Gender balanced,0.7,"Professional, Scientific and Technical Services",1
Unit group (4-digit),2235,Property and Valuation Professionals,6500.0,84.5,15.5,No,42.0,71.2,28.8,Moderately male dominated,0.8,"Rental, Hiring and Real Estate Services",1
Unit group (4-digit),2239,Other Information and Organisation Professionals,19100.0,77.1,22.9,No,44.0,38.6,61.4,Moderately female dominated,1.2,Public Administration and Safety,1
Unit group (4-digit),2311,"Actors, Dancers and Other Entertainers",6100.0,36.6,63.5,Yes,30.0,47.0,52.9,Gender balanced,3.1,Arts and Recreation Services,1
Unit group (4-digit),2312,"Authors, and Book and Script Editors",5500.0,47.0,52.9,No,48.0,33.2,66.8,Moderately female dominated,1.4,Arts and Recreation Services,1
Unit group (4-digit),2313,Journalists and Other Writers,20300.0,66.1,33.9,No,40.0,40.4,59.6,Gender balanced,0.9,Information Media and Telecommunications,1
Unit group (4-digit),2314,Media Directors and Designers,10000.0,72.1,28.0,No,39.0,71.1,28.9,Moderately male dominated,1.1,Information Media and Telecommunications,1
Unit group (4-digit),2315,Media Producers,9400.0,74.9,25.2,No,38.0,54.6,45.4,Gender balanced,1.3,Information Media and Telecommunications,1
Unit group (4-digit),2316,Music Professionals,7300.0,34.6,65.3,Yes,39.0,67.5,32.5,Moderately male dominated,1.6,Arts and Recreation Services,1
Unit group (4-digit),2317,Visual Arts and Crafts Professionals,8600.0,46.0,54.0,No,49.0,34.8,65.2,Moderately female dominated,5.4,Arts and Recreation Services,1
Unit group (4-digit),2319,Other Arts and Media Professionals,2500.0,55.3,44.7,No,42.0,58.0,42.0,Gender balanced,6.7,Information Media and Telecommunications,1
Unit group (4-digit),2321,Librarians,6400.0,57.8,42.3,No,51.0,16.3,83.7,Highly female dominated,1.2,Education and Training,1
Unit group (4-digit),2322,Religious Leaders,17700.0,64.6,35.5,No,50.0,69.4,30.6,Moderately male dominated,0.9,Other Services,1
Unit group (4-digit),2323,Social Science and Related Professionals,9500.0,68.0,32.0,No,42.0,46.6,53.4,Gender balanced,4.1,"Professional, Scientific and Technical Services",1
Unit group (4-digit),2411,"Architects, Landscape Architects and Urban Designers",23500.0,80.1,19.9,No,39.0,63.2,36.8,Moderately male dominated,0.4,"Professional, Scientific and Technical Services",1
Unit group (4-digit),2412,Geospatial Information Professionals and Surveyors,11300.0,84.6,15.5,No,40.0,83.4,16.6,Highly male dominated,1.2,"Professional, Scientific and Technical Services",1
Unit group (4-digit),2413,Urban and Regional Planners,12900.0,80.4,19.6,No,39.0,52.9,47.1,Gender balanced,0.8,Public Administration and Safety,1
Unit group (4-digit),2419,"Other Architects, Planners and Surveyors",7000.0,87.1,12.8,No,41.0,80.7,19.3,Highly male dominated,0.7,"Professional, Scientific and Technical Services",1
Unit group (4-digit),2421,Digital Designers,11400.0,76.0,23.9,No,36.0,52.3,47.7,Gender balanced,0.7,"Professional, Scientific and Technical Services",1
Unit group (4-digit),2422,"Fashion, Industrial, Jewellery and Textile Designers",9700.0,72.1,27.9,No,37.0,41.6,58.4,Gender balanced,0.5,"Professional, Scientific and Technical Services",1
Unit group (4-digit),2423,Graphic and Visual Content Designers,31700.0,64.2,35.8,No,36.0,43.6,56.4,Gender balanced,0.8,"Professional, Scientific and Technical Services",1
Unit group (4-digit),2424,Interior Designers,12300.0,62.6,37.4,No,39.0,20.3,79.7,Highly female dominated,0.5,"Professional, Scientific and Technical Services",1
Unit group (4-digit),2431,Chemical and Materials Engineering Professionals,4400.0,86.0,14.0,No,38.0,78.8,21.1,Highly male dominated,0.5,"Professional, Scientific and Technical Services",1
Unit group (4-digit),2432,Civil Engineering Professionals,40400.0,88.6,11.4,No,35.0,85.1,14.9,Highly male dominated,0.5,"Professional, Scientific and Technical Services",1
Unit group (4-digit),2433,Electrical Engineering Professionals,13300.0,89.7,10.3,No,38.0,89.6,10.4,Highly male dominated,0.6,"Professional, Scientific and Technical Services",1
Unit group (4-digit),2434,Electronics Engineers,4600.0,86.6,13.4,No,42.0,92.8,7.1,Almost completely male dominated,0.3,"Professional, Scientific and Technical Services",1
Unit group (4-digit),2435,"Industrial, Mechanical and Production Engineers",34700.0,89.8,10.2,No,38.0,90.8,9.2,Almost completely male dominated,0.5,Manufacturing,1
Unit group (4-digit),2436,Mining Engineers,9000.0,89.8,10.2,No,38.0,84.8,15.3,Highly male dominated,0.5,Mining,1
Unit group (4-digit),2439,Other Engineering Professionals,9000.0,86.4,13.7,No,37.0,81.9,18.0,Highly male dominated,0.5,"Professional, Scientific and Technical Services",1
Unit group (4-digit),2441,"Agricultural, Fisheries and Forestry Scientists",6100.0,81.8,18.2,No,44.0,72.3,27.7,Moderately male dominated,1.3,"Agriculture, Forestry and Fishing",1
Unit group (4-digit),2442,"Chemists, and Food and Wine Scientists",8500.0,81.2,18.7,No,40.0,56.5,43.5,Gender balanced,0.4,Manufacturing,1
Unit group (4-digit),2443,Environmental Conservation Professionals,10000.0,77.1,22.9,No,40.0,58.3,41.7,Gender balanced,13.3,Public Administration and Safety,1
Unit group (4-digit),2444,Environmental Consultants and Scientists,10000.0,75.6,24.4,No,39.0,54.0,46.1,Gender balanced,1.3,"Professional, Scientific and Technical Services",1
Unit group (4-digit),2445,Geoscientists and Hydrologists,8400.0,82.2,17.8,No,40.0,74.3,25.7,Moderately male dominated,0.7,Mining,1
Unit group (4-digit),2446,Life Scientists,4600.0,75.7,24.1,No,39.0,45.9,54.0,Gender balanced,0.7,"Professional, Scientific and Technical Services",1
Unit group (4-digit),2447,Medical Science Professionals,22500.0,72.6,27.4,No,38.0,32.7,67.3,Moderately female dominated,0.5,Health Care and Social Assistance,1
Unit group (4-digit),2449,Other Natural and Physical Science Professionals,1700.0,73.4,26.5,No,44.0,59.4,40.8,Gender balanced,0.7,"Professional, Scientific and Technical Services",1
Unit group (4-digit),2511,Early Childhood (Pre-primary School) Teachers,26300.0,48.2,51.8,No,40.0,2.3,97.6,Almost completely female dominated,1.7,Education and Training,1
Unit group (4-digit),2512,Primary School Teachers,164000.0,64.7,35.3,No,40.0,15.0,85.0,Highly female dominated,1.6,Education and Training,1
Unit group (4-digit),2513,Secondary School Teachers,156400.0,75.6,24.4,No,42.0,37.9,62.1,Moderately female dominated,1.2,Education and Training,1
Unit group (4-digit),2514,Specialist Education Teachers,15400.0,60.8,39.3,No,46.0,12.7,87.3,Highly female dominated,1.6,Education and Training,1
Unit group (4-digit),2519,"Other Early Childhood, School and Specialist Education Teachers",2600.0,58.7,41.2,No,53.0,7.2,92.9,Almost completely female dominated,0.8,Education and Training,1
Unit group (4-digit),2521,University Lecturers and Tutors,55200.0,62.7,37.3,No,46.0,49.1,50.9,Gender balanced,1.3,Education and Training,1
Unit group (4-digit),2522,Vocational Education Teachers,12400.0,59.1,40.9,No,51.0,49.0,51.0,Gender balanced,1.9,Education and Training,1
Unit group (4-digit),2591,Academic Tutors (Private Tuition),6300.0,6.4,93.6,No,23.0,39.3,60.7,Moderately female dominated,0.6,Education and Training,1
Unit group (4-digit),2592,Arts and Personal Enrichment Teachers (Private Tuition),11900.0,18.5,81.5,Yes,35.0,13.3,86.7,Highly female dominated,1.7,Education and Training,1
Unit group (4-digit),2593,Education Advisers and Reviewers,12400.0,68.0,32.0,No,46.0,27.1,72.9,Moderately female dominated,2.9,Education and Training,1
Unit group (4-digit),2594,Music Teachers (Private Tuition),13200.0,14.4,85.6,No,39.0,37.9,62.0,Moderately female dominated,0.6,Education and Training,1
Unit group (4-digit),2595,Teachers of English to Speakers of Other Languages,5400.0,35.6,64.5,No,50.0,20.6,79.6,Highly female dominated,0.4,Education and Training,1
Unit group (4-digit),2599,Other Education Professionals,9200.0,47.9,52.2,No,42.0,26.9,73.1,Moderately female dominated,2.9,Education and Training,1
Unit group (4-digit),2611,Counsellors and Psychotherapists,17200.0,44.2,55.8,No,46.0,21.2,78.8,Highly female dominated,4.1,Health Care and Social Assistance,1
Unit group (4-digit),2612,Psychologists,29500.0,53.2,46.8,No,43.0,18.4,81.6,Highly female dominated,0.9,Health Care and Social Assistance,1
Unit group (4-digit),2613,Social Workers,29000.0,62.9,37.1,No,41.0,15.2,84.8,Highly female dominated,3.3,Health Care and Social Assistance,1
Unit group (4-digit),2619,"Other Allied Health Counsellors, Psychologists, Social Workers and Creative Therapy Professionals",4700.0,38.1,62.0,No,42.0,17.5,82.6,Highly female dominated,1.8,Health Care and Social Assistance,1
Unit group (4-digit),2621,Chiropractors,4400.0,43.3,56.6,No,40.0,58.7,41.4,Gender balanced,0.5,Health Care and Social Assistance,1
Unit group (4-digit),2622,Exercise Physiologists and Scientists,5100.0,62.0,38.0,No,29.0,48.2,52.0,Gender balanced,0.7,Health Care and Social Assistance,1
Unit group (4-digit),2623,Occupational Therapists,19800.0,59.6,40.4,No,33.0,9.1,90.9,Almost completely female dominated,0.7,Health Care and Social Assistance,1
Unit group (4-digit),2624,Physiotherapists,29000.0,61.0,39.0,No,34.0,35.7,64.3,Moderately female dominated,0.7,Health Care and Social Assistance,1
Unit group (4-digit),2625,Podiatrists,4700.0,59.3,40.6,No,36.0,41.1,58.8,Gender balanced,0.7,Health Care and Social Assistance,1
Unit group (4-digit),2626,Speech Pathologists,11100.0,56.2,43.8,No,33.0,3.0,97.0,Almost completely female dominated,0.6,Health Care and Social Assistance,1
Unit group (4-digit),2629,Other Allied Health Physical and Sensory Therapy Professionals,2900.0,53.4,46.6,No,36.0,45.4,54.4,Gender balanced,0.5,Health Care and Social Assistance,1
Unit group (4-digit),2631,Medical Radiation Practitioners,13700.0,67.9,32.1,No,35.0,31.1,68.9,Moderately female dominated,0.6,Health Care and Social Assistance,1
Unit group (4-digit),2632,Nutrition Professionals,6700.0,47.2,52.8,No,35.0,6.5,93.5,Almost completely female dominated,0.5,Health Care and Social Assistance,1
Unit group (4-digit),2633,Optometrists,5300.0,49.9,50.0,No,38.0,42.6,57.4,Gender balanced,0.3,Health Care and Social Assistance,1
Unit group (4-digit),2634,Pharmacists,26900.0,64.3,35.7,No,36.0,35.4,64.6,Moderately female dominated,0.3,Retail Trade,1
Unit group (4-digit),2635,Sonographers,5500.0,50.1,49.8,No,39.0,22.1,77.7,Highly female dominated,0.4,Health Care and Social Assistance,1
Unit group (4-digit),2639,Other Allied Health Science Professionals,8400.0,56.2,43.9,No,38.0,22.0,78.0,Highly female dominated,0.7,Health Care and Social Assistance,1
Unit group (4-digit),2641,Anaesthetists,5700.0,77.7,22.3,No,44.0,65.1,34.8,Moderately male dominated,0.2,Health Care and Social Assistance,1
Unit group (4-digit),2642,General Practitioners,55200.0,70.5,29.5,No,44.0,52.4,47.6,Gender balanced,0.6,Health Care and Social Assistance,1
Unit group (4-digit),2643,Physicians,10600.0,76.0,23.9,No,43.0,53.1,46.9,Gender balanced,0.2,Health Care and Social Assistance,1
Unit group (4-digit),2644,Psychiatrists,4300.0,71.1,28.9,No,47.0,53.7,46.3,Gender balanced,0.5,Health Care and Social Assistance,1
Unit group (4-digit),2645,Resident Medical Officers,11800.0,89.0,11.0,No,30.0,45.9,54.1,Gender balanced,0.9,Health Care and Social Assistance,1
Unit group (4-digit),2646,Surgeons,6300.0,84.8,15.2,No,46.0,80.2,19.8,Highly male dominated,0.4,Health Care and Social Assistance,1
Unit group (4-digit),2649,Other Medical Practitioners,13300.0,76.0,24.1,No,42.0,51.9,48.1,Gender balanced,0.6,Health Care and Social Assistance,1
Unit group (4-digit),2651,Midwives,17800.0,37.0,63.0,Yes,41.0,0.8,99.2,Almost completely female dominated,1.5,Health Care and Social Assistance,1
Unit group (4-digit),2652,Nurse Educators and Researchers,6800.0,57.4,42.5,No,46.0,9.5,90.6,Almost completely female dominated,0.9,Health Care and Social Assistance,1
Unit group (4-digit),2653,Nursing and Midwifery Unit Managers,21500.0,72.4,27.6,No,46.0,13.0,87.1,Highly female dominated,1.1,Health Care and Social Assistance,1
Unit group (4-digit),2654,Registered Nurses,264300.0,48.6,51.4,No,40.0,11.6,88.4,Highly female dominated,1.3,Health Care and Social Assistance,1
Unit group (4-digit),2691,"Dental Hygienists, Prosthetists and Therapists",4900.0,44.8,55.2,Yes,38.0,21.4,78.6,Highly female dominated,0.9,Health Care and Social Assistance,1
Unit group (4-digit),2692,Dentists and Dental Specialists,15500.0,48.7,51.3,No,40.0,53.2,46.8,Gender balanced,0.4,Health Care and Social Assistance,1
Unit group (4-digit),2693,Environmental Health and Health Promotion Officers,7300.0,67.6,32.4,No,43.0,34.9,65.1,Moderately female dominated,5.9,Health Care and Social Assistance,1
Unit group (4-digit),2694,Paramedic Professionals,15800.0,86.8,13.2,Yes,36.0,54.8,45.3,Gender balanced,2.2,Health Care and Social Assistance,1
Unit group (4-digit),2695,Veterinarians and Veterinary Technologists,11900.0,68.2,31.8,No,38.0,32.5,67.5,Moderately female dominated,0.7,"Professional, Scientific and Technical Services",1
Unit group (4-digit),2699,Other Health Professionals,5600.0,32.9,67.1,No,48.0,27.9,72.1,Moderately female dominated,0.7,Health Care and Social Assistance,1
Unit group (4-digit),2711,Cyber Security Professionals,13300.0,92.5,7.5,No,38.0,82.5,17.5,Highly male dominated,0.6,"Professional, Scientific and Technical Services",1
Unit group (4-digit),2712,Database and Systems Administrators,21400.0,87.0,13.0,No,42.0,75.5,24.6,Highly male dominated,0.8,"Professional, Scientific and Technical Services",1
Unit group (4-digit),2721,ICT Network Professionals,19900.0,91.5,8.4,No,40.0,90.5,9.6,Almost completely male dominated,0.5,"Professional, Scientific and Technical Services",1
Unit group (4-digit),2722,ICT Quality Engineers and Test Analysts,23700.0,90.9,9.1,No,38.0,66.5,33.5,Moderately male dominated,0.3,"Professional, Scientific and Technical Services",1
Unit group (4-digit),2723,Telecommunications Engineers,10600.0,89.7,10.3,No,40.0,82.2,17.8,Highly male dominated,0.5,Information Media and Telecommunications,1
Unit group (4-digit),2731,Digital Game and Web Developers,8500.0,78.0,22.0,No,35.0,79.6,20.3,Highly male dominated,0.5,"Professional, Scientific and Technical Services",1
Unit group (4-digit),2732,ICT Business and Systems Analysts and Architects,39500.0,90.6,9.4,No,42.0,71.8,28.2,Moderately male dominated,0.3,"Professional, Scientific and Technical Services",1
Unit group (4-digit),2733,Software and Applications Engineers,97600.0,89.7,10.3,No,37.0,83.6,16.4,Highly male dominated,0.3,"Professional, Scientific and Technical Services",1
Unit group (4-digit),2811,Barristers,5600.0,76.6,23.4,No,49.0,70.6,29.4,Moderately male dominated,0.7,"Professional, Scientific and Technical Services",1
Unit group (4-digit),2812,Judicial and Other Legal Professionals,18700.0,75.4,24.6,No,43.0,41.0,59.0,Gender balanced,1.4,Public Administration and Safety,1
Unit group (4-digit),2813,Solicitors,70800.0,82.9,17.1,No,38.0,45.7,54.3,Gender balanced,0.7,"Professional, Scientific and Technical Services",1
Unit group (4-digit),2991,Air Transport Professionals,13400.0,69.2,30.7,Yes,41.0,90.4,9.6,Almost completely male dominated,0.8,"Transport, Postal and Warehousing",1
Unit group (4-digit),2992,Specialist Police Officers,9100.0,91.6,8.3,No,42.0,69.5,30.5,Moderately male dominated,1.4,Public Administration and Safety,1
Unit group (4-digit),3111,Agricultural Technicians and Inspection Officers,5400.0,78.7,21.3,No,43.0,63.7,36.3,Moderately male dominated,2.9,Public Administration and Safety,2; 3
Unit group (4-digit),3112,Medical and Dental Technicians,16400.0,63.4,36.6,No,40.0,42.0,58.0,Gender balanced,1.0,Health Care and Social Assistance,2; 3
Unit group (4-digit),3113,Pharmacy Technicians,6700.0,51.4,48.7,No,37.0,11.2,88.8,Highly female dominated,1.8,Retail Trade,3
Unit group (4-digit),3114,Phlebotomists,12100.0,43.7,56.3,No,44.0,9.5,90.5,Almost completely female dominated,1.7,Health Care and Social Assistance,3
Unit group (4-digit),3115,Science Technicians,14700.0,71.0,29.0,No,41.0,49.1,50.9,Gender balanced,1.7,Education and Training,2
Unit group (4-digit),3121,Building and Landscape Designers and Technicians,16900.0,75.1,24.9,No,40.0,70.5,29.5,Moderately male dominated,0.5,"Professional, Scientific and Technical Services",2
Unit group (4-digit),3122,Construction and Safety Inspectors,7900.0,81.2,18.8,No,49.0,84.3,15.7,Highly male dominated,2.1,Public Administration and Safety,2; 3
Unit group (4-digit),3123,Construction Estimators,5700.0,88.1,11.8,No,40.0,84.9,15.1,Highly male dominated,0.6,Construction,2
Unit group (4-digit),3124,Construction Supervisors,44400.0,92.7,7.3,No,42.0,94.2,5.8,Almost completely male dominated,2.2,Construction,2; 3
Unit group (4-digit),3131,Civil Engineering Draftspersons and Technicians,11800.0,86.3,13.6,No,39.0,83.0,17.0,Highly male dominated,1.5,"Professional, Scientific and Technical Services",2
Unit group (4-digit),3132,Electrical Engineering Draftspersons and Technicians,8800.0,84.4,15.6,No,44.0,91.3,8.6,Almost completely male dominated,1.5,"Electricity, Gas, Water and Waste Services",2
Unit group (4-digit),3133,Maintenance Planners,9000.0,93.6,6.4,No,45.0,83.6,16.4,Highly male dominated,2.3,Mining,2
Unit group (4-digit),3134,"Marine Transport Masters, Officers and Technicians",7900.0,80.7,19.5,Yes,47.0,94.9,5.2,Almost completely male dominated,2.2,"Transport, Postal and Warehousing",2
Unit group (4-digit),3135,Mining Supervisors,6500.0,95.1,5.0,Yes,45.0,93.3,6.7,Almost completely male dominated,4.1,Mining,2
Unit group (4-digit),3139,Other Engineering Technicians,18500.0,86.4,13.6,No,43.0,88.8,11.2,Highly male dominated,1.4,"Professional, Scientific and Technical Services",2
Unit group (4-digit),3141,ICT and Telecommunications Technicians,8200.0,81.7,18.3,No,40.0,77.7,22.4,Highly male dominated,1.1,Information Media and Telecommunications,2
Unit group (4-digit),3142,ICT Customer Support Officers,48800.0,83.7,16.3,No,38.0,79.6,20.5,Highly male dominated,1.1,"Professional, Scientific and Technical Services",2
Unit group (4-digit),3211,Chefs,81500.0,56.2,43.8,Yes,35.0,72.6,27.4,Moderately male dominated,1.1,Accommodation and Food Services,2
Unit group (4-digit),3221,Bakers,19000.0,66.3,33.7,No,37.0,71.8,28.2,Moderately male dominated,2.1,Manufacturing,3
Unit group (4-digit),3222,Butchers and Smallgoods Makers,13900.0,78.8,21.2,No,40.0,92.2,7.8,Almost completely male dominated,3.5,Retail Trade,3
Unit group (4-digit),3223,Cooks,44200.0,34.3,65.7,Yes,33.0,51.3,48.7,Gender balanced,2.9,Accommodation and Food Services,3
Unit group (4-digit),3224,Pastrycooks,6900.0,56.5,43.6,Yes,36.0,37.8,62.2,Moderately female dominated,0.9,Manufacturing,3
Unit group (4-digit),3311,Structural Steel and Welding Trades Workers,65000.0,89.5,10.5,No,39.0,98.7,1.3,Almost completely male dominated,3.3,Manufacturing,3
Unit group (4-digit),3319,Other Fabrication Engineering Trades Workers,7500.0,85.2,14.8,No,42.0,97.6,2.4,Almost completely male dominated,2.7,Manufacturing,3
Unit group (4-digit),3321,Aircraft Maintenance Technicians,9800.0,90.5,9.6,No,40.0,94.9,5.1,Almost completely male dominated,1.7,Public Administration and Safety,2; 3
Unit group (4-digit),3322,Metal Fitters and Machinists,90200.0,92.0,8.0,No,40.0,98.0,2.0,Almost completely male dominated,3.0,Manufacturing,3
Unit group (4-digit),3323,Precision Engineering Trades Workers,8100.0,79.1,20.9,No,47.0,93.8,6.2,Almost completely male dominated,1.1,Manufacturing,3
Unit group (4-digit),3411,Animal Trainers and Zookeepers,7600.0,66.7,33.4,No,36.0,46.1,53.9,Gender balanced,1.9,Arts and Recreation Services,3
Unit group (4-digit),3412,Veterinary Nurses,13100.0,50.8,49.2,No,29.0,3.8,96.2,Almost completely female dominated,1.7,"Professional, Scientific and Technical Services",3
Unit group (4-digit),3421,Gardeners (General),34200.0,46.5,53.5,No,48.0,83.5,16.5,Highly male dominated,2.9,Administrative and Support Services,3
Unit group (4-digit),3422,Arboriculture Workers,7200.0,79.1,20.8,No,36.0,96.6,3.4,Almost completely male dominated,3.2,Administrative and Support Services,2; 3
Unit group (4-digit),3423,Florists,6300.0,40.8,59.2,Yes,40.0,7.2,92.8,Almost completely female dominated,1.2,Retail Trade,3
Unit group (4-digit),3424,Irrigation Technicians and Landscape Gardeners,25000.0,73.1,26.9,No,34.0,95.6,4.4,Almost completely male dominated,3.1,Construction,3
Unit group (4-digit),3425,Sports Turf Managers and Trades Workers,11500.0,71.1,28.9,No,47.0,97.3,2.7,Almost completely male dominated,4.7,Arts and Recreation Services,2; 3
Unit group (4-digit),3429,Other Horticultural Trades Workers,2600.0,61.4,38.5,No,49.0,56.0,44.0,Gender balanced,1.1,"Agriculture, Forestry and Fishing",3
Unit group (4-digit),3431,"Senior Aquaculture, Crop and Forestry Workers",4100.0,81.8,18.3,No,47.0,83.5,16.6,Highly male dominated,1.9,"Agriculture, Forestry and Fishing",3
Unit group (4-digit),3432,Senior Livestock Farm Workers,5100.0,84.5,15.5,No,35.0,66.0,34.0,Moderately male dominated,4.9,"Agriculture, Forestry and Fishing",3
Unit group (4-digit),3433,Shearers and Wool Classers,2900.0,65.6,34.6,No,38.0,87.8,11.9,Highly male dominated,5.3,"Agriculture, Forestry and Fishing",3
Unit group (4-digit),3511,Automotive Technicians (General),80600.0,84.7,15.3,No,36.0,98.2,1.8,Almost completely male dominated,2.5,Other Services,3
Unit group (4-digit),3512,Automotive Electricians,7800.0,87.9,12.1,No,36.0,97.1,3.0,Almost completely male dominated,2.6,Other Services,3
Unit group (4-digit),3513,Panelbeaters,10500.0,84.3,15.7,No,43.0,98.7,1.3,Almost completely male dominated,2.5,Other Services,3
Unit group (4-digit),3514,Specialist Automotive Technicians,16300.0,86.5,13.5,No,33.0,98.5,1.5,Almost completely male dominated,2.8,Other Services,3
Unit group (4-digit),3515,Vehicle Body Builders and Trimmers,5100.0,85.6,14.5,No,43.0,95.8,4.2,Almost completely male dominated,2.1,Manufacturing,3
Unit group (4-digit),3516,Vehicle Painters,10000.0,87.2,12.8,No,38.0,97.0,3.0,Almost completely male dominated,3.0,Other Services,3
Unit group (4-digit),3611,Floor Finishers,8600.0,69.0,30.9,Yes,40.0,97.0,3.0,Almost completely male dominated,2.6,Construction,3
Unit group (4-digit),3612,Painters,42000.0,71.3,28.8,Yes,41.0,94.1,5.9,Almost completely male dominated,2.5,Construction,3
Unit group (4-digit),3621,Glaziers,10300.0,83.1,16.8,No,38.0,98.4,1.6,Almost completely male dominated,3.3,Construction,3
Unit group (4-digit),3622,Plasterers and Renderers,23300.0,73.5,26.5,Yes,38.0,98.6,1.3,Almost completely male dominated,2.6,Construction,3
Unit group (4-digit),3623,Roof Tilers,7300.0,72.3,27.7,Yes,31.0,98.9,1.1,Almost completely male dominated,5.7,Construction,3
Unit group (4-digit),3624,Wall and Floor Tilers,18000.0,73.1,27.0,Yes,38.0,97.3,2.7,Almost completely male dominated,2.1,Construction,3
Unit group (4-digit),3631,Plumbers (General),43100.0,84.0,16.0,No,33.0,99.1,0.9,Almost completely male dominated,2.8,Construction,3
Unit group (4-digit),3632,Gasfitters,5200.0,84.4,15.6,No,40.0,99.4,0.7,Almost completely male dominated,1.7,Construction,3
Unit group (4-digit),3633,Roof Plumbers,10000.0,84.3,15.8,No,32.0,99.2,0.8,Almost completely male dominated,3.8,Construction,3
Unit group (4-digit),3639,Other Plumbers,17800.0,89.2,10.8,No,30.0,99.1,0.9,Almost completely male dominated,2.7,Construction,3
Unit group (4-digit),3691,Cabinet Makers,22900.0,86.1,13.9,No,36.0,97.4,2.6,Almost completely male dominated,1.7,Manufacturing,3
Unit group (4-digit),3699,Other Building Completion and Related Trades Workers,6300.0,79.7,20.2,Yes,38.0,97.6,2.4,Almost completely male dominated,2.0,Construction,3
Unit group (4-digit),3711,Bricklayers and Stonemasons,21800.0,76.4,23.7,No,38.0,99.1,0.9,Almost completely male dominated,2.8,Construction,3
Unit group (4-digit),3712,Concreters,25700.0,78.5,21.5,Yes,36.0,99.1,0.9,Almost completely male dominated,4.3,Construction,3
Unit group (4-digit),3721,Carpenters and Joiners,110200.0,84.0,16.0,No,31.0,98.9,1.1,Almost completely male dominated,2.7,Construction,3
Unit group (4-digit),3811,Electrical Distribution Trades Workers,7300.0,92.2,7.8,No,40.0,97.4,2.6,Almost completely male dominated,4.2,"Electricity, Gas, Water and Waste Services",3
Unit group (4-digit),3812,Electricians,136100.0,85.9,14.1,No,34.0,97.9,2.1,Almost completely male dominated,2.1,Construction,3
Unit group (4-digit),3821,Air Conditioning and Refrigeration Technicians,21700.0,82.9,17.1,No,34.0,98.8,1.2,Almost completely male dominated,2.5,Construction,3
Unit group (4-digit),3822,Electronics Trades Workers,22600.0,77.3,22.7,No,40.0,94.6,5.4,Almost completely male dominated,1.3,Construction,3
Unit group (4-digit),3823,Telecommunications Trades Workers,14400.0,74.9,25.1,No,40.0,95.0,5.0,Almost completely male dominated,2.1,Information Media and Telecommunications,3
Unit group (4-digit),3911,"Gallery, Library and Museum Technicians",3000.0,48.5,51.4,No,53.0,17.5,82.5,Highly female dominated,0.9,Education and Training,2
Unit group (4-digit),3912,Performing Arts Technicians,9500.0,58.4,41.6,Yes,35.0,84.3,15.6,Highly male dominated,1.2,Information Media and Telecommunications,3
Unit group (4-digit),3913,Photographers,11900.0,41.4,58.5,Yes,39.0,48.8,51.1,Gender balanced,1.0,"Professional, Scientific and Technical Services",2
Unit group (4-digit),3914,Printing Trades Workers,13600.0,76.0,24.0,No,48.0,76.5,23.6,Highly male dominated,1.0,Manufacturing,3
Unit group (4-digit),3915,Signwriters,5400.0,74.2,25.9,No,42.0,87.0,13.0,Highly male dominated,2.0,"Professional, Scientific and Technical Services",3
Unit group (4-digit),3919,Other Artistic and Cultural Technicians and Trades Workers,6500.0,49.7,50.2,Yes,46.0,48.4,51.6,Gender balanced,1.0,Retail Trade,2; 3
Unit group (4-digit),3921,Barbers and Hairdressers,53800.0,42.6,57.4,Yes,35.0,16.4,83.6,Highly female dominated,2.3,Other Services,3
Unit group (4-digit),3991,"Chemical, Gas, Petroleum and Power Generation Plant Technicians",7700.0,92.7,7.3,Yes,46.0,93.6,6.4,Almost completely male dominated,2.9,"Electricity, Gas, Water and Waste Services",3
Unit group (4-digit),3992,Drillers,8300.0,92.2,7.8,Yes,38.0,97.5,2.5,Almost completely male dominated,4.7,Mining,3
Unit group (4-digit),3993,Pest Control Technicians,6300.0,68.3,31.7,No,45.0,94.4,5.5,Almost completely male dominated,3.1,Administrative and Support Services,3
Unit group (4-digit),3994,"Textile, Clothing and Footwear Trades Workers",10200.0,54.8,45.2,Yes,51.0,42.1,57.9,Gender balanced,1.2,Manufacturing,3
Unit group (4-digit),3995,Wood Machinists and Other Wood Trades Workers,5500.0,66.6,33.5,No,47.0,83.5,16.5,Highly male dominated,1.5,Manufacturing,3
Unit group (4-digit),3999,Other Miscellaneous Technicians and Trades Workers,14100.0,82.9,17.1,No,41.0,92.3,7.7,Almost completely male dominated,2.2,Manufacturing,3
Unit group (4-digit),4111,Child Protection and Family Violence Practitioners,9800.0,77.4,22.6,No,38.0,12.5,87.6,Highly female dominated,8.2,Public Administration and Safety,2
Unit group (4-digit),4112,Community Development and Support Workers,11500.0,50.3,49.7,No,45.0,22.8,77.2,Highly female dominated,9.9,Health Care and Social Assistance,2
Unit group (4-digit),4113,"Diversional Therapists, and Lifestyle Coordinators and Officers",4400.0,47.8,52.2,No,52.0,11.2,88.8,Highly female dominated,2.5,Health Care and Social Assistance,2; 3
Unit group (4-digit),4114,Employment Consultants,10700.0,85.4,14.6,No,38.0,24.9,75.0,Highly female dominated,5.8,Administrative and Support Services,3
Unit group (4-digit),4115,Interpreters and Translators,5600.0,25.8,74.2,No,51.0,30.5,69.5,Moderately female dominated,1.6,"Professional, Scientific and Technical Services",2
Unit group (4-digit),4116,Welfare Support Workers,17100.0,65.3,34.7,No,42.0,20.7,79.3,Highly female dominated,11.0,Health Care and Social Assistance,2; 3
Unit group (4-digit),4117,Youth Support Workers,17500.0,61.6,38.4,No,35.0,40.5,59.5,Gender balanced,10.3,Health Care and Social Assistance,2
Unit group (4-digit),4119,Other Community and Welfare Support Workers,4000.0,55.5,44.4,No,40.0,35.2,64.9,Moderately female dominated,4.5,Health Care and Social Assistance,2; 3
Unit group (4-digit),4211,Aged Care Coordinators and Team Leaders,6900.0,76.7,23.4,No,45.0,15.0,84.9,Highly female dominated,3.7,Health Care and Social Assistance,3
Unit group (4-digit),4212,Community Aged Care Support Workers,66900.0,26.2,73.8,No,48.0,12.1,87.9,Highly female dominated,2.8,Health Care and Social Assistance,4
Unit group (4-digit),4213,Residential Aged Care Workers,31200.0,33.3,66.7,No,44.0,12.8,87.2,Highly female dominated,1.9,Health Care and Social Assistance,4
Unit group (4-digit),4221,Disability Services and Residential Care Officers,18400.0,61.2,38.8,No,44.0,23.4,76.7,Highly female dominated,2.9,Health Care and Social Assistance,2
Unit group (4-digit),4222,Disability Support Workers and Team Leaders,152800.0,34.4,65.6,No,40.0,29.5,70.5,Moderately female dominated,3.7,Health Care and Social Assistance,3; 4
Unit group (4-digit),4311,Early Childhood Educators and Room Leaders,138800.0,45.8,54.2,No,34.0,3.5,96.4,Almost completely female dominated,3.1,Health Care and Social Assistance,2; 3
Unit group (4-digit),4312,Family Day Care Educators and Coordinators,5400.0,65.1,35.0,No,45.0,2.7,97.4,Almost completely female dominated,1.4,Health Care and Social Assistance,2; 3
Unit group (4-digit),4313,Nannies,7000.0,21.8,78.3,Yes,27.0,2.0,97.9,Almost completely female dominated,1.6,Other Services,4
Unit group (4-digit),4314,Out of School Hours Care Educators,9000.0,9.0,91.1,Yes,23.0,20.9,79.1,Highly female dominated,2.2,Health Care and Social Assistance,3
Unit group (4-digit),4321,Inclusion Support Assistants,19900.0,23.0,77.0,No,48.0,8.7,91.3,Almost completely female dominated,1.8,Education and Training,3
Unit group (4-digit),4322,Teaching Assistants,80200.0,22.2,77.7,No,46.0,11.9,88.1,Highly female dominated,4.8,Education and Training,3
Unit group (4-digit),4329,Other Education Assistants,3500.0,47.0,53.0,No,39.0,29.4,70.5,Moderately female dominated,51.6,Education and Training,3; 4
Unit group (4-digit),4411,Enrolled Nurses,34500.0,40.5,59.5,No,43.0,11.0,89.0,Highly female dominated,2.7,Health Care and Social Assistance,2
Unit group (4-digit),4412,Massage Therapists and Myotherapists,18300.0,23.0,77.0,Yes,43.0,21.3,78.7,Highly female dominated,0.7,Health Care and Social Assistance,2; 3
Unit group (4-digit),4413,Mental Health Workers,10900.0,47.6,52.4,No,40.0,27.9,72.1,Moderately female dominated,5.4,Health Care and Social Assistance,2
Unit group (4-digit),4419,Other Health Support Workers,2300.0,68.3,31.7,No,45.0,29.1,70.8,Moderately female dominated,63.9,Health Care and Social Assistance,2; 3; 4
Unit group (4-digit),4421,Allied Health Assistants,8200.0,29.4,70.6,No,40.0,14.8,85.2,Highly female dominated,1.9,Health Care and Social Assistance,3
Unit group (4-digit),4422,Assistants in Nursing,40200.0,36.7,63.3,No,36.0,14.6,85.4,Highly female dominated,2.7,Health Care and Social Assistance,4
Unit group (4-digit),4423,Dental Assistants,26600.0,37.1,62.9,Yes,31.0,2.5,97.5,Almost completely female dominated,2.4,Health Care and Social Assistance,4
Unit group (4-digit),4424,Optical Dispensers,6100.0,34.5,65.5,Yes,35.0,21.6,78.5,Highly female dominated,1.3,Health Care and Social Assistance,3
Unit group (4-digit),4425,Patient Care and Patient Services Assistants,27800.0,48.0,52.0,No,44.0,41.5,58.4,Gender balanced,2.3,Health Care and Social Assistance,4
Unit group (4-digit),4429,Other Patient and Health Care Assistants,4500.0,55.4,44.7,Yes,45.0,48.1,51.8,Gender balanced,3.7,Health Care and Social Assistance,4
Unit group (4-digit),4511,Defence Force Members - Other Ranks,17800.0,92.3,7.8,No,27.0,82.5,17.5,Highly male dominated,5.2,Public Administration and Safety,3
Unit group (4-digit),4512,Emergency Services Officers and Firefighters,15100.0,92.8,7.2,Yes,43.0,89.7,10.3,Highly male dominated,3.4,Public Administration and Safety,3
Unit group (4-digit),4513,General Duties Police Officers,47700.0,92.2,7.8,Yes,40.0,71.4,28.6,Moderately male dominated,2.9,Public Administration and Safety,2
Unit group (4-digit),4519,Other Protective Service Workers,3600.0,82.7,17.6,Yes,45.0,57.0,42.8,Gender balanced,2.6,Public Administration and Safety,2
Unit group (4-digit),4521,Correctional Officers,20000.0,90.8,9.2,Yes,45.0,70.0,30.0,Moderately male dominated,4.6,Public Administration and Safety,4
Unit group (4-digit),4522,Security Officers and Guards,48700.0,68.7,31.3,No,41.0,81.9,18.1,Highly male dominated,2.7,Public Administration and Safety,3; 4
Unit group (4-digit),4611,Beauty and Dermal Therapists,30700.0,30.1,69.9,Yes,33.0,3.0,97.0,Almost completely female dominated,1.6,Other Services,2; 3
Unit group (4-digit),4612,Body and Make-up Artists,5800.0,38.8,61.1,Yes,31.0,33.2,66.8,Moderately female dominated,2.0,Other Services,3; 4
Unit group (4-digit),4613,Civil Celebrants and Funeral Workers,5100.0,59.3,40.6,No,53.0,45.0,55.0,Gender balanced,1.4,Other Services,2; 3; 4
Unit group (4-digit),4614,Domestic Animal Care Workers,12400.0,31.7,68.3,Yes,33.0,17.1,83.0,Highly female dominated,2.3,Other Services,4; 5
Unit group (4-digit),4615,Driving Instructors,4500.0,38.9,61.2,Yes,54.0,75.8,24.2,Highly male dominated,1.2,Education and Training,3
Unit group (4-digit),4616,Tourist Guides and Information Officers,5700.0,36.0,63.9,Yes,42.0,39.2,60.8,Moderately female dominated,4.9,Arts and Recreation Services,3; 4
Unit group (4-digit),4617,Travel Attendants,6700.0,39.0,61.1,Yes,39.0,24.1,75.9,Highly female dominated,1.9,"Transport, Postal and Warehousing",3; 4
Unit group (4-digit),4618,Travel Consultants,9000.0,53.1,46.9,No,43.0,21.4,78.5,Highly female dominated,0.9,Administrative and Support Services,3
Unit group (4-digit),4619,Other Personal Service and Travel Workers,13800.0,26.7,73.3,Yes,43.0,24.8,75.2,Highly female dominated,1.9,Other Services,3; 4; 5
Unit group (4-digit),4621,Fitness Instructors (General),23300.0,26.3,73.7,Yes,33.0,47.4,52.6,Gender balanced,1.4,Other Services,4
Unit group (4-digit),4622,Pilates and Yoga Instructors,6600.0,14.3,85.7,Yes,42.0,7.7,92.3,Almost completely female dominated,0.8,Education and Training,3; 4
Unit group (4-digit),4623,Sport and Recreation Safety Patrollers,5600.0,18.1,81.8,Yes,21.0,61.0,39.0,Moderately male dominated,2.3,Arts and Recreation Services,3
Unit group (4-digit),4624,Sports Coaches and Outdoor Adventure Guides,35700.0,20.3,79.7,Yes,24.0,45.6,54.4,Gender balanced,1.5,Education and Training,3; 4
Unit group (4-digit),4625,Sports Officials and Umpires,5900.0,12.2,87.8,Yes,17.0,72.1,27.9,Moderately male dominated,1.8,Arts and Recreation Services,3
Unit group (4-digit),4626,Sportspersons,4000.0,53.7,46.5,Yes,26.0,85.2,14.9,Highly male dominated,4.9,Arts and Recreation Services,3
Unit group (4-digit),4711,Bar Attendants,41500.0,20.3,79.7,Yes,24.0,49.7,50.3,Gender balanced,3.8,Accommodation and Food Services,4
Unit group (4-digit),4712,Baristas,47400.0,21.7,78.3,Yes,24.0,26.1,73.9,Moderately female dominated,2.4,Accommodation and Food Services,4
Unit group (4-digit),4713,Cafe Workers,27500.0,12.9,87.1,Yes,22.0,20.0,80.0,Highly female dominated,2.5,Accommodation and Food Services,5
Unit group (4-digit),4714,"Gaming Attendants, Dealers and Croupiers",8200.0,33.2,66.9,Yes,34.0,47.8,52.2,Gender balanced,1.5,Arts and Recreation Services,4
Unit group (4-digit),4715,Hospitality Supervisors,13200.0,47.9,52.1,Yes,31.0,36.7,63.2,Moderately female dominated,2.1,Accommodation and Food Services,3
Unit group (4-digit),4716,Sommeliers and Waiters,86500.0,10.0,90.0,Yes,21.0,23.4,76.6,Highly female dominated,2.1,Accommodation and Food Services,3; 4
Unit group (4-digit),4719,Other Hospitality Workers,5500.0,25.2,74.8,Yes,23.0,44.8,55.2,Gender balanced,2.0,Accommodation and Food Services,5
Unit group (4-digit),5111,Contract Administrators,23200.0,86.9,13.1,No,41.0,49.9,50.1,Gender balanced,1.6,Construction,2
Unit group (4-digit),5112,Program and Project Administrators,102100.0,79.3,20.7,No,42.0,38.1,61.9,Moderately female dominated,2.5,Public Administration and Safety,2
Unit group (4-digit),5211,Conveyancers,7200.0,69.8,30.2,No,42.0,14.3,85.6,Highly female dominated,1.1,"Professional, Scientific and Technical Services",2
Unit group (4-digit),5212,Court and Legal Assistants,28800.0,58.8,41.2,No,34.0,16.2,83.8,Highly female dominated,2.0,"Professional, Scientific and Technical Services",3
Unit group (4-digit),5221,Secretaries (General),22100.0,38.5,61.5,No,55.0,4.1,95.9,Almost completely female dominated,1.2,Construction,3
Unit group (4-digit),5222,Executive Assistants,47700.0,72.5,27.5,No,44.0,3.0,97.0,Almost completely female dominated,1.5,"Professional, Scientific and Technical Services",2
Unit group (4-digit),5311,Bank Officers,43900.0,71.9,28.1,No,38.0,34.7,65.3,Moderately female dominated,1.9,Financial and Insurance Services,3
Unit group (4-digit),5312,Credit and Loans Officers,31200.0,85.8,14.2,No,38.0,44.8,55.2,Gender balanced,1.1,Financial and Insurance Services,3
Unit group (4-digit),5313,Financial and Insurance Brokers,30900.0,81.4,18.6,No,44.0,64.2,35.8,Moderately male dominated,0.7,Financial and Insurance Services,2; 3
Unit group (4-digit),5314,Insurance Consultants,29000.0,78.7,21.3,No,38.0,29.8,70.2,Moderately female dominated,1.4,Financial and Insurance Services,4
Unit group (4-digit),5315,"Insurance Investigators, Loss Adjusters and Risk Surveyors",5000.0,85.7,14.4,No,45.0,66.1,33.9,Moderately male dominated,1.2,Financial and Insurance Services,2; 3
Unit group (4-digit),5319,Other Financial Services and Insurance Workers and Brokers,1100.0,78.7,21.5,No,37.0,39.8,60.9,Moderately female dominated,0.8,Financial and Insurance Services,2
Unit group (4-digit),5411,Accounts Clerks,110700.0,60.7,39.3,No,45.0,14.1,85.9,Highly female dominated,1.3,Construction,4
Unit group (4-digit),5412,Estimators,10100.0,85.0,14.9,No,42.0,76.4,23.6,Highly male dominated,1.0,Construction,4
Unit group (4-digit),5413,Payroll Officers,20200.0,64.3,35.7,No,45.0,12.5,87.5,Highly female dominated,1.6,Health Care and Social Assistance,4
Unit group (4-digit),5421,Bookkeepers,79300.0,33.7,66.3,No,50.0,9.1,90.9,Almost completely female dominated,0.9,"Professional, Scientific and Technical Services",3
Unit group (4-digit),5491,Other Accounting and Related Clerks,8200.0,69.9,30.2,No,42.0,36.9,63.1,Moderately female dominated,2.0,Administrative and Support Services,4; 5
Unit group (4-digit),5511,Call and Contact Centre Workers,43100.0,66.2,33.8,No,34.0,30.8,69.2,Moderately female dominated,2.4,Public Administration and Safety,3; 4
Unit group (4-digit),5512,Information Officers and Switchboard Operators,57700.0,68.6,31.4,No,38.0,30.2,69.8,Moderately female dominated,2.5,Public Administration and Safety,4; 5
Unit group (4-digit),5521,Medical Receptionists,64400.0,32.5,67.5,No,42.0,4.4,95.6,Almost completely female dominated,2.1,Health Care and Social Assistance,4
Unit group (4-digit),5522,Ward Clerks,9200.0,47.8,52.2,No,48.0,8.0,92.0,Almost completely female dominated,2.2,Health Care and Social Assistance,4
Unit group (4-digit),5531,Receptionists (General),71200.0,45.2,54.8,No,38.0,6.2,93.8,Almost completely female dominated,2.8,Health Care and Social Assistance,4
Unit group (4-digit),5532,Hotel and Motel Receptionists,8600.0,38.3,61.7,Yes,32.0,27.0,73.1,Moderately female dominated,2.4,Accommodation and Food Services,4
Unit group (4-digit),5611,General Clerks,252700.0,55.9,44.1,No,44.0,13.6,86.4,Highly female dominated,2.6,Public Administration and Safety,4
Unit group (4-digit),5612,Data Entry Operators and Transcriptionists,51100.0,50.2,49.8,No,42.0,15.7,84.3,Highly female dominated,2.0,Health Care and Social Assistance,4
Unit group (4-digit),5711,Logistics Officers,23600.0,83.3,16.7,No,40.0,60.6,39.4,Moderately male dominated,1.8,"Transport, Postal and Warehousing",4
Unit group (4-digit),5712,Order Clerks,14400.0,77.6,22.4,No,39.0,30.9,69.1,Moderately female dominated,1.2,Wholesale Trade,4
Unit group (4-digit),5713,Procurement and Purchasing Officers,15500.0,85.1,14.9,No,43.0,45.5,54.5,Gender balanced,1.3,Manufacturing,4
Unit group (4-digit),5714,Stock Clerks,19600.0,73.9,26.2,No,40.0,54.5,45.4,Gender balanced,1.7,Retail Trade,4
Unit group (4-digit),5715,Warehouse Administrators,20900.0,67.5,32.5,No,34.0,75.1,24.8,Highly male dominated,2.2,"Transport, Postal and Warehousing",4
Unit group (4-digit),5719,Other Supply Chain Support Workers,4900.0,84.6,15.4,No,40.0,41.7,58.4,Gender balanced,1.2,"Transport, Postal and Warehousing",4
Unit group (4-digit),5911,Inspectors and Regulatory Compliance Officers,10000.0,77.3,22.7,No,46.0,68.2,31.8,Moderately male dominated,2.8,Public Administration and Safety,4; 5
Unit group (4-digit),5912,Regulatory Administration and Assessment Officers,18400.0,75.2,24.8,No,43.0,31.5,68.5,Moderately female dominated,5.3,Public Administration and Safety,4
Unit group (4-digit),5919,Other Inspectors and Regulatory Officers,5900.0,86.0,14.0,No,43.0,57.3,42.7,Gender balanced,2.3,Public Administration and Safety,4
Unit group (4-digit),5991,Filing and Registry Clerks and Library Assistants,22300.0,47.8,52.2,No,47.0,18.3,81.7,Highly female dominated,2.0,Public Administration and Safety,4; 5
Unit group (4-digit),5992,Human Resources Assistants,14000.0,77.2,22.8,No,40.0,22.6,77.4,Highly female dominated,2.5,Health Care and Social Assistance,4
Unit group (4-digit),5993,Mail Sorters,10500.0,63.0,36.9,No,50.0,48.9,51.0,Gender balanced,2.4,"Transport, Postal and Warehousing",5
Unit group (4-digit),5999,Other Miscellaneous Clerical and Administrative Workers,33400.0,66.0,34.0,No,44.0,41.9,58.1,Gender balanced,2.8,"Professional, Scientific and Technical Services",2; 3; 4; 5
Unit group (4-digit),6111,Checkout Operators,90600.0,11.9,88.1,No,21.0,26.3,73.7,Moderately female dominated,3.1,Retail Trade,5
Unit group (4-digit),6191,Product Promotion Workers,20400.0,36.9,63.1,Yes,39.0,22.8,77.2,Highly female dominated,1.6,Retail Trade,4; 5
Unit group (4-digit),6199,Other Sales Support Workers,26600.0,39.2,60.8,Yes,31.0,31.5,68.5,Moderately female dominated,2.0,Retail Trade,2; 3; 4; 5
Unit group (4-digit),6211,Insurance Agents,8700.0,81.8,18.3,No,39.0,46.1,53.9,Gender balanced,1.1,Financial and Insurance Services,3
Unit group (4-digit),6212,Sales Representatives,58000.0,82.4,17.6,No,43.0,62.1,37.9,Moderately male dominated,1.0,Wholesale Trade,4
Unit group (4-digit),6221,Property Managers,33300.0,71.3,28.7,No,42.0,32.1,67.9,Moderately female dominated,1.3,"Rental, Hiring and Real Estate Services",3
Unit group (4-digit),6222,Property Sales Agents and Related Workers,40000.0,78.0,22.0,No,44.0,63.7,36.3,Moderately male dominated,0.9,"Rental, Hiring and Real Estate Services",3
Unit group (4-digit),6311,Sales Assistants (General),562100.0,27.7,72.3,Yes,26.0,35.4,64.6,Moderately female dominated,2.6,Retail Trade,5
Unit group (4-digit),6312,Community Pharmacy Sales Assistants,34400.0,26.2,73.8,No,26.0,12.6,87.4,Highly female dominated,1.8,Retail Trade,4
Unit group (4-digit),6313,ICT Sales Assistants,7100.0,69.6,30.5,No,32.0,65.4,34.7,Moderately male dominated,1.0,Retail Trade,5
Unit group (4-digit),6314,Motor Vehicle and Vehicle Parts Salespersons,27300.0,81.5,18.5,No,40.0,83.5,16.4,Highly male dominated,1.7,Retail Trade,4
Unit group (4-digit),6315,Retail Supervisors,20700.0,55.0,45.0,No,31.0,38.4,61.6,Moderately female dominated,2.3,Retail Trade,4
Unit group (4-digit),6316,Service Station Attendants,7900.0,23.4,76.7,No,30.0,50.5,49.4,Gender balanced,3.7,Retail Trade,5
Unit group (4-digit),6319,Other Sales Assistants and Salespersons,12300.0,58.6,41.4,No,42.0,62.7,37.3,Moderately male dominated,2.0,Wholesale Trade,5
Unit group (4-digit),7111,Automobile Drivers,36900.0,45.8,54.2,Yes,45.0,93.7,6.3,Almost completely male dominated,0.8,"Transport, Postal and Warehousing",4
Unit group (4-digit),7112,Bus and Coach Drivers,37700.0,58.4,41.6,No,57.0,86.7,13.3,Highly male dominated,2.0,"Transport, Postal and Warehousing",4
Unit group (4-digit),7113,Train and Tram Drivers,12700.0,91.3,8.7,Yes,48.0,84.7,15.3,Highly male dominated,3.7,"Transport, Postal and Warehousing",3; 4
Unit group (4-digit),7121,Furniture Removalists,6000.0,45.9,54.0,Yes,32.0,94.6,5.3,Almost completely male dominated,4.0,"Transport, Postal and Warehousing",4
Unit group (4-digit),7122,Postal and Delivery Workers,110700.0,51.4,48.6,No,39.0,85.8,14.2,Highly male dominated,2.0,"Transport, Postal and Warehousing",4
Unit group (4-digit),7131,General Truck Drivers,143500.0,84.1,15.8,No,49.0,95.7,4.3,Almost completely male dominated,3.5,"Transport, Postal and Warehousing",4
Unit group (4-digit),7132,Articulated and Tanker Truck Drivers,7300.0,87.4,12.6,No,51.0,94.4,5.7,Almost completely male dominated,3.6,"Transport, Postal and Warehousing",3
Unit group (4-digit),7211,Storepersons and Warehouse Supervisors,130300.0,67.7,32.3,No,37.0,74.3,25.7,Moderately male dominated,2.0,Retail Trade,3; 4
Unit group (4-digit),7311,Industrial Spray Painters and Sandblasters,4500.0,87.3,12.7,No,40.0,97.7,2.3,Almost completely male dominated,4.5,Manufacturing,4
Unit group (4-digit),7312,Paper and Wood Processing Machine Operators,6300.0,87.3,12.7,No,46.0,90.2,9.8,Almost completely male dominated,2.7,Manufacturing,4
Unit group (4-digit),7313,Plastics and Rubber Production Machine Operators,6100.0,88.6,11.4,No,44.0,90.9,9.2,Almost completely male dominated,2.8,Manufacturing,4
Unit group (4-digit),7314,"Sewing, Textile and Footwear Machine Operators",10100.0,60.3,39.8,No,52.0,29.7,70.3,Moderately female dominated,1.5,Manufacturing,4
Unit group (4-digit),7319,Other Machine Operators,17200.0,73.5,26.5,No,44.0,65.5,34.5,Moderately male dominated,2.3,Manufacturing,4
Unit group (4-digit),7321,"Crane, Hoist and Lift Operators",11200.0,85.3,14.7,Yes,46.0,96.1,3.9,Almost completely male dominated,3.1,Construction,4
Unit group (4-digit),7322,Engineering Production Workers,17500.0,88.9,11.2,No,44.0,93.9,6.1,Almost completely male dominated,2.2,Manufacturing,4
Unit group (4-digit),7323,Miners and Shot Firers,51700.0,93.3,6.7,Yes,42.0,88.9,11.1,Highly male dominated,7.1,Mining,4
Unit group (4-digit),7324,Wastewater and Water Plant Operators,5500.0,92.4,7.6,No,46.0,93.1,6.8,Almost completely male dominated,4.5,"Electricity, Gas, Water and Waste Services",4
Unit group (4-digit),7329,Other Stationary Plant Operators,11200.0,86.7,13.3,No,42.0,86.1,13.9,Highly male dominated,4.4,Construction,4
Unit group (4-digit),7411,"Agricultural, Horticultural and Logging Plant Operators",10600.0,81.9,18.1,No,42.0,92.1,7.9,Almost completely male dominated,3.6,"Agriculture, Forestry and Fishing",4
Unit group (4-digit),7412,Earthmoving Plant Operators,30300.0,86.5,13.5,No,46.0,97.6,2.4,Almost completely male dominated,4.2,Construction,4
Unit group (4-digit),7413,Forklift Drivers,60100.0,82.9,17.0,No,43.0,94.9,5.1,Almost completely male dominated,2.4,Manufacturing,4
Unit group (4-digit),7419,Other Mobile Plant Operators,12700.0,64.4,35.6,Yes,43.0,90.4,9.6,Almost completely male dominated,3.7,"Transport, Postal and Warehousing",4
Unit group (4-digit),8111,Commercial Cleaners,159800.0,31.7,68.3,No,45.0,40.8,59.2,Gender balanced,3.4,Administrative and Support Services,5
Unit group (4-digit),8112,Domestic Cleaners,34000.0,12.7,87.3,Yes,47.0,19.1,80.9,Highly female dominated,2.7,Administrative and Support Services,5
Unit group (4-digit),8113,Drycleaners and Laundry Workers,12700.0,41.7,58.3,No,50.0,29.9,70.1,Moderately female dominated,2.6,Other Services,5
Unit group (4-digit),8114,Housekeepers,26700.0,21.2,78.8,Yes,42.0,15.2,84.9,Highly female dominated,4.1,Accommodation and Food Services,5
Unit group (4-digit),8115,Vehicle Detailers,14200.0,55.0,45.0,Yes,35.0,88.5,11.5,Highly male dominated,3.5,Other Services,5
Unit group (4-digit),8119,Other Cleaners and Laundry Workers,8600.0,44.0,56.0,Yes,44.0,88.7,11.3,Highly male dominated,2.5,Administrative and Support Services,4; 5
Unit group (4-digit),8211,Construction and Demolition Labourers,49400.0,71.7,28.3,Yes,34.0,96.0,4.0,Almost completely male dominated,4.9,Construction,4; 5
Unit group (4-digit),8212,Construction Riggers and Doggers,8600.0,86.9,13.1,Yes,39.0,97.8,2.2,Almost completely male dominated,3.2,Construction,4
Unit group (4-digit),8213,Fencers,9500.0,70.1,29.8,No,41.0,96.1,3.9,Almost completely male dominated,4.1,Construction,4
Unit group (4-digit),8214,Home Improvement and Insulation Installers,9800.0,69.8,30.2,Yes,40.0,96.9,3.1,Almost completely male dominated,2.7,Construction,4
Unit group (4-digit),8215,Paving and Surfacing Labourers,6500.0,87.2,12.8,No,42.0,96.3,3.8,Almost completely male dominated,9.4,Construction,5
Unit group (4-digit),8216,Plumbing and Drainage Labourers,5700.0,85.7,14.4,No,38.0,95.6,4.5,Almost completely male dominated,6.4,Construction,4; 5
Unit group (4-digit),8217,Structural Steel Construction Workers,12600.0,79.0,21.0,Yes,34.0,99.1,0.9,Almost completely male dominated,4.3,Construction,4
Unit group (4-digit),8219,Other Construction and Mining Labourers,9500.0,83.6,16.3,Yes,35.0,91.7,8.3,Almost completely male dominated,6.8,Mining,4; 5
Unit group (4-digit),8311,Food and Drink Factory Workers,22300.0,71.6,28.4,No,41.0,69.7,30.3,Moderately male dominated,2.0,Manufacturing,5
Unit group (4-digit),8312,"Meat Boners and Slicers, and Slaughterers",7900.0,79.1,20.9,No,35.0,83.1,17.0,Highly male dominated,3.5,Manufacturing,4
Unit group (4-digit),8313,"Meat, Poultry and Seafood Process Workers",21900.0,73.5,26.5,No,38.0,67.3,32.7,Moderately male dominated,2.8,Manufacturing,5
Unit group (4-digit),8321,Packers,56600.0,53.8,46.2,No,37.0,40.5,59.5,Gender balanced,1.8,Manufacturing,5
Unit group (4-digit),8322,Product Assemblers,23100.0,78.4,21.6,No,43.0,76.6,23.4,Highly male dominated,1.7,Manufacturing,5
Unit group (4-digit),8391,Materials and Chemical Process Workers,25100.0,73.9,26.1,No,39.0,84.1,16.0,Highly male dominated,3.9,Manufacturing,5
Unit group (4-digit),8392,Product Quality Controllers,9200.0,76.1,23.8,No,41.0,52.3,47.6,Gender balanced,1.8,Manufacturing,4
Unit group (4-digit),8411,Crop Farm Workers,24200.0,59.5,40.5,No,36.0,66.4,33.6,Moderately male dominated,2.6,"Agriculture, Forestry and Fishing",4; 5
Unit group (4-digit),8412,Livestock Farm Workers,22000.0,59.3,40.7,No,33.0,57.9,42.1,Gender balanced,3.8,"Agriculture, Forestry and Fishing",4; 5
Unit group (4-digit),8413,Mixed Production and Aquaculture Farm Workers,2500.0,75.0,25.1,No,34.0,83.4,16.6,Highly male dominated,2.9,"Agriculture, Forestry and Fishing",5
Unit group (4-digit),8421,Garden Labourers,21700.0,51.0,49.0,Yes,45.0,92.0,8.0,Almost completely male dominated,5.1,Administrative and Support Services,5
Unit group (4-digit),8422,Horticultural Nursery Assistants,6500.0,50.0,50.1,No,38.0,43.6,56.5,Gender balanced,2.4,"Agriculture, Forestry and Fishing",5
Unit group (4-digit),8429,Other Garden and Forestry Workers,4700.0,58.8,41.2,No,36.0,77.4,22.7,Highly male dominated,5.9,"Agriculture, Forestry and Fishing",4; 5
Unit group (4-digit),8511,Fast Food Cooks,43600.0,10.3,89.6,No,18.0,65.4,34.6,Moderately male dominated,3.5,Accommodation and Food Services,5
Unit group (4-digit),8512,Food Preparation Assistants,123700.0,17.2,82.8,Yes,24.0,43.6,56.4,Gender balanced,2.8,Accommodation and Food Services,5
Unit group (4-digit),8911,Freight and Furniture Handlers,10000.0,57.0,43.0,No,31.0,91.3,8.7,Almost completely male dominated,3.7,"Transport, Postal and Warehousing",5
Unit group (4-digit),8912,Shelf Fillers,63400.0,20.7,79.3,No,25.0,63.1,36.9,Moderately male dominated,3.4,Retail Trade,5
Unit group (4-digit),8991,Caretakers,7000.0,52.8,47.1,No,57.0,83.2,16.8,Highly male dominated,2.6,Education and Training,5
Unit group (4-digit),8992,Deck and Fishing Hands,5100.0,68.2,32.0,Yes,41.0,90.1,10.0,Almost completely male dominated,5.9,"Agriculture, Forestry and Fishing",4
Unit group (4-digit),8993,Handypersons,34500.0,51.1,48.9,Yes,53.0,96.2,3.8,Almost completely male dominated,2.6,Construction,5
Unit group (4-digit),8994,Motor Vehicle Parts and Accessories Fitters,13700.0,81.3,18.7,No,35.0,97.1,2.9,Almost completely male dominated,4.8,Other Services,4; 5
Unit group (4-digit),8995,"Rail Guards, Conductors and Railways Assistants",3600.0,83.9,16.0,Yes,46.0,70.7,29.4,Moderately male dominated,3.2,"Transport, Postal and Warehousing",5
Unit group (4-digit),8996,Road Traffic Controllers,16500.0,52.3,47.7,Yes,42.0,67.5,32.5,Moderately male dominated,5.9,Public Administration and Safety,5
Unit group (4-digit),8999,Other Miscellaneous Labourers,34300.0,43.9,56.1,No,43.0,78.4,21.6,Highly male dominated,3.5,Public Administration and Safety,4; 5
Occupation (6-digit),111131,Corporate Services Manager,10000.0,84.4,15.6,No,46.0,43.4,56.6,Gender balanced,1.4,"Professional, Scientific and Technical Services",1
Occupation (6-digit),111231,Finance Manager,64500.0,85.1,14.9,No,46.0,50.6,49.4,Gender balanced,0.5,Financial and Insurance Services,1
Occupation (6-digit),111331,Human Resources Manager,44800.0,84.4,15.6,No,44.0,33.2,66.8,Moderately female dominated,1.5,Public Administration and Safety,1
Occupation (6-digit),111431,Policy and Planning Manager,58700.0,85.6,14.4,No,44.0,42.3,57.7,Gender balanced,2.2,Public Administration and Safety,1
Occupation (6-digit),111531,Research and Development Manager,19800.0,84.5,15.5,No,44.0,51.8,48.2,Gender balanced,1.0,"Professional, Scientific and Technical Services",1
Occupation (6-digit),111631,Quality Assurance Manager,16600.0,85.3,14.6,No,43.0,45.4,54.6,Gender balanced,1.0,Manufacturing,1
Occupation (6-digit),111632,Regulatory Affairs Manager,1600.0,84.9,14.8,No,43.0,32.5,67.9,Moderately female dominated,0.5,Manufacturing,1
Occupation (6-digit),111633,Work Health and Safety Manager,7600.0,90.8,9.1,No,47.0,59.4,40.7,Gender balanced,1.3,Construction,1
Occupation (6-digit),112131,Advertising Manager,2300.0,86.0,14.0,No,38.0,48.0,52.0,Gender balanced,0.4,"Professional, Scientific and Technical Services",1
Occupation (6-digit),112132,Business Development Manager,32200.0,88.5,11.5,No,43.0,67.4,32.7,Moderately male dominated,0.8,"Professional, Scientific and Technical Services",1
Occupation (6-digit),112133,Sales and Marketing Manager,104800.0,86.1,13.9,No,43.0,59.2,40.8,Gender balanced,0.7,Retail Trade,1
Occupation (6-digit),112231,Communications Manager (Public Relations),11200.0,84.1,16.0,No,41.0,27.7,72.3,Moderately female dominated,1.5,Public Administration and Safety,1
Occupation (6-digit),113131,Chief Information Officer,4600.0,96.4,3.6,No,45.0,89.6,10.3,Highly male dominated,0.3,"Professional, Scientific and Technical Services",1
Occupation (6-digit),113132,Chief Information Security Officer,1100.0,97.2,2.7,No,45.0,84.7,15.4,Highly male dominated,0.0,"Professional, Scientific and Technical Services",1
Occupation (6-digit),113231,ICT Operations Manager,1700.0,95.0,5.0,No,44.0,79.3,20.7,Highly male dominated,0.4,"Professional, Scientific and Technical Services",1
Occupation (6-digit),113232,ICT Project Manager,55100.0,92.8,7.2,No,44.0,75.3,24.7,Highly male dominated,0.4,"Professional, Scientific and Technical Services",1
Occupation (6-digit),113233,ICT Service Delivery Manager,4100.0,95.3,4.6,No,43.0,72.7,27.3,Moderately male dominated,0.6,"Professional, Scientific and Technical Services",1
Occupation (6-digit),113299,ICT Managers nec,6700.0,93.7,6.3,No,44.0,80.9,19.1,Highly male dominated,0.5,"Professional, Scientific and Technical Services",1
Occupation (6-digit),121131,Chief Executive or Managing Director,97500.0,83.4,16.6,No,51.0,75.6,24.4,Highly male dominated,1.4,"Professional, Scientific and Technical Services",1
Occupation (6-digit),121231,Corporate General Manager,68400.0,85.8,14.2,No,47.0,68.3,31.7,Moderately male dominated,1.2,Health Care and Social Assistance,1
Occupation (6-digit),121232,Defence Force Senior Officer,370.0,,,,,,,,,,1
Occupation (6-digit),121331,Local Government Legislator,1500.0,54.0,46.0,No,55.0,47.3,52.6,Gender balanced,6.3,Public Administration and Safety,1
Occupation (6-digit),121332,Member of Parliament,840.0,96.1,3.7,No,50.0,61.5,38.9,Moderately male dominated,2.0,Public Administration and Safety,1
Occupation (6-digit),121399,Legislators nec,110.0,,,,,,,,,,1
Occupation (6-digit),131131,Construction Project Manager,66800.0,89.9,10.1,No,42.0,86.4,13.6,Highly male dominated,1.1,Construction,1
Occupation (6-digit),131231,Engineering Manager,22600.0,93.8,6.2,No,45.0,89.7,10.3,Highly male dominated,0.5,"Professional, Scientific and Technical Services",1
Occupation (6-digit),131331,Project Builder,46600.0,82.0,18.0,No,45.0,96.2,3.9,Almost completely male dominated,1.8,Construction,1
Occupation (6-digit),131431,Property Developer,4800.0,81.3,18.8,No,43.0,77.8,22.1,Highly male dominated,0.6,"Rental, Hiring and Real Estate Services",1
Occupation (6-digit),131931,Surveying Manager,490.0,,,,,,,,,,1
Occupation (6-digit),131999,Construction and Engineering Managers nec,3800.0,94.7,5.2,No,30.0,85.9,14.1,Highly male dominated,0.9,Construction,1
Occupation (6-digit),132131,Manufacturer,15200.0,73.9,26.1,No,47.0,73.5,26.6,Moderately male dominated,1.7,Manufacturing,1
Occupation (6-digit),132231,Forest Manager,540.0,91.2,9.8,No,47.0,84.1,15.7,Highly male dominated,3.2,"Agriculture, Forestry and Fishing",1
Occupation (6-digit),132232,Production Manager (Manufacturing),37300.0,90.8,9.2,No,46.0,81.9,18.1,Highly male dominated,1.1,Manufacturing,1
Occupation (6-digit),132233,Production Manager (Mining),10600.0,94.7,5.3,No,45.0,86.9,13.1,Highly male dominated,2.0,Mining,1
Occupation (6-digit),133131,Importer or Exporter,3000.0,66.2,33.6,No,48.0,65.1,34.7,Moderately male dominated,0.3,Wholesale Trade,1
Occupation (6-digit),133132,Wholesaler,9800.0,76.4,23.5,No,49.0,75.9,24.2,Highly male dominated,0.8,Wholesale Trade,1
Occupation (6-digit),133231,Procurement Manager,12100.0,90.5,9.5,No,45.0,63.4,36.6,Moderately male dominated,0.7,Manufacturing,1
Occupation (6-digit),133331,Supply and Distribution Manager,39500.0,92.1,7.9,No,44.0,77.3,22.7,Highly male dominated,1.2,"Transport, Postal and Warehousing",1
Occupation (6-digit),141131,Assistant School Principal,10500.0,93.7,6.2,No,46.0,28.3,71.7,Moderately female dominated,1.8,Education and Training,1
Occupation (6-digit),141132,School Principal,13900.0,96.2,3.8,No,51.0,40.2,59.8,Gender balanced,1.7,Education and Training,1
Occupation (6-digit),141231,Children's Education and Care Service Director,14700.0,73.8,26.2,No,40.0,7.3,92.6,Almost completely female dominated,2.3,Health Care and Social Assistance,1
Occupation (6-digit),141331,Aged Care Manager,6800.0,88.2,11.7,No,48.0,20.8,79.2,Highly female dominated,2.1,Health Care and Social Assistance,1
Occupation (6-digit),141332,Director of Nursing / Midwifery,1500.0,92.1,7.9,No,52.0,14.0,86.3,Highly female dominated,1.4,Health Care and Social Assistance,1
Occupation (6-digit),141333,Medical Administrator,3000.0,75.7,24.2,No,47.0,25.8,74.4,Moderately female dominated,1.6,Health Care and Social Assistance,1
Occupation (6-digit),141334,Paramedic Manager,310.0,,,,,,,,,,1
Occupation (6-digit),141335,Welfare Centre Manager,1200.0,84.4,16.3,No,48.0,27.7,72.2,Moderately female dominated,5.3,Health Care and Social Assistance,1
Occupation (6-digit),141399,Health and Welfare Service Managers nec,12300.0,85.1,14.8,No,46.0,27.8,72.2,Moderately female dominated,2.8,Health Care and Social Assistance,1
Occupation (6-digit),141431,Faculty Manager,5700.0,89.8,10.2,No,50.0,40.5,59.5,Gender balanced,1.5,Education and Training,1
Occupation (6-digit),141432,Regional Education Manager,1300.0,88.1,11.6,No,51.0,37.6,62.3,Moderately female dominated,2.4,Education and Training,1
Occupation (6-digit),141499,Education Managers nec,3900.0,78.2,21.8,No,46.0,32.5,67.6,Moderately female dominated,2.0,Education and Training,1
Occupation (6-digit),149131,Arts Administrator or Manager,2000.0,64.9,35.3,No,45.0,28.3,71.4,Moderately female dominated,1.7,Arts and Recreation Services,1
Occupation (6-digit),149132,Library Services Manager,990.0,76.6,23.2,No,53.0,14.9,84.8,Highly female dominated,0.9,Education and Training,1
Occupation (6-digit),149133,Sports Administrator,2900.0,76.5,23.7,No,38.0,61.3,38.8,Moderately male dominated,1.6,Arts and Recreation Services,1
Occupation (6-digit),149199,"Arts, Culture and Sports Administrators nec",350.0,,,,,,,,,,1
Occupation (6-digit),149231,Commissioned Defence Force Officer,8600.0,89.4,10.6,No,36.0,80.4,19.5,Highly male dominated,1.6,Public Administration and Safety,1
Occupation (6-digit),149232,Commissioned Fire Officer,1900.0,95.8,4.6,Yes,51.0,93.3,7.0,Almost completely male dominated,1.6,Public Administration and Safety,1
Occupation (6-digit),149233,Commissioned Police Officer,3800.0,94.3,5.8,Yes,49.0,77.1,22.8,Highly male dominated,1.5,Public Administration and Safety,1
Occupation (6-digit),149331,Environmental Manager,3000.0,87.5,12.5,No,43.0,59.1,41.0,Gender balanced,1.6,Public Administration and Safety,1
Occupation (6-digit),149332,Exploration Manager,900.0,91.2,8.6,No,46.0,72.3,28.0,Moderately male dominated,1.6,Mining,1
Occupation (6-digit),149333,Laboratory Manager,3000.0,85.3,14.5,No,45.0,51.6,48.3,Gender balanced,0.6,"Professional, Scientific and Technical Services",1
Occupation (6-digit),149399,Scientific and Environmental Managers nec,790.0,91.2,9.2,No,47.0,62.4,37.4,Moderately male dominated,2.9,Public Administration and Safety,1
Occupation (6-digit),149431,Senior Non-commissioned Defence Force Member,4200.0,89.8,10.1,No,44.0,83.8,16.3,Highly male dominated,2.5,Public Administration and Safety,1
Occupation (6-digit),149931,Airport Manager,1500.0,90.9,9.0,No,45.0,60.0,39.8,Moderately male dominated,1.2,"Transport, Postal and Warehousing",1
Occupation (6-digit),149932,Correctional Facility Manager,610.0,94.0,6.9,No,49.0,66.4,33.6,Moderately male dominated,1.8,Public Administration and Safety,1
Occupation (6-digit),149933,Emergency Management Officer,760.0,89.5,9.9,No,49.0,61.8,38.0,Moderately male dominated,2.2,Public Administration and Safety,1
Occupation (6-digit),149999,Specialist Managers nec,11700.0,90.0,10.0,No,44.0,60.1,39.8,Moderately male dominated,1.1,Financial and Insurance Services,1
Occupation (6-digit),151131,Cotton Grower,160.0,,,,,,,,,,1
Occupation (6-digit),151132,"Grain, Oilseed, Pulse or Pasture Grower",6700.0,81.1,18.9,No,55.0,79.6,20.4,Highly male dominated,0.7,"Agriculture, Forestry and Fishing",1
Occupation (6-digit),151133,Sugar Cane Grower,1500.0,82.8,16.9,No,60.0,84.1,15.8,Highly male dominated,0.2,"Agriculture, Forestry and Fishing",1
Occupation (6-digit),151199,Broadacre Crop Growers nec,200.0,,,,,,,,,,1
Occupation (6-digit),151231,Flower Grower,810.0,65.0,35.4,No,52.0,58.5,41.1,Gender balanced,0.4,"Agriculture, Forestry and Fishing",1
Occupation (6-digit),151232,Fruit Grower,5700.0,71.9,28.1,No,53.0,74.2,25.8,Moderately male dominated,0.7,"Agriculture, Forestry and Fishing",1
Occupation (6-digit),151233,Nut Grower,680.0,77.5,23.1,No,52.0,77.0,23.8,Highly male dominated,2.0,"Agriculture, Forestry and Fishing",1
Occupation (6-digit),151234,Production Nursery Grower,790.0,73.5,25.8,No,49.0,60.1,40.3,Moderately male dominated,1.3,"Agriculture, Forestry and Fishing",1
Occupation (6-digit),151235,Turf Grower,290.0,,,,,,,,,,1
Occupation (6-digit),151236,Vegetable Grower,4400.0,71.4,28.5,No,49.0,67.3,32.7,Moderately male dominated,0.7,"Agriculture, Forestry and Fishing",1
Occupation (6-digit),151237,Wine Grape Grower,1200.0,72.6,27.2,No,57.0,73.9,26.1,Moderately male dominated,0.4,"Agriculture, Forestry and Fishing",1
Occupation (6-digit),151299,Horticultural Crop Growers nec,3200.0,71.8,28.1,No,49.0,73.0,26.9,Moderately male dominated,1.2,"Agriculture, Forestry and Fishing",1
Occupation (6-digit),151331,Aquaculture Farmer,1400.0,75.8,24.2,No,43.0,83.8,16.0,Highly male dominated,6.9,"Agriculture, Forestry and Fishing",1
Occupation (6-digit),151332,Broadacre Crop and Livestock Farmer,18900.0,81.7,18.3,No,56.0,73.4,26.7,Moderately male dominated,0.7,"Agriculture, Forestry and Fishing",1
Occupation (6-digit),151399,Mixed Production and Aquaculture Farmers nec,4200.0,80.0,20.0,No,55.0,72.5,27.3,Moderately male dominated,0.6,"Agriculture, Forestry and Fishing",1
Occupation (6-digit),152131,Beef Cattle Farmer,24300.0,70.9,29.0,No,62.0,67.6,32.4,Moderately male dominated,1.0,"Agriculture, Forestry and Fishing",1
Occupation (6-digit),152231,Dairy Cattle Farmer,7400.0,83.3,16.7,No,48.0,67.5,32.4,Moderately male dominated,1.4,"Agriculture, Forestry and Fishing",1
Occupation (6-digit),152331,Mixed Cattle and Sheep Farmer,2000.0,80.2,19.9,No,60.0,71.3,28.8,Moderately male dominated,0.7,"Agriculture, Forestry and Fishing",1
Occupation (6-digit),152431,Sheep Farmer,8200.0,73.6,26.5,No,60.0,70.4,29.6,Moderately male dominated,0.9,"Agriculture, Forestry and Fishing",1
Occupation (6-digit),152931,Apiarist,1600.0,67.4,32.8,No,50.0,78.0,21.8,Highly male dominated,2.3,"Agriculture, Forestry and Fishing",1
Occupation (6-digit),152932,Goat Farmer,180.0,,,,,,,,,,1
Occupation (6-digit),152933,Horse Breeder,690.0,78.0,21.8,No,53.0,46.9,53.1,Gender balanced,0.7,"Agriculture, Forestry and Fishing",1
Occupation (6-digit),152934,Pig Farmer,440.0,,,,,,,,,,1
Occupation (6-digit),152935,Poultry Farmer,1600.0,81.2,18.4,No,46.0,72.5,27.7,Moderately male dominated,2.4,"Agriculture, Forestry and Fishing",1
Occupation (6-digit),152999,Livestock Farmers nec,1200.0,74.4,25.8,No,53.0,54.7,45.6,Gender balanced,1.9,"Agriculture, Forestry and Fishing",1
Occupation (6-digit),161131,Accommodation Service Manager,2100.0,68.0,32.4,Yes,39.0,45.2,54.8,Gender balanced,1.2,Accommodation and Food Services,2
Occupation (6-digit),161231,Cafe or Restaurant Manager,86200.0,68.3,31.7,No,39.0,48.8,51.2,Gender balanced,1.3,Accommodation and Food Services,2
Occupation (6-digit),161232,Catering Manager,11500.0,65.9,34.2,No,43.0,43.9,56.0,Gender balanced,1.3,Accommodation and Food Services,2
Occupation (6-digit),161331,Amusement Centre Manager,1400.0,58.1,42.3,Yes,34.0,58.7,41.8,Gender balanced,1.8,Arts and Recreation Services,2
Occupation (6-digit),161332,Betting Agency Manager,390.0,,,,,,,,,,2
Occupation (6-digit),161333,Cinema or Theatre Manager,1500.0,47.1,53.0,Yes,32.0,47.6,52.6,Gender balanced,1.2,Information Media and Telecommunications,2
Occupation (6-digit),161334,Fitness Centre Manager,5700.0,62.2,37.9,Yes,35.0,49.4,50.6,Gender balanced,1.4,Arts and Recreation Services,2
Occupation (6-digit),161335,Sports Centre Manager,4700.0,62.8,37.1,Yes,40.0,56.3,43.8,Gender balanced,1.7,Arts and Recreation Services,2
Occupation (6-digit),161399,"Entertainment, Fitness and Sports Venue Managers nec",430.0,,,,,,,,,,2
Occupation (6-digit),161431,Hotel or Motel Manager,18300.0,73.4,26.6,Yes,44.0,55.7,44.3,Gender balanced,1.7,Accommodation and Food Services,2
Occupation (6-digit),161531,Licensed Club Manager,4400.0,65.2,34.9,Yes,43.0,52.6,47.4,Gender balanced,2.3,Accommodation and Food Services,2
Occupation (6-digit),161631,Senior Chef,11100.0,71.7,28.3,Yes,36.0,77.0,23.0,Highly male dominated,1.4,Accommodation and Food Services,2
Occupation (6-digit),161931,Caravan Park and Camping Ground Manager,3300.0,81.9,18.1,No,54.0,50.3,49.7,Gender balanced,2.3,Accommodation and Food Services,2
Occupation (6-digit),161932,Hosted Accommodation Operator,1700.0,25.6,74.4,Yes,60.0,29.8,70.4,Moderately female dominated,0.7,Accommodation and Food Services,2
Occupation (6-digit),161933,Travel Agency Manager,940.0,60.7,39.6,No,48.0,40.8,60.0,Gender balanced,0.3,Administrative and Support Services,2
Occupation (6-digit),161999,"Hospitality, Tourism and Venue Managers nec",6400.0,63.0,37.0,No,47.0,47.2,52.8,Gender balanced,2.3,Accommodation and Food Services,2
Occupation (6-digit),162131,Retail Manager (General),129300.0,76.2,23.8,No,41.0,48.9,51.1,Gender balanced,1.4,Retail Trade,2
Occupation (6-digit),162132,Antique Dealer,550.0,46.0,54.0,No,60.0,55.8,44.4,Gender balanced,1.1,Retail Trade,2
Occupation (6-digit),162133,Post Office Manager,3100.0,82.2,17.8,No,53.0,48.0,52.1,Gender balanced,1.9,"Transport, Postal and Warehousing",2
Occupation (6-digit),171131,Financial Institution Manager,9400.0,92.8,7.1,No,43.0,47.0,53.0,Gender balanced,0.9,Financial and Insurance Services,2
Occupation (6-digit),171231,Office Manager,97400.0,60.7,39.3,No,48.0,12.4,87.6,Highly female dominated,1.4,Construction,2
Occupation (6-digit),171232,Payroll Manager,7200.0,73.0,27.1,No,46.0,16.8,83.2,Highly female dominated,1.1,Health Care and Social Assistance,2
Occupation (6-digit),171331,Health Practice Manager,23900.0,58.1,41.8,No,48.0,9.3,90.7,Almost completely female dominated,1.5,Health Care and Social Assistance,2
Occupation (6-digit),171332,Legal Practice Manager,460.0,,,,,,,,,,2
Occupation (6-digit),171333,Veterinary Practice Manager,410.0,,,,,,,,,,2
Occupation (6-digit),171399,Practice Managers nec,2500.0,69.4,30.8,No,45.0,17.2,83.0,Highly female dominated,1.1,"Professional, Scientific and Technical Services",2
Occupation (6-digit),171431,Real Estate Agency Principal,6000.0,79.0,20.9,No,49.0,61.1,39.0,Moderately male dominated,0.6,"Rental, Hiring and Real Estate Services",2
Occupation (6-digit),172131,Call or Contact Centre Manager,3700.0,90.2,9.7,No,42.0,58.8,41.2,Gender balanced,1.4,Construction,2
Occupation (6-digit),172132,Customer Service Manager,46600.0,86.9,13.1,No,42.0,49.7,50.3,Gender balanced,1.3,Retail Trade,2
Occupation (6-digit),172231,Event Manager,21600.0,62.8,37.2,Yes,36.0,24.2,75.8,Highly female dominated,1.3,Administrative and Support Services,2
Occupation (6-digit),172331,Facilities Manager,19400.0,85.9,14.1,No,48.0,76.8,23.2,Highly male dominated,1.4,"Rental, Hiring and Real Estate Services",2
Occupation (6-digit),172431,Hair or Beauty Salon Manager,5000.0,57.0,43.1,Yes,38.0,16.4,83.4,Highly female dominated,1.3,Other Services,2
Occupation (6-digit),172499,"Hair, Body and Beauty Service Managers nec",350.0,,,,,,,,,,2
Occupation (6-digit),172531,Fleet Manager,3600.0,91.1,8.8,No,46.0,73.6,26.6,Moderately male dominated,1.7,"Transport, Postal and Warehousing",2
Occupation (6-digit),172532,Railway Station Manager,860.0,93.9,5.9,No,52.0,76.5,23.0,Highly male dominated,1.6,"Transport, Postal and Warehousing",2
Occupation (6-digit),172533,Transport Company Manager,9400.0,77.1,22.9,No,50.0,82.2,17.8,Highly male dominated,1.5,"Transport, Postal and Warehousing",2
Occupation (6-digit),172931,Boarding Kennel or Cattery Operator,580.0,65.2,33.9,No,54.0,31.9,67.6,Moderately female dominated,1.6,Other Services,2
Occupation (6-digit),172932,Equipment Hire Manager,3200.0,81.7,18.2,No,46.0,77.2,22.8,Highly male dominated,1.4,"Rental, Hiring and Real Estate Services",2
Occupation (6-digit),172933,Retirement Village Manager,1300.0,80.3,20.0,No,54.0,31.0,68.6,Moderately female dominated,1.1,Health Care and Social Assistance,2
Occupation (6-digit),172934,Security Manager (Non-ICT),2300.0,90.3,9.9,No,46.0,85.2,15.1,Highly male dominated,1.8,Public Administration and Safety,2
Occupation (6-digit),172999,Service Managers nec,8600.0,76.1,23.8,No,47.0,71.7,28.3,Moderately male dominated,1.6,"Transport, Postal and Warehousing",2
Occupation (6-digit),211131,Accountant (General),128400.0,77.9,22.1,No,40.0,46.0,54.0,Gender balanced,0.4,"Professional, Scientific and Technical Services",1
Occupation (6-digit),211132,Corporate Treasurer,4000.0,91.3,8.6,No,39.0,57.8,42.1,Gender balanced,0.3,Financial and Insurance Services,1
Occupation (6-digit),211133,Forensic Accountant,1600.0,82.3,17.2,No,37.0,49.1,50.6,Gender balanced,0.4,"Professional, Scientific and Technical Services",1
Occupation (6-digit),211134,Management Accountant,7900.0,86.7,13.3,No,40.0,46.1,53.8,Gender balanced,0.2,Public Administration and Safety,1
Occupation (6-digit),211135,Taxation Accountant,13600.0,73.9,26.1,No,42.0,49.3,50.7,Gender balanced,0.5,"Professional, Scientific and Technical Services",1
Occupation (6-digit),211231,External Auditor,13200.0,85.4,14.6,No,35.0,51.8,48.2,Gender balanced,0.6,"Professional, Scientific and Technical Services",1
Occupation (6-digit),211232,Internal Auditor,6500.0,85.5,14.5,No,39.0,44.0,55.9,Gender balanced,0.6,Financial and Insurance Services,1
Occupation (6-digit),212131,Financial Adviser,23800.0,84.6,15.4,No,43.0,68.7,31.3,Moderately male dominated,0.5,Financial and Insurance Services,1
Occupation (6-digit),212231,Financial Market Dealer,1600.0,82.5,17.5,No,38.0,82.8,17.4,Highly male dominated,0.2,Financial and Insurance Services,1
Occupation (6-digit),212232,Stockbroker,2800.0,77.0,22.9,No,46.0,84.5,15.4,Highly male dominated,0.3,Financial and Insurance Services,1
Occupation (6-digit),212331,Capital Markets Specialist,1500.0,88.0,12.1,No,34.0,74.7,25.7,Moderately male dominated,0.7,Financial and Insurance Services,1
Occupation (6-digit),212332,Investment Analyst,3200.0,90.6,9.3,No,32.0,68.5,31.6,Moderately male dominated,0.5,Financial and Insurance Services,1
Occupation (6-digit),212333,Investment Manager,10500.0,81.4,18.6,No,44.0,67.5,32.5,Moderately male dominated,0.5,Financial and Insurance Services,1
Occupation (6-digit),212931,Credit Risk Manager,2400.0,93.3,6.5,No,40.0,62.0,38.1,Moderately male dominated,0.4,Financial and Insurance Services,1
Occupation (6-digit),212999,Financial Services and Investment Specialists nec,1900.0,92.1,8.2,No,40.0,57.5,42.6,Gender balanced,0.5,Financial and Insurance Services,1
Occupation (6-digit),221131,Advertising Specialist,8500.0,84.0,16.0,No,35.0,44.4,55.7,Gender balanced,0.6,"Professional, Scientific and Technical Services",1
Occupation (6-digit),221231,Communications Officer (Public Relations),22900.0,73.5,26.5,No,36.0,26.1,73.9,Moderately female dominated,1.3,Public Administration and Safety,1
Occupation (6-digit),221331,Electorate Officer,2700.0,68.7,31.2,No,36.0,39.6,60.4,Moderately female dominated,1.4,Public Administration and Safety,1
Occupation (6-digit),221332,Liaison Officer,8700.0,72.2,27.8,No,41.0,27.8,72.2,Moderately female dominated,15.4,Public Administration and Safety,1
Occupation (6-digit),221431,ICT Business Development Manager,2300.0,93.8,5.9,No,41.0,81.5,18.3,Highly male dominated,0.3,"Professional, Scientific and Technical Services",1
Occupation (6-digit),221531,Content Creator (Marketing),22900.0,79.1,20.9,No,34.0,42.7,57.3,Gender balanced,0.6,"Professional, Scientific and Technical Services",1
Occupation (6-digit),221532,Digital Marketing Analyst,690.0,84.1,15.6,No,32.0,45.2,53.8,Gender balanced,0.0,"Professional, Scientific and Technical Services",1
Occupation (6-digit),221533,Market Research Analyst,1600.0,71.5,28.6,No,36.0,42.4,57.2,Gender balanced,0.4,"Professional, Scientific and Technical Services",1
Occupation (6-digit),221534,Marketing Specialist,49100.0,74.5,25.6,No,35.0,35.3,64.7,Moderately female dominated,0.6,"Professional, Scientific and Technical Services",1
Occupation (6-digit),221631,ICT Account Manager,7300.0,94.3,5.7,No,38.0,66.4,33.6,Moderately male dominated,0.5,"Professional, Scientific and Technical Services",1
Occupation (6-digit),221632,ICT Sales Representative,6400.0,91.1,9.0,No,40.0,74.6,25.4,Moderately male dominated,0.5,"Professional, Scientific and Technical Services",1
Occupation (6-digit),221633,Sales Representative (Industrial Products),11700.0,92.2,7.8,No,46.0,87.3,12.7,Highly male dominated,1.0,Wholesale Trade,1
Occupation (6-digit),221634,Sales Representative (Medical and Pharmaceutical Products),9000.0,88.1,11.9,No,43.0,42.5,57.5,Gender balanced,0.5,Wholesale Trade,1
Occupation (6-digit),221699,Technical Sales Representatives nec,1200.0,88.3,11.2,No,43.0,64.5,35.3,Moderately male dominated,0.9,"Professional, Scientific and Technical Services",1
Occupation (6-digit),222131,Human Resources Adviser,35500.0,78.2,21.7,No,37.0,18.5,81.5,Highly female dominated,2.0,Public Administration and Safety,1
Occupation (6-digit),222132,Workplace Relations Adviser,1300.0,78.0,21.7,No,40.0,41.8,58.7,Gender balanced,1.4,Public Administration and Safety,1
Occupation (6-digit),222231,Recruitment Consultant,20700.0,83.0,17.0,No,35.0,33.9,66.1,Moderately female dominated,1.4,Administrative and Support Services,1
Occupation (6-digit),222331,Rehabilitation Consultant,3600.0,74.6,25.3,No,40.0,39.4,60.6,Moderately female dominated,1.0,Health Care and Social Assistance,1
Occupation (6-digit),222332,Work Health and Safety Adviser,17000.0,85.6,14.4,No,45.0,58.2,41.8,Gender balanced,2.3,Construction,1
Occupation (6-digit),222431,Training and Development Professional,30800.0,72.3,27.7,No,46.0,46.2,53.8,Gender balanced,2.3,Education and Training,1
Occupation (6-digit),223131,Actuary,2400.0,88.6,11.2,No,33.0,65.8,34.0,Moderately male dominated,0.0,Financial and Insurance Services,1
Occupation (6-digit),223132,Mathematician,660.0,84.7,14.9,No,36.0,77.1,22.6,Highly male dominated,0.8,Financial and Insurance Services,1
Occupation (6-digit),223133,Statistician,3000.0,71.5,28.4,No,40.0,46.4,53.5,Gender balanced,0.7,"Professional, Scientific and Technical Services",1
Occupation (6-digit),223231,Data Analyst,23300.0,86.1,13.9,No,36.0,57.8,42.2,Gender balanced,0.5,"Professional, Scientific and Technical Services",1
Occupation (6-digit),223232,Data Architect,2200.0,84.3,16.0,No,43.0,58.9,41.3,Gender balanced,0.8,"Professional, Scientific and Technical Services",1
Occupation (6-digit),223233,Data Engineer,3100.0,92.4,7.6,No,36.0,78.8,21.2,Highly male dominated,0.0,"Professional, Scientific and Technical Services",1
Occupation (6-digit),223234,Data Scientist,3400.0,87.9,12.1,No,34.0,72.7,27.3,Moderately male dominated,0.4,"Professional, Scientific and Technical Services",1
Occupation (6-digit),223331,Intelligence Analyst,5200.0,85.4,14.5,No,37.0,47.4,52.7,Gender balanced,1.6,Public Administration and Safety,1
Occupation (6-digit),223332,Policy Analyst,17900.0,77.9,22.1,No,38.0,34.3,65.7,Moderately female dominated,2.5,Public Administration and Safety,1
Occupation (6-digit),223431,Enterprise Architect,1300.0,92.7,7.1,No,45.0,77.6,22.1,Highly male dominated,0.3,"Professional, Scientific and Technical Services",1
Occupation (6-digit),223432,Management Consultant,62800.0,78.7,21.3,No,42.0,59.3,40.7,Gender balanced,0.8,"Professional, Scientific and Technical Services",1
Occupation (6-digit),223433,Organisation and Methods Analyst,14200.0,84.7,15.3,No,42.0,35.9,64.1,Moderately female dominated,0.7,Financial and Insurance Services,1
Occupation (6-digit),223434,Supply Chain Analyst,1300.0,90.3,10.0,No,39.0,57.8,42.6,Gender balanced,1.0,Manufacturing,1
Occupation (6-digit),223531,Asset Manager (Property),1300.0,85.0,14.9,No,43.0,56.7,42.8,Gender balanced,1.0,"Rental, Hiring and Real Estate Services",1
Occupation (6-digit),223532,Valuer,5200.0,84.2,15.7,No,41.0,74.8,25.2,Moderately male dominated,0.7,"Rental, Hiring and Real Estate Services",1
Occupation (6-digit),223931,Company Secretary,2900.0,55.4,44.5,No,55.0,23.1,77.1,Highly female dominated,0.5,"Professional, Scientific and Technical Services",1
Occupation (6-digit),223932,Cost Controller,3000.0,86.7,13.3,No,41.0,50.6,49.4,Gender balanced,0.8,"Professional, Scientific and Technical Services",1
Occupation (6-digit),223933,Health Information Manager,2400.0,75.7,24.4,No,45.0,21.7,78.3,Highly female dominated,1.2,Health Care and Social Assistance,1
Occupation (6-digit),223934,Patents Examiner,460.0,,,,,,,,,,1
Occupation (6-digit),223935,Records or Information Manager,2000.0,80.0,20.0,No,47.0,32.7,67.2,Moderately female dominated,1.5,Public Administration and Safety,1
Occupation (6-digit),223999,Information and Organisation Professionals nec,8300.0,80.4,19.5,No,42.0,44.4,55.6,Gender balanced,1.5,Public Administration and Safety,1
Occupation (6-digit),231131,Actor,1600.0,29.9,69.8,Yes,36.0,51.5,48.8,Gender balanced,3.0,Arts and Recreation Services,1
Occupation (6-digit),231132,Circus Performer or Trainer,810.0,27.5,71.7,Yes,30.0,48.4,51.5,Gender balanced,3.0,Arts and Recreation Services,1
Occupation (6-digit),231133,Content Creator (Social Media),950.0,47.4,52.6,No,29.0,44.9,55.8,Gender balanced,1.1,Arts and Recreation Services,1
Occupation (6-digit),231134,Dancer or Choreographer,980.0,40.7,58.8,Yes,26.0,29.7,70.8,Moderately female dominated,7.2,Arts and Recreation Services,1
Occupation (6-digit),231135,Entertainer or Variety Performer,560.0,30.3,68.8,Yes,33.0,53.6,47.5,Gender balanced,2.0,Arts and Recreation Services,1
Occupation (6-digit),231199,"Actors, Dancers and Other Entertainers nec",1200.0,40.1,60.6,Yes,30.0,53.4,46.8,Gender balanced,2.0,Arts and Recreation Services,1
Occupation (6-digit),231231,Author,4200.0,47.0,52.9,No,48.0,36.5,63.4,Moderately female dominated,1.5,Arts and Recreation Services,1
Occupation (6-digit),231232,Book or Script Editor,1300.0,47.1,53.1,No,47.0,21.7,78.2,Highly female dominated,1.6,Information Media and Telecommunications,1
Occupation (6-digit),231331,Copywriter,3000.0,53.8,46.3,No,37.0,32.8,67.0,Moderately female dominated,0.4,"Professional, Scientific and Technical Services",1
Occupation (6-digit),231332,Journalist,7400.0,72.7,27.3,No,38.0,46.5,53.6,Gender balanced,1.2,Information Media and Telecommunications,1
Occupation (6-digit),231333,Print or Digital Content Editor,5200.0,64.3,35.7,No,41.0,35.6,64.5,Moderately female dominated,0.9,Information Media and Telecommunications,1
Occupation (6-digit),231334,Technical Writer,3700.0,68.2,31.7,No,46.0,41.8,58.3,Gender balanced,0.8,"Professional, Scientific and Technical Services",1
Occupation (6-digit),231399,Journalists and Other Writers nec,1100.0,54.8,45.2,No,41.0,37.9,61.8,Moderately female dominated,1.0,Information Media and Telecommunications,1
Occupation (6-digit),231431,Artistic Director,370.0,,,,,,,,,,1
Occupation (6-digit),231432,Audio or Live Performance Director,230.0,,,,,,,,,,1
Occupation (6-digit),231433,Cinematographer,560.0,59.9,41.7,Yes,37.0,90.9,8.7,Almost completely male dominated,1.1,Information Media and Telecommunications,1
Occupation (6-digit),231434,Film and Video Editor,3500.0,67.9,32.1,No,33.0,71.5,28.4,Moderately male dominated,0.8,Information Media and Telecommunications,1
Occupation (6-digit),231435,Production Manager (Screen or Live Performance),890.0,72.0,28.5,No,38.0,43.1,57.8,Gender balanced,0.3,Information Media and Telecommunications,1
Occupation (6-digit),231436,Screen Director,1700.0,71.1,29.1,No,39.0,77.1,23.2,Highly male dominated,1.6,Information Media and Telecommunications,1
Occupation (6-digit),231437,Screen or Live Performance Designer,370.0,,,,,,,,,,1
Occupation (6-digit),231438,Technical Director,1700.0,87.7,12.2,No,46.0,90.2,9.9,Almost completely male dominated,0.7,"Professional, Scientific and Technical Services",1
Occupation (6-digit),231499,Media Directors and Designers nec,590.0,73.1,26.9,No,42.0,57.8,41.4,Gender balanced,1.9,Information Media and Telecommunications,1
Occupation (6-digit),231531,Audio Producer,2300.0,70.2,29.7,No,37.0,60.3,39.5,Moderately male dominated,1.6,Information Media and Telecommunications,1
Occupation (6-digit),231532,Live Performance Producer,170.0,,,,,,,,,,1
Occupation (6-digit),231533,Screen Producer,5900.0,76.5,23.5,No,39.0,54.1,45.7,Gender balanced,1.2,Information Media and Telecommunications,1
Occupation (6-digit),231631,Composer,430.0,,,,,,,,,,1
Occupation (6-digit),231632,Music Director,460.0,,,,,,,,,,1
Occupation (6-digit),231633,Musician (Instrumental),5400.0,30.5,69.5,Yes,39.0,70.9,29.1,Moderately male dominated,1.7,Arts and Recreation Services,1
Occupation (6-digit),231634,Singer,730.0,28.5,73.1,Yes,36.0,46.4,54.3,Gender balanced,1.9,Arts and Recreation Services,1
Occupation (6-digit),231699,Music Professionals nec,330.0,,,,,,,,,,1
Occupation (6-digit),231731,Painter (Visual Arts),4200.0,42.9,57.2,No,49.0,33.6,66.4,Moderately female dominated,8.2,Arts and Recreation Services,1
Occupation (6-digit),231732,Potter or Ceramic Artist,890.0,44.3,55.2,No,49.0,24.0,75.5,Highly female dominated,1.1,Manufacturing,1
Occupation (6-digit),231733,Sculptor,630.0,59.2,41.1,No,54.0,59.2,40.2,Gender balanced,1.6,Arts and Recreation Services,1
Occupation (6-digit),231799,Visual Arts and Crafts Professionals nec,2900.0,48.1,51.8,No,46.0,34.2,65.7,Moderately female dominated,3.2,Arts and Recreation Services,1
Occupation (6-digit),231931,Community Arts Worker,620.0,49.7,50.1,No,43.0,26.2,73.3,Moderately female dominated,11.6,Public Administration and Safety,1
Occupation (6-digit),231932,Media Presenter,1900.0,57.1,42.6,No,42.0,68.7,31.4,Moderately male dominated,4.9,Information Media and Telecommunications,1
Occupation (6-digit),232131,Librarian,6400.0,57.8,42.3,No,51.0,16.3,83.7,Highly female dominated,1.2,Education and Training,1
Occupation (6-digit),232231,Religious Leader,17700.0,64.6,35.5,No,50.0,69.4,30.6,Moderately male dominated,0.9,Other Services,1
Occupation (6-digit),232331,Archaeologist,750.0,69.8,30.6,No,37.0,42.0,57.6,Gender balanced,4.1,"Professional, Scientific and Technical Services",1
Occupation (6-digit),232332,Archivist,920.0,52.5,47.5,No,51.0,31.7,68.7,Moderately female dominated,1.5,Education and Training,1
Occupation (6-digit),232333,Economist,3400.0,82.8,17.2,No,38.0,65.2,34.8,Moderately male dominated,0.5,Public Administration and Safety,1
Occupation (6-digit),232334,Gallery or Museum Curator,1500.0,67.2,32.8,No,45.0,29.5,70.4,Moderately female dominated,4.4,Arts and Recreation Services,1
Occupation (6-digit),232335,Heritage Consultant,1100.0,60.0,40.3,No,41.0,40.3,59.9,Gender balanced,13.6,"Professional, Scientific and Technical Services",1
Occupation (6-digit),232336,Historian,520.0,49.0,52.1,No,54.0,38.1,61.7,Moderately female dominated,3.9,"Professional, Scientific and Technical Services",1
Occupation (6-digit),232399,Social Science and Related Professionals nec,1200.0,52.5,47.0,No,43.0,39.0,61.0,Moderately female dominated,7.7,Education and Training,1
Occupation (6-digit),241131,Architect,19600.0,80.8,19.2,No,40.0,65.5,34.5,Moderately male dominated,0.4,"Professional, Scientific and Technical Services",1
Occupation (6-digit),241132,Landscape Architect,2700.0,76.0,24.0,No,37.0,51.6,48.2,Gender balanced,0.6,"Professional, Scientific and Technical Services",1
Occupation (6-digit),241133,Urban Designer,1100.0,77.2,22.9,No,40.0,50.1,50.2,Gender balanced,0.6,Public Administration and Safety,1
Occupation (6-digit),241231,Cartographer,300.0,,,,,,,,,,1
Occupation (6-digit),241232,Engineering Surveyor,2200.0,88.2,11.8,No,39.0,96.5,3.5,Almost completely male dominated,1.3,"Professional, Scientific and Technical Services",1
Occupation (6-digit),241233,Geospatial Specialist,3800.0,83.9,16.1,No,42.0,63.7,36.2,Moderately male dominated,0.8,Public Administration and Safety,1
Occupation (6-digit),241234,Land Surveyor,2700.0,82.0,18.0,No,40.0,93.7,6.1,Almost completely male dominated,1.1,"Professional, Scientific and Technical Services",1
Occupation (6-digit),241235,Mine Surveyor,820.0,91.3,9.5,Yes,38.0,94.5,4.4,Almost completely male dominated,2.1,Mining,1
Occupation (6-digit),241299,Geospatial Information Professionals and Surveyors nec,1400.0,85.6,14.4,No,40.0,92.5,7.8,Almost completely male dominated,1.8,"Professional, Scientific and Technical Services",1
Occupation (6-digit),241331,Urban and Regional Planner,12900.0,80.4,19.6,No,39.0,52.9,47.1,Gender balanced,0.8,Public Administration and Safety,1
Occupation (6-digit),241931,Building Surveyor,2900.0,87.0,13.0,No,44.0,85.6,14.3,Highly male dominated,1.2,"Professional, Scientific and Technical Services",1
Occupation (6-digit),241932,Quantity Surveyor,4000.0,87.3,12.7,No,39.0,77.1,22.9,Highly male dominated,0.4,"Professional, Scientific and Technical Services",1
Occupation (6-digit),242131,Multimedia Designer,2300.0,76.4,23.6,No,38.0,53.6,46.3,Gender balanced,0.6,Education and Training,1
Occupation (6-digit),242132,UI / UX Designer,3000.0,88.6,11.4,No,34.0,50.7,49.5,Gender balanced,0.4,"Professional, Scientific and Technical Services",1
Occupation (6-digit),242133,Web Designer,5700.0,69.1,31.0,No,36.0,53.0,47.0,Gender balanced,0.8,"Professional, Scientific and Technical Services",1
Occupation (6-digit),242231,Fashion Designer,4000.0,66.7,33.4,No,37.0,23.4,76.6,Highly female dominated,0.7,"Professional, Scientific and Technical Services",1
Occupation (6-digit),242232,Industrial Designer,3000.0,83.7,16.2,No,35.0,69.4,30.7,Moderately male dominated,0.1,"Professional, Scientific and Technical Services",1
Occupation (6-digit),242233,Jewellery Designer,670.0,51.8,48.1,No,42.0,18.4,82.2,Highly female dominated,1.6,"Professional, Scientific and Technical Services",1
Occupation (6-digit),242234,Textile Designer,960.0,68.8,30.4,No,38.0,40.2,60.4,Moderately female dominated,0.4,"Professional, Scientific and Technical Services",1
Occupation (6-digit),242331,Animator or Visual Effects Artist,2500.0,80.0,19.9,No,34.0,74.2,26.1,Moderately male dominated,0.9,Information Media and Telecommunications,1
Occupation (6-digit),242332,Graphic Designer,27000.0,62.9,37.2,No,37.0,40.0,60.0,Gender balanced,0.8,"Professional, Scientific and Technical Services",1
Occupation (6-digit),242333,Illustrator,1400.0,54.5,45.0,No,37.0,48.6,51.5,Gender balanced,0.7,Arts and Recreation Services,1
Occupation (6-digit),242431,Interior Designer,12300.0,62.6,37.4,No,39.0,20.3,79.7,Highly female dominated,0.5,"Professional, Scientific and Technical Services",1
Occupation (6-digit),243131,Chemical Engineer,2700.0,87.0,13.1,No,38.0,77.5,22.6,Highly male dominated,0.4,Manufacturing,1
Occupation (6-digit),243132,Extractive Metallurgist,910.0,85.8,13.9,No,40.0,80.1,19.6,Highly male dominated,0.8,Mining,1
Occupation (6-digit),243133,Materials Engineer,700.0,82.9,16.4,No,37.0,81.7,17.7,Highly male dominated,0.6,"Professional, Scientific and Technical Services",1
Occupation (6-digit),243231,Civil Engineer,21900.0,89.2,10.7,No,34.0,86.6,13.4,Highly male dominated,0.6,Construction,1
Occupation (6-digit),243232,Geotechnical Engineer,2500.0,89.2,10.4,No,35.0,85.0,15.3,Highly male dominated,0.6,"Professional, Scientific and Technical Services",1
Occupation (6-digit),243233,Rail Engineer,750.0,92.7,7.3,No,35.0,84.3,16.4,Highly male dominated,0.7,"Professional, Scientific and Technical Services",1
Occupation (6-digit),243234,Structural Engineer,8800.0,87.8,12.2,No,36.0,86.8,13.2,Highly male dominated,0.3,"Professional, Scientific and Technical Services",1
Occupation (6-digit),243235,Transport Engineer,2200.0,88.9,11.0,No,36.0,79.4,20.8,Highly male dominated,0.8,Public Administration and Safety,1
Occupation (6-digit),243236,Water Engineer,2000.0,85.4,14.4,No,37.0,72.7,27.1,Moderately male dominated,0.5,"Professional, Scientific and Technical Services",1
Occupation (6-digit),243331,Electrical Engineer,11900.0,89.5,10.5,No,38.0,89.8,10.2,Highly male dominated,0.6,"Professional, Scientific and Technical Services",1
Occupation (6-digit),243332,Rail Signalling Engineer,1100.0,92.0,8.7,No,38.0,88.5,11.4,Highly male dominated,1.0,"Transport, Postal and Warehousing",1
Occupation (6-digit),243431,Electronics Engineer,4600.0,86.6,13.4,No,42.0,92.8,7.1,Almost completely male dominated,0.3,"Professional, Scientific and Technical Services",1
Occupation (6-digit),243531,Industrial Engineer,6000.0,88.9,11.1,No,39.0,82.7,17.2,Highly male dominated,0.5,Manufacturing,1
Occupation (6-digit),243532,Mechanical Engineer,22600.0,89.9,10.1,No,37.0,93.3,6.7,Almost completely male dominated,0.6,Manufacturing,1
Occupation (6-digit),243533,Production or Plant Engineer,5400.0,90.9,9.1,No,37.0,89.5,10.5,Highly male dominated,0.4,Manufacturing,1
Occupation (6-digit),243631,Mining Engineer (excluding Petroleum),6300.0,89.7,10.2,No,37.0,86.2,14.0,Highly male dominated,0.6,Mining,1
Occupation (6-digit),243632,Petroleum Engineer,2600.0,90.3,9.9,No,39.0,81.8,18.1,Highly male dominated,0.3,Mining,1
Occupation (6-digit),243931,Acoustic Engineer,810.0,84.8,14.8,No,35.0,88.4,11.6,Highly male dominated,0.6,"Professional, Scientific and Technical Services",1
Occupation (6-digit),243932,Aerospace Engineer,1800.0,90.8,9.2,No,38.0,89.8,10.1,Highly male dominated,0.5,Public Administration and Safety,1
Occupation (6-digit),243933,Biomedical Engineer,1400.0,87.7,12.2,No,37.0,79.2,20.8,Highly male dominated,0.4,Health Care and Social Assistance,1
Occupation (6-digit),243934,Engineering Technologist,360.0,,,,,,,,,,1
Occupation (6-digit),243935,Environmental Engineer,1700.0,81.9,18.1,No,36.0,64.4,35.8,Moderately male dominated,0.7,"Professional, Scientific and Technical Services",1
Occupation (6-digit),243936,Fire Safety Engineer,560.0,88.6,11.7,No,37.0,85.1,14.2,Highly male dominated,0.5,"Professional, Scientific and Technical Services",1
Occupation (6-digit),243937,Mechatronics Engineer,560.0,86.7,12.7,No,29.0,91.1,9.4,Almost completely male dominated,0.5,Manufacturing,1
Occupation (6-digit),243938,Naval Architect,390.0,,,,,,,,,,1
Occupation (6-digit),243999,Engineering Professionals nec,1400.0,84.3,15.4,No,40.0,83.6,16.2,Highly male dominated,0.6,Manufacturing,1
Occupation (6-digit),244131,Agricultural Consultant,1800.0,71.4,28.7,No,49.0,67.4,32.5,Moderately male dominated,2.1,"Agriculture, Forestry and Fishing",1
Occupation (6-digit),244132,Agricultural Research Scientist,920.0,80.7,19.4,No,44.0,63.1,36.7,Moderately male dominated,0.7,"Professional, Scientific and Technical Services",1
Occupation (6-digit),244133,Agronomist,2000.0,92.1,8.0,No,39.0,78.2,21.5,Highly male dominated,0.2,"Agriculture, Forestry and Fishing",1
Occupation (6-digit),244134,Aquaculture or Fisheries Scientist,160.0,,,,,,,,,,1
Occupation (6-digit),244135,Forester,1100.0,82.4,17.8,No,47.0,80.0,19.4,Highly male dominated,2.4,"Agriculture, Forestry and Fishing",1
Occupation (6-digit),244231,Chemist,5000.0,81.2,18.8,No,39.0,54.9,45.1,Gender balanced,0.4,Manufacturing,1
Occupation (6-digit),244232,Food Technologist,1600.0,80.5,19.6,No,37.0,35.5,64.3,Moderately female dominated,0.6,Manufacturing,1
Occupation (6-digit),244233,Winemaker,1900.0,81.9,18.0,No,44.0,77.5,22.2,Highly male dominated,0.6,Manufacturing,1
Occupation (6-digit),244331,Aboriginal and Torres Strait Islander Land and Sea Ranger,250.0,,,,,,,,,,1
Occupation (6-digit),244332,Conservation Officer,4900.0,75.7,24.4,No,39.0,48.8,51.3,Gender balanced,2.4,Public Administration and Safety,1
Occupation (6-digit),244333,Ecologist,1300.0,70.0,30.7,No,39.0,54.6,45.3,Gender balanced,1.5,"Professional, Scientific and Technical Services",1
Occupation (6-digit),244334,Park Ranger,3300.0,81.7,18.3,No,42.0,72.5,27.5,Moderately male dominated,32.1,Arts and Recreation Services,1
Occupation (6-digit),244431,Environmental Consultant,4600.0,75.5,24.6,No,39.0,55.3,44.8,Gender balanced,1.4,"Professional, Scientific and Technical Services",1
Occupation (6-digit),244432,Environmental Research Scientist,3700.0,77.3,22.7,No,38.0,53.3,46.8,Gender balanced,0.9,"Professional, Scientific and Technical Services",1
Occupation (6-digit),244499,Environmental Consultants and Scientists nec,1600.0,72.3,28.0,No,42.0,51.7,48.1,Gender balanced,2.2,Public Administration and Safety,1
Occupation (6-digit),244531,Geologist,6600.0,82.7,17.2,No,40.0,74.0,26.0,Moderately male dominated,0.6,Mining,1
Occupation (6-digit),244532,Geophysicist,830.0,78.8,21.5,No,43.0,81.8,18.7,Highly male dominated,0.7,Mining,1
Occupation (6-digit),244533,Hydrologist,990.0,81.2,18.9,No,42.0,69.8,29.6,Moderately male dominated,0.4,"Professional, Scientific and Technical Services",1
Occupation (6-digit),244631,Biotechnologist,900.0,78.8,21.8,No,36.0,48.1,51.5,Gender balanced,0.0,"Professional, Scientific and Technical Services",1
Occupation (6-digit),244632,Botanist,720.0,72.6,27.7,No,45.0,52.4,48.3,Gender balanced,0.6,"Professional, Scientific and Technical Services",1
Occupation (6-digit),244633,Entomologist,330.0,,,,,,,,,,1
Occupation (6-digit),244634,Marine Biologist,410.0,,,,,,,,,,1
Occupation (6-digit),244635,Microbiologist,850.0,75.8,23.9,No,38.0,32.8,66.6,Moderately female dominated,0.0,"Professional, Scientific and Technical Services",1
Occupation (6-digit),244636,Zoologist,160.0,,,,,,,,,,1
Occupation (6-digit),244699,Life Scientists nec,1200.0,77.1,22.8,No,38.0,41.9,57.9,Gender balanced,0.5,Education and Training,1
Occupation (6-digit),244731,Medical Laboratory Scientist,21500.0,71.9,28.1,No,38.0,30.8,69.2,Moderately female dominated,0.5,Health Care and Social Assistance,1
Occupation (6-digit),244732,Medical Physicist,980.0,86.8,13.7,No,40.0,70.8,28.5,Moderately male dominated,0.0,Health Care and Social Assistance,1
Occupation (6-digit),244931,Conservator,490.0,,,,,,,,,,1
Occupation (6-digit),244932,Meteorologist,690.0,75.6,23.9,No,42.0,65.7,34.2,Moderately male dominated,0.0,"Professional, Scientific and Technical Services",1
Occupation (6-digit),244933,Physicist,240.0,,,,,,,,,,1
Occupation (6-digit),244999,Natural and Physical Science Professionals nec,260.0,,,,,,,,,,1
Occupation (6-digit),251131,Early Childhood (Pre-primary School) Teacher,26300.0,48.2,51.8,No,40.0,2.3,97.6,Almost completely female dominated,1.7,Education and Training,1
Occupation (6-digit),251231,Primary School Teacher,164000.0,64.7,35.3,No,40.0,15.0,85.0,Highly female dominated,1.6,Education and Training,1
Occupation (6-digit),251331,Secondary School Teacher,156400.0,75.6,24.4,No,42.0,37.9,62.1,Moderately female dominated,1.2,Education and Training,1
Occupation (6-digit),251431,Special Education Teacher,14400.0,61.4,38.6,No,46.0,12.9,87.1,Highly female dominated,1.7,Education and Training,1
Occupation (6-digit),251432,Specialist Teacher (Vision Impairment),230.0,,,,,,,,,,1
Occupation (6-digit),251433,Teacher of the Deaf,800.0,49.5,50.8,No,50.0,8.7,91.1,Almost completely female dominated,1.5,Education and Training,1
Occupation (6-digit),251931,Teacher Librarian,2600.0,58.7,41.2,No,53.0,7.2,92.9,Almost completely female dominated,0.8,Education and Training,1
Occupation (6-digit),252131,University Lecturer,45200.0,73.7,26.3,No,48.0,49.8,50.2,Gender balanced,1.3,Education and Training,1
Occupation (6-digit),252132,University Tutor,9900.0,11.3,88.7,No,30.0,46.2,53.9,Gender balanced,1.3,Education and Training,1
Occupation (6-digit),252231,Vocational Education Teacher,12400.0,59.1,40.9,No,51.0,49.0,51.0,Gender balanced,1.9,Education and Training,1
Occupation (6-digit),259131,Academic Tutor (Private Tuition),6300.0,6.4,93.6,No,23.0,39.3,60.7,Moderately female dominated,0.6,Education and Training,1
Occupation (6-digit),259231,Art Teacher (Private Tuition),2100.0,22.9,77.1,Yes,48.0,19.0,80.8,Highly female dominated,1.7,Education and Training,1
Occupation (6-digit),259232,Dance Teacher (Private Tuition),7500.0,17.3,82.8,Yes,29.0,10.0,89.9,Highly female dominated,1.6,Education and Training,1
Occupation (6-digit),259233,Speech and Drama Teacher (Private Tuition),500.0,,,,,,,,,,1
Occupation (6-digit),259299,Arts and Personal Enrichment Teachers (Private Tuition) nec,1800.0,18.9,80.9,No,44.0,17.7,82.1,Highly female dominated,2.3,Education and Training,1
Occupation (6-digit),259331,Education Adviser,10000.0,69.9,30.2,No,45.0,26.5,73.5,Moderately female dominated,3.3,Education and Training,1
Occupation (6-digit),259332,Education Reviewer,1900.0,60.0,40.1,No,54.0,29.1,70.7,Moderately female dominated,1.6,Education and Training,1
Occupation (6-digit),259431,Music Teacher (Private Tuition),13200.0,14.4,85.6,No,39.0,37.9,62.0,Moderately female dominated,0.6,Education and Training,1
Occupation (6-digit),259531,Teacher of English to Speakers of Other Languages,5400.0,35.6,64.5,No,50.0,20.6,79.6,Highly female dominated,0.4,Education and Training,1
Occupation (6-digit),259931,Adult Literacy / Numeracy Teacher,750.0,50.7,49.1,No,55.0,39.2,60.4,Moderately female dominated,2.4,Education and Training,1
Occupation (6-digit),259932,Careers Adviser,2300.0,55.8,43.8,No,47.0,21.1,78.9,Highly female dominated,1.9,Education and Training,1
Occupation (6-digit),259933,Student Services Adviser,2600.0,62.6,37.1,No,37.0,25.4,74.5,Moderately female dominated,2.7,Education and Training,1
Occupation (6-digit),259999,Education Professionals nec,3700.0,31.4,68.7,No,37.0,28.9,71.1,Moderately female dominated,3.8,Education and Training,1
Occupation (6-digit),261131,Counsellor (General),4900.0,36.2,63.7,No,49.0,18.8,81.3,Highly female dominated,3.1,Health Care and Social Assistance,1
Occupation (6-digit),261132,Alcohol and Other Drugs Counsellor,2300.0,61.4,38.6,No,45.0,33.1,66.7,Moderately female dominated,10.5,Health Care and Social Assistance,1
Occupation (6-digit),261133,Family and Relationship Counsellor,1800.0,40.7,59.1,No,50.0,17.8,82.3,Highly female dominated,2.5,Health Care and Social Assistance,1
Occupation (6-digit),261134,Psychotherapist,2200.0,30.7,69.1,No,50.0,20.7,79.5,Highly female dominated,0.9,Health Care and Social Assistance,1
Occupation (6-digit),261135,Rehabilitation Counsellor,480.0,,,,,,,,,,1
Occupation (6-digit),261136,School Counsellor,4100.0,53.4,46.5,No,42.0,20.3,79.7,Highly female dominated,4.6,Education and Training,1
Occupation (6-digit),261231,Psychologist,29500.0,53.2,46.8,No,43.0,18.4,81.6,Highly female dominated,0.9,Health Care and Social Assistance,1
Occupation (6-digit),261331,Social Worker,29000.0,62.9,37.1,No,41.0,15.2,84.8,Highly female dominated,3.3,Health Care and Social Assistance,1
Occupation (6-digit),261931,Arts Therapist,590.0,19.9,80.3,No,49.0,5.2,95.4,Almost completely female dominated,1.5,Health Care and Social Assistance,1
Occupation (6-digit),261932,Behaviour Support Practitioner,1300.0,58.1,42.3,No,33.0,18.2,81.8,Highly female dominated,1.7,Health Care and Social Assistance,1
Occupation (6-digit),261933,Music Therapist,590.0,29.1,71.4,No,42.0,23.6,76.5,Highly female dominated,0.5,Health Care and Social Assistance,1
Occupation (6-digit),261999,"Allied Health Counsellors, Psychologists, Social Workers and Creative Therapy Professionals nec",2200.0,33.3,66.5,No,45.0,18.7,81.2,Highly female dominated,2.3,Education and Training,1
Occupation (6-digit),262131,Chiropractor,4400.0,43.3,56.6,No,40.0,58.7,41.4,Gender balanced,0.5,Health Care and Social Assistance,1
Occupation (6-digit),262231,Exercise Physiologist,4600.0,62.9,36.9,No,29.0,47.1,52.8,Gender balanced,0.8,Health Care and Social Assistance,1
Occupation (6-digit),262232,Exercise and Sports Scientist,440.0,,,,,,,,,,1
Occupation (6-digit),262331,Occupational Therapist,19800.0,59.6,40.4,No,33.0,9.1,90.9,Almost completely female dominated,0.7,Health Care and Social Assistance,1
Occupation (6-digit),262431,Physiotherapist,29000.0,61.0,39.0,No,34.0,35.7,64.3,Moderately female dominated,0.7,Health Care and Social Assistance,1
Occupation (6-digit),262531,Podiatrist,4700.0,59.3,40.6,No,36.0,41.1,58.8,Gender balanced,0.7,Health Care and Social Assistance,1
Occupation (6-digit),262631,Speech Pathologist,11100.0,56.2,43.8,No,33.0,3.0,97.0,Almost completely female dominated,0.6,Health Care and Social Assistance,1
Occupation (6-digit),262931,Orthotist / Prosthetist,540.0,78.2,21.8,No,37.0,49.3,52.4,Gender balanced,0.0,Health Care and Social Assistance,1
Occupation (6-digit),262932,Osteopath,2300.0,47.7,52.4,No,35.0,44.9,55.3,Gender balanced,0.5,Health Care and Social Assistance,1
Occupation (6-digit),262999,Allied Health Physical and Sensory Therapy Professionals nec,,,,,,,,,,,1
Occupation (6-digit),263131,Nuclear Medicine Technologist,880.0,70.7,29.7,No,34.0,31.3,68.4,Moderately female dominated,0.9,Health Care and Social Assistance,1
Occupation (6-digit),263132,Radiation Therapist,2200.0,70.9,29.4,No,36.0,24.7,75.4,Highly female dominated,0.3,Health Care and Social Assistance,1
Occupation (6-digit),263133,Radiographer,10600.0,67.1,32.9,No,36.0,32.4,67.6,Moderately female dominated,0.7,Health Care and Social Assistance,1
Occupation (6-digit),263231,Dietitian,5500.0,49.2,50.8,No,34.0,5.3,94.7,Almost completely female dominated,0.4,Health Care and Social Assistance,1
Occupation (6-digit),263232,Nutritionist,1200.0,37.8,61.9,No,39.0,11.9,88.4,Highly female dominated,0.8,Health Care and Social Assistance,1
Occupation (6-digit),263331,Optometrist,5300.0,49.9,50.0,No,38.0,42.6,57.4,Gender balanced,0.3,Health Care and Social Assistance,1
Occupation (6-digit),263431,Community Pharmacist,22500.0,63.2,36.8,No,36.0,38.0,62.0,Moderately female dominated,0.3,Retail Trade,1
Occupation (6-digit),263432,Hospital Pharmacist,4400.0,69.9,30.1,No,34.0,21.8,78.3,Highly female dominated,0.4,Health Care and Social Assistance,1
Occupation (6-digit),263531,Sonographer,5500.0,50.1,49.8,No,39.0,22.1,77.7,Highly female dominated,0.4,Health Care and Social Assistance,1
Occupation (6-digit),263931,Audiologist,2600.0,63.0,37.0,No,37.0,23.2,77.1,Highly female dominated,0.3,Health Care and Social Assistance,1
Occupation (6-digit),263932,Cardiac Physiologist,1600.0,61.2,38.7,No,37.0,31.7,68.3,Moderately female dominated,0.6,Health Care and Social Assistance,1
Occupation (6-digit),263933,Diabetes Educator,1000.0,39.3,60.6,No,50.0,9.6,90.5,Almost completely female dominated,2.3,Health Care and Social Assistance,1
Occupation (6-digit),263934,Neurophysiology Scientist,230.0,,,,,,,,,,1
Occupation (6-digit),263935,Orthoptist,1100.0,48.3,51.6,No,34.0,10.7,89.0,Highly female dominated,0.6,Health Care and Social Assistance,1
Occupation (6-digit),263936,Respiratory or Sleep Scientist,1000.0,51.1,49.6,No,35.0,27.2,72.7,Moderately female dominated,0.9,Health Care and Social Assistance,1
Occupation (6-digit),263999,Allied Health Science Professionals nec,840.0,59.7,41.2,No,36.0,20.3,80.1,Highly female dominated,0.4,Health Care and Social Assistance,1
Occupation (6-digit),264131,Anaesthetist,5700.0,77.7,22.3,No,44.0,65.1,34.8,Moderately male dominated,0.2,Health Care and Social Assistance,1
Occupation (6-digit),264231,General Practitioner,55200.0,70.5,29.5,No,44.0,52.4,47.6,Gender balanced,0.6,Health Care and Social Assistance,1
Occupation (6-digit),264331,General Medicine Physician,790.0,74.3,25.3,No,51.0,67.7,31.9,Moderately male dominated,0.0,Health Care and Social Assistance,1
Occupation (6-digit),264332,Cardiologist,1100.0,82.7,16.8,No,47.0,81.4,19.2,Highly male dominated,0.4,Health Care and Social Assistance,1
Occupation (6-digit),264333,Endocrinologist,350.0,,,,,,,,,,1
Occupation (6-digit),264334,Gastroenterologist,550.0,78.0,21.6,No,44.0,69.8,31.1,Moderately male dominated,0.0,Health Care and Social Assistance,1
Occupation (6-digit),264335,Geriatrician,340.0,,,,,,,,,,1
Occupation (6-digit),264336,Haematologist,560.0,75.0,25.7,No,41.0,47.6,51.7,Gender balanced,0.0,Health Care and Social Assistance,1
Occupation (6-digit),264337,Intensive Care Specialist,1200.0,91.7,8.9,No,39.0,64.0,36.3,Moderately male dominated,0.6,Health Care and Social Assistance,1
Occupation (6-digit),264338,Medical Oncologist,850.0,79.4,20.8,No,43.0,50.2,49.5,Gender balanced,0.0,Health Care and Social Assistance,1
Occupation (6-digit),264341,Nephrologist,260.0,,,,,,,,,,1
Occupation (6-digit),264342,Neurologist,560.0,72.7,27.5,No,45.0,62.5,37.8,Moderately male dominated,0.5,Health Care and Social Assistance,1
Occupation (6-digit),264343,Paediatrician,1800.0,74.4,25.8,No,41.0,34.6,65.6,Moderately female dominated,0.5,Health Care and Social Assistance,1
Occupation (6-digit),264344,Public Health Physician,360.0,,,,,,,,,,1
Occupation (6-digit),264345,Respiratory Physician,620.0,76.4,24.8,No,43.0,50.6,49.5,Gender balanced,0.0,Health Care and Social Assistance,1
Occupation (6-digit),264346,Rheumatologist,240.0,,,,,,,,,,1
Occupation (6-digit),264399,Physicians nec,1000.0,70.1,30.0,No,42.0,40.7,58.9,Gender balanced,0.4,Health Care and Social Assistance,1
Occupation (6-digit),264431,Psychiatrist,4300.0,71.1,28.9,No,47.0,53.7,46.3,Gender balanced,0.5,Health Care and Social Assistance,1
Occupation (6-digit),264531,Resident Medical Officer,11800.0,89.0,11.0,No,30.0,45.9,54.1,Gender balanced,0.9,Health Care and Social Assistance,1
Occupation (6-digit),264631,General Surgeon,800.0,86.4,14.2,No,45.0,73.6,25.8,Moderately male dominated,0.4,Health Care and Social Assistance,1
Occupation (6-digit),264632,Cardiothoracic Surgeon,180.0,,,,,,,,,,1
Occupation (6-digit),264633,Neurosurgeon,280.0,,,,,,,,,,1
Occupation (6-digit),264634,Orthopaedic Surgeon,1700.0,85.3,14.9,No,46.0,87.2,13.5,Highly male dominated,0.4,Health Care and Social Assistance,1
Occupation (6-digit),264635,Otolaryngologist,380.0,,,,,,,,,,1
Occupation (6-digit),264636,Paediatric Surgeon,180.0,,,,,,,,,,1
Occupation (6-digit),264637,Plastic and Reconstructive Surgeon,470.0,,,,,,,,,,1
Occupation (6-digit),264638,Urologist,410.0,,,,,,,,,,1
Occupation (6-digit),264641,Vascular Surgeon,190.0,,,,,,,,,,1
Occupation (6-digit),264931,Dermatologist,620.0,65.2,34.0,No,46.0,43.4,57.3,Gender balanced,1.0,Health Care and Social Assistance,1
Occupation (6-digit),264932,Emergency Medicine Specialist,4100.0,79.2,20.6,No,38.0,54.0,45.9,Gender balanced,0.8,Health Care and Social Assistance,1
Occupation (6-digit),264933,Obstetrician and Gynaecologist,1900.0,84.0,15.6,No,43.0,34.2,65.8,Moderately female dominated,0.8,Health Care and Social Assistance,1
Occupation (6-digit),264934,Ophthalmologist,980.0,71.7,28.1,No,49.0,69.2,30.2,Moderately male dominated,0.3,Health Care and Social Assistance,1
Occupation (6-digit),264935,Pathologist,1800.0,66.4,33.7,No,44.0,36.8,63.0,Moderately female dominated,1.0,Health Care and Social Assistance,1
Occupation (6-digit),264936,Radiation Oncologist,300.0,,,,,,,,,,1
Occupation (6-digit),264937,Radiologist,2700.0,74.7,25.4,No,45.0,66.7,33.4,Moderately male dominated,0.2,Health Care and Social Assistance,1
Occupation (6-digit),264999,Medical Practitioners nec,810.0,77.3,22.9,No,38.0,52.3,47.7,Gender balanced,1.0,Health Care and Social Assistance,1
Occupation (6-digit),265131,Midwife,17800.0,37.0,63.0,Yes,41.0,0.8,99.2,Almost completely female dominated,1.5,Health Care and Social Assistance,1
Occupation (6-digit),265231,Nurse Educator,5200.0,58.4,41.7,No,46.0,10.2,89.7,Highly female dominated,1.0,Health Care and Social Assistance,1
Occupation (6-digit),265232,Nurse Researcher,1500.0,54.1,45.7,No,46.0,7.0,92.8,Almost completely female dominated,0.3,Health Care and Social Assistance,1
Occupation (6-digit),265331,Nursing / Midwifery Unit Manager,21500.0,72.4,27.6,No,46.0,13.0,87.1,Highly female dominated,1.1,Health Care and Social Assistance,1
Occupation (6-digit),265431,Nurse Practitioner,2200.0,66.2,33.6,No,48.0,17.9,82.3,Highly female dominated,1.3,Health Care and Social Assistance,1
Occupation (6-digit),265432,Registered Nurse (Acute Care),132800.0,48.0,52.0,No,38.0,11.0,89.0,Highly female dominated,1.1,Health Care and Social Assistance,1
Occupation (6-digit),265433,Registered Nurse (Aged Care),39500.0,48.0,52.0,No,40.0,11.6,88.4,Highly female dominated,1.6,Health Care and Social Assistance,1
Occupation (6-digit),265434,Registered Nurse (Mental Health),17700.0,62.6,37.5,No,44.0,27.8,72.2,Moderately female dominated,1.3,Health Care and Social Assistance,1
Occupation (6-digit),265435,Registered Nurse (Primary Health Care),34400.0,43.4,56.6,No,46.0,6.0,94.0,Almost completely female dominated,1.6,Health Care and Social Assistance,1
Occupation (6-digit),265499,Registered Nurses nec,37700.0,48.2,51.8,Yes,42.0,10.5,89.5,Highly female dominated,1.6,Health Care and Social Assistance,1
Occupation (6-digit),269131,Dental Hygienist,1300.0,28.5,72.1,Yes,40.0,4.3,95.9,Almost completely female dominated,0.8,Health Care and Social Assistance,1
Occupation (6-digit),269132,Dental Prosthetist,910.0,68.6,31.4,No,52.0,81.4,18.8,Highly male dominated,0.9,Health Care and Social Assistance,1
Occupation (6-digit),269133,Oral Health Therapist or Dental Therapist,2600.0,44.1,55.7,Yes,33.0,9.3,90.8,Almost completely female dominated,1.1,Health Care and Social Assistance,1
Occupation (6-digit),269231,Dental Specialist,1300.0,59.0,40.7,No,47.0,67.9,32.0,Moderately male dominated,0.6,Health Care and Social Assistance,1
Occupation (6-digit),269232,Dentist,14200.0,47.7,52.3,No,40.0,51.8,48.2,Gender balanced,0.4,Health Care and Social Assistance,1
Occupation (6-digit),269331,Environmental Health Officer,4600.0,74.0,26.1,No,44.0,44.0,56.0,Gender balanced,4.0,Public Administration and Safety,1
Occupation (6-digit),269332,Health Promotion Officer,2600.0,56.2,43.7,No,40.0,18.8,81.2,Highly female dominated,9.2,Health Care and Social Assistance,1
Occupation (6-digit),269431,Critical Care Paramedic,1500.0,87.8,12.4,Yes,43.0,68.6,31.2,Moderately male dominated,1.8,Health Care and Social Assistance,1
Occupation (6-digit),269432,Paramedic,14300.0,86.7,13.3,Yes,35.0,53.2,46.8,Gender balanced,2.2,Health Care and Social Assistance,1
Occupation (6-digit),269531,Veterinarian,11200.0,68.3,31.7,No,39.0,33.0,67.0,Moderately female dominated,0.7,"Professional, Scientific and Technical Services",1
Occupation (6-digit),269532,Veterinary Technologist,650.0,66.8,33.7,No,31.0,24.2,75.8,Highly female dominated,0.9,"Professional, Scientific and Technical Services",1
Occupation (6-digit),269931,Acupuncturist,1400.0,34.4,65.8,Yes,49.0,42.6,57.2,Gender balanced,0.3,Health Care and Social Assistance,1
Occupation (6-digit),269932,Chinese Medicine Practitioner,1100.0,33.6,66.0,Yes,50.0,42.1,57.4,Gender balanced,0.7,Health Care and Social Assistance,1
Occupation (6-digit),269933,Naturopath,2400.0,31.0,69.1,No,47.0,13.7,86.3,Highly female dominated,0.8,Health Care and Social Assistance,1
Occupation (6-digit),269999,Health Professionals nec,640.0,34.6,65.3,No,48.0,23.8,77.2,Highly female dominated,0.5,Health Care and Social Assistance,1
Occupation (6-digit),271131,Cyber Governance Risk and Compliance Specialist,140.0,,,,,,,,,,1
Occupation (6-digit),271132,Cyber Security Advice and Assessment Specialist,970.0,92.9,7.0,No,37.0,82.6,17.0,Highly male dominated,0.6,"Professional, Scientific and Technical Services",1
Occupation (6-digit),271133,Cyber Security Analyst,4900.0,91.9,7.9,No,38.0,82.7,17.4,Highly male dominated,0.5,"Professional, Scientific and Technical Services",1
Occupation (6-digit),271134,Cyber Security Architect,1700.0,94.8,5.2,No,40.0,91.9,8.3,Almost completely male dominated,0.7,"Professional, Scientific and Technical Services",1
Occupation (6-digit),271135,Cyber Security Engineer,70.0,,,,,,,,,,1
Occupation (6-digit),271136,Cyber Security Operations Coordinator,580.0,88.9,11.4,No,39.0,84.6,15.6,Highly male dominated,0.0,"Professional, Scientific and Technical Services",1
Occupation (6-digit),271137,Penetration Tester,1000.0,90.2,9.8,No,37.0,57.7,42.2,Gender balanced,0.3,"Professional, Scientific and Technical Services",1
Occupation (6-digit),271231,Database Administrator,6000.0,81.3,18.5,No,45.0,62.9,37.1,Moderately male dominated,0.7,"Professional, Scientific and Technical Services",1
Occupation (6-digit),271232,Systems Administrator,15300.0,89.1,10.9,No,41.0,80.4,19.7,Highly male dominated,0.8,"Professional, Scientific and Technical Services",1
Occupation (6-digit),272131,ICT Network and Systems Engineer,12800.0,93.0,7.0,No,40.0,92.1,7.9,Almost completely male dominated,0.3,"Professional, Scientific and Technical Services",1
Occupation (6-digit),272132,Network Administrator,5700.0,87.7,12.3,No,42.0,86.9,13.2,Highly male dominated,0.9,"Professional, Scientific and Technical Services",1
Occupation (6-digit),272133,Network Architect,830.0,95.6,4.7,No,43.0,91.9,8.2,Almost completely male dominated,0.0,Information Media and Telecommunications,1
Occupation (6-digit),272231,ICT Quality Assurance Engineer,1700.0,88.0,11.8,No,37.0,57.0,42.7,Gender balanced,0.5,"Professional, Scientific and Technical Services",1
Occupation (6-digit),272232,ICT Support Engineer,12100.0,91.9,8.1,No,38.0,81.2,18.8,Highly male dominated,0.4,"Professional, Scientific and Technical Services",1
Occupation (6-digit),272233,ICT Test Analyst,9300.0,90.1,9.8,No,38.0,49.7,50.3,Gender balanced,0.3,"Professional, Scientific and Technical Services",1
Occupation (6-digit),272331,Telecommunications Engineer,10600.0,89.7,10.3,No,40.0,82.2,17.8,Highly male dominated,0.5,Information Media and Telecommunications,1
Occupation (6-digit),273131,Digital Game Developer,430.0,,,,,,,,,,1
Occupation (6-digit),273132,Web Developer,8000.0,78.1,22.0,No,35.0,79.3,20.8,Highly male dominated,0.5,"Professional, Scientific and Technical Services",1
Occupation (6-digit),273231,Cloud Architect,110.0,,,,,,,,,,1
Occupation (6-digit),273232,ICT Business Analyst,15800.0,88.9,11.2,No,41.0,63.0,37.1,Moderately male dominated,0.3,"Professional, Scientific and Technical Services",1
Occupation (6-digit),273233,Solution Architect,11500.0,94.6,5.3,No,43.0,86.7,13.4,Highly male dominated,0.2,"Professional, Scientific and Technical Services",1
Occupation (6-digit),273234,Systems Analyst,8000.0,88.6,11.4,No,42.0,66.7,33.4,Moderately male dominated,0.5,"Professional, Scientific and Technical Services",1
Occupation (6-digit),273331,Cloud Engineer,1000.0,97.2,3.1,No,37.0,90.2,9.5,Almost completely male dominated,0.6,"Professional, Scientific and Technical Services",1
Occupation (6-digit),273332,DevOps Engineer,1300.0,95.7,4.5,No,36.0,89.3,11.0,Highly male dominated,0.8,"Professional, Scientific and Technical Services",1
Occupation (6-digit),273333,Software Engineer,94900.0,89.5,10.5,No,37.0,83.4,16.5,Highly male dominated,0.3,"Professional, Scientific and Technical Services",1
Occupation (6-digit),281131,Barrister,5600.0,76.6,23.4,No,49.0,70.6,29.4,Moderately male dominated,0.7,"Professional, Scientific and Technical Services",1
Occupation (6-digit),281231,Family Dispute Resolution Practitioner,2800.0,69.1,31.0,No,43.0,33.9,65.9,Moderately female dominated,2.5,Public Administration and Safety,1
Occupation (6-digit),281232,Intellectual Property Lawyer,800.0,82.4,17.4,No,45.0,60.4,40.0,Moderately male dominated,0.0,"Professional, Scientific and Technical Services",1
Occupation (6-digit),281233,Judge,760.0,90.8,8.9,No,60.0,62.0,37.4,Moderately male dominated,0.9,Public Administration and Safety,1
Occupation (6-digit),281234,Judge's Associate,580.0,90.6,9.1,No,28.0,23.1,77.1,Highly female dominated,2.8,Public Administration and Safety,1
Occupation (6-digit),281235,Magistrate,550.0,86.6,15.0,No,59.0,54.1,47.0,Gender balanced,2.2,Public Administration and Safety,1
Occupation (6-digit),281236,Migration Agent,2800.0,62.3,37.8,No,42.0,44.8,55.1,Gender balanced,0.0,"Professional, Scientific and Technical Services",1
Occupation (6-digit),281237,Police Prosecutor,2500.0,86.5,13.4,No,41.0,47.7,52.1,Gender balanced,1.0,Public Administration and Safety,1
Occupation (6-digit),281238,Tribunal Member,870.0,55.2,45.0,No,60.0,44.0,55.5,Gender balanced,2.2,Public Administration and Safety,1
Occupation (6-digit),281299,Judicial and Other Legal Professionals nec,7000.0,77.2,22.8,No,40.0,35.3,64.7,Moderately female dominated,1.6,Public Administration and Safety,1
Occupation (6-digit),281331,Solicitor,70800.0,82.9,17.1,No,38.0,45.7,54.3,Gender balanced,0.7,"Professional, Scientific and Technical Services",1
Occupation (6-digit),299131,Aeroplane Pilot,8600.0,62.1,37.8,Yes,41.0,92.4,7.6,Almost completely male dominated,0.7,"Transport, Postal and Warehousing",1
Occupation (6-digit),299132,Air Traffic Controller,1600.0,83.3,16.7,No,41.0,82.5,17.5,Highly male dominated,1.0,"Transport, Postal and Warehousing",1
Occupation (6-digit),299133,Flight Instructor,1000.0,64.9,35.6,Yes,39.0,89.4,10.6,Highly male dominated,0.3,Education and Training,1
Occupation (6-digit),299134,Helicopter Pilot,1100.0,86.9,13.3,Yes,41.0,94.9,4.3,Almost completely male dominated,1.2,"Transport, Postal and Warehousing",1
Occupation (6-digit),299199,Air Transport Professionals nec,1200.0,83.1,17.6,No,45.0,82.7,16.7,Highly male dominated,1.4,"Transport, Postal and Warehousing",1
Occupation (6-digit),299231,Specialist Police Officer,9100.0,91.6,8.3,No,42.0,69.5,30.5,Moderately male dominated,1.4,Public Administration and Safety,1
Occupation (6-digit),311131,Agricultural and Agritech Technician,1100.0,77.5,22.3,No,38.0,62.1,38.1,Moderately male dominated,1.9,"Professional, Scientific and Technical Services",2
Occupation (6-digit),311132,Animal Husbandry Technician,380.0,,,,,,,,,,2
Occupation (6-digit),311133,Aquaculture or Fisheries Technician,380.0,,,,,,,,,,2
Occupation (6-digit),311134,Biosecurity Officer,2100.0,76.5,23.4,No,47.0,59.0,40.9,Gender balanced,3.5,Public Administration and Safety,2
Occupation (6-digit),311135,Fisheries Officer,420.0,,,,,,,,,,2
Occupation (6-digit),311136,Irrigation Designer,,,,,,,,,,,2
Occupation (6-digit),311137,Meat Inspector,460.0,,,,,,,,,,3
Occupation (6-digit),311138,Primary Products Quality Assurance Officer,100.0,,,,,,,,,,2
Occupation (6-digit),311199,Agricultural Technicians and Inspection Officers nec,450.0,,,,,,,,,,2
Occupation (6-digit),311231,Anaesthetic Technician,690.0,63.8,37.0,No,46.0,43.3,56.4,Gender balanced,0.6,Health Care and Social Assistance,2
Occupation (6-digit),311232,Dental Technician,2700.0,67.3,32.6,No,42.0,61.7,38.5,Moderately male dominated,0.4,Manufacturing,2
Occupation (6-digit),311233,Medical Laboratory Technician,9300.0,62.6,37.4,No,37.0,29.5,70.5,Moderately female dominated,1.0,Health Care and Social Assistance,2
Occupation (6-digit),311234,Operating Theatre Technician,1500.0,70.0,29.9,No,47.0,77.9,22.0,Highly male dominated,1.4,Health Care and Social Assistance,3
Occupation (6-digit),311235,Respiratory Technician,440.0,,,,,,,,,,2
Occupation (6-digit),311299,Medical and Dental Technicians nec,1700.0,61.7,38.1,No,43.0,50.6,49.3,Gender balanced,1.5,Health Care and Social Assistance,2
Occupation (6-digit),311331,Community Pharmacy Technician,4500.0,50.0,49.8,No,36.0,10.7,89.2,Highly female dominated,1.8,Retail Trade,3
Occupation (6-digit),311332,Hospital Pharmacy Technician,1800.0,52.4,47.6,No,38.0,11.7,88.2,Highly female dominated,1.6,Retail Trade,3
Occupation (6-digit),311431,Phlebotomist,12100.0,43.7,56.3,No,44.0,9.5,90.5,Almost completely female dominated,1.7,Health Care and Social Assistance,3
Occupation (6-digit),311531,Chemical Technician,5000.0,76.6,23.5,No,39.0,46.1,53.8,Gender balanced,1.2,Manufacturing,2
Occupation (6-digit),311532,Earth Science Technician,1900.0,83.4,16.6,No,35.0,79.1,20.8,Highly male dominated,3.9,"Professional, Scientific and Technical Services",2
Occupation (6-digit),311533,Geospatial Technician,290.0,,,,,,,,,,2
Occupation (6-digit),311534,Hydrographer,700.0,87.6,11.8,No,40.0,78.6,20.7,Highly male dominated,3.0,"Electricity, Gas, Water and Waste Services",2
Occupation (6-digit),311535,Life Science Technician,990.0,69.2,30.5,No,39.0,37.6,63.2,Moderately female dominated,2.1,"Professional, Scientific and Technical Services",2
Occupation (6-digit),311536,School Laboratory Technician,3200.0,49.5,50.2,No,50.0,20.8,79.3,Highly female dominated,0.7,Education and Training,2
Occupation (6-digit),311599,Science Technicians nec,2700.0,72.0,27.9,No,41.0,61.0,39.0,Moderately male dominated,2.1,"Professional, Scientific and Technical Services",2
Occupation (6-digit),312131,Architectural Technician,600.0,82.6,16.9,No,39.0,66.4,33.1,Moderately male dominated,0.0,"Professional, Scientific and Technical Services",2
Occupation (6-digit),312132,Building Designer,14000.0,74.9,25.1,No,40.0,70.7,29.3,Moderately male dominated,0.5,"Professional, Scientific and Technical Services",2
Occupation (6-digit),312133,Detailer Drafter,440.0,,,,,,,,,,2
Occupation (6-digit),312134,Landscape Designer,820.0,59.0,41.2,No,45.0,50.1,49.4,Gender balanced,0.9,"Professional, Scientific and Technical Services",2
Occupation (6-digit),312135,Surveying Technician,720.0,77.0,22.3,No,40.0,81.7,19.2,Highly male dominated,1.1,"Professional, Scientific and Technical Services",2
Occupation (6-digit),312199,Building and Landscape Designers and Technicians nec,240.0,,,,,,,,,,2
Occupation (6-digit),312231,Building Inspector,2900.0,80.5,19.7,No,50.0,91.9,8.2,Almost completely male dominated,2.0,"Professional, Scientific and Technical Services",2
Occupation (6-digit),312232,Energy Assessor,370.0,,,,,,,,,,3
Occupation (6-digit),312233,Plumbing Inspector,340.0,,,,,,,,,,2
Occupation (6-digit),312234,Safety Inspector,4100.0,83.3,16.6,No,48.0,79.3,20.7,Highly male dominated,2.4,Public Administration and Safety,2
Occupation (6-digit),312331,Construction Estimator,5700.0,88.1,11.8,No,40.0,84.9,15.1,Highly male dominated,0.6,Construction,2
Occupation (6-digit),312431,Civil Construction Leading Hand,4300.0,93.5,6.5,No,42.0,92.9,7.2,Almost completely male dominated,3.7,Construction,3
Occupation (6-digit),312432,Construction Site Supervisor,39100.0,92.6,7.5,No,42.0,94.4,5.6,Almost completely male dominated,2.0,Construction,2
Occupation (6-digit),313131,Civil Engineering Draftsperson,7700.0,85.7,14.2,No,40.0,81.5,18.4,Highly male dominated,0.9,"Professional, Scientific and Technical Services",2
Occupation (6-digit),313132,Civil Engineering Technician,4100.0,87.4,12.5,No,39.0,85.6,14.4,Highly male dominated,2.4,"Professional, Scientific and Technical Services",2
Occupation (6-digit),313231,Electrical Engineering Draftsperson,2200.0,84.2,15.8,No,44.0,83.8,16.2,Highly male dominated,0.7,"Professional, Scientific and Technical Services",2
Occupation (6-digit),313232,Electrical Engineering Technician,6500.0,84.4,15.5,No,43.0,94.0,6.1,Almost completely male dominated,1.7,Construction,2
Occupation (6-digit),313331,Maintenance Planner,9000.0,93.6,6.4,No,45.0,83.6,16.4,Highly male dominated,2.3,Mining,2
Occupation (6-digit),313431,Marine Engineer,2000.0,91.7,8.3,Yes,45.0,95.9,4.0,Almost completely male dominated,1.7,"Transport, Postal and Warehousing",2
Occupation (6-digit),313432,Marine Pilot,1000.0,78.7,21.1,Yes,49.0,95.5,4.1,Almost completely male dominated,3.0,"Transport, Postal and Warehousing",2
Occupation (6-digit),313433,Marine Surveyor,500.0,,,,,,,,,,2
Occupation (6-digit),313434,Master Fisher,530.0,68.7,31.5,Yes,48.0,100.2,1.1,Almost completely male dominated,3.4,"Agriculture, Forestry and Fishing",2
Occupation (6-digit),313435,Ship's Master,2200.0,73.7,26.5,Yes,48.0,95.8,4.2,Almost completely male dominated,2.5,"Transport, Postal and Warehousing",2
Occupation (6-digit),313436,Ship's Officer,460.0,,,,,,,,,,2
Occupation (6-digit),313499,"Marine Transport Masters, Officers and Technicians nec",1200.0,81.2,18.7,Yes,47.0,88.3,12.0,Highly male dominated,2.7,"Transport, Postal and Warehousing",2
Occupation (6-digit),313531,Mining Supervisor,6500.0,95.1,5.0,Yes,45.0,93.3,6.7,Almost completely male dominated,4.1,Mining,2
Occupation (6-digit),313931,Biomedical Technician,990.0,83.3,16.5,No,45.0,89.4,10.5,Highly male dominated,1.6,Health Care and Social Assistance,2
Occupation (6-digit),313932,Electronic Engineering Technician,4100.0,85.1,14.7,No,44.0,91.5,8.4,Almost completely male dominated,1.1,Public Administration and Safety,2
Occupation (6-digit),313933,Mechanical Engineering Draftsperson,3400.0,87.3,12.8,No,43.0,90.8,9.2,Almost completely male dominated,0.6,"Professional, Scientific and Technical Services",2
Occupation (6-digit),313934,Mechanical Engineering Technician,1100.0,89.8,10.0,No,43.0,95.9,4.2,Almost completely male dominated,1.0,Other Services,2
Occupation (6-digit),313935,Metallurgical or Materials Technician,2100.0,83.1,16.8,No,37.0,63.0,37.4,Moderately male dominated,2.9,"Professional, Scientific and Technical Services",2
Occupation (6-digit),313936,Non-destructive Testing Technician,1400.0,88.6,11.5,No,38.0,92.5,7.9,Almost completely male dominated,1.6,"Professional, Scientific and Technical Services",2
Occupation (6-digit),313937,Other Draftsperson,520.0,78.9,20.5,No,42.0,79.8,20.4,Highly male dominated,0.8,"Professional, Scientific and Technical Services",2
Occupation (6-digit),313999,Engineering Technicians nec,4800.0,88.0,12.1,No,47.0,94.6,5.2,Almost completely male dominated,1.7,Manufacturing,2
Occupation (6-digit),314131,ICT Hardware Technician,1400.0,71.8,28.4,No,38.0,92.6,7.6,Almost completely male dominated,1.2,"Professional, Scientific and Technical Services",2
Occupation (6-digit),314132,Radiocommunications Technician,660.0,85.9,13.6,No,44.0,96.2,4.6,Almost completely male dominated,1.4,Information Media and Telecommunications,2
Occupation (6-digit),314133,Telecommunications Field Engineer,1200.0,91.7,8.5,No,43.0,93.7,6.1,Almost completely male dominated,1.4,Information Media and Telecommunications,2
Occupation (6-digit),314134,Telecommunications Network Designer,860.0,93.5,6.9,No,42.0,82.2,18.3,Highly male dominated,0.3,Information Media and Telecommunications,2
Occupation (6-digit),314135,Telecommunications Technical Officer or Technologist,730.0,89.7,10.3,No,48.0,89.1,10.5,Highly male dominated,1.1,Information Media and Telecommunications,2
Occupation (6-digit),314136,Web Administrator,2200.0,70.5,29.8,No,38.0,45.0,55.1,Gender balanced,0.6,Retail Trade,2
Occupation (6-digit),314199,ICT and Telecommunications Technicians nec,1100.0,87.8,12.0,No,38.0,83.0,16.8,Highly male dominated,1.6,Information Media and Telecommunications,2
Occupation (6-digit),314231,ICT Customer Support Officer,48800.0,83.7,16.3,No,38.0,79.6,20.5,Highly male dominated,1.1,"Professional, Scientific and Technical Services",2
Occupation (6-digit),321131,Chef,81500.0,56.2,43.8,Yes,35.0,72.6,27.4,Moderately male dominated,1.1,Accommodation and Food Services,2
Occupation (6-digit),322131,Baker,19000.0,66.3,33.7,No,37.0,71.8,28.2,Moderately male dominated,2.1,Manufacturing,3
Occupation (6-digit),322231,Butcher or Smallgoods Maker,13900.0,78.8,21.2,No,40.0,92.2,7.8,Almost completely male dominated,3.5,Retail Trade,3
Occupation (6-digit),322331,Cook,44200.0,34.3,65.7,Yes,33.0,51.3,48.7,Gender balanced,2.9,Accommodation and Food Services,3
Occupation (6-digit),322431,Pastrycook,6900.0,56.5,43.6,Yes,36.0,37.8,62.2,Moderately female dominated,0.9,Manufacturing,3
Occupation (6-digit),331131,Metal Fabricator,44900.0,90.8,9.2,No,38.0,98.8,1.2,Almost completely male dominated,3.4,Manufacturing,3
Occupation (6-digit),331132,Pressure Welder,100.0,,,,,,,,,,3
Occupation (6-digit),331133,Welder (First Class),19900.0,86.6,13.4,No,42.0,98.7,1.4,Almost completely male dominated,3.0,Manufacturing,3
Occupation (6-digit),331931,Blacksmith,240.0,,,,,,,,,,3
Occupation (6-digit),331932,Electroplater,410.0,,,,,,,,,,3
Occupation (6-digit),331933,Farrier,1100.0,65.8,33.9,No,42.0,92.1,8.1,Almost completely male dominated,2.4,"Agriculture, Forestry and Fishing",3
Occupation (6-digit),331934,Metal Casting Trades Worker,210.0,,,,,,,,,,3
Occupation (6-digit),331935,Metal Polisher,330.0,,,,,,,,,,3
Occupation (6-digit),331936,Sheetmetal Worker,5300.0,89.3,10.6,No,41.0,98.9,1.1,Almost completely male dominated,2.6,Manufacturing,3
Occupation (6-digit),332131,Aircraft Maintenance Technician (Avionics),1600.0,94.0,6.1,No,34.0,91.2,9.2,Almost completely male dominated,2.3,Public Administration and Safety,3
Occupation (6-digit),332132,Aircraft Maintenance Technician (Mechanical),1100.0,94.9,5.7,No,33.0,89.8,10.1,Highly male dominated,2.1,Public Administration and Safety,3
Occupation (6-digit),332133,Aircraft Maintenance Technician (Structures),250.0,,,,,,,,,,3
Occupation (6-digit),332134,Licensed Aircraft Maintenance Engineer,5200.0,88.6,11.4,No,44.0,97.0,3.0,Almost completely male dominated,1.4,"Transport, Postal and Warehousing",2
Occupation (6-digit),332231,Fitter (General),75800.0,92.3,7.7,No,40.0,97.9,2.1,Almost completely male dominated,3.2,Mining,3
Occupation (6-digit),332232,Fitter and Turner,9100.0,92.0,8.0,No,39.0,98.8,1.3,Almost completely male dominated,2.3,Manufacturing,3
Occupation (6-digit),332233,Fitter-Welder,850.0,88.7,11.2,No,47.0,99.2,0.5,Almost completely male dominated,3.1,Manufacturing,3
Occupation (6-digit),332234,Metal Machinist (First Class),3000.0,89.1,11.0,No,45.0,98.5,1.5,Almost completely male dominated,1.6,Manufacturing,3
Occupation (6-digit),332299,Metal Fitters and Machinists nec,1400.0,84.5,14.7,No,43.0,95.3,4.4,Almost completely male dominated,2.0,Manufacturing,3
Occupation (6-digit),332331,Engineering Patternmaker,130.0,,,,,,,,,,3
Occupation (6-digit),332332,Engraver,450.0,,,,,,,,,,3
Occupation (6-digit),332333,Gunsmith,160.0,,,,,,,,,,3
Occupation (6-digit),332334,Locksmith,2700.0,75.8,24.2,No,38.0,95.7,4.2,Almost completely male dominated,1.7,Other Services,3
Occupation (6-digit),332335,Precision Instrument Maker and Repairer,1600.0,83.6,16.7,No,47.0,93.9,6.2,Almost completely male dominated,1.0,Other Services,3
Occupation (6-digit),332336,Saw Technician,330.0,,,,,,,,,,3
Occupation (6-digit),332337,Toolmaker,2200.0,87.0,13.2,No,53.0,98.1,1.8,Almost completely male dominated,0.5,Manufacturing,3
Occupation (6-digit),332338,Watch and Clock Maker and Repairer,520.0,63.4,37.8,Yes,55.0,90.2,8.7,Almost completely male dominated,0.6,Other Services,3
Occupation (6-digit),341131,Dog Handler or Trainer,1700.0,52.5,47.4,No,39.0,36.1,63.9,Moderately female dominated,2.0,Other Services,3
Occupation (6-digit),341132,Horse Trainer,3000.0,81.2,18.7,No,43.0,59.9,40.0,Gender balanced,1.9,Arts and Recreation Services,3
Occupation (6-digit),341133,Track Rider,860.0,58.1,41.3,No,27.0,38.0,61.4,Moderately female dominated,1.7,Arts and Recreation Services,3
Occupation (6-digit),341134,Zookeeper,1600.0,63.2,37.1,No,31.0,35.8,64.1,Moderately female dominated,1.5,Arts and Recreation Services,3
Occupation (6-digit),341199,Animal Trainers and Zookeepers nec,480.0,,,,,,,,,,3
Occupation (6-digit),341231,Veterinary Nurse,13100.0,50.8,49.2,No,29.0,3.8,96.2,Almost completely female dominated,1.7,"Professional, Scientific and Technical Services",3
Occupation (6-digit),342131,Gardener (General),34200.0,46.5,53.5,No,48.0,83.5,16.5,Highly male dominated,2.9,Administrative and Support Services,3
Occupation (6-digit),342231,Arborist,5600.0,80.3,19.6,No,36.0,96.9,3.2,Almost completely male dominated,3.2,Administrative and Support Services,2
Occupation (6-digit),342232,Tree Worker,1100.0,74.1,26.1,No,37.0,96.0,4.2,Almost completely male dominated,3.8,Administrative and Support Services,3
Occupation (6-digit),342331,Florist,6300.0,40.8,59.2,Yes,40.0,7.2,92.8,Almost completely female dominated,1.2,Retail Trade,3
Occupation (6-digit),342431,Irrigation Technician,1200.0,83.0,16.6,No,43.0,97.4,2.5,Almost completely male dominated,2.7,Construction,3
Occupation (6-digit),342432,Landscape Gardener,23800.0,72.6,27.4,No,34.0,95.5,4.5,Almost completely male dominated,3.2,Construction,3
Occupation (6-digit),342531,Sports Turf Manager,1200.0,89.1,10.9,No,41.0,97.2,2.4,Almost completely male dominated,2.6,Arts and Recreation Services,2
Occupation (6-digit),342532,Sports Turf Trades Worker,10100.0,68.6,31.4,No,47.0,97.2,2.7,Almost completely male dominated,4.9,Arts and Recreation Services,3
Occupation (6-digit),342931,Nurseryperson,2600.0,61.4,38.5,No,49.0,56.0,44.0,Gender balanced,1.1,"Agriculture, Forestry and Fishing",3
Occupation (6-digit),343131,Aquaculture Supervisor,100.0,,,,,,,,,,3
Occupation (6-digit),343132,Fishing Leading Hand,,,,,,,,,,,3
Occupation (6-digit),343133,Forestry Operations Supervisor,190.0,,,,,,,,,,3
Occupation (6-digit),343134,Horticultural Supervisor or Specialist,1300.0,79.0,20.8,No,45.0,76.0,24.4,Highly male dominated,1.8,"Agriculture, Forestry and Fishing",3
Occupation (6-digit),343135,Senior Broadacre Crop and Livestock Farm Worker,50.0,,,,,,,,,,3
Occupation (6-digit),343136,Senior Broadacre Crop Farm Worker,540.0,83.5,16.1,No,47.0,90.1,9.9,Almost completely male dominated,2.4,"Agriculture, Forestry and Fishing",3
Occupation (6-digit),343137,Vineyard Supervisor,1600.0,81.7,18.4,No,50.0,86.9,13.3,Highly male dominated,1.0,"Agriculture, Forestry and Fishing",3
Occupation (6-digit),343199,"Senior Aquaculture, Crop and Forestry Workers nec",290.0,,,,,,,,,,3
Occupation (6-digit),343231,Senior Beef Cattle Station Worker,3600.0,85.7,14.3,No,32.0,64.1,35.9,Moderately male dominated,5.6,"Agriculture, Forestry and Fishing",3
Occupation (6-digit),343232,Senior Cattle and Sheep Farm Worker,100.0,,,,,,,,,,3
Occupation (6-digit),343233,Senior Dairy Cattle Farm Worker,290.0,,,,,,,,,,3
Occupation (6-digit),343234,Senior Horse Stable or Stud Worker,80.0,,,,,,,,,,3
Occupation (6-digit),343235,Senior Piggery Stockperson,100.0,,,,,,,,,,3
Occupation (6-digit),343236,Senior Sheep Farm Worker,170.0,,,,,,,,,,3
Occupation (6-digit),343299,Senior Livestock Farm Workers nec,670.0,76.7,22.8,No,41.0,71.7,28.0,Moderately male dominated,5.2,"Agriculture, Forestry and Fishing",3
Occupation (6-digit),343331,Shearer,2400.0,65.4,34.5,No,37.0,95.6,4.3,Almost completely male dominated,5.7,"Agriculture, Forestry and Fishing",3
Occupation (6-digit),343332,Wool Classer,450.0,,,,,,,,,,3
Occupation (6-digit),351131,Automotive Technician (General),80600.0,84.7,15.3,No,36.0,98.2,1.8,Almost completely male dominated,2.5,Other Services,3
Occupation (6-digit),351231,Automotive Electrician,7800.0,87.9,12.1,No,36.0,97.1,3.0,Almost completely male dominated,2.6,Other Services,3
Occupation (6-digit),351331,Panelbeater,10500.0,84.3,15.7,No,43.0,98.7,1.3,Almost completely male dominated,2.5,Other Services,3
Occupation (6-digit),351431,Agricultural Mechanic,1200.0,90.2,9.8,No,33.0,99.4,0.9,Almost completely male dominated,2.0,Other Services,3
Occupation (6-digit),351432,Bicycle Technician,1700.0,56.0,44.7,No,33.0,97.2,2.6,Almost completely male dominated,1.4,Retail Trade,3
Occupation (6-digit),351433,Diesel Technician,8900.0,93.6,6.3,No,32.0,98.8,1.2,Almost completely male dominated,3.3,Other Services,3
Occupation (6-digit),351434,Electric Vehicle Technician,,,,,,,,,,,3
Occupation (6-digit),351435,Marine Technician,1500.0,85.3,14.5,No,31.0,98.0,2.0,Almost completely male dominated,1.9,Manufacturing,3
Occupation (6-digit),351436,Motorcycle Technician,1700.0,81.8,18.0,No,36.0,98.4,1.5,Almost completely male dominated,2.2,Other Services,3
Occupation (6-digit),351437,Small Engine Technician,940.0,79.3,20.7,No,39.0,98.4,2.1,Almost completely male dominated,4.0,Other Services,3
Occupation (6-digit),351531,Vehicle Body Builder,3800.0,88.9,11.2,No,42.0,97.6,2.3,Almost completely male dominated,2.5,Manufacturing,3
Occupation (6-digit),351532,Vehicle Trimmer,1300.0,75.3,24.5,No,48.0,90.0,9.6,Almost completely male dominated,1.2,Other Services,3
Occupation (6-digit),351631,Vehicle Painter,10000.0,87.2,12.8,No,38.0,97.0,3.0,Almost completely male dominated,3.0,Other Services,3
Occupation (6-digit),361131,Floor Finisher,8600.0,69.0,30.9,Yes,40.0,97.0,3.0,Almost completely male dominated,2.6,Construction,3
Occupation (6-digit),361231,Painter,42000.0,71.3,28.8,Yes,41.0,94.1,5.9,Almost completely male dominated,2.5,Construction,3
Occupation (6-digit),362131,Glazier,10300.0,83.1,16.8,No,38.0,98.4,1.6,Almost completely male dominated,3.3,Construction,3
Occupation (6-digit),362231,Plasterer (Wall and Ceiling),18800.0,74.8,25.2,Yes,38.0,98.5,1.5,Almost completely male dominated,2.8,Construction,3
Occupation (6-digit),362232,Renderer (Solid Plaster),4500.0,68.2,31.8,Yes,39.0,99.2,0.8,Almost completely male dominated,1.9,Construction,3
Occupation (6-digit),362331,Roof Tiler,7300.0,72.3,27.7,Yes,31.0,98.9,1.1,Almost completely male dominated,5.7,Construction,3
Occupation (6-digit),362431,Wall and Floor Tiler,18000.0,73.1,27.0,Yes,38.0,97.3,2.7,Almost completely male dominated,2.1,Construction,3
Occupation (6-digit),363131,Plumber (General),43100.0,84.0,16.0,No,33.0,99.1,0.9,Almost completely male dominated,2.8,Construction,3
Occupation (6-digit),363231,Gasfitter,5200.0,84.4,15.6,No,40.0,99.4,0.7,Almost completely male dominated,1.7,Construction,3
Occupation (6-digit),363331,Roof Plumber,10000.0,84.3,15.8,No,32.0,99.2,0.8,Almost completely male dominated,3.8,Construction,3
Occupation (6-digit),363931,Drainer,4400.0,86.7,13.4,No,33.0,99.2,0.8,Almost completely male dominated,2.5,Construction,3
Occupation (6-digit),363932,Fire Protection Plumber,9700.0,89.2,10.9,No,27.0,99.0,1.1,Almost completely male dominated,3.2,Construction,3
Occupation (6-digit),363933,Mechanical Services Plumber,3600.0,92.8,7.3,No,32.0,99.4,0.5,Almost completely male dominated,1.4,Construction,3
Occupation (6-digit),369131,Cabinet Maker,22900.0,86.1,13.9,No,36.0,97.4,2.6,Almost completely male dominated,1.7,Manufacturing,3
Occupation (6-digit),369931,Shopfitter,2500.0,84.7,15.3,Yes,37.0,98.1,2.1,Almost completely male dominated,1.6,Manufacturing,3
Occupation (6-digit),369932,Swimming Pool and Spa Builder,1400.0,80.0,19.8,No,42.0,98.1,1.9,Almost completely male dominated,2.1,Construction,3
Occupation (6-digit),369933,Waterproofer,2400.0,73.9,26.1,Yes,37.0,96.7,3.2,Almost completely male dominated,2.2,Construction,3
Occupation (6-digit),371131,Bricklayer,16900.0,75.4,24.6,No,38.0,99.2,0.8,Almost completely male dominated,2.9,Construction,3
Occupation (6-digit),371132,Stonemason,4900.0,79.6,20.4,Yes,38.0,98.8,1.1,Almost completely male dominated,2.2,Manufacturing,3
Occupation (6-digit),371231,Concreter,25700.0,78.5,21.5,Yes,36.0,99.1,0.9,Almost completely male dominated,4.3,Construction,3
Occupation (6-digit),372131,Carpenter and Joiner,1400.0,81.7,18.1,No,44.0,98.9,1.1,Almost completely male dominated,1.8,Construction,3
Occupation (6-digit),372132,Carpenter,104400.0,84.0,16.0,No,31.0,99.0,1.0,Almost completely male dominated,2.7,Construction,3
Occupation (6-digit),372133,Joiner,4300.0,83.6,16.4,No,36.0,97.8,2.2,Almost completely male dominated,2.0,Construction,3
Occupation (6-digit),381131,Electrical Distribution Trades Worker,7300.0,92.2,7.8,No,40.0,97.4,2.6,Almost completely male dominated,4.2,"Electricity, Gas, Water and Waste Services",3
Occupation (6-digit),381231,Electrician (General),120900.0,85.4,14.6,No,33.0,98.0,2.0,Almost completely male dominated,2.2,Construction,3
Occupation (6-digit),381232,Electrical Fitter,5700.0,90.0,10.1,No,38.0,96.2,3.7,Almost completely male dominated,2.1,Construction,3
Occupation (6-digit),381233,Industrial Electrician,4800.0,90.9,9.1,No,36.0,97.4,2.7,Almost completely male dominated,2.2,Construction,3
Occupation (6-digit),381234,Lift Mechanic,3200.0,88.2,11.6,Yes,38.0,98.3,1.6,Almost completely male dominated,1.2,Construction,3
Occupation (6-digit),382131,Air Conditioning and Refrigeration Technician,21700.0,82.9,17.1,No,34.0,98.8,1.2,Almost completely male dominated,2.5,Construction,3
Occupation (6-digit),382231,Communications Operator,1000.0,90.4,9.4,No,29.0,70.7,29.7,Moderately male dominated,4.0,Public Administration and Safety,3
Occupation (6-digit),382232,Electronic Equipment Trades Worker,17500.0,74.0,26.0,No,41.0,95.7,4.3,Almost completely male dominated,1.1,Construction,3
Occupation (6-digit),382233,Electronic Instrument Technician,1500.0,91.4,8.9,No,36.0,92.8,7.3,Almost completely male dominated,1.7,Public Administration and Safety,3
Occupation (6-digit),382234,Office Equipment Technician,2100.0,84.9,15.3,No,47.0,97.3,2.6,Almost completely male dominated,0.7,Wholesale Trade,3
Occupation (6-digit),382331,Cabler (Data and Telecommunications),1600.0,63.1,36.6,No,44.0,96.4,3.6,Almost completely male dominated,2.0,Construction,3
Occupation (6-digit),382332,Telecommunications Cable Technician,640.0,82.4,17.9,No,37.0,97.0,2.8,Almost completely male dominated,3.1,Information Media and Telecommunications,3
Occupation (6-digit),382333,Telecommunications Linesworker,1200.0,70.6,30.0,No,40.0,97.4,2.1,Almost completely male dominated,1.8,Information Media and Telecommunications,3
Occupation (6-digit),382334,Telecommunications Technician,10700.0,76.7,23.3,No,40.0,94.5,5.5,Almost completely male dominated,2.1,Information Media and Telecommunications,3
Occupation (6-digit),391131,Gallery or Museum Technician,270.0,,,,,,,,,,2
Occupation (6-digit),391132,Library Technician,2700.0,48.5,51.5,No,53.0,12.7,87.5,Highly female dominated,0.7,Education and Training,2
Occupation (6-digit),391231,Audio Engineer,3200.0,54.1,45.9,Yes,37.0,89.8,10.3,Highly male dominated,1.1,Information Media and Telecommunications,3
Occupation (6-digit),391232,Broadcast Technician,540.0,77.0,22.4,No,37.0,78.3,20.4,Highly male dominated,2.4,Information Media and Telecommunications,3
Occupation (6-digit),391233,"Camera Operator (Film, Television or Video)",3000.0,54.8,45.0,No,34.0,87.8,12.1,Highly male dominated,1.3,Information Media and Telecommunications,3
Occupation (6-digit),391234,Lighting Technician,970.0,55.8,44.5,Yes,34.0,84.0,16.3,Highly male dominated,1.2,Arts and Recreation Services,3
Occupation (6-digit),391299,Performing Arts Technicians nec,1700.0,67.7,32.4,Yes,35.0,70.5,29.7,Moderately male dominated,0.6,Information Media and Telecommunications,3
Occupation (6-digit),391331,Photographer,11900.0,41.4,58.5,Yes,39.0,48.8,51.1,Gender balanced,1.0,"Professional, Scientific and Technical Services",2
Occupation (6-digit),391431,Graphic Pre-press Operator,1600.0,76.3,23.4,No,47.0,67.7,32.5,Moderately male dominated,0.6,Manufacturing,3
Occupation (6-digit),391432,Print Finisher,1900.0,71.2,28.7,No,51.0,60.6,39.4,Moderately male dominated,1.3,Manufacturing,3
Occupation (6-digit),391433,Printing Machinist,8900.0,78.1,21.9,No,48.0,81.7,18.2,Highly male dominated,1.0,Manufacturing,3
Occupation (6-digit),391434,Screen Printer,1000.0,66.8,32.8,No,44.0,75.9,23.8,Highly male dominated,2.2,Manufacturing,3
Occupation (6-digit),391531,Signwriter,5400.0,74.2,25.9,No,42.0,87.0,13.0,Highly male dominated,2.0,"Professional, Scientific and Technical Services",3
Occupation (6-digit),391931,Interior Decorator,2000.0,40.3,59.6,Yes,43.0,9.9,90.0,Almost completely female dominated,0.6,"Professional, Scientific and Technical Services",2
Occupation (6-digit),391932,Jeweller,3700.0,54.9,45.2,Yes,47.0,59.3,40.7,Gender balanced,1.1,Retail Trade,3
Occupation (6-digit),391933,Musical Instrument Maker or Repairer,820.0,49.7,51.2,No,50.0,91.5,9.1,Almost completely male dominated,1.0,Other Services,3
Occupation (6-digit),392131,Barber,5100.0,54.3,45.5,Yes,31.0,71.2,28.7,Moderately male dominated,2.7,Other Services,3
Occupation (6-digit),392132,Hairdresser,48700.0,41.3,58.7,Yes,36.0,10.6,89.4,Highly female dominated,2.2,Other Services,3
Occupation (6-digit),399131,Chemical Plant Operator,1600.0,92.1,7.8,No,47.0,93.0,6.9,Almost completely male dominated,1.9,Manufacturing,3
Occupation (6-digit),399132,Gas or Petroleum Production Technician,3800.0,92.9,7.1,Yes,45.0,92.1,8.1,Almost completely male dominated,3.7,Mining,3
Occupation (6-digit),399133,Power Generation Plant Operator,2200.0,93.5,6.7,No,49.0,97.1,2.6,Almost completely male dominated,2.1,"Electricity, Gas, Water and Waste Services",3
Occupation (6-digit),399231,Driller,8300.0,92.2,7.8,Yes,38.0,97.5,2.5,Almost completely male dominated,4.7,Mining,3
Occupation (6-digit),399331,Pest Control Technician,6300.0,68.3,31.7,No,45.0,94.4,5.5,Almost completely male dominated,3.1,Administrative and Support Services,3
Occupation (6-digit),399431,Apparel Cutter,380.0,,,,,,,,,,3
Occupation (6-digit),399432,Canvas Goods Fabricator,260.0,,,,,,,,,,3
Occupation (6-digit),399433,Dressmaker or Tailor,5200.0,42.1,58.0,Yes,50.0,15.2,84.8,Highly female dominated,1.0,Manufacturing,3
Occupation (6-digit),399434,Garment Technician,710.0,61.1,38.6,No,48.0,12.6,87.2,Highly female dominated,0.4,Manufacturing,3
Occupation (6-digit),399435,Leather Goods Maker,480.0,,,,,,,,,,3
Occupation (6-digit),399436,Sail Maker,190.0,,,,,,,,,,3
Occupation (6-digit),399437,Shoemaker,750.0,67.1,33.2,Yes,51.0,85.1,15.8,Highly male dominated,0.8,Other Services,3
Occupation (6-digit),399438,Upholsterer,2100.0,71.8,28.0,No,51.0,88.1,12.0,Highly male dominated,1.8,Manufacturing,3
Occupation (6-digit),399531,Furniture Finisher,570.0,75.0,24.8,Yes,45.0,89.1,11.2,Highly male dominated,1.4,Manufacturing,3
Occupation (6-digit),399532,Furniture Maker,1700.0,68.1,32.1,No,44.0,89.3,10.7,Highly male dominated,1.1,Manufacturing,3
Occupation (6-digit),399533,Picture Framer,1700.0,51.8,48.2,Yes,51.0,66.0,34.5,Moderately male dominated,1.0,Retail Trade,3
Occupation (6-digit),399534,Wood Machinist,1400.0,79.4,20.4,No,46.0,96.7,3.0,Almost completely male dominated,2.5,Manufacturing,3
Occupation (6-digit),399599,Wood Machinists and Other Wood Trades Workers nec,210.0,,,,,,,,,,3
Occupation (6-digit),399931,Boat Builder and Repairer,3000.0,79.6,20.3,No,41.0,94.8,5.1,Almost completely male dominated,2.0,Manufacturing,3
Occupation (6-digit),399932,Diver,890.0,74.1,25.0,Yes,35.0,93.4,6.5,Almost completely male dominated,2.7,"Agriculture, Forestry and Fishing",3
Occupation (6-digit),399933,Fire Protection Equipment Technician,4400.0,86.2,13.7,No,39.0,96.1,3.9,Almost completely male dominated,2.2,Public Administration and Safety,3
Occupation (6-digit),399934,Gas Network Technician,750.0,91.7,8.5,No,42.0,97.3,2.9,Almost completely male dominated,2.9,Construction,3
Occupation (6-digit),399935,Optical Mechanic,400.0,,,,,,,,,,3
Occupation (6-digit),399936,Plastics Technician,220.0,,,,,,,,,,3
Occupation (6-digit),399937,Railway Network Controller,1400.0,93.8,6.6,No,45.0,82.9,17.2,Highly male dominated,2.8,"Transport, Postal and Warehousing",3
Occupation (6-digit),399938,Shipwright,720.0,82.8,17.8,No,41.0,98.9,1.9,Almost completely male dominated,1.7,Manufacturing,3
Occupation (6-digit),399999,Technicians and Trades Workers nec,2400.0,76.9,23.4,No,42.0,87.8,12.2,Highly male dominated,1.6,Manufacturing,3
Occupation (6-digit),411131,Child Protection Practitioner,8400.0,79.5,20.5,No,38.0,13.2,86.7,Highly female dominated,8.0,Public Administration and Safety,2
Occupation (6-digit),411132,Family Violence Practitioner,1200.0,64.9,35.3,No,41.0,6.5,93.4,Almost completely female dominated,9.1,Health Care and Social Assistance,2
Occupation (6-digit),411231,Community Development Officer,3100.0,59.4,40.6,No,44.0,20.7,79.2,Highly female dominated,8.6,Public Administration and Safety,2
Occupation (6-digit),411232,Community Support Worker,7900.0,46.2,53.8,No,45.0,23.9,76.1,Highly female dominated,10.4,Health Care and Social Assistance,2
Occupation (6-digit),411331,Diversional Therapist,970.0,44.4,54.9,No,54.0,10.0,89.7,Highly female dominated,1.5,Health Care and Social Assistance,2
Occupation (6-digit),411332,Lifestyle Coordinator,1600.0,59.9,40.1,No,51.0,10.2,89.8,Highly female dominated,1.5,Health Care and Social Assistance,3
Occupation (6-digit),411333,Lifestyle Officer,1600.0,40.2,59.8,No,51.0,13.3,86.8,Highly female dominated,3.7,Health Care and Social Assistance,3
Occupation (6-digit),411431,Employment Consultant,10700.0,85.4,14.6,No,38.0,24.9,75.0,Highly female dominated,5.8,Administrative and Support Services,3
Occupation (6-digit),411531,Interpreter,3900.0,22.1,77.7,No,52.0,28.5,71.6,Moderately female dominated,1.6,"Professional, Scientific and Technical Services",2
Occupation (6-digit),411532,Translator,1700.0,34.3,65.9,No,50.0,35.0,65.0,Moderately female dominated,1.4,"Professional, Scientific and Technical Services",2
Occupation (6-digit),411631,Community Corrections Officer,2200.0,85.4,14.6,No,40.0,28.2,71.8,Moderately female dominated,4.6,Public Administration and Safety,2
Occupation (6-digit),411632,Family Support Worker,4300.0,49.9,50.1,No,42.0,13.1,87.0,Highly female dominated,18.4,Health Care and Social Assistance,2
Occupation (6-digit),411633,Financial Counsellor (Community),1300.0,58.8,41.3,No,50.0,25.6,74.5,Moderately female dominated,4.7,Health Care and Social Assistance,2
Occupation (6-digit),411634,Housing Officer,1600.0,79.3,20.4,No,44.0,22.9,77.2,Highly female dominated,8.7,"Rental, Hiring and Real Estate Services",2
Occupation (6-digit),411635,Refuge Worker,250.0,,,,,,,,,,3
Occupation (6-digit),411636,Welfare Worker,5900.0,65.4,34.6,No,43.0,20.8,79.1,Highly female dominated,10.2,Health Care and Social Assistance,2
Occupation (6-digit),411731,Residential Youth Worker,1700.0,58.4,41.6,No,34.0,33.7,66.4,Moderately female dominated,6.8,Health Care and Social Assistance,2
Occupation (6-digit),411732,Youth Justice Worker,3700.0,67.4,32.8,No,35.0,39.0,61.1,Moderately female dominated,9.2,Public Administration and Safety,2
Occupation (6-digit),411733,Youth Worker,10900.0,60.2,39.8,No,34.0,42.7,57.3,Gender balanced,11.2,Health Care and Social Assistance,2
Occupation (6-digit),411931,Recreation Officer,1500.0,57.6,41.9,No,38.0,40.5,59.2,Gender balanced,7.3,Public Administration and Safety,3
Occupation (6-digit),411932,Sports Development Officer,990.0,70.0,30.4,Yes,31.0,59.7,40.3,Gender balanced,5.1,Arts and Recreation Services,2
Occupation (6-digit),411933,Volunteer Coordinator,1500.0,44.8,55.7,No,47.0,12.8,87.0,Highly female dominated,1.2,Health Care and Social Assistance,3
Occupation (6-digit),421131,Aged Care Coordinator,5900.0,77.3,22.7,No,45.0,15.1,85.0,Highly female dominated,3.5,Health Care and Social Assistance,3
Occupation (6-digit),421132,Aged Care Team Leader,910.0,72.7,26.7,No,49.0,14.7,85.5,Highly female dominated,4.5,Health Care and Social Assistance,3
Occupation (6-digit),421231,Community Aged Care Support Worker,66900.0,26.2,73.8,No,48.0,12.1,87.9,Highly female dominated,2.8,Health Care and Social Assistance,4
Occupation (6-digit),421331,Residential Aged Care Worker,31200.0,33.3,66.7,No,44.0,12.8,87.2,Highly female dominated,1.9,Health Care and Social Assistance,4
Occupation (6-digit),422131,Disability Services Officer,12100.0,64.8,35.2,No,42.0,20.7,79.2,Highly female dominated,3.0,Health Care and Social Assistance,2
Occupation (6-digit),422132,Residential Care Officer,6100.0,53.1,46.9,No,48.0,28.5,71.6,Moderately female dominated,2.7,Health Care and Social Assistance,2
Occupation (6-digit),422231,Disability Support Worker,151400.0,33.9,66.1,No,40.0,29.5,70.5,Moderately female dominated,3.7,Health Care and Social Assistance,4
Occupation (6-digit),422232,Disability Team Leader,1100.0,84.0,16.0,No,43.0,29.4,70.7,Moderately female dominated,3.8,Health Care and Social Assistance,3
Occupation (6-digit),431131,Early Childhood Education Room Leader,8800.0,61.9,38.2,No,35.0,2.8,97.2,Almost completely female dominated,3.0,Health Care and Social Assistance,2
Occupation (6-digit),431132,Early Childhood Educator,129500.0,44.7,55.3,No,34.0,3.6,96.4,Almost completely female dominated,3.1,Health Care and Social Assistance,3
Occupation (6-digit),431231,Family Day Care Coordinator,770.0,53.8,46.2,No,42.0,6.1,93.4,Almost completely female dominated,2.1,Health Care and Social Assistance,2
Occupation (6-digit),431232,Family Day Care Educator,4400.0,67.4,32.7,No,45.0,1.9,98.1,Almost completely female dominated,1.2,Health Care and Social Assistance,3
Occupation (6-digit),431331,Nanny,7000.0,21.8,78.3,Yes,27.0,2.0,97.9,Almost completely female dominated,1.6,Other Services,4
Occupation (6-digit),431431,Out of School Hours Care Educator,9000.0,9.0,91.1,Yes,23.0,20.9,79.1,Highly female dominated,2.2,Health Care and Social Assistance,3
Occupation (6-digit),432131,Inclusion Support Assistant,19900.0,23.0,77.0,No,48.0,8.7,91.3,Almost completely female dominated,1.8,Education and Training,3
Occupation (6-digit),432231,Teaching Assistant,80200.0,22.2,77.7,No,46.0,11.9,88.1,Highly female dominated,4.8,Education and Training,3
Occupation (6-digit),432931,Aboriginal and Torres Strait Islander Education Officer,1800.0,48.2,52.3,No,42.0,26.9,72.9,Moderately female dominated,90.3,Education and Training,3
Occupation (6-digit),432932,Boarding Supervisor,1600.0,46.5,53.6,No,35.0,32.2,67.6,Moderately female dominated,7.9,Education and Training,4
Occupation (6-digit),441131,Enrolled Nurse,34500.0,40.5,59.5,No,43.0,11.0,89.0,Highly female dominated,2.7,Health Care and Social Assistance,2
Occupation (6-digit),441231,Massage Therapist,10200.0,23.9,76.1,Yes,43.0,18.1,81.9,Highly female dominated,0.5,Health Care and Social Assistance,3
Occupation (6-digit),441232,Myotherapist,930.0,23.2,76.3,Yes,38.0,32.3,67.5,Moderately female dominated,1.3,Health Care and Social Assistance,2
Occupation (6-digit),441233,Remedial Massage Therapist,6200.0,21.5,78.5,Yes,44.0,24.4,75.6,Highly female dominated,0.9,Health Care and Social Assistance,2
Occupation (6-digit),441331,Mental Health Worker,10900.0,47.6,52.4,No,40.0,27.9,72.1,Moderately female dominated,5.4,Health Care and Social Assistance,2
Occupation (6-digit),441931,Aboriginal and Torres Strait Islander Health Practitioner,360.0,,,,,,,,,,3
Occupation (6-digit),441932,Aboriginal and Torres Strait Islander Health Worker,1400.0,71.7,28.3,No,45.0,27.4,72.6,Moderately female dominated,78.7,Health Care and Social Assistance,4
Occupation (6-digit),441933,Audiometrist,470.0,,,,,,,,,,2
Occupation (6-digit),442131,Allied Health Assistant,8200.0,29.4,70.6,No,40.0,14.8,85.2,Highly female dominated,1.9,Health Care and Social Assistance,3
Occupation (6-digit),442231,Assistant in Nursing,40200.0,36.7,63.3,No,36.0,14.6,85.4,Highly female dominated,2.7,Health Care and Social Assistance,4
Occupation (6-digit),442331,Dental Assistant,26600.0,37.1,62.9,Yes,31.0,2.5,97.5,Almost completely female dominated,2.4,Health Care and Social Assistance,4
Occupation (6-digit),442431,Optical Dispenser,6100.0,34.5,65.5,Yes,35.0,21.6,78.5,Highly female dominated,1.3,Health Care and Social Assistance,3
Occupation (6-digit),442531,Patient Care Assistant,11800.0,35.9,64.1,No,38.0,18.0,82.0,Highly female dominated,1.8,Health Care and Social Assistance,4
Occupation (6-digit),442532,Patient Services Assistant,15800.0,56.9,43.0,No,48.0,59.2,40.7,Gender balanced,2.6,Health Care and Social Assistance,4
Occupation (6-digit),442931,Patient Transport Officer,1700.0,64.4,35.8,No,49.0,65.3,34.6,Moderately male dominated,5.9,Health Care and Social Assistance,4
Occupation (6-digit),442999,Patient and Health Care Assistants nec,2800.0,49.6,50.4,Yes,42.0,37.5,62.7,Moderately female dominated,2.3,Health Care and Social Assistance,4
Occupation (6-digit),451131,Defence Force Member - Other Ranks,17800.0,92.3,7.8,No,27.0,82.5,17.5,Highly male dominated,5.2,Public Administration and Safety,3
Occupation (6-digit),451231,Emergency Services Officer,1600.0,88.6,11.4,Yes,42.0,75.7,24.1,Highly male dominated,3.5,Mining,3
Occupation (6-digit),451232,Firefighter,13500.0,93.4,6.6,Yes,43.0,91.4,8.5,Almost completely male dominated,3.4,Public Administration and Safety,3
Occupation (6-digit),451331,General Duties Police Officer,47700.0,92.2,7.8,Yes,40.0,71.4,28.6,Moderately male dominated,2.9,Public Administration and Safety,2
Occupation (6-digit),451931,Border Enforcement Operations Officer,3600.0,82.7,17.6,Yes,45.0,57.0,42.8,Gender balanced,2.6,Public Administration and Safety,2
Occupation (6-digit),452131,Correctional Officer,20000.0,90.8,9.2,Yes,45.0,70.0,30.0,Moderately male dominated,4.6,Public Administration and Safety,4
Occupation (6-digit),452231,"Alarm, Security or Surveillance Monitor",590.0,77.8,22.9,No,41.0,67.3,32.7,Moderately male dominated,1.2,Public Administration and Safety,4
Occupation (6-digit),452232,Cash In Transit Officer,490.0,,,,,,,,,,4
Occupation (6-digit),452233,Crowd Controller,520.0,26.2,74.2,Yes,30.0,83.1,16.5,Highly male dominated,2.5,Public Administration and Safety,4
Occupation (6-digit),452234,Private Investigator,500.0,48.8,51.7,Yes,53.0,65.2,34.4,Moderately male dominated,1.2,Public Administration and Safety,4
Occupation (6-digit),452235,Protective Services Officer,2600.0,89.6,10.4,No,38.0,81.0,19.0,Highly male dominated,1.9,Public Administration and Safety,4
Occupation (6-digit),452236,Retail Loss Prevention Officer,1400.0,30.3,69.8,Yes,43.0,37.6,62.4,Moderately female dominated,2.1,Retail Trade,4
Occupation (6-digit),452237,Security Consultant,2700.0,76.9,23.1,No,41.0,64.3,36.0,Moderately male dominated,1.3,Public Administration and Safety,3
Occupation (6-digit),452238,Security Officer,36000.0,68.7,31.3,No,41.0,86.4,13.6,Highly male dominated,2.9,Public Administration and Safety,4
Occupation (6-digit),452241,Security Screening Officer,1800.0,63.3,36.9,No,45.0,64.5,35.2,Moderately male dominated,3.0,Public Administration and Safety,4
Occupation (6-digit),461131,Beauty Therapist,28900.0,29.9,70.1,Yes,33.0,3.1,96.9,Almost completely female dominated,1.6,Other Services,3
Occupation (6-digit),461132,Dermal Therapist,1300.0,33.4,66.7,Yes,32.0,1.7,98.5,Almost completely female dominated,1.5,Other Services,2
Occupation (6-digit),461231,Body Artist,3700.0,48.9,51.2,Yes,31.0,50.4,49.5,Gender balanced,2.6,Other Services,4
Occupation (6-digit),461232,Make-up Artist,2200.0,22.1,78.2,Yes,31.0,3.7,96.3,Almost completely female dominated,1.2,Other Services,3
Occupation (6-digit),461331,Civil Celebrant,1100.0,20.1,80.3,Yes,56.0,20.8,79.4,Highly female dominated,0.0,Other Services,3
Occupation (6-digit),461332,Funeral Director,3100.0,76.0,23.8,No,52.0,48.6,51.6,Gender balanced,1.6,Other Services,2
Occupation (6-digit),461333,Funeral Worker,900.0,47.0,53.7,No,52.0,61.8,38.6,Moderately male dominated,1.8,Other Services,4
Occupation (6-digit),461431,Dog Walker,1100.0,17.4,82.5,No,35.0,25.7,74.4,Moderately female dominated,1.0,Other Services,5
Occupation (6-digit),461432,Domestic Animal Attendant,4000.0,30.9,69.2,Yes,28.0,18.1,82.0,Highly female dominated,2.3,Other Services,4
Occupation (6-digit),461433,Pet Groomer,5800.0,34.6,65.5,Yes,38.0,12.9,87.1,Highly female dominated,2.3,Other Services,4
Occupation (6-digit),461499,Domestic Animal Care Workers nec,1600.0,33.7,66.2,No,34.0,23.5,76.3,Highly female dominated,2.6,Other Services,4
Occupation (6-digit),461531,Driving Instructor,4500.0,38.9,61.2,Yes,54.0,75.8,24.2,Highly male dominated,1.2,Education and Training,3
Occupation (6-digit),461631,Gallery or Museum Guide,1400.0,20.2,79.3,Yes,36.0,28.4,71.8,Moderately female dominated,2.9,Arts and Recreation Services,4
Occupation (6-digit),461632,Tour Guide,3000.0,40.7,59.4,Yes,44.0,52.2,47.8,Gender balanced,6.1,Administrative and Support Services,3
Occupation (6-digit),461633,Tourist Information Officer,1300.0,42.0,57.9,Yes,46.0,20.5,79.6,Highly female dominated,3.8,Public Administration and Safety,4
Occupation (6-digit),461731,Flight Attendant,6200.0,36.6,63.5,Yes,39.0,22.9,77.1,Highly female dominated,1.9,"Transport, Postal and Warehousing",3
Occupation (6-digit),461799,Travel Attendants nec,450.0,,,,,,,,,,4
Occupation (6-digit),461831,Travel Consultant,9000.0,53.1,46.9,No,43.0,21.4,78.5,Highly female dominated,0.9,Administrative and Support Services,3
Occupation (6-digit),461931,Airline Customer Support Worker,2700.0,32.6,67.5,Yes,41.0,29.6,70.4,Moderately female dominated,2.4,"Transport, Postal and Warehousing",5
Occupation (6-digit),461932,Fashion Stylist,340.0,,,,,,,,,,4
Occupation (6-digit),461933,First Aid Trainer,840.0,33.4,66.6,Yes,49.0,46.8,53.3,Gender balanced,0.9,Education and Training,3
Occupation (6-digit),461934,Hair or Beauty Salon Assistant,1200.0,9.6,90.6,Yes,19.0,8.5,91.9,Almost completely female dominated,2.7,Other Services,5
Occupation (6-digit),461935,Natural Remedy Consultant,1400.0,19.1,80.6,Yes,49.0,10.3,89.2,Highly female dominated,0.7,Health Care and Social Assistance,4
Occupation (6-digit),461936,Photographer's Assistant,720.0,44.4,56.4,Yes,34.0,35.6,64.1,Moderately female dominated,1.4,"Professional, Scientific and Technical Services",4
Occupation (6-digit),461937,Religious Assistant,2300.0,31.1,69.1,No,50.0,32.0,68.0,Moderately female dominated,1.1,Other Services,4
Occupation (6-digit),461938,Sex Worker or Escort,490.0,,,,,,,,,,5
Occupation (6-digit),461941,Weight Loss Consultant,310.0,,,,,,,,,,4
Occupation (6-digit),461999,Personal Service and Travel Workers nec,3500.0,19.8,80.1,Yes,48.0,23.1,77.0,Highly female dominated,2.1,Education and Training,4
Occupation (6-digit),462131,Fitness Instructor (General),23300.0,26.3,73.7,Yes,33.0,47.4,52.6,Gender balanced,1.4,Other Services,4
Occupation (6-digit),462231,Pilates Instructor,2900.0,15.3,84.5,Yes,38.0,5.1,94.9,Almost completely female dominated,0.9,Other Services,3
Occupation (6-digit),462232,Yoga Teacher,3700.0,13.3,86.8,Yes,46.0,9.8,90.1,Almost completely female dominated,0.7,Education and Training,4
Occupation (6-digit),462331,Lifeguard,5100.0,15.6,84.5,Yes,21.0,60.7,39.3,Moderately male dominated,2.4,Arts and Recreation Services,3
Occupation (6-digit),462399,Sport and Recreation Safety Patrollers nec,420.0,,,,,,,,,,3
Occupation (6-digit),462431,Basketball Coach,710.0,13.7,87.1,Yes,21.0,73.3,25.8,Moderately male dominated,2.1,Education and Training,4
Occupation (6-digit),462432,Diving Instructor (Open Water),530.0,51.1,48.0,Yes,33.0,63.5,36.3,Moderately male dominated,1.5,"Transport, Postal and Warehousing",3
Occupation (6-digit),462433,Football Coach,1200.0,28.8,71.4,Yes,24.0,86.2,14.3,Highly male dominated,1.3,Education and Training,4
Occupation (6-digit),462434,Gymnastics Coach or Instructor,4300.0,11.9,88.1,Yes,20.0,19.7,80.3,Highly female dominated,1.6,Arts and Recreation Services,4
Occupation (6-digit),462435,Horse Riding Coach or Instructor,990.0,40.4,60.3,Yes,42.0,12.5,87.5,Highly female dominated,1.7,Education and Training,3
Occupation (6-digit),462436,Martial Arts Instructor,2200.0,24.5,75.3,Yes,29.0,69.4,30.7,Moderately male dominated,2.0,Education and Training,4
Occupation (6-digit),462437,Netball Coach,720.0,18.5,81.9,Yes,23.0,48.5,51.2,Gender balanced,1.5,Education and Training,4
Occupation (6-digit),462438,Outdoor Adventure Leader or Guide,2500.0,46.3,53.9,Yes,28.0,57.5,42.5,Gender balanced,2.0,Education and Training,3
Occupation (6-digit),462441,Snowsport Instructor,680.0,15.8,84.0,Yes,26.0,55.3,44.7,Gender balanced,0.4,Education and Training,3
Occupation (6-digit),462442,Swimming Instructor or Coach,12300.0,8.8,91.2,Yes,22.0,25.4,74.6,Moderately female dominated,1.6,Education and Training,4
Occupation (6-digit),462443,Tennis Coach,3100.0,20.5,79.4,Yes,29.0,78.2,21.8,Highly male dominated,0.9,Education and Training,4
Occupation (6-digit),462499,Sports Coaches and Outdoor Adventure Guides nec,6500.0,28.3,71.7,Yes,26.0,63.9,36.0,Moderately male dominated,1.4,Education and Training,4
Occupation (6-digit),462531,Dog and Horse Racing Official,680.0,67.0,33.8,No,46.0,76.6,22.8,Highly male dominated,2.7,Arts and Recreation Services,3
Occupation (6-digit),462532,Sports Umpire,5100.0,2.6,97.5,Yes,16.0,71.3,28.5,Moderately male dominated,1.8,Arts and Recreation Services,3
Occupation (6-digit),462599,Sports Officials and Umpires nec,120.0,,,,,,,,,,3
Occupation (6-digit),462631,Footballer,1800.0,46.9,53.3,Yes,23.0,93.7,6.5,Almost completely male dominated,7.7,Arts and Recreation Services,3
Occupation (6-digit),462632,Golfer,980.0,62.1,38.1,Yes,41.0,91.2,8.5,Almost completely male dominated,0.7,Arts and Recreation Services,3
Occupation (6-digit),462633,Jockey,560.0,73.4,27.2,Yes,28.0,62.7,37.5,Moderately male dominated,3.8,Arts and Recreation Services,3
Occupation (6-digit),462699,Sportspersons nec,650.0,42.2,57.4,Yes,26.0,71.7,27.4,Moderately male dominated,4.2,Arts and Recreation Services,3
Occupation (6-digit),471131,Bar Attendant,41500.0,20.3,79.7,Yes,24.0,49.7,50.3,Gender balanced,3.8,Accommodation and Food Services,4
Occupation (6-digit),471231,Barista,47400.0,21.7,78.3,Yes,24.0,26.1,73.9,Moderately female dominated,2.4,Accommodation and Food Services,4
Occupation (6-digit),471331,Cafe Worker,27500.0,12.9,87.1,Yes,22.0,20.0,80.0,Highly female dominated,2.5,Accommodation and Food Services,5
Occupation (6-digit),471431,Gaming Attendant,4100.0,24.1,75.9,Yes,33.0,31.9,68.1,Moderately female dominated,2.0,Accommodation and Food Services,4
Occupation (6-digit),471432,Gaming Dealer or Croupier,4100.0,43.4,56.5,Yes,34.0,63.9,36.3,Moderately male dominated,1.3,Arts and Recreation Services,4
Occupation (6-digit),471531,Bar Supervisor,2700.0,48.4,51.6,Yes,29.0,54.6,45.5,Gender balanced,2.8,Accommodation and Food Services,3
Occupation (6-digit),471532,Cafe or Restaurant Supervisor,6900.0,42.4,57.5,Yes,28.0,32.5,67.5,Moderately female dominated,1.9,Accommodation and Food Services,3
Occupation (6-digit),471533,Front Office Supervisor (Accommodation),550.0,67.2,33.6,Yes,32.0,33.3,66.7,Moderately female dominated,2.0,Accommodation and Food Services,3
Occupation (6-digit),471534,Gaming Supervisor,1000.0,57.8,42.6,Yes,46.0,50.8,49.3,Gender balanced,1.4,Arts and Recreation Services,3
Occupation (6-digit),471535,Housekeeping Supervisor,1700.0,55.1,45.0,Yes,42.0,18.9,80.9,Highly female dominated,2.4,Accommodation and Food Services,3
Occupation (6-digit),471631,Sommelier,1600.0,19.0,80.4,Yes,23.0,33.5,66.6,Moderately female dominated,2.2,Accommodation and Food Services,3
Occupation (6-digit),471632,Waiter,84400.0,9.8,90.2,Yes,21.0,23.2,76.8,Highly female dominated,2.0,Accommodation and Food Services,4
Occupation (6-digit),471931,Bar Useful,670.0,8.2,91.8,Yes,21.0,82.9,15.7,Highly male dominated,2.7,Accommodation and Food Services,5
Occupation (6-digit),471932,Doorperson or Porter,690.0,33.0,67.8,Yes,38.0,82.4,17.6,Highly male dominated,2.5,Accommodation and Food Services,5
Occupation (6-digit),471999,Hospitality Workers nec,4100.0,26.2,73.7,Yes,23.0,32.2,67.9,Moderately female dominated,1.8,Arts and Recreation Services,5
Occupation (6-digit),511131,Contract Administrator,23200.0,86.9,13.1,No,41.0,49.9,50.1,Gender balanced,1.6,Construction,2
Occupation (6-digit),511231,Program or Project Administrator,102100.0,79.3,20.7,No,42.0,38.1,61.9,Moderately female dominated,2.5,Public Administration and Safety,2
Occupation (6-digit),521131,Conveyancer,7200.0,69.8,30.2,No,42.0,14.3,85.6,Highly female dominated,1.1,"Professional, Scientific and Technical Services",2
Occupation (6-digit),521231,Clerk of Court,1400.0,85.5,14.8,No,36.0,23.1,76.6,Highly female dominated,1.8,Public Administration and Safety,3
Occupation (6-digit),521232,Court Bailiff or Sheriff,680.0,78.8,21.2,No,49.0,66.7,33.7,Moderately male dominated,4.1,Public Administration and Safety,3
Occupation (6-digit),521233,Court Orderly,1400.0,73.2,27.1,No,41.0,29.8,69.7,Moderately female dominated,7.5,Public Administration and Safety,3
Occupation (6-digit),521234,Law Clerk,16100.0,53.3,46.7,No,28.0,18.4,81.6,Highly female dominated,1.5,"Professional, Scientific and Technical Services",3
Occupation (6-digit),521235,Legal Secretary,7900.0,59.4,40.5,No,42.0,2.7,97.2,Almost completely female dominated,1.8,"Professional, Scientific and Technical Services",3
Occupation (6-digit),521236,Trust Officer,1200.0,70.5,29.7,No,45.0,20.8,78.9,Highly female dominated,1.5,Financial and Insurance Services,3
Occupation (6-digit),522131,Secretary (General),22100.0,38.5,61.5,No,55.0,4.1,95.9,Almost completely female dominated,1.2,Construction,3
Occupation (6-digit),522231,Executive Assistant,47700.0,72.5,27.5,No,44.0,3.0,97.0,Almost completely female dominated,1.5,"Professional, Scientific and Technical Services",2
Occupation (6-digit),531131,Bank Officer,43900.0,71.9,28.1,No,38.0,34.7,65.3,Moderately female dominated,1.9,Financial and Insurance Services,3
Occupation (6-digit),531231,Credit or Loans Officer,31200.0,85.8,14.2,No,38.0,44.8,55.2,Gender balanced,1.1,Financial and Insurance Services,3
Occupation (6-digit),531331,Business Broker,570.0,63.2,35.7,No,56.0,84.7,16.2,Highly male dominated,1.6,"Rental, Hiring and Real Estate Services",3
Occupation (6-digit),531332,Commodities Trader,1900.0,86.3,13.8,No,42.0,75.7,24.2,Highly male dominated,0.4,Wholesale Trade,2
Occupation (6-digit),531333,Finance Broker,16700.0,79.4,20.6,No,44.0,70.0,30.0,Moderately male dominated,0.6,Financial and Insurance Services,2
Occupation (6-digit),531334,Insurance Broker,11300.0,84.7,15.3,No,42.0,52.5,47.5,Gender balanced,0.9,Financial and Insurance Services,2
Occupation (6-digit),531399,Financial and Insurance Brokers nec,420.0,,,,,,,,,,2
Occupation (6-digit),531431,Insurance Consultant,29000.0,78.7,21.3,No,38.0,29.8,70.2,Moderately female dominated,1.4,Financial and Insurance Services,4
Occupation (6-digit),531531,Insurance Investigator,350.0,,,,,,,,,,3
Occupation (6-digit),531532,Insurance Loss Adjuster,4100.0,86.8,13.2,No,45.0,66.7,33.2,Moderately male dominated,1.2,Financial and Insurance Services,3
Occupation (6-digit),531533,Insurance Risk Surveyor,560.0,87.4,13.2,No,44.0,63.4,35.7,Moderately male dominated,0.7,Financial and Insurance Services,2
Occupation (6-digit),531931,Investment Administrator,750.0,82.3,17.4,No,37.0,39.8,59.6,Moderately female dominated,1.2,Financial and Insurance Services,2
Occupation (6-digit),531932,Paraplanner,290.0,,,,,,,,,,2
Occupation (6-digit),541131,Accounts Clerk,110700.0,60.7,39.3,No,45.0,14.1,85.9,Highly female dominated,1.3,Construction,4
Occupation (6-digit),541231,Estimator,10100.0,85.0,14.9,No,42.0,76.4,23.6,Highly male dominated,1.0,Construction,4
Occupation (6-digit),541331,Payroll Officer,20200.0,64.3,35.7,No,45.0,12.5,87.5,Highly female dominated,1.6,Health Care and Social Assistance,4
Occupation (6-digit),542131,Bookkeeper,79300.0,33.7,66.3,No,50.0,9.1,90.9,Almost completely female dominated,0.9,"Professional, Scientific and Technical Services",3
Occupation (6-digit),549131,Betting Clerk,1000.0,39.4,60.9,Yes,50.0,38.4,60.9,Moderately female dominated,1.9,Arts and Recreation Services,5
Occupation (6-digit),549132,Bookmaker,390.0,,,,,,,,,,4
Occupation (6-digit),549133,Debt Collector,6800.0,72.5,27.5,No,41.0,33.4,66.6,Moderately female dominated,2.1,Administrative and Support Services,4
Occupation (6-digit),551131,Call or Contact Centre Operator,40200.0,64.9,35.1,No,34.0,30.3,69.7,Moderately female dominated,2.4,Public Administration and Safety,4
Occupation (6-digit),551132,Call or Contact Centre Team Leader,2900.0,83.4,16.5,No,36.0,37.9,62.2,Moderately female dominated,1.8,Financial and Insurance Services,3
Occupation (6-digit),551231,Information Officer,55600.0,69.0,30.9,No,38.0,30.5,69.4,Moderately female dominated,2.5,Public Administration and Safety,4
Occupation (6-digit),551232,Switchboard Operator,2000.0,55.0,45.0,No,45.0,20.3,80.0,Highly female dominated,2.9,Health Care and Social Assistance,5
Occupation (6-digit),552131,Medical Receptionist,64400.0,32.5,67.5,No,42.0,4.4,95.6,Almost completely female dominated,2.1,Health Care and Social Assistance,4
Occupation (6-digit),552231,Ward Clerk,9200.0,47.8,52.2,No,48.0,8.0,92.0,Almost completely female dominated,2.2,Health Care and Social Assistance,4
Occupation (6-digit),553131,Receptionist (General),71200.0,45.2,54.8,No,38.0,6.2,93.8,Almost completely female dominated,2.8,Health Care and Social Assistance,4
Occupation (6-digit),553231,Hotel or Motel Receptionist,8600.0,38.3,61.7,Yes,32.0,27.0,73.1,Moderately female dominated,2.4,Accommodation and Food Services,4
Occupation (6-digit),561131,General Clerk,252700.0,55.9,44.1,No,44.0,13.6,86.4,Highly female dominated,2.6,Public Administration and Safety,4
Occupation (6-digit),561231,Data Entry Operator,43600.0,52.1,47.9,No,40.0,16.4,83.6,Highly female dominated,2.2,Health Care and Social Assistance,4
Occupation (6-digit),561232,Machine Shorthand Reporter,1400.0,42.5,57.9,No,49.0,20.7,79.3,Highly female dominated,0.6,Administrative and Support Services,4
Occupation (6-digit),561233,Word Processing Operator,6100.0,38.3,61.7,No,52.0,8.5,91.5,Almost completely female dominated,1.4,Health Care and Social Assistance,4
Occupation (6-digit),571131,Logistics Officer,23600.0,83.3,16.7,No,40.0,60.6,39.4,Moderately male dominated,1.8,"Transport, Postal and Warehousing",4
Occupation (6-digit),571231,Order Clerk,14400.0,77.6,22.4,No,39.0,30.9,69.1,Moderately female dominated,1.2,Wholesale Trade,4
Occupation (6-digit),571331,Procurement Officer,7400.0,86.8,13.2,No,42.0,44.2,55.8,Gender balanced,1.4,Public Administration and Safety,4
Occupation (6-digit),571332,Purchasing Officer,7800.0,83.5,16.5,No,45.0,46.6,53.4,Gender balanced,1.3,Manufacturing,4
Occupation (6-digit),571431,Stock Clerk,19600.0,73.9,26.2,No,40.0,54.5,45.4,Gender balanced,1.7,Retail Trade,4
Occupation (6-digit),571531,Warehouse Administrator,20900.0,67.5,32.5,No,34.0,75.1,24.8,Highly male dominated,2.2,"Transport, Postal and Warehousing",4
Occupation (6-digit),571931,Freight Forwarder,3000.0,86.4,13.7,No,40.0,44.2,55.7,Gender balanced,0.8,"Transport, Postal and Warehousing",4
Occupation (6-digit),571932,Production Coordinator (Logistics),1800.0,81.2,18.3,No,41.0,37.0,63.1,Moderately female dominated,1.9,Manufacturing,4
Occupation (6-digit),591131,Aerodrome Reporting Officer,1200.0,82.8,16.9,No,44.0,49.0,50.4,Gender balanced,3.0,Public Administration and Safety,4
Occupation (6-digit),591132,Council Ranger,1200.0,87.1,12.8,No,47.0,67.0,33.3,Moderately male dominated,4.0,Public Administration and Safety,4
Occupation (6-digit),591133,Electrical Asset Inspector,1500.0,83.9,15.6,No,47.0,78.9,21.0,Highly male dominated,3.0,Public Administration and Safety,4
Occupation (6-digit),591134,"Invasive Pest, Weed and Disease Inspector",450.0,,,,,,,,,,4
Occupation (6-digit),591135,Meter Reader,1900.0,56.7,43.0,No,44.0,86.5,13.5,Highly male dominated,2.1,Administrative and Support Services,5
Occupation (6-digit),591136,Motor Vehicle Licence Examiner,910.0,71.0,29.2,No,47.0,49.9,50.9,Gender balanced,2.4,Public Administration and Safety,4
Occupation (6-digit),591137,Parking Officer,910.0,79.8,20.5,Yes,48.0,75.0,25.1,Highly male dominated,1.1,Public Administration and Safety,5
Occupation (6-digit),591138,Transport Revenue Officer,270.0,,,,,,,,,,5
Occupation (6-digit),591141,Water Inspector,250.0,,,,,,,,,,4
Occupation (6-digit),591231,Social Security Assessor,12300.0,71.9,28.1,No,44.0,26.1,73.9,Moderately female dominated,6.6,Public Administration and Safety,4
Occupation (6-digit),591232,Taxation Compliance Officer,4700.0,83.3,16.5,No,42.0,44.5,55.4,Gender balanced,2.4,Public Administration and Safety,4
Occupation (6-digit),591233,Visa and Citizenship Processing Officer,1200.0,74.4,25.8,No,43.0,33.3,66.8,Moderately female dominated,2.8,Public Administration and Safety,4
Occupation (6-digit),591999,Inspectors and Regulatory Officers nec,5900.0,86.0,14.0,No,43.0,57.3,42.7,Gender balanced,2.3,Public Administration and Safety,4
Occupation (6-digit),599131,Filing or Registry Clerk,12900.0,57.8,42.2,No,43.0,22.0,78.1,Highly female dominated,2.1,Public Administration and Safety,5
Occupation (6-digit),599132,Library Assistant,9500.0,33.7,66.2,No,50.0,13.3,86.8,Highly female dominated,1.8,Education and Training,4
Occupation (6-digit),599231,Human Resources Administration Assistant,5400.0,71.2,28.8,No,39.0,16.1,83.8,Highly female dominated,3.3,Health Care and Social Assistance,4
Occupation (6-digit),599232,Rostering Officer,7700.0,80.9,19.0,No,40.0,26.7,73.3,Moderately female dominated,2.1,Health Care and Social Assistance,4
Occupation (6-digit),599331,Mail Clerk,3000.0,62.0,38.0,No,49.0,48.2,51.9,Gender balanced,1.7,"Transport, Postal and Warehousing",5
Occupation (6-digit),599332,Postal Sorting Officer,7400.0,63.1,37.0,No,50.0,48.9,51.0,Gender balanced,2.8,"Transport, Postal and Warehousing",5
Occupation (6-digit),599931,Clinical Coder,1700.0,59.2,40.8,No,50.0,10.2,89.7,Highly female dominated,0.9,Health Care and Social Assistance,3
Occupation (6-digit),599932,Customs Broker,1600.0,85.7,14.2,No,46.0,64.5,35.4,Moderately male dominated,0.6,"Transport, Postal and Warehousing",2
Occupation (6-digit),599933,Facilities Administrator,3900.0,82.8,17.1,No,46.0,59.4,40.7,Gender balanced,2.4,Public Administration and Safety,4
Occupation (6-digit),599934,"Production Assistant (Audio, Screen or Live Performance)",760.0,65.9,33.0,No,29.0,44.2,56.4,Gender balanced,2.2,Information Media and Telecommunications,4
Occupation (6-digit),599935,"Production Coordinator (Audio, Screen or Live Performance)",1100.0,86.1,13.9,No,35.0,43.9,56.4,Gender balanced,1.0,Information Media and Telecommunications,3
Occupation (6-digit),599936,Radio Dispatcher,4800.0,80.5,19.5,Yes,40.0,47.8,52.1,Gender balanced,2.2,Public Administration and Safety,4
Occupation (6-digit),599937,Strata Manager,5100.0,81.2,18.7,No,41.0,39.0,61.0,Moderately female dominated,1.6,"Rental, Hiring and Real Estate Services",2
Occupation (6-digit),599938,Survey Interviewer,1900.0,18.7,81.0,Yes,47.0,40.0,60.3,Moderately female dominated,2.4,"Professional, Scientific and Technical Services",5
Occupation (6-digit),599941,Union Organiser,2500.0,85.8,14.3,No,45.0,57.1,42.9,Gender balanced,2.2,Other Services,3
Occupation (6-digit),599999,Clerical and Administrative Workers nec,9800.0,42.3,57.7,No,46.0,31.5,68.5,Moderately female dominated,5.3,"Professional, Scientific and Technical Services",4
Occupation (6-digit),611131,Checkout Operator,90600.0,11.9,88.1,No,21.0,26.3,73.7,Moderately female dominated,3.1,Retail Trade,5
Occupation (6-digit),619131,Marketing Assistant,3900.0,53.4,46.7,No,25.0,21.1,78.9,Highly female dominated,1.2,"Professional, Scientific and Technical Services",4
Occupation (6-digit),619132,Model,610.0,17.2,83.0,Yes,26.0,19.1,80.9,Highly female dominated,4.6,Arts and Recreation Services,5
Occupation (6-digit),619133,Sales Demonstrator,8200.0,20.4,79.7,Yes,48.0,19.5,80.5,Highly female dominated,1.7,Retail Trade,5
Occupation (6-digit),619134,Telemarketer,3800.0,50.1,49.7,No,39.0,40.7,59.2,Gender balanced,2.0,Administrative and Support Services,5
Occupation (6-digit),619135,Visual Merchandiser,3800.0,43.8,56.3,Yes,39.0,14.6,85.6,Highly female dominated,1.4,Retail Trade,4
Occupation (6-digit),619931,Entertainment Venue Attendant,5300.0,12.1,88.0,Yes,21.0,43.2,56.9,Gender balanced,2.2,Information Media and Telecommunications,5
Occupation (6-digit),619932,Merchandise Planner,1500.0,90.0,9.7,No,37.0,38.4,61.8,Moderately female dominated,0.0,Retail Trade,2
Occupation (6-digit),619933,Personal Shopper,12800.0,27.4,72.5,No,29.0,24.6,75.3,Highly female dominated,2.7,Retail Trade,5
Occupation (6-digit),619934,Reservations Agent,2500.0,45.6,54.7,Yes,36.0,19.0,80.6,Highly female dominated,1.5,Accommodation and Food Services,5
Occupation (6-digit),619935,Retail Buyer,2900.0,83.4,16.4,No,37.0,38.1,61.8,Moderately female dominated,0.3,Retail Trade,3
Occupation (6-digit),619999,Sales Support Workers nec,1700.0,53.5,46.1,Yes,37.0,47.3,52.6,Gender balanced,1.6,Retail Trade,4
Occupation (6-digit),621131,Insurance Agent,8700.0,81.8,18.3,No,39.0,46.1,53.9,Gender balanced,1.1,Financial and Insurance Services,3
Occupation (6-digit),621231,Sales Representative (Building and Plumbing Supplies),6800.0,89.2,10.8,No,46.0,76.7,23.3,Highly male dominated,1.3,Manufacturing,4
Occupation (6-digit),621232,Sales Representative (Business Services),11300.0,83.1,16.9,No,40.0,53.3,46.7,Gender balanced,1.0,Information Media and Telecommunications,4
Occupation (6-digit),621233,Sales Representative (Motor Vehicle Parts and Accessories),2300.0,89.3,10.8,No,45.0,87.4,12.8,Highly male dominated,1.6,Retail Trade,4
Occupation (6-digit),621234,Sales Representative (Personal and Household Goods),21700.0,79.0,21.0,No,44.0,61.0,39.0,Moderately male dominated,0.9,Wholesale Trade,4
Occupation (6-digit),621299,Sales Representatives nec,16000.0,82.4,17.6,No,42.0,60.0,40.0,Gender balanced,0.9,Construction,4
Occupation (6-digit),622131,Property Manager,33300.0,71.3,28.7,No,42.0,32.1,67.9,Moderately female dominated,1.3,"Rental, Hiring and Real Estate Services",3
Occupation (6-digit),622231,Auctioneer,560.0,80.9,19.5,No,47.0,86.5,12.7,Highly male dominated,1.1,Wholesale Trade,3
Occupation (6-digit),622232,Real Estate Agent,22200.0,78.4,21.7,No,44.0,63.3,36.7,Moderately male dominated,0.8,"Rental, Hiring and Real Estate Services",3
Occupation (6-digit),622233,Real Estate Representative,15200.0,75.8,24.2,No,43.0,60.1,39.9,Moderately male dominated,0.8,"Rental, Hiring and Real Estate Services",3
Occupation (6-digit),622234,Stock and Station Agent,2000.0,89.4,10.6,No,47.0,91.2,8.9,Almost completely male dominated,1.4,Wholesale Trade,3
Occupation (6-digit),631131,Sales Assistant (General),562100.0,27.7,72.3,Yes,26.0,35.4,64.6,Moderately female dominated,2.6,Retail Trade,5
Occupation (6-digit),631231,Community Pharmacy Sales Assistant,34400.0,26.2,73.8,No,26.0,12.6,87.4,Highly female dominated,1.8,Retail Trade,4
Occupation (6-digit),631331,ICT Sales Assistant,7100.0,69.6,30.5,No,32.0,65.4,34.7,Moderately male dominated,1.0,Retail Trade,5
Occupation (6-digit),631431,Motor Vehicle or Caravan Salesperson,12000.0,77.1,22.9,No,40.0,84.7,15.3,Highly male dominated,1.4,Retail Trade,4
Occupation (6-digit),631432,Motor Vehicle Parts Interpreter,15200.0,84.9,15.1,No,41.0,82.6,17.4,Highly male dominated,2.0,Retail Trade,4
Occupation (6-digit),631531,Retail Supervisor,20700.0,55.0,45.0,No,31.0,38.4,61.6,Moderately female dominated,2.3,Retail Trade,4
Occupation (6-digit),631631,Service Station Attendant,7900.0,23.4,76.7,No,30.0,50.5,49.4,Gender balanced,3.7,Retail Trade,5
Occupation (6-digit),631931,Door-to-door Salesperson,2200.0,40.4,59.6,Yes,40.0,36.5,63.7,Moderately female dominated,1.7,Retail Trade,5
Occupation (6-digit),631932,Materials Recycler,2800.0,62.1,37.8,No,42.0,90.0,10.1,Highly male dominated,3.1,Wholesale Trade,5
Occupation (6-digit),631933,Rental Salesperson,2700.0,59.3,41.0,Yes,38.0,54.8,45.0,Gender balanced,1.6,"Rental, Hiring and Real Estate Services",5
Occupation (6-digit),631934,Street Vendor,1700.0,48.2,51.8,Yes,49.0,58.5,41.3,Gender balanced,2.1,Accommodation and Food Services,5
Occupation (6-digit),631999,Sales Assistants and Salespersons nec,3000.0,72.7,27.2,No,45.0,65.9,34.0,Moderately male dominated,1.2,Retail Trade,5
Occupation (6-digit),711131,Chauffeur,4100.0,51.9,48.1,Yes,52.0,92.2,7.7,Almost completely male dominated,2.1,"Transport, Postal and Warehousing",4
Occupation (6-digit),711132,Oversize Load Pilot Escort,340.0,,,,,,,,,,4
Occupation (6-digit),711133,Rideshare Driver,17600.0,39.1,60.8,Yes,39.0,94.5,5.5,Almost completely male dominated,0.3,"Transport, Postal and Warehousing",4
Occupation (6-digit),711134,Taxi Driver,13700.0,52.6,47.4,Yes,50.0,94.0,6.0,Almost completely male dominated,0.8,"Transport, Postal and Warehousing",4
Occupation (6-digit),711199,Automobile Drivers nec,1200.0,43.4,56.5,Yes,46.0,87.6,12.3,Highly male dominated,2.0,"Transport, Postal and Warehousing",4
Occupation (6-digit),711231,Bus Driver,36000.0,58.8,41.2,No,56.0,86.6,13.4,Highly male dominated,2.0,"Transport, Postal and Warehousing",4
Occupation (6-digit),711232,Charter and Tour Bus Driver,700.0,39.6,60.2,Yes,59.0,88.3,12.0,Highly male dominated,1.3,"Transport, Postal and Warehousing",4
Occupation (6-digit),711233,Passenger Coach Driver,1000.0,54.2,45.5,Yes,59.0,90.1,10.1,Almost completely male dominated,2.2,"Transport, Postal and Warehousing",4
Occupation (6-digit),711331,Freight Train Driver,4000.0,90.9,9.1,Yes,47.0,87.9,11.9,Highly male dominated,4.8,"Transport, Postal and Warehousing",3
Occupation (6-digit),711332,Passenger Train Driver,4500.0,92.5,7.6,Yes,47.0,84.6,15.5,Highly male dominated,3.7,"Transport, Postal and Warehousing",3
Occupation (6-digit),711333,Tram Driver,1600.0,88.3,11.9,Yes,51.0,74.7,25.1,Moderately male dominated,0.7,"Transport, Postal and Warehousing",4
Occupation (6-digit),712131,Furniture Removalist,6000.0,45.9,54.0,Yes,32.0,94.6,5.3,Almost completely male dominated,4.0,"Transport, Postal and Warehousing",4
Occupation (6-digit),712231,Delivery Person,90400.0,47.8,52.2,No,37.0,87.2,12.8,Highly male dominated,1.8,"Transport, Postal and Warehousing",4
Occupation (6-digit),712232,Postal Delivery Officer,16700.0,69.8,30.2,No,51.0,78.0,21.9,Highly male dominated,2.8,"Transport, Postal and Warehousing",4
Occupation (6-digit),713131,Truck Driver (General),141200.0,84.3,15.7,No,49.0,95.6,4.4,Almost completely male dominated,3.6,"Transport, Postal and Warehousing",4
Occupation (6-digit),713132,Tow Truck Driver,2200.0,77.1,23.1,No,44.0,97.9,2.2,Almost completely male dominated,2.6,"Transport, Postal and Warehousing",4
Occupation (6-digit),713231,Articulated Truck Driver,4000.0,86.1,14.1,No,51.0,92.9,7.0,Almost completely male dominated,2.9,"Transport, Postal and Warehousing",3
Occupation (6-digit),713232,Tanker Truck Driver,3300.0,89.1,10.8,No,52.0,96.1,4.0,Almost completely male dominated,4.3,"Transport, Postal and Warehousing",3
Occupation (6-digit),721131,Storeperson,105700.0,63.1,36.9,No,36.0,72.0,28.0,Moderately male dominated,2.2,Retail Trade,4
Occupation (6-digit),721132,Warehouse Supervisor,24200.0,87.0,12.9,No,42.0,84.7,15.3,Highly male dominated,1.5,"Transport, Postal and Warehousing",3
Occupation (6-digit),731131,Industrial Spray Painter,3800.0,88.1,11.9,No,40.0,97.5,2.3,Almost completely male dominated,3.9,Manufacturing,4
Occupation (6-digit),731132,Sandblaster,630.0,82.1,18.1,No,41.0,98.1,1.4,Almost completely male dominated,7.3,Construction,4
Occupation (6-digit),731231,Paper and Pulp Production Operator,3900.0,88.0,11.7,No,47.0,87.8,12.3,Highly male dominated,1.4,Manufacturing,4
Occupation (6-digit),731232,Timber and Wood Production Operator,2300.0,85.8,14.1,No,42.0,94.6,5.5,Almost completely male dominated,4.6,Manufacturing,4
Occupation (6-digit),731331,Plastics Fabricator or Welder,770.0,87.5,12.7,No,41.0,96.0,4.4,Almost completely male dominated,3.4,Manufacturing,4
Occupation (6-digit),731332,Plastics Production Machine Operator,2700.0,89.1,10.9,No,48.0,85.9,14.4,Highly male dominated,1.6,Manufacturing,4
Occupation (6-digit),731333,Reinforced Plastic and Composite Production Worker,780.0,82.8,16.1,No,43.0,93.3,6.9,Almost completely male dominated,4.0,Manufacturing,4
Occupation (6-digit),731334,Rubber Production Machine Operator,1600.0,91.1,9.0,No,38.0,96.4,3.8,Almost completely male dominated,3.7,Manufacturing,4
Occupation (6-digit),731399,Plastics and Rubber Production Machine Operators nec,250.0,,,,,,,,,,4
Occupation (6-digit),731431,Sewing Machinist,8600.0,56.9,43.2,No,52.0,23.1,76.9,Highly female dominated,1.2,Manufacturing,4
Occupation (6-digit),731432,Textile or Footwear Production Machine Operator,1500.0,78.4,21.2,No,48.0,66.3,33.7,Moderately male dominated,3.2,Manufacturing,4
Occupation (6-digit),731931,Chemical Production Machine Operator,3400.0,80.2,19.8,No,43.0,68.5,31.4,Moderately male dominated,1.4,Manufacturing,4
Occupation (6-digit),731932,Clay Products Machine Operator,480.0,,,,,,,,,,4
Occupation (6-digit),731933,Concrete Products Machine Operator,480.0,,,,,,,,,,4
Occupation (6-digit),731934,Crushing Machine Operator,1100.0,89.0,11.6,No,45.0,91.9,8.4,Almost completely male dominated,6.0,Mining,4
Occupation (6-digit),731935,Glass Production Machine Operator,1200.0,88.2,11.4,No,44.0,95.7,4.8,Almost completely male dominated,2.1,Manufacturing,4
Occupation (6-digit),731936,Photographic Print Processor,650.0,51.3,47.5,No,37.0,41.0,59.0,Gender balanced,1.8,Health Care and Social Assistance,4
Occupation (6-digit),731937,Sterilisation Technician,4900.0,58.2,41.8,No,50.0,33.4,66.6,Moderately female dominated,1.2,Health Care and Social Assistance,4
Occupation (6-digit),731938,Stone Processing Machine Operator,310.0,,,,,,,,,,4
Occupation (6-digit),731999,Machine Operators nec,4700.0,77.1,22.9,Yes,38.0,78.1,22.0,Highly male dominated,3.3,Manufacturing,4
Occupation (6-digit),732131,"Crane, Hoist or Lift Operator",11200.0,85.3,14.7,Yes,46.0,96.1,3.9,Almost completely male dominated,3.1,Construction,4
Occupation (6-digit),732231,Engineering Production Worker,17500.0,88.9,11.2,No,44.0,93.9,6.1,Almost completely male dominated,2.2,Manufacturing,4
Occupation (6-digit),732331,Miner,49100.0,93.2,6.8,Yes,42.0,88.9,11.1,Highly male dominated,7.1,Mining,4
Occupation (6-digit),732332,Shot Firer,2600.0,93.9,6.1,Yes,37.0,89.9,10.2,Highly male dominated,6.8,Mining,4
Occupation (6-digit),732431,Wastewater or Water Plant Operator,5500.0,92.4,7.6,No,46.0,93.1,6.8,Almost completely male dominated,4.5,"Electricity, Gas, Water and Waste Services",4
Occupation (6-digit),732931,Boiler or Engine Operator,520.0,94.1,6.1,No,49.0,96.8,2.7,Almost completely male dominated,2.7,Manufacturing,4
Occupation (6-digit),732932,Bulk Materials Handling Plant Operator,2700.0,88.6,11.6,No,43.0,87.0,12.9,Highly male dominated,5.7,"Transport, Postal and Warehousing",4
Occupation (6-digit),732933,Concrete Batching Plant Operator,850.0,93.6,6.3,No,45.0,96.0,3.5,Almost completely male dominated,3.3,Manufacturing,4
Occupation (6-digit),732934,Concrete Pump Operator,2200.0,81.3,18.9,Yes,36.0,99.2,0.9,Almost completely male dominated,4.4,Construction,4
Occupation (6-digit),732935,Railway Signal Operator,650.0,90.3,9.8,No,42.0,85.1,14.8,Highly male dominated,3.9,"Transport, Postal and Warehousing",4
Occupation (6-digit),732936,Weighbridge Operator,1100.0,76.6,23.4,No,46.0,38.9,61.6,Moderately female dominated,3.8,"Electricity, Gas, Water and Waste Services",4
Occupation (6-digit),732999,Stationary Plant Operators nec,3100.0,88.6,11.3,No,43.0,89.0,11.0,Highly male dominated,4.3,Mining,4
Occupation (6-digit),741131,Agricultural and Horticultural Mobile Plant Operator,9100.0,80.6,19.3,No,42.0,91.2,8.8,Almost completely male dominated,3.6,"Agriculture, Forestry and Fishing",4
Occupation (6-digit),741132,Logging Plant Operator,1400.0,89.9,9.8,No,42.0,97.4,2.7,Almost completely male dominated,3.3,"Agriculture, Forestry and Fishing",4
Occupation (6-digit),741231,Earthmoving Plant Operator (General),1200.0,78.5,21.6,No,52.0,96.6,3.3,Almost completely male dominated,2.0,Construction,4
Occupation (6-digit),741232,Backhoe Operator,440.0,,,,,,,,,,4
Occupation (6-digit),741233,Bulldozer Operator,1600.0,91.0,9.2,Yes,48.0,96.8,2.9,Almost completely male dominated,6.6,Mining,4
Occupation (6-digit),741234,Excavator Operator,14200.0,86.3,13.7,No,43.0,98.7,1.3,Almost completely male dominated,3.5,Construction,4
Occupation (6-digit),741235,Grader Operator,2200.0,91.7,8.4,No,51.0,96.5,3.5,Almost completely male dominated,9.5,Construction,4
Occupation (6-digit),741236,Loader Operator,6000.0,85.9,14.1,No,48.0,95.8,4.3,Almost completely male dominated,4.5,Construction,4
Occupation (6-digit),741237,Tunnel Constructor,520.0,89.3,10.0,Yes,37.0,98.1,1.5,Almost completely male dominated,4.8,Construction,4
Occupation (6-digit),741331,Forklift Driver,60100.0,82.9,17.0,No,43.0,94.9,5.1,Almost completely male dominated,2.4,Manufacturing,4
Occupation (6-digit),741931,Aircraft Baggage Handler and Ground Crew,4300.0,41.1,59.0,Yes,35.0,83.0,16.9,Highly male dominated,1.9,"Transport, Postal and Warehousing",4
Occupation (6-digit),741932,Aircraft Refueller,600.0,77.6,22.0,No,47.0,93.0,6.6,Almost completely male dominated,2.3,"Transport, Postal and Warehousing",4
Occupation (6-digit),741933,Linemarker,960.0,72.7,26.6,Yes,39.0,95.8,3.8,Almost completely male dominated,4.3,Construction,4
Occupation (6-digit),741934,Railway Shunter,330.0,,,,,,,,,,4
Occupation (6-digit),741935,Railway Track Plant Operator,230.0,,,,,,,,,,4
Occupation (6-digit),741936,Road Roller Operator,690.0,85.5,14.8,Yes,49.0,86.8,12.9,Highly male dominated,14.2,Construction,4
Occupation (6-digit),741937,Stevedore,4000.0,68.1,32.0,Yes,47.0,94.7,5.5,Almost completely male dominated,3.0,"Transport, Postal and Warehousing",4
Occupation (6-digit),741938,Streetsweeper Operator,910.0,87.9,12.5,No,53.0,96.8,3.4,Almost completely male dominated,2.7,Public Administration and Safety,4
Occupation (6-digit),741999,Mobile Plant Operators nec,720.0,85.6,14.2,No,40.0,94.3,5.4,Almost completely male dominated,4.2,Construction,4
Occupation (6-digit),811131,Commercial Cleaner,159800.0,31.7,68.3,No,45.0,40.8,59.2,Gender balanced,3.4,Administrative and Support Services,5
Occupation (6-digit),811231,Domestic Cleaner,34000.0,12.7,87.3,Yes,47.0,19.1,80.9,Highly female dominated,2.7,Administrative and Support Services,5
Occupation (6-digit),811331,Drycleaner,1500.0,40.4,59.6,Yes,52.0,45.3,54.9,Gender balanced,1.1,Other Services,5
Occupation (6-digit),811332,Laundry Worker,11200.0,41.8,58.2,No,50.0,27.8,72.2,Moderately female dominated,2.8,Other Services,5
Occupation (6-digit),811431,Commercial Housekeeper,24300.0,20.9,79.1,Yes,41.0,15.4,84.6,Highly female dominated,4.1,Accommodation and Food Services,5
Occupation (6-digit),811432,Domestic Housekeeper,2300.0,24.4,75.6,Yes,48.0,12.0,87.9,Highly female dominated,3.3,Administrative and Support Services,5
Occupation (6-digit),811531,Vehicle Detailer,14200.0,55.0,45.0,Yes,35.0,88.5,11.5,Highly male dominated,3.5,Other Services,5
Occupation (6-digit),811931,Carpet Cleaner,2400.0,38.0,62.1,Yes,48.0,91.3,8.7,Almost completely male dominated,1.4,Other Services,4
Occupation (6-digit),811932,Roof Gutter Cleaner,330.0,,,,,,,,,,5
Occupation (6-digit),811933,Window Cleaner,2800.0,25.9,74.1,Yes,43.0,88.3,11.8,Highly male dominated,1.6,Administrative and Support Services,5
Occupation (6-digit),811999,Cleaners and Laundry Workers nec,3100.0,63.5,36.4,Yes,42.0,86.1,13.9,Highly male dominated,4.1,Administrative and Support Services,5
Occupation (6-digit),821131,Asbestos Removalist,1200.0,69.2,30.7,Yes,39.0,97.4,2.6,Almost completely male dominated,4.5,"Electricity, Gas, Water and Waste Services",4
Occupation (6-digit),821132,Builder's Labourer,40700.0,71.5,28.4,Yes,34.0,95.6,4.4,Almost completely male dominated,4.8,Construction,5
Occupation (6-digit),821133,Concreter's Labourer,2500.0,73.7,26.2,No,30.0,98.0,1.8,Almost completely male dominated,6.7,Construction,5
Occupation (6-digit),821134,Demolition Labourer,2400.0,68.5,31.8,Yes,34.0,97.9,2.0,Almost completely male dominated,4.6,Construction,4
Occupation (6-digit),821135,Earthmoving Labourer,1900.0,77.7,22.0,No,35.0,96.7,3.0,Almost completely male dominated,5.7,Construction,5
Occupation (6-digit),821231,Construction Rigger,7700.0,87.6,12.4,Yes,39.0,98.0,1.9,Almost completely male dominated,3.1,Construction,4
Occupation (6-digit),821232,Dogger,810.0,80.0,20.2,Yes,37.0,95.2,3.8,Almost completely male dominated,4.8,Construction,4
Occupation (6-digit),821331,Fencer,9500.0,70.1,29.8,No,41.0,96.1,3.9,Almost completely male dominated,4.1,Construction,4
Occupation (6-digit),821431,Building Insulation Installer,1800.0,65.7,34.5,Yes,36.0,94.0,5.9,Almost completely male dominated,2.0,Construction,4
Occupation (6-digit),821432,Garage Door Installer,1500.0,72.7,27.6,No,41.0,97.8,2.2,Almost completely male dominated,3.4,Construction,4
Occupation (6-digit),821433,Shed Builder,1300.0,80.3,19.6,No,36.0,99.0,0.9,Almost completely male dominated,6.0,Construction,4
Occupation (6-digit),821434,Window Furnishing Installer,2100.0,65.5,34.3,Yes,43.0,96.8,3.3,Almost completely male dominated,1.2,Construction,4
Occupation (6-digit),821499,Home Improvement and Insulation Installers nec,3000.0,69.1,31.0,Yes,42.0,97.4,2.6,Almost completely male dominated,2.4,Construction,4
Occupation (6-digit),821531,Paving and Surfacing Labourer,6500.0,87.2,12.8,No,42.0,96.3,3.8,Almost completely male dominated,9.4,Construction,5
Occupation (6-digit),821631,"Drainage, Sewerage and Stormwater Labourer",3100.0,91.3,8.4,No,44.0,94.6,5.4,Almost completely male dominated,7.0,"Electricity, Gas, Water and Waste Services",5
Occupation (6-digit),821632,Pipe Layer,1200.0,91.6,8.3,No,33.0,99.6,0.7,Almost completely male dominated,5.1,Construction,4
Occupation (6-digit),821633,Plumber's Assistant,1300.0,66.0,34.4,No,29.0,93.9,5.8,Almost completely male dominated,6.3,Construction,5
Occupation (6-digit),821731,Scaffolder,8400.0,80.4,19.6,Yes,33.0,99.0,1.0,Almost completely male dominated,4.9,Construction,4
Occupation (6-digit),821732,Steel Fixer,3900.0,75.3,24.7,Yes,34.0,99.3,0.6,Almost completely male dominated,3.2,Construction,4
Occupation (6-digit),821733,Structural Steel Erector,350.0,,,,,,,,,,4
Occupation (6-digit),821931,Driller's Offsider,2000.0,92.1,8.0,Yes,28.0,96.1,3.7,Almost completely male dominated,5.0,Mining,4
Occupation (6-digit),821932,Lagger,360.0,,,,,,,,,,5
Occupation (6-digit),821933,Mining Support Worker,1800.0,88.1,11.7,No,34.0,87.7,12.3,Highly male dominated,7.7,Mining,5
Occupation (6-digit),821934,Rail Protection Officer,1000.0,81.0,19.3,Yes,42.0,86.5,13.9,Highly male dominated,5.5,"Transport, Postal and Warehousing",4
Occupation (6-digit),821935,Railway Track Worker,2900.0,87.3,12.6,Yes,39.0,94.3,5.6,Almost completely male dominated,10.4,"Transport, Postal and Warehousing",4
Occupation (6-digit),821936,Surveyor's Assistant,1300.0,60.0,40.2,Yes,31.0,85.5,14.0,Highly male dominated,3.0,"Professional, Scientific and Technical Services",4
Occupation (6-digit),831131,Baking Factory Worker,3200.0,66.9,33.1,No,41.0,61.2,38.8,Moderately male dominated,1.2,Manufacturing,5
Occupation (6-digit),831132,Brewery Worker,1800.0,79.3,20.5,No,38.0,90.1,10.0,Almost completely male dominated,1.4,Manufacturing,5
Occupation (6-digit),831133,Coffee Roaster,770.0,65.8,35.0,No,38.0,84.4,16.9,Highly male dominated,1.2,Manufacturing,5
Occupation (6-digit),831134,Confectionery Maker,2100.0,72.7,27.2,No,45.0,54.2,45.7,Gender balanced,1.5,Manufacturing,5
Occupation (6-digit),831135,Dairy Products Factory Worker,2400.0,77.1,23.2,No,42.0,76.7,23.1,Highly male dominated,1.8,Manufacturing,5
Occupation (6-digit),831136,Fruit and Vegetable Factory Worker,2700.0,55.6,44.2,No,38.0,53.6,46.4,Gender balanced,2.7,Manufacturing,5
Occupation (6-digit),831137,Grain Mill Worker,980.0,90.0,10.0,No,42.0,93.8,6.1,Almost completely male dominated,6.7,Manufacturing,5
Occupation (6-digit),831138,Sugar Mill Worker,730.0,93.9,5.8,No,49.0,89.3,11.2,Highly male dominated,4.7,Manufacturing,5
Occupation (6-digit),831141,Winery Cellar Hand,1800.0,80.6,19.5,No,38.0,81.7,18.1,Highly male dominated,1.4,Manufacturing,5
Occupation (6-digit),831199,Food and Drink Factory Workers nec,5900.0,68.6,31.4,No,41.0,66.3,33.6,Moderately male dominated,1.7,Manufacturing,5
Occupation (6-digit),831231,Meat Boner and Slicer,6200.0,79.0,21.0,No,35.0,79.8,20.2,Highly male dominated,3.2,Manufacturing,4
Occupation (6-digit),831232,Slaughterer,1700.0,79.7,20.5,No,36.0,94.5,5.2,Almost completely male dominated,4.7,Manufacturing,4
Occupation (6-digit),831331,Meat Process Worker,11000.0,77.4,22.6,No,36.0,74.7,25.2,Moderately male dominated,3.2,Manufacturing,5
Occupation (6-digit),831332,Poultry Process Worker,8000.0,74.0,26.1,No,41.0,58.1,41.9,Gender balanced,1.7,Manufacturing,5
Occupation (6-digit),831333,Seafood Process Worker,2200.0,54.0,46.0,No,40.0,66.6,33.4,Moderately male dominated,5.1,Manufacturing,5
Occupation (6-digit),832131,Packer (General),28700.0,49.4,50.6,No,38.0,43.9,56.0,Gender balanced,1.7,Manufacturing,5
Occupation (6-digit),832132,Chocolate Packer,400.0,,,,,,,,,,5
Occupation (6-digit),832133,Fruit and Vegetable Packer,8000.0,51.4,48.5,No,33.0,35.4,64.5,Moderately female dominated,1.6,"Agriculture, Forestry and Fishing",5
Occupation (6-digit),832134,Meat Packer,10700.0,69.6,30.4,No,36.0,36.3,63.7,Moderately female dominated,2.3,Manufacturing,5
Occupation (6-digit),832135,Seafood Packer,580.0,46.3,54.6,No,34.0,44.9,55.3,Gender balanced,3.8,Manufacturing,5
Occupation (6-digit),832231,Product Assembler,23100.0,78.4,21.6,No,43.0,76.6,23.4,Highly male dominated,1.7,Manufacturing,5
Occupation (6-digit),839131,Cement and Concrete Plant Worker,650.0,86.0,14.0,No,37.0,97.5,3.1,Almost completely male dominated,5.0,Manufacturing,5
Occupation (6-digit),839132,Chemical Plant Worker,2200.0,80.8,18.9,No,41.0,69.5,30.7,Moderately male dominated,2.4,Manufacturing,5
Occupation (6-digit),839133,Fabric and Textile Factory Worker,800.0,58.0,41.6,No,44.0,51.3,48.8,Gender balanced,1.3,Manufacturing,5
Occupation (6-digit),839134,Glass Processing Worker,700.0,84.9,15.5,No,37.0,92.5,7.3,Almost completely male dominated,2.4,Manufacturing,5
Occupation (6-digit),839135,Metal Engineering Process Worker,7700.0,82.5,17.5,No,40.0,92.5,7.4,Almost completely male dominated,4.0,Manufacturing,5
Occupation (6-digit),839136,Paper and Pulp Process Worker,410.0,,,,,,,,,,5
Occupation (6-digit),839137,Plastics Factory Worker,1200.0,79.3,20.6,No,44.0,73.1,27.0,Moderately male dominated,2.0,Manufacturing,5
Occupation (6-digit),839138,Recycling Worker,3000.0,50.9,49.2,No,38.0,79.1,20.8,Highly male dominated,5.5,"Electricity, Gas, Water and Waste Services",5
Occupation (6-digit),839141,Timber and Wood Process Worker,4600.0,77.3,22.8,No,37.0,92.2,7.8,Almost completely male dominated,4.9,Manufacturing,5
Occupation (6-digit),839199,Materials and Chemical Process Workers nec,3800.0,62.4,37.5,No,39.0,76.0,24.0,Highly male dominated,3.6,Manufacturing,5
Occupation (6-digit),839231,Product Examiner,5000.0,79.6,20.4,No,42.0,53.5,46.5,Gender balanced,0.8,Manufacturing,4
Occupation (6-digit),839232,Product Grader,2000.0,60.2,39.8,No,41.0,37.2,62.7,Moderately female dominated,3.7,"Agriculture, Forestry and Fishing",4
Occupation (6-digit),839233,Product Tester,1700.0,82.3,17.6,No,39.0,68.0,31.8,Moderately male dominated,2.5,Manufacturing,4
Occupation (6-digit),841131,Cotton Farm Worker,240.0,,,,,,,,,,4
Occupation (6-digit),841132,Fruit Farm Worker,4800.0,65.0,34.9,No,36.0,72.8,27.2,Moderately male dominated,4.1,"Agriculture, Forestry and Fishing",5
Occupation (6-digit),841133,Fruit Picker,6100.0,51.3,48.7,No,32.0,63.6,36.4,Moderately male dominated,2.1,"Agriculture, Forestry and Fishing",5
Occupation (6-digit),841134,"Grain, Oilseed, Pulse and Pasture Farm Worker",1000.0,77.0,22.8,No,36.0,86.4,14.2,Highly male dominated,3.1,"Agriculture, Forestry and Fishing",4
Occupation (6-digit),841135,Mushroom Picker,1300.0,57.4,42.8,No,42.0,22.4,77.5,Highly female dominated,0.2,"Agriculture, Forestry and Fishing",5
Occupation (6-digit),841136,Nut Farm Worker,230.0,,,,,,,,,,5
Occupation (6-digit),841137,Sugar Cane Farm Worker,250.0,,,,,,,,,,4
Occupation (6-digit),841138,Vegetable Farm Worker,1300.0,53.9,46.1,No,35.0,58.9,41.2,Gender balanced,2.1,"Agriculture, Forestry and Fishing",5
Occupation (6-digit),841141,Vegetable Picker,1500.0,53.1,47.2,No,34.0,56.5,43.8,Gender balanced,1.8,"Agriculture, Forestry and Fishing",5
Occupation (6-digit),841142,Vineyard Worker,2900.0,61.7,38.5,No,45.0,75.3,24.5,Highly male dominated,1.6,"Agriculture, Forestry and Fishing",4
Occupation (6-digit),841199,Crop Farm Workers nec,4500.0,62.0,38.0,No,37.0,70.3,29.7,Moderately male dominated,3.2,"Agriculture, Forestry and Fishing",5
Occupation (6-digit),841231,Beef Cattle Farm Worker,4300.0,66.3,33.7,No,35.0,68.4,31.8,Moderately male dominated,4.6,"Agriculture, Forestry and Fishing",4
Occupation (6-digit),841232,Cattle and Sheep Farm Worker,270.0,,,,,,,,,,4
Occupation (6-digit),841233,Dairy Cattle Farm Worker,3600.0,57.3,42.8,No,31.0,56.4,43.8,Gender balanced,3.9,"Agriculture, Forestry and Fishing",4
Occupation (6-digit),841234,Livestock Husbandry Worker,260.0,,,,,,,,,,4
Occupation (6-digit),841235,Piggery Farm Worker,670.0,81.9,17.6,No,38.0,69.6,30.9,Moderately male dominated,2.8,"Agriculture, Forestry and Fishing",4
Occupation (6-digit),841236,Poultry Farm Worker,2000.0,57.1,42.9,No,38.0,57.5,42.4,Gender balanced,4.1,"Agriculture, Forestry and Fishing",4
Occupation (6-digit),841237,Sheep Farm Worker,1100.0,57.9,42.7,No,38.0,73.4,26.5,Moderately male dominated,3.0,"Agriculture, Forestry and Fishing",4
Occupation (6-digit),841238,Stablehand,4400.0,48.9,51.0,No,26.0,29.5,70.6,Moderately female dominated,3.3,Arts and Recreation Services,4
Occupation (6-digit),841241,Wool Handler,840.0,52.7,47.1,Yes,31.0,51.4,48.6,Gender balanced,6.9,"Agriculture, Forestry and Fishing",5
Occupation (6-digit),841299,Livestock Farm Workers nec,4600.0,62.6,37.3,No,36.0,70.0,30.0,Moderately male dominated,3.1,"Agriculture, Forestry and Fishing",5
Occupation (6-digit),841331,Aquaculture Worker,440.0,,,,,,,,,,5
Occupation (6-digit),841332,Broadacre Crop and Livestock Farm Worker,1900.0,75.2,24.7,No,35.0,82.5,17.0,Highly male dominated,2.5,"Agriculture, Forestry and Fishing",5
Occupation (6-digit),841399,Mixed Production and Aquaculture Farm Workers nec,230.0,,,,,,,,,,5
Occupation (6-digit),842131,Garden Labourer,21700.0,51.0,49.0,Yes,45.0,92.0,8.0,Almost completely male dominated,5.1,Administrative and Support Services,5
Occupation (6-digit),842231,Horticultural Nursery Assistant,6500.0,50.0,50.1,No,38.0,43.6,56.5,Gender balanced,2.4,"Agriculture, Forestry and Fishing",5
Occupation (6-digit),842931,Bush Regenerator,1700.0,47.7,52.7,Yes,33.0,69.5,30.5,Moderately male dominated,4.9,"Agriculture, Forestry and Fishing",4
Occupation (6-digit),842932,Forestry Worker,1000.0,63.1,36.9,No,31.0,81.9,18.0,Highly male dominated,7.2,"Agriculture, Forestry and Fishing",4
Occupation (6-digit),842933,Irrigation Assistant,360.0,,,,,,,,,,5
Occupation (6-digit),842999,Garden and Forestry Workers nec,1600.0,65.3,34.8,Yes,44.0,82.2,17.8,Highly male dominated,6.5,"Agriculture, Forestry and Fishing",5
Occupation (6-digit),851131,Fast Food Cook,43600.0,10.3,89.6,No,18.0,65.4,34.6,Moderately male dominated,3.5,Accommodation and Food Services,5
Occupation (6-digit),851231,Kitchenhand (General),113900.0,17.0,83.0,Yes,24.0,43.0,57.0,Gender balanced,2.8,Accommodation and Food Services,5
Occupation (6-digit),851232,Dishwasher,4300.0,8.1,92.1,Yes,19.0,68.4,31.6,Moderately male dominated,3.0,Accommodation and Food Services,5
Occupation (6-digit),851233,Pastrycook's Assistant,3900.0,28.6,71.3,No,29.0,31.5,68.7,Moderately female dominated,3.1,Retail Trade,5
Occupation (6-digit),851299,Food Preparation Assistants nec,1700.0,20.9,79.1,Yes,28.0,49.7,50.5,Gender balanced,3.1,Accommodation and Food Services,5
Occupation (6-digit),891131,Freight Handler (Rail or Road),8600.0,58.4,41.7,No,32.0,91.4,8.6,Almost completely male dominated,3.5,"Transport, Postal and Warehousing",5
Occupation (6-digit),891132,Truck Driver's Offsider,1300.0,47.7,52.3,Yes,27.0,90.8,9.4,Almost completely male dominated,5.1,"Transport, Postal and Warehousing",5
Occupation (6-digit),891231,Shelf Filler,63400.0,20.7,79.3,No,25.0,63.1,36.9,Moderately male dominated,3.4,Retail Trade,5
Occupation (6-digit),899131,Caretaker,7000.0,52.8,47.1,No,57.0,83.2,16.8,Highly male dominated,2.6,Education and Training,5
Occupation (6-digit),899231,Deck Hand,2600.0,74.9,25.3,Yes,38.0,85.2,14.7,Highly male dominated,6.0,"Transport, Postal and Warehousing",4
Occupation (6-digit),899232,Fishing Hand,2400.0,61.6,38.4,Yes,46.0,95.3,5.0,Almost completely male dominated,5.5,"Agriculture, Forestry and Fishing",4
Occupation (6-digit),899331,Handyperson,34500.0,51.1,48.9,Yes,53.0,96.2,3.8,Almost completely male dominated,2.6,Construction,5
Occupation (6-digit),899431,Motor Vehicle Parts and Accessories Fitter (General),2800.0,83.4,16.5,No,38.0,96.3,3.7,Almost completely male dominated,2.6,Retail Trade,4
Occupation (6-digit),899432,Autoglazier,2100.0,77.3,22.8,No,39.0,96.3,3.7,Almost completely male dominated,3.0,Other Services,4
Occupation (6-digit),899433,Mechanic's Assistant,2000.0,74.7,25.4,No,33.0,92.9,7.1,Almost completely male dominated,4.1,Other Services,5
Occupation (6-digit),899434,Tyre Fitter,6700.0,83.8,16.2,No,32.0,98.9,1.2,Almost completely male dominated,6.7,Other Services,4
Occupation (6-digit),899531,Rail Guard or Conductor,2600.0,90.1,10.1,Yes,46.0,73.6,26.3,Moderately male dominated,3.4,"Transport, Postal and Warehousing",5
Occupation (6-digit),899532,Railways Assistant,890.0,64.5,35.4,Yes,47.0,61.0,38.7,Moderately male dominated,2.6,"Transport, Postal and Warehousing",5
Occupation (6-digit),899631,Road Traffic Controller,16500.0,52.3,47.7,Yes,42.0,67.5,32.5,Moderately male dominated,5.9,Public Administration and Safety,5
Occupation (6-digit),899931,Car Park Attendant,1400.0,45.6,54.2,Yes,44.0,82.0,18.2,Highly male dominated,1.6,Other Services,5
Occupation (6-digit),899932,Crossing Supervisor,6300.0,1.3,98.7,No,64.0,39.8,60.2,Moderately female dominated,1.4,Public Administration and Safety,5
Occupation (6-digit),899933,Electrical or Telecommunications Trades Assistant,2400.0,71.9,28.0,Yes,32.0,91.5,8.7,Almost completely male dominated,3.3,Construction,5
Occupation (6-digit),899934,Leaflet or Newspaper Deliverer,3300.0,6.0,93.9,No,41.0,61.7,38.4,Moderately male dominated,1.1,"Transport, Postal and Warehousing",5
Occupation (6-digit),899935,Recycling or Waste Collector,2700.0,68.6,31.3,No,46.0,94.9,5.0,Almost completely male dominated,10.2,"Electricity, Gas, Water and Waste Services",5
Occupation (6-digit),899936,Sign Installer,1300.0,67.5,32.1,Yes,41.0,95.2,4.7,Almost completely male dominated,2.1,Construction,5
Occupation (6-digit),899937,Swimming Pool or Spa Technician,3700.0,61.5,38.5,Yes,43.0,94.0,6.0,Almost completely male dominated,2.5,Administrative and Support Services,4
Occupation (6-digit),899938,Trolley Collector,3200.0,19.5,80.5,No,26.0,93.9,6.1,Almost completely male dominated,4.2,Retail Trade,5
Occupation (6-digit),899941,Vending Machine Attendant,590.0,41.2,59.1,Yes,47.0,75.3,24.9,Highly male dominated,2.4,Retail Trade,5
Occupation (6-digit),899999,Labourers nec,9500.0,70.8,29.2,No,36.0,88.0,11.9,Highly male dominated,4.4,Construction,5
Total,TOTAL,All occupations,12049400.0,64.2,35.8,No,40.0,51.5,48.5,Gender balanced,2.2,Health Care and Social Assistance,
