quarter_start,geo,component,persons
1946-01,Canada,Immigrants,12738.0
1946-01,Prince Edward Island,Immigrants,73.0
1946-01,Nova Scotia,Immigrants,701.0
1946-01,New Brunswick,Immigrants,520.0
1946-01,Quebec,Immigrants,2305.0
1946-01,Ontario,Immigrants,5319.0
1946-01,Manitoba,Immigrants,722.0
1946-01,Saskatchewan,Immigrants,765.0
1946-01,Alberta,Immigrants,1044.0
1946-01,British Columbia,Immigrants,1278.0
1946-01,Yukon,Immigrants,2.0
1946-01,Northwest Territories including Nunavut,Immigrants,5.0
1946-04,Canada,Immigrants,21176.0
1946-04,Prince Edward Island,Immigrants,194.0
1946-04,Nova Scotia,Immigrants,1293.0
1946-04,New Brunswick,Immigrants,1029.0
1946-04,Quebec,Immigrants,2567.0
1946-04,Ontario,Immigrants,9006.0
1946-04,Manitoba,Immigrants,1390.0
1946-04,Saskatchewan,Immigrants,1461.0
1946-04,Alberta,Immigrants,1718.0
1946-04,British Columbia,Immigrants,2511.0
1946-04,Yukon,Immigrants,2.0
1946-04,Northwest Territories including Nunavut,Immigrants,5.0
1946-07,Canada,Immigrants,25078.0
1946-07,Prince Edward Island,Immigrants,222.0
1946-07,Nova Scotia,Immigrants,1697.0
1946-07,New Brunswick,Immigrants,1260.0
1946-07,Quebec,Immigrants,3167.0
1946-07,Ontario,Immigrants,10151.0
1946-07,Manitoba,Immigrants,1738.0
1946-07,Saskatchewan,Immigrants,1813.0
1946-07,Alberta,Immigrants,2095.0
1946-07,British Columbia,Immigrants,2925.0
1946-07,Yukon,Immigrants,2.0
1946-07,Northwest Territories including Nunavut,Immigrants,8.0
1946-10,Canada,Immigrants,12727.0
1946-10,Prince Edward Island,Immigrants,97.0
1946-10,Nova Scotia,Immigrants,913.0
1946-10,New Brunswick,Immigrants,656.0
1946-10,Quebec,Immigrants,1673.0
1946-10,Ontario,Immigrants,5128.0
1946-10,Manitoba,Immigrants,765.0
1946-10,Saskatchewan,Immigrants,672.0
1946-10,Alberta,Immigrants,914.0
1946-10,British Columbia,Immigrants,1905.0
1946-10,Yukon,Immigrants,1.0
1946-10,Northwest Territories including Nunavut,Immigrants,3.0
1947-01,Canada,Immigrants,8009.0
1947-01,Prince Edward Island,Immigrants,44.0
1947-01,Nova Scotia,Immigrants,413.0
1947-01,New Brunswick,Immigrants,237.0
1947-01,Quebec,Immigrants,1153.0
1947-01,Ontario,Immigrants,3544.0
1947-01,Manitoba,Immigrants,384.0
1947-01,Saskatchewan,Immigrants,295.0
1947-01,Alberta,Immigrants,569.0
1947-01,British Columbia,Immigrants,1368.0
1947-01,Yukon,Immigrants,0.0
1947-01,Northwest Territories including Nunavut,Immigrants,2.0
1947-04,Canada,Immigrants,13404.0
1947-04,Prince Edward Island,Immigrants,60.0
1947-04,Nova Scotia,Immigrants,570.0
1947-04,New Brunswick,Immigrants,321.0
1947-04,Quebec,Immigrants,1850.0
1947-04,Ontario,Immigrants,6524.0
1947-04,Manitoba,Immigrants,571.0
1947-04,Saskatchewan,Immigrants,553.0
1947-04,Alberta,Immigrants,875.0
1947-04,British Columbia,Immigrants,2066.0
1947-04,Yukon,Immigrants,2.0
1947-04,Northwest Territories including Nunavut,Immigrants,12.0
1947-07,Canada,Immigrants,18624.0
1947-07,Prince Edward Island,Immigrants,64.0
1947-07,Nova Scotia,Immigrants,707.0
1947-07,New Brunswick,Immigrants,373.0
1947-07,Quebec,Immigrants,2104.0
1947-07,Ontario,Immigrants,11042.0
1947-07,Manitoba,Immigrants,642.0
1947-07,Saskatchewan,Immigrants,534.0
1947-07,Alberta,Immigrants,812.0
1947-07,British Columbia,Immigrants,2333.0
1947-07,Yukon,Immigrants,2.0
1947-07,Northwest Territories including Nunavut,Immigrants,11.0
1947-10,Canada,Immigrants,24090.0
1947-10,Prince Edward Island,Immigrants,55.0
1947-10,Nova Scotia,Immigrants,604.0
1947-10,New Brunswick,Immigrants,317.0
1947-10,Quebec,Immigrants,3165.0
1947-10,Ontario,Immigrants,14433.0
1947-10,Manitoba,Immigrants,1150.0
1947-10,Saskatchewan,Immigrants,519.0
1947-10,Alberta,Immigrants,1005.0
1947-10,British Columbia,Immigrants,2832.0
1947-10,Yukon,Immigrants,2.0
1947-10,Northwest Territories including Nunavut,Immigrants,8.0
1948-01,Canada,Immigrants,23076.0
1948-01,Prince Edward Island,Immigrants,27.0
1948-01,Nova Scotia,Immigrants,456.0
1948-01,New Brunswick,Immigrants,295.0
1948-01,Quebec,Immigrants,5126.0
1948-01,Ontario,Immigrants,11504.0
1948-01,Manitoba,Immigrants,1095.0
1948-01,Saskatchewan,Immigrants,644.0
1948-01,Alberta,Immigrants,1233.0
1948-01,British Columbia,Immigrants,2668.0
1948-01,Yukon,Immigrants,19.0
1948-01,Northwest Territories including Nunavut,Immigrants,9.0
1948-04,Canada,Immigrants,34199.0
1948-04,Prince Edward Island,Immigrants,66.0
1948-04,Nova Scotia,Immigrants,652.0
1948-04,New Brunswick,Immigrants,396.0
1948-04,Quebec,Immigrants,5330.0
1948-04,Ontario,Immigrants,17594.0
1948-04,Manitoba,Immigrants,2154.0
1948-04,Saskatchewan,Immigrants,1289.0
1948-04,Alberta,Immigrants,3363.0
1948-04,British Columbia,Immigrants,3330.0
1948-04,Yukon,Immigrants,17.0
1948-04,Northwest Territories including Nunavut,Immigrants,8.0
1948-07,Canada,Immigrants,33932.0
1948-07,Prince Edward Island,Immigrants,108.0
1948-07,Nova Scotia,Immigrants,779.0
1948-07,New Brunswick,Immigrants,379.0
1948-07,Quebec,Immigrants,6856.0
1948-07,Ontario,Immigrants,16433.0
1948-07,Manitoba,Immigrants,2047.0
1948-07,Saskatchewan,Immigrants,1643.0
1948-07,Alberta,Immigrants,2761.0
1948-07,British Columbia,Immigrants,2910.0
1948-07,Yukon,Immigrants,11.0
1948-07,Northwest Territories including Nunavut,Immigrants,5.0
1948-10,Canada,Immigrants,34207.0
1948-10,Prince Edward Island,Immigrants,68.0
1948-10,Nova Scotia,Immigrants,926.0
1948-10,New Brunswick,Immigrants,406.0
1948-10,Quebec,Immigrants,7375.0
1948-10,Ontario,Immigrants,16090.0
1948-10,Manitoba,Immigrants,2454.0
1948-10,Saskatchewan,Immigrants,1511.0
1948-10,Alberta,Immigrants,2358.0
1948-10,British Columbia,Immigrants,3010.0
1948-10,Yukon,Immigrants,6.0
1948-10,Northwest Territories including Nunavut,Immigrants,3.0
1949-01,Canada,Immigrants,23265.0
1949-01,Prince Edward Island,Immigrants,40.0
1949-01,Nova Scotia,Immigrants,416.0
1949-01,New Brunswick,Immigrants,181.0
1949-01,Quebec,Immigrants,4184.0
1949-01,Ontario,Immigrants,12422.0
1949-01,Manitoba,Immigrants,1266.0
1949-01,Saskatchewan,Immigrants,929.0
1949-01,Alberta,Immigrants,2037.0
1949-01,British Columbia,Immigrants,1766.0
1949-01,Yukon,Immigrants,11.0
1949-01,Northwest Territories including Nunavut,Immigrants,13.0
1949-04,Canada,Immigrants,30243.0
1949-04,Newfoundland and Labrador,Immigrants,50.0
1949-04,Prince Edward Island,Immigrants,89.0
1949-04,Nova Scotia,Immigrants,474.0
1949-04,New Brunswick,Immigrants,249.0
1949-04,Quebec,Immigrants,5419.0
1949-04,Ontario,Immigrants,15310.0
1949-04,Manitoba,Immigrants,2033.0
1949-04,Saskatchewan,Immigrants,1139.0
1949-04,Alberta,Immigrants,2999.0
1949-04,British Columbia,Immigrants,2472.0
1949-04,Yukon,Immigrants,4.0
1949-04,Northwest Territories including Nunavut,Immigrants,5.0
1949-07,Canada,Immigrants,22641.0
1949-07,Newfoundland and Labrador,Immigrants,43.0
1949-07,Prince Edward Island,Immigrants,67.0
1949-07,Nova Scotia,Immigrants,374.0
1949-07,New Brunswick,Immigrants,191.0
1949-07,Quebec,Immigrants,4844.0
1949-07,Ontario,Immigrants,11240.0
1949-07,Manitoba,Immigrants,1228.0
1949-07,Saskatchewan,Immigrants,815.0
1949-07,Alberta,Immigrants,1908.0
1949-07,British Columbia,Immigrants,1917.0
1949-07,Yukon,Immigrants,6.0
1949-07,Northwest Territories including Nunavut,Immigrants,8.0
1949-10,Canada,Immigrants,19068.0
1949-10,Newfoundland and Labrador,Immigrants,36.0
1949-10,Prince Edward Island,Immigrants,44.0
1949-10,Nova Scotia,Immigrants,362.0
1949-10,New Brunswick,Immigrants,161.0
1949-10,Quebec,Immigrants,3558.0
1949-10,Ontario,Immigrants,9635.0
1949-10,Manitoba,Immigrants,1194.0
1949-10,Saskatchewan,Immigrants,781.0
1949-10,Alberta,Immigrants,1575.0
1949-10,British Columbia,Immigrants,1719.0
1949-10,Yukon,Immigrants,1.0
1949-10,Northwest Territories including Nunavut,Immigrants,2.0
1950-01,Canada,Immigrants,14470.0
1950-01,Newfoundland and Labrador,Immigrants,26.0
1950-01,Prince Edward Island,Immigrants,41.0
1950-01,Nova Scotia,Immigrants,240.0
1950-01,New Brunswick,Immigrants,80.0
1950-01,Quebec,Immigrants,2618.0
1950-01,Ontario,Immigrants,7731.0
1950-01,Manitoba,Immigrants,888.0
1950-01,Saskatchewan,Immigrants,566.0
1950-01,Alberta,Immigrants,1091.0
1950-01,British Columbia,Immigrants,1181.0
1950-01,Yukon,Immigrants,3.0
1950-01,Northwest Territories including Nunavut,Immigrants,5.0
1950-04,Canada,Immigrants,22816.0
1950-04,Newfoundland and Labrador,Immigrants,54.0
1950-04,Prince Edward Island,Immigrants,52.0
1950-04,Nova Scotia,Immigrants,398.0
1950-04,New Brunswick,Immigrants,226.0
1950-04,Quebec,Immigrants,3718.0
1950-04,Ontario,Immigrants,11719.0
1950-04,Manitoba,Immigrants,1239.0
1950-04,Saskatchewan,Immigrants,967.0
1950-04,Alberta,Immigrants,2734.0
1950-04,British Columbia,Immigrants,1701.0
1950-04,Yukon,Immigrants,3.0
1950-04,Northwest Territories including Nunavut,Immigrants,5.0
1950-07,Canada,Immigrants,16964.0
1950-07,Newfoundland and Labrador,Immigrants,57.0
1950-07,Prince Edward Island,Immigrants,44.0
1950-07,Nova Scotia,Immigrants,277.0
1950-07,New Brunswick,Immigrants,174.0
1950-07,Quebec,Immigrants,3335.0
1950-07,Ontario,Immigrants,8815.0
1950-07,Manitoba,Immigrants,707.0
1950-07,Saskatchewan,Immigrants,670.0
1950-07,Alberta,Immigrants,1302.0
1950-07,British Columbia,Immigrants,1577.0
1950-07,Yukon,Immigrants,3.0
1950-07,Northwest Territories including Nunavut,Immigrants,3.0
1950-10,Canada,Immigrants,19662.0
1950-10,Newfoundland and Labrador,Immigrants,67.0
1950-10,Prince Edward Island,Immigrants,27.0
1950-10,Nova Scotia,Immigrants,252.0
1950-10,New Brunswick,Immigrants,183.0
1950-10,Quebec,Immigrants,3904.0
1950-10,Ontario,Immigrants,10776.0
1950-10,Manitoba,Immigrants,820.0
1950-10,Saskatchewan,Immigrants,694.0
1950-10,Alberta,Immigrants,1297.0
1950-10,British Columbia,Immigrants,1632.0
1950-10,Yukon,Immigrants,4.0
1950-10,Northwest Territories including Nunavut,Immigrants,6.0
1951-01,Canada,Immigrants,25914.0
1951-01,Newfoundland and Labrador,Immigrants,66.0
1951-01,Prince Edward Island,Immigrants,24.0
1951-01,Nova Scotia,Immigrants,340.0
1951-01,New Brunswick,Immigrants,241.0
1951-01,Quebec,Immigrants,4905.0
1951-01,Ontario,Immigrants,14710.0
1951-01,Manitoba,Immigrants,1058.0
1951-01,Saskatchewan,Immigrants,747.0
1951-01,Alberta,Immigrants,1846.0
1951-01,British Columbia,Immigrants,1976.0
1951-01,Yukon,Immigrants,0.0
1951-01,Northwest Territories including Nunavut,Immigrants,1.0
1951-04,Canada,Immigrants,53871.0
1951-04,Newfoundland and Labrador,Immigrants,47.0
1951-04,Prince Edward Island,Immigrants,90.0
1951-04,Nova Scotia,Immigrants,551.0
1951-04,New Brunswick,Immigrants,398.0
1951-04,Quebec,Immigrants,10299.0
1951-04,Ontario,Immigrants,30372.0
1951-04,Manitoba,Immigrants,2642.0
1951-04,Saskatchewan,Immigrants,1206.0
1951-04,Alberta,Immigrants,4584.0
1951-04,British Columbia,Immigrants,3673.0
1951-04,Yukon,Immigrants,3.0
1951-04,Northwest Territories including Nunavut,Immigrants,6.0
1951-07,Canada,Immigrants,50100.0
1951-07,Canada,Emigrants,13637.0
1951-07,Newfoundland and Labrador,Immigrants,50.0
1951-07,Newfoundland and Labrador,Emigrants,213.0
1951-07,Prince Edward Island,Immigrants,66.0
1951-07,Prince Edward Island,Emigrants,90.0
1951-07,Nova Scotia,Immigrants,482.0
1951-07,Nova Scotia,Emigrants,492.0
1951-07,New Brunswick,Immigrants,397.0
1951-07,New Brunswick,Emigrants,377.0
1951-07,Quebec,Immigrants,12320.0
1951-07,Quebec,Emigrants,4191.0
1951-07,Ontario,Immigrants,26963.0
1951-07,Ontario,Emigrants,4581.0
1951-07,Manitoba,Immigrants,2168.0
1951-07,Manitoba,Emigrants,511.0
1951-07,Saskatchewan,Immigrants,995.0
1951-07,Saskatchewan,Emigrants,755.0
1951-07,Alberta,Immigrants,2648.0
1951-07,Alberta,Emigrants,858.0
1951-07,British Columbia,Immigrants,4000.0
1951-07,British Columbia,Emigrants,1543.0
1951-07,Yukon,Immigrants,4.0
1951-07,Yukon,Emigrants,13.0
1951-07,Northwest Territories including Nunavut,Immigrants,7.0
1951-07,Northwest Territories including Nunavut,Emigrants,13.0
1951-10,Canada,Immigrants,64506.0
1951-10,Canada,Emigrants,13637.0
1951-10,Newfoundland and Labrador,Immigrants,96.0
1951-10,Newfoundland and Labrador,Emigrants,213.0
1951-10,Prince Edward Island,Immigrants,31.0
1951-10,Prince Edward Island,Emigrants,90.0
1951-10,Nova Scotia,Immigrants,662.0
1951-10,Nova Scotia,Emigrants,492.0
1951-10,New Brunswick,Immigrants,387.0
1951-10,New Brunswick,Emigrants,377.0
1951-10,Quebec,Immigrants,18509.0
1951-10,Quebec,Emigrants,4191.0
1951-10,Ontario,Immigrants,32797.0
1951-10,Ontario,Emigrants,4580.0
1951-10,Manitoba,Immigrants,2881.0
1951-10,Manitoba,Emigrants,512.0
1951-10,Saskatchewan,Immigrants,1230.0
1951-10,Saskatchewan,Emigrants,755.0
1951-10,Alberta,Immigrants,3160.0
1951-10,Alberta,Emigrants,857.0
1951-10,British Columbia,Immigrants,4745.0
1951-10,British Columbia,Emigrants,1544.0
1951-10,Yukon,Immigrants,3.0
1951-10,Yukon,Emigrants,13.0
1951-10,Northwest Territories including Nunavut,Immigrants,5.0
1951-10,Northwest Territories including Nunavut,Emigrants,13.0
1952-01,Canada,Immigrants,42743.0
1952-01,Canada,Emigrants,13637.0
1952-01,Newfoundland and Labrador,Immigrants,72.0
1952-01,Newfoundland and Labrador,Emigrants,213.0
1952-01,Prince Edward Island,Immigrants,64.0
1952-01,Prince Edward Island,Emigrants,90.0
1952-01,Nova Scotia,Immigrants,666.0
1952-01,Nova Scotia,Emigrants,492.0
1952-01,New Brunswick,Immigrants,216.0
1952-01,New Brunswick,Emigrants,377.0
1952-01,Quebec,Immigrants,9989.0
1952-01,Quebec,Emigrants,4191.0
1952-01,Ontario,Immigrants,23149.0
1952-01,Ontario,Emigrants,4581.0
1952-01,Manitoba,Immigrants,1604.0
1952-01,Manitoba,Emigrants,511.0
1952-01,Saskatchewan,Immigrants,905.0
1952-01,Saskatchewan,Emigrants,755.0
1952-01,Alberta,Immigrants,2605.0
1952-01,Alberta,Emigrants,858.0
1952-01,British Columbia,Immigrants,3467.0
1952-01,British Columbia,Emigrants,1543.0
1952-01,Yukon,Immigrants,2.0
1952-01,Yukon,Emigrants,13.0
1952-01,Northwest Territories including Nunavut,Immigrants,4.0
1952-01,Northwest Territories including Nunavut,Emigrants,13.0
1952-04,Canada,Immigrants,55314.0
1952-04,Canada,Emigrants,14685.0
1952-04,Newfoundland and Labrador,Immigrants,162.0
1952-04,Newfoundland and Labrador,Emigrants,286.0
1952-04,Prince Edward Island,Immigrants,124.0
1952-04,Prince Edward Island,Emigrants,99.0
1952-04,Nova Scotia,Immigrants,1017.0
1952-04,Nova Scotia,Emigrants,586.0
1952-04,New Brunswick,Immigrants,308.0
1952-04,New Brunswick,Emigrants,474.0
1952-04,Quebec,Immigrants,11174.0
1952-04,Quebec,Emigrants,4482.0
1952-04,Ontario,Immigrants,29323.0
1952-04,Ontario,Emigrants,4841.0
1952-04,Manitoba,Immigrants,2310.0
1952-04,Manitoba,Emigrants,649.0
1952-04,Saskatchewan,Immigrants,1153.0
1952-04,Saskatchewan,Emigrants,802.0
1952-04,Alberta,Immigrants,4766.0
1952-04,Alberta,Emigrants,946.0
1952-04,British Columbia,Immigrants,4964.0
1952-04,British Columbia,Emigrants,1492.0
1952-04,Yukon,Immigrants,4.0
1952-04,Yukon,Emigrants,14.0
1952-04,Northwest Territories including Nunavut,Immigrants,9.0
1952-04,Northwest Territories including Nunavut,Emigrants,14.0
1952-07,Canada,Immigrants,37239.0
1952-07,Canada,Emigrants,16563.0
1952-07,Newfoundland and Labrador,Immigrants,141.0
1952-07,Newfoundland and Labrador,Emigrants,431.0
1952-07,Prince Edward Island,Immigrants,88.0
1952-07,Prince Edward Island,Emigrants,117.0
1952-07,Nova Scotia,Immigrants,563.0
1952-07,Nova Scotia,Emigrants,761.0
1952-07,New Brunswick,Immigrants,278.0
1952-07,New Brunswick,Emigrants,628.0
1952-07,Quebec,Immigrants,7711.0
1952-07,Quebec,Emigrants,4998.0
1952-07,Ontario,Immigrants,18459.0
1952-07,Ontario,Emigrants,5272.0
1952-07,Manitoba,Immigrants,1767.0
1952-07,Manitoba,Emigrants,912.0
1952-07,Saskatchewan,Immigrants,1158.0
1952-07,Saskatchewan,Emigrants,928.0
1952-07,Alberta,Immigrants,3374.0
1952-07,Alberta,Emigrants,1109.0
1952-07,British Columbia,Immigrants,3672.0
1952-07,British Columbia,Emigrants,1375.0
1952-07,Yukon,Immigrants,9.0
1952-07,Yukon,Emigrants,16.0
1952-07,Northwest Territories including Nunavut,Immigrants,19.0
1952-07,Northwest Territories including Nunavut,Emigrants,16.0
1952-10,Canada,Immigrants,29202.0
1952-10,Canada,Emigrants,15674.0
1952-10,Newfoundland and Labrador,Immigrants,128.0
1952-10,Newfoundland and Labrador,Emigrants,408.0
1952-10,Prince Edward Island,Immigrants,30.0
1952-10,Prince Edward Island,Emigrants,110.0
1952-10,Nova Scotia,Immigrants,456.0
1952-10,Nova Scotia,Emigrants,721.0
1952-10,New Brunswick,Immigrants,218.0
1952-10,New Brunswick,Emigrants,596.0
1952-10,Quebec,Immigrants,6444.0
1952-10,Quebec,Emigrants,4741.0
1952-10,Ontario,Immigrants,15128.0
1952-10,Ontario,Emigrants,4978.0
1952-10,Manitoba,Immigrants,954.0
1952-10,Manitoba,Emigrants,861.0
1952-10,Saskatchewan,Immigrants,659.0
1952-10,Saskatchewan,Emigrants,876.0
1952-10,Alberta,Immigrants,2305.0
1952-10,Alberta,Emigrants,1050.0
1952-10,British Columbia,Immigrants,2864.0
1952-10,British Columbia,Emigrants,1301.0
1952-10,Yukon,Immigrants,5.0
1952-10,Yukon,Emigrants,16.0
1952-10,Northwest Territories including Nunavut,Immigrants,11.0
1952-10,Northwest Territories including Nunavut,Emigrants,16.0
1953-01,Canada,Immigrants,22937.0
1953-01,Canada,Emigrants,12550.0
1953-01,Newfoundland and Labrador,Immigrants,103.0
1953-01,Newfoundland and Labrador,Emigrants,327.0
1953-01,Prince Edward Island,Immigrants,59.0
1953-01,Prince Edward Island,Emigrants,87.0
1953-01,Nova Scotia,Immigrants,411.0
1953-01,Nova Scotia,Emigrants,477.0
1953-01,New Brunswick,Immigrants,403.0
1953-01,New Brunswick,Emigrants,481.0
1953-01,Quebec,Immigrants,3922.0
1953-01,Quebec,Emigrants,3834.0
1953-01,Ontario,Immigrants,11950.0
1953-01,Ontario,Emigrants,3955.0
1953-01,Manitoba,Immigrants,939.0
1953-01,Manitoba,Emigrants,690.0
1953-01,Saskatchewan,Immigrants,672.0
1953-01,Saskatchewan,Emigrants,692.0
1953-01,Alberta,Immigrants,2296.0
1953-01,Alberta,Emigrants,840.0
1953-01,British Columbia,Immigrants,2174.0
1953-01,British Columbia,Emigrants,1041.0
1953-01,Yukon,Immigrants,3.0
1953-01,Yukon,Emigrants,13.0
1953-01,Northwest Territories including Nunavut,Immigrants,5.0
1953-01,Northwest Territories including Nunavut,Emigrants,13.0
1953-04,Canada,Immigrants,55399.0
1953-04,Canada,Emigrants,13093.0
1953-04,Newfoundland and Labrador,Immigrants,131.0
1953-04,Newfoundland and Labrador,Emigrants,340.0
1953-04,Prince Edward Island,Immigrants,134.0
1953-04,Prince Edward Island,Emigrants,92.0
1953-04,Nova Scotia,Immigrants,821.0
1953-04,Nova Scotia,Emigrants,593.0
1953-04,New Brunswick,Immigrants,307.0
1953-04,New Brunswick,Emigrants,496.0
1953-04,Quebec,Immigrants,10757.0
1953-04,Quebec,Emigrants,3838.0
1953-04,Ontario,Immigrants,28819.0
1953-04,Ontario,Emigrants,4268.0
1953-04,Manitoba,Immigrants,2798.0
1953-04,Manitoba,Emigrants,749.0
1953-04,Saskatchewan,Immigrants,1213.0
1953-04,Saskatchewan,Emigrants,785.0
1953-04,Alberta,Immigrants,6175.0
1953-04,Alberta,Emigrants,849.0
1953-04,British Columbia,Immigrants,4229.0
1953-04,British Columbia,Emigrants,1059.0
1953-04,Yukon,Immigrants,5.0
1953-04,Yukon,Emigrants,11.0
1953-04,Northwest Territories including Nunavut,Immigrants,10.0
1953-04,Northwest Territories including Nunavut,Emigrants,13.0
1953-07,Canada,Immigrants,46762.0
1953-07,Canada,Emigrants,16152.0
1953-07,Newfoundland and Labrador,Immigrants,143.0
1953-07,Newfoundland and Labrador,Emigrants,420.0
1953-07,Prince Edward Island,Immigrants,38.0
1953-07,Prince Edward Island,Emigrants,113.0
1953-07,Nova Scotia,Immigrants,461.0
1953-07,Nova Scotia,Emigrants,710.0
1953-07,New Brunswick,Immigrants,175.0
1953-07,New Brunswick,Emigrants,582.0
1953-07,Quebec,Immigrants,10300.0
1953-07,Quebec,Emigrants,4588.0
1953-07,Ontario,Immigrants,24081.0
1953-07,Ontario,Emigrants,5442.0
1953-07,Manitoba,Immigrants,2739.0
1953-07,Manitoba,Emigrants,920.0
1953-07,Saskatchewan,Immigrants,1094.0
1953-07,Saskatchewan,Emigrants,1001.0
1953-07,Alberta,Immigrants,4018.0
1953-07,Alberta,Emigrants,1050.0
1953-07,British Columbia,Immigrants,3675.0
1953-07,British Columbia,Emigrants,1294.0
1953-07,Yukon,Immigrants,13.0
1953-07,Yukon,Emigrants,11.0
1953-07,Northwest Territories including Nunavut,Immigrants,25.0
1953-07,Northwest Territories including Nunavut,Emigrants,21.0
1953-10,Canada,Immigrants,43770.0
1953-10,Canada,Emigrants,16180.0
1953-10,Newfoundland and Labrador,Immigrants,125.0
1953-10,Newfoundland and Labrador,Emigrants,421.0
1953-10,Prince Edward Island,Immigrants,30.0
1953-10,Prince Edward Island,Emigrants,114.0
1953-10,Nova Scotia,Immigrants,513.0
1953-10,Nova Scotia,Emigrants,712.0
1953-10,New Brunswick,Immigrants,195.0
1953-10,New Brunswick,Emigrants,582.0
1953-10,Quebec,Immigrants,9315.0
1953-10,Quebec,Emigrants,4596.0
1953-10,Ontario,Immigrants,25270.0
1953-10,Ontario,Emigrants,5452.0
1953-10,Manitoba,Immigrants,1715.0
1953-10,Manitoba,Emigrants,921.0
1953-10,Saskatchewan,Immigrants,811.0
1953-10,Saskatchewan,Emigrants,1003.0
1953-10,Alberta,Immigrants,2738.0
1953-10,Alberta,Emigrants,1052.0
1953-10,British Columbia,Immigrants,3040.0
1953-10,British Columbia,Emigrants,1295.0
1953-10,Yukon,Immigrants,6.0
1953-10,Yukon,Emigrants,11.0
1953-10,Northwest Territories including Nunavut,Immigrants,12.0
1953-10,Northwest Territories including Nunavut,Emigrants,21.0
1954-01,Canada,Immigrants,28223.0
1954-01,Canada,Emigrants,12025.0
1954-01,Newfoundland and Labrador,Immigrants,77.0
1954-01,Newfoundland and Labrador,Emigrants,313.0
1954-01,Prince Edward Island,Immigrants,28.0
1954-01,Prince Edward Island,Emigrants,85.0
1954-01,Nova Scotia,Immigrants,434.0
1954-01,Nova Scotia,Emigrants,528.0
1954-01,New Brunswick,Immigrants,204.0
1954-01,New Brunswick,Emigrants,433.0
1954-01,Quebec,Immigrants,5052.0
1954-01,Quebec,Emigrants,3399.0
1954-01,Ontario,Immigrants,16389.0
1954-01,Ontario,Emigrants,4067.0
1954-01,Manitoba,Immigrants,1095.0
1954-01,Manitoba,Emigrants,698.0
1954-01,Saskatchewan,Immigrants,536.0
1954-01,Saskatchewan,Emigrants,761.0
1954-01,Alberta,Immigrants,2154.0
1954-01,Alberta,Emigrants,770.0
1954-01,British Columbia,Immigrants,2235.0
1954-01,British Columbia,Emigrants,947.0
1954-01,Yukon,Immigrants,6.0
1954-01,Yukon,Emigrants,8.0
1954-01,Northwest Territories including Nunavut,Immigrants,13.0
1954-01,Northwest Territories including Nunavut,Emigrants,16.0
1954-04,Canada,Immigrants,57542.0
1954-04,Canada,Emigrants,13332.0
1954-04,Newfoundland and Labrador,Immigrants,193.0
1954-04,Newfoundland and Labrador,Emigrants,346.0
1954-04,Prince Edward Island,Immigrants,44.0
1954-04,Prince Edward Island,Emigrants,93.0
1954-04,Nova Scotia,Immigrants,696.0
1954-04,Nova Scotia,Emigrants,587.0
1954-04,New Brunswick,Immigrants,283.0
1954-04,New Brunswick,Emigrants,495.0
1954-04,Quebec,Immigrants,10360.0
1954-04,Quebec,Emigrants,3759.0
1954-04,Ontario,Immigrants,30712.0
1954-04,Ontario,Emigrants,4520.0
1954-04,Manitoba,Immigrants,3863.0
1954-04,Manitoba,Emigrants,767.0
1954-04,Saskatchewan,Immigrants,1362.0
1954-04,Saskatchewan,Emigrants,854.0
1954-04,Alberta,Immigrants,5692.0
1954-04,Alberta,Emigrants,859.0
1954-04,British Columbia,Immigrants,4309.0
1954-04,British Columbia,Emigrants,1024.0
1954-04,Yukon,Immigrants,9.0
1954-04,Yukon,Emigrants,10.0
1954-04,Northwest Territories including Nunavut,Immigrants,19.0
1954-04,Northwest Territories including Nunavut,Emigrants,18.0
1954-07,Canada,Immigrants,41088.0
1954-07,Canada,Emigrants,16274.0
1954-07,Newfoundland and Labrador,Immigrants,136.0
1954-07,Newfoundland and Labrador,Emigrants,423.0
1954-07,Prince Edward Island,Immigrants,22.0
1954-07,Prince Edward Island,Emigrants,114.0
1954-07,Nova Scotia,Immigrants,687.0
1954-07,Nova Scotia,Emigrants,715.0
1954-07,New Brunswick,Immigrants,342.0
1954-07,New Brunswick,Emigrants,618.0
1954-07,Quebec,Immigrants,7580.0
1954-07,Quebec,Emigrants,4623.0
1954-07,Ontario,Immigrants,20942.0
1954-07,Ontario,Emigrants,5484.0
1954-07,Manitoba,Immigrants,3154.0
1954-07,Manitoba,Emigrants,911.0
1954-07,Saskatchewan,Immigrants,1522.0
1954-07,Saskatchewan,Emigrants,993.0
1954-07,Alberta,Immigrants,3575.0
1954-07,Alberta,Emigrants,1075.0
1954-07,British Columbia,Immigrants,3101.0
1954-07,British Columbia,Emigrants,1286.0
1954-07,Yukon,Immigrants,9.0
1954-07,Yukon,Emigrants,11.0
1954-07,Northwest Territories including Nunavut,Immigrants,18.0
1954-07,Northwest Territories including Nunavut,Emigrants,21.0
1954-10,Canada,Immigrants,27374.0
1954-10,Canada,Emigrants,15519.0
1954-10,Newfoundland and Labrador,Immigrants,118.0
1954-10,Newfoundland and Labrador,Emigrants,403.0
1954-10,Prince Edward Island,Immigrants,13.0
1954-10,Prince Edward Island,Emigrants,109.0
1954-10,Nova Scotia,Immigrants,390.0
1954-10,Nova Scotia,Emigrants,683.0
1954-10,New Brunswick,Immigrants,182.0
1954-10,New Brunswick,Emigrants,606.0
1954-10,Quebec,Immigrants,5427.0
1954-10,Quebec,Emigrants,4405.0
1954-10,Ontario,Immigrants,14986.0
1954-10,Ontario,Emigrants,5232.0
1954-10,Manitoba,Immigrants,1107.0
1954-10,Manitoba,Emigrants,870.0
1954-10,Saskatchewan,Immigrants,705.0
1954-10,Saskatchewan,Emigrants,948.0
1954-10,Alberta,Immigrants,1873.0
1954-10,Alberta,Emigrants,1023.0
1954-10,British Columbia,Immigrants,2552.0
1954-10,British Columbia,Emigrants,1208.0
1954-10,Yukon,Immigrants,7.0
1954-10,Yukon,Emigrants,11.0
1954-10,Northwest Territories including Nunavut,Immigrants,14.0
1954-10,Northwest Territories including Nunavut,Emigrants,21.0
1955-01,Canada,Immigrants,17627.0
1955-01,Canada,Emigrants,12047.0
1955-01,Newfoundland and Labrador,Immigrants,106.0
1955-01,Newfoundland and Labrador,Emigrants,313.0
1955-01,Prince Edward Island,Immigrants,21.0
1955-01,Prince Edward Island,Emigrants,85.0
1955-01,Nova Scotia,Immigrants,450.0
1955-01,Nova Scotia,Emigrants,530.0
1955-01,New Brunswick,Immigrants,146.0
1955-01,New Brunswick,Emigrants,481.0
1955-01,Quebec,Immigrants,3259.0
1955-01,Quebec,Emigrants,3405.0
1955-01,Ontario,Immigrants,9338.0
1955-01,Ontario,Emigrants,4076.0
1955-01,Manitoba,Immigrants,761.0
1955-01,Manitoba,Emigrants,683.0
1955-01,Saskatchewan,Immigrants,426.0
1955-01,Saskatchewan,Emigrants,747.0
1955-01,Alberta,Immigrants,1237.0
1955-01,Alberta,Emigrants,787.0
1955-01,British Columbia,Immigrants,1875.0
1955-01,British Columbia,Emigrants,916.0
1955-01,Yukon,Immigrants,3.0
1955-01,Yukon,Emigrants,8.0
1955-01,Northwest Territories including Nunavut,Immigrants,5.0
1955-01,Northwest Territories including Nunavut,Emigrants,16.0
1955-04,Canada,Immigrants,40790.0
1955-04,Canada,Emigrants,13467.0
1955-04,Newfoundland and Labrador,Immigrants,139.0
1955-04,Newfoundland and Labrador,Emigrants,349.0
1955-04,Prince Edward Island,Immigrants,43.0
1955-04,Prince Edward Island,Emigrants,89.0
1955-04,Nova Scotia,Immigrants,744.0
1955-04,Nova Scotia,Emigrants,577.0
1955-04,New Brunswick,Immigrants,204.0
1955-04,New Brunswick,Emigrants,512.0
1955-04,Quebec,Immigrants,8229.0
1955-04,Quebec,Emigrants,3802.0
1955-04,Ontario,Immigrants,21611.0
1955-04,Ontario,Emigrants,4587.0
1955-04,Manitoba,Immigrants,1915.0
1955-04,Manitoba,Emigrants,754.0
1955-04,Saskatchewan,Immigrants,881.0
1955-04,Saskatchewan,Emigrants,821.0
1955-04,Alberta,Immigrants,2998.0
1955-04,Alberta,Emigrants,893.0
1955-04,British Columbia,Immigrants,3996.0
1955-04,British Columbia,Emigrants,1057.0
1955-04,Yukon,Immigrants,10.0
1955-04,Yukon,Emigrants,10.0
1955-04,Northwest Territories including Nunavut,Immigrants,20.0
1955-04,Northwest Territories including Nunavut,Emigrants,16.0
1955-07,Canada,Immigrants,28190.0
1955-07,Canada,Emigrants,19361.0
1955-07,Newfoundland and Labrador,Immigrants,103.0
1955-07,Newfoundland and Labrador,Emigrants,503.0
1955-07,Prince Edward Island,Immigrants,41.0
1955-07,Prince Edward Island,Emigrants,116.0
1955-07,Nova Scotia,Immigrants,340.0
1955-07,Nova Scotia,Emigrants,822.0
1955-07,New Brunswick,Immigrants,165.0
1955-07,New Brunswick,Emigrants,677.0
1955-07,Quebec,Immigrants,5676.0
1955-07,Quebec,Emigrants,5515.0
1955-07,Ontario,Immigrants,14153.0
1955-07,Ontario,Emigrants,6577.0
1955-07,Manitoba,Immigrants,1404.0
1955-07,Manitoba,Emigrants,1057.0
1955-07,Saskatchewan,Immigrants,875.0
1955-07,Saskatchewan,Emigrants,1114.0
1955-07,Alberta,Immigrants,2096.0
1955-07,Alberta,Emigrants,1325.0
1955-07,British Columbia,Immigrants,3322.0
1955-07,British Columbia,Emigrants,1615.0
1955-07,Yukon,Immigrants,5.0
1955-07,Yukon,Emigrants,14.0
1955-07,Northwest Territories including Nunavut,Immigrants,10.0
1955-07,Northwest Territories including Nunavut,Emigrants,26.0
1955-10,Canada,Immigrants,23339.0
1955-10,Canada,Emigrants,17018.0
1955-10,Newfoundland and Labrador,Immigrants,96.0
1955-10,Newfoundland and Labrador,Emigrants,442.0
1955-10,Prince Edward Island,Immigrants,18.0
1955-10,Prince Edward Island,Emigrants,103.0
1955-10,Nova Scotia,Immigrants,307.0
1955-10,Nova Scotia,Emigrants,719.0
1955-10,New Brunswick,Immigrants,144.0
1955-10,New Brunswick,Emigrants,596.0
1955-10,Quebec,Immigrants,4953.0
1955-10,Quebec,Emigrants,4841.0
1955-10,Ontario,Immigrants,12461.0
1955-10,Ontario,Emigrants,5791.0
1955-10,Manitoba,Immigrants,982.0
1955-10,Manitoba,Emigrants,932.0
1955-10,Saskatchewan,Immigrants,472.0
1955-10,Saskatchewan,Emigrants,983.0
1955-10,Alberta,Immigrants,1512.0
1955-10,Alberta,Emigrants,1161.0
1955-10,British Columbia,Immigrants,2377.0
1955-10,British Columbia,Emigrants,1415.0
1955-10,Yukon,Immigrants,6.0
1955-10,Yukon,Emigrants,12.0
1955-10,Northwest Territories including Nunavut,Immigrants,11.0
1955-10,Northwest Territories including Nunavut,Emigrants,23.0
1956-01,Canada,Immigrants,18963.0
1956-01,Canada,Emigrants,14158.0
1956-01,Newfoundland and Labrador,Immigrants,87.0
1956-01,Newfoundland and Labrador,Emigrants,368.0
1956-01,Prince Edward Island,Immigrants,28.0
1956-01,Prince Edward Island,Emigrants,84.0
1956-01,Nova Scotia,Immigrants,366.0
1956-01,Nova Scotia,Emigrants,593.0
1956-01,New Brunswick,Immigrants,163.0
1956-01,New Brunswick,Emigrants,496.0
1956-01,Quebec,Immigrants,3643.0
1956-01,Quebec,Emigrants,4017.0
1956-01,Ontario,Immigrants,10209.0
1956-01,Ontario,Emigrants,4834.0
1956-01,Manitoba,Immigrants,634.0
1956-01,Manitoba,Emigrants,781.0
1956-01,Saskatchewan,Immigrants,304.0
1956-01,Saskatchewan,Emigrants,823.0
1956-01,Alberta,Immigrants,1173.0
1956-01,Alberta,Emigrants,960.0
1956-01,British Columbia,Immigrants,2335.0
1956-01,British Columbia,Emigrants,1174.0
1956-01,Yukon,Immigrants,7.0
1956-01,Yukon,Emigrants,10.0
1956-01,Northwest Territories including Nunavut,Immigrants,14.0
1956-01,Northwest Territories including Nunavut,Emigrants,18.0
1956-04,Canada,Immigrants,50961.0
1956-04,Canada,Emigrants,17577.0
1956-04,Newfoundland and Labrador,Immigrants,102.0
1956-04,Newfoundland and Labrador,Emigrants,385.0
1956-04,Prince Edward Island,Immigrants,42.0
1956-04,Prince Edward Island,Emigrants,112.0
1956-04,Nova Scotia,Immigrants,569.0
1956-04,Nova Scotia,Emigrants,676.0
1956-04,New Brunswick,Immigrants,272.0
1956-04,New Brunswick,Emigrants,601.0
1956-04,Quebec,Immigrants,9630.0
1956-04,Quebec,Emigrants,4776.0
1956-04,Ontario,Immigrants,29183.0
1956-04,Ontario,Emigrants,6617.0
1956-04,Manitoba,Immigrants,1911.0
1956-04,Manitoba,Emigrants,989.0
1956-04,Saskatchewan,Immigrants,672.0
1956-04,Saskatchewan,Emigrants,910.0
1956-04,Alberta,Immigrants,3372.0
1956-04,Alberta,Emigrants,1023.0
1956-04,British Columbia,Immigrants,5178.0
1956-04,British Columbia,Emigrants,1465.0
1956-04,Yukon,Immigrants,10.0
1956-04,Yukon,Emigrants,9.0
1956-04,Northwest Territories including Nunavut,Immigrants,20.0
1956-04,Northwest Territories including Nunavut,Emigrants,14.0
1956-07,Canada,Immigrants,40085.0
1956-07,Canada,Emigrants,19156.0
1956-07,Newfoundland and Labrador,Immigrants,117.0
1956-07,Newfoundland and Labrador,Emigrants,210.0
1956-07,Prince Edward Island,Immigrants,30.0
1956-07,Prince Edward Island,Emigrants,111.0
1956-07,Nova Scotia,Immigrants,300.0
1956-07,Nova Scotia,Emigrants,594.0
1956-07,New Brunswick,Immigrants,223.0
1956-07,New Brunswick,Emigrants,537.0
1956-07,Quebec,Immigrants,7941.0
1956-07,Quebec,Emigrants,4585.0
1956-07,Ontario,Immigrants,21813.0
1956-07,Ontario,Emigrants,8959.0
1956-07,Manitoba,Immigrants,1596.0
1956-07,Manitoba,Emigrants,1103.0
1956-07,Saskatchewan,Immigrants,611.0
1956-07,Saskatchewan,Emigrants,652.0
1956-07,Alberta,Immigrants,2588.0
1956-07,Alberta,Emigrants,689.0
1956-07,British Columbia,Immigrants,4839.0
1956-07,British Columbia,Emigrants,1704.0
1956-07,Yukon,Immigrants,9.0
1956-07,Yukon,Emigrants,5.0
1956-07,Northwest Territories including Nunavut,Immigrants,18.0
1956-07,Northwest Territories including Nunavut,Emigrants,7.0
1956-10,Canada,Immigrants,54848.0
1956-10,Canada,Emigrants,17862.0
1956-10,Newfoundland and Labrador,Immigrants,130.0
1956-10,Newfoundland and Labrador,Emigrants,205.0
1956-10,Prince Edward Island,Immigrants,15.0
1956-10,Prince Edward Island,Emigrants,103.0
1956-10,Nova Scotia,Immigrants,444.0
1956-10,Nova Scotia,Emigrants,551.0
1956-10,New Brunswick,Immigrants,215.0
1956-10,New Brunswick,Emigrants,511.0
1956-10,Quebec,Immigrants,10939.0
1956-10,Quebec,Emigrants,4252.0
1956-10,Ontario,Immigrants,31644.0
1956-10,Ontario,Emigrants,8359.0
1956-10,Manitoba,Immigrants,1795.0
1956-10,Manitoba,Emigrants,1029.0
1956-10,Saskatchewan,Immigrants,668.0
1956-10,Saskatchewan,Emigrants,606.0
1956-10,Alberta,Immigrants,3066.0
1956-10,Alberta,Emigrants,638.0
1956-10,British Columbia,Immigrants,5889.0
1956-10,British Columbia,Emigrants,1598.0
1956-10,Yukon,Immigrants,14.0
1956-10,Yukon,Emigrants,5.0
1956-10,Northwest Territories including Nunavut,Immigrants,29.0
1956-10,Northwest Territories including Nunavut,Emigrants,5.0
1957-01,Canada,Immigrants,62460.0
1957-01,Canada,Emigrants,15429.0
1957-01,Newfoundland and Labrador,Immigrants,135.0
1957-01,Newfoundland and Labrador,Emigrants,192.0
1957-01,Prince Edward Island,Immigrants,32.0
1957-01,Prince Edward Island,Emigrants,90.0
1957-01,Nova Scotia,Immigrants,749.0
1957-01,Nova Scotia,Emigrants,470.0
1957-01,New Brunswick,Immigrants,491.0
1957-01,New Brunswick,Emigrants,464.0
1957-01,Quebec,Immigrants,12798.0
1957-01,Quebec,Emigrants,3625.0
1957-01,Ontario,Immigrants,32157.0
1957-01,Ontario,Emigrants,7230.0
1957-01,Manitoba,Immigrants,2883.0
1957-01,Manitoba,Emigrants,889.0
1957-01,Saskatchewan,Immigrants,971.0
1957-01,Saskatchewan,Emigrants,524.0
1957-01,Alberta,Immigrants,3815.0
1957-01,Alberta,Emigrants,539.0
1957-01,British Columbia,Immigrants,8397.0
1957-01,British Columbia,Emigrants,1396.0
1957-01,Yukon,Immigrants,11.0
1957-01,Yukon,Emigrants,5.0
1957-01,Northwest Territories including Nunavut,Immigrants,21.0
1957-01,Northwest Territories including Nunavut,Emigrants,5.0
1957-04,Canada,Immigrants,119956.0
1957-04,Canada,Emigrants,16855.0
1957-04,Newfoundland and Labrador,Immigrants,128.0
1957-04,Newfoundland and Labrador,Emigrants,199.0
1957-04,Prince Edward Island,Immigrants,27.0
1957-04,Prince Edward Island,Emigrants,97.0
1957-04,Nova Scotia,Immigrants,1121.0
1957-04,Nova Scotia,Emigrants,517.0
1957-04,New Brunswick,Immigrants,730.0
1957-04,New Brunswick,Emigrants,490.0
1957-04,Quebec,Immigrants,22139.0
1957-04,Quebec,Emigrants,3996.0
1957-04,Ontario,Immigrants,64000.0
1957-04,Ontario,Emigrants,7890.0
1957-04,Manitoba,Immigrants,4866.0
1957-04,Manitoba,Emigrants,971.0
1957-04,Saskatchewan,Immigrants,1509.0
1957-04,Saskatchewan,Emigrants,574.0
1957-04,Alberta,Immigrants,9778.0
1957-04,Alberta,Emigrants,599.0
1957-04,British Columbia,Immigrants,15581.0
1957-04,British Columbia,Emigrants,1513.0
1957-04,Yukon,Immigrants,26.0
1957-04,Yukon,Emigrants,4.0
1957-04,Northwest Territories including Nunavut,Immigrants,51.0
1957-04,Northwest Territories including Nunavut,Emigrants,5.0
1957-07,Canada,Immigrants,61850.0
1957-07,Canada,Emigrants,21296.0
1957-07,Newfoundland and Labrador,Immigrants,145.0
1957-07,Newfoundland and Labrador,Emigrants,219.0
1957-07,Prince Edward Island,Immigrants,48.0
1957-07,Prince Edward Island,Emigrants,123.0
1957-07,Nova Scotia,Immigrants,536.0
1957-07,Nova Scotia,Emigrants,666.0
1957-07,New Brunswick,Immigrants,283.0
1957-07,New Brunswick,Emigrants,576.0
1957-07,Quebec,Immigrants,12068.0
1957-07,Quebec,Emigrants,5145.0
1957-07,Ontario,Immigrants,30580.0
1957-07,Ontario,Emigrants,9949.0
1957-07,Manitoba,Immigrants,2545.0
1957-07,Manitoba,Emigrants,1226.0
1957-07,Saskatchewan,Immigrants,1239.0
1957-07,Saskatchewan,Emigrants,724.0
1957-07,Alberta,Immigrants,5074.0
1957-07,Alberta,Emigrants,776.0
1957-07,British Columbia,Immigrants,9288.0
1957-07,British Columbia,Emigrants,1879.0
1957-07,Yukon,Immigrants,15.0
1957-07,Yukon,Emigrants,6.0
1957-07,Northwest Territories including Nunavut,Immigrants,29.0
1957-07,Northwest Territories including Nunavut,Emigrants,7.0
1957-10,Canada,Immigrants,37898.0
1957-10,Canada,Emigrants,20803.0
1957-10,Newfoundland and Labrador,Immigrants,87.0
1957-10,Newfoundland and Labrador,Emigrants,216.0
1957-10,Prince Edward Island,Immigrants,27.0
1957-10,Prince Edward Island,Emigrants,120.0
1957-10,Nova Scotia,Immigrants,384.0
1957-10,Nova Scotia,Emigrants,648.0
1957-10,New Brunswick,Immigrants,169.0
1957-10,New Brunswick,Emigrants,566.0
1957-10,Quebec,Immigrants,8068.0
1957-10,Quebec,Emigrants,5018.0
1957-10,Ontario,Immigrants,20360.0
1957-10,Ontario,Emigrants,9720.0
1957-10,Manitoba,Immigrants,1320.0
1957-10,Manitoba,Emigrants,1198.0
1957-10,Saskatchewan,Immigrants,708.0
1957-10,Saskatchewan,Emigrants,707.0
1957-10,Alberta,Immigrants,2464.0
1957-10,Alberta,Emigrants,757.0
1957-10,British Columbia,Immigrants,4262.0
1957-10,British Columbia,Emigrants,1839.0
1957-10,Yukon,Immigrants,16.0
1957-10,Yukon,Emigrants,6.0
1957-10,Northwest Territories including Nunavut,Immigrants,33.0
1957-10,Northwest Territories including Nunavut,Emigrants,8.0
1958-01,Canada,Immigrants,21243.0
1958-01,Canada,Emigrants,12965.0
1958-01,Newfoundland and Labrador,Immigrants,79.0
1958-01,Newfoundland and Labrador,Emigrants,176.0
1958-01,Prince Edward Island,Immigrants,17.0
1958-01,Prince Edward Island,Emigrants,75.0
1958-01,Nova Scotia,Immigrants,511.0
1958-01,Nova Scotia,Emigrants,390.0
1958-01,New Brunswick,Immigrants,312.0
1958-01,New Brunswick,Emigrants,409.0
1958-01,Quebec,Immigrants,4686.0
1958-01,Quebec,Emigrants,3000.0
1958-01,Ontario,Immigrants,10839.0
1958-01,Ontario,Emigrants,6088.0
1958-01,Manitoba,Immigrants,729.0
1958-01,Manitoba,Emigrants,746.0
1958-01,Saskatchewan,Immigrants,355.0
1958-01,Saskatchewan,Emigrants,442.0
1958-01,Alberta,Immigrants,1295.0
1958-01,Alberta,Emigrants,443.0
1958-01,British Columbia,Immigrants,2397.0
1958-01,British Columbia,Emigrants,1188.0
1958-01,Yukon,Immigrants,8.0
1958-01,Yukon,Emigrants,4.0
1958-01,Northwest Territories including Nunavut,Immigrants,15.0
1958-01,Northwest Territories including Nunavut,Emigrants,4.0
1958-04,Canada,Immigrants,46501.0
1958-04,Canada,Emigrants,14888.0
1958-04,Newfoundland and Labrador,Immigrants,85.0
1958-04,Newfoundland and Labrador,Emigrants,188.0
1958-04,Prince Edward Island,Immigrants,32.0
1958-04,Prince Edward Island,Emigrants,87.0
1958-04,Nova Scotia,Immigrants,419.0
1958-04,Nova Scotia,Emigrants,453.0
1958-04,New Brunswick,Immigrants,245.0
1958-04,New Brunswick,Emigrants,450.0
1958-04,Quebec,Immigrants,10570.0
1958-04,Quebec,Emigrants,3489.0
1958-04,Ontario,Immigrants,23564.0
1958-04,Ontario,Emigrants,6980.0
1958-04,Manitoba,Immigrants,2033.0
1958-04,Manitoba,Emigrants,858.0
1958-04,Saskatchewan,Immigrants,845.0
1958-04,Saskatchewan,Emigrants,505.0
1958-04,Alberta,Immigrants,3466.0
1958-04,Alberta,Emigrants,519.0
1958-04,British Columbia,Immigrants,5200.0
1958-04,British Columbia,Emigrants,1350.0
1958-04,Yukon,Immigrants,14.0
1958-04,Yukon,Emigrants,4.0
1958-04,Northwest Territories including Nunavut,Immigrants,28.0
1958-04,Northwest Territories including Nunavut,Emigrants,5.0
1958-07,Canada,Immigrants,32387.0
1958-07,Canada,Emigrants,17630.0
1958-07,Newfoundland and Labrador,Immigrants,106.0
1958-07,Newfoundland and Labrador,Emigrants,207.0
1958-07,Prince Edward Island,Immigrants,17.0
1958-07,Prince Edward Island,Emigrants,102.0
1958-07,Nova Scotia,Immigrants,597.0
1958-07,Nova Scotia,Emigrants,542.0
1958-07,New Brunswick,Immigrants,348.0
1958-07,New Brunswick,Emigrants,510.0
1958-07,Quebec,Immigrants,7355.0
1958-07,Quebec,Emigrants,4183.0
1958-07,Ontario,Immigrants,16156.0
1958-07,Ontario,Emigrants,8253.0
1958-07,Manitoba,Immigrants,1296.0
1958-07,Manitoba,Emigrants,1015.0
1958-07,Saskatchewan,Immigrants,972.0
1958-07,Saskatchewan,Emigrants,600.0
1958-07,Alberta,Immigrants,2267.0
1958-07,Alberta,Emigrants,625.0
1958-07,British Columbia,Immigrants,3244.0
1958-07,British Columbia,Emigrants,1581.0
1958-07,Yukon,Immigrants,10.0
1958-07,Yukon,Emigrants,5.0
1958-07,Northwest Territories including Nunavut,Immigrants,19.0
1958-07,Northwest Territories including Nunavut,Emigrants,7.0
1958-10,Canada,Immigrants,24720.0
1958-10,Canada,Emigrants,16198.0
1958-10,Newfoundland and Labrador,Immigrants,103.0
1958-10,Newfoundland and Labrador,Emigrants,199.0
1958-10,Prince Edward Island,Immigrants,12.0
1958-10,Prince Edward Island,Emigrants,94.0
1958-10,Nova Scotia,Immigrants,259.0
1958-10,Nova Scotia,Emigrants,494.0
1958-10,New Brunswick,Immigrants,126.0
1958-10,New Brunswick,Emigrants,483.0
1958-10,Quebec,Immigrants,5832.0
1958-10,Quebec,Emigrants,3817.0
1958-10,Ontario,Immigrants,13294.0
1958-10,Ontario,Emigrants,7589.0
1958-10,Manitoba,Immigrants,674.0
1958-10,Manitoba,Emigrants,932.0
1958-10,Saskatchewan,Immigrants,423.0
1958-10,Saskatchewan,Emigrants,551.0
1958-10,Alberta,Immigrants,1401.0
1958-10,Alberta,Emigrants,569.0
1958-10,British Columbia,Immigrants,2559.0
1958-10,British Columbia,Emigrants,1462.0
1958-10,Yukon,Immigrants,12.0
1958-10,Yukon,Emigrants,4.0
1958-10,Northwest Territories including Nunavut,Immigrants,25.0
1958-10,Northwest Territories including Nunavut,Emigrants,4.0
1959-01,Canada,Immigrants,16955.0
1959-01,Canada,Emigrants,12472.0
1959-01,Newfoundland and Labrador,Immigrants,66.0
1959-01,Newfoundland and Labrador,Emigrants,181.0
1959-01,Prince Edward Island,Immigrants,14.0
1959-01,Prince Edward Island,Emigrants,72.0
1959-01,Nova Scotia,Immigrants,150.0
1959-01,Nova Scotia,Emigrants,372.0
1959-01,New Brunswick,Immigrants,100.0
1959-01,New Brunswick,Emigrants,406.0
1959-01,Quebec,Immigrants,3707.0
1959-01,Quebec,Emigrants,2855.0
1959-01,Ontario,Immigrants,9318.0
1959-01,Ontario,Emigrants,5862.0
1959-01,Manitoba,Immigrants,437.0
1959-01,Manitoba,Emigrants,719.0
1959-01,Saskatchewan,Immigrants,268.0
1959-01,Saskatchewan,Emigrants,425.0
1959-01,Alberta,Immigrants,1104.0
1959-01,Alberta,Emigrants,419.0
1959-01,British Columbia,Immigrants,1765.0
1959-01,British Columbia,Emigrants,1153.0
1959-01,Yukon,Immigrants,9.0
1959-01,Yukon,Emigrants,4.0
1959-01,Northwest Territories including Nunavut,Immigrants,17.0
1959-01,Northwest Territories including Nunavut,Emigrants,4.0
1959-04,Canada,Immigrants,40134.0
1959-04,Canada,Emigrants,15133.0
1959-04,Newfoundland and Labrador,Immigrants,84.0
1959-04,Newfoundland and Labrador,Emigrants,192.0
1959-04,Prince Edward Island,Immigrants,31.0
1959-04,Prince Edward Island,Emigrants,86.0
1959-04,Nova Scotia,Immigrants,345.0
1959-04,Nova Scotia,Emigrants,461.0
1959-04,New Brunswick,Immigrants,128.0
1959-04,New Brunswick,Emigrants,460.0
1959-04,Quebec,Immigrants,8686.0
1959-04,Quebec,Emigrants,3544.0
1959-04,Ontario,Immigrants,21693.0
1959-04,Ontario,Emigrants,7094.0
1959-04,Manitoba,Immigrants,1410.0
1959-04,Manitoba,Emigrants,872.0
1959-04,Saskatchewan,Immigrants,690.0
1959-04,Saskatchewan,Emigrants,515.0
1959-04,Alberta,Immigrants,3113.0
1959-04,Alberta,Emigrants,527.0
1959-04,British Columbia,Immigrants,3918.0
1959-04,British Columbia,Emigrants,1373.0
1959-04,Yukon,Immigrants,12.0
1959-04,Yukon,Emigrants,4.0
1959-04,Northwest Territories including Nunavut,Immigrants,24.0
1959-04,Northwest Territories including Nunavut,Emigrants,5.0
1959-07,Canada,Immigrants,28266.0
1959-07,Canada,Emigrants,21568.0
1959-07,Newfoundland and Labrador,Immigrants,115.0
1959-07,Newfoundland and Labrador,Emigrants,221.0
1959-07,Prince Edward Island,Immigrants,26.0
1959-07,Prince Edward Island,Emigrants,124.0
1959-07,Nova Scotia,Immigrants,352.0
1959-07,Nova Scotia,Emigrants,674.0
1959-07,New Brunswick,Immigrants,227.0
1959-07,New Brunswick,Emigrants,584.0
1959-07,Quebec,Immigrants,6902.0
1959-07,Quebec,Emigrants,5209.0
1959-07,Ontario,Immigrants,13993.0
1959-07,Ontario,Emigrants,10076.0
1959-07,Manitoba,Immigrants,1040.0
1959-07,Manitoba,Emigrants,1243.0
1959-07,Saskatchewan,Immigrants,518.0
1959-07,Saskatchewan,Emigrants,734.0
1959-07,Alberta,Immigrants,1852.0
1959-07,Alberta,Emigrants,787.0
1959-07,British Columbia,Immigrants,3201.0
1959-07,British Columbia,Emigrants,1904.0
1959-07,Yukon,Immigrants,13.0
1959-07,Yukon,Emigrants,6.0
1959-07,Northwest Territories including Nunavut,Immigrants,27.0
1959-07,Northwest Territories including Nunavut,Emigrants,6.0
1959-10,Canada,Immigrants,21573.0
1959-10,Canada,Emigrants,20016.0
1959-10,Newfoundland and Labrador,Immigrants,80.0
1959-10,Newfoundland and Labrador,Emigrants,215.0
1959-10,Prince Edward Island,Immigrants,20.0
1959-10,Prince Edward Island,Emigrants,116.0
1959-10,Nova Scotia,Immigrants,240.0
1959-10,Nova Scotia,Emigrants,621.0
1959-10,New Brunswick,Immigrants,185.0
1959-10,New Brunswick,Emigrants,553.0
1959-10,Quebec,Immigrants,5521.0
1959-10,Quebec,Emigrants,4810.0
1959-10,Ontario,Immigrants,10972.0
1959-10,Ontario,Emigrants,9356.0
1959-10,Manitoba,Immigrants,723.0
1959-10,Manitoba,Emigrants,1153.0
1959-10,Saskatchewan,Immigrants,339.0
1959-10,Saskatchewan,Emigrants,680.0
1959-10,Alberta,Immigrants,1354.0
1959-10,Alberta,Emigrants,724.0
1959-10,British Columbia,Immigrants,2116.0
1959-10,British Columbia,Emigrants,1776.0
1959-10,Yukon,Immigrants,8.0
1959-10,Yukon,Emigrants,5.0
1959-10,Northwest Territories including Nunavut,Immigrants,15.0
1959-10,Northwest Territories including Nunavut,Emigrants,7.0
1960-01,Canada,Immigrants,16599.0
1960-01,Canada,Emigrants,15151.0
1960-01,Newfoundland and Labrador,Immigrants,77.0
1960-01,Newfoundland and Labrador,Emigrants,190.0
1960-01,Prince Edward Island,Immigrants,12.0
1960-01,Prince Edward Island,Emigrants,88.0
1960-01,Nova Scotia,Immigrants,201.0
1960-01,Nova Scotia,Emigrants,462.0
1960-01,New Brunswick,Immigrants,93.0
1960-01,New Brunswick,Emigrants,456.0
1960-01,Quebec,Immigrants,3882.0
1960-01,Quebec,Emigrants,3557.0
1960-01,Ontario,Immigrants,8809.0
1960-01,Ontario,Emigrants,7100.0
1960-01,Manitoba,Immigrants,527.0
1960-01,Manitoba,Emigrants,873.0
1960-01,Saskatchewan,Immigrants,279.0
1960-01,Saskatchewan,Emigrants,515.0
1960-01,Alberta,Immigrants,1034.0
1960-01,Alberta,Emigrants,530.0
1960-01,British Columbia,Immigrants,1672.0
1960-01,British Columbia,Emigrants,1371.0
1960-01,Yukon,Immigrants,4.0
1960-01,Yukon,Emigrants,4.0
1960-01,Northwest Territories including Nunavut,Immigrants,9.0
1960-01,Northwest Territories including Nunavut,Emigrants,5.0
1960-04,Canada,Immigrants,41442.0
1960-04,Canada,Emigrants,17599.0
1960-04,Newfoundland and Labrador,Immigrants,70.0
1960-04,Newfoundland and Labrador,Emigrants,200.0
1960-04,Prince Edward Island,Immigrants,29.0
1960-04,Prince Edward Island,Emigrants,103.0
1960-04,Nova Scotia,Immigrants,377.0
1960-04,Nova Scotia,Emigrants,543.0
1960-04,New Brunswick,Immigrants,182.0
1960-04,New Brunswick,Emigrants,504.0
1960-04,Quebec,Immigrants,8795.0
1960-04,Quebec,Emigrants,4189.0
1960-04,Ontario,Immigrants,22068.0
1960-04,Ontario,Emigrants,8236.0
1960-04,Manitoba,Immigrants,2037.0
1960-04,Manitoba,Emigrants,1014.0
1960-04,Saskatchewan,Immigrants,860.0
1960-04,Saskatchewan,Emigrants,597.0
1960-04,Alberta,Immigrants,3085.0
1960-04,Alberta,Emigrants,627.0
1960-04,British Columbia,Immigrants,3890.0
1960-04,British Columbia,Emigrants,1574.0
1960-04,Yukon,Immigrants,16.0
1960-04,Yukon,Emigrants,5.0
1960-04,Northwest Territories including Nunavut,Immigrants,33.0
1960-04,Northwest Territories including Nunavut,Emigrants,7.0
1960-07,Canada,Immigrants,25802.0
1960-07,Canada,Emigrants,22224.0
1960-07,Newfoundland and Labrador,Immigrants,73.0
1960-07,Newfoundland and Labrador,Emigrants,223.0
1960-07,Prince Edward Island,Immigrants,24.0
1960-07,Prince Edward Island,Emigrants,128.0
1960-07,Nova Scotia,Immigrants,361.0
1960-07,Nova Scotia,Emigrants,695.0
1960-07,New Brunswick,Immigrants,196.0
1960-07,New Brunswick,Emigrants,596.0
1960-07,Quebec,Immigrants,6240.0
1960-07,Quebec,Emigrants,5385.0
1960-07,Ontario,Immigrants,12907.0
1960-07,Ontario,Emigrants,10379.0
1960-07,Manitoba,Immigrants,1069.0
1960-07,Manitoba,Emigrants,1280.0
1960-07,Saskatchewan,Immigrants,576.0
1960-07,Saskatchewan,Emigrants,756.0
1960-07,Alberta,Immigrants,1679.0
1960-07,Alberta,Emigrants,813.0
1960-07,British Columbia,Immigrants,2644.0
1960-07,British Columbia,Emigrants,1956.0
1960-07,Yukon,Immigrants,11.0
1960-07,Yukon,Emigrants,6.0
1960-07,Northwest Territories including Nunavut,Immigrants,22.0
1960-07,Northwest Territories including Nunavut,Emigrants,7.0
1960-10,Canada,Immigrants,20268.0
1960-10,Canada,Emigrants,20622.0
1960-10,Newfoundland and Labrador,Immigrants,86.0
1960-10,Newfoundland and Labrador,Emigrants,215.0
1960-10,Prince Edward Island,Immigrants,18.0
1960-10,Prince Edward Island,Emigrants,119.0
1960-10,Nova Scotia,Immigrants,271.0
1960-10,Nova Scotia,Emigrants,643.0
1960-10,New Brunswick,Immigrants,163.0
1960-10,New Brunswick,Emigrants,562.0
1960-10,Quebec,Immigrants,4857.0
1960-10,Quebec,Emigrants,4972.0
1960-10,Ontario,Immigrants,10707.0
1960-10,Ontario,Emigrants,9636.0
1960-10,Manitoba,Immigrants,704.0
1960-10,Manitoba,Emigrants,1188.0
1960-10,Saskatchewan,Immigrants,372.0
1960-10,Saskatchewan,Emigrants,701.0
1960-10,Alberta,Immigrants,1151.0
1960-10,Alberta,Emigrants,750.0
1960-10,British Columbia,Immigrants,1914.0
1960-10,British Columbia,Emigrants,1822.0
1960-10,Yukon,Immigrants,8.0
1960-10,Yukon,Emigrants,7.0
1960-10,Northwest Territories including Nunavut,Immigrants,17.0
1960-10,Northwest Territories including Nunavut,Emigrants,7.0
1961-01,Canada,Immigrants,11839.0
1961-01,Canada,Emigrants,13984.0
1961-01,Newfoundland and Labrador,Immigrants,63.0
1961-01,Newfoundland and Labrador,Emigrants,182.0
1961-01,Prince Edward Island,Immigrants,23.0
1961-01,Prince Edward Island,Emigrants,81.0
1961-01,Nova Scotia,Immigrants,139.0
1961-01,Nova Scotia,Emigrants,423.0
1961-01,New Brunswick,Immigrants,100.0
1961-01,New Brunswick,Emigrants,429.0
1961-01,Quebec,Immigrants,2563.0
1961-01,Quebec,Emigrants,3263.0
1961-01,Ontario,Immigrants,6504.0
1961-01,Ontario,Emigrants,6559.0
1961-01,Manitoba,Immigrants,305.0
1961-01,Manitoba,Emigrants,806.0
1961-01,Saskatchewan,Immigrants,167.0
1961-01,Saskatchewan,Emigrants,476.0
1961-01,Alberta,Immigrants,720.0
1961-01,Alberta,Emigrants,484.0
1961-01,British Columbia,Immigrants,1229.0
1961-01,British Columbia,Emigrants,1273.0
1961-01,Yukon,Immigrants,9.0
1961-01,Yukon,Emigrants,4.0
1961-01,Northwest Territories including Nunavut,Immigrants,17.0
1961-01,Northwest Territories including Nunavut,Emigrants,4.0
1961-04,Canada,Immigrants,24943.0
1961-04,Canada,Emigrants,17075.0
1961-04,Newfoundland and Labrador,Immigrants,83.0
1961-04,Newfoundland and Labrador,Emigrants,282.0
1961-04,Prince Edward Island,Immigrants,13.0
1961-04,Prince Edward Island,Emigrants,99.0
1961-04,Nova Scotia,Immigrants,279.0
1961-04,Nova Scotia,Emigrants,583.0
1961-04,New Brunswick,Immigrants,193.0
1961-04,New Brunswick,Emigrants,520.0
1961-04,Quebec,Immigrants,5714.0
1961-04,Quebec,Emigrants,4359.0
1961-04,Ontario,Immigrants,13083.0
1961-04,Ontario,Emigrants,7229.0
1961-04,Manitoba,Immigrants,1040.0
1961-04,Manitoba,Emigrants,941.0
1961-04,Saskatchewan,Immigrants,483.0
1961-04,Saskatchewan,Emigrants,681.0
1961-04,Alberta,Immigrants,1632.0
1961-04,Alberta,Emigrants,833.0
1961-04,British Columbia,Immigrants,2375.0
1961-04,British Columbia,Emigrants,1531.0
1961-04,Yukon,Immigrants,16.0
1961-04,Yukon,Emigrants,7.0
1961-04,Northwest Territories including Nunavut,Immigrants,32.0
1961-04,Northwest Territories including Nunavut,Emigrants,10.0
1961-07,Canada,Immigrants,19386.0
1961-07,Canada,Emigrants,21561.0
1961-07,Newfoundland and Labrador,Immigrants,127.0
1961-07,Newfoundland and Labrador,Emigrants,542.0
1961-07,Prince Edward Island,Immigrants,25.0
1961-07,Prince Edward Island,Emigrants,125.0
1961-07,Nova Scotia,Immigrants,239.0
1961-07,Nova Scotia,Emigrants,871.0
1961-07,New Brunswick,Immigrants,265.0
1961-07,New Brunswick,Emigrants,707.0
1961-07,Quebec,Immigrants,4792.0
1961-07,Quebec,Emigrants,6217.0
1961-07,Ontario,Immigrants,9217.0
1961-07,Ontario,Emigrants,7371.0
1961-07,Manitoba,Immigrants,635.0
1961-07,Manitoba,Emigrants,1090.0
1961-07,Saskatchewan,Immigrants,397.0
1961-07,Saskatchewan,Emigrants,1094.0
1961-07,Alberta,Immigrants,1453.0
1961-07,Alberta,Emigrants,1574.0
1961-07,British Columbia,Immigrants,2192.0
1961-07,British Columbia,Emigrants,1926.0
1961-07,Yukon,Immigrants,18.0
1961-07,Yukon,Emigrants,17.0
1961-07,Northwest Territories including Nunavut,Immigrants,26.0
1961-07,Northwest Territories including Nunavut,Emigrants,27.0
1961-10,Canada,Immigrants,15521.0
1961-10,Canada,Emigrants,19685.0
1961-10,Newfoundland and Labrador,Immigrants,92.0
1961-10,Newfoundland and Labrador,Emigrants,495.0
1961-10,Prince Edward Island,Immigrants,8.0
1961-10,Prince Edward Island,Emigrants,113.0
1961-10,Nova Scotia,Immigrants,244.0
1961-10,Nova Scotia,Emigrants,795.0
1961-10,New Brunswick,Immigrants,212.0
1961-10,New Brunswick,Emigrants,646.0
1961-10,Quebec,Immigrants,3851.0
1961-10,Quebec,Emigrants,5677.0
1961-10,Ontario,Immigrants,7714.0
1961-10,Ontario,Emigrants,6730.0
1961-10,Manitoba,Immigrants,547.0
1961-10,Manitoba,Emigrants,995.0
1961-10,Saskatchewan,Immigrants,286.0
1961-10,Saskatchewan,Emigrants,998.0
1961-10,Alberta,Immigrants,1018.0
1961-10,Alberta,Emigrants,1438.0
1961-10,British Columbia,Immigrants,1530.0
1961-10,British Columbia,Emigrants,1758.0
1961-10,Yukon,Immigrants,7.0
1961-10,Yukon,Emigrants,15.0
1961-10,Northwest Territories including Nunavut,Immigrants,12.0
1961-10,Northwest Territories including Nunavut,Emigrants,25.0
1962-01,Canada,Immigrants,11762.0
1962-01,Canada,Emigrants,15506.0
1962-01,Newfoundland and Labrador,Immigrants,80.0
1962-01,Newfoundland and Labrador,Emigrants,390.0
1962-01,Prince Edward Island,Immigrants,10.0
1962-01,Prince Edward Island,Emigrants,89.0
1962-01,Nova Scotia,Immigrants,175.0
1962-01,Nova Scotia,Emigrants,626.0
1962-01,New Brunswick,Immigrants,184.0
1962-01,New Brunswick,Emigrants,509.0
1962-01,Quebec,Immigrants,2875.0
1962-01,Quebec,Emigrants,4471.0
1962-01,Ontario,Immigrants,5829.0
1962-01,Ontario,Emigrants,5302.0
1962-01,Manitoba,Immigrants,324.0
1962-01,Manitoba,Emigrants,784.0
1962-01,Saskatchewan,Immigrants,183.0
1962-01,Saskatchewan,Emigrants,786.0
1962-01,Alberta,Immigrants,753.0
1962-01,Alberta,Emigrants,1132.0
1962-01,British Columbia,Immigrants,1329.0
1962-01,British Columbia,Emigrants,1385.0
1962-01,Yukon,Immigrants,8.0
1962-01,Yukon,Emigrants,12.0
1962-01,Northwest Territories including Nunavut,Immigrants,12.0
1962-01,Northwest Territories including Nunavut,Emigrants,20.0
1962-04,Canada,Immigrants,22299.0
1962-04,Canada,Emigrants,16983.0
1962-04,Newfoundland and Labrador,Immigrants,52.0
1962-04,Newfoundland and Labrador,Emigrants,427.0
1962-04,Prince Edward Island,Immigrants,23.0
1962-04,Prince Edward Island,Emigrants,97.0
1962-04,Nova Scotia,Immigrants,205.0
1962-04,Nova Scotia,Emigrants,685.0
1962-04,New Brunswick,Immigrants,240.0
1962-04,New Brunswick,Emigrants,555.0
1962-04,Quebec,Immigrants,5613.0
1962-04,Quebec,Emigrants,4901.0
1962-04,Ontario,Immigrants,11404.0
1962-04,Ontario,Emigrants,5805.0
1962-04,Manitoba,Immigrants,754.0
1962-04,Manitoba,Emigrants,858.0
1962-04,Saskatchewan,Immigrants,335.0
1962-04,Saskatchewan,Emigrants,858.0
1962-04,Alberta,Immigrants,1522.0
1962-04,Alberta,Emigrants,1244.0
1962-04,British Columbia,Immigrants,2117.0
1962-04,British Columbia,Emigrants,1518.0
1962-04,Yukon,Immigrants,13.0
1962-04,Yukon,Emigrants,14.0
1962-04,Northwest Territories including Nunavut,Immigrants,21.0
1962-04,Northwest Territories including Nunavut,Emigrants,21.0
1962-07,Canada,Immigrants,22507.0
1962-07,Canada,Emigrants,22683.0
1962-07,Newfoundland and Labrador,Immigrants,130.0
1962-07,Newfoundland and Labrador,Emigrants,574.0
1962-07,Prince Edward Island,Immigrants,24.0
1962-07,Prince Edward Island,Emigrants,129.0
1962-07,Nova Scotia,Immigrants,328.0
1962-07,Nova Scotia,Emigrants,911.0
1962-07,New Brunswick,Immigrants,304.0
1962-07,New Brunswick,Emigrants,741.0
1962-07,Quebec,Immigrants,6009.0
1962-07,Quebec,Emigrants,6555.0
1962-07,Ontario,Immigrants,10746.0
1962-07,Ontario,Emigrants,7747.0
1962-07,Manitoba,Immigrants,851.0
1962-07,Manitoba,Emigrants,1142.0
1962-07,Saskatchewan,Immigrants,329.0
1962-07,Saskatchewan,Emigrants,1136.0
1962-07,Alberta,Immigrants,1383.0
1962-07,Alberta,Emigrants,1674.0
1962-07,British Columbia,Immigrants,2381.0
1962-07,British Columbia,Emigrants,2026.0
1962-07,Yukon,Immigrants,9.0
1962-07,Yukon,Emigrants,19.0
1962-07,Northwest Territories including Nunavut,Immigrants,13.0
1962-07,Northwest Territories including Nunavut,Emigrants,29.0
1962-10,Canada,Immigrants,18018.0
1962-10,Canada,Emigrants,21568.0
1962-10,Newfoundland and Labrador,Immigrants,116.0
1962-10,Newfoundland and Labrador,Emigrants,546.0
1962-10,Prince Edward Island,Immigrants,20.0
1962-10,Prince Edward Island,Emigrants,123.0
1962-10,Nova Scotia,Immigrants,281.0
1962-10,Nova Scotia,Emigrants,866.0
1962-10,New Brunswick,Immigrants,216.0
1962-10,New Brunswick,Emigrants,705.0
1962-10,Quebec,Immigrants,4635.0
1962-10,Quebec,Emigrants,6232.0
1962-10,Ontario,Immigrants,9231.0
1962-10,Ontario,Emigrants,7366.0
1962-10,Manitoba,Immigrants,481.0
1962-10,Manitoba,Emigrants,1086.0
1962-10,Saskatchewan,Immigrants,316.0
1962-10,Saskatchewan,Emigrants,1080.0
1962-10,Alberta,Immigrants,1087.0
1962-10,Alberta,Emigrants,1591.0
1962-10,British Columbia,Immigrants,1614.0
1962-10,British Columbia,Emigrants,1927.0
1962-10,Yukon,Immigrants,8.0
1962-10,Yukon,Emigrants,18.0
1962-10,Northwest Territories including Nunavut,Immigrants,13.0
1962-10,Northwest Territories including Nunavut,Emigrants,28.0
1963-01,Canada,Immigrants,13410.0
1963-01,Canada,Emigrants,17259.0
1963-01,Newfoundland and Labrador,Immigrants,49.0
1963-01,Newfoundland and Labrador,Emigrants,437.0
1963-01,Prince Edward Island,Immigrants,12.0
1963-01,Prince Edward Island,Emigrants,98.0
1963-01,Nova Scotia,Immigrants,148.0
1963-01,Nova Scotia,Emigrants,693.0
1963-01,New Brunswick,Immigrants,148.0
1963-01,New Brunswick,Emigrants,564.0
1963-01,Quebec,Immigrants,3414.0
1963-01,Quebec,Emigrants,4988.0
1963-01,Ontario,Immigrants,6721.0
1963-01,Ontario,Emigrants,5895.0
1963-01,Manitoba,Immigrants,424.0
1963-01,Manitoba,Emigrants,869.0
1963-01,Saskatchewan,Immigrants,234.0
1963-01,Saskatchewan,Emigrants,864.0
1963-01,Alberta,Immigrants,719.0
1963-01,Alberta,Emigrants,1273.0
1963-01,British Columbia,Immigrants,1527.0
1963-01,British Columbia,Emigrants,1542.0
1963-01,Yukon,Immigrants,6.0
1963-01,Yukon,Emigrants,13.0
1963-01,Northwest Territories including Nunavut,Immigrants,8.0
1963-01,Northwest Territories including Nunavut,Emigrants,23.0
1963-04,Canada,Immigrants,28034.0
1963-04,Canada,Emigrants,18687.0
1963-04,Newfoundland and Labrador,Immigrants,85.0
1963-04,Newfoundland and Labrador,Emigrants,474.0
1963-04,Prince Edward Island,Immigrants,26.0
1963-04,Prince Edward Island,Emigrants,107.0
1963-04,Nova Scotia,Immigrants,287.0
1963-04,Nova Scotia,Emigrants,750.0
1963-04,New Brunswick,Immigrants,183.0
1963-04,New Brunswick,Emigrants,610.0
1963-04,Quebec,Immigrants,6740.0
1963-04,Quebec,Emigrants,5402.0
1963-04,Ontario,Immigrants,15271.0
1963-04,Ontario,Emigrants,6380.0
1963-04,Manitoba,Immigrants,845.0
1963-04,Manitoba,Emigrants,940.0
1963-04,Saskatchewan,Immigrants,406.0
1963-04,Saskatchewan,Emigrants,931.0
1963-04,Alberta,Immigrants,1561.0
1963-04,Alberta,Emigrants,1382.0
1963-04,British Columbia,Immigrants,2619.0
1963-04,British Columbia,Emigrants,1672.0
1963-04,Yukon,Immigrants,5.0
1963-04,Yukon,Emigrants,16.0
1963-04,Northwest Territories including Nunavut,Immigrants,6.0
1963-04,Northwest Territories including Nunavut,Emigrants,23.0
1963-07,Canada,Immigrants,27900.0
1963-07,Canada,Emigrants,24446.0
1963-07,Newfoundland and Labrador,Immigrants,121.0
1963-07,Newfoundland and Labrador,Emigrants,623.0
1963-07,Prince Edward Island,Immigrants,25.0
1963-07,Prince Edward Island,Emigrants,139.0
1963-07,Nova Scotia,Immigrants,473.0
1963-07,Nova Scotia,Emigrants,978.0
1963-07,New Brunswick,Immigrants,285.0
1963-07,New Brunswick,Emigrants,794.0
1963-07,Quebec,Immigrants,7030.0
1963-07,Quebec,Emigrants,7074.0
1963-07,Ontario,Immigrants,14382.0
1963-07,Ontario,Emigrants,8342.0
1963-07,Manitoba,Immigrants,880.0
1963-07,Manitoba,Emigrants,1228.0
1963-07,Saskatchewan,Immigrants,461.0
1963-07,Saskatchewan,Emigrants,1207.0
1963-07,Alberta,Immigrants,1403.0
1963-07,Alberta,Emigrants,1818.0
1963-07,British Columbia,Immigrants,2812.0
1963-07,British Columbia,Emigrants,2193.0
1963-07,Yukon,Immigrants,11.0
1963-07,Yukon,Emigrants,19.0
1963-07,Northwest Territories including Nunavut,Immigrants,17.0
1963-07,Northwest Territories including Nunavut,Emigrants,31.0
1963-10,Canada,Immigrants,23807.0
1963-10,Canada,Emigrants,23171.0
1963-10,Newfoundland and Labrador,Immigrants,94.0
1963-10,Newfoundland and Labrador,Emigrants,590.0
1963-10,Prince Edward Island,Immigrants,15.0
1963-10,Prince Edward Island,Emigrants,131.0
1963-10,Nova Scotia,Immigrants,290.0
1963-10,Nova Scotia,Emigrants,927.0
1963-10,New Brunswick,Immigrants,153.0
1963-10,New Brunswick,Emigrants,753.0
1963-10,Quebec,Immigrants,6080.0
1963-10,Quebec,Emigrants,6705.0
1963-10,Ontario,Immigrants,12842.0
1963-10,Ontario,Emigrants,7907.0
1963-10,Manitoba,Immigrants,643.0
1963-10,Manitoba,Emigrants,1165.0
1963-10,Saskatchewan,Immigrants,337.0
1963-10,Saskatchewan,Emigrants,1144.0
1963-10,Alberta,Immigrants,1048.0
1963-10,Alberta,Emigrants,1723.0
1963-10,British Columbia,Immigrants,2296.0
1963-10,British Columbia,Emigrants,2079.0
1963-10,Yukon,Immigrants,4.0
1963-10,Yukon,Emigrants,18.0
1963-10,Northwest Territories including Nunavut,Immigrants,5.0
1963-10,Northwest Territories including Nunavut,Emigrants,29.0
1964-01,Canada,Immigrants,17546.0
1964-01,Canada,Emigrants,18755.0
1964-01,Newfoundland and Labrador,Immigrants,77.0
1964-01,Newfoundland and Labrador,Emigrants,477.0
1964-01,Prince Edward Island,Immigrants,4.0
1964-01,Prince Edward Island,Emigrants,107.0
1964-01,Nova Scotia,Immigrants,193.0
1964-01,Nova Scotia,Emigrants,751.0
1964-01,New Brunswick,Immigrants,131.0
1964-01,New Brunswick,Emigrants,609.0
1964-01,Quebec,Immigrants,3965.0
1964-01,Quebec,Emigrants,5427.0
1964-01,Ontario,Immigrants,9646.0
1964-01,Ontario,Emigrants,6399.0
1964-01,Manitoba,Immigrants,484.0
1964-01,Manitoba,Emigrants,943.0
1964-01,Saskatchewan,Immigrants,318.0
1964-01,Saskatchewan,Emigrants,926.0
1964-01,Alberta,Immigrants,772.0
1964-01,Alberta,Emigrants,1395.0
1964-01,British Columbia,Immigrants,1935.0
1964-01,British Columbia,Emigrants,1683.0
1964-01,Yukon,Immigrants,8.0
1964-01,Yukon,Emigrants,14.0
1964-01,Northwest Territories including Nunavut,Immigrants,13.0
1964-01,Northwest Territories including Nunavut,Emigrants,24.0
1964-04,Canada,Immigrants,33777.0
1964-04,Canada,Emigrants,20659.0
1964-04,Newfoundland and Labrador,Immigrants,88.0
1964-04,Newfoundland and Labrador,Emigrants,526.0
1964-04,Prince Edward Island,Immigrants,27.0
1964-04,Prince Edward Island,Emigrants,116.0
1964-04,Nova Scotia,Immigrants,238.0
1964-04,Nova Scotia,Emigrants,823.0
1964-04,New Brunswick,Immigrants,195.0
1964-04,New Brunswick,Emigrants,668.0
1964-04,Quebec,Immigrants,7451.0
1964-04,Quebec,Emigrants,5976.0
1964-04,Ontario,Immigrants,19003.0
1964-04,Ontario,Emigrants,7060.0
1964-04,Manitoba,Immigrants,990.0
1964-04,Manitoba,Emigrants,1034.0
1964-04,Saskatchewan,Immigrants,477.0
1964-04,Saskatchewan,Emigrants,1017.0
1964-04,Alberta,Immigrants,1734.0
1964-04,Alberta,Emigrants,1537.0
1964-04,British Columbia,Immigrants,3542.0
1964-04,British Columbia,Emigrants,1859.0
1964-04,Yukon,Immigrants,14.0
1964-04,Yukon,Emigrants,17.0
1964-04,Northwest Territories including Nunavut,Immigrants,18.0
1964-04,Northwest Territories including Nunavut,Emigrants,26.0
1964-07,Canada,Immigrants,33343.0
1964-07,Canada,Emigrants,28201.0
1964-07,Newfoundland and Labrador,Immigrants,144.0
1964-07,Newfoundland and Labrador,Emigrants,720.0
1964-07,Prince Edward Island,Immigrants,30.0
1964-07,Prince Edward Island,Emigrants,157.0
1964-07,Nova Scotia,Immigrants,393.0
1964-07,Nova Scotia,Emigrants,1115.0
1964-07,New Brunswick,Immigrants,217.0
1964-07,New Brunswick,Emigrants,904.0
1964-07,Quebec,Immigrants,8341.0
1964-07,Quebec,Emigrants,8154.0
1964-07,Ontario,Immigrants,17186.0
1964-07,Ontario,Emigrants,9656.0
1964-07,Manitoba,Immigrants,896.0
1964-07,Manitoba,Emigrants,1405.0
1964-07,Saskatchewan,Immigrants,540.0
1964-07,Saskatchewan,Emigrants,1381.0
1964-07,Alberta,Immigrants,1753.0
1964-07,Alberta,Emigrants,2100.0
1964-07,British Columbia,Immigrants,3814.0
1964-07,British Columbia,Emigrants,2549.0
1964-07,Yukon,Immigrants,12.0
1964-07,Yukon,Emigrants,23.0
1964-07,Northwest Territories including Nunavut,Immigrants,17.0
1964-07,Northwest Territories including Nunavut,Emigrants,37.0
1964-10,Canada,Immigrants,27940.0
1964-10,Canada,Emigrants,24815.0
1964-10,Newfoundland and Labrador,Immigrants,136.0
1964-10,Newfoundland and Labrador,Emigrants,634.0
1964-10,Prince Edward Island,Immigrants,18.0
1964-10,Prince Edward Island,Emigrants,138.0
1964-10,Nova Scotia,Immigrants,365.0
1964-10,Nova Scotia,Emigrants,981.0
1964-10,New Brunswick,Immigrants,153.0
1964-10,New Brunswick,Emigrants,796.0
1964-10,Quebec,Immigrants,6216.0
1964-10,Quebec,Emigrants,7175.0
1964-10,Ontario,Immigrants,15633.0
1964-10,Ontario,Emigrants,8497.0
1964-10,Manitoba,Immigrants,636.0
1964-10,Manitoba,Emigrants,1236.0
1964-10,Saskatchewan,Immigrants,460.0
1964-10,Saskatchewan,Emigrants,1217.0
1964-10,Alberta,Immigrants,1262.0
1964-10,Alberta,Emigrants,1847.0
1964-10,British Columbia,Immigrants,3033.0
1964-10,British Columbia,Emigrants,2242.0
1964-10,Yukon,Immigrants,12.0
1964-10,Yukon,Emigrants,20.0
1964-10,Northwest Territories including Nunavut,Immigrants,16.0
1964-10,Northwest Territories including Nunavut,Emigrants,32.0
1965-01,Canada,Immigrants,22279.0
1965-01,Canada,Emigrants,21039.0
1965-01,Newfoundland and Labrador,Immigrants,89.0
1965-01,Newfoundland and Labrador,Emigrants,537.0
1965-01,Prince Edward Island,Immigrants,15.0
1965-01,Prince Edward Island,Emigrants,117.0
1965-01,Nova Scotia,Immigrants,242.0
1965-01,Nova Scotia,Emigrants,831.0
1965-01,New Brunswick,Immigrants,132.0
1965-01,New Brunswick,Emigrants,675.0
1965-01,Quebec,Immigrants,4646.0
1965-01,Quebec,Emigrants,6083.0
1965-01,Ontario,Immigrants,12237.0
1965-01,Ontario,Emigrants,7204.0
1965-01,Manitoba,Immigrants,588.0
1965-01,Manitoba,Emigrants,1048.0
1965-01,Saskatchewan,Immigrants,360.0
1965-01,Saskatchewan,Emigrants,1032.0
1965-01,Alberta,Immigrants,1110.0
1965-01,Alberta,Emigrants,1567.0
1965-01,British Columbia,Immigrants,2834.0
1965-01,British Columbia,Emigrants,1900.0
1965-01,Yukon,Immigrants,11.0
1965-01,Yukon,Emigrants,18.0
1965-01,Northwest Territories including Nunavut,Immigrants,15.0
1965-01,Northwest Territories including Nunavut,Emigrants,27.0
1965-04,Canada,Immigrants,40619.0
1965-04,Canada,Emigrants,23297.0
1965-04,Newfoundland and Labrador,Immigrants,108.0
1965-04,Newfoundland and Labrador,Emigrants,595.0
1965-04,Prince Edward Island,Immigrants,17.0
1965-04,Prince Edward Island,Emigrants,130.0
1965-04,Nova Scotia,Immigrants,378.0
1965-04,Nova Scotia,Emigrants,914.0
1965-04,New Brunswick,Immigrants,249.0
1965-04,New Brunswick,Emigrants,745.0
1965-04,Quebec,Immigrants,7846.0
1965-04,Quebec,Emigrants,6736.0
1965-04,Ontario,Immigrants,22953.0
1965-04,Ontario,Emigrants,7991.0
1965-04,Manitoba,Immigrants,1110.0
1965-04,Manitoba,Emigrants,1154.0
1965-04,Saskatchewan,Immigrants,704.0
1965-04,Saskatchewan,Emigrants,1138.0
1965-04,Alberta,Immigrants,2371.0
1965-04,Alberta,Emigrants,1731.0
1965-04,British Columbia,Immigrants,4844.0
1965-04,British Columbia,Emigrants,2114.0
1965-04,Yukon,Immigrants,16.0
1965-04,Yukon,Emigrants,19.0
1965-04,Northwest Territories including Nunavut,Immigrants,23.0
1965-04,Northwest Territories including Nunavut,Emigrants,30.0
1965-07,Canada,Immigrants,45511.0
1965-07,Canada,Emigrants,32175.0
1965-07,Newfoundland and Labrador,Immigrants,240.0
1965-07,Newfoundland and Labrador,Emigrants,818.0
1965-07,Prince Edward Island,Immigrants,50.0
1965-07,Prince Edward Island,Emigrants,178.0
1965-07,Nova Scotia,Immigrants,557.0
1965-07,Nova Scotia,Emigrants,1252.0
1965-07,New Brunswick,Immigrants,386.0
1965-07,New Brunswick,Emigrants,1024.0
1965-07,Quebec,Immigrants,9788.0
1965-07,Quebec,Emigrants,9300.0
1965-07,Ontario,Immigrants,23287.0
1965-07,Ontario,Emigrants,11066.0
1965-07,Manitoba,Immigrants,1327.0
1965-07,Manitoba,Emigrants,1581.0
1965-07,Saskatchewan,Immigrants,1037.0
1965-07,Saskatchewan,Emigrants,1563.0
1965-07,Alberta,Immigrants,2736.0
1965-07,Alberta,Emigrants,2385.0
1965-07,British Columbia,Immigrants,6048.0
1965-07,British Columbia,Emigrants,2942.0
1965-07,Yukon,Immigrants,22.0
1965-07,Yukon,Emigrants,25.0
1965-07,Northwest Territories including Nunavut,Immigrants,33.0
1965-07,Northwest Territories including Nunavut,Emigrants,41.0
1965-10,Canada,Immigrants,38349.0
1965-10,Canada,Emigrants,28796.0
1965-10,Newfoundland and Labrador,Immigrants,167.0
1965-10,Newfoundland and Labrador,Emigrants,733.0
1965-10,Prince Edward Island,Immigrants,55.0
1965-10,Prince Edward Island,Emigrants,158.0
1965-10,Nova Scotia,Immigrants,435.0
1965-10,Nova Scotia,Emigrants,1120.0
1965-10,New Brunswick,Immigrants,307.0
1965-10,New Brunswick,Emigrants,917.0
1965-10,Quebec,Immigrants,8066.0
1965-10,Quebec,Emigrants,8323.0
1965-10,Ontario,Immigrants,21225.0
1965-10,Ontario,Emigrants,9904.0
1965-10,Manitoba,Immigrants,923.0
1965-10,Manitoba,Emigrants,1416.0
1965-10,Saskatchewan,Immigrants,548.0
1965-10,Saskatchewan,Emigrants,1399.0
1965-10,Alberta,Immigrants,1832.0
1965-10,Alberta,Emigrants,2135.0
1965-10,British Columbia,Immigrants,4776.0
1965-10,British Columbia,Emigrants,2632.0
1965-10,Yukon,Immigrants,6.0
1965-10,Yukon,Emigrants,23.0
1965-10,Northwest Territories including Nunavut,Immigrants,9.0
1965-10,Northwest Territories including Nunavut,Emigrants,36.0
1966-01,Canada,Immigrants,30713.0
1966-01,Canada,Emigrants,15677.0
1966-01,Newfoundland and Labrador,Immigrants,132.0
1966-01,Newfoundland and Labrador,Emigrants,399.0
1966-01,Prince Edward Island,Immigrants,23.0
1966-01,Prince Edward Island,Emigrants,87.0
1966-01,Nova Scotia,Immigrants,309.0
1966-01,Nova Scotia,Emigrants,608.0
1966-01,New Brunswick,Immigrants,205.0
1966-01,New Brunswick,Emigrants,499.0
1966-01,Quebec,Immigrants,6071.0
1966-01,Quebec,Emigrants,4531.0
1966-01,Ontario,Immigrants,17007.0
1966-01,Ontario,Emigrants,5392.0
1966-01,Manitoba,Immigrants,742.0
1966-01,Manitoba,Emigrants,771.0
1966-01,Saskatchewan,Immigrants,519.0
1966-01,Saskatchewan,Emigrants,762.0
1966-01,Alberta,Immigrants,1428.0
1966-01,Alberta,Emigrants,1162.0
1966-01,British Columbia,Immigrants,4243.0
1966-01,British Columbia,Emigrants,1433.0
1966-01,Yukon,Immigrants,14.0
1966-01,Yukon,Emigrants,13.0
1966-01,Northwest Territories including Nunavut,Immigrants,20.0
1966-01,Northwest Territories including Nunavut,Emigrants,20.0
1966-04,Canada,Immigrants,55288.0
1966-04,Canada,Emigrants,17631.0
1966-04,Newfoundland and Labrador,Immigrants,144.0
1966-04,Newfoundland and Labrador,Emigrants,448.0
1966-04,Prince Edward Island,Immigrants,40.0
1966-04,Prince Edward Island,Emigrants,100.0
1966-04,Nova Scotia,Immigrants,533.0
1966-04,Nova Scotia,Emigrants,659.0
1966-04,New Brunswick,Immigrants,355.0
1966-04,New Brunswick,Emigrants,551.0
1966-04,Quebec,Immigrants,11053.0
1966-04,Quebec,Emigrants,5094.0
1966-04,Ontario,Immigrants,30859.0
1966-04,Ontario,Emigrants,6116.0
1966-04,Manitoba,Immigrants,1549.0
1966-04,Manitoba,Emigrants,853.0
1966-04,Saskatchewan,Immigrants,885.0
1966-04,Saskatchewan,Emigrants,843.0
1966-04,Alberta,Immigrants,2828.0
1966-04,Alberta,Emigrants,1302.0
1966-04,British Columbia,Immigrants,6983.0
1966-04,British Columbia,Emigrants,1630.0
1966-04,Yukon,Immigrants,20.0
1966-04,Yukon,Emigrants,13.0
1966-04,Northwest Territories including Nunavut,Immigrants,39.0
1966-04,Northwest Territories including Nunavut,Emigrants,22.0
1966-07,Canada,Immigrants,58533.0
1966-07,Canada,Emigrants,30120.0
1966-07,Newfoundland and Labrador,Immigrants,331.0
1966-07,Newfoundland and Labrador,Emigrants,1088.0
1966-07,Prince Edward Island,Immigrants,37.0
1966-07,Prince Edward Island,Emigrants,150.0
1966-07,Nova Scotia,Immigrants,718.0
1966-07,Nova Scotia,Emigrants,1503.0
1966-07,New Brunswick,Immigrants,453.0
1966-07,New Brunswick,Emigrants,1506.0
1966-07,Quebec,Immigrants,11782.0
1966-07,Quebec,Emigrants,9502.0
1966-07,Ontario,Immigrants,31298.0
1966-07,Ontario,Emigrants,10015.0
1966-07,Manitoba,Immigrants,1515.0
1966-07,Manitoba,Emigrants,1205.0
1966-07,Saskatchewan,Immigrants,1371.0
1966-07,Saskatchewan,Emigrants,1265.0
1966-07,Alberta,Immigrants,3353.0
1966-07,Alberta,Emigrants,1748.0
1966-07,British Columbia,Immigrants,7592.0
1966-07,British Columbia,Emigrants,2057.0
1966-07,Yukon,Immigrants,26.0
1966-07,Yukon,Emigrants,21.0
1966-07,Northwest Territories including Nunavut,Immigrants,57.0
1966-07,Northwest Territories including Nunavut,Emigrants,60.0
1966-10,Canada,Immigrants,50209.0
1966-10,Canada,Emigrants,28061.0
1966-10,Newfoundland and Labrador,Immigrants,198.0
1966-10,Newfoundland and Labrador,Emigrants,998.0
1966-10,Prince Edward Island,Immigrants,41.0
1966-10,Prince Edward Island,Emigrants,141.0
1966-10,Nova Scotia,Immigrants,524.0
1966-10,Nova Scotia,Emigrants,1381.0
1966-10,New Brunswick,Immigrants,270.0
1966-10,New Brunswick,Emigrants,1403.0
1966-10,Quebec,Immigrants,10292.0
1966-10,Quebec,Emigrants,8852.0
1966-10,Ontario,Immigrants,28457.0
1966-10,Ontario,Emigrants,9365.0
1966-10,Manitoba,Immigrants,1326.0
1966-10,Manitoba,Emigrants,1122.0
1966-10,Saskatchewan,Immigrants,665.0
1966-10,Saskatchewan,Emigrants,1179.0
1966-10,Alberta,Immigrants,2469.0
1966-10,Alberta,Emigrants,1627.0
1966-10,British Columbia,Immigrants,5928.0
1966-10,British Columbia,Emigrants,1917.0
1966-10,Yukon,Immigrants,13.0
1966-10,Yukon,Emigrants,20.0
1966-10,Northwest Territories including Nunavut,Immigrants,26.0
1966-10,Northwest Territories including Nunavut,Emigrants,56.0
1967-01,Canada,Immigrants,43989.0
1967-01,Canada,Emigrants,22833.0
1967-01,Newfoundland and Labrador,Immigrants,206.0
1967-01,Newfoundland and Labrador,Emigrants,815.0
1967-01,Prince Edward Island,Immigrants,24.0
1967-01,Prince Edward Island,Emigrants,113.0
1967-01,Nova Scotia,Immigrants,397.0
1967-01,Nova Scotia,Emigrants,1102.0
1967-01,New Brunswick,Immigrants,244.0
1967-01,New Brunswick,Emigrants,1142.0
1967-01,Quebec,Immigrants,9532.0
1967-01,Quebec,Emigrants,7207.0
1967-01,Ontario,Immigrants,23631.0
1967-01,Ontario,Emigrants,7625.0
1967-01,Manitoba,Immigrants,1504.0
1967-01,Manitoba,Emigrants,912.0
1967-01,Saskatchewan,Immigrants,618.0
1967-01,Saskatchewan,Emigrants,958.0
1967-01,Alberta,Immigrants,2566.0
1967-01,Alberta,Emigrants,1335.0
1967-01,British Columbia,Immigrants,5247.0
1967-01,British Columbia,Emigrants,1557.0
1967-01,Yukon,Immigrants,7.0
1967-01,Yukon,Emigrants,20.0
1967-01,Northwest Territories including Nunavut,Immigrants,13.0
1967-01,Northwest Territories including Nunavut,Emigrants,47.0
1967-04,Canada,Immigrants,64969.0
1967-04,Canada,Emigrants,24281.0
1967-04,Newfoundland and Labrador,Immigrants,231.0
1967-04,Newfoundland and Labrador,Emigrants,866.0
1967-04,Prince Edward Island,Immigrants,34.0
1967-04,Prince Edward Island,Emigrants,121.0
1967-04,Nova Scotia,Immigrants,640.0
1967-04,Nova Scotia,Emigrants,1141.0
1967-04,New Brunswick,Immigrants,330.0
1967-04,New Brunswick,Emigrants,1214.0
1967-04,Quebec,Immigrants,13757.0
1967-04,Quebec,Emigrants,7661.0
1967-04,Ontario,Immigrants,34588.0
1967-04,Ontario,Emigrants,8143.0
1967-04,Manitoba,Immigrants,2536.0
1967-04,Manitoba,Emigrants,970.0
1967-04,Saskatchewan,Immigrants,960.0
1967-04,Saskatchewan,Emigrants,1020.0
1967-04,Alberta,Immigrants,4122.0
1967-04,Alberta,Emigrants,1418.0
1967-04,British Columbia,Immigrants,7727.0
1967-04,British Columbia,Emigrants,1653.0
1967-04,Yukon,Immigrants,15.0
1967-04,Yukon,Emigrants,25.0
1967-04,Northwest Territories including Nunavut,Immigrants,29.0
1967-04,Northwest Territories including Nunavut,Emigrants,49.0
1967-07,Canada,Immigrants,65635.0
1967-07,Canada,Emigrants,32408.0
1967-07,Newfoundland and Labrador,Immigrants,300.0
1967-07,Newfoundland and Labrador,Emigrants,1165.0
1967-07,Prince Edward Island,Immigrants,43.0
1967-07,Prince Edward Island,Emigrants,162.0
1967-07,Nova Scotia,Immigrants,831.0
1967-07,Nova Scotia,Emigrants,1546.0
1967-07,New Brunswick,Immigrants,459.0
1967-07,New Brunswick,Emigrants,1621.0
1967-07,Quebec,Immigrants,12336.0
1967-07,Quebec,Emigrants,10225.0
1967-07,Ontario,Immigrants,33413.0
1967-07,Ontario,Emigrants,10853.0
1967-07,Manitoba,Immigrants,2890.0
1967-07,Manitoba,Emigrants,1296.0
1967-07,Saskatchewan,Immigrants,1471.0
1967-07,Saskatchewan,Emigrants,1362.0
1967-07,Alberta,Immigrants,5172.0
1967-07,Alberta,Emigrants,1879.0
1967-07,British Columbia,Immigrants,8669.0
1967-07,British Columbia,Emigrants,2214.0
1967-07,Yukon,Immigrants,17.0
1967-07,Yukon,Emigrants,21.0
1967-07,Northwest Territories including Nunavut,Immigrants,34.0
1967-07,Northwest Territories including Nunavut,Emigrants,64.0
1967-10,Canada,Immigrants,48283.0
1967-10,Canada,Emigrants,28940.0
1967-10,Newfoundland and Labrador,Immigrants,247.0
1967-10,Newfoundland and Labrador,Emigrants,1028.0
1967-10,Prince Edward Island,Immigrants,46.0
1967-10,Prince Edward Island,Emigrants,145.0
1967-10,Nova Scotia,Immigrants,538.0
1967-10,Nova Scotia,Emigrants,1385.0
1967-10,New Brunswick,Immigrants,289.0
1967-10,New Brunswick,Emigrants,1446.0
1967-10,Quebec,Immigrants,10092.0
1967-10,Quebec,Emigrants,9130.0
1967-10,Ontario,Immigrants,25218.0
1967-10,Ontario,Emigrants,9698.0
1967-10,Manitoba,Immigrants,2383.0
1967-10,Manitoba,Emigrants,1158.0
1967-10,Saskatchewan,Immigrants,705.0
1967-10,Saskatchewan,Emigrants,1215.0
1967-10,Alberta,Immigrants,3144.0
1967-10,Alberta,Emigrants,1679.0
1967-10,British Columbia,Immigrants,5572.0
1967-10,British Columbia,Emigrants,1978.0
1967-10,Yukon,Immigrants,16.0
1967-10,Yukon,Emigrants,20.0
1967-10,Northwest Territories including Nunavut,Immigrants,33.0
1967-10,Northwest Territories including Nunavut,Emigrants,58.0
1968-01,Canada,Immigrants,35601.0
1968-01,Canada,Emigrants,24798.0
1968-01,Newfoundland and Labrador,Immigrants,220.0
1968-01,Newfoundland and Labrador,Emigrants,888.0
1968-01,Prince Edward Island,Immigrants,36.0
1968-01,Prince Edward Island,Emigrants,128.0
1968-01,Nova Scotia,Immigrants,311.0
1968-01,Nova Scotia,Emigrants,1071.0
1968-01,New Brunswick,Immigrants,132.0
1968-01,New Brunswick,Emigrants,1120.0
1968-01,Quebec,Immigrants,6961.0
1968-01,Quebec,Emigrants,7666.0
1968-01,Ontario,Immigrants,18980.0
1968-01,Ontario,Emigrants,8809.0
1968-01,Manitoba,Immigrants,1738.0
1968-01,Manitoba,Emigrants,894.0
1968-01,Saskatchewan,Immigrants,528.0
1968-01,Saskatchewan,Emigrants,943.0
1968-01,Alberta,Immigrants,2325.0
1968-01,Alberta,Emigrants,1450.0
1968-01,British Columbia,Immigrants,4346.0
1968-01,British Columbia,Emigrants,1759.0
1968-01,Yukon,Immigrants,8.0
1968-01,Yukon,Emigrants,18.0
1968-01,Northwest Territories including Nunavut,Immigrants,16.0
1968-01,Northwest Territories including Nunavut,Emigrants,52.0
1968-04,Canada,Immigrants,49738.0
1968-04,Canada,Emigrants,26187.0
1968-04,Newfoundland and Labrador,Immigrants,180.0
1968-04,Newfoundland and Labrador,Emigrants,913.0
1968-04,Prince Edward Island,Immigrants,36.0
1968-04,Prince Edward Island,Emigrants,135.0
1968-04,Nova Scotia,Immigrants,410.0
1968-04,Nova Scotia,Emigrants,1084.0
1968-04,New Brunswick,Immigrants,206.0
1968-04,New Brunswick,Emigrants,1224.0
1968-04,Quebec,Immigrants,9832.0
1968-04,Quebec,Emigrants,7594.0
1968-04,Ontario,Immigrants,26819.0
1968-04,Ontario,Emigrants,9616.0
1968-04,Manitoba,Immigrants,2373.0
1968-04,Manitoba,Emigrants,939.0
1968-04,Saskatchewan,Immigrants,766.0
1968-04,Saskatchewan,Emigrants,994.0
1968-04,Alberta,Immigrants,3294.0
1968-04,Alberta,Emigrants,1519.0
1968-04,British Columbia,Immigrants,5755.0
1968-04,British Columbia,Emigrants,2106.0
1968-04,Yukon,Immigrants,22.0
1968-04,Yukon,Emigrants,12.0
1968-04,Northwest Territories including Nunavut,Immigrants,45.0
1968-04,Northwest Territories including Nunavut,Emigrants,51.0
1968-07,Canada,Immigrants,51037.0
1968-07,Canada,Emigrants,26071.0
1968-07,Newfoundland and Labrador,Immigrants,330.0
1968-07,Newfoundland and Labrador,Emigrants,913.0
1968-07,Prince Edward Island,Immigrants,64.0
1968-07,Prince Edward Island,Emigrants,130.0
1968-07,Nova Scotia,Immigrants,698.0
1968-07,Nova Scotia,Emigrants,1188.0
1968-07,New Brunswick,Immigrants,391.0
1968-07,New Brunswick,Emigrants,1319.0
1968-07,Quebec,Immigrants,10011.0
1968-07,Quebec,Emigrants,6828.0
1968-07,Ontario,Immigrants,25467.0
1968-07,Ontario,Emigrants,10086.0
1968-07,Manitoba,Immigrants,2268.0
1968-07,Manitoba,Emigrants,938.0
1968-07,Saskatchewan,Immigrants,1300.0
1968-07,Saskatchewan,Emigrants,991.0
1968-07,Alberta,Immigrants,3862.0
1968-07,Alberta,Emigrants,1513.0
1968-07,British Columbia,Immigrants,6583.0
1968-07,British Columbia,Emigrants,2099.0
1968-07,Yukon,Immigrants,21.0
1968-07,Yukon,Emigrants,13.0
1968-07,Northwest Territories including Nunavut,Immigrants,42.0
1968-07,Northwest Territories including Nunavut,Emigrants,53.0
1968-10,Canada,Immigrants,47598.0
1968-10,Canada,Emigrants,22980.0
1968-10,Newfoundland and Labrador,Immigrants,276.0
1968-10,Newfoundland and Labrador,Emigrants,805.0
1968-10,Prince Edward Island,Immigrants,40.0
1968-10,Prince Edward Island,Emigrants,114.0
1968-10,Nova Scotia,Immigrants,538.0
1968-10,Nova Scotia,Emigrants,1065.0
1968-10,New Brunswick,Immigrants,296.0
1968-10,New Brunswick,Emigrants,1181.0
1968-10,Quebec,Immigrants,8677.0
1968-10,Quebec,Emigrants,5931.0
1968-10,Ontario,Immigrants,24889.0
1968-10,Ontario,Emigrants,8943.0
1968-10,Manitoba,Immigrants,2344.0
1968-10,Manitoba,Emigrants,826.0
1968-10,Saskatchewan,Immigrants,963.0
1968-10,Saskatchewan,Emigrants,874.0
1968-10,Alberta,Immigrants,3722.0
1968-10,Alberta,Emigrants,1334.0
1968-10,British Columbia,Immigrants,5812.0
1968-10,British Columbia,Emigrants,1850.0
1968-10,Yukon,Immigrants,14.0
1968-10,Yukon,Emigrants,12.0
1968-10,Northwest Territories including Nunavut,Immigrants,27.0
1968-10,Northwest Territories including Nunavut,Emigrants,45.0
1969-01,Canada,Immigrants,30788.0
1969-01,Canada,Emigrants,19892.0
1969-01,Newfoundland and Labrador,Immigrants,184.0
1969-01,Newfoundland and Labrador,Emigrants,218.0
1969-01,Prince Edward Island,Immigrants,28.0
1969-01,Prince Edward Island,Emigrants,119.0
1969-01,Nova Scotia,Immigrants,351.0
1969-01,Nova Scotia,Emigrants,358.0
1969-01,New Brunswick,Immigrants,235.0
1969-01,New Brunswick,Emigrants,875.0
1969-01,Quebec,Immigrants,5803.0
1969-01,Quebec,Emigrants,6047.0
1969-01,Ontario,Immigrants,16177.0
1969-01,Ontario,Emigrants,9289.0
1969-01,Manitoba,Immigrants,1350.0
1969-01,Manitoba,Emigrants,399.0
1969-01,Saskatchewan,Immigrants,501.0
1969-01,Saskatchewan,Emigrants,358.0
1969-01,Alberta,Immigrants,2116.0
1969-01,Alberta,Emigrants,677.0
1969-01,British Columbia,Immigrants,4022.0
1969-01,British Columbia,Emigrants,1502.0
1969-01,Yukon,Immigrants,7.0
1969-01,Yukon,Emigrants,18.0
1969-01,Northwest Territories including Nunavut,Immigrants,14.0
1969-01,Northwest Territories including Nunavut,Emigrants,32.0
1969-04,Canada,Immigrants,40333.0
1969-04,Canada,Emigrants,21295.0
1969-04,Newfoundland and Labrador,Immigrants,150.0
1969-04,Newfoundland and Labrador,Emigrants,300.0
1969-04,Prince Edward Island,Immigrants,39.0
1969-04,Prince Edward Island,Emigrants,127.0
1969-04,Nova Scotia,Immigrants,510.0
1969-04,Nova Scotia,Emigrants,407.0
1969-04,New Brunswick,Immigrants,281.0
1969-04,New Brunswick,Emigrants,972.0
1969-04,Quebec,Immigrants,7400.0
1969-04,Quebec,Emigrants,6113.0
1969-04,Ontario,Immigrants,22018.0
1969-04,Ontario,Emigrants,9916.0
1969-04,Manitoba,Immigrants,1410.0
1969-04,Manitoba,Emigrants,462.0
1969-04,Saskatchewan,Immigrants,503.0
1969-04,Saskatchewan,Emigrants,455.0
1969-04,Alberta,Immigrants,2619.0
1969-04,Alberta,Emigrants,723.0
1969-04,British Columbia,Immigrants,5355.0
1969-04,British Columbia,Emigrants,1769.0
1969-04,Yukon,Immigrants,16.0
1969-04,Yukon,Emigrants,19.0
1969-04,Northwest Territories including Nunavut,Immigrants,32.0
1969-04,Northwest Territories including Nunavut,Emigrants,32.0
1969-07,Canada,Immigrants,48571.0
1969-07,Canada,Emigrants,26342.0
1969-07,Newfoundland and Labrador,Immigrants,295.0
1969-07,Newfoundland and Labrador,Emigrants,378.0
1969-07,Prince Edward Island,Immigrants,72.0
1969-07,Prince Edward Island,Emigrants,157.0
1969-07,Nova Scotia,Immigrants,705.0
1969-07,Nova Scotia,Emigrants,517.0
1969-07,New Brunswick,Immigrants,404.0
1969-07,New Brunswick,Emigrants,1145.0
1969-07,Quebec,Immigrants,8320.0
1969-07,Quebec,Emigrants,7265.0
1969-07,Ontario,Immigrants,25318.0
1969-07,Ontario,Emigrants,12170.0
1969-07,Manitoba,Immigrants,2045.0
1969-07,Manitoba,Emigrants,670.0
1969-07,Saskatchewan,Immigrants,884.0
1969-07,Saskatchewan,Emigrants,659.0
1969-07,Alberta,Immigrants,3518.0
1969-07,Alberta,Emigrants,1183.0
1969-07,British Columbia,Immigrants,6953.0
1969-07,British Columbia,Emigrants,2157.0
1969-07,Yukon,Immigrants,19.0
1969-07,Yukon,Emigrants,16.0
1969-07,Northwest Territories including Nunavut,Immigrants,38.0
1969-07,Northwest Territories including Nunavut,Emigrants,25.0
1969-10,Canada,Immigrants,41839.0
1969-10,Canada,Emigrants,22560.0
1969-10,Newfoundland and Labrador,Immigrants,203.0
1969-10,Newfoundland and Labrador,Emigrants,326.0
1969-10,Prince Edward Island,Immigrants,43.0
1969-10,Prince Edward Island,Emigrants,136.0
1969-10,Nova Scotia,Immigrants,601.0
1969-10,Nova Scotia,Emigrants,434.0
1969-10,New Brunswick,Immigrants,319.0
1969-10,New Brunswick,Emigrants,1137.0
1969-10,Quebec,Immigrants,6707.0
1969-10,Quebec,Emigrants,6140.0
1969-10,Ontario,Immigrants,23075.0
1969-10,Ontario,Emigrants,10127.0
1969-10,Manitoba,Immigrants,1575.0
1969-10,Manitoba,Emigrants,545.0
1969-10,Saskatchewan,Immigrants,604.0
1969-10,Saskatchewan,Emigrants,550.0
1969-10,Alberta,Immigrants,3021.0
1969-10,Alberta,Emigrants,1055.0
1969-10,British Columbia,Immigrants,5623.0
1969-10,British Columbia,Emigrants,2070.0
1969-10,Yukon,Immigrants,23.0
1969-10,Yukon,Emigrants,14.0
1969-10,Northwest Territories including Nunavut,Immigrants,45.0
1969-10,Northwest Territories including Nunavut,Emigrants,26.0
1970-01,Canada,Immigrants,30783.0
1970-01,Canada,Emigrants,17651.0
1970-01,Newfoundland and Labrador,Immigrants,110.0
1970-01,Newfoundland and Labrador,Emigrants,442.0
1970-01,Prince Edward Island,Immigrants,20.0
1970-01,Prince Edward Island,Emigrants,71.0
1970-01,Nova Scotia,Immigrants,371.0
1970-01,Nova Scotia,Emigrants,428.0
1970-01,New Brunswick,Immigrants,180.0
1970-01,New Brunswick,Emigrants,524.0
1970-01,Quebec,Immigrants,5169.0
1970-01,Quebec,Emigrants,6203.0
1970-01,Ontario,Immigrants,17137.0
1970-01,Ontario,Emigrants,6726.0
1970-01,Manitoba,Immigrants,1104.0
1970-01,Manitoba,Emigrants,423.0
1970-01,Saskatchewan,Immigrants,334.0
1970-01,Saskatchewan,Emigrants,436.0
1970-01,Alberta,Immigrants,2189.0
1970-01,Alberta,Emigrants,698.0
1970-01,British Columbia,Immigrants,4112.0
1970-01,British Columbia,Emigrants,1667.0
1970-01,Yukon,Immigrants,22.0
1970-01,Yukon,Emigrants,14.0
1970-01,Northwest Territories including Nunavut,Immigrants,35.0
1970-01,Northwest Territories including Nunavut,Emigrants,19.0
1970-04,Canada,Immigrants,40052.0
1970-04,Canada,Emigrants,19336.0
1970-04,Newfoundland and Labrador,Immigrants,113.0
1970-04,Newfoundland and Labrador,Emigrants,486.0
1970-04,Prince Edward Island,Immigrants,40.0
1970-04,Prince Edward Island,Emigrants,80.0
1970-04,Nova Scotia,Immigrants,465.0
1970-04,Nova Scotia,Emigrants,506.0
1970-04,New Brunswick,Immigrants,199.0
1970-04,New Brunswick,Emigrants,562.0
1970-04,Quebec,Immigrants,6168.0
1970-04,Quebec,Emigrants,6608.0
1970-04,Ontario,Immigrants,22235.0
1970-04,Ontario,Emigrants,7430.0
1970-04,Manitoba,Immigrants,1596.0
1970-04,Manitoba,Emigrants,479.0
1970-04,Saskatchewan,Immigrants,451.0
1970-04,Saskatchewan,Emigrants,493.0
1970-04,Alberta,Immigrants,2710.0
1970-04,Alberta,Emigrants,786.0
1970-04,British Columbia,Immigrants,6030.0
1970-04,British Columbia,Emigrants,1872.0
1970-04,Yukon,Immigrants,17.0
1970-04,Yukon,Emigrants,13.0
1970-04,Northwest Territories including Nunavut,Immigrants,28.0
1970-04,Northwest Territories including Nunavut,Emigrants,21.0
1970-07,Canada,Immigrants,42488.0
1970-07,Canada,Emigrants,24273.0
1970-07,Newfoundland and Labrador,Immigrants,225.0
1970-07,Newfoundland and Labrador,Emigrants,619.0
1970-07,Prince Edward Island,Immigrants,81.0
1970-07,Prince Edward Island,Emigrants,107.0
1970-07,Nova Scotia,Immigrants,641.0
1970-07,Nova Scotia,Emigrants,730.0
1970-07,New Brunswick,Immigrants,415.0
1970-07,New Brunswick,Emigrants,669.0
1970-07,Quebec,Immigrants,6611.0
1970-07,Quebec,Emigrants,7838.0
1970-07,Ontario,Immigrants,22717.0
1970-07,Ontario,Emigrants,9443.0
1970-07,Manitoba,Immigrants,1722.0
1970-07,Manitoba,Emigrants,641.0
1970-07,Saskatchewan,Immigrants,570.0
1970-07,Saskatchewan,Emigrants,661.0
1970-07,Alberta,Immigrants,2987.0
1970-07,Alberta,Emigrants,1056.0
1970-07,British Columbia,Immigrants,6456.0
1970-07,British Columbia,Emigrants,2472.0
1970-07,Yukon,Immigrants,25.0
1970-07,Yukon,Emigrants,16.0
1970-07,Northwest Territories including Nunavut,Immigrants,38.0
1970-07,Northwest Territories including Nunavut,Emigrants,21.0
1970-10,Canada,Immigrants,34390.0
1970-10,Canada,Emigrants,19701.0
1970-10,Newfoundland and Labrador,Immigrants,182.0
1970-10,Newfoundland and Labrador,Emigrants,502.0
1970-10,Prince Edward Island,Immigrants,44.0
1970-10,Prince Edward Island,Emigrants,87.0
1970-10,Nova Scotia,Immigrants,530.0
1970-10,Nova Scotia,Emigrants,593.0
1970-10,New Brunswick,Immigrants,276.0
1970-10,New Brunswick,Emigrants,541.0
1970-10,Quebec,Immigrants,5313.0
1970-10,Quebec,Emigrants,6364.0
1970-10,Ontario,Immigrants,18643.0
1970-10,Ontario,Emigrants,7663.0
1970-10,Manitoba,Immigrants,1404.0
1970-10,Manitoba,Emigrants,518.0
1970-10,Saskatchewan,Immigrants,354.0
1970-10,Saskatchewan,Emigrants,536.0
1970-10,Alberta,Immigrants,2519.0
1970-10,Alberta,Emigrants,857.0
1970-10,British Columbia,Immigrants,5085.0
1970-10,British Columbia,Emigrants,2006.0
1970-10,Yukon,Immigrants,13.0
1970-10,Yukon,Emigrants,14.0
1970-10,Northwest Territories including Nunavut,Immigrants,27.0
1970-10,Northwest Territories including Nunavut,Emigrants,20.0
1971-01,Canada,Immigrants,27899.0
1971-01,Canada,Emigrants,16594.0
1971-01,Newfoundland and Labrador,Immigrants,197.0
1971-01,Newfoundland and Labrador,Emigrants,582.0
1971-01,Prince Edward Island,Immigrants,18.0
1971-01,Prince Edward Island,Emigrants,76.0
1971-01,Nova Scotia,Immigrants,398.0
1971-01,Nova Scotia,Emigrants,519.0
1971-01,New Brunswick,Immigrants,194.0
1971-01,New Brunswick,Emigrants,423.0
1971-01,Quebec,Immigrants,5079.0
1971-01,Quebec,Emigrants,5319.0
1971-01,Ontario,Immigrants,14403.0
1971-01,Ontario,Emigrants,6669.0
1971-01,Manitoba,Immigrants,1199.0
1971-01,Manitoba,Emigrants,368.0
1971-01,Saskatchewan,Immigrants,281.0
1971-01,Saskatchewan,Emigrants,386.0
1971-01,Alberta,Immigrants,1931.0
1971-01,Alberta,Emigrants,565.0
1971-01,British Columbia,Immigrants,4162.0
1971-01,British Columbia,Emigrants,1655.0
1971-01,Yukon,Immigrants,10.0
1971-01,Yukon,Emigrants,13.0
1971-01,Northwest Territories including Nunavut,Immigrants,27.0
1971-01,Northwest Territories including Nunavut,Emigrants,19.0
1971-04,Canada,Immigrants,31278.0
1971-04,Canada,Emigrants,16951.0
1971-04,Newfoundland and Labrador,Immigrants,178.0
1971-04,Newfoundland and Labrador,Emigrants,456.0
1971-04,Prince Edward Island,Immigrants,43.0
1971-04,Prince Edward Island,Emigrants,59.0
1971-04,Nova Scotia,Immigrants,433.0
1971-04,Nova Scotia,Emigrants,436.0
1971-04,New Brunswick,Immigrants,214.0
1971-04,New Brunswick,Emigrants,345.0
1971-04,Quebec,Immigrants,5068.0
1971-04,Quebec,Emigrants,4940.0
1971-04,Ontario,Immigrants,16558.0
1971-04,Ontario,Emigrants,7113.0
1971-04,Manitoba,Immigrants,1396.0
1971-04,Manitoba,Emigrants,446.0
1971-04,Saskatchewan,Immigrants,327.0
1971-04,Saskatchewan,Emigrants,405.0
1971-04,Alberta,Immigrants,2104.0
1971-04,Alberta,Emigrants,791.0
1971-04,British Columbia,Immigrants,4908.0
1971-04,British Columbia,Emigrants,1938.0
1971-04,Yukon,Immigrants,15.0
1971-04,Yukon,Emigrants,9.0
1971-04,Northwest Territories including Nunavut,Immigrants,34.0
1971-04,Northwest Territories including Nunavut,Emigrants,13.0
1971-07,Canada,Immigrants,34828.0
1971-07,Canada,Net emigration,7948.0
1971-07,Canada,Emigrants,19835.0
1971-07,Canada,Returning emigrants,11887.0
1971-07,Canada,Net non-permanent residents,4311.0
1971-07,Newfoundland and Labrador,Immigrants,248.0
1971-07,Newfoundland and Labrador,Net emigration,52.0
1971-07,Newfoundland and Labrador,Emigrants,132.0
1971-07,Newfoundland and Labrador,Returning emigrants,80.0
1971-07,Newfoundland and Labrador,Net non-permanent residents,35.0
1971-07,Prince Edward Island,Immigrants,81.0
1971-07,Prince Edward Island,Net emigration,12.0
1971-07,Prince Edward Island,Emigrants,32.0
1971-07,Prince Edward Island,Returning emigrants,20.0
1971-07,Prince Edward Island,Net non-permanent residents,1.0
1971-07,Nova Scotia,Immigrants,541.0
1971-07,Nova Scotia,Net emigration,72.0
1971-07,Nova Scotia,Emigrants,186.0
1971-07,Nova Scotia,Returning emigrants,114.0
1971-07,Nova Scotia,Net non-permanent residents,96.0
1971-07,New Brunswick,Immigrants,352.0
1971-07,New Brunswick,Net emigration,130.0
1971-07,New Brunswick,Emigrants,337.0
1971-07,New Brunswick,Returning emigrants,207.0
1971-07,New Brunswick,Net non-permanent residents,116.0
1971-07,Quebec,Immigrants,4989.0
1971-07,Quebec,Net emigration,1339.0
1971-07,Quebec,Emigrants,3479.0
1971-07,Quebec,Returning emigrants,2140.0
1971-07,Quebec,Net non-permanent residents,908.0
1971-07,Ontario,Immigrants,18896.0
1971-07,Ontario,Net emigration,3849.0
1971-07,Ontario,Emigrants,9518.0
1971-07,Ontario,Returning emigrants,5669.0
1971-07,Ontario,Net non-permanent residents,2273.0
1971-07,Manitoba,Immigrants,1396.0
1971-07,Manitoba,Net emigration,289.0
1971-07,Manitoba,Emigrants,753.0
1971-07,Manitoba,Returning emigrants,464.0
1971-07,Manitoba,Net non-permanent residents,104.0
1971-07,Saskatchewan,Immigrants,435.0
1971-07,Saskatchewan,Net emigration,138.0
1971-07,Saskatchewan,Emigrants,385.0
1971-07,Saskatchewan,Returning emigrants,247.0
1971-07,Saskatchewan,Net non-permanent residents,113.0
1971-07,Alberta,Immigrants,2493.0
1971-07,Alberta,Net emigration,988.0
1971-07,Alberta,Emigrants,2430.0
1971-07,Alberta,Returning emigrants,1442.0
1971-07,Alberta,Net non-permanent residents,381.0
1971-07,British Columbia,Immigrants,5340.0
1971-07,British Columbia,Net emigration,1064.0
1971-07,British Columbia,Emigrants,2548.0
1971-07,British Columbia,Returning emigrants,1484.0
1971-07,British Columbia,Net non-permanent residents,294.0
1971-07,Yukon,Immigrants,19.0
1971-07,Yukon,Net emigration,12.0
1971-07,Yukon,Emigrants,26.0
1971-07,Yukon,Returning emigrants,14.0
1971-07,Yukon,Net non-permanent residents,-3.0
1971-07,Northwest Territories including Nunavut,Immigrants,38.0
1971-07,Northwest Territories including Nunavut,Net emigration,3.0
1971-07,Northwest Territories including Nunavut,Emigrants,9.0
1971-07,Northwest Territories including Nunavut,Returning emigrants,6.0
1971-07,Northwest Territories including Nunavut,Net non-permanent residents,-7.0
1971-10,Canada,Immigrants,27895.0
1971-10,Canada,Net emigration,6703.0
1971-10,Canada,Emigrants,16717.0
1971-10,Canada,Returning emigrants,10014.0
1971-10,Canada,Net non-permanent residents,-5049.0
1971-10,Newfoundland and Labrador,Immigrants,196.0
1971-10,Newfoundland and Labrador,Net emigration,45.0
1971-10,Newfoundland and Labrador,Emigrants,112.0
1971-10,Newfoundland and Labrador,Returning emigrants,67.0
1971-10,Newfoundland and Labrador,Net non-permanent residents,-64.0
1971-10,Prince Edward Island,Immigrants,30.0
1971-10,Prince Edward Island,Net emigration,12.0
1971-10,Prince Edward Island,Emigrants,27.0
1971-10,Prince Edward Island,Returning emigrants,15.0
1971-10,Prince Edward Island,Net non-permanent residents,-6.0
1971-10,Nova Scotia,Immigrants,440.0
1971-10,Nova Scotia,Net emigration,62.0
1971-10,Nova Scotia,Emigrants,157.0
1971-10,Nova Scotia,Returning emigrants,95.0
1971-10,Nova Scotia,Net non-permanent residents,-40.0
1971-10,New Brunswick,Immigrants,278.0
1971-10,New Brunswick,Net emigration,110.0
1971-10,New Brunswick,Emigrants,284.0
1971-10,New Brunswick,Returning emigrants,174.0
1971-10,New Brunswick,Net non-permanent residents,-61.0
1971-10,Quebec,Immigrants,4086.0
1971-10,Quebec,Net emigration,1124.0
1971-10,Quebec,Emigrants,2922.0
1971-10,Quebec,Returning emigrants,1798.0
1971-10,Quebec,Net non-permanent residents,-485.0
1971-10,Ontario,Immigrants,14500.0
1971-10,Ontario,Net emigration,3244.0
1971-10,Ontario,Emigrants,8022.0
1971-10,Ontario,Returning emigrants,4778.0
1971-10,Ontario,Net non-permanent residents,-3196.0
1971-10,Manitoba,Immigrants,1310.0
1971-10,Manitoba,Net emigration,243.0
1971-10,Manitoba,Emigrants,632.0
1971-10,Manitoba,Returning emigrants,389.0
1971-10,Manitoba,Net non-permanent residents,-206.0
1971-10,Saskatchewan,Immigrants,383.0
1971-10,Saskatchewan,Net emigration,116.0
1971-10,Saskatchewan,Emigrants,322.0
1971-10,Saskatchewan,Returning emigrants,206.0
1971-10,Saskatchewan,Net non-permanent residents,-244.0
1971-10,Alberta,Immigrants,2125.0
1971-10,Alberta,Net emigration,834.0
1971-10,Alberta,Emigrants,2053.0
1971-10,Alberta,Returning emigrants,1219.0
1971-10,Alberta,Net non-permanent residents,-636.0
1971-10,British Columbia,Immigrants,4507.0
1971-10,British Columbia,Net emigration,900.0
1971-10,British Columbia,Emigrants,2156.0
1971-10,British Columbia,Returning emigrants,1256.0
1971-10,British Columbia,Net non-permanent residents,-65.0
1971-10,Yukon,Immigrants,15.0
1971-10,Yukon,Net emigration,10.0
1971-10,Yukon,Emigrants,22.0
1971-10,Yukon,Returning emigrants,12.0
1971-10,Yukon,Net non-permanent residents,-34.0
1971-10,Northwest Territories including Nunavut,Immigrants,25.0
1971-10,Northwest Territories including Nunavut,Net emigration,3.0
1971-10,Northwest Territories including Nunavut,Emigrants,8.0
1971-10,Northwest Territories including Nunavut,Returning emigrants,5.0
1971-10,Northwest Territories including Nunavut,Net non-permanent residents,-12.0
1972-01,Canada,Immigrants,23567.0
1972-01,Canada,Net emigration,5749.0
1972-01,Canada,Emigrants,14340.0
1972-01,Canada,Returning emigrants,8591.0
1972-01,Canada,Net non-permanent residents,1729.0
1972-01,Newfoundland and Labrador,Immigrants,127.0
1972-01,Newfoundland and Labrador,Net emigration,38.0
1972-01,Newfoundland and Labrador,Emigrants,96.0
1972-01,Newfoundland and Labrador,Returning emigrants,58.0
1972-01,Newfoundland and Labrador,Net non-permanent residents,10.0
1972-01,Prince Edward Island,Immigrants,24.0
1972-01,Prince Edward Island,Net emigration,9.0
1972-01,Prince Edward Island,Emigrants,24.0
1972-01,Prince Edward Island,Returning emigrants,15.0
1972-01,Prince Edward Island,Net non-permanent residents,1.0
1972-01,Nova Scotia,Immigrants,326.0
1972-01,Nova Scotia,Net emigration,52.0
1972-01,Nova Scotia,Emigrants,134.0
1972-01,Nova Scotia,Returning emigrants,82.0
1972-01,Nova Scotia,Net non-permanent residents,71.0
1972-01,New Brunswick,Immigrants,189.0
1972-01,New Brunswick,Net emigration,94.0
1972-01,New Brunswick,Emigrants,243.0
1972-01,New Brunswick,Returning emigrants,149.0
1972-01,New Brunswick,Net non-permanent residents,30.0
1972-01,Quebec,Immigrants,4167.0
1972-01,Quebec,Net emigration,962.0
1972-01,Quebec,Emigrants,2500.0
1972-01,Quebec,Returning emigrants,1538.0
1972-01,Quebec,Net non-permanent residents,360.0
1972-01,Ontario,Immigrants,12173.0
1972-01,Ontario,Net emigration,2783.0
1972-01,Ontario,Emigrants,6882.0
1972-01,Ontario,Returning emigrants,4099.0
1972-01,Ontario,Net non-permanent residents,838.0
1972-01,Manitoba,Immigrants,957.0
1972-01,Manitoba,Net emigration,208.0
1972-01,Manitoba,Emigrants,540.0
1972-01,Manitoba,Returning emigrants,332.0
1972-01,Manitoba,Net non-permanent residents,65.0
1972-01,Saskatchewan,Immigrants,256.0
1972-01,Saskatchewan,Net emigration,98.0
1972-01,Saskatchewan,Emigrants,274.0
1972-01,Saskatchewan,Returning emigrants,176.0
1972-01,Saskatchewan,Net non-permanent residents,83.0
1972-01,Alberta,Immigrants,1576.0
1972-01,Alberta,Net emigration,717.0
1972-01,Alberta,Emigrants,1762.0
1972-01,Alberta,Returning emigrants,1045.0
1972-01,Alberta,Net non-permanent residents,163.0
1972-01,British Columbia,Immigrants,3739.0
1972-01,British Columbia,Net emigration,776.0
1972-01,British Columbia,Emigrants,1859.0
1972-01,British Columbia,Returning emigrants,1083.0
1972-01,British Columbia,Net non-permanent residents,104.0
1972-01,Yukon,Immigrants,13.0
1972-01,Yukon,Net emigration,9.0
1972-01,Yukon,Emigrants,19.0
1972-01,Yukon,Returning emigrants,10.0
1972-01,Yukon,Net non-permanent residents,-2.0
1972-01,Northwest Territories including Nunavut,Immigrants,20.0
1972-01,Northwest Territories including Nunavut,Net emigration,3.0
1972-01,Northwest Territories including Nunavut,Emigrants,7.0
1972-01,Northwest Territories including Nunavut,Returning emigrants,4.0
1972-01,Northwest Territories including Nunavut,Net non-permanent residents,6.0
1972-04,Canada,Immigrants,30746.0
1972-04,Canada,Net emigration,6177.0
1972-04,Canada,Emigrants,15142.0
1972-04,Canada,Returning emigrants,8965.0
1972-04,Canada,Net non-permanent residents,2006.0
1972-04,Newfoundland and Labrador,Immigrants,158.0
1972-04,Newfoundland and Labrador,Net emigration,40.0
1972-04,Newfoundland and Labrador,Emigrants,101.0
1972-04,Newfoundland and Labrador,Returning emigrants,61.0
1972-04,Newfoundland and Labrador,Net non-permanent residents,53.0
1972-04,Prince Edward Island,Immigrants,39.0
1972-04,Prince Edward Island,Net emigration,10.0
1972-04,Prince Edward Island,Emigrants,25.0
1972-04,Prince Edward Island,Returning emigrants,15.0
1972-04,Prince Edward Island,Net non-permanent residents,7.0
1972-04,Nova Scotia,Immigrants,402.0
1972-04,Nova Scotia,Net emigration,56.0
1972-04,Nova Scotia,Emigrants,141.0
1972-04,Nova Scotia,Returning emigrants,85.0
1972-04,Nova Scotia,Net non-permanent residents,-91.0
1972-04,New Brunswick,Immigrants,262.0
1972-04,New Brunswick,Net emigration,102.0
1972-04,New Brunswick,Emigrants,257.0
1972-04,New Brunswick,Returning emigrants,155.0
1972-04,New Brunswick,Net non-permanent residents,-42.0
1972-04,Quebec,Immigrants,4448.0
1972-04,Quebec,Net emigration,1035.0
1972-04,Quebec,Emigrants,2638.0
1972-04,Quebec,Returning emigrants,1603.0
1972-04,Quebec,Net non-permanent residents,-88.0
1972-04,Ontario,Immigrants,16689.0
1972-04,Ontario,Net emigration,2987.0
1972-04,Ontario,Emigrants,7265.0
1972-04,Ontario,Returning emigrants,4278.0
1972-04,Ontario,Net non-permanent residents,1584.0
1972-04,Manitoba,Immigrants,1423.0
1972-04,Manitoba,Net emigration,223.0
1972-04,Manitoba,Emigrants,570.0
1972-04,Manitoba,Returning emigrants,347.0
1972-04,Manitoba,Net non-permanent residents,119.0
1972-04,Saskatchewan,Immigrants,405.0
1972-04,Saskatchewan,Net emigration,105.0
1972-04,Saskatchewan,Emigrants,287.0
1972-04,Saskatchewan,Returning emigrants,182.0
1972-04,Saskatchewan,Net non-permanent residents,99.0
1972-04,Alberta,Immigrants,2049.0
1972-04,Alberta,Net emigration,771.0
1972-04,Alberta,Emigrants,1863.0
1972-04,Alberta,Returning emigrants,1092.0
1972-04,Alberta,Net non-permanent residents,357.0
1972-04,British Columbia,Immigrants,4816.0
1972-04,British Columbia,Net emigration,836.0
1972-04,British Columbia,Emigrants,1968.0
1972-04,British Columbia,Returning emigrants,1132.0
1972-04,British Columbia,Net non-permanent residents,-48.0
1972-04,Yukon,Immigrants,23.0
1972-04,Yukon,Net emigration,9.0
1972-04,Yukon,Emigrants,20.0
1972-04,Yukon,Returning emigrants,11.0
1972-04,Yukon,Net non-permanent residents,44.0
1972-04,Northwest Territories including Nunavut,Immigrants,32.0
1972-04,Northwest Territories including Nunavut,Net emigration,3.0
1972-04,Northwest Territories including Nunavut,Emigrants,7.0
1972-04,Northwest Territories including Nunavut,Returning emigrants,4.0
1972-04,Northwest Territories including Nunavut,Net non-permanent residents,12.0
1972-07,Canada,Immigrants,32474.0
1972-07,Canada,Net emigration,8162.0
1972-07,Canada,Emigrants,19340.0
1972-07,Canada,Returning emigrants,11178.0
1972-07,Canada,Net non-permanent residents,4465.0
1972-07,Newfoundland and Labrador,Immigrants,246.0
1972-07,Newfoundland and Labrador,Net emigration,54.0
1972-07,Newfoundland and Labrador,Emigrants,130.0
1972-07,Newfoundland and Labrador,Returning emigrants,76.0
1972-07,Newfoundland and Labrador,Net non-permanent residents,37.0
1972-07,Prince Edward Island,Immigrants,61.0
1972-07,Prince Edward Island,Net emigration,12.0
1972-07,Prince Edward Island,Emigrants,32.0
1972-07,Prince Edward Island,Returning emigrants,20.0
1972-07,Prince Edward Island,Net non-permanent residents,1.0
1972-07,Nova Scotia,Immigrants,577.0
1972-07,Nova Scotia,Net emigration,74.0
1972-07,Nova Scotia,Emigrants,181.0
1972-07,Nova Scotia,Returning emigrants,107.0
1972-07,Nova Scotia,Net non-permanent residents,99.0
1972-07,New Brunswick,Immigrants,441.0
1972-07,New Brunswick,Net emigration,134.0
1972-07,New Brunswick,Emigrants,327.0
1972-07,New Brunswick,Returning emigrants,193.0
1972-07,New Brunswick,Net non-permanent residents,122.0
1972-07,Quebec,Immigrants,4991.0
1972-07,Quebec,Net emigration,1369.0
1972-07,Quebec,Emigrants,3360.0
1972-07,Quebec,Returning emigrants,1991.0
1972-07,Quebec,Net non-permanent residents,947.0
1972-07,Ontario,Immigrants,16428.0
1972-07,Ontario,Net emigration,3944.0
1972-07,Ontario,Emigrants,9285.0
1972-07,Ontario,Returning emigrants,5341.0
1972-07,Ontario,Net non-permanent residents,2347.0
1972-07,Manitoba,Immigrants,1424.0
1972-07,Manitoba,Net emigration,295.0
1972-07,Manitoba,Emigrants,726.0
1972-07,Manitoba,Returning emigrants,431.0
1972-07,Manitoba,Net non-permanent residents,107.0
1972-07,Saskatchewan,Immigrants,419.0
1972-07,Saskatchewan,Net emigration,140.0
1972-07,Saskatchewan,Emigrants,366.0
1972-07,Saskatchewan,Returning emigrants,226.0
1972-07,Saskatchewan,Net non-permanent residents,117.0
1972-07,Alberta,Immigrants,2315.0
1972-07,Alberta,Net emigration,1021.0
1972-07,Alberta,Emigrants,2381.0
1972-07,Alberta,Returning emigrants,1360.0
1972-07,Alberta,Net non-permanent residents,395.0
1972-07,British Columbia,Immigrants,5506.0
1972-07,British Columbia,Net emigration,1104.0
1972-07,British Columbia,Emigrants,2517.0
1972-07,British Columbia,Returning emigrants,1413.0
1972-07,British Columbia,Net non-permanent residents,303.0
1972-07,Yukon,Immigrants,29.0
1972-07,Yukon,Net emigration,12.0
1972-07,Yukon,Emigrants,26.0
1972-07,Yukon,Returning emigrants,14.0
1972-07,Yukon,Net non-permanent residents,-3.0
1972-07,Northwest Territories including Nunavut,Immigrants,37.0
1972-07,Northwest Territories including Nunavut,Net emigration,3.0
1972-07,Northwest Territories including Nunavut,Emigrants,9.0
1972-07,Northwest Territories including Nunavut,Returning emigrants,6.0
1972-07,Northwest Territories including Nunavut,Net non-permanent residents,-7.0
1972-10,Canada,Immigrants,35219.0
1972-10,Canada,Net emigration,6087.0
1972-10,Canada,Emigrants,14416.0
1972-10,Canada,Returning emigrants,8329.0
1972-10,Canada,Net non-permanent residents,-5225.0
1972-10,Newfoundland and Labrador,Immigrants,155.0
1972-10,Newfoundland and Labrador,Net emigration,40.0
1972-10,Newfoundland and Labrador,Emigrants,96.0
1972-10,Newfoundland and Labrador,Returning emigrants,56.0
1972-10,Newfoundland and Labrador,Net non-permanent residents,-68.0
1972-10,Prince Edward Island,Immigrants,51.0
1972-10,Prince Edward Island,Net emigration,9.0
1972-10,Prince Edward Island,Emigrants,23.0
1972-10,Prince Edward Island,Returning emigrants,14.0
1972-10,Prince Edward Island,Net non-permanent residents,-6.0
1972-10,Nova Scotia,Immigrants,567.0
1972-10,Nova Scotia,Net emigration,56.0
1972-10,Nova Scotia,Emigrants,135.0
1972-10,Nova Scotia,Returning emigrants,79.0
1972-10,Nova Scotia,Net non-permanent residents,-42.0
1972-10,New Brunswick,Immigrants,409.0
1972-10,New Brunswick,Net emigration,101.0
1972-10,New Brunswick,Emigrants,244.0
1972-10,New Brunswick,Returning emigrants,143.0
1972-10,New Brunswick,Net non-permanent residents,-64.0
1972-10,Quebec,Immigrants,4986.0
1972-10,Quebec,Net emigration,1018.0
1972-10,Quebec,Emigrants,2498.0
1972-10,Quebec,Returning emigrants,1480.0
1972-10,Quebec,Net non-permanent residents,-506.0
1972-10,Ontario,Immigrants,18515.0
1972-10,Ontario,Net emigration,2939.0
1972-10,Ontario,Emigrants,6921.0
1972-10,Ontario,Returning emigrants,3982.0
1972-10,Ontario,Net non-permanent residents,-3300.0
1972-10,Manitoba,Immigrants,1458.0
1972-10,Manitoba,Net emigration,219.0
1972-10,Manitoba,Emigrants,539.0
1972-10,Manitoba,Returning emigrants,320.0
1972-10,Manitoba,Net non-permanent residents,-212.0
1972-10,Saskatchewan,Immigrants,431.0
1972-10,Saskatchewan,Net emigration,104.0
1972-10,Saskatchewan,Emigrants,271.0
1972-10,Saskatchewan,Returning emigrants,167.0
1972-10,Saskatchewan,Net non-permanent residents,-253.0
1972-10,Alberta,Immigrants,2450.0
1972-10,Alberta,Net emigration,763.0
1972-10,Alberta,Emigrants,1781.0
1972-10,Alberta,Returning emigrants,1018.0
1972-10,Alberta,Net non-permanent residents,-660.0
1972-10,British Columbia,Immigrants,6046.0
1972-10,British Columbia,Net emigration,826.0
1972-10,British Columbia,Emigrants,1882.0
1972-10,British Columbia,Returning emigrants,1056.0
1972-10,British Columbia,Net non-permanent residents,-66.0
1972-10,Yukon,Immigrants,51.0
1972-10,Yukon,Net emigration,9.0
1972-10,Yukon,Emigrants,19.0
1972-10,Yukon,Returning emigrants,10.0
1972-10,Yukon,Net non-permanent residents,-36.0
1972-10,Northwest Territories including Nunavut,Immigrants,100.0
1972-10,Northwest Territories including Nunavut,Net emigration,3.0
1972-10,Northwest Territories including Nunavut,Emigrants,7.0
1972-10,Northwest Territories including Nunavut,Returning emigrants,4.0
1972-10,Northwest Territories including Nunavut,Net non-permanent residents,-12.0
1973-01,Canada,Immigrants,26288.0
1973-01,Canada,Net emigration,5685.0
1973-01,Canada,Emigrants,13454.0
1973-01,Canada,Returning emigrants,7769.0
1973-01,Canada,Net non-permanent residents,1790.0
1973-01,Newfoundland and Labrador,Immigrants,144.0
1973-01,Newfoundland and Labrador,Net emigration,38.0
1973-01,Newfoundland and Labrador,Emigrants,90.0
1973-01,Newfoundland and Labrador,Returning emigrants,52.0
1973-01,Newfoundland and Labrador,Net non-permanent residents,11.0
1973-01,Prince Edward Island,Immigrants,19.0
1973-01,Prince Edward Island,Net emigration,9.0
1973-01,Prince Edward Island,Emigrants,21.0
1973-01,Prince Edward Island,Returning emigrants,12.0
1973-01,Prince Edward Island,Net non-permanent residents,0.0
1973-01,Nova Scotia,Immigrants,247.0
1973-01,Nova Scotia,Net emigration,52.0
1973-01,Nova Scotia,Emigrants,126.0
1973-01,Nova Scotia,Returning emigrants,74.0
1973-01,Nova Scotia,Net non-permanent residents,73.0
1973-01,New Brunswick,Immigrants,258.0
1973-01,New Brunswick,Net emigration,94.0
1973-01,New Brunswick,Emigrants,228.0
1973-01,New Brunswick,Returning emigrants,134.0
1973-01,New Brunswick,Net non-permanent residents,31.0
1973-01,Quebec,Immigrants,3365.0
1973-01,Quebec,Net emigration,949.0
1973-01,Quebec,Emigrants,2325.0
1973-01,Quebec,Returning emigrants,1376.0
1973-01,Quebec,Net non-permanent residents,376.0
1973-01,Ontario,Immigrants,14858.0
1973-01,Ontario,Net emigration,2743.0
1973-01,Ontario,Emigrants,6456.0
1973-01,Ontario,Returning emigrants,3713.0
1973-01,Ontario,Net non-permanent residents,866.0
1973-01,Manitoba,Immigrants,1032.0
1973-01,Manitoba,Net emigration,203.0
1973-01,Manitoba,Emigrants,502.0
1973-01,Manitoba,Returning emigrants,299.0
1973-01,Manitoba,Net non-permanent residents,67.0
1973-01,Saskatchewan,Immigrants,295.0
1973-01,Saskatchewan,Net emigration,96.0
1973-01,Saskatchewan,Emigrants,251.0
1973-01,Saskatchewan,Returning emigrants,155.0
1973-01,Saskatchewan,Net non-permanent residents,87.0
1973-01,Alberta,Immigrants,1703.0
1973-01,Alberta,Net emigration,714.0
1973-01,Alberta,Emigrants,1664.0
1973-01,Alberta,Returning emigrants,950.0
1973-01,Alberta,Net non-permanent residents,169.0
1973-01,British Columbia,Immigrants,4284.0
1973-01,British Columbia,Net emigration,775.0
1973-01,British Columbia,Emigrants,1766.0
1973-01,British Columbia,Returning emigrants,991.0
1973-01,British Columbia,Net non-permanent residents,106.0
1973-01,Yukon,Immigrants,28.0
1973-01,Yukon,Net emigration,9.0
1973-01,Yukon,Emigrants,18.0
1973-01,Yukon,Returning emigrants,9.0
1973-01,Yukon,Net non-permanent residents,-2.0
1973-01,Northwest Territories including Nunavut,Immigrants,55.0
1973-01,Northwest Territories including Nunavut,Net emigration,3.0
1973-01,Northwest Territories including Nunavut,Emigrants,7.0
1973-01,Northwest Territories including Nunavut,Returning emigrants,4.0
1973-01,Northwest Territories including Nunavut,Net non-permanent residents,6.0
1973-04,Canada,Immigrants,44545.0
1973-04,Canada,Net emigration,7799.0
1973-04,Canada,Emigrants,16640.0
1973-04,Canada,Returning emigrants,8841.0
1973-04,Canada,Net non-permanent residents,6964.0
1973-04,Newfoundland and Labrador,Immigrants,206.0
1973-04,Newfoundland and Labrador,Net emigration,52.0
1973-04,Newfoundland and Labrador,Emigrants,111.0
1973-04,Newfoundland and Labrador,Returning emigrants,59.0
1973-04,Newfoundland and Labrador,Net non-permanent residents,95.0
1973-04,Prince Edward Island,Immigrants,40.0
1973-04,Prince Edward Island,Net emigration,13.0
1973-04,Prince Edward Island,Emigrants,27.0
1973-04,Prince Edward Island,Returning emigrants,14.0
1973-04,Prince Edward Island,Net non-permanent residents,11.0
1973-04,Nova Scotia,Immigrants,532.0
1973-04,Nova Scotia,Net emigration,71.0
1973-04,Nova Scotia,Emigrants,155.0
1973-04,Nova Scotia,Returning emigrants,84.0
1973-04,Nova Scotia,Net non-permanent residents,1.0
1973-04,New Brunswick,Immigrants,320.0
1973-04,New Brunswick,Net emigration,130.0
1973-04,New Brunswick,Emigrants,282.0
1973-04,New Brunswick,Returning emigrants,152.0
1973-04,New Brunswick,Net non-permanent residents,5.0
1973-04,Quebec,Immigrants,6519.0
1973-04,Quebec,Net emigration,1308.0
1973-04,Quebec,Emigrants,2871.0
1973-04,Quebec,Returning emigrants,1563.0
1973-04,Quebec,Net non-permanent residents,847.0
1973-04,Ontario,Immigrants,25466.0
1973-04,Ontario,Net emigration,3757.0
1973-04,Ontario,Emigrants,7984.0
1973-04,Ontario,Returning emigrants,4227.0
1973-04,Ontario,Net non-permanent residents,4267.0
1973-04,Manitoba,Immigrants,1438.0
1973-04,Manitoba,Net emigration,282.0
1973-04,Manitoba,Emigrants,620.0
1973-04,Manitoba,Returning emigrants,338.0
1973-04,Manitoba,Net non-permanent residents,275.0
1973-04,Saskatchewan,Immigrants,410.0
1973-04,Saskatchewan,Net emigration,134.0
1973-04,Saskatchewan,Emigrants,309.0
1973-04,Saskatchewan,Returning emigrants,175.0
1973-04,Saskatchewan,Net non-permanent residents,186.0
1973-04,Alberta,Immigrants,2832.0
1973-04,Alberta,Net emigration,977.0
1973-04,Alberta,Emigrants,2061.0
1973-04,Alberta,Returning emigrants,1084.0
1973-04,Alberta,Net non-permanent residents,777.0
1973-04,British Columbia,Immigrants,6734.0
1973-04,British Columbia,Net emigration,1059.0
1973-04,British Columbia,Emigrants,2189.0
1973-04,British Columbia,Returning emigrants,1130.0
1973-04,British Columbia,Net non-permanent residents,435.0
1973-04,Yukon,Immigrants,16.0
1973-04,Yukon,Net emigration,12.0
1973-04,Yukon,Emigrants,23.0
1973-04,Yukon,Returning emigrants,11.0
1973-04,Yukon,Net non-permanent residents,51.0
1973-04,Northwest Territories including Nunavut,Immigrants,32.0
1973-04,Northwest Territories including Nunavut,Net emigration,4.0
1973-04,Northwest Territories including Nunavut,Emigrants,8.0
1973-04,Northwest Territories including Nunavut,Returning emigrants,4.0
1973-04,Northwest Territories including Nunavut,Net non-permanent residents,14.0
1973-07,Canada,Immigrants,49057.0
1973-07,Canada,Net emigration,14837.0
1973-07,Canada,Emigrants,26364.0
1973-07,Canada,Returning emigrants,11527.0
1973-07,Canada,Net non-permanent residents,4872.0
1973-07,Newfoundland and Labrador,Immigrants,275.0
1973-07,Newfoundland and Labrador,Net emigration,99.0
1973-07,Newfoundland and Labrador,Emigrants,176.0
1973-07,Newfoundland and Labrador,Returning emigrants,77.0
1973-07,Newfoundland and Labrador,Net non-permanent residents,41.0
1973-07,Prince Edward Island,Immigrants,76.0
1973-07,Prince Edward Island,Net emigration,24.0
1973-07,Prince Edward Island,Emigrants,43.0
1973-07,Prince Edward Island,Returning emigrants,19.0
1973-07,Prince Edward Island,Net non-permanent residents,0.0
1973-07,Nova Scotia,Immigrants,574.0
1973-07,Nova Scotia,Net emigration,137.0
1973-07,Nova Scotia,Emigrants,246.0
1973-07,Nova Scotia,Returning emigrants,109.0
1973-07,Nova Scotia,Net non-permanent residents,106.0
1973-07,New Brunswick,Immigrants,365.0
1973-07,New Brunswick,Net emigration,247.0
1973-07,New Brunswick,Emigrants,445.0
1973-07,New Brunswick,Returning emigrants,198.0
1973-07,New Brunswick,Net non-permanent residents,135.0
1973-07,Quebec,Immigrants,7606.0
1973-07,Quebec,Net emigration,2509.0
1973-07,Quebec,Emigrants,4539.0
1973-07,Quebec,Returning emigrants,2030.0
1973-07,Quebec,Net non-permanent residents,1041.0
1973-07,Ontario,Immigrants,27337.0
1973-07,Ontario,Net emigration,7137.0
1973-07,Ontario,Emigrants,12656.0
1973-07,Ontario,Returning emigrants,5519.0
1973-07,Ontario,Net non-permanent residents,2554.0
1973-07,Manitoba,Immigrants,1636.0
1973-07,Manitoba,Net emigration,543.0
1973-07,Manitoba,Emigrants,981.0
1973-07,Manitoba,Returning emigrants,438.0
1973-07,Manitoba,Net non-permanent residents,117.0
1973-07,Saskatchewan,Immigrants,495.0
1973-07,Saskatchewan,Net emigration,261.0
1973-07,Saskatchewan,Emigrants,486.0
1973-07,Saskatchewan,Returning emigrants,225.0
1973-07,Saskatchewan,Net non-permanent residents,127.0
1973-07,Alberta,Immigrants,3012.0
1973-07,Alberta,Net emigration,1852.0
1973-07,Alberta,Emigrants,3265.0
1973-07,Alberta,Returning emigrants,1413.0
1973-07,Alberta,Net non-permanent residents,431.0
1973-07,British Columbia,Immigrants,7607.0
1973-07,British Columbia,Net emigration,1999.0
1973-07,British Columbia,Emigrants,3477.0
1973-07,British Columbia,Returning emigrants,1478.0
1973-07,British Columbia,Net non-permanent residents,331.0
1973-07,Yukon,Immigrants,25.0
1973-07,Yukon,Net emigration,22.0
1973-07,Yukon,Emigrants,37.0
1973-07,Yukon,Returning emigrants,15.0
1973-07,Yukon,Net non-permanent residents,-4.0
1973-07,Northwest Territories including Nunavut,Immigrants,49.0
1973-07,Northwest Territories including Nunavut,Net emigration,7.0
1973-07,Northwest Territories including Nunavut,Emigrants,13.0
1973-07,Northwest Territories including Nunavut,Returning emigrants,6.0
1973-07,Northwest Territories including Nunavut,Net non-permanent residents,-7.0
1973-10,Canada,Immigrants,64310.0
1973-10,Canada,Net emigration,12393.0
1973-10,Canada,Emigrants,22025.0
1973-10,Canada,Returning emigrants,9632.0
1973-10,Canada,Net non-permanent residents,-5698.0
1973-10,Newfoundland and Labrador,Immigrants,359.0
1973-10,Newfoundland and Labrador,Net emigration,82.0
1973-10,Newfoundland and Labrador,Emigrants,147.0
1973-10,Newfoundland and Labrador,Returning emigrants,65.0
1973-10,Newfoundland and Labrador,Net non-permanent residents,-76.0
1973-10,Prince Edward Island,Immigrants,138.0
1973-10,Prince Edward Island,Net emigration,21.0
1973-10,Prince Edward Island,Emigrants,36.0
1973-10,Prince Edward Island,Returning emigrants,15.0
1973-10,Prince Edward Island,Net non-permanent residents,-7.0
1973-10,Nova Scotia,Immigrants,1195.0
1973-10,Nova Scotia,Net emigration,113.0
1973-10,Nova Scotia,Emigrants,205.0
1973-10,Nova Scotia,Returning emigrants,92.0
1973-10,Nova Scotia,Net non-permanent residents,-45.0
1973-10,New Brunswick,Immigrants,786.0
1973-10,New Brunswick,Net emigration,205.0
1973-10,New Brunswick,Emigrants,371.0
1973-10,New Brunswick,Returning emigrants,166.0
1973-10,New Brunswick,Net non-permanent residents,-71.0
1973-10,Quebec,Immigrants,9381.0
1973-10,Quebec,Net emigration,2090.0
1973-10,Quebec,Emigrants,3782.0
1973-10,Quebec,Returning emigrants,1692.0
1973-10,Quebec,Net non-permanent residents,-556.0
1973-10,Ontario,Immigrants,35526.0
1973-10,Ontario,Net emigration,5960.0
1973-10,Ontario,Emigrants,10569.0
1973-10,Ontario,Returning emigrants,4609.0
1973-10,Ontario,Net non-permanent residents,-3591.0
1973-10,Manitoba,Immigrants,2515.0
1973-10,Manitoba,Net emigration,453.0
1973-10,Manitoba,Emigrants,818.0
1973-10,Manitoba,Returning emigrants,365.0
1973-10,Manitoba,Net non-permanent residents,-230.0
1973-10,Saskatchewan,Immigrants,666.0
1973-10,Saskatchewan,Net emigration,217.0
1973-10,Saskatchewan,Emigrants,404.0
1973-10,Saskatchewan,Returning emigrants,187.0
1973-10,Saskatchewan,Net non-permanent residents,-276.0
1973-10,Alberta,Immigrants,4357.0
1973-10,Alberta,Net emigration,1550.0
1973-10,Alberta,Emigrants,2734.0
1973-10,Alberta,Returning emigrants,1184.0
1973-10,Alberta,Net non-permanent residents,-721.0
1973-10,British Columbia,Immigrants,9324.0
1973-10,British Columbia,Net emigration,1677.0
1973-10,British Columbia,Emigrants,2917.0
1973-10,British Columbia,Returning emigrants,1240.0
1973-10,British Columbia,Net non-permanent residents,-72.0
1973-10,Yukon,Immigrants,21.0
1973-10,Yukon,Net emigration,19.0
1973-10,Yukon,Emigrants,31.0
1973-10,Yukon,Returning emigrants,12.0
1973-10,Yukon,Net non-permanent residents,-41.0
1973-10,Northwest Territories including Nunavut,Immigrants,42.0
1973-10,Northwest Territories including Nunavut,Net emigration,6.0
1973-10,Northwest Territories including Nunavut,Emigrants,11.0
1973-10,Northwest Territories including Nunavut,Returning emigrants,5.0
1973-10,Northwest Territories including Nunavut,Net non-permanent residents,-12.0
1974-01,Canada,Immigrants,45302.0
1974-01,Canada,Net emigration,9249.0
1974-01,Canada,Emigrants,16430.0
1974-01,Canada,Returning emigrants,7181.0
1974-01,Canada,Net non-permanent residents,1954.0
1974-01,Newfoundland and Labrador,Immigrants,241.0
1974-01,Newfoundland and Labrador,Net emigration,61.0
1974-01,Newfoundland and Labrador,Emigrants,109.0
1974-01,Newfoundland and Labrador,Returning emigrants,48.0
1974-01,Newfoundland and Labrador,Net non-permanent residents,12.0
1974-01,Prince Edward Island,Immigrants,72.0
1974-01,Prince Edward Island,Net emigration,14.0
1974-01,Prince Edward Island,Emigrants,26.0
1974-01,Prince Edward Island,Returning emigrants,12.0
1974-01,Prince Edward Island,Net non-permanent residents,1.0
1974-01,Nova Scotia,Immigrants,546.0
1974-01,Nova Scotia,Net emigration,86.0
1974-01,Nova Scotia,Emigrants,153.0
1974-01,Nova Scotia,Returning emigrants,67.0
1974-01,Nova Scotia,Net non-permanent residents,79.0
1974-01,New Brunswick,Immigrants,490.0
1974-01,New Brunswick,Net emigration,154.0
1974-01,New Brunswick,Emigrants,276.0
1974-01,New Brunswick,Returning emigrants,122.0
1974-01,New Brunswick,Net non-permanent residents,35.0
1974-01,Quebec,Immigrants,6886.0
1974-01,Quebec,Net emigration,1556.0
1974-01,Quebec,Emigrants,2814.0
1974-01,Quebec,Returning emigrants,1258.0
1974-01,Quebec,Net non-permanent residents,413.0
1974-01,Ontario,Immigrants,25264.0
1974-01,Ontario,Net emigration,4448.0
1974-01,Ontario,Emigrants,7887.0
1974-01,Ontario,Returning emigrants,3439.0
1974-01,Ontario,Net non-permanent residents,942.0
1974-01,Manitoba,Immigrants,1624.0
1974-01,Manitoba,Net emigration,337.0
1974-01,Manitoba,Emigrants,610.0
1974-01,Manitoba,Returning emigrants,273.0
1974-01,Manitoba,Net non-permanent residents,72.0
1974-01,Saskatchewan,Immigrants,470.0
1974-01,Saskatchewan,Net emigration,160.0
1974-01,Saskatchewan,Emigrants,299.0
1974-01,Saskatchewan,Returning emigrants,139.0
1974-01,Saskatchewan,Net non-permanent residents,95.0
1974-01,Alberta,Immigrants,2736.0
1974-01,Alberta,Net emigration,1157.0
1974-01,Alberta,Emigrants,2039.0
1974-01,Alberta,Returning emigrants,882.0
1974-01,Alberta,Net non-permanent residents,185.0
1974-01,British Columbia,Immigrants,6908.0
1974-01,British Columbia,Net emigration,1258.0
1974-01,British Columbia,Emigrants,2187.0
1974-01,British Columbia,Returning emigrants,929.0
1974-01,British Columbia,Net non-permanent residents,116.0
1974-01,Yukon,Immigrants,22.0
1974-01,Yukon,Net emigration,13.0
1974-01,Yukon,Emigrants,22.0
1974-01,Yukon,Returning emigrants,9.0
1974-01,Yukon,Net non-permanent residents,-2.0
1974-01,Northwest Territories including Nunavut,Immigrants,43.0
1974-01,Northwest Territories including Nunavut,Net emigration,5.0
1974-01,Northwest Territories including Nunavut,Emigrants,8.0
1974-01,Northwest Territories including Nunavut,Returning emigrants,3.0
1974-01,Northwest Territories including Nunavut,Net non-permanent residents,6.0
1974-04,Canada,Immigrants,58787.0
1974-04,Canada,Net emigration,10275.0
1974-04,Canada,Emigrants,18682.0
1974-04,Canada,Returning emigrants,8407.0
1974-04,Canada,Net non-permanent residents,-3129.0
1974-04,Newfoundland and Labrador,Immigrants,253.0
1974-04,Newfoundland and Labrador,Net emigration,68.0
1974-04,Newfoundland and Labrador,Emigrants,124.0
1974-04,Newfoundland and Labrador,Returning emigrants,56.0
1974-04,Newfoundland and Labrador,Net non-permanent residents,18.0
1974-04,Prince Edward Island,Immigrants,91.0
1974-04,Prince Edward Island,Net emigration,17.0
1974-04,Prince Edward Island,Emigrants,30.0
1974-04,Prince Edward Island,Returning emigrants,13.0
1974-04,Prince Edward Island,Net non-permanent residents,7.0
1974-04,Nova Scotia,Immigrants,749.0
1974-04,Nova Scotia,Net emigration,94.0
1974-04,Nova Scotia,Emigrants,173.0
1974-04,Nova Scotia,Returning emigrants,79.0
1974-04,Nova Scotia,Net non-permanent residents,-202.0
1974-04,New Brunswick,Immigrants,638.0
1974-04,New Brunswick,Net emigration,169.0
1974-04,New Brunswick,Emigrants,313.0
1974-04,New Brunswick,Returning emigrants,144.0
1974-04,New Brunswick,Net non-permanent residents,-105.0
1974-04,Quebec,Immigrants,9340.0
1974-04,Quebec,Net emigration,1724.0
1974-04,Quebec,Emigrants,3192.0
1974-04,Quebec,Returning emigrants,1468.0
1974-04,Quebec,Net non-permanent residents,-1147.0
1974-04,Ontario,Immigrants,32242.0
1974-04,Ontario,Net emigration,4942.0
1974-04,Ontario,Emigrants,8972.0
1974-04,Ontario,Returning emigrants,4030.0
1974-04,Ontario,Net non-permanent residents,-1108.0
1974-04,Manitoba,Immigrants,1994.0
1974-04,Manitoba,Net emigration,375.0
1974-04,Manitoba,Emigrants,693.0
1974-04,Manitoba,Returning emigrants,318.0
1974-04,Manitoba,Net non-permanent residents,-36.0
1974-04,Saskatchewan,Immigrants,563.0
1974-04,Saskatchewan,Net emigration,178.0
1974-04,Saskatchewan,Emigrants,339.0
1974-04,Saskatchewan,Returning emigrants,161.0
1974-04,Saskatchewan,Net non-permanent residents,20.0
1974-04,Alberta,Immigrants,3684.0
1974-04,Alberta,Net emigration,1286.0
1974-04,Alberta,Emigrants,2319.0
1974-04,Alberta,Returning emigrants,1033.0
1974-04,Alberta,Net non-permanent residents,-43.0
1974-04,British Columbia,Immigrants,9147.0
1974-04,British Columbia,Net emigration,1402.0
1974-04,British Columbia,Emigrants,2493.0
1974-04,British Columbia,Returning emigrants,1091.0
1974-04,British Columbia,Net non-permanent residents,-587.0
1974-04,Yukon,Immigrants,29.0
1974-04,Yukon,Net emigration,14.0
1974-04,Yukon,Emigrants,25.0
1974-04,Yukon,Returning emigrants,11.0
1974-04,Yukon,Net non-permanent residents,47.0
1974-04,Northwest Territories including Nunavut,Immigrants,57.0
1974-04,Northwest Territories including Nunavut,Net emigration,6.0
1974-04,Northwest Territories including Nunavut,Emigrants,9.0
1974-04,Northwest Territories including Nunavut,Returning emigrants,3.0
1974-04,Northwest Territories including Nunavut,Net non-permanent residents,7.0
1974-07,Canada,Immigrants,62312.0
1974-07,Canada,Net emigration,11548.0
1974-07,Canada,Emigrants,22047.0
1974-07,Canada,Returning emigrants,10499.0
1974-07,Canada,Net non-permanent residents,4773.0
1974-07,Newfoundland and Labrador,Immigrants,303.0
1974-07,Newfoundland and Labrador,Net emigration,75.0
1974-07,Newfoundland and Labrador,Emigrants,146.0
1974-07,Newfoundland and Labrador,Returning emigrants,71.0
1974-07,Newfoundland and Labrador,Net non-permanent residents,40.0
1974-07,Prince Edward Island,Immigrants,92.0
1974-07,Prince Edward Island,Net emigration,18.0
1974-07,Prince Edward Island,Emigrants,36.0
1974-07,Prince Edward Island,Returning emigrants,18.0
1974-07,Prince Edward Island,Net non-permanent residents,1.0
1974-07,Nova Scotia,Immigrants,721.0
1974-07,Nova Scotia,Net emigration,105.0
1974-07,Nova Scotia,Emigrants,203.0
1974-07,Nova Scotia,Returning emigrants,98.0
1974-07,Nova Scotia,Net non-permanent residents,102.0
1974-07,New Brunswick,Immigrants,660.0
1974-07,New Brunswick,Net emigration,192.0
1974-07,New Brunswick,Emigrants,370.0
1974-07,New Brunswick,Returning emigrants,178.0
1974-07,New Brunswick,Net non-permanent residents,134.0
1974-07,Quebec,Immigrants,9710.0
1974-07,Quebec,Net emigration,1932.0
1974-07,Quebec,Emigrants,3760.0
1974-07,Quebec,Returning emigrants,1828.0
1974-07,Quebec,Net non-permanent residents,1027.0
1974-07,Ontario,Immigrants,33635.0
1974-07,Ontario,Net emigration,5551.0
1974-07,Ontario,Emigrants,10585.0
1974-07,Ontario,Returning emigrants,5034.0
1974-07,Ontario,Net non-permanent residents,2495.0
1974-07,Manitoba,Immigrants,2020.0
1974-07,Manitoba,Net emigration,421.0
1974-07,Manitoba,Emigrants,816.0
1974-07,Manitoba,Returning emigrants,395.0
1974-07,Manitoba,Net non-permanent residents,114.0
1974-07,Saskatchewan,Immigrants,603.0
1974-07,Saskatchewan,Net emigration,200.0
1974-07,Saskatchewan,Emigrants,399.0
1974-07,Saskatchewan,Returning emigrants,199.0
1974-07,Saskatchewan,Net non-permanent residents,124.0
1974-07,Alberta,Immigrants,4244.0
1974-07,Alberta,Net emigration,1448.0
1974-07,Alberta,Emigrants,2738.0
1974-07,Alberta,Returning emigrants,1290.0
1974-07,Alberta,Net non-permanent residents,423.0
1974-07,British Columbia,Immigrants,10251.0
1974-07,British Columbia,Net emigration,1584.0
1974-07,British Columbia,Emigrants,2952.0
1974-07,British Columbia,Returning emigrants,1368.0
1974-07,British Columbia,Net non-permanent residents,323.0
1974-07,Yukon,Immigrants,24.0
1974-07,Yukon,Net emigration,16.0
1974-07,Yukon,Emigrants,31.0
1974-07,Yukon,Returning emigrants,15.0
1974-07,Yukon,Net non-permanent residents,-4.0
1974-07,Northwest Territories including Nunavut,Immigrants,49.0
1974-07,Northwest Territories including Nunavut,Net emigration,6.0
1974-07,Northwest Territories including Nunavut,Emigrants,11.0
1974-07,Northwest Territories including Nunavut,Returning emigrants,5.0
1974-07,Northwest Territories including Nunavut,Net non-permanent residents,-6.0
1974-10,Canada,Immigrants,52064.0
1974-10,Canada,Net emigration,10948.0
1974-10,Canada,Emigrants,20890.0
1974-10,Canada,Returning emigrants,9942.0
1974-10,Canada,Net non-permanent residents,-5575.0
1974-10,Newfoundland and Labrador,Immigrants,239.0
1974-10,Newfoundland and Labrador,Net emigration,71.0
1974-10,Newfoundland and Labrador,Emigrants,138.0
1974-10,Newfoundland and Labrador,Returning emigrants,67.0
1974-10,Newfoundland and Labrador,Net non-permanent residents,-74.0
1974-10,Prince Edward Island,Immigrants,56.0
1974-10,Prince Edward Island,Net emigration,18.0
1974-10,Prince Edward Island,Emigrants,34.0
1974-10,Prince Edward Island,Returning emigrants,16.0
1974-10,Prince Edward Island,Net non-permanent residents,-8.0
1974-10,Nova Scotia,Immigrants,585.0
1974-10,Nova Scotia,Net emigration,101.0
1974-10,Nova Scotia,Emigrants,193.0
1974-10,Nova Scotia,Returning emigrants,92.0
1974-10,Nova Scotia,Net non-permanent residents,-43.0
1974-10,New Brunswick,Immigrants,419.0
1974-10,New Brunswick,Net emigration,182.0
1974-10,New Brunswick,Emigrants,351.0
1974-10,New Brunswick,Returning emigrants,169.0
1974-10,New Brunswick,Net non-permanent residents,-70.0
1974-10,Quebec,Immigrants,7522.0
1974-10,Quebec,Net emigration,1827.0
1974-10,Quebec,Emigrants,3554.0
1974-10,Quebec,Returning emigrants,1727.0
1974-10,Quebec,Net non-permanent residents,-548.0
1974-10,Ontario,Immigrants,28974.0
1974-10,Ontario,Net emigration,5257.0
1974-10,Ontario,Emigrants,10024.0
1974-10,Ontario,Returning emigrants,4767.0
1974-10,Ontario,Net non-permanent residents,-3508.0
1974-10,Manitoba,Immigrants,1785.0
1974-10,Manitoba,Net emigration,397.0
1974-10,Manitoba,Emigrants,771.0
1974-10,Manitoba,Returning emigrants,374.0
1974-10,Manitoba,Net non-permanent residents,-224.0
1974-10,Saskatchewan,Immigrants,608.0
1974-10,Saskatchewan,Net emigration,189.0
1974-10,Saskatchewan,Emigrants,376.0
1974-10,Saskatchewan,Returning emigrants,187.0
1974-10,Saskatchewan,Net non-permanent residents,-269.0
1974-10,Alberta,Immigrants,3625.0
1974-10,Alberta,Net emigration,1380.0
1974-10,Alberta,Emigrants,2606.0
1974-10,Alberta,Returning emigrants,1226.0
1974-10,Alberta,Net non-permanent residents,-708.0
1974-10,British Columbia,Immigrants,8175.0
1974-10,British Columbia,Net emigration,1505.0
1974-10,British Columbia,Emigrants,2805.0
1974-10,British Columbia,Returning emigrants,1300.0
1974-10,British Columbia,Net non-permanent residents,-71.0
1974-10,Yukon,Immigrants,25.0
1974-10,Yukon,Net emigration,15.0
1974-10,Yukon,Emigrants,28.0
1974-10,Yukon,Returning emigrants,13.0
1974-10,Yukon,Net non-permanent residents,-41.0
1974-10,Northwest Territories including Nunavut,Immigrants,51.0
1974-10,Northwest Territories including Nunavut,Net emigration,6.0
1974-10,Northwest Territories including Nunavut,Emigrants,10.0
1974-10,Northwest Territories including Nunavut,Returning emigrants,4.0
1974-10,Northwest Territories including Nunavut,Net non-permanent residents,-11.0
1975-01,Canada,Immigrants,43448.0
1975-01,Canada,Net emigration,9426.0
1975-01,Canada,Emigrants,17989.0
1975-01,Canada,Returning emigrants,8563.0
1975-01,Canada,Net non-permanent residents,1910.0
1975-01,Newfoundland and Labrador,Immigrants,184.0
1975-01,Newfoundland and Labrador,Net emigration,61.0
1975-01,Newfoundland and Labrador,Emigrants,119.0
1975-01,Newfoundland and Labrador,Returning emigrants,58.0
1975-01,Newfoundland and Labrador,Net non-permanent residents,11.0
1975-01,Prince Edward Island,Immigrants,63.0
1975-01,Prince Edward Island,Net emigration,15.0
1975-01,Prince Edward Island,Emigrants,28.0
1975-01,Prince Edward Island,Returning emigrants,13.0
1975-01,Prince Edward Island,Net non-permanent residents,1.0
1975-01,Nova Scotia,Immigrants,447.0
1975-01,Nova Scotia,Net emigration,85.0
1975-01,Nova Scotia,Emigrants,166.0
1975-01,Nova Scotia,Returning emigrants,81.0
1975-01,Nova Scotia,Net non-permanent residents,76.0
1975-01,New Brunswick,Immigrants,467.0
1975-01,New Brunswick,Net emigration,157.0
1975-01,New Brunswick,Emigrants,302.0
1975-01,New Brunswick,Returning emigrants,145.0
1975-01,New Brunswick,Net non-permanent residents,34.0
1975-01,Quebec,Immigrants,5861.0
1975-01,Quebec,Net emigration,1570.0
1975-01,Quebec,Emigrants,3054.0
1975-01,Quebec,Returning emigrants,1484.0
1975-01,Quebec,Net non-permanent residents,407.0
1975-01,Ontario,Immigrants,24014.0
1975-01,Ontario,Net emigration,4524.0
1975-01,Ontario,Emigrants,8626.0
1975-01,Ontario,Returning emigrants,4102.0
1975-01,Ontario,Net non-permanent residents,920.0
1975-01,Manitoba,Immigrants,1571.0
1975-01,Manitoba,Net emigration,340.0
1975-01,Manitoba,Emigrants,661.0
1975-01,Manitoba,Returning emigrants,321.0
1975-01,Manitoba,Net non-permanent residents,70.0
1975-01,Saskatchewan,Immigrants,593.0
1975-01,Saskatchewan,Net emigration,162.0
1975-01,Saskatchewan,Emigrants,323.0
1975-01,Saskatchewan,Returning emigrants,161.0
1975-01,Saskatchewan,Net non-permanent residents,92.0
1975-01,Alberta,Immigrants,3213.0
1975-01,Alberta,Net emigration,1193.0
1975-01,Alberta,Emigrants,2253.0
1975-01,Alberta,Returning emigrants,1060.0
1975-01,Alberta,Net non-permanent residents,182.0
1975-01,British Columbia,Immigrants,6971.0
1975-01,British Columbia,Net emigration,1300.0
1975-01,British Columbia,Emigrants,2423.0
1975-01,British Columbia,Returning emigrants,1123.0
1975-01,British Columbia,Net non-permanent residents,114.0
1975-01,Yukon,Immigrants,21.0
1975-01,Yukon,Net emigration,13.0
1975-01,Yukon,Emigrants,25.0
1975-01,Yukon,Returning emigrants,12.0
1975-01,Yukon,Net non-permanent residents,-2.0
1975-01,Northwest Territories including Nunavut,Immigrants,43.0
1975-01,Northwest Territories including Nunavut,Net emigration,6.0
1975-01,Northwest Territories including Nunavut,Emigrants,9.0
1975-01,Northwest Territories including Nunavut,Returning emigrants,3.0
1975-01,Northwest Territories including Nunavut,Net non-permanent residents,5.0
1975-04,Canada,Immigrants,51459.0
1975-04,Canada,Net emigration,8580.0
1975-04,Canada,Emigrants,17095.0
1975-04,Canada,Returning emigrants,8515.0
1975-04,Canada,Net non-permanent residents,6881.0
1975-04,Newfoundland and Labrador,Immigrants,269.0
1975-04,Newfoundland and Labrador,Net emigration,57.0
1975-04,Newfoundland and Labrador,Emigrants,113.0
1975-04,Newfoundland and Labrador,Returning emigrants,56.0
1975-04,Newfoundland and Labrador,Net non-permanent residents,100.0
1975-04,Prince Edward Island,Immigrants,73.0
1975-04,Prince Edward Island,Net emigration,14.0
1975-04,Prince Edward Island,Emigrants,27.0
1975-04,Prince Edward Island,Returning emigrants,13.0
1975-04,Prince Edward Island,Net non-permanent residents,12.0
1975-04,Nova Scotia,Immigrants,589.0
1975-04,Nova Scotia,Net emigration,77.0
1975-04,Nova Scotia,Emigrants,157.0
1975-04,Nova Scotia,Returning emigrants,80.0
1975-04,Nova Scotia,Net non-permanent residents,-11.0
1975-04,New Brunswick,Immigrants,452.0
1975-04,New Brunswick,Net emigration,143.0
1975-04,New Brunswick,Emigrants,287.0
1975-04,New Brunswick,Returning emigrants,144.0
1975-04,New Brunswick,Net non-permanent residents,0.0
1975-04,Quebec,Immigrants,8246.0
1975-04,Quebec,Net emigration,1425.0
1975-04,Quebec,Emigrants,2897.0
1975-04,Quebec,Returning emigrants,1472.0
1975-04,Quebec,Net non-permanent residents,810.0
1975-04,Ontario,Immigrants,26253.0
1975-04,Ontario,Net emigration,4113.0
1975-04,Ontario,Emigrants,8193.0
1975-04,Ontario,Returning emigrants,4080.0
1975-04,Ontario,Net non-permanent residents,4244.0
1975-04,Manitoba,Immigrants,1958.0
1975-04,Manitoba,Net emigration,309.0
1975-04,Manitoba,Emigrants,628.0
1975-04,Manitoba,Returning emigrants,319.0
1975-04,Manitoba,Net non-permanent residents,274.0
1975-04,Saskatchewan,Immigrants,710.0
1975-04,Saskatchewan,Net emigration,148.0
1975-04,Saskatchewan,Emigrants,307.0
1975-04,Saskatchewan,Returning emigrants,159.0
1975-04,Saskatchewan,Net non-permanent residents,189.0
1975-04,Alberta,Immigrants,4606.0
1975-04,Alberta,Net emigration,1094.0
1975-04,Alberta,Emigrants,2150.0
1975-04,Alberta,Returning emigrants,1056.0
1975-04,Alberta,Net non-permanent residents,787.0
1975-04,British Columbia,Immigrants,8221.0
1975-04,British Columbia,Net emigration,1183.0
1975-04,British Columbia,Emigrants,2303.0
1975-04,British Columbia,Returning emigrants,1120.0
1975-04,British Columbia,Net non-permanent residents,408.0
1975-04,Yukon,Immigrants,27.0
1975-04,Yukon,Net emigration,12.0
1975-04,Yukon,Emigrants,24.0
1975-04,Yukon,Returning emigrants,12.0
1975-04,Yukon,Net non-permanent residents,56.0
1975-04,Northwest Territories including Nunavut,Immigrants,55.0
1975-04,Northwest Territories including Nunavut,Net emigration,5.0
1975-04,Northwest Territories including Nunavut,Emigrants,9.0
1975-04,Northwest Territories including Nunavut,Returning emigrants,4.0
1975-04,Northwest Territories including Nunavut,Net non-permanent residents,12.0
1975-07,Canada,Immigrants,54550.0
1975-07,Canada,Net emigration,8720.0
1975-07,Canada,Emigrants,19095.0
1975-07,Canada,Returning emigrants,10375.0
1975-07,Canada,Net non-permanent residents,5188.0
1975-07,Newfoundland and Labrador,Immigrants,434.0
1975-07,Newfoundland and Labrador,Net emigration,57.0
1975-07,Newfoundland and Labrador,Emigrants,126.0
1975-07,Newfoundland and Labrador,Returning emigrants,69.0
1975-07,Newfoundland and Labrador,Net non-permanent residents,45.0
1975-07,Prince Edward Island,Immigrants,64.0
1975-07,Prince Edward Island,Net emigration,12.0
1975-07,Prince Edward Island,Emigrants,30.0
1975-07,Prince Edward Island,Returning emigrants,18.0
1975-07,Prince Edward Island,Net non-permanent residents,1.0
1975-07,Nova Scotia,Immigrants,695.0
1975-07,Nova Scotia,Net emigration,80.0
1975-07,Nova Scotia,Emigrants,176.0
1975-07,Nova Scotia,Returning emigrants,96.0
1975-07,Nova Scotia,Net non-permanent residents,110.0
1975-07,New Brunswick,Immigrants,666.0
1975-07,New Brunswick,Net emigration,146.0
1975-07,New Brunswick,Emigrants,321.0
1975-07,New Brunswick,Returning emigrants,175.0
1975-07,New Brunswick,Net non-permanent residents,148.0
1975-07,Quebec,Immigrants,8613.0
1975-07,Quebec,Net emigration,1445.0
1975-07,Quebec,Emigrants,3233.0
1975-07,Quebec,Returning emigrants,1788.0
1975-07,Quebec,Net non-permanent residents,1123.0
1975-07,Ontario,Immigrants,27541.0
1975-07,Ontario,Net emigration,4173.0
1975-07,Ontario,Emigrants,9148.0
1975-07,Ontario,Returning emigrants,4975.0
1975-07,Ontario,Net non-permanent residents,2700.0
1975-07,Manitoba,Immigrants,2109.0
1975-07,Manitoba,Net emigration,312.0
1975-07,Manitoba,Emigrants,700.0
1975-07,Manitoba,Returning emigrants,388.0
1975-07,Manitoba,Net non-permanent residents,123.0
1975-07,Saskatchewan,Immigrants,926.0
1975-07,Saskatchewan,Net emigration,149.0
1975-07,Saskatchewan,Emigrants,342.0
1975-07,Saskatchewan,Returning emigrants,193.0
1975-07,Saskatchewan,Net non-permanent residents,135.0
1975-07,Alberta,Immigrants,4981.0
1975-07,Alberta,Net emigration,1128.0
1975-07,Alberta,Emigrants,2410.0
1975-07,Alberta,Returning emigrants,1282.0
1975-07,Alberta,Net non-permanent residents,461.0
1975-07,British Columbia,Immigrants,8455.0
1975-07,British Columbia,Net emigration,1202.0
1975-07,British Columbia,Emigrants,2573.0
1975-07,British Columbia,Returning emigrants,1371.0
1975-07,British Columbia,Net non-permanent residents,351.0
1975-07,Yukon,Immigrants,22.0
1975-07,Yukon,Net emigration,12.0
1975-07,Yukon,Emigrants,26.0
1975-07,Yukon,Returning emigrants,14.0
1975-07,Yukon,Net non-permanent residents,-3.0
1975-07,Northwest Territories including Nunavut,Immigrants,44.0
1975-07,Northwest Territories including Nunavut,Net emigration,4.0
1975-07,Northwest Territories including Nunavut,Emigrants,10.0
1975-07,Northwest Territories including Nunavut,Returning emigrants,6.0
1975-07,Northwest Territories including Nunavut,Net non-permanent residents,-6.0
1975-10,Canada,Immigrants,38424.0
1975-10,Canada,Net emigration,7554.0
1975-10,Canada,Emigrants,16537.0
1975-10,Canada,Returning emigrants,8983.0
1975-10,Canada,Net non-permanent residents,-6048.0
1975-10,Newfoundland and Labrador,Immigrants,219.0
1975-10,Newfoundland and Labrador,Net emigration,50.0
1975-10,Newfoundland and Labrador,Emigrants,110.0
1975-10,Newfoundland and Labrador,Returning emigrants,60.0
1975-10,Newfoundland and Labrador,Net non-permanent residents,-82.0
1975-10,Prince Edward Island,Immigrants,35.0
1975-10,Prince Edward Island,Net emigration,12.0
1975-10,Prince Edward Island,Emigrants,26.0
1975-10,Prince Edward Island,Returning emigrants,14.0
1975-10,Prince Edward Island,Net non-permanent residents,-8.0
1975-10,Nova Scotia,Immigrants,393.0
1975-10,Nova Scotia,Net emigration,69.0
1975-10,Nova Scotia,Emigrants,152.0
1975-10,Nova Scotia,Returning emigrants,83.0
1975-10,Nova Scotia,Net non-permanent residents,-46.0
1975-10,New Brunswick,Immigrants,508.0
1975-10,New Brunswick,Net emigration,126.0
1975-10,New Brunswick,Emigrants,278.0
1975-10,New Brunswick,Returning emigrants,152.0
1975-10,New Brunswick,Net non-permanent residents,-78.0
1975-10,Quebec,Immigrants,5322.0
1975-10,Quebec,Net emigration,1248.0
1975-10,Quebec,Emigrants,2794.0
1975-10,Quebec,Returning emigrants,1546.0
1975-10,Quebec,Net non-permanent residents,-600.0
1975-10,Ontario,Immigrants,20663.0
1975-10,Ontario,Net emigration,3612.0
1975-10,Ontario,Emigrants,7919.0
1975-10,Ontario,Returning emigrants,4307.0
1975-10,Ontario,Net non-permanent residents,-3796.0
1975-10,Manitoba,Immigrants,1496.0
1975-10,Manitoba,Net emigration,270.0
1975-10,Manitoba,Emigrants,604.0
1975-10,Manitoba,Returning emigrants,334.0
1975-10,Manitoba,Net non-permanent residents,-242.0
1975-10,Saskatchewan,Immigrants,608.0
1975-10,Saskatchewan,Net emigration,130.0
1975-10,Saskatchewan,Emigrants,297.0
1975-10,Saskatchewan,Returning emigrants,167.0
1975-10,Saskatchewan,Net non-permanent residents,-292.0
1975-10,Alberta,Immigrants,3477.0
1975-10,Alberta,Net emigration,982.0
1975-10,Alberta,Emigrants,2098.0
1975-10,Alberta,Returning emigrants,1116.0
1975-10,Alberta,Net non-permanent residents,-770.0
1975-10,British Columbia,Immigrants,5625.0
1975-10,British Columbia,Net emigration,1041.0
1975-10,British Columbia,Emigrants,2228.0
1975-10,British Columbia,Returning emigrants,1187.0
1975-10,British Columbia,Net non-permanent residents,-77.0
1975-10,Yukon,Immigrants,27.0
1975-10,Yukon,Net emigration,11.0
1975-10,Yukon,Emigrants,23.0
1975-10,Yukon,Returning emigrants,12.0
1975-10,Yukon,Net non-permanent residents,-46.0
1975-10,Northwest Territories including Nunavut,Immigrants,51.0
1975-10,Northwest Territories including Nunavut,Net emigration,3.0
1975-10,Northwest Territories including Nunavut,Emigrants,8.0
1975-10,Northwest Territories including Nunavut,Returning emigrants,5.0
1975-10,Northwest Territories including Nunavut,Net non-permanent residents,-11.0
1976-01,Canada,Immigrants,32359.0
1976-01,Canada,Net emigration,6510.0
1976-01,Canada,Emigrants,14250.0
1976-01,Canada,Returning emigrants,7740.0
1976-01,Canada,Net non-permanent residents,2070.0
1976-01,Newfoundland and Labrador,Immigrants,177.0
1976-01,Newfoundland and Labrador,Net emigration,44.0
1976-01,Newfoundland and Labrador,Emigrants,94.0
1976-01,Newfoundland and Labrador,Returning emigrants,50.0
1976-01,Newfoundland and Labrador,Net non-permanent residents,12.0
1976-01,Prince Edward Island,Immigrants,51.0
1976-01,Prince Edward Island,Net emigration,10.0
1976-01,Prince Edward Island,Emigrants,22.0
1976-01,Prince Edward Island,Returning emigrants,12.0
1976-01,Prince Edward Island,Net non-permanent residents,0.0
1976-01,Nova Scotia,Immigrants,303.0
1976-01,Nova Scotia,Net emigration,59.0
1976-01,Nova Scotia,Emigrants,131.0
1976-01,Nova Scotia,Returning emigrants,72.0
1976-01,Nova Scotia,Net non-permanent residents,81.0
1976-01,New Brunswick,Immigrants,318.0
1976-01,New Brunswick,Net emigration,109.0
1976-01,New Brunswick,Emigrants,240.0
1976-01,New Brunswick,Returning emigrants,131.0
1976-01,New Brunswick,Net non-permanent residents,38.0
1976-01,Quebec,Immigrants,6023.0
1976-01,Quebec,Net emigration,1075.0
1976-01,Quebec,Emigrants,2405.0
1976-01,Quebec,Returning emigrants,1330.0
1976-01,Quebec,Net non-permanent residents,445.0
1976-01,Ontario,Immigrants,15790.0
1976-01,Ontario,Net emigration,3109.0
1976-01,Ontario,Emigrants,6816.0
1976-01,Ontario,Returning emigrants,3707.0
1976-01,Ontario,Net non-permanent residents,996.0
1976-01,Manitoba,Immigrants,1236.0
1976-01,Manitoba,Net emigration,233.0
1976-01,Manitoba,Emigrants,521.0
1976-01,Manitoba,Returning emigrants,288.0
1976-01,Manitoba,Net non-permanent residents,76.0
1976-01,Saskatchewan,Immigrants,494.0
1976-01,Saskatchewan,Net emigration,112.0
1976-01,Saskatchewan,Emigrants,256.0
1976-01,Saskatchewan,Returning emigrants,144.0
1976-01,Saskatchewan,Net non-permanent residents,100.0
1976-01,Alberta,Immigrants,3051.0
1976-01,Alberta,Net emigration,851.0
1976-01,Alberta,Emigrants,1817.0
1976-01,Alberta,Returning emigrants,966.0
1976-01,Alberta,Net non-permanent residents,197.0
1976-01,British Columbia,Immigrants,4857.0
1976-01,British Columbia,Net emigration,896.0
1976-01,British Columbia,Emigrants,1921.0
1976-01,British Columbia,Returning emigrants,1025.0
1976-01,British Columbia,Net non-permanent residents,123.0
1976-01,Yukon,Immigrants,20.0
1976-01,Yukon,Net emigration,9.0
1976-01,Yukon,Emigrants,20.0
1976-01,Yukon,Returning emigrants,11.0
1976-01,Yukon,Net non-permanent residents,-3.0
1976-01,Northwest Territories including Nunavut,Immigrants,39.0
1976-01,Northwest Territories including Nunavut,Net emigration,3.0
1976-01,Northwest Territories including Nunavut,Emigrants,7.0
1976-01,Northwest Territories including Nunavut,Returning emigrants,4.0
1976-01,Northwest Territories including Nunavut,Net non-permanent residents,5.0
1976-04,Canada,Immigrants,44695.0
1976-04,Canada,Net emigration,7531.0
1976-04,Canada,Emigrants,16832.0
1976-04,Canada,Returning emigrants,9301.0
1976-04,Canada,Net non-permanent residents,-4208.0
1976-04,Newfoundland and Labrador,Immigrants,183.0
1976-04,Newfoundland and Labrador,Net emigration,50.0
1976-04,Newfoundland and Labrador,Emigrants,112.0
1976-04,Newfoundland and Labrador,Returning emigrants,62.0
1976-04,Newfoundland and Labrador,Net non-permanent residents,12.0
1976-04,Prince Edward Island,Immigrants,72.0
1976-04,Prince Edward Island,Net emigration,12.0
1976-04,Prince Edward Island,Emigrants,26.0
1976-04,Prince Edward Island,Returning emigrants,14.0
1976-04,Prince Edward Island,Net non-permanent residents,6.0
1976-04,Nova Scotia,Immigrants,613.0
1976-04,Nova Scotia,Net emigration,68.0
1976-04,Nova Scotia,Emigrants,154.0
1976-04,Nova Scotia,Returning emigrants,86.0
1976-04,Nova Scotia,Net non-permanent residents,-226.0
1976-04,New Brunswick,Immigrants,749.0
1976-04,New Brunswick,Net emigration,127.0
1976-04,New Brunswick,Emigrants,284.0
1976-04,New Brunswick,Returning emigrants,157.0
1976-04,New Brunswick,Net non-permanent residents,-125.0
1976-04,Quebec,Immigrants,8405.0
1976-04,Quebec,Net emigration,1242.0
1976-04,Quebec,Emigrants,2838.0
1976-04,Quebec,Returning emigrants,1596.0
1976-04,Quebec,Net non-permanent residents,-1410.0
1976-04,Ontario,Immigrants,21654.0
1976-04,Ontario,Net emigration,3592.0
1976-04,Ontario,Emigrants,8048.0
1976-04,Ontario,Returning emigrants,4456.0
1976-04,Ontario,Net non-permanent residents,-1638.0
1976-04,Manitoba,Immigrants,1648.0
1976-04,Manitoba,Net emigration,268.0
1976-04,Manitoba,Emigrants,614.0
1976-04,Manitoba,Returning emigrants,346.0
1976-04,Manitoba,Net non-permanent residents,-65.0
1976-04,Saskatchewan,Immigrants,576.0
1976-04,Saskatchewan,Net emigration,130.0
1976-04,Saskatchewan,Emigrants,302.0
1976-04,Saskatchewan,Returning emigrants,172.0
1976-04,Saskatchewan,Net non-permanent residents,7.0
1976-04,Alberta,Immigrants,4396.0
1976-04,Alberta,Net emigration,993.0
1976-04,Alberta,Emigrants,2156.0
1976-04,Alberta,Returning emigrants,1163.0
1976-04,Alberta,Net non-permanent residents,-118.0
1976-04,British Columbia,Immigrants,6324.0
1976-04,British Columbia,Net emigration,1035.0
1976-04,British Columbia,Emigrants,2266.0
1976-04,British Columbia,Returning emigrants,1231.0
1976-04,British Columbia,Net non-permanent residents,-708.0
1976-04,Yukon,Immigrants,25.0
1976-04,Yukon,Net emigration,11.0
1976-04,Yukon,Emigrants,23.0
1976-04,Yukon,Returning emigrants,12.0
1976-04,Yukon,Net non-permanent residents,52.0
1976-04,Northwest Territories including Nunavut,Immigrants,50.0
1976-04,Northwest Territories including Nunavut,Net emigration,3.0
1976-04,Northwest Territories including Nunavut,Emigrants,9.0
1976-04,Northwest Territories including Nunavut,Returning emigrants,6.0
1976-04,Northwest Territories including Nunavut,Net non-permanent residents,5.0
1976-07,Canada,Immigrants,41539.0
1976-07,Canada,Net emigration,8050.0
1976-07,Canada,Emigrants,18803.0
1976-07,Canada,Returning emigrants,10753.0
1976-07,Canada,Net non-permanent residents,5036.0
1976-07,Newfoundland and Labrador,Immigrants,237.0
1976-07,Newfoundland and Labrador,Net emigration,53.0
1976-07,Newfoundland and Labrador,Emigrants,125.0
1976-07,Newfoundland and Labrador,Returning emigrants,72.0
1976-07,Newfoundland and Labrador,Net non-permanent residents,44.0
1976-07,Prince Edward Island,Immigrants,57.0
1976-07,Prince Edward Island,Net emigration,12.0
1976-07,Prince Edward Island,Emigrants,30.0
1976-07,Prince Edward Island,Returning emigrants,18.0
1976-07,Prince Edward Island,Net non-permanent residents,1.0
1976-07,Nova Scotia,Immigrants,659.0
1976-07,Nova Scotia,Net emigration,74.0
1976-07,Nova Scotia,Emigrants,172.0
1976-07,Nova Scotia,Returning emigrants,98.0
1976-07,Nova Scotia,Net non-permanent residents,105.0
1976-07,New Brunswick,Immigrants,399.0
1976-07,New Brunswick,Net emigration,135.0
1976-07,New Brunswick,Emigrants,316.0
1976-07,New Brunswick,Returning emigrants,181.0
1976-07,New Brunswick,Net non-permanent residents,145.0
1976-07,Quebec,Immigrants,8132.0
1976-07,Quebec,Net emigration,1328.0
1976-07,Quebec,Emigrants,3168.0
1976-07,Quebec,Returning emigrants,1840.0
1976-07,Quebec,Net non-permanent residents,1098.0
1976-07,Ontario,Immigrants,20291.0
1976-07,Ontario,Net emigration,3831.0
1976-07,Ontario,Emigrants,8984.0
1976-07,Ontario,Returning emigrants,5153.0
1976-07,Ontario,Net non-permanent residents,2614.0
1976-07,Manitoba,Immigrants,1435.0
1976-07,Manitoba,Net emigration,286.0
1976-07,Manitoba,Emigrants,684.0
1976-07,Manitoba,Returning emigrants,398.0
1976-07,Manitoba,Net non-permanent residents,118.0
1976-07,Saskatchewan,Immigrants,671.0
1976-07,Saskatchewan,Net emigration,140.0
1976-07,Saskatchewan,Emigrants,338.0
1976-07,Saskatchewan,Returning emigrants,198.0
1976-07,Saskatchewan,Net non-permanent residents,131.0
1976-07,Alberta,Immigrants,4251.0
1976-07,Alberta,Net emigration,1077.0
1976-07,Alberta,Emigrants,2420.0
1976-07,Alberta,Returning emigrants,1343.0
1976-07,Alberta,Net non-permanent residents,448.0
1976-07,British Columbia,Immigrants,5350.0
1976-07,British Columbia,Net emigration,1099.0
1976-07,British Columbia,Emigrants,2530.0
1976-07,British Columbia,Returning emigrants,1431.0
1976-07,British Columbia,Net non-permanent residents,340.0
1976-07,Yukon,Immigrants,14.0
1976-07,Yukon,Net emigration,11.0
1976-07,Yukon,Emigrants,26.0
1976-07,Yukon,Returning emigrants,15.0
1976-07,Yukon,Net non-permanent residents,-3.0
1976-07,Northwest Territories including Nunavut,Immigrants,43.0
1976-07,Northwest Territories including Nunavut,Net emigration,4.0
1976-07,Northwest Territories including Nunavut,Emigrants,10.0
1976-07,Northwest Territories including Nunavut,Returning emigrants,6.0
1976-07,Northwest Territories including Nunavut,Net non-permanent residents,-5.0
1976-10,Canada,Immigrants,30836.0
1976-10,Canada,Net emigration,6201.0
1976-10,Canada,Emigrants,14478.0
1976-10,Canada,Returning emigrants,8277.0
1976-10,Canada,Net non-permanent residents,-5867.0
1976-10,Newfoundland and Labrador,Immigrants,128.0
1976-10,Newfoundland and Labrador,Net emigration,41.0
1976-10,Newfoundland and Labrador,Emigrants,95.0
1976-10,Newfoundland and Labrador,Returning emigrants,54.0
1976-10,Newfoundland and Labrador,Net non-permanent residents,-81.0
1976-10,Prince Edward Island,Immigrants,55.0
1976-10,Prince Edward Island,Net emigration,9.0
1976-10,Prince Edward Island,Emigrants,23.0
1976-10,Prince Edward Island,Returning emigrants,14.0
1976-10,Prince Edward Island,Net non-permanent residents,-8.0
1976-10,Nova Scotia,Immigrants,367.0
1976-10,Nova Scotia,Net emigration,56.0
1976-10,Nova Scotia,Emigrants,133.0
1976-10,Nova Scotia,Returning emigrants,77.0
1976-10,Nova Scotia,Net non-permanent residents,-44.0
1976-10,New Brunswick,Immigrants,286.0
1976-10,New Brunswick,Net emigration,104.0
1976-10,New Brunswick,Emigrants,243.0
1976-10,New Brunswick,Returning emigrants,139.0
1976-10,New Brunswick,Net non-permanent residents,-76.0
1976-10,Quebec,Immigrants,6722.0
1976-10,Quebec,Net emigration,1021.0
1976-10,Quebec,Emigrants,2435.0
1976-10,Quebec,Returning emigrants,1414.0
1976-10,Quebec,Net non-permanent residents,-586.0
1976-10,Ontario,Immigrants,14296.0
1976-10,Ontario,Net emigration,2947.0
1976-10,Ontario,Emigrants,6911.0
1976-10,Ontario,Returning emigrants,3964.0
1976-10,Ontario,Net non-permanent residents,-3675.0
1976-10,Manitoba,Immigrants,1190.0
1976-10,Manitoba,Net emigration,219.0
1976-10,Manitoba,Emigrants,525.0
1976-10,Manitoba,Returning emigrants,306.0
1976-10,Manitoba,Net non-permanent residents,-233.0
1976-10,Saskatchewan,Immigrants,582.0
1976-10,Saskatchewan,Net emigration,109.0
1976-10,Saskatchewan,Emigrants,261.0
1976-10,Saskatchewan,Returning emigrants,152.0
1976-10,Saskatchewan,Net non-permanent residents,-284.0
1976-10,Alberta,Immigrants,3198.0
1976-10,Alberta,Net emigration,837.0
1976-10,Alberta,Emigrants,1878.0
1976-10,Alberta,Returning emigrants,1041.0
1976-10,Alberta,Net non-permanent residents,-749.0
1976-10,British Columbia,Immigrants,3953.0
1976-10,British Columbia,Net emigration,846.0
1976-10,British Columbia,Emigrants,1947.0
1976-10,British Columbia,Returning emigrants,1101.0
1976-10,British Columbia,Net non-permanent residents,-75.0
1976-10,Yukon,Immigrants,14.0
1976-10,Yukon,Net emigration,9.0
1976-10,Yukon,Emigrants,20.0
1976-10,Yukon,Returning emigrants,11.0
1976-10,Yukon,Net non-permanent residents,-46.0
1976-10,Northwest Territories including Nunavut,Immigrants,45.0
1976-10,Northwest Territories including Nunavut,Net emigration,3.0
1976-10,Northwest Territories including Nunavut,Emigrants,7.0
1976-10,Northwest Territories including Nunavut,Returning emigrants,4.0
1976-10,Northwest Territories including Nunavut,Net non-permanent residents,-10.0
1977-01,Canada,Immigrants,26048.0
1977-01,Canada,Net emigration,4634.0
1977-01,Canada,Emigrants,10827.0
1977-01,Canada,Returning emigrants,6193.0
1977-01,Canada,Net non-permanent residents,2009.0
1977-01,Newfoundland and Labrador,Immigrants,143.0
1977-01,Newfoundland and Labrador,Net emigration,30.0
1977-01,Newfoundland and Labrador,Emigrants,71.0
1977-01,Newfoundland and Labrador,Returning emigrants,41.0
1977-01,Newfoundland and Labrador,Net non-permanent residents,13.0
1977-01,Prince Edward Island,Immigrants,28.0
1977-01,Prince Edward Island,Net emigration,8.0
1977-01,Prince Edward Island,Emigrants,17.0
1977-01,Prince Edward Island,Returning emigrants,9.0
1977-01,Prince Edward Island,Net non-permanent residents,1.0
1977-01,Nova Scotia,Immigrants,409.0
1977-01,Nova Scotia,Net emigration,41.0
1977-01,Nova Scotia,Emigrants,99.0
1977-01,Nova Scotia,Returning emigrants,58.0
1977-01,Nova Scotia,Net non-permanent residents,77.0
1977-01,New Brunswick,Immigrants,385.0
1977-01,New Brunswick,Net emigration,77.0
1977-01,New Brunswick,Emigrants,182.0
1977-01,New Brunswick,Returning emigrants,105.0
1977-01,New Brunswick,Net non-permanent residents,37.0
1977-01,Quebec,Immigrants,4638.0
1977-01,Quebec,Net emigration,761.0
1977-01,Quebec,Emigrants,1818.0
1977-01,Quebec,Returning emigrants,1057.0
1977-01,Quebec,Net non-permanent residents,435.0
1977-01,Ontario,Immigrants,12549.0
1977-01,Ontario,Net emigration,2201.0
1977-01,Ontario,Emigrants,5162.0
1977-01,Ontario,Returning emigrants,2961.0
1977-01,Ontario,Net non-permanent residents,964.0
1977-01,Manitoba,Immigrants,1132.0
1977-01,Manitoba,Net emigration,163.0
1977-01,Manitoba,Emigrants,392.0
1977-01,Manitoba,Returning emigrants,229.0
1977-01,Manitoba,Net non-permanent residents,73.0
1977-01,Saskatchewan,Immigrants,473.0
1977-01,Saskatchewan,Net emigration,81.0
1977-01,Saskatchewan,Emigrants,194.0
1977-01,Saskatchewan,Returning emigrants,113.0
1977-01,Saskatchewan,Net non-permanent residents,97.0
1977-01,Alberta,Immigrants,2872.0
1977-01,Alberta,Net emigration,630.0
1977-01,Alberta,Emigrants,1415.0
1977-01,Alberta,Returning emigrants,785.0
1977-01,Alberta,Net non-permanent residents,192.0
1977-01,British Columbia,Immigrants,3385.0
1977-01,British Columbia,Net emigration,633.0
1977-01,British Columbia,Emigrants,1456.0
1977-01,British Columbia,Returning emigrants,823.0
1977-01,British Columbia,Net non-permanent residents,119.0
1977-01,Yukon,Immigrants,8.0
1977-01,Yukon,Net emigration,6.0
1977-01,Yukon,Emigrants,15.0
1977-01,Yukon,Returning emigrants,9.0
1977-01,Yukon,Net non-permanent residents,-3.0
1977-01,Northwest Territories including Nunavut,Immigrants,26.0
1977-01,Northwest Territories including Nunavut,Net emigration,3.0
1977-01,Northwest Territories including Nunavut,Emigrants,6.0
1977-01,Northwest Territories including Nunavut,Returning emigrants,3.0
1977-01,Northwest Territories including Nunavut,Net non-permanent residents,4.0
1977-04,Canada,Immigrants,32508.0
1977-04,Canada,Net emigration,6172.0
1977-04,Canada,Emigrants,13699.0
1977-04,Canada,Returning emigrants,7527.0
1977-04,Canada,Net non-permanent residents,-3180.0
1977-04,Newfoundland and Labrador,Immigrants,140.0
1977-04,Newfoundland and Labrador,Net emigration,40.0
1977-04,Newfoundland and Labrador,Emigrants,90.0
1977-04,Newfoundland and Labrador,Returning emigrants,50.0
1977-04,Newfoundland and Labrador,Net non-permanent residents,18.0
1977-04,Prince Edward Island,Immigrants,60.0
1977-04,Prince Edward Island,Net emigration,9.0
1977-04,Prince Edward Island,Emigrants,21.0
1977-04,Prince Edward Island,Returning emigrants,12.0
1977-04,Prince Edward Island,Net non-permanent residents,6.0
1977-04,Nova Scotia,Immigrants,419.0
1977-04,Nova Scotia,Net emigration,55.0
1977-04,Nova Scotia,Emigrants,125.0
1977-04,Nova Scotia,Returning emigrants,70.0
1977-04,Nova Scotia,Net non-permanent residents,-201.0
1977-04,New Brunswick,Immigrants,355.0
1977-04,New Brunswick,Net emigration,103.0
1977-04,New Brunswick,Emigrants,230.0
1977-04,New Brunswick,Returning emigrants,127.0
1977-04,New Brunswick,Net non-permanent residents,-112.0
1977-04,Quebec,Immigrants,5542.0
1977-04,Quebec,Net emigration,1014.0
1977-04,Quebec,Emigrants,2296.0
1977-04,Quebec,Returning emigrants,1282.0
1977-04,Quebec,Net non-permanent residents,-1200.0
1977-04,Ontario,Immigrants,16131.0
1977-04,Ontario,Net emigration,2929.0
1977-04,Ontario,Emigrants,6528.0
1977-04,Ontario,Returning emigrants,3599.0
1977-04,Ontario,Net non-permanent residents,-1104.0
1977-04,Manitoba,Immigrants,1397.0
1977-04,Manitoba,Net emigration,218.0
1977-04,Manitoba,Emigrants,495.0
1977-04,Manitoba,Returning emigrants,277.0
1977-04,Manitoba,Net non-permanent residents,-34.0
1977-04,Saskatchewan,Immigrants,654.0
1977-04,Saskatchewan,Net emigration,109.0
1977-04,Saskatchewan,Emigrants,246.0
1977-04,Saskatchewan,Returning emigrants,137.0
1977-04,Saskatchewan,Net non-permanent residents,22.0
1977-04,Alberta,Immigrants,3498.0
1977-04,Alberta,Net emigration,843.0
1977-04,Alberta,Emigrants,1799.0
1977-04,Alberta,Returning emigrants,956.0
1977-04,Alberta,Net non-permanent residents,-39.0
1977-04,British Columbia,Immigrants,4273.0
1977-04,British Columbia,Net emigration,840.0
1977-04,British Columbia,Emigrants,1843.0
1977-04,British Columbia,Returning emigrants,1003.0
1977-04,British Columbia,Net non-permanent residents,-595.0
1977-04,Yukon,Immigrants,10.0
1977-04,Yukon,Net emigration,9.0
1977-04,Yukon,Emigrants,19.0
1977-04,Yukon,Returning emigrants,10.0
1977-04,Yukon,Net non-permanent residents,54.0
1977-04,Northwest Territories including Nunavut,Immigrants,29.0
1977-04,Northwest Territories including Nunavut,Net emigration,3.0
1977-04,Northwest Territories including Nunavut,Emigrants,7.0
1977-04,Northwest Territories including Nunavut,Returning emigrants,4.0
1977-04,Northwest Territories including Nunavut,Net non-permanent residents,5.0
1977-07,Canada,Immigrants,33797.0
1977-07,Canada,Net emigration,10339.0
1977-07,Canada,Emigrants,20837.0
1977-07,Canada,Returning emigrants,10498.0
1977-07,Canada,Net non-permanent residents,4940.0
1977-07,Newfoundland and Labrador,Immigrants,188.0
1977-07,Newfoundland and Labrador,Net emigration,68.0
1977-07,Newfoundland and Labrador,Emigrants,137.0
1977-07,Newfoundland and Labrador,Returning emigrants,69.0
1977-07,Newfoundland and Labrador,Net non-permanent residents,44.0
1977-07,Prince Edward Island,Immigrants,49.0
1977-07,Prince Edward Island,Net emigration,15.0
1977-07,Prince Edward Island,Emigrants,33.0
1977-07,Prince Edward Island,Returning emigrants,18.0
1977-07,Prince Edward Island,Net non-permanent residents,1.0
1977-07,Nova Scotia,Immigrants,439.0
1977-07,Nova Scotia,Net emigration,92.0
1977-07,Nova Scotia,Emigrants,189.0
1977-07,Nova Scotia,Returning emigrants,97.0
1977-07,Nova Scotia,Net non-permanent residents,102.0
1977-07,New Brunswick,Immigrants,253.0
1977-07,New Brunswick,Net emigration,172.0
1977-07,New Brunswick,Emigrants,349.0
1977-07,New Brunswick,Returning emigrants,177.0
1977-07,New Brunswick,Net non-permanent residents,145.0
1977-07,Quebec,Immigrants,5325.0
1977-07,Quebec,Net emigration,1701.0
1977-07,Quebec,Emigrants,3487.0
1977-07,Quebec,Returning emigrants,1786.0
1977-07,Quebec,Net non-permanent residents,1084.0
1977-07,Ontario,Immigrants,16961.0
1977-07,Ontario,Net emigration,4901.0
1977-07,Ontario,Emigrants,9922.0
1977-07,Ontario,Returning emigrants,5021.0
1977-07,Ontario,Net non-permanent residents,2555.0
1977-07,Manitoba,Immigrants,1481.0
1977-07,Manitoba,Net emigration,366.0
1977-07,Manitoba,Emigrants,752.0
1977-07,Manitoba,Returning emigrants,386.0
1977-07,Manitoba,Net non-permanent residents,116.0
1977-07,Saskatchewan,Immigrants,709.0
1977-07,Saskatchewan,Net emigration,184.0
1977-07,Saskatchewan,Emigrants,374.0
1977-07,Saskatchewan,Returning emigrants,190.0
1977-07,Saskatchewan,Net non-permanent residents,129.0
1977-07,Alberta,Immigrants,3862.0
1977-07,Alberta,Net emigration,1419.0
1977-07,Alberta,Emigrants,2752.0
1977-07,Alberta,Returning emigrants,1333.0
1977-07,Alberta,Net non-permanent residents,440.0
1977-07,British Columbia,Immigrants,4471.0
1977-07,British Columbia,Net emigration,1401.0
1977-07,British Columbia,Emigrants,2802.0
1977-07,British Columbia,Returning emigrants,1401.0
1977-07,British Columbia,Net non-permanent residents,333.0
1977-07,Yukon,Immigrants,20.0
1977-07,Yukon,Net emigration,15.0
1977-07,Yukon,Emigrants,29.0
1977-07,Yukon,Returning emigrants,14.0
1977-07,Yukon,Net non-permanent residents,-4.0
1977-07,Northwest Territories including Nunavut,Immigrants,39.0
1977-07,Northwest Territories including Nunavut,Net emigration,5.0
1977-07,Northwest Territories including Nunavut,Emigrants,11.0
1977-07,Northwest Territories including Nunavut,Returning emigrants,6.0
1977-07,Northwest Territories including Nunavut,Net non-permanent residents,-5.0
1977-10,Canada,Immigrants,22561.0
1977-10,Canada,Net emigration,7961.0
1977-10,Canada,Emigrants,16046.0
1977-10,Canada,Returning emigrants,8085.0
1977-10,Canada,Net non-permanent residents,-5751.0
1977-10,Newfoundland and Labrador,Immigrants,112.0
1977-10,Newfoundland and Labrador,Net emigration,52.0
1977-10,Newfoundland and Labrador,Emigrants,105.0
1977-10,Newfoundland and Labrador,Returning emigrants,53.0
1977-10,Newfoundland and Labrador,Net non-permanent residents,-80.0
1977-10,Prince Edward Island,Immigrants,55.0
1977-10,Prince Edward Island,Net emigration,12.0
1977-10,Prince Edward Island,Emigrants,25.0
1977-10,Prince Edward Island,Returning emigrants,13.0
1977-10,Prince Edward Island,Net non-permanent residents,-8.0
1977-10,Nova Scotia,Immigrants,320.0
1977-10,Nova Scotia,Net emigration,71.0
1977-10,Nova Scotia,Emigrants,146.0
1977-10,Nova Scotia,Returning emigrants,75.0
1977-10,Nova Scotia,Net non-permanent residents,-43.0
1977-10,New Brunswick,Immigrants,165.0
1977-10,New Brunswick,Net emigration,133.0
1977-10,New Brunswick,Emigrants,269.0
1977-10,New Brunswick,Returning emigrants,136.0
1977-10,New Brunswick,Net non-permanent residents,-76.0
1977-10,Quebec,Immigrants,3743.0
1977-10,Quebec,Net emigration,1305.0
1977-10,Quebec,Emigrants,2675.0
1977-10,Quebec,Returning emigrants,1370.0
1977-10,Quebec,Net non-permanent residents,-579.0
1977-10,Ontario,Immigrants,10953.0
1977-10,Ontario,Net emigration,3772.0
1977-10,Ontario,Emigrants,7636.0
1977-10,Ontario,Returning emigrants,3864.0
1977-10,Ontario,Net non-permanent residents,-3592.0
1977-10,Manitoba,Immigrants,1048.0
1977-10,Manitoba,Net emigration,282.0
1977-10,Manitoba,Emigrants,577.0
1977-10,Manitoba,Returning emigrants,295.0
1977-10,Manitoba,Net non-permanent residents,-228.0
1977-10,Saskatchewan,Immigrants,395.0
1977-10,Saskatchewan,Net emigration,140.0
1977-10,Saskatchewan,Emigrants,288.0
1977-10,Saskatchewan,Returning emigrants,148.0
1977-10,Saskatchewan,Net non-permanent residents,-279.0
1977-10,Alberta,Immigrants,2462.0
1977-10,Alberta,Net emigration,1099.0
1977-10,Alberta,Emigrants,2135.0
1977-10,Alberta,Returning emigrants,1036.0
1977-10,Alberta,Net non-permanent residents,-736.0
1977-10,British Columbia,Immigrants,3266.0
1977-10,British Columbia,Net emigration,1080.0
1977-10,British Columbia,Emigrants,2160.0
1977-10,British Columbia,Returning emigrants,1080.0
1977-10,British Columbia,Net non-permanent residents,-74.0
1977-10,Yukon,Immigrants,14.0
1977-10,Yukon,Net emigration,12.0
1977-10,Yukon,Emigrants,22.0
1977-10,Yukon,Returning emigrants,10.0
1977-10,Yukon,Net non-permanent residents,-47.0
1977-10,Northwest Territories including Nunavut,Immigrants,28.0
1977-10,Northwest Territories including Nunavut,Net emigration,3.0
1977-10,Northwest Territories including Nunavut,Emigrants,8.0
1977-10,Northwest Territories including Nunavut,Returning emigrants,5.0
1977-10,Northwest Territories including Nunavut,Net non-permanent residents,-9.0
1978-01,Canada,Immigrants,20332.0
1978-01,Canada,Net emigration,5948.0
1978-01,Canada,Emigrants,11992.0
1978-01,Canada,Returning emigrants,6044.0
1978-01,Canada,Net non-permanent residents,1971.0
1978-01,Newfoundland and Labrador,Immigrants,72.0
1978-01,Newfoundland and Labrador,Net emigration,38.0
1978-01,Newfoundland and Labrador,Emigrants,78.0
1978-01,Newfoundland and Labrador,Returning emigrants,40.0
1978-01,Newfoundland and Labrador,Net non-permanent residents,12.0
1978-01,Prince Edward Island,Immigrants,26.0
1978-01,Prince Edward Island,Net emigration,8.0
1978-01,Prince Edward Island,Emigrants,19.0
1978-01,Prince Edward Island,Returning emigrants,11.0
1978-01,Prince Edward Island,Net non-permanent residents,1.0
1978-01,Nova Scotia,Immigrants,210.0
1978-01,Nova Scotia,Net emigration,53.0
1978-01,Nova Scotia,Emigrants,108.0
1978-01,Nova Scotia,Returning emigrants,55.0
1978-01,Nova Scotia,Net non-permanent residents,75.0
1978-01,New Brunswick,Immigrants,162.0
1978-01,New Brunswick,Net emigration,99.0
1978-01,New Brunswick,Emigrants,200.0
1978-01,New Brunswick,Returning emigrants,101.0
1978-01,New Brunswick,Net non-permanent residents,37.0
1978-01,Quebec,Immigrants,3307.0
1978-01,Quebec,Net emigration,972.0
1978-01,Quebec,Emigrants,1993.0
1978-01,Quebec,Returning emigrants,1021.0
1978-01,Quebec,Net non-permanent residents,430.0
1978-01,Ontario,Immigrants,9990.0
1978-01,Ontario,Net emigration,2817.0
1978-01,Ontario,Emigrants,5703.0
1978-01,Ontario,Returning emigrants,2886.0
1978-01,Ontario,Net non-permanent residents,942.0
1978-01,Manitoba,Immigrants,919.0
1978-01,Manitoba,Net emigration,210.0
1978-01,Manitoba,Emigrants,431.0
1978-01,Manitoba,Returning emigrants,221.0
1978-01,Manitoba,Net non-permanent residents,71.0
1978-01,Saskatchewan,Immigrants,374.0
1978-01,Saskatchewan,Net emigration,105.0
1978-01,Saskatchewan,Emigrants,215.0
1978-01,Saskatchewan,Returning emigrants,110.0
1978-01,Saskatchewan,Net non-permanent residents,95.0
1978-01,Alberta,Immigrants,2504.0
1978-01,Alberta,Net emigration,826.0
1978-01,Alberta,Emigrants,1604.0
1978-01,Alberta,Returning emigrants,778.0
1978-01,Alberta,Net non-permanent residents,189.0
1978-01,British Columbia,Immigrants,2721.0
1978-01,British Columbia,Net emigration,808.0
1978-01,British Columbia,Emigrants,1618.0
1978-01,British Columbia,Returning emigrants,810.0
1978-01,British Columbia,Net non-permanent residents,117.0
1978-01,Yukon,Immigrants,16.0
1978-01,Yukon,Net emigration,9.0
1978-01,Yukon,Emigrants,17.0
1978-01,Yukon,Returning emigrants,8.0
1978-01,Yukon,Net non-permanent residents,-2.0
1978-01,Northwest Territories including Nunavut,Immigrants,31.0
1978-01,Northwest Territories including Nunavut,Net emigration,3.0
1978-01,Northwest Territories including Nunavut,Emigrants,6.0
1978-01,Northwest Territories including Nunavut,Returning emigrants,3.0
1978-01,Northwest Territories including Nunavut,Net non-permanent residents,4.0
1978-04,Canada,Immigrants,24277.0
1978-04,Canada,Net emigration,7189.0
1978-04,Canada,Emigrants,14446.0
1978-04,Canada,Returning emigrants,7257.0
1978-04,Canada,Net non-permanent residents,-4157.0
1978-04,Newfoundland and Labrador,Immigrants,94.0
1978-04,Newfoundland and Labrador,Net emigration,46.0
1978-04,Newfoundland and Labrador,Emigrants,94.0
1978-04,Newfoundland and Labrador,Returning emigrants,48.0
1978-04,Newfoundland and Labrador,Net non-permanent residents,11.0
1978-04,Prince Edward Island,Immigrants,44.0
1978-04,Prince Edward Island,Net emigration,11.0
1978-04,Prince Edward Island,Emigrants,23.0
1978-04,Prince Edward Island,Returning emigrants,12.0
1978-04,Prince Edward Island,Net non-permanent residents,6.0
1978-04,Nova Scotia,Immigrants,250.0
1978-04,Nova Scotia,Net emigration,63.0
1978-04,Nova Scotia,Emigrants,130.0
1978-04,Nova Scotia,Returning emigrants,67.0
1978-04,Nova Scotia,Net non-permanent residents,-213.0
1978-04,New Brunswick,Immigrants,171.0
1978-04,New Brunswick,Net emigration,119.0
1978-04,New Brunswick,Emigrants,241.0
1978-04,New Brunswick,Returning emigrants,122.0
1978-04,New Brunswick,Net non-permanent residents,-124.0
1978-04,Quebec,Immigrants,3794.0
1978-04,Quebec,Net emigration,1173.0
1978-04,Quebec,Emigrants,2397.0
1978-04,Quebec,Returning emigrants,1224.0
1978-04,Quebec,Net non-permanent residents,-1393.0
1978-04,Ontario,Immigrants,12082.0
1978-04,Ontario,Net emigration,3401.0
1978-04,Ontario,Emigrants,6865.0
1978-04,Ontario,Returning emigrants,3464.0
1978-04,Ontario,Net non-permanent residents,-1629.0
1978-04,Manitoba,Immigrants,978.0
1978-04,Manitoba,Net emigration,253.0
1978-04,Manitoba,Emigrants,518.0
1978-04,Manitoba,Returning emigrants,265.0
1978-04,Manitoba,Net non-permanent residents,-65.0
1978-04,Saskatchewan,Immigrants,428.0
1978-04,Saskatchewan,Net emigration,127.0
1978-04,Saskatchewan,Emigrants,259.0
1978-04,Saskatchewan,Returning emigrants,132.0
1978-04,Saskatchewan,Net non-permanent residents,5.0
1978-04,Alberta,Immigrants,2806.0
1978-04,Alberta,Net emigration,1005.0
1978-04,Alberta,Emigrants,1943.0
1978-04,Alberta,Returning emigrants,938.0
1978-04,Alberta,Net non-permanent residents,-126.0
1978-04,British Columbia,Immigrants,3590.0
1978-04,British Columbia,Net emigration,977.0
1978-04,British Columbia,Emigrants,1949.0
1978-04,British Columbia,Returning emigrants,972.0
1978-04,British Columbia,Net non-permanent residents,-685.0
1978-04,Yukon,Immigrants,13.0
1978-04,Yukon,Net emigration,11.0
1978-04,Yukon,Emigrants,20.0
1978-04,Yukon,Returning emigrants,9.0
1978-04,Yukon,Net non-permanent residents,53.0
1978-04,Northwest Territories including Nunavut,Immigrants,27.0
1978-04,Northwest Territories including Nunavut,Net emigration,3.0
1978-04,Northwest Territories including Nunavut,Emigrants,7.0
1978-04,Northwest Territories including Nunavut,Returning emigrants,4.0
1978-04,Northwest Territories including Nunavut,Net non-permanent residents,3.0
1978-07,Canada,Immigrants,21948.0
1978-07,Canada,Net emigration,10482.0
1978-07,Canada,Emigrants,20924.0
1978-07,Canada,Returning emigrants,10442.0
1978-07,Canada,Net non-permanent residents,4785.0
1978-07,Newfoundland and Labrador,Immigrants,119.0
1978-07,Newfoundland and Labrador,Net emigration,67.0
1978-07,Newfoundland and Labrador,Emigrants,135.0
1978-07,Newfoundland and Labrador,Returning emigrants,68.0
1978-07,Newfoundland and Labrador,Net non-permanent residents,42.0
1978-07,Prince Edward Island,Immigrants,48.0
1978-07,Prince Edward Island,Net emigration,15.0
1978-07,Prince Edward Island,Emigrants,33.0
1978-07,Prince Edward Island,Returning emigrants,18.0
1978-07,Prince Edward Island,Net non-permanent residents,1.0
1978-07,Nova Scotia,Immigrants,320.0
1978-07,Nova Scotia,Net emigration,94.0
1978-07,Nova Scotia,Emigrants,189.0
1978-07,Nova Scotia,Returning emigrants,95.0
1978-07,Nova Scotia,Net non-permanent residents,97.0
1978-07,New Brunswick,Immigrants,179.0
1978-07,New Brunswick,Net emigration,173.0
1978-07,New Brunswick,Emigrants,348.0
1978-07,New Brunswick,Returning emigrants,175.0
1978-07,New Brunswick,Net non-permanent residents,142.0
1978-07,Quebec,Immigrants,3633.0
1978-07,Quebec,Net emigration,1708.0
1978-07,Quebec,Emigrants,3468.0
1978-07,Quebec,Returning emigrants,1760.0
1978-07,Quebec,Net non-permanent residents,1057.0
1978-07,Ontario,Immigrants,10630.0
1978-07,Ontario,Net emigration,4950.0
1978-07,Ontario,Emigrants,9935.0
1978-07,Ontario,Returning emigrants,4985.0
1978-07,Ontario,Net non-permanent residents,2469.0
1978-07,Manitoba,Immigrants,915.0
1978-07,Manitoba,Net emigration,368.0
1978-07,Manitoba,Emigrants,749.0
1978-07,Manitoba,Returning emigrants,381.0
1978-07,Manitoba,Net non-permanent residents,111.0
1978-07,Saskatchewan,Immigrants,424.0
1978-07,Saskatchewan,Net emigration,184.0
1978-07,Saskatchewan,Emigrants,374.0
1978-07,Saskatchewan,Returning emigrants,190.0
1978-07,Saskatchewan,Net non-permanent residents,125.0
1978-07,Alberta,Immigrants,2474.0
1978-07,Alberta,Net emigration,1474.0
1978-07,Alberta,Emigrants,2827.0
1978-07,Alberta,Returning emigrants,1353.0
1978-07,Alberta,Net non-permanent residents,428.0
1978-07,British Columbia,Immigrants,3149.0
1978-07,British Columbia,Net emigration,1428.0
1978-07,British Columbia,Emigrants,2826.0
1978-07,British Columbia,Returning emigrants,1398.0
1978-07,British Columbia,Net non-permanent residents,321.0
1978-07,Yukon,Immigrants,19.0
1978-07,Yukon,Net emigration,15.0
1978-07,Yukon,Emigrants,29.0
1978-07,Yukon,Returning emigrants,14.0
1978-07,Yukon,Net non-permanent residents,-4.0
1978-07,Northwest Territories including Nunavut,Immigrants,38.0
1978-07,Northwest Territories including Nunavut,Net emigration,6.0
1978-07,Northwest Territories including Nunavut,Emigrants,11.0
1978-07,Northwest Territories including Nunavut,Returning emigrants,5.0
1978-07,Northwest Territories including Nunavut,Net non-permanent residents,-4.0
1978-10,Canada,Immigrants,19756.0
1978-10,Canada,Net emigration,8073.0
1978-10,Canada,Emigrants,16112.0
1978-10,Canada,Returning emigrants,8039.0
1978-10,Canada,Net non-permanent residents,-5569.0
1978-10,Newfoundland and Labrador,Immigrants,89.0
1978-10,Newfoundland and Labrador,Net emigration,51.0
1978-10,Newfoundland and Labrador,Emigrants,104.0
1978-10,Newfoundland and Labrador,Returning emigrants,53.0
1978-10,Newfoundland and Labrador,Net non-permanent residents,-79.0
1978-10,Prince Edward Island,Immigrants,27.0
1978-10,Prince Edward Island,Net emigration,12.0
1978-10,Prince Edward Island,Emigrants,25.0
1978-10,Prince Edward Island,Returning emigrants,13.0
1978-10,Prince Edward Island,Net non-permanent residents,-8.0
1978-10,Nova Scotia,Immigrants,200.0
1978-10,Nova Scotia,Net emigration,71.0
1978-10,Nova Scotia,Emigrants,145.0
1978-10,Nova Scotia,Returning emigrants,74.0
1978-10,Nova Scotia,Net non-permanent residents,-41.0
1978-10,New Brunswick,Immigrants,149.0
1978-10,New Brunswick,Net emigration,133.0
1978-10,New Brunswick,Emigrants,268.0
1978-10,New Brunswick,Returning emigrants,135.0
1978-10,New Brunswick,Net non-permanent residents,-74.0
1978-10,Quebec,Immigrants,3556.0
1978-10,Quebec,Net emigration,1312.0
1978-10,Quebec,Emigrants,2662.0
1978-10,Quebec,Returning emigrants,1350.0
1978-10,Quebec,Net non-permanent residents,-565.0
1978-10,Ontario,Immigrants,9695.0
1978-10,Ontario,Net emigration,3808.0
1978-10,Ontario,Emigrants,7642.0
1978-10,Ontario,Returning emigrants,3834.0
1978-10,Ontario,Net non-permanent residents,-3472.0
1978-10,Manitoba,Immigrants,762.0
1978-10,Manitoba,Net emigration,282.0
1978-10,Manitoba,Emigrants,573.0
1978-10,Manitoba,Returning emigrants,291.0
1978-10,Manitoba,Net non-permanent residents,-219.0
1978-10,Saskatchewan,Immigrants,338.0
1978-10,Saskatchewan,Net emigration,142.0
1978-10,Saskatchewan,Emigrants,287.0
1978-10,Saskatchewan,Returning emigrants,145.0
1978-10,Saskatchewan,Net non-permanent residents,-271.0
1978-10,Alberta,Immigrants,2042.0
1978-10,Alberta,Net emigration,1143.0
1978-10,Alberta,Emigrants,2193.0
1978-10,Alberta,Returning emigrants,1050.0
1978-10,Alberta,Net non-permanent residents,-715.0
1978-10,British Columbia,Immigrants,2871.0
1978-10,British Columbia,Net emigration,1102.0
1978-10,British Columbia,Emigrants,2182.0
1978-10,British Columbia,Returning emigrants,1080.0
1978-10,British Columbia,Net non-permanent residents,-70.0
1978-10,Yukon,Immigrants,9.0
1978-10,Yukon,Net emigration,12.0
1978-10,Yukon,Emigrants,23.0
1978-10,Yukon,Returning emigrants,11.0
1978-10,Yukon,Net non-permanent residents,-47.0
1978-10,Northwest Territories including Nunavut,Immigrants,18.0
1978-10,Northwest Territories including Nunavut,Net emigration,5.0
1978-10,Northwest Territories including Nunavut,Emigrants,8.0
1978-10,Northwest Territories including Nunavut,Returning emigrants,3.0
1978-10,Northwest Territories including Nunavut,Net non-permanent residents,-8.0
1979-01,Canada,Immigrants,18866.0
1979-01,Canada,Net emigration,6030.0
1979-01,Canada,Emigrants,12044.0
1979-01,Canada,Returning emigrants,6014.0
1979-01,Canada,Net non-permanent residents,1913.0
1979-01,Newfoundland and Labrador,Immigrants,80.0
1979-01,Newfoundland and Labrador,Net emigration,38.0
1979-01,Newfoundland and Labrador,Emigrants,78.0
1979-01,Newfoundland and Labrador,Returning emigrants,40.0
1979-01,Newfoundland and Labrador,Net non-permanent residents,13.0
1979-01,Prince Edward Island,Immigrants,39.0
1979-01,Prince Edward Island,Net emigration,8.0
1979-01,Prince Edward Island,Emigrants,19.0
1979-01,Prince Edward Island,Returning emigrants,11.0
1979-01,Prince Edward Island,Net non-permanent residents,1.0
1979-01,Nova Scotia,Immigrants,207.0
1979-01,Nova Scotia,Net emigration,53.0
1979-01,Nova Scotia,Emigrants,108.0
1979-01,Nova Scotia,Returning emigrants,55.0
1979-01,Nova Scotia,Net non-permanent residents,72.0
1979-01,New Brunswick,Immigrants,152.0
1979-01,New Brunswick,Net emigration,99.0
1979-01,New Brunswick,Emigrants,200.0
1979-01,New Brunswick,Returning emigrants,101.0
1979-01,New Brunswick,Net non-permanent residents,36.0
1979-01,Quebec,Immigrants,3767.0
1979-01,Quebec,Net emigration,978.0
1979-01,Quebec,Emigrants,1987.0
1979-01,Quebec,Returning emigrants,1009.0
1979-01,Quebec,Net non-permanent residents,420.0
1979-01,Ontario,Immigrants,8836.0
1979-01,Ontario,Net emigration,2842.0
1979-01,Ontario,Emigrants,5705.0
1979-01,Ontario,Returning emigrants,2863.0
1979-01,Ontario,Net non-permanent residents,911.0
1979-01,Manitoba,Immigrants,758.0
1979-01,Manitoba,Net emigration,209.0
1979-01,Manitoba,Emigrants,427.0
1979-01,Manitoba,Returning emigrants,218.0
1979-01,Manitoba,Net non-permanent residents,69.0
1979-01,Saskatchewan,Immigrants,350.0
1979-01,Saskatchewan,Net emigration,107.0
1979-01,Saskatchewan,Emigrants,215.0
1979-01,Saskatchewan,Returning emigrants,108.0
1979-01,Saskatchewan,Net non-permanent residents,93.0
1979-01,Alberta,Immigrants,1782.0
1979-01,Alberta,Net emigration,859.0
1979-01,Alberta,Emigrants,1648.0
1979-01,Alberta,Returning emigrants,789.0
1979-01,Alberta,Net non-permanent residents,183.0
1979-01,British Columbia,Immigrants,2862.0
1979-01,British Columbia,Net emigration,825.0
1979-01,British Columbia,Emigrants,1634.0
1979-01,British Columbia,Returning emigrants,809.0
1979-01,British Columbia,Net non-permanent residents,113.0
1979-01,Yukon,Immigrants,11.0
1979-01,Yukon,Net emigration,9.0
1979-01,Yukon,Emigrants,17.0
1979-01,Yukon,Returning emigrants,8.0
1979-01,Yukon,Net non-permanent residents,-2.0
1979-01,Northwest Territories including Nunavut,Immigrants,22.0
1979-01,Northwest Territories including Nunavut,Net emigration,3.0
1979-01,Northwest Territories including Nunavut,Emigrants,6.0
1979-01,Northwest Territories including Nunavut,Returning emigrants,3.0
1979-01,Northwest Territories including Nunavut,Net non-permanent residents,4.0
1979-04,Canada,Immigrants,23948.0
1979-04,Canada,Net emigration,6272.0
1979-04,Canada,Emigrants,13278.0
1979-04,Canada,Returning emigrants,7006.0
1979-04,Canada,Net non-permanent residents,6861.0
1979-04,Newfoundland and Labrador,Immigrants,89.0
1979-04,Newfoundland and Labrador,Net emigration,39.0
1979-04,Newfoundland and Labrador,Emigrants,86.0
1979-04,Newfoundland and Labrador,Returning emigrants,47.0
1979-04,Newfoundland and Labrador,Net non-permanent residents,105.0
1979-04,Prince Edward Island,Immigrants,54.0
1979-04,Prince Edward Island,Net emigration,9.0
1979-04,Prince Edward Island,Emigrants,21.0
1979-04,Prince Edward Island,Returning emigrants,12.0
1979-04,Prince Edward Island,Net non-permanent residents,13.0
1979-04,Nova Scotia,Immigrants,240.0
1979-04,Nova Scotia,Net emigration,55.0
1979-04,Nova Scotia,Emigrants,119.0
1979-04,Nova Scotia,Returning emigrants,64.0
1979-04,Nova Scotia,Net non-permanent residents,-11.0
1979-04,New Brunswick,Immigrants,209.0
1979-04,New Brunswick,Net emigration,103.0
1979-04,New Brunswick,Emigrants,220.0
1979-04,New Brunswick,Returning emigrants,117.0
1979-04,New Brunswick,Net non-permanent residents,-2.0
1979-04,Quebec,Immigrants,3877.0
1979-04,Quebec,Net emigration,1016.0
1979-04,Quebec,Emigrants,2189.0
1979-04,Quebec,Returning emigrants,1173.0
1979-04,Quebec,Net non-permanent residents,830.0
1979-04,Ontario,Immigrants,11607.0
1979-04,Ontario,Net emigration,2947.0
1979-04,Ontario,Emigrants,6282.0
1979-04,Ontario,Returning emigrants,3335.0
1979-04,Ontario,Net non-permanent residents,4198.0
1979-04,Manitoba,Immigrants,975.0
1979-04,Manitoba,Net emigration,216.0
1979-04,Manitoba,Emigrants,469.0
1979-04,Manitoba,Returning emigrants,253.0
1979-04,Manitoba,Net non-permanent residents,268.0
1979-04,Saskatchewan,Immigrants,561.0
1979-04,Saskatchewan,Net emigration,111.0
1979-04,Saskatchewan,Emigrants,237.0
1979-04,Saskatchewan,Returning emigrants,126.0
1979-04,Saskatchewan,Net non-permanent residents,189.0
1979-04,Alberta,Immigrants,2644.0
1979-04,Alberta,Net emigration,903.0
1979-04,Alberta,Emigrants,1827.0
1979-04,Alberta,Returning emigrants,924.0
1979-04,Alberta,Net non-permanent residents,795.0
1979-04,British Columbia,Immigrants,3655.0
1979-04,British Columbia,Net emigration,861.0
1979-04,British Columbia,Emigrants,1803.0
1979-04,British Columbia,Returning emigrants,942.0
1979-04,British Columbia,Net non-permanent residents,406.0
1979-04,Yukon,Immigrants,12.0
1979-04,Yukon,Net emigration,8.0
1979-04,Yukon,Emigrants,18.0
1979-04,Yukon,Returning emigrants,10.0
1979-04,Yukon,Net non-permanent residents,63.0
1979-04,Northwest Territories including Nunavut,Immigrants,25.0
1979-04,Northwest Territories including Nunavut,Net emigration,4.0
1979-04,Northwest Territories including Nunavut,Emigrants,7.0
1979-04,Northwest Territories including Nunavut,Returning emigrants,3.0
1979-04,Northwest Territories including Nunavut,Net non-permanent residents,7.0
1979-07,Canada,Immigrants,32052.0
1979-07,Canada,Net emigration,7428.0
1979-07,Canada,Emigrants,17929.0
1979-07,Canada,Returning emigrants,10501.0
1979-07,Canada,Net non-permanent residents,5197.0
1979-07,Newfoundland and Labrador,Immigrants,210.0
1979-07,Newfoundland and Labrador,Net emigration,47.0
1979-07,Newfoundland and Labrador,Emigrants,115.0
1979-07,Newfoundland and Labrador,Returning emigrants,68.0
1979-07,Newfoundland and Labrador,Net non-permanent residents,47.0
1979-07,Prince Edward Island,Immigrants,94.0
1979-07,Prince Edward Island,Net emigration,12.0
1979-07,Prince Edward Island,Emigrants,28.0
1979-07,Prince Edward Island,Returning emigrants,16.0
1979-07,Prince Edward Island,Net non-permanent residents,1.0
1979-07,Nova Scotia,Immigrants,401.0
1979-07,Nova Scotia,Net emigration,65.0
1979-07,Nova Scotia,Emigrants,160.0
1979-07,Nova Scotia,Returning emigrants,95.0
1979-07,Nova Scotia,Net non-permanent residents,103.0
1979-07,New Brunswick,Immigrants,311.0
1979-07,New Brunswick,Net emigration,122.0
1979-07,New Brunswick,Emigrants,297.0
1979-07,New Brunswick,Returning emigrants,175.0
1979-07,New Brunswick,Net non-permanent residents,157.0
1979-07,Quebec,Immigrants,5252.0
1979-07,Quebec,Net emigration,1196.0
1979-07,Quebec,Emigrants,2953.0
1979-07,Quebec,Returning emigrants,1757.0
1979-07,Quebec,Net non-permanent residents,1156.0
1979-07,Ontario,Immigrants,14692.0
1979-07,Ontario,Net emigration,3472.0
1979-07,Ontario,Emigrants,8473.0
1979-07,Ontario,Returning emigrants,5001.0
1979-07,Ontario,Net non-permanent residents,2672.0
1979-07,Manitoba,Immigrants,1290.0
1979-07,Manitoba,Net emigration,252.0
1979-07,Manitoba,Emigrants,632.0
1979-07,Manitoba,Returning emigrants,380.0
1979-07,Manitoba,Net non-permanent residents,121.0
1979-07,Saskatchewan,Immigrants,778.0
1979-07,Saskatchewan,Net emigration,130.0
1979-07,Saskatchewan,Emigrants,319.0
1979-07,Saskatchewan,Returning emigrants,189.0
1979-07,Saskatchewan,Net non-permanent residents,136.0
1979-07,Alberta,Immigrants,4027.0
1979-07,Alberta,Net emigration,1092.0
1979-07,Alberta,Emigrants,2480.0
1979-07,Alberta,Returning emigrants,1388.0
1979-07,Alberta,Net non-permanent residents,465.0
1979-07,British Columbia,Immigrants,4951.0
1979-07,British Columbia,Net emigration,1027.0
1979-07,British Columbia,Emigrants,2438.0
1979-07,British Columbia,Returning emigrants,1411.0
1979-07,British Columbia,Net non-permanent residents,348.0
1979-07,Yukon,Immigrants,15.0
1979-07,Yukon,Net emigration,10.0
1979-07,Yukon,Emigrants,25.0
1979-07,Yukon,Returning emigrants,15.0
1979-07,Yukon,Net non-permanent residents,-5.0
1979-07,Northwest Territories including Nunavut,Immigrants,31.0
1979-07,Northwest Territories including Nunavut,Net emigration,3.0
1979-07,Northwest Territories including Nunavut,Emigrants,9.0
1979-07,Northwest Territories including Nunavut,Returning emigrants,6.0
1979-07,Northwest Territories including Nunavut,Net non-permanent residents,-4.0
1979-10,Canada,Immigrants,37230.0
1979-10,Canada,Net emigration,4762.0
1979-10,Canada,Emigrants,11498.0
1979-10,Canada,Returning emigrants,6736.0
1979-10,Canada,Net non-permanent residents,-6041.0
1979-10,Newfoundland and Labrador,Immigrants,174.0
1979-10,Newfoundland and Labrador,Net emigration,29.0
1979-10,Newfoundland and Labrador,Emigrants,73.0
1979-10,Newfoundland and Labrador,Returning emigrants,44.0
1979-10,Newfoundland and Labrador,Net non-permanent residents,-87.0
1979-10,Prince Edward Island,Immigrants,102.0
1979-10,Prince Edward Island,Net emigration,6.0
1979-10,Prince Edward Island,Emigrants,18.0
1979-10,Prince Edward Island,Returning emigrants,12.0
1979-10,Prince Edward Island,Net non-permanent residents,-9.0
1979-10,Nova Scotia,Immigrants,490.0
1979-10,Nova Scotia,Net emigration,41.0
1979-10,Nova Scotia,Emigrants,103.0
1979-10,Nova Scotia,Returning emigrants,62.0
1979-10,Nova Scotia,Net non-permanent residents,-43.0
1979-10,New Brunswick,Immigrants,473.0
1979-10,New Brunswick,Net emigration,77.0
1979-10,New Brunswick,Emigrants,190.0
1979-10,New Brunswick,Returning emigrants,113.0
1979-10,New Brunswick,Net non-permanent residents,-82.0
1979-10,Quebec,Immigrants,6638.0
1979-10,Quebec,Net emigration,766.0
1979-10,Quebec,Emigrants,1889.0
1979-10,Quebec,Returning emigrants,1123.0
1979-10,Quebec,Net non-permanent residents,-618.0
1979-10,Ontario,Immigrants,16844.0
1979-10,Ontario,Net emigration,2223.0
1979-10,Ontario,Emigrants,5424.0
1979-10,Ontario,Returning emigrants,3201.0
1979-10,Ontario,Net non-permanent residents,-3757.0
1979-10,Manitoba,Immigrants,1883.0
1979-10,Manitoba,Net emigration,160.0
1979-10,Manitoba,Emigrants,403.0
1979-10,Manitoba,Returning emigrants,243.0
1979-10,Manitoba,Net non-permanent residents,-238.0
1979-10,Saskatchewan,Immigrants,1073.0
1979-10,Saskatchewan,Net emigration,83.0
1979-10,Saskatchewan,Emigrants,204.0
1979-10,Saskatchewan,Returning emigrants,121.0
1979-10,Saskatchewan,Net non-permanent residents,-294.0
1979-10,Alberta,Immigrants,4333.0
1979-10,Alberta,Net emigration,706.0
1979-10,Alberta,Emigrants,1602.0
1979-10,Alberta,Returning emigrants,896.0
1979-10,Alberta,Net non-permanent residents,-778.0
1979-10,British Columbia,Immigrants,5128.0
1979-10,British Columbia,Net emigration,662.0
1979-10,British Columbia,Emigrants,1570.0
1979-10,British Columbia,Returning emigrants,908.0
1979-10,British Columbia,Net non-permanent residents,-76.0
1979-10,Yukon,Immigrants,31.0
1979-10,Yukon,Net emigration,6.0
1979-10,Yukon,Emigrants,16.0
1979-10,Yukon,Returning emigrants,10.0
1979-10,Yukon,Net non-permanent residents,-51.0
1979-10,Northwest Territories including Nunavut,Immigrants,61.0
1979-10,Northwest Territories including Nunavut,Net emigration,3.0
1979-10,Northwest Territories including Nunavut,Emigrants,6.0
1979-10,Northwest Territories including Nunavut,Returning emigrants,3.0
1979-10,Northwest Territories including Nunavut,Net non-permanent residents,-8.0
1980-01,Canada,Immigrants,34349.0
1980-01,Canada,Net emigration,3886.0
1980-01,Canada,Emigrants,9376.0
1980-01,Canada,Returning emigrants,5490.0
1980-01,Canada,Net non-permanent residents,2075.0
1980-01,Newfoundland and Labrador,Immigrants,111.0
1980-01,Newfoundland and Labrador,Net emigration,24.0
1980-01,Newfoundland and Labrador,Emigrants,60.0
1980-01,Newfoundland and Labrador,Returning emigrants,36.0
1980-01,Newfoundland and Labrador,Net non-permanent residents,14.0
1980-01,Prince Edward Island,Immigrants,47.0
1980-01,Prince Edward Island,Net emigration,6.0
1980-01,Prince Edward Island,Emigrants,15.0
1980-01,Prince Edward Island,Returning emigrants,9.0
1980-01,Prince Edward Island,Net non-permanent residents,1.0
1980-01,Nova Scotia,Immigrants,364.0
1980-01,Nova Scotia,Net emigration,34.0
1980-01,Nova Scotia,Emigrants,83.0
1980-01,Nova Scotia,Returning emigrants,49.0
1980-01,Nova Scotia,Net non-permanent residents,76.0
1980-01,New Brunswick,Immigrants,443.0
1980-01,New Brunswick,Net emigration,62.0
1980-01,New Brunswick,Emigrants,154.0
1980-01,New Brunswick,Returning emigrants,92.0
1980-01,New Brunswick,Net non-permanent residents,40.0
1980-01,Quebec,Immigrants,6604.0
1980-01,Quebec,Net emigration,623.0
1980-01,Quebec,Emigrants,1537.0
1980-01,Quebec,Returning emigrants,914.0
1980-01,Quebec,Net non-permanent residents,459.0
1980-01,Ontario,Immigrants,15470.0
1980-01,Ontario,Net emigration,1809.0
1980-01,Ontario,Emigrants,4414.0
1980-01,Ontario,Returning emigrants,2605.0
1980-01,Ontario,Net non-permanent residents,986.0
1980-01,Manitoba,Immigrants,1773.0
1980-01,Manitoba,Net emigration,129.0
1980-01,Manitoba,Emigrants,326.0
1980-01,Manitoba,Returning emigrants,197.0
1980-01,Manitoba,Net non-permanent residents,75.0
1980-01,Saskatchewan,Immigrants,884.0
1980-01,Saskatchewan,Net emigration,68.0
1980-01,Saskatchewan,Emigrants,167.0
1980-01,Saskatchewan,Returning emigrants,99.0
1980-01,Saskatchewan,Net non-permanent residents,101.0
1980-01,Alberta,Immigrants,3508.0
1980-01,Alberta,Net emigration,580.0
1980-01,Alberta,Emigrants,1316.0
1980-01,Alberta,Returning emigrants,736.0
1980-01,Alberta,Net non-permanent residents,200.0
1980-01,British Columbia,Immigrants,5106.0
1980-01,British Columbia,Net emigration,543.0
1980-01,British Columbia,Emigrants,1286.0
1980-01,British Columbia,Returning emigrants,743.0
1980-01,British Columbia,Net non-permanent residents,122.0
1980-01,Yukon,Immigrants,22.0
1980-01,Yukon,Net emigration,6.0
1980-01,Yukon,Emigrants,13.0
1980-01,Yukon,Returning emigrants,7.0
1980-01,Yukon,Net non-permanent residents,-3.0
1980-01,Northwest Territories including Nunavut,Immigrants,17.0
1980-01,Northwest Territories including Nunavut,Net emigration,2.0
1980-01,Northwest Territories including Nunavut,Emigrants,5.0
1980-01,Northwest Territories including Nunavut,Returning emigrants,3.0
1980-01,Northwest Territories including Nunavut,Net non-permanent residents,4.0
1980-04,Canada,Immigrants,40194.0
1980-04,Canada,Net emigration,4445.0
1980-04,Canada,Emigrants,11076.0
1980-04,Canada,Returning emigrants,6631.0
1980-04,Canada,Net non-permanent residents,13755.0
1980-04,Newfoundland and Labrador,Immigrants,186.0
1980-04,Newfoundland and Labrador,Net emigration,27.0
1980-04,Newfoundland and Labrador,Emigrants,70.0
1980-04,Newfoundland and Labrador,Returning emigrants,43.0
1980-04,Newfoundland and Labrador,Net non-permanent residents,170.0
1980-04,Prince Edward Island,Immigrants,57.0
1980-04,Prince Edward Island,Net emigration,7.0
1980-04,Prince Edward Island,Emigrants,17.0
1980-04,Prince Edward Island,Returning emigrants,10.0
1980-04,Prince Edward Island,Net non-permanent residents,18.0
1980-04,Nova Scotia,Immigrants,630.0
1980-04,Nova Scotia,Net emigration,38.0
1980-04,Nova Scotia,Emigrants,98.0
1980-04,Nova Scotia,Returning emigrants,60.0
1980-04,Nova Scotia,Net non-permanent residents,99.0
1980-04,New Brunswick,Immigrants,303.0
1980-04,New Brunswick,Net emigration,70.0
1980-04,New Brunswick,Emigrants,182.0
1980-04,New Brunswick,Returning emigrants,112.0
1980-04,New Brunswick,Net non-permanent residents,68.0
1980-04,Quebec,Immigrants,5891.0
1980-04,Quebec,Net emigration,700.0
1980-04,Quebec,Emigrants,1813.0
1980-04,Quebec,Returning emigrants,1113.0
1980-04,Quebec,Net non-permanent residents,2184.0
1980-04,Ontario,Immigrants,17530.0
1980-04,Ontario,Net emigration,2073.0
1980-04,Ontario,Emigrants,5206.0
1980-04,Ontario,Returning emigrants,3133.0
1980-04,Ontario,Net non-permanent residents,7881.0
1980-04,Manitoba,Immigrants,2261.0
1980-04,Manitoba,Net emigration,149.0
1980-04,Manitoba,Emigrants,384.0
1980-04,Manitoba,Returning emigrants,235.0
1980-04,Manitoba,Net non-permanent residents,481.0
1980-04,Saskatchewan,Immigrants,987.0
1980-04,Saskatchewan,Net emigration,76.0
1980-04,Saskatchewan,Emigrants,196.0
1980-04,Saskatchewan,Returning emigrants,120.0
1980-04,Saskatchewan,Net non-permanent residents,314.0
1980-04,Alberta,Immigrants,5327.0
1980-04,Alberta,Net emigration,673.0
1980-04,Alberta,Emigrants,1565.0
1980-04,Alberta,Returning emigrants,892.0
1980-04,Alberta,Net non-permanent residents,1396.0
1980-04,British Columbia,Immigrants,6959.0
1980-04,British Columbia,Net emigration,623.0
1980-04,British Columbia,Emigrants,1524.0
1980-04,British Columbia,Returning emigrants,901.0
1980-04,British Columbia,Net non-permanent residents,1058.0
1980-04,Yukon,Immigrants,25.0
1980-04,Yukon,Net emigration,6.0
1980-04,Yukon,Emigrants,15.0
1980-04,Yukon,Returning emigrants,9.0
1980-04,Yukon,Net non-permanent residents,77.0
1980-04,Northwest Territories including Nunavut,Immigrants,38.0
1980-04,Northwest Territories including Nunavut,Net emigration,3.0
1980-04,Northwest Territories including Nunavut,Emigrants,6.0
1980-04,Northwest Territories including Nunavut,Returning emigrants,3.0
1980-04,Northwest Territories including Nunavut,Net non-permanent residents,9.0
1980-07,Canada,Immigrants,37376.0
1980-07,Canada,Net emigration,5348.0
1980-07,Canada,Emigrants,14255.0
1980-07,Canada,Returning emigrants,8907.0
1980-07,Canada,Net non-permanent residents,5966.0
1980-07,Newfoundland and Labrador,Immigrants,143.0
1980-07,Newfoundland and Labrador,Net emigration,32.0
1980-07,Newfoundland and Labrador,Emigrants,90.0
1980-07,Newfoundland and Labrador,Returning emigrants,58.0
1980-07,Newfoundland and Labrador,Net non-permanent residents,55.0
1980-07,Prince Edward Island,Immigrants,42.0
1980-07,Prince Edward Island,Net emigration,9.0
1980-07,Prince Edward Island,Emigrants,22.0
1980-07,Prince Edward Island,Returning emigrants,13.0
1980-07,Prince Edward Island,Net non-permanent residents,2.0
1980-07,Nova Scotia,Immigrants,380.0
1980-07,Nova Scotia,Net emigration,44.0
1980-07,Nova Scotia,Emigrants,127.0
1980-07,Nova Scotia,Returning emigrants,83.0
1980-07,Nova Scotia,Net non-permanent residents,118.0
1980-07,New Brunswick,Immigrants,270.0
1980-07,New Brunswick,Net emigration,79.0
1980-07,New Brunswick,Emigrants,233.0
1980-07,New Brunswick,Returning emigrants,154.0
1980-07,New Brunswick,Net non-permanent residents,181.0
1980-07,Quebec,Immigrants,5033.0
1980-07,Quebec,Net emigration,811.0
1980-07,Quebec,Emigrants,2330.0
1980-07,Quebec,Returning emigrants,1519.0
1980-07,Quebec,Net non-permanent residents,1335.0
1980-07,Ontario,Immigrants,15778.0
1980-07,Ontario,Net emigration,2508.0
1980-07,Ontario,Emigrants,6689.0
1980-07,Ontario,Returning emigrants,4181.0
1980-07,Ontario,Net non-permanent residents,3057.0
1980-07,Manitoba,Immigrants,2099.0
1980-07,Manitoba,Net emigration,184.0
1980-07,Manitoba,Emigrants,493.0
1980-07,Manitoba,Returning emigrants,309.0
1980-07,Manitoba,Net non-permanent residents,138.0
1980-07,Saskatchewan,Immigrants,1028.0
1980-07,Saskatchewan,Net emigration,89.0
1980-07,Saskatchewan,Emigrants,252.0
1980-07,Saskatchewan,Returning emigrants,163.0
1980-07,Saskatchewan,Net non-permanent residents,155.0
1980-07,Alberta,Immigrants,5754.0
1980-07,Alberta,Net emigration,830.0
1980-07,Alberta,Emigrants,2026.0
1980-07,Alberta,Returning emigrants,1196.0
1980-07,Alberta,Net non-permanent residents,535.0
1980-07,British Columbia,Immigrants,6795.0
1980-07,British Columbia,Net emigration,750.0
1980-07,British Columbia,Emigrants,1967.0
1980-07,British Columbia,Returning emigrants,1217.0
1980-07,British Columbia,Net non-permanent residents,399.0
1980-07,Yukon,Immigrants,23.0
1980-07,Yukon,Net emigration,9.0
1980-07,Yukon,Emigrants,19.0
1980-07,Yukon,Returning emigrants,10.0
1980-07,Yukon,Net non-permanent residents,-5.0
1980-07,Northwest Territories including Nunavut,Immigrants,31.0
1980-07,Northwest Territories including Nunavut,Net emigration,3.0
1980-07,Northwest Territories including Nunavut,Emigrants,7.0
1980-07,Northwest Territories including Nunavut,Returning emigrants,4.0
1980-07,Northwest Territories including Nunavut,Net non-permanent residents,-4.0
1980-10,Canada,Immigrants,31579.0
1980-10,Canada,Net emigration,3944.0
1980-10,Canada,Emigrants,10518.0
1980-10,Canada,Returning emigrants,6574.0
1980-10,Canada,Net non-permanent residents,-6927.0
1980-10,Newfoundland and Labrador,Immigrants,101.0
1980-10,Newfoundland and Labrador,Net emigration,24.0
1980-10,Newfoundland and Labrador,Emigrants,66.0
1980-10,Newfoundland and Labrador,Returning emigrants,42.0
1980-10,Newfoundland and Labrador,Net non-permanent residents,-101.0
1980-10,Prince Edward Island,Immigrants,44.0
1980-10,Prince Edward Island,Net emigration,7.0
1980-10,Prince Edward Island,Emigrants,16.0
1980-10,Prince Edward Island,Returning emigrants,9.0
1980-10,Prince Edward Island,Net non-permanent residents,-11.0
1980-10,Nova Scotia,Immigrants,257.0
1980-10,Nova Scotia,Net emigration,32.0
1980-10,Nova Scotia,Emigrants,92.0
1980-10,Nova Scotia,Returning emigrants,60.0
1980-10,Nova Scotia,Net non-permanent residents,-50.0
1980-10,New Brunswick,Immigrants,198.0
1980-10,New Brunswick,Net emigration,59.0
1980-10,New Brunswick,Emigrants,172.0
1980-10,New Brunswick,Returning emigrants,113.0
1980-10,New Brunswick,Net non-permanent residents,-95.0
1980-10,Quebec,Immigrants,5063.0
1980-10,Quebec,Net emigration,597.0
1980-10,Quebec,Emigrants,1716.0
1980-10,Quebec,Returning emigrants,1119.0
1980-10,Quebec,Net non-permanent residents,-713.0
1980-10,Ontario,Immigrants,13608.0
1980-10,Ontario,Net emigration,1843.0
1980-10,Ontario,Emigrants,4920.0
1980-10,Ontario,Returning emigrants,3077.0
1980-10,Ontario,Net non-permanent residents,-4299.0
1980-10,Manitoba,Immigrants,1580.0
1980-10,Manitoba,Net emigration,136.0
1980-10,Manitoba,Emigrants,362.0
1980-10,Manitoba,Returning emigrants,226.0
1980-10,Manitoba,Net non-permanent residents,-271.0
1980-10,Saskatchewan,Immigrants,751.0
1980-10,Saskatchewan,Net emigration,65.0
1980-10,Saskatchewan,Emigrants,186.0
1980-10,Saskatchewan,Returning emigrants,121.0
1980-10,Saskatchewan,Net non-permanent residents,-337.0
1980-10,Alberta,Immigrants,4300.0
1980-10,Alberta,Net emigration,617.0
1980-10,Alberta,Emigrants,1510.0
1980-10,Alberta,Returning emigrants,893.0
1980-10,Alberta,Net non-permanent residents,-894.0
1980-10,British Columbia,Immigrants,5643.0
1980-10,British Columbia,Net emigration,556.0
1980-10,British Columbia,Emigrants,1458.0
1980-10,British Columbia,Returning emigrants,902.0
1980-10,British Columbia,Net non-permanent residents,-88.0
1980-10,Yukon,Immigrants,18.0
1980-10,Yukon,Net emigration,6.0
1980-10,Yukon,Emigrants,15.0
1980-10,Yukon,Returning emigrants,9.0
1980-10,Yukon,Net non-permanent residents,-60.0
1980-10,Northwest Territories including Nunavut,Immigrants,16.0
1980-10,Northwest Territories including Nunavut,Net emigration,2.0
1980-10,Northwest Territories including Nunavut,Emigrants,5.0
1980-10,Northwest Territories including Nunavut,Returning emigrants,3.0
1980-10,Northwest Territories including Nunavut,Net non-permanent residents,-8.0
1981-01,Canada,Immigrants,26789.0
1981-01,Canada,Net emigration,3249.0
1981-01,Canada,Emigrants,8662.0
1981-01,Canada,Returning emigrants,5413.0
1981-01,Canada,Net non-permanent residents,2377.0
1981-01,Newfoundland and Labrador,Immigrants,124.0
1981-01,Newfoundland and Labrador,Net emigration,20.0
1981-01,Newfoundland and Labrador,Emigrants,55.0
1981-01,Newfoundland and Labrador,Returning emigrants,35.0
1981-01,Newfoundland and Labrador,Net non-permanent residents,16.0
1981-01,Prince Edward Island,Immigrants,19.0
1981-01,Prince Edward Island,Net emigration,6.0
1981-01,Prince Edward Island,Emigrants,13.0
1981-01,Prince Edward Island,Returning emigrants,7.0
1981-01,Prince Edward Island,Net non-permanent residents,1.0
1981-01,Nova Scotia,Immigrants,268.0
1981-01,Nova Scotia,Net emigration,26.0
1981-01,Nova Scotia,Emigrants,76.0
1981-01,Nova Scotia,Returning emigrants,50.0
1981-01,Nova Scotia,Net non-permanent residents,87.0
1981-01,New Brunswick,Immigrants,183.0
1981-01,New Brunswick,Net emigration,47.0
1981-01,New Brunswick,Emigrants,140.0
1981-01,New Brunswick,Returning emigrants,93.0
1981-01,New Brunswick,Net non-permanent residents,46.0
1981-01,Quebec,Immigrants,4143.0
1981-01,Quebec,Net emigration,490.0
1981-01,Quebec,Emigrants,1409.0
1981-01,Quebec,Returning emigrants,919.0
1981-01,Quebec,Net non-permanent residents,529.0
1981-01,Ontario,Immigrants,11290.0
1981-01,Ontario,Net emigration,1516.0
1981-01,Ontario,Emigrants,4045.0
1981-01,Ontario,Returning emigrants,2529.0
1981-01,Ontario,Net non-permanent residents,1128.0
1981-01,Manitoba,Immigrants,1329.0
1981-01,Manitoba,Net emigration,111.0
1981-01,Manitoba,Emigrants,297.0
1981-01,Manitoba,Returning emigrants,186.0
1981-01,Manitoba,Net non-permanent residents,85.0
1981-01,Saskatchewan,Immigrants,587.0
1981-01,Saskatchewan,Net emigration,53.0
1981-01,Saskatchewan,Emigrants,152.0
1981-01,Saskatchewan,Returning emigrants,99.0
1981-01,Saskatchewan,Net non-permanent residents,116.0
1981-01,Alberta,Immigrants,4001.0
1981-01,Alberta,Net emigration,513.0
1981-01,Alberta,Emigrants,1253.0
1981-01,Alberta,Returning emigrants,740.0
1981-01,Alberta,Net non-permanent residents,229.0
1981-01,British Columbia,Immigrants,4780.0
1981-01,British Columbia,Net emigration,460.0
1981-01,British Columbia,Emigrants,1206.0
1981-01,British Columbia,Returning emigrants,746.0
1981-01,British Columbia,Net non-permanent residents,140.0
1981-01,Yukon,Immigrants,40.0
1981-01,Yukon,Net emigration,6.0
1981-01,Yukon,Emigrants,12.0
1981-01,Yukon,Returning emigrants,6.0
1981-01,Yukon,Net non-permanent residents,-4.0
1981-01,Northwest Territories including Nunavut,Immigrants,25.0
1981-01,Northwest Territories including Nunavut,Net emigration,1.0
1981-01,Northwest Territories including Nunavut,Emigrants,4.0
1981-01,Northwest Territories including Nunavut,Returning emigrants,3.0
1981-01,Northwest Territories including Nunavut,Net non-permanent residents,4.0
1981-04,Canada,Immigrants,31494.0
1981-04,Canada,Net emigration,5278.0
1981-04,Canada,Emigrants,11428.0
1981-04,Canada,Returning emigrants,6150.0
1981-04,Canada,Net non-permanent residents,11877.0
1981-04,Newfoundland and Labrador,Immigrants,115.0
1981-04,Newfoundland and Labrador,Net emigration,44.0
1981-04,Newfoundland and Labrador,Emigrants,85.0
1981-04,Newfoundland and Labrador,Returning emigrants,41.0
1981-04,Newfoundland and Labrador,Net non-permanent residents,152.0
1981-04,Prince Edward Island,Immigrants,41.0
1981-04,Prince Edward Island,Net emigration,6.0
1981-04,Prince Edward Island,Emigrants,16.0
1981-04,Prince Edward Island,Returning emigrants,10.0
1981-04,Prince Edward Island,Net non-permanent residents,13.0
1981-04,Nova Scotia,Immigrants,366.0
1981-04,Nova Scotia,Net emigration,55.0
1981-04,Nova Scotia,Emigrants,107.0
1981-04,Nova Scotia,Returning emigrants,52.0
1981-04,Nova Scotia,Net non-permanent residents,42.0
1981-04,New Brunswick,Immigrants,312.0
1981-04,New Brunswick,Net emigration,115.0
1981-04,New Brunswick,Emigrants,209.0
1981-04,New Brunswick,Returning emigrants,94.0
1981-04,New Brunswick,Net non-permanent residents,68.0
1981-04,Quebec,Immigrants,4548.0
1981-04,Quebec,Net emigration,855.0
1981-04,Quebec,Emigrants,1888.0
1981-04,Quebec,Returning emigrants,1033.0
1981-04,Quebec,Net non-permanent residents,1581.0
1981-04,Ontario,Immigrants,13972.0
1981-04,Ontario,Net emigration,2328.0
1981-04,Ontario,Emigrants,5226.0
1981-04,Ontario,Returning emigrants,2898.0
1981-04,Ontario,Net non-permanent residents,7010.0
1981-04,Manitoba,Immigrants,1319.0
1981-04,Manitoba,Net emigration,168.0
1981-04,Manitoba,Emigrants,384.0
1981-04,Manitoba,Returning emigrants,216.0
1981-04,Manitoba,Net non-permanent residents,344.0
1981-04,Saskatchewan,Immigrants,595.0
1981-04,Saskatchewan,Net emigration,108.0
1981-04,Saskatchewan,Emigrants,218.0
1981-04,Saskatchewan,Returning emigrants,110.0
1981-04,Saskatchewan,Net non-permanent residents,306.0
1981-04,Alberta,Immigrants,4512.0
1981-04,Alberta,Net emigration,849.0
1981-04,Alberta,Emigrants,1698.0
1981-04,Alberta,Returning emigrants,849.0
1981-04,Alberta,Net non-permanent residents,1367.0
1981-04,British Columbia,Immigrants,5661.0
1981-04,British Columbia,Net emigration,739.0
1981-04,British Columbia,Emigrants,1574.0
1981-04,British Columbia,Returning emigrants,835.0
1981-04,British Columbia,Net non-permanent residents,892.0
1981-04,Yukon,Immigrants,27.0
1981-04,Yukon,Net emigration,6.0
1981-04,Yukon,Emigrants,14.0
1981-04,Yukon,Returning emigrants,8.0
1981-04,Yukon,Net non-permanent residents,83.0
1981-04,Northwest Territories including Nunavut,Immigrants,26.0
1981-04,Northwest Territories including Nunavut,Net emigration,5.0
1981-04,Northwest Territories including Nunavut,Emigrants,9.0
1981-04,Northwest Territories including Nunavut,Returning emigrants,4.0
1981-04,Northwest Territories including Nunavut,Net non-permanent residents,19.0
1981-07,Canada,Immigrants,35931.0
1981-07,Canada,Net emigration,9494.0
1981-07,Canada,Emigrants,17734.0
1981-07,Canada,Returning emigrants,8240.0
1981-07,Canada,Net non-permanent residents,24834.0
1981-07,Newfoundland and Labrador,Immigrants,149.0
1981-07,Newfoundland and Labrador,Net emigration,85.0
1981-07,Newfoundland and Labrador,Emigrants,144.0
1981-07,Newfoundland and Labrador,Returning emigrants,59.0
1981-07,Newfoundland and Labrador,Net non-permanent residents,92.0
1981-07,Prince Edward Island,Immigrants,34.0
1981-07,Prince Edward Island,Net emigration,18.0
1981-07,Prince Edward Island,Emigrants,44.0
1981-07,Prince Edward Island,Returning emigrants,26.0
1981-07,Prince Edward Island,Net non-permanent residents,31.0
1981-07,Nova Scotia,Immigrants,393.0
1981-07,Nova Scotia,Net emigration,135.0
1981-07,Nova Scotia,Emigrants,234.0
1981-07,Nova Scotia,Returning emigrants,99.0
1981-07,Nova Scotia,Net non-permanent residents,654.0
1981-07,New Brunswick,Immigrants,266.0
1981-07,New Brunswick,Net emigration,292.0
1981-07,New Brunswick,Emigrants,469.0
1981-07,New Brunswick,Returning emigrants,177.0
1981-07,New Brunswick,Net non-permanent residents,444.0
1981-07,Quebec,Immigrants,5554.0
1981-07,Quebec,Net emigration,1446.0
1981-07,Quebec,Emigrants,2865.0
1981-07,Quebec,Returning emigrants,1419.0
1981-07,Quebec,Net non-permanent residents,3561.0
1981-07,Ontario,Immigrants,15558.0
1981-07,Ontario,Net emigration,3865.0
1981-07,Ontario,Emigrants,7402.0
1981-07,Ontario,Returning emigrants,3537.0
1981-07,Ontario,Net non-permanent residents,14755.0
1981-07,Manitoba,Immigrants,1450.0
1981-07,Manitoba,Net emigration,447.0
1981-07,Manitoba,Emigrants,831.0
1981-07,Manitoba,Returning emigrants,384.0
1981-07,Manitoba,Net non-permanent residents,651.0
1981-07,Saskatchewan,Immigrants,630.0
1981-07,Saskatchewan,Net emigration,213.0
1981-07,Saskatchewan,Emigrants,381.0
1981-07,Saskatchewan,Returning emigrants,168.0
1981-07,Saskatchewan,Net non-permanent residents,414.0
1981-07,Alberta,Immigrants,5618.0
1981-07,Alberta,Net emigration,1770.0
1981-07,Alberta,Emigrants,3067.0
1981-07,Alberta,Returning emigrants,1297.0
1981-07,Alberta,Net non-permanent residents,1734.0
1981-07,British Columbia,Immigrants,6227.0
1981-07,British Columbia,Net emigration,1193.0
1981-07,British Columbia,Emigrants,2245.0
1981-07,British Columbia,Returning emigrants,1052.0
1981-07,British Columbia,Net non-permanent residents,2430.0
1981-07,Yukon,Immigrants,34.0
1981-07,Yukon,Net emigration,27.0
1981-07,Yukon,Emigrants,48.0
1981-07,Yukon,Returning emigrants,21.0
1981-07,Yukon,Net non-permanent residents,24.0
1981-07,Northwest Territories including Nunavut,Immigrants,18.0
1981-07,Northwest Territories including Nunavut,Net emigration,3.0
1981-07,Northwest Territories including Nunavut,Emigrants,4.0
1981-07,Northwest Territories including Nunavut,Returning emigrants,1.0
1981-07,Northwest Territories including Nunavut,Net non-permanent residents,44.0
1981-10,Canada,Immigrants,34580.0
1981-10,Canada,Net emigration,6583.0
1981-10,Canada,Emigrants,12228.0
1981-10,Canada,Returning emigrants,5645.0
1981-10,Canada,Net non-permanent residents,-8807.0
1981-10,Newfoundland and Labrador,Immigrants,95.0
1981-10,Newfoundland and Labrador,Net emigration,37.0
1981-10,Newfoundland and Labrador,Emigrants,64.0
1981-10,Newfoundland and Labrador,Returning emigrants,27.0
1981-10,Newfoundland and Labrador,Net non-permanent residents,-209.0
1981-10,Prince Edward Island,Immigrants,32.0
1981-10,Prince Edward Island,Net emigration,5.0
1981-10,Prince Edward Island,Emigrants,12.0
1981-10,Prince Edward Island,Returning emigrants,7.0
1981-10,Prince Edward Island,Net non-permanent residents,-8.0
1981-10,Nova Scotia,Immigrants,381.0
1981-10,Nova Scotia,Net emigration,70.0
1981-10,Nova Scotia,Emigrants,120.0
1981-10,Nova Scotia,Returning emigrants,50.0
1981-10,Nova Scotia,Net non-permanent residents,-193.0
1981-10,New Brunswick,Immigrants,231.0
1981-10,New Brunswick,Net emigration,153.0
1981-10,New Brunswick,Emigrants,242.0
1981-10,New Brunswick,Returning emigrants,89.0
1981-10,New Brunswick,Net non-permanent residents,-167.0
1981-10,Quebec,Immigrants,6968.0
1981-10,Quebec,Net emigration,851.0
1981-10,Quebec,Emigrants,1666.0
1981-10,Quebec,Returning emigrants,815.0
1981-10,Quebec,Net non-permanent residents,-866.0
1981-10,Ontario,Immigrants,14267.0
1981-10,Ontario,Net emigration,3275.0
1981-10,Ontario,Emigrants,6201.0
1981-10,Ontario,Returning emigrants,2926.0
1981-10,Ontario,Net non-permanent residents,-5344.0
1981-10,Manitoba,Immigrants,1280.0
1981-10,Manitoba,Net emigration,248.0
1981-10,Manitoba,Emigrants,456.0
1981-10,Manitoba,Returning emigrants,208.0
1981-10,Manitoba,Net non-permanent residents,-341.0
1981-10,Saskatchewan,Immigrants,623.0
1981-10,Saskatchewan,Net emigration,115.0
1981-10,Saskatchewan,Emigrants,205.0
1981-10,Saskatchewan,Returning emigrants,90.0
1981-10,Saskatchewan,Net non-permanent residents,-534.0
1981-10,Alberta,Immigrants,5238.0
1981-10,Alberta,Net emigration,988.0
1981-10,Alberta,Emigrants,1696.0
1981-10,Alberta,Returning emigrants,708.0
1981-10,Alberta,Net non-permanent residents,-857.0
1981-10,British Columbia,Immigrants,5434.0
1981-10,British Columbia,Net emigration,835.0
1981-10,British Columbia,Emigrants,1554.0
1981-10,British Columbia,Returning emigrants,719.0
1981-10,British Columbia,Net non-permanent residents,-194.0
1981-10,Yukon,Immigrants,18.0
1981-10,Yukon,Net emigration,6.0
1981-10,Yukon,Emigrants,12.0
1981-10,Yukon,Returning emigrants,6.0
1981-10,Yukon,Net non-permanent residents,-70.0
1981-10,Northwest Territories including Nunavut,Immigrants,13.0
1981-10,Northwest Territories including Nunavut,Net emigration,0.0
1981-10,Northwest Territories including Nunavut,Emigrants,0.0
1981-10,Northwest Territories including Nunavut,Returning emigrants,0.0
1981-10,Northwest Territories including Nunavut,Net non-permanent residents,-24.0
1982-01,Canada,Immigrants,29707.0
1982-01,Canada,Net emigration,6095.0
1982-01,Canada,Emigrants,11216.0
1982-01,Canada,Returning emigrants,5121.0
1982-01,Canada,Net non-permanent residents,-2403.0
1982-01,Newfoundland and Labrador,Immigrants,93.0
1982-01,Newfoundland and Labrador,Net emigration,45.0
1982-01,Newfoundland and Labrador,Emigrants,77.0
1982-01,Newfoundland and Labrador,Returning emigrants,32.0
1982-01,Newfoundland and Labrador,Net non-permanent residents,60.0
1982-01,Prince Edward Island,Immigrants,45.0
1982-01,Prince Edward Island,Net emigration,0.0
1982-01,Prince Edward Island,Emigrants,0.0
1982-01,Prince Edward Island,Returning emigrants,0.0
1982-01,Prince Edward Island,Net non-permanent residents,-7.0
1982-01,Nova Scotia,Immigrants,336.0
1982-01,Nova Scotia,Net emigration,47.0
1982-01,Nova Scotia,Emigrants,81.0
1982-01,Nova Scotia,Returning emigrants,34.0
1982-01,Nova Scotia,Net non-permanent residents,29.0
1982-01,New Brunswick,Immigrants,190.0
1982-01,New Brunswick,Net emigration,124.0
1982-01,New Brunswick,Emigrants,195.0
1982-01,New Brunswick,Returning emigrants,71.0
1982-01,New Brunswick,Net non-permanent residents,-18.0
1982-01,Quebec,Immigrants,5485.0
1982-01,Quebec,Net emigration,737.0
1982-01,Quebec,Emigrants,1432.0
1982-01,Quebec,Returning emigrants,695.0
1982-01,Quebec,Net non-permanent residents,-1995.0
1982-01,Ontario,Immigrants,12465.0
1982-01,Ontario,Net emigration,2891.0
1982-01,Ontario,Emigrants,5443.0
1982-01,Ontario,Returning emigrants,2552.0
1982-01,Ontario,Net non-permanent residents,-286.0
1982-01,Manitoba,Immigrants,1117.0
1982-01,Manitoba,Net emigration,152.0
1982-01,Manitoba,Emigrants,279.0
1982-01,Manitoba,Returning emigrants,127.0
1982-01,Manitoba,Net non-permanent residents,95.0
1982-01,Saskatchewan,Immigrants,502.0
1982-01,Saskatchewan,Net emigration,122.0
1982-01,Saskatchewan,Emigrants,215.0
1982-01,Saskatchewan,Returning emigrants,93.0
1982-01,Saskatchewan,Net non-permanent residents,0.0
1982-01,Alberta,Immigrants,4532.0
1982-01,Alberta,Net emigration,1130.0
1982-01,Alberta,Emigrants,1930.0
1982-01,Alberta,Returning emigrants,800.0
1982-01,Alberta,Net non-permanent residents,-20.0
1982-01,British Columbia,Immigrants,4897.0
1982-01,British Columbia,Net emigration,835.0
1982-01,British Columbia,Emigrants,1544.0
1982-01,British Columbia,Returning emigrants,709.0
1982-01,British Columbia,Net non-permanent residents,-287.0
1982-01,Yukon,Immigrants,16.0
1982-01,Yukon,Net emigration,2.0
1982-01,Yukon,Emigrants,4.0
1982-01,Yukon,Returning emigrants,2.0
1982-01,Yukon,Net non-permanent residents,-9.0
1982-01,Northwest Territories including Nunavut,Immigrants,29.0
1982-01,Northwest Territories including Nunavut,Net emigration,10.0
1982-01,Northwest Territories including Nunavut,Emigrants,16.0
1982-01,Northwest Territories including Nunavut,Returning emigrants,6.0
1982-01,Northwest Territories including Nunavut,Net non-permanent residents,35.0
1982-04,Canada,Immigrants,35121.0
1982-04,Canada,Net emigration,6938.0
1982-04,Canada,Emigrants,13608.0
1982-04,Canada,Returning emigrants,6670.0
1982-04,Canada,Net non-permanent residents,-1327.0
1982-04,Newfoundland and Labrador,Immigrants,87.0
1982-04,Newfoundland and Labrador,Net emigration,58.0
1982-04,Newfoundland and Labrador,Emigrants,115.0
1982-04,Newfoundland and Labrador,Returning emigrants,57.0
1982-04,Newfoundland and Labrador,Net non-permanent residents,15.0
1982-04,Prince Edward Island,Immigrants,37.0
1982-04,Prince Edward Island,Net emigration,7.0
1982-04,Prince Edward Island,Emigrants,22.0
1982-04,Prince Edward Island,Returning emigrants,15.0
1982-04,Prince Edward Island,Net non-permanent residents,-21.0
1982-04,Nova Scotia,Immigrants,360.0
1982-04,Nova Scotia,Net emigration,47.0
1982-04,Nova Scotia,Emigrants,84.0
1982-04,Nova Scotia,Returning emigrants,37.0
1982-04,Nova Scotia,Net non-permanent residents,-44.0
1982-04,New Brunswick,Immigrants,196.0
1982-04,New Brunswick,Net emigration,154.0
1982-04,New Brunswick,Emigrants,262.0
1982-04,New Brunswick,Returning emigrants,108.0
1982-04,New Brunswick,Net non-permanent residents,-300.0
1982-04,Quebec,Immigrants,6045.0
1982-04,Quebec,Net emigration,1130.0
1982-04,Quebec,Emigrants,2316.0
1982-04,Quebec,Returning emigrants,1186.0
1982-04,Quebec,Net non-permanent residents,-1076.0
1982-04,Ontario,Immigrants,15580.0
1982-04,Ontario,Net emigration,3265.0
1982-04,Ontario,Emigrants,6476.0
1982-04,Ontario,Returning emigrants,3211.0
1982-04,Ontario,Net non-permanent residents,-57.0
1982-04,Manitoba,Immigrants,1318.0
1982-04,Manitoba,Net emigration,206.0
1982-04,Manitoba,Emigrants,408.0
1982-04,Manitoba,Returning emigrants,202.0
1982-04,Manitoba,Net non-permanent residents,237.0
1982-04,Saskatchewan,Immigrants,616.0
1982-04,Saskatchewan,Net emigration,113.0
1982-04,Saskatchewan,Emigrants,207.0
1982-04,Saskatchewan,Returning emigrants,94.0
1982-04,Saskatchewan,Net non-permanent residents,192.0
1982-04,Alberta,Immigrants,5254.0
1982-04,Alberta,Net emigration,964.0
1982-04,Alberta,Emigrants,1769.0
1982-04,Alberta,Returning emigrants,805.0
1982-04,Alberta,Net non-permanent residents,189.0
1982-04,British Columbia,Immigrants,5568.0
1982-04,British Columbia,Net emigration,975.0
1982-04,British Columbia,Emigrants,1911.0
1982-04,British Columbia,Returning emigrants,936.0
1982-04,British Columbia,Net non-permanent residents,-572.0
1982-04,Yukon,Immigrants,25.0
1982-04,Yukon,Net emigration,11.0
1982-04,Yukon,Emigrants,26.0
1982-04,Yukon,Returning emigrants,15.0
1982-04,Yukon,Net non-permanent residents,56.0
1982-04,Northwest Territories including Nunavut,Immigrants,35.0
1982-04,Northwest Territories including Nunavut,Net emigration,8.0
1982-04,Northwest Territories including Nunavut,Emigrants,12.0
1982-04,Northwest Territories including Nunavut,Returning emigrants,4.0
1982-04,Northwest Territories including Nunavut,Net non-permanent residents,54.0
1982-07,Canada,Immigrants,29700.0
1982-07,Canada,Net emigration,10884.0
1982-07,Canada,Emigrants,20895.0
1982-07,Canada,Returning emigrants,10011.0
1982-07,Canada,Net non-permanent residents,9199.0
1982-07,Newfoundland and Labrador,Immigrants,97.0
1982-07,Newfoundland and Labrador,Net emigration,92.0
1982-07,Newfoundland and Labrador,Emigrants,177.0
1982-07,Newfoundland and Labrador,Returning emigrants,85.0
1982-07,Newfoundland and Labrador,Net non-permanent residents,131.0
1982-07,Prince Edward Island,Immigrants,42.0
1982-07,Prince Edward Island,Net emigration,17.0
1982-07,Prince Edward Island,Emigrants,44.0
1982-07,Prince Edward Island,Returning emigrants,27.0
1982-07,Prince Edward Island,Net non-permanent residents,-3.0
1982-07,Nova Scotia,Immigrants,281.0
1982-07,Nova Scotia,Net emigration,91.0
1982-07,Nova Scotia,Emigrants,160.0
1982-07,Nova Scotia,Returning emigrants,69.0
1982-07,Nova Scotia,Net non-permanent residents,205.0
1982-07,New Brunswick,Immigrants,196.0
1982-07,New Brunswick,Net emigration,214.0
1982-07,New Brunswick,Emigrants,354.0
1982-07,New Brunswick,Returning emigrants,140.0
1982-07,New Brunswick,Net non-permanent residents,256.0
1982-07,Quebec,Immigrants,5196.0
1982-07,Quebec,Net emigration,1658.0
1982-07,Quebec,Emigrants,3351.0
1982-07,Quebec,Returning emigrants,1693.0
1982-07,Quebec,Net non-permanent residents,1473.0
1982-07,Ontario,Immigrants,13044.0
1982-07,Ontario,Net emigration,4908.0
1982-07,Ontario,Emigrants,9518.0
1982-07,Ontario,Returning emigrants,4610.0
1982-07,Ontario,Net non-permanent residents,5710.0
1982-07,Manitoba,Immigrants,1302.0
1982-07,Manitoba,Net emigration,385.0
1982-07,Manitoba,Emigrants,713.0
1982-07,Manitoba,Returning emigrants,328.0
1982-07,Manitoba,Net non-permanent residents,190.0
1982-07,Saskatchewan,Immigrants,599.0
1982-07,Saskatchewan,Net emigration,208.0
1982-07,Saskatchewan,Emigrants,387.0
1982-07,Saskatchewan,Returning emigrants,179.0
1982-07,Saskatchewan,Net non-permanent residents,183.0
1982-07,Alberta,Immigrants,4538.0
1982-07,Alberta,Net emigration,1861.0
1982-07,Alberta,Emigrants,3398.0
1982-07,Alberta,Returning emigrants,1537.0
1982-07,Alberta,Net non-permanent residents,663.0
1982-07,British Columbia,Immigrants,4356.0
1982-07,British Columbia,Net emigration,1404.0
1982-07,British Columbia,Emigrants,2709.0
1982-07,British Columbia,Returning emigrants,1305.0
1982-07,British Columbia,Net non-permanent residents,455.0
1982-07,Yukon,Immigrants,16.0
1982-07,Yukon,Net emigration,30.0
1982-07,Yukon,Emigrants,56.0
1982-07,Yukon,Returning emigrants,26.0
1982-07,Yukon,Net non-permanent residents,-38.0
1982-07,Northwest Territories including Nunavut,Immigrants,33.0
1982-07,Northwest Territories including Nunavut,Net emigration,16.0
1982-07,Northwest Territories including Nunavut,Emigrants,28.0
1982-07,Northwest Territories including Nunavut,Returning emigrants,12.0
1982-07,Northwest Territories including Nunavut,Net non-permanent residents,-26.0
1982-10,Canada,Immigrants,26803.0
1982-10,Canada,Net emigration,7137.0
1982-10,Canada,Emigrants,13681.0
1982-10,Canada,Returning emigrants,6544.0
1982-10,Canada,Net non-permanent residents,-9196.0
1982-10,Newfoundland and Labrador,Immigrants,129.0
1982-10,Newfoundland and Labrador,Net emigration,54.0
1982-10,Newfoundland and Labrador,Emigrants,105.0
1982-10,Newfoundland and Labrador,Returning emigrants,51.0
1982-10,Newfoundland and Labrador,Net non-permanent residents,-78.0
1982-10,Prince Edward Island,Immigrants,41.0
1982-10,Prince Edward Island,Net emigration,11.0
1982-10,Prince Edward Island,Emigrants,28.0
1982-10,Prince Edward Island,Returning emigrants,17.0
1982-10,Prince Edward Island,Net non-permanent residents,-6.0
1982-10,Nova Scotia,Immigrants,277.0
1982-10,Nova Scotia,Net emigration,65.0
1982-10,Nova Scotia,Emigrants,113.0
1982-10,Nova Scotia,Returning emigrants,48.0
1982-10,Nova Scotia,Net non-permanent residents,-20.0
1982-10,New Brunswick,Immigrants,169.0
1982-10,New Brunswick,Net emigration,127.0
1982-10,New Brunswick,Emigrants,207.0
1982-10,New Brunswick,Returning emigrants,80.0
1982-10,New Brunswick,Net non-permanent residents,-134.0
1982-10,Quebec,Immigrants,4661.0
1982-10,Quebec,Net emigration,1190.0
1982-10,Quebec,Emigrants,2396.0
1982-10,Quebec,Returning emigrants,1206.0
1982-10,Quebec,Net non-permanent residents,-1155.0
1982-10,Ontario,Immigrants,12026.0
1982-10,Ontario,Net emigration,3226.0
1982-10,Ontario,Emigrants,6233.0
1982-10,Ontario,Returning emigrants,3007.0
1982-10,Ontario,Net non-permanent residents,-5453.0
1982-10,Manitoba,Immigrants,1204.0
1982-10,Manitoba,Net emigration,175.0
1982-10,Manitoba,Emigrants,323.0
1982-10,Manitoba,Returning emigrants,148.0
1982-10,Manitoba,Net non-permanent residents,-367.0
1982-10,Saskatchewan,Immigrants,421.0
1982-10,Saskatchewan,Net emigration,143.0
1982-10,Saskatchewan,Emigrants,267.0
1982-10,Saskatchewan,Returning emigrants,124.0
1982-10,Saskatchewan,Net non-permanent residents,-402.0
1982-10,Alberta,Immigrants,3646.0
1982-10,Alberta,Net emigration,1135.0
1982-10,Alberta,Emigrants,2065.0
1982-10,Alberta,Returning emigrants,930.0
1982-10,Alberta,Net non-permanent residents,-1257.0
1982-10,British Columbia,Immigrants,4203.0
1982-10,British Columbia,Net emigration,986.0
1982-10,British Columbia,Emigrants,1896.0
1982-10,British Columbia,Returning emigrants,910.0
1982-10,British Columbia,Net non-permanent residents,-245.0
1982-10,Yukon,Immigrants,12.0
1982-10,Yukon,Net emigration,12.0
1982-10,Yukon,Emigrants,24.0
1982-10,Yukon,Returning emigrants,12.0
1982-10,Yukon,Net non-permanent residents,-44.0
1982-10,Northwest Territories including Nunavut,Immigrants,14.0
1982-10,Northwest Territories including Nunavut,Net emigration,13.0
1982-10,Northwest Territories including Nunavut,Emigrants,24.0
1982-10,Northwest Territories including Nunavut,Returning emigrants,11.0
1982-10,Northwest Territories including Nunavut,Net non-permanent residents,-35.0
1983-01,Canada,Immigrants,22002.0
1983-01,Canada,Net emigration,5626.0
1983-01,Canada,Emigrants,10694.0
1983-01,Canada,Returning emigrants,5068.0
1983-01,Canada,Net non-permanent residents,1902.0
1983-01,Newfoundland and Labrador,Immigrants,64.0
1983-01,Newfoundland and Labrador,Net emigration,74.0
1983-01,Newfoundland and Labrador,Emigrants,142.0
1983-01,Newfoundland and Labrador,Returning emigrants,68.0
1983-01,Newfoundland and Labrador,Net non-permanent residents,-64.0
1983-01,Prince Edward Island,Immigrants,21.0
1983-01,Prince Edward Island,Net emigration,5.0
1983-01,Prince Edward Island,Emigrants,12.0
1983-01,Prince Edward Island,Returning emigrants,7.0
1983-01,Prince Edward Island,Net non-permanent residents,-2.0
1983-01,Nova Scotia,Immigrants,167.0
1983-01,Nova Scotia,Net emigration,45.0
1983-01,Nova Scotia,Emigrants,77.0
1983-01,Nova Scotia,Returning emigrants,32.0
1983-01,Nova Scotia,Net non-permanent residents,184.0
1983-01,New Brunswick,Immigrants,113.0
1983-01,New Brunswick,Net emigration,104.0
1983-01,New Brunswick,Emigrants,171.0
1983-01,New Brunswick,Returning emigrants,67.0
1983-01,New Brunswick,Net non-permanent residents,32.0
1983-01,Quebec,Immigrants,4527.0
1983-01,Quebec,Net emigration,837.0
1983-01,Quebec,Emigrants,1673.0
1983-01,Quebec,Returning emigrants,836.0
1983-01,Quebec,Net non-permanent residents,129.0
1983-01,Ontario,Immigrants,9836.0
1983-01,Ontario,Net emigration,2539.0
1983-01,Ontario,Emigrants,4873.0
1983-01,Ontario,Returning emigrants,2334.0
1983-01,Ontario,Net non-permanent residents,1310.0
1983-01,Manitoba,Immigrants,892.0
1983-01,Manitoba,Net emigration,167.0
1983-01,Manitoba,Emigrants,306.0
1983-01,Manitoba,Returning emigrants,139.0
1983-01,Manitoba,Net non-permanent residents,182.0
1983-01,Saskatchewan,Immigrants,410.0
1983-01,Saskatchewan,Net emigration,116.0
1983-01,Saskatchewan,Emigrants,212.0
1983-01,Saskatchewan,Returning emigrants,96.0
1983-01,Saskatchewan,Net non-permanent residents,124.0
1983-01,Alberta,Immigrants,2569.0
1983-01,Alberta,Net emigration,946.0
1983-01,Alberta,Emigrants,1713.0
1983-01,Alberta,Returning emigrants,767.0
1983-01,Alberta,Net non-permanent residents,-1.0
1983-01,British Columbia,Immigrants,3382.0
1983-01,British Columbia,Net emigration,793.0
1983-01,British Columbia,Emigrants,1515.0
1983-01,British Columbia,Returning emigrants,722.0
1983-01,British Columbia,Net non-permanent residents,52.0
1983-01,Yukon,Immigrants,12.0
1983-01,Yukon,Net emigration,0.0
1983-01,Yukon,Emigrants,0.0
1983-01,Yukon,Returning emigrants,0.0
1983-01,Yukon,Net non-permanent residents,-18.0
1983-01,Northwest Territories including Nunavut,Immigrants,9.0
1983-01,Northwest Territories including Nunavut,Net emigration,0.0
1983-01,Northwest Territories including Nunavut,Emigrants,0.0
1983-01,Northwest Territories including Nunavut,Returning emigrants,0.0
1983-01,Northwest Territories including Nunavut,Net non-permanent residents,-26.0
1983-04,Canada,Immigrants,22899.0
1983-04,Canada,Net emigration,7474.0
1983-04,Canada,Emigrants,13956.0
1983-04,Canada,Returning emigrants,6482.0
1983-04,Canada,Net non-permanent residents,1865.0
1983-04,Newfoundland and Labrador,Immigrants,66.0
1983-04,Newfoundland and Labrador,Net emigration,79.0
1983-04,Newfoundland and Labrador,Emigrants,139.0
1983-04,Newfoundland and Labrador,Returning emigrants,60.0
1983-04,Newfoundland and Labrador,Net non-permanent residents,59.0
1983-04,Prince Edward Island,Immigrants,35.0
1983-04,Prince Edward Island,Net emigration,2.0
1983-04,Prince Edward Island,Emigrants,4.0
1983-04,Prince Edward Island,Returning emigrants,2.0
1983-04,Prince Edward Island,Net non-permanent residents,22.0
1983-04,Nova Scotia,Immigrants,212.0
1983-04,Nova Scotia,Net emigration,65.0
1983-04,Nova Scotia,Emigrants,118.0
1983-04,Nova Scotia,Returning emigrants,53.0
1983-04,Nova Scotia,Net non-permanent residents,-48.0
1983-04,New Brunswick,Immigrants,184.0
1983-04,New Brunswick,Net emigration,86.0
1983-04,New Brunswick,Emigrants,155.0
1983-04,New Brunswick,Returning emigrants,69.0
1983-04,New Brunswick,Net non-permanent residents,-211.0
1983-04,Quebec,Immigrants,4316.0
1983-04,Quebec,Net emigration,1252.0
1983-04,Quebec,Emigrants,2362.0
1983-04,Quebec,Returning emigrants,1110.0
1983-04,Quebec,Net non-permanent residents,-49.0
1983-04,Ontario,Immigrants,10045.0
1983-04,Ontario,Net emigration,3363.0
1983-04,Ontario,Emigrants,6335.0
1983-04,Ontario,Returning emigrants,2972.0
1983-04,Ontario,Net non-permanent residents,1410.0
1983-04,Manitoba,Immigrants,1117.0
1983-04,Manitoba,Net emigration,293.0
1983-04,Manitoba,Emigrants,557.0
1983-04,Manitoba,Returning emigrants,264.0
1983-04,Manitoba,Net non-permanent residents,161.0
1983-04,Saskatchewan,Immigrants,483.0
1983-04,Saskatchewan,Net emigration,132.0
1983-04,Saskatchewan,Emigrants,244.0
1983-04,Saskatchewan,Returning emigrants,112.0
1983-04,Saskatchewan,Net non-permanent residents,251.0
1983-04,Alberta,Immigrants,2915.0
1983-04,Alberta,Net emigration,1133.0
1983-04,Alberta,Emigrants,2039.0
1983-04,Alberta,Returning emigrants,906.0
1983-04,Alberta,Net non-permanent residents,376.0
1983-04,British Columbia,Immigrants,3483.0
1983-04,British Columbia,Net emigration,1065.0
1983-04,British Columbia,Emigrants,1995.0
1983-04,British Columbia,Returning emigrants,930.0
1983-04,British Columbia,Net non-permanent residents,-168.0
1983-04,Yukon,Immigrants,20.0
1983-04,Yukon,Net emigration,4.0
1983-04,Yukon,Emigrants,8.0
1983-04,Yukon,Returning emigrants,4.0
1983-04,Yukon,Net non-permanent residents,59.0
1983-04,Northwest Territories including Nunavut,Immigrants,23.0
1983-04,Northwest Territories including Nunavut,Net emigration,0.0
1983-04,Northwest Territories including Nunavut,Emigrants,0.0
1983-04,Northwest Territories including Nunavut,Returning emigrants,0.0
1983-04,Northwest Territories including Nunavut,Net non-permanent residents,3.0
1983-07,Canada,Immigrants,23008.0
1983-07,Canada,Net emigration,11605.0
1983-07,Canada,Emigrants,21186.0
1983-07,Canada,Returning emigrants,9581.0
1983-07,Canada,Net non-permanent residents,7668.0
1983-07,Newfoundland and Labrador,Immigrants,63.0
1983-07,Newfoundland and Labrador,Net emigration,94.0
1983-07,Newfoundland and Labrador,Emigrants,147.0
1983-07,Newfoundland and Labrador,Returning emigrants,53.0
1983-07,Newfoundland and Labrador,Net non-permanent residents,-1.0
1983-07,Prince Edward Island,Immigrants,28.0
1983-07,Prince Edward Island,Net emigration,34.0
1983-07,Prince Edward Island,Emigrants,57.0
1983-07,Prince Edward Island,Returning emigrants,23.0
1983-07,Prince Edward Island,Net non-permanent residents,5.0
1983-07,Nova Scotia,Immigrants,233.0
1983-07,Nova Scotia,Net emigration,108.0
1983-07,Nova Scotia,Emigrants,215.0
1983-07,Nova Scotia,Returning emigrants,107.0
1983-07,Nova Scotia,Net non-permanent residents,227.0
1983-07,New Brunswick,Immigrants,152.0
1983-07,New Brunswick,Net emigration,157.0
1983-07,New Brunswick,Emigrants,304.0
1983-07,New Brunswick,Returning emigrants,147.0
1983-07,New Brunswick,Net non-permanent residents,208.0
1983-07,Quebec,Immigrants,4137.0
1983-07,Quebec,Net emigration,1947.0
1983-07,Quebec,Emigrants,3492.0
1983-07,Quebec,Returning emigrants,1545.0
1983-07,Quebec,Net non-permanent residents,1876.0
1983-07,Ontario,Immigrants,10328.0
1983-07,Ontario,Net emigration,5201.0
1983-07,Ontario,Emigrants,9573.0
1983-07,Ontario,Returning emigrants,4372.0
1983-07,Ontario,Net non-permanent residents,3575.0
1983-07,Manitoba,Immigrants,1074.0
1983-07,Manitoba,Net emigration,392.0
1983-07,Manitoba,Emigrants,789.0
1983-07,Manitoba,Returning emigrants,397.0
1983-07,Manitoba,Net non-permanent residents,390.0
1983-07,Saskatchewan,Immigrants,453.0
1983-07,Saskatchewan,Net emigration,244.0
1983-07,Saskatchewan,Emigrants,455.0
1983-07,Saskatchewan,Returning emigrants,211.0
1983-07,Saskatchewan,Net non-permanent residents,134.0
1983-07,Alberta,Immigrants,2764.0
1983-07,Alberta,Net emigration,1810.0
1983-07,Alberta,Emigrants,3224.0
1983-07,Alberta,Returning emigrants,1414.0
1983-07,Alberta,Net non-permanent residents,634.0
1983-07,British Columbia,Immigrants,3749.0
1983-07,British Columbia,Net emigration,1569.0
1983-07,British Columbia,Emigrants,2846.0
1983-07,British Columbia,Returning emigrants,1277.0
1983-07,British Columbia,Net non-permanent residents,592.0
1983-07,Yukon,Immigrants,17.0
1983-07,Yukon,Net emigration,25.0
1983-07,Yukon,Emigrants,44.0
1983-07,Yukon,Returning emigrants,19.0
1983-07,Yukon,Net non-permanent residents,2.0
1983-07,Northwest Territories including Nunavut,Immigrants,10.0
1983-07,Northwest Territories including Nunavut,Net emigration,24.0
1983-07,Northwest Territories including Nunavut,Emigrants,40.0
1983-07,Northwest Territories including Nunavut,Returning emigrants,16.0
1983-07,Northwest Territories including Nunavut,Net non-permanent residents,26.0
1983-10,Canada,Immigrants,21468.0
1983-10,Canada,Net emigration,7098.0
1983-10,Canada,Emigrants,12735.0
1983-10,Canada,Returning emigrants,5637.0
1983-10,Canada,Net non-permanent residents,-7066.0
1983-10,Newfoundland and Labrador,Immigrants,83.0
1983-10,Newfoundland and Labrador,Net emigration,54.0
1983-10,Newfoundland and Labrador,Emigrants,83.0
1983-10,Newfoundland and Labrador,Returning emigrants,29.0
1983-10,Newfoundland and Labrador,Net non-permanent residents,-191.0
1983-10,Prince Edward Island,Immigrants,23.0
1983-10,Prince Edward Island,Net emigration,22.0
1983-10,Prince Edward Island,Emigrants,38.0
1983-10,Prince Edward Island,Returning emigrants,16.0
1983-10,Prince Edward Island,Net non-permanent residents,-13.0
1983-10,Nova Scotia,Immigrants,221.0
1983-10,Nova Scotia,Net emigration,54.0
1983-10,Nova Scotia,Emigrants,104.0
1983-10,Nova Scotia,Returning emigrants,50.0
1983-10,Nova Scotia,Net non-permanent residents,-140.0
1983-10,New Brunswick,Immigrants,105.0
1983-10,New Brunswick,Net emigration,82.0
1983-10,New Brunswick,Emigrants,154.0
1983-10,New Brunswick,Returning emigrants,72.0
1983-10,New Brunswick,Net non-permanent residents,-68.0
1983-10,Quebec,Immigrants,3436.0
1983-10,Quebec,Net emigration,1062.0
1983-10,Quebec,Emigrants,1873.0
1983-10,Quebec,Returning emigrants,811.0
1983-10,Quebec,Net non-permanent residents,-358.0
1983-10,Ontario,Immigrants,9912.0
1983-10,Ontario,Net emigration,3182.0
1983-10,Ontario,Emigrants,5755.0
1983-10,Ontario,Returning emigrants,2573.0
1983-10,Ontario,Net non-permanent residents,-4566.0
1983-10,Manitoba,Immigrants,904.0
1983-10,Manitoba,Net emigration,251.0
1983-10,Manitoba,Emigrants,494.0
1983-10,Manitoba,Returning emigrants,243.0
1983-10,Manitoba,Net non-permanent residents,-310.0
1983-10,Saskatchewan,Immigrants,397.0
1983-10,Saskatchewan,Net emigration,156.0
1983-10,Saskatchewan,Emigrants,286.0
1983-10,Saskatchewan,Returning emigrants,130.0
1983-10,Saskatchewan,Net non-permanent residents,-411.0
1983-10,Alberta,Immigrants,2477.0
1983-10,Alberta,Net emigration,1268.0
1983-10,Alberta,Emigrants,2225.0
1983-10,Alberta,Returning emigrants,957.0
1983-10,Alberta,Net non-permanent residents,-1009.0
1983-10,British Columbia,Immigrants,3869.0
1983-10,British Columbia,Net emigration,962.0
1983-10,British Columbia,Emigrants,1715.0
1983-10,British Columbia,Returning emigrants,753.0
1983-10,British Columbia,Net non-permanent residents,69.0
1983-10,Yukon,Immigrants,24.0
1983-10,Yukon,Net emigration,5.0
1983-10,Yukon,Emigrants,8.0
1983-10,Yukon,Returning emigrants,3.0
1983-10,Yukon,Net non-permanent residents,-52.0
1983-10,Northwest Territories including Nunavut,Immigrants,17.0
1983-10,Northwest Territories including Nunavut,Net emigration,0.0
1983-10,Northwest Territories including Nunavut,Emigrants,0.0
1983-10,Northwest Territories including Nunavut,Returning emigrants,0.0
1983-10,Northwest Territories including Nunavut,Net non-permanent residents,-17.0
1984-01,Canada,Immigrants,19052.0
1984-01,Canada,Net emigration,5994.0
1984-01,Canada,Emigrants,10655.0
1984-01,Canada,Returning emigrants,4661.0
1984-01,Canada,Net non-permanent residents,3260.0
1984-01,Newfoundland and Labrador,Immigrants,52.0
1984-01,Newfoundland and Labrador,Net emigration,60.0
1984-01,Newfoundland and Labrador,Emigrants,93.0
1984-01,Newfoundland and Labrador,Returning emigrants,33.0
1984-01,Newfoundland and Labrador,Net non-permanent residents,72.0
1984-01,Prince Edward Island,Immigrants,17.0
1984-01,Prince Edward Island,Net emigration,5.0
1984-01,Prince Edward Island,Emigrants,8.0
1984-01,Prince Edward Island,Returning emigrants,3.0
1984-01,Prince Edward Island,Net non-permanent residents,1.0
1984-01,Nova Scotia,Immigrants,179.0
1984-01,Nova Scotia,Net emigration,35.0
1984-01,Nova Scotia,Emigrants,67.0
1984-01,Nova Scotia,Returning emigrants,32.0
1984-01,Nova Scotia,Net non-permanent residents,77.0
1984-01,New Brunswick,Immigrants,118.0
1984-01,New Brunswick,Net emigration,97.0
1984-01,New Brunswick,Emigrants,181.0
1984-01,New Brunswick,Returning emigrants,84.0
1984-01,New Brunswick,Net non-permanent residents,60.0
1984-01,Quebec,Immigrants,3282.0
1984-01,Quebec,Net emigration,897.0
1984-01,Quebec,Emigrants,1568.0
1984-01,Quebec,Returning emigrants,671.0
1984-01,Quebec,Net non-permanent residents,709.0
1984-01,Ontario,Immigrants,8480.0
1984-01,Ontario,Net emigration,2686.0
1984-01,Ontario,Emigrants,4812.0
1984-01,Ontario,Returning emigrants,2126.0
1984-01,Ontario,Net non-permanent residents,1612.0
1984-01,Manitoba,Immigrants,893.0
1984-01,Manitoba,Net emigration,232.0
1984-01,Manitoba,Emigrants,450.0
1984-01,Manitoba,Returning emigrants,218.0
1984-01,Manitoba,Net non-permanent residents,90.0
1984-01,Saskatchewan,Immigrants,441.0
1984-01,Saskatchewan,Net emigration,110.0
1984-01,Saskatchewan,Emigrants,198.0
1984-01,Saskatchewan,Returning emigrants,88.0
1984-01,Saskatchewan,Net non-permanent residents,177.0
1984-01,Alberta,Immigrants,2462.0
1984-01,Alberta,Net emigration,987.0
1984-01,Alberta,Emigrants,1715.0
1984-01,Alberta,Returning emigrants,728.0
1984-01,Alberta,Net non-permanent residents,363.0
1984-01,British Columbia,Immigrants,3102.0
1984-01,British Columbia,Net emigration,878.0
1984-01,British Columbia,Emigrants,1551.0
1984-01,British Columbia,Returning emigrants,673.0
1984-01,British Columbia,Net non-permanent residents,78.0
1984-01,Yukon,Immigrants,11.0
1984-01,Yukon,Net emigration,2.0
1984-01,Yukon,Emigrants,4.0
1984-01,Yukon,Returning emigrants,2.0
1984-01,Yukon,Net non-permanent residents,-5.0
1984-01,Northwest Territories including Nunavut,Immigrants,15.0
1984-01,Northwest Territories including Nunavut,Net emigration,5.0
1984-01,Northwest Territories including Nunavut,Emigrants,8.0
1984-01,Northwest Territories including Nunavut,Returning emigrants,3.0
1984-01,Northwest Territories including Nunavut,Net non-permanent residents,26.0
1984-04,Canada,Immigrants,25064.0
1984-04,Canada,Net emigration,7053.0
1984-04,Canada,Emigrants,13194.0
1984-04,Canada,Returning emigrants,6141.0
1984-04,Canada,Net non-permanent residents,1203.0
1984-04,Newfoundland and Labrador,Immigrants,113.0
1984-04,Newfoundland and Labrador,Net emigration,22.0
1984-04,Newfoundland and Labrador,Emigrants,37.0
1984-04,Newfoundland and Labrador,Returning emigrants,15.0
1984-04,Newfoundland and Labrador,Net non-permanent residents,39.0
1984-04,Prince Edward Island,Immigrants,35.0
1984-04,Prince Edward Island,Net emigration,17.0
1984-04,Prince Edward Island,Emigrants,33.0
1984-04,Prince Edward Island,Returning emigrants,16.0
1984-04,Prince Edward Island,Net non-permanent residents,-7.0
1984-04,Nova Scotia,Immigrants,306.0
1984-04,Nova Scotia,Net emigration,51.0
1984-04,Nova Scotia,Emigrants,101.0
1984-04,Nova Scotia,Returning emigrants,50.0
1984-04,Nova Scotia,Net non-permanent residents,-52.0
1984-04,New Brunswick,Immigrants,183.0
1984-04,New Brunswick,Net emigration,125.0
1984-04,New Brunswick,Emigrants,247.0
1984-04,New Brunswick,Returning emigrants,122.0
1984-04,New Brunswick,Net non-permanent residents,-187.0
1984-04,Quebec,Immigrants,4413.0
1984-04,Quebec,Net emigration,1307.0
1984-04,Quebec,Emigrants,2479.0
1984-04,Quebec,Returning emigrants,1172.0
1984-04,Quebec,Net non-permanent residents,-359.0
1984-04,Ontario,Immigrants,11532.0
1984-04,Ontario,Net emigration,3144.0
1984-04,Ontario,Emigrants,5940.0
1984-04,Ontario,Returning emigrants,2796.0
1984-04,Ontario,Net non-permanent residents,1086.0
1984-04,Manitoba,Immigrants,1087.0
1984-04,Manitoba,Net emigration,142.0
1984-04,Manitoba,Emigrants,302.0
1984-04,Manitoba,Returning emigrants,160.0
1984-04,Manitoba,Net non-permanent residents,192.0
1984-04,Saskatchewan,Immigrants,570.0
1984-04,Saskatchewan,Net emigration,164.0
1984-04,Saskatchewan,Emigrants,305.0
1984-04,Saskatchewan,Returning emigrants,141.0
1984-04,Saskatchewan,Net non-permanent residents,181.0
1984-04,Alberta,Immigrants,3046.0
1984-04,Alberta,Net emigration,975.0
1984-04,Alberta,Emigrants,1783.0
1984-04,Alberta,Returning emigrants,808.0
1984-04,Alberta,Net non-permanent residents,206.0
1984-04,British Columbia,Immigrants,3750.0
1984-04,British Columbia,Net emigration,1090.0
1984-04,British Columbia,Emigrants,1934.0
1984-04,British Columbia,Returning emigrants,844.0
1984-04,British Columbia,Net non-permanent residents,-16.0
1984-04,Yukon,Immigrants,6.0
1984-04,Yukon,Net emigration,11.0
1984-04,Yukon,Emigrants,25.0
1984-04,Yukon,Returning emigrants,14.0
1984-04,Yukon,Net non-permanent residents,58.0
1984-04,Northwest Territories including Nunavut,Immigrants,23.0
1984-04,Northwest Territories including Nunavut,Net emigration,5.0
1984-04,Northwest Territories including Nunavut,Emigrants,8.0
1984-04,Northwest Territories including Nunavut,Returning emigrants,3.0
1984-04,Northwest Territories including Nunavut,Net non-permanent residents,62.0
1984-07,Canada,Immigrants,24881.0
1984-07,Canada,Net emigration,9565.0
1984-07,Canada,Emigrants,18911.0
1984-07,Canada,Returning emigrants,9346.0
1984-07,Canada,Net non-permanent residents,5208.0
1984-07,Newfoundland and Labrador,Immigrants,85.0
1984-07,Newfoundland and Labrador,Net emigration,106.0
1984-07,Newfoundland and Labrador,Emigrants,183.0
1984-07,Newfoundland and Labrador,Returning emigrants,77.0
1984-07,Newfoundland and Labrador,Net non-permanent residents,49.0
1984-07,Prince Edward Island,Immigrants,32.0
1984-07,Prince Edward Island,Net emigration,26.0
1984-07,Prince Edward Island,Emigrants,50.0
1984-07,Prince Edward Island,Returning emigrants,24.0
1984-07,Prince Edward Island,Net non-permanent residents,2.0
1984-07,Nova Scotia,Immigrants,317.0
1984-07,Nova Scotia,Net emigration,91.0
1984-07,Nova Scotia,Emigrants,191.0
1984-07,Nova Scotia,Returning emigrants,100.0
1984-07,Nova Scotia,Net non-permanent residents,63.0
1984-07,New Brunswick,Immigrants,182.0
1984-07,New Brunswick,Net emigration,123.0
1984-07,New Brunswick,Emigrants,262.0
1984-07,New Brunswick,Returning emigrants,139.0
1984-07,New Brunswick,Net non-permanent residents,133.0
1984-07,Quebec,Immigrants,3963.0
1984-07,Quebec,Net emigration,1382.0
1984-07,Quebec,Emigrants,2825.0
1984-07,Quebec,Returning emigrants,1443.0
1984-07,Quebec,Net non-permanent residents,1176.0
1984-07,Ontario,Immigrants,12111.0
1984-07,Ontario,Net emigration,4199.0
1984-07,Ontario,Emigrants,8474.0
1984-07,Ontario,Returning emigrants,4275.0
1984-07,Ontario,Net non-permanent residents,2520.0
1984-07,Manitoba,Immigrants,1021.0
1984-07,Manitoba,Net emigration,168.0
1984-07,Manitoba,Emigrants,392.0
1984-07,Manitoba,Returning emigrants,224.0
1984-07,Manitoba,Net non-permanent residents,-50.0
1984-07,Saskatchewan,Immigrants,608.0
1984-07,Saskatchewan,Net emigration,170.0
1984-07,Saskatchewan,Emigrants,321.0
1984-07,Saskatchewan,Returning emigrants,151.0
1984-07,Saskatchewan,Net non-permanent residents,254.0
1984-07,Alberta,Immigrants,2990.0
1984-07,Alberta,Net emigration,1482.0
1984-07,Alberta,Emigrants,2974.0
1984-07,Alberta,Returning emigrants,1492.0
1984-07,Alberta,Net non-permanent residents,667.0
1984-07,British Columbia,Immigrants,3538.0
1984-07,British Columbia,Net emigration,1801.0
1984-07,British Columbia,Emigrants,3206.0
1984-07,British Columbia,Returning emigrants,1405.0
1984-07,British Columbia,Net non-permanent residents,461.0
1984-07,Yukon,Immigrants,14.0
1984-07,Yukon,Net emigration,5.0
1984-07,Yukon,Emigrants,12.0
1984-07,Yukon,Returning emigrants,7.0
1984-07,Yukon,Net non-permanent residents,14.0
1984-07,Northwest Territories including Nunavut,Immigrants,20.0
1984-07,Northwest Territories including Nunavut,Net emigration,12.0
1984-07,Northwest Territories including Nunavut,Emigrants,21.0
1984-07,Northwest Territories including Nunavut,Returning emigrants,9.0
1984-07,Northwest Territories including Nunavut,Net non-permanent residents,-81.0
1984-10,Canada,Immigrants,19602.0
1984-10,Canada,Net emigration,6452.0
1984-10,Canada,Emigrants,12481.0
1984-10,Canada,Returning emigrants,6029.0
1984-10,Canada,Net non-permanent residents,-10020.0
1984-10,Newfoundland and Labrador,Immigrants,49.0
1984-10,Newfoundland and Labrador,Net emigration,66.0
1984-10,Newfoundland and Labrador,Emigrants,111.0
1984-10,Newfoundland and Labrador,Returning emigrants,45.0
1984-10,Newfoundland and Labrador,Net non-permanent residents,-64.0
1984-10,Prince Edward Island,Immigrants,25.0
1984-10,Prince Edward Island,Net emigration,0.0
1984-10,Prince Edward Island,Emigrants,0.0
1984-10,Prince Edward Island,Returning emigrants,0.0
1984-10,Prince Edward Island,Net non-permanent residents,-13.0
1984-10,Nova Scotia,Immigrants,233.0
1984-10,Nova Scotia,Net emigration,40.0
1984-10,Nova Scotia,Emigrants,82.0
1984-10,Nova Scotia,Returning emigrants,42.0
1984-10,Nova Scotia,Net non-permanent residents,-61.0
1984-10,New Brunswick,Immigrants,118.0
1984-10,New Brunswick,Net emigration,80.0
1984-10,New Brunswick,Emigrants,166.0
1984-10,New Brunswick,Returning emigrants,86.0
1984-10,New Brunswick,Net non-permanent residents,-114.0
1984-10,Quebec,Immigrants,3040.0
1984-10,Quebec,Net emigration,977.0
1984-10,Quebec,Emigrants,1946.0
1984-10,Quebec,Returning emigrants,969.0
1984-10,Quebec,Net non-permanent residents,-922.0
1984-10,Ontario,Immigrants,9577.0
1984-10,Ontario,Net emigration,2846.0
1984-10,Ontario,Emigrants,5593.0
1984-10,Ontario,Returning emigrants,2747.0
1984-10,Ontario,Net non-permanent residents,-6769.0
1984-10,Manitoba,Immigrants,907.0
1984-10,Manitoba,Net emigration,187.0
1984-10,Manitoba,Emigrants,427.0
1984-10,Manitoba,Returning emigrants,240.0
1984-10,Manitoba,Net non-permanent residents,-405.0
1984-10,Saskatchewan,Immigrants,543.0
1984-10,Saskatchewan,Net emigration,138.0
1984-10,Saskatchewan,Emigrants,257.0
1984-10,Saskatchewan,Returning emigrants,119.0
1984-10,Saskatchewan,Net non-permanent residents,-420.0
1984-10,Alberta,Immigrants,2242.0
1984-10,Alberta,Net emigration,959.0
1984-10,Alberta,Emigrants,1874.0
1984-10,Alberta,Returning emigrants,915.0
1984-10,Alberta,Net non-permanent residents,-1015.0
1984-10,British Columbia,Immigrants,2841.0
1984-10,British Columbia,Net emigration,1151.0
1984-10,British Columbia,Emigrants,2008.0
1984-10,British Columbia,Returning emigrants,857.0
1984-10,British Columbia,Net non-permanent residents,-160.0
1984-10,Yukon,Immigrants,10.0
1984-10,Yukon,Net emigration,4.0
1984-10,Yukon,Emigrants,9.0
1984-10,Yukon,Returning emigrants,5.0
1984-10,Yukon,Net non-permanent residents,-62.0
1984-10,Northwest Territories including Nunavut,Immigrants,17.0
1984-10,Northwest Territories including Nunavut,Net emigration,4.0
1984-10,Northwest Territories including Nunavut,Emigrants,8.0
1984-10,Northwest Territories including Nunavut,Returning emigrants,4.0
1984-10,Northwest Territories including Nunavut,Net non-permanent residents,-15.0
1985-01,Canada,Immigrants,18221.0
1985-01,Canada,Net emigration,5719.0
1985-01,Canada,Emigrants,11033.0
1985-01,Canada,Returning emigrants,5314.0
1985-01,Canada,Net non-permanent residents,3787.0
1985-01,Newfoundland and Labrador,Immigrants,93.0
1985-01,Newfoundland and Labrador,Net emigration,62.0
1985-01,Newfoundland and Labrador,Emigrants,103.0
1985-01,Newfoundland and Labrador,Returning emigrants,41.0
1985-01,Newfoundland and Labrador,Net non-permanent residents,40.0
1985-01,Prince Edward Island,Immigrants,28.0
1985-01,Prince Edward Island,Net emigration,9.0
1985-01,Prince Edward Island,Emigrants,17.0
1985-01,Prince Edward Island,Returning emigrants,8.0
1985-01,Prince Edward Island,Net non-permanent residents,4.0
1985-01,Nova Scotia,Immigrants,226.0
1985-01,Nova Scotia,Net emigration,25.0
1985-01,Nova Scotia,Emigrants,48.0
1985-01,Nova Scotia,Returning emigrants,23.0
1985-01,Nova Scotia,Net non-permanent residents,102.0
1985-01,New Brunswick,Immigrants,121.0
1985-01,New Brunswick,Net emigration,71.0
1985-01,New Brunswick,Emigrants,146.0
1985-01,New Brunswick,Returning emigrants,75.0
1985-01,New Brunswick,Net non-permanent residents,59.0
1985-01,Quebec,Immigrants,2936.0
1985-01,Quebec,Net emigration,744.0
1985-01,Quebec,Emigrants,1476.0
1985-01,Quebec,Returning emigrants,732.0
1985-01,Quebec,Net non-permanent residents,999.0
1985-01,Ontario,Immigrants,8742.0
1985-01,Ontario,Net emigration,2523.0
1985-01,Ontario,Emigrants,4945.0
1985-01,Ontario,Returning emigrants,2422.0
1985-01,Ontario,Net non-permanent residents,1478.0
1985-01,Manitoba,Immigrants,760.0
1985-01,Manitoba,Net emigration,211.0
1985-01,Manitoba,Emigrants,477.0
1985-01,Manitoba,Returning emigrants,266.0
1985-01,Manitoba,Net non-permanent residents,60.0
1985-01,Saskatchewan,Immigrants,418.0
1985-01,Saskatchewan,Net emigration,135.0
1985-01,Saskatchewan,Emigrants,250.0
1985-01,Saskatchewan,Returning emigrants,115.0
1985-01,Saskatchewan,Net non-permanent residents,121.0
1985-01,Alberta,Immigrants,2103.0
1985-01,Alberta,Net emigration,931.0
1985-01,Alberta,Emigrants,1815.0
1985-01,Alberta,Returning emigrants,884.0
1985-01,Alberta,Net non-permanent residents,484.0
1985-01,British Columbia,Immigrants,2769.0
1985-01,British Columbia,Net emigration,996.0
1985-01,British Columbia,Emigrants,1735.0
1985-01,British Columbia,Returning emigrants,739.0
1985-01,British Columbia,Net non-permanent residents,414.0
1985-01,Yukon,Immigrants,13.0
1985-01,Yukon,Net emigration,2.0
1985-01,Yukon,Emigrants,4.0
1985-01,Yukon,Returning emigrants,2.0
1985-01,Yukon,Net non-permanent residents,9.0
1985-01,Northwest Territories including Nunavut,Immigrants,12.0
1985-01,Northwest Territories including Nunavut,Net emigration,10.0
1985-01,Northwest Territories including Nunavut,Emigrants,17.0
1985-01,Northwest Territories including Nunavut,Returning emigrants,7.0
1985-01,Northwest Territories including Nunavut,Net non-permanent residents,17.0
1985-04,Canada,Immigrants,21221.0
1985-04,Canada,Net emigration,6398.0
1985-04,Canada,Emigrants,12777.0
1985-04,Canada,Returning emigrants,6379.0
1985-04,Canada,Net non-permanent residents,4736.0
1985-04,Newfoundland and Labrador,Immigrants,73.0
1985-04,Newfoundland and Labrador,Net emigration,63.0
1985-04,Newfoundland and Labrador,Emigrants,115.0
1985-04,Newfoundland and Labrador,Returning emigrants,52.0
1985-04,Newfoundland and Labrador,Net non-permanent residents,24.0
1985-04,Prince Edward Island,Immigrants,31.0
1985-04,Prince Edward Island,Net emigration,8.0
1985-04,Prince Edward Island,Emigrants,17.0
1985-04,Prince Edward Island,Returning emigrants,9.0
1985-04,Prince Edward Island,Net non-permanent residents,-11.0
1985-04,Nova Scotia,Immigrants,273.0
1985-04,Nova Scotia,Net emigration,59.0
1985-04,Nova Scotia,Emigrants,116.0
1985-04,Nova Scotia,Returning emigrants,57.0
1985-04,Nova Scotia,Net non-permanent residents,55.0
1985-04,New Brunswick,Immigrants,175.0
1985-04,New Brunswick,Net emigration,117.0
1985-04,New Brunswick,Emigrants,227.0
1985-04,New Brunswick,Returning emigrants,110.0
1985-04,New Brunswick,Net non-permanent residents,-173.0
1985-04,Quebec,Immigrants,3629.0
1985-04,Quebec,Net emigration,947.0
1985-04,Quebec,Emigrants,2020.0
1985-04,Quebec,Returning emigrants,1073.0
1985-04,Quebec,Net non-permanent residents,1049.0
1985-04,Ontario,Immigrants,10012.0
1985-04,Ontario,Net emigration,2808.0
1985-04,Ontario,Emigrants,5701.0
1985-04,Ontario,Returning emigrants,2893.0
1985-04,Ontario,Net non-permanent residents,2693.0
1985-04,Manitoba,Immigrants,790.0
1985-04,Manitoba,Net emigration,180.0
1985-04,Manitoba,Emigrants,385.0
1985-04,Manitoba,Returning emigrants,205.0
1985-04,Manitoba,Net non-permanent residents,215.0
1985-04,Saskatchewan,Immigrants,522.0
1985-04,Saskatchewan,Net emigration,208.0
1985-04,Saskatchewan,Emigrants,373.0
1985-04,Saskatchewan,Returning emigrants,165.0
1985-04,Saskatchewan,Net non-permanent residents,349.0
1985-04,Alberta,Immigrants,2508.0
1985-04,Alberta,Net emigration,944.0
1985-04,Alberta,Emigrants,1897.0
1985-04,Alberta,Returning emigrants,953.0
1985-04,Alberta,Net non-permanent residents,453.0
1985-04,British Columbia,Immigrants,3172.0
1985-04,British Columbia,Net emigration,1042.0
1985-04,British Columbia,Emigrants,1887.0
1985-04,British Columbia,Returning emigrants,845.0
1985-04,British Columbia,Net non-permanent residents,43.0
1985-04,Yukon,Immigrants,10.0
1985-04,Yukon,Net emigration,8.0
1985-04,Yukon,Emigrants,17.0
1985-04,Yukon,Returning emigrants,9.0
1985-04,Yukon,Net non-permanent residents,58.0
1985-04,Northwest Territories including Nunavut,Immigrants,26.0
1985-04,Northwest Territories including Nunavut,Net emigration,14.0
1985-04,Northwest Territories including Nunavut,Emigrants,22.0
1985-04,Northwest Territories including Nunavut,Returning emigrants,8.0
1985-04,Northwest Territories including Nunavut,Net non-permanent residents,-19.0
1985-07,Canada,Immigrants,24330.0
1985-07,Canada,Net emigration,9161.0
1985-07,Canada,Emigrants,19076.0
1985-07,Canada,Returning emigrants,9915.0
1985-07,Canada,Net non-permanent residents,8516.0
1985-07,Newfoundland and Labrador,Immigrants,80.0
1985-07,Newfoundland and Labrador,Net emigration,55.0
1985-07,Newfoundland and Labrador,Emigrants,127.0
1985-07,Newfoundland and Labrador,Returning emigrants,72.0
1985-07,Newfoundland and Labrador,Net non-permanent residents,42.0
1985-07,Prince Edward Island,Immigrants,20.0
1985-07,Prince Edward Island,Net emigration,15.0
1985-07,Prince Edward Island,Emigrants,30.0
1985-07,Prince Edward Island,Returning emigrants,15.0
1985-07,Prince Edward Island,Net non-permanent residents,9.0
1985-07,Nova Scotia,Immigrants,292.0
1985-07,Nova Scotia,Net emigration,93.0
1985-07,Nova Scotia,Emigrants,178.0
1985-07,Nova Scotia,Returning emigrants,85.0
1985-07,Nova Scotia,Net non-permanent residents,-154.0
1985-07,New Brunswick,Immigrants,182.0
1985-07,New Brunswick,Net emigration,220.0
1985-07,New Brunswick,Emigrants,403.0
1985-07,New Brunswick,Returning emigrants,183.0
1985-07,New Brunswick,Net non-permanent residents,170.0
1985-07,Quebec,Immigrants,4551.0
1985-07,Quebec,Net emigration,1117.0
1985-07,Quebec,Emigrants,2570.0
1985-07,Quebec,Returning emigrants,1453.0
1985-07,Quebec,Net non-permanent residents,2248.0
1985-07,Ontario,Immigrants,11700.0
1985-07,Ontario,Net emigration,3982.0
1985-07,Ontario,Emigrants,8478.0
1985-07,Ontario,Returning emigrants,4496.0
1985-07,Ontario,Net non-permanent residents,3630.0
1985-07,Manitoba,Immigrants,1041.0
1985-07,Manitoba,Net emigration,280.0
1985-07,Manitoba,Emigrants,577.0
1985-07,Manitoba,Returning emigrants,297.0
1985-07,Manitoba,Net non-permanent residents,-20.0
1985-07,Saskatchewan,Immigrants,547.0
1985-07,Saskatchewan,Net emigration,317.0
1985-07,Saskatchewan,Emigrants,559.0
1985-07,Saskatchewan,Returning emigrants,242.0
1985-07,Saskatchewan,Net non-permanent residents,252.0
1985-07,Alberta,Immigrants,2411.0
1985-07,Alberta,Net emigration,1408.0
1985-07,Alberta,Emigrants,2956.0
1985-07,Alberta,Returning emigrants,1548.0
1985-07,Alberta,Net non-permanent residents,1120.0
1985-07,British Columbia,Immigrants,3483.0
1985-07,British Columbia,Net emigration,1642.0
1985-07,British Columbia,Emigrants,3147.0
1985-07,British Columbia,Returning emigrants,1505.0
1985-07,British Columbia,Net non-permanent residents,1222.0
1985-07,Yukon,Immigrants,10.0
1985-07,Yukon,Net emigration,6.0
1985-07,Yukon,Emigrants,13.0
1985-07,Yukon,Returning emigrants,7.0
1985-07,Yukon,Net non-permanent residents,-8.0
1985-07,Northwest Territories including Nunavut,Immigrants,13.0
1985-07,Northwest Territories including Nunavut,Net emigration,26.0
1985-07,Northwest Territories including Nunavut,Emigrants,38.0
1985-07,Northwest Territories including Nunavut,Returning emigrants,12.0
1985-07,Northwest Territories including Nunavut,Net non-permanent residents,5.0
1985-10,Canada,Immigrants,20567.0
1985-10,Canada,Net emigration,5586.0
1985-10,Canada,Emigrants,11289.0
1985-10,Canada,Returning emigrants,5703.0
1985-10,Canada,Net non-permanent residents,-6058.0
1985-10,Newfoundland and Labrador,Immigrants,77.0
1985-10,Newfoundland and Labrador,Net emigration,43.0
1985-10,Newfoundland and Labrador,Emigrants,96.0
1985-10,Newfoundland and Labrador,Returning emigrants,53.0
1985-10,Newfoundland and Labrador,Net non-permanent residents,-76.0
1985-10,Prince Edward Island,Immigrants,34.0
1985-10,Prince Edward Island,Net emigration,11.0
1985-10,Prince Edward Island,Emigrants,22.0
1985-10,Prince Edward Island,Returning emigrants,11.0
1985-10,Prince Edward Island,Net non-permanent residents,-2.0
1985-10,Nova Scotia,Immigrants,182.0
1985-10,Nova Scotia,Net emigration,87.0
1985-10,Nova Scotia,Emigrants,162.0
1985-10,Nova Scotia,Returning emigrants,75.0
1985-10,Nova Scotia,Net non-permanent residents,-243.0
1985-10,New Brunswick,Immigrants,129.0
1985-10,New Brunswick,Net emigration,102.0
1985-10,New Brunswick,Emigrants,184.0
1985-10,New Brunswick,Returning emigrants,82.0
1985-10,New Brunswick,Net non-permanent residents,-82.0
1985-10,Quebec,Immigrants,3769.0
1985-10,Quebec,Net emigration,714.0
1985-10,Quebec,Emigrants,1580.0
1985-10,Quebec,Returning emigrants,866.0
1985-10,Quebec,Net non-permanent residents,279.0
1985-10,Ontario,Immigrants,10320.0
1985-10,Ontario,Net emigration,2439.0
1985-10,Ontario,Emigrants,5016.0
1985-10,Ontario,Returning emigrants,2577.0
1985-10,Ontario,Net non-permanent residents,-4356.0
1985-10,Manitoba,Immigrants,821.0
1985-10,Manitoba,Net emigration,175.0
1985-10,Manitoba,Emigrants,350.0
1985-10,Manitoba,Returning emigrants,175.0
1985-10,Manitoba,Net non-permanent residents,-382.0
1985-10,Saskatchewan,Immigrants,412.0
1985-10,Saskatchewan,Net emigration,151.0
1985-10,Saskatchewan,Emigrants,259.0
1985-10,Saskatchewan,Returning emigrants,108.0
1985-10,Saskatchewan,Net non-permanent residents,-449.0
1985-10,Alberta,Immigrants,1967.0
1985-10,Alberta,Net emigration,880.0
1985-10,Alberta,Emigrants,1786.0
1985-10,Alberta,Returning emigrants,906.0
1985-10,Alberta,Net non-permanent residents,-809.0
1985-10,British Columbia,Immigrants,2832.0
1985-10,British Columbia,Net emigration,977.0
1985-10,British Columbia,Emigrants,1821.0
1985-10,British Columbia,Returning emigrants,844.0
1985-10,British Columbia,Net non-permanent residents,96.0
1985-10,Yukon,Immigrants,4.0
1985-10,Yukon,Net emigration,4.0
1985-10,Yukon,Emigrants,9.0
1985-10,Yukon,Returning emigrants,5.0
1985-10,Yukon,Net non-permanent residents,-27.0
1985-10,Northwest Territories including Nunavut,Immigrants,20.0
1985-10,Northwest Territories including Nunavut,Net emigration,3.0
1985-10,Northwest Territories including Nunavut,Emigrants,4.0
1985-10,Northwest Territories including Nunavut,Returning emigrants,1.0
1985-10,Northwest Territories including Nunavut,Net non-permanent residents,-7.0
1986-01,Canada,Immigrants,19342.0
1986-01,Canada,Net emigration,4425.0
1986-01,Canada,Emigrants,8715.0
1986-01,Canada,Returning emigrants,4290.0
1986-01,Canada,Net non-permanent residents,7575.0
1986-01,Newfoundland and Labrador,Immigrants,61.0
1986-01,Newfoundland and Labrador,Net emigration,47.0
1986-01,Newfoundland and Labrador,Emigrants,99.0
1986-01,Newfoundland and Labrador,Returning emigrants,52.0
1986-01,Newfoundland and Labrador,Net non-permanent residents,86.0
1986-01,Prince Edward Island,Immigrants,26.0
1986-01,Prince Edward Island,Net emigration,5.0
1986-01,Prince Edward Island,Emigrants,9.0
1986-01,Prince Edward Island,Returning emigrants,4.0
1986-01,Prince Edward Island,Net non-permanent residents,-1.0
1986-01,Nova Scotia,Immigrants,207.0
1986-01,Nova Scotia,Net emigration,13.0
1986-01,Nova Scotia,Emigrants,23.0
1986-01,Nova Scotia,Returning emigrants,10.0
1986-01,Nova Scotia,Net non-permanent residents,51.0
1986-01,New Brunswick,Immigrants,134.0
1986-01,New Brunswick,Net emigration,100.0
1986-01,New Brunswick,Emigrants,175.0
1986-01,New Brunswick,Returning emigrants,75.0
1986-01,New Brunswick,Net non-permanent residents,96.0
1986-01,Quebec,Immigrants,2934.0
1986-01,Quebec,Net emigration,649.0
1986-01,Quebec,Emigrants,1393.0
1986-01,Quebec,Returning emigrants,744.0
1986-01,Quebec,Net non-permanent residents,1254.0
1986-01,Ontario,Immigrants,9462.0
1986-01,Ontario,Net emigration,1933.0
1986-01,Ontario,Emigrants,3872.0
1986-01,Ontario,Returning emigrants,1939.0
1986-01,Ontario,Net non-permanent residents,3892.0
1986-01,Manitoba,Immigrants,946.0
1986-01,Manitoba,Net emigration,115.0
1986-01,Manitoba,Emigrants,224.0
1986-01,Manitoba,Returning emigrants,109.0
1986-01,Manitoba,Net non-permanent residents,130.0
1986-01,Saskatchewan,Immigrants,477.0
1986-01,Saskatchewan,Net emigration,98.0
1986-01,Saskatchewan,Emigrants,165.0
1986-01,Saskatchewan,Returning emigrants,67.0
1986-01,Saskatchewan,Net non-permanent residents,173.0
1986-01,Alberta,Immigrants,2295.0
1986-01,Alberta,Net emigration,588.0
1986-01,Alberta,Emigrants,1164.0
1986-01,Alberta,Returning emigrants,576.0
1986-01,Alberta,Net non-permanent residents,557.0
1986-01,British Columbia,Immigrants,2776.0
1986-01,British Columbia,Net emigration,850.0
1986-01,British Columbia,Emigrants,1550.0
1986-01,British Columbia,Returning emigrants,700.0
1986-01,British Columbia,Net non-permanent residents,1345.0
1986-01,Yukon,Immigrants,11.0
1986-01,Yukon,Net emigration,4.0
1986-01,Yukon,Emigrants,9.0
1986-01,Yukon,Returning emigrants,5.0
1986-01,Yukon,Net non-permanent residents,-8.0
1986-01,Northwest Territories including Nunavut,Immigrants,13.0
1986-01,Northwest Territories including Nunavut,Net emigration,23.0
1986-01,Northwest Territories including Nunavut,Emigrants,32.0
1986-01,Northwest Territories including Nunavut,Returning emigrants,9.0
1986-01,Northwest Territories including Nunavut,Net non-permanent residents,0.0
1986-04,Canada,Immigrants,24418.0
1986-04,Canada,Net emigration,5622.0
1986-04,Canada,Emigrants,11515.0
1986-04,Canada,Returning emigrants,5893.0
1986-04,Canada,Net non-permanent residents,12403.0
1986-04,Newfoundland and Labrador,Immigrants,80.0
1986-04,Newfoundland and Labrador,Net emigration,65.0
1986-04,Newfoundland and Labrador,Emigrants,117.0
1986-04,Newfoundland and Labrador,Returning emigrants,52.0
1986-04,Newfoundland and Labrador,Net non-permanent residents,1.0
1986-04,Prince Edward Island,Immigrants,49.0
1986-04,Prince Edward Island,Net emigration,15.0
1986-04,Prince Edward Island,Emigrants,36.0
1986-04,Prince Edward Island,Returning emigrants,21.0
1986-04,Prince Edward Island,Net non-permanent residents,10.0
1986-04,Nova Scotia,Immigrants,293.0
1986-04,Nova Scotia,Net emigration,79.0
1986-04,Nova Scotia,Emigrants,139.0
1986-04,Nova Scotia,Returning emigrants,60.0
1986-04,Nova Scotia,Net non-permanent residents,-81.0
1986-04,New Brunswick,Immigrants,180.0
1986-04,New Brunswick,Net emigration,81.0
1986-04,New Brunswick,Emigrants,147.0
1986-04,New Brunswick,Returning emigrants,66.0
1986-04,New Brunswick,Net non-permanent residents,-28.0
1986-04,Quebec,Immigrants,4690.0
1986-04,Quebec,Net emigration,786.0
1986-04,Quebec,Emigrants,1779.0
1986-04,Quebec,Returning emigrants,993.0
1986-04,Quebec,Net non-permanent residents,2142.0
1986-04,Ontario,Immigrants,11676.0
1986-04,Ontario,Net emigration,2447.0
1986-04,Ontario,Emigrants,5095.0
1986-04,Ontario,Returning emigrants,2648.0
1986-04,Ontario,Net non-permanent residents,7251.0
1986-04,Manitoba,Immigrants,1098.0
1986-04,Manitoba,Net emigration,294.0
1986-04,Manitoba,Emigrants,565.0
1986-04,Manitoba,Returning emigrants,271.0
1986-04,Manitoba,Net non-permanent residents,279.0
1986-04,Saskatchewan,Immigrants,482.0
1986-04,Saskatchewan,Net emigration,110.0
1986-04,Saskatchewan,Emigrants,232.0
1986-04,Saskatchewan,Returning emigrants,122.0
1986-04,Saskatchewan,Net non-permanent residents,171.0
1986-04,Alberta,Immigrants,2538.0
1986-04,Alberta,Net emigration,783.0
1986-04,Alberta,Emigrants,1576.0
1986-04,Alberta,Returning emigrants,793.0
1986-04,Alberta,Net non-permanent residents,519.0
1986-04,British Columbia,Immigrants,3299.0
1986-04,British Columbia,Net emigration,933.0
1986-04,British Columbia,Emigrants,1771.0
1986-04,British Columbia,Returning emigrants,838.0
1986-04,British Columbia,Net non-permanent residents,2088.0
1986-04,Yukon,Immigrants,18.0
1986-04,Yukon,Net emigration,13.0
1986-04,Yukon,Emigrants,31.0
1986-04,Yukon,Returning emigrants,18.0
1986-04,Yukon,Net non-permanent residents,24.0
1986-04,Northwest Territories including Nunavut,Immigrants,15.0
1986-04,Northwest Territories including Nunavut,Net emigration,16.0
1986-04,Northwest Territories including Nunavut,Emigrants,27.0
1986-04,Northwest Territories including Nunavut,Returning emigrants,11.0
1986-04,Northwest Territories including Nunavut,Net non-permanent residents,27.0
1986-07,Canada,Immigrants,26207.0
1986-07,Canada,Net emigration,12248.0
1986-07,Canada,Emigrants,17814.0
1986-07,Canada,Returning emigrants,5566.0
1986-07,Canada,Net non-permanent residents,21415.0
1986-07,Newfoundland and Labrador,Immigrants,71.0
1986-07,Newfoundland and Labrador,Net emigration,166.0
1986-07,Newfoundland and Labrador,Emigrants,217.0
1986-07,Newfoundland and Labrador,Returning emigrants,51.0
1986-07,Newfoundland and Labrador,Net non-permanent residents,45.0
1986-07,Prince Edward Island,Immigrants,36.0
1986-07,Prince Edward Island,Net emigration,3.0
1986-07,Prince Edward Island,Emigrants,9.0
1986-07,Prince Edward Island,Returning emigrants,6.0
1986-07,Prince Edward Island,Net non-permanent residents,58.0
1986-07,Nova Scotia,Immigrants,312.0
1986-07,Nova Scotia,Net emigration,117.0
1986-07,Nova Scotia,Emigrants,173.0
1986-07,Nova Scotia,Returning emigrants,56.0
1986-07,Nova Scotia,Net non-permanent residents,236.0
1986-07,New Brunswick,Immigrants,178.0
1986-07,New Brunswick,Net emigration,282.0
1986-07,New Brunswick,Emigrants,377.0
1986-07,New Brunswick,Returning emigrants,95.0
1986-07,New Brunswick,Net non-permanent residents,140.0
1986-07,Quebec,Immigrants,4988.0
1986-07,Quebec,Net emigration,1855.0
1986-07,Quebec,Emigrants,2497.0
1986-07,Quebec,Returning emigrants,642.0
1986-07,Quebec,Net non-permanent residents,5227.0
1986-07,Ontario,Immigrants,13501.0
1986-07,Ontario,Net emigration,5622.0
1986-07,Ontario,Emigrants,7847.0
1986-07,Ontario,Returning emigrants,2225.0
1986-07,Ontario,Net non-permanent residents,11815.0
1986-07,Manitoba,Immigrants,889.0
1986-07,Manitoba,Net emigration,453.0
1986-07,Manitoba,Emigrants,694.0
1986-07,Manitoba,Returning emigrants,241.0
1986-07,Manitoba,Net non-permanent residents,114.0
1986-07,Saskatchewan,Immigrants,526.0
1986-07,Saskatchewan,Net emigration,162.0
1986-07,Saskatchewan,Emigrants,240.0
1986-07,Saskatchewan,Returning emigrants,78.0
1986-07,Saskatchewan,Net non-permanent residents,313.0
1986-07,Alberta,Immigrants,2529.0
1986-07,Alberta,Net emigration,1851.0
1986-07,Alberta,Emigrants,2785.0
1986-07,Alberta,Returning emigrants,934.0
1986-07,Alberta,Net non-permanent residents,1733.0
1986-07,British Columbia,Immigrants,3147.0
1986-07,British Columbia,Net emigration,1740.0
1986-07,British Columbia,Emigrants,2967.0
1986-07,British Columbia,Returning emigrants,1227.0
1986-07,British Columbia,Net non-permanent residents,1754.0
1986-07,Yukon,Immigrants,8.0
1986-07,Yukon,Net emigration,1.0
1986-07,Yukon,Emigrants,4.0
1986-07,Yukon,Returning emigrants,3.0
1986-07,Yukon,Net non-permanent residents,3.0
1986-07,Northwest Territories including Nunavut,Immigrants,22.0
1986-07,Northwest Territories including Nunavut,Net emigration,-4.0
1986-07,Northwest Territories including Nunavut,Emigrants,4.0
1986-07,Northwest Territories including Nunavut,Returning emigrants,8.0
1986-07,Northwest Territories including Nunavut,Net non-permanent residents,-23.0
1986-10,Canada,Immigrants,29376.0
1986-10,Canada,Net emigration,7937.0
1986-10,Canada,Emigrants,11055.0
1986-10,Canada,Returning emigrants,3118.0
1986-10,Canada,Net non-permanent residents,5144.0
1986-10,Newfoundland and Labrador,Immigrants,62.0
1986-10,Newfoundland and Labrador,Net emigration,39.0
1986-10,Newfoundland and Labrador,Emigrants,68.0
1986-10,Newfoundland and Labrador,Returning emigrants,29.0
1986-10,Newfoundland and Labrador,Net non-permanent residents,47.0
1986-10,Prince Edward Island,Immigrants,57.0
1986-10,Prince Edward Island,Net emigration,15.0
1986-10,Prince Edward Island,Emigrants,18.0
1986-10,Prince Edward Island,Returning emigrants,3.0
1986-10,Prince Edward Island,Net non-permanent residents,-5.0
1986-10,Nova Scotia,Immigrants,281.0
1986-10,Nova Scotia,Net emigration,112.0
1986-10,Nova Scotia,Emigrants,144.0
1986-10,Nova Scotia,Returning emigrants,32.0
1986-10,Nova Scotia,Net non-permanent residents,-182.0
1986-10,New Brunswick,Immigrants,149.0
1986-10,New Brunswick,Net emigration,175.0
1986-10,New Brunswick,Emigrants,229.0
1986-10,New Brunswick,Returning emigrants,54.0
1986-10,New Brunswick,Net non-permanent residents,-63.0
1986-10,Quebec,Immigrants,6864.0
1986-10,Quebec,Net emigration,1008.0
1986-10,Quebec,Emigrants,1367.0
1986-10,Quebec,Returning emigrants,359.0
1986-10,Quebec,Net non-permanent residents,5326.0
1986-10,Ontario,Immigrants,15096.0
1986-10,Ontario,Net emigration,3626.0
1986-10,Ontario,Emigrants,4872.0
1986-10,Ontario,Returning emigrants,1246.0
1986-10,Ontario,Net non-permanent residents,1748.0
1986-10,Manitoba,Immigrants,816.0
1986-10,Manitoba,Net emigration,269.0
1986-10,Manitoba,Emigrants,404.0
1986-10,Manitoba,Returning emigrants,135.0
1986-10,Manitoba,Net non-permanent residents,-353.0
1986-10,Saskatchewan,Immigrants,376.0
1986-10,Saskatchewan,Net emigration,167.0
1986-10,Saskatchewan,Emigrants,211.0
1986-10,Saskatchewan,Returning emigrants,44.0
1986-10,Saskatchewan,Net non-permanent residents,-291.0
1986-10,Alberta,Immigrants,2311.0
1986-10,Alberta,Net emigration,1270.0
1986-10,Alberta,Emigrants,1793.0
1986-10,Alberta,Returning emigrants,523.0
1986-10,Alberta,Net non-permanent residents,-350.0
1986-10,British Columbia,Immigrants,3334.0
1986-10,British Columbia,Net emigration,1240.0
1986-10,British Columbia,Emigrants,1927.0
1986-10,British Columbia,Returning emigrants,687.0
1986-10,British Columbia,Net non-permanent residents,-690.0
1986-10,Yukon,Immigrants,13.0
1986-10,Yukon,Net emigration,6.0
1986-10,Yukon,Emigrants,9.0
1986-10,Yukon,Returning emigrants,3.0
1986-10,Yukon,Net non-permanent residents,-41.0
1986-10,Northwest Territories including Nunavut,Immigrants,17.0
1986-10,Northwest Territories including Nunavut,Net emigration,10.0
1986-10,Northwest Territories including Nunavut,Emigrants,13.0
1986-10,Northwest Territories including Nunavut,Returning emigrants,3.0
1986-10,Northwest Territories including Nunavut,Net non-permanent residents,-2.0
1987-01,Canada,Immigrants,34688.0
1987-01,Canada,Net emigration,5833.0
1987-01,Canada,Emigrants,9104.0
1987-01,Canada,Returning emigrants,3271.0
1987-01,Canada,Net non-permanent residents,19750.0
1987-01,Newfoundland and Labrador,Immigrants,95.0
1987-01,Newfoundland and Labrador,Net emigration,56.0
1987-01,Newfoundland and Labrador,Emigrants,85.0
1987-01,Newfoundland and Labrador,Returning emigrants,29.0
1987-01,Newfoundland and Labrador,Net non-permanent residents,91.0
1987-01,Prince Edward Island,Immigrants,34.0
1987-01,Prince Edward Island,Net emigration,6.0
1987-01,Prince Edward Island,Emigrants,10.0
1987-01,Prince Edward Island,Returning emigrants,4.0
1987-01,Prince Edward Island,Net non-permanent residents,25.0
1987-01,Nova Scotia,Immigrants,262.0
1987-01,Nova Scotia,Net emigration,63.0
1987-01,Nova Scotia,Emigrants,95.0
1987-01,Nova Scotia,Returning emigrants,32.0
1987-01,Nova Scotia,Net non-permanent residents,152.0
1987-01,New Brunswick,Immigrants,169.0
1987-01,New Brunswick,Net emigration,102.0
1987-01,New Brunswick,Emigrants,158.0
1987-01,New Brunswick,Returning emigrants,56.0
1987-01,New Brunswick,Net non-permanent residents,96.0
1987-01,Quebec,Immigrants,6798.0
1987-01,Quebec,Net emigration,725.0
1987-01,Quebec,Emigrants,1102.0
1987-01,Quebec,Returning emigrants,377.0
1987-01,Quebec,Net non-permanent residents,5754.0
1987-01,Ontario,Immigrants,18396.0
1987-01,Ontario,Net emigration,2702.0
1987-01,Ontario,Emigrants,4010.0
1987-01,Ontario,Returning emigrants,1308.0
1987-01,Ontario,Net non-permanent residents,10281.0
1987-01,Manitoba,Immigrants,1185.0
1987-01,Manitoba,Net emigration,271.0
1987-01,Manitoba,Emigrants,412.0
1987-01,Manitoba,Returning emigrants,141.0
1987-01,Manitoba,Net non-permanent residents,149.0
1987-01,Saskatchewan,Immigrants,645.0
1987-01,Saskatchewan,Net emigration,99.0
1987-01,Saskatchewan,Emigrants,145.0
1987-01,Saskatchewan,Returning emigrants,46.0
1987-01,Saskatchewan,Net non-permanent residents,189.0
1987-01,Alberta,Immigrants,2607.0
1987-01,Alberta,Net emigration,1005.0
1987-01,Alberta,Emigrants,1555.0
1987-01,Alberta,Returning emigrants,550.0
1987-01,Alberta,Net non-permanent residents,1303.0
1987-01,British Columbia,Immigrants,4474.0
1987-01,British Columbia,Net emigration,770.0
1987-01,British Columbia,Emigrants,1491.0
1987-01,British Columbia,Returning emigrants,721.0
1987-01,British Columbia,Net non-permanent residents,1694.0
1987-01,Yukon,Immigrants,13.0
1987-01,Yukon,Net emigration,11.0
1987-01,Yukon,Emigrants,14.0
1987-01,Yukon,Returning emigrants,3.0
1987-01,Yukon,Net non-permanent residents,14.0
1987-01,Northwest Territories including Nunavut,Immigrants,10.0
1987-01,Northwest Territories including Nunavut,Net emigration,23.0
1987-01,Northwest Territories including Nunavut,Emigrants,27.0
1987-01,Northwest Territories including Nunavut,Returning emigrants,4.0
1987-01,Northwest Territories including Nunavut,Net non-permanent residents,2.0
1987-04,Canada,Immigrants,40609.0
1987-04,Canada,Net emigration,4988.0
1987-04,Canada,Emigrants,9734.0
1987-04,Canada,Returning emigrants,4746.0
1987-04,Canada,Net non-permanent residents,12382.0
1987-04,Newfoundland and Labrador,Immigrants,127.0
1987-04,Newfoundland and Labrador,Net emigration,57.0
1987-04,Newfoundland and Labrador,Emigrants,100.0
1987-04,Newfoundland and Labrador,Returning emigrants,43.0
1987-04,Newfoundland and Labrador,Net non-permanent residents,50.0
1987-04,Prince Edward Island,Immigrants,38.0
1987-04,Prince Edward Island,Net emigration,17.0
1987-04,Prince Edward Island,Emigrants,23.0
1987-04,Prince Edward Island,Returning emigrants,6.0
1987-04,Prince Edward Island,Net non-permanent residents,-12.0
1987-04,Nova Scotia,Immigrants,315.0
1987-04,Nova Scotia,Net emigration,57.0
1987-04,Nova Scotia,Emigrants,104.0
1987-04,Nova Scotia,Returning emigrants,47.0
1987-04,Nova Scotia,Net non-permanent residents,51.0
1987-04,New Brunswick,Immigrants,182.0
1987-04,New Brunswick,Net emigration,32.0
1987-04,New Brunswick,Emigrants,114.0
1987-04,New Brunswick,Returning emigrants,82.0
1987-04,New Brunswick,Net non-permanent residents,-106.0
1987-04,Quebec,Immigrants,6802.0
1987-04,Quebec,Net emigration,879.0
1987-04,Quebec,Emigrants,1426.0
1987-04,Quebec,Returning emigrants,547.0
1987-04,Quebec,Net non-permanent residents,1650.0
1987-04,Ontario,Immigrants,23259.0
1987-04,Ontario,Net emigration,2372.0
1987-04,Ontario,Emigrants,4270.0
1987-04,Ontario,Returning emigrants,1898.0
1987-04,Ontario,Net non-permanent residents,8482.0
1987-04,Manitoba,Immigrants,1188.0
1987-04,Manitoba,Net emigration,73.0
1987-04,Manitoba,Emigrants,278.0
1987-04,Manitoba,Returning emigrants,205.0
1987-04,Manitoba,Net non-permanent residents,254.0
1987-04,Saskatchewan,Immigrants,584.0
1987-04,Saskatchewan,Net emigration,92.0
1987-04,Saskatchewan,Emigrants,159.0
1987-04,Saskatchewan,Returning emigrants,67.0
1987-04,Saskatchewan,Net non-permanent residents,144.0
1987-04,Alberta,Immigrants,3190.0
1987-04,Alberta,Net emigration,811.0
1987-04,Alberta,Emigrants,1607.0
1987-04,Alberta,Returning emigrants,796.0
1987-04,Alberta,Net non-permanent residents,1146.0
1987-04,British Columbia,Immigrants,4868.0
1987-04,British Columbia,Net emigration,589.0
1987-04,British Columbia,Emigrants,1635.0
1987-04,British Columbia,Returning emigrants,1046.0
1987-04,British Columbia,Net non-permanent residents,651.0
1987-04,Yukon,Immigrants,36.0
1987-04,Yukon,Net emigration,1.0
1987-04,Yukon,Emigrants,4.0
1987-04,Yukon,Returning emigrants,3.0
1987-04,Yukon,Net non-permanent residents,54.0
1987-04,Northwest Territories including Nunavut,Immigrants,20.0
1987-04,Northwest Territories including Nunavut,Net emigration,8.0
1987-04,Northwest Territories including Nunavut,Emigrants,14.0
1987-04,Northwest Territories including Nunavut,Returning emigrants,6.0
1987-04,Northwest Territories including Nunavut,Net non-permanent residents,18.0
1987-07,Canada,Immigrants,42535.0
1987-07,Canada,Net emigration,11414.0
1987-07,Canada,Emigrants,16179.0
1987-07,Canada,Returning emigrants,4765.0
1987-07,Canada,Net non-permanent residents,16532.0
1987-07,Newfoundland and Labrador,Immigrants,144.0
1987-07,Newfoundland and Labrador,Net emigration,119.0
1987-07,Newfoundland and Labrador,Emigrants,150.0
1987-07,Newfoundland and Labrador,Returning emigrants,31.0
1987-07,Newfoundland and Labrador,Net non-permanent residents,114.0
1987-07,Prince Edward Island,Immigrants,62.0
1987-07,Prince Edward Island,Net emigration,0.0
1987-07,Prince Edward Island,Emigrants,4.0
1987-07,Prince Edward Island,Returning emigrants,4.0
1987-07,Prince Edward Island,Net non-permanent residents,28.0
1987-07,Nova Scotia,Immigrants,384.0
1987-07,Nova Scotia,Net emigration,163.0
1987-07,Nova Scotia,Emigrants,212.0
1987-07,Nova Scotia,Returning emigrants,49.0
1987-07,Nova Scotia,Net non-permanent residents,269.0
1987-07,New Brunswick,Immigrants,189.0
1987-07,New Brunswick,Net emigration,317.0
1987-07,New Brunswick,Emigrants,410.0
1987-07,New Brunswick,Returning emigrants,93.0
1987-07,New Brunswick,Net non-permanent residents,191.0
1987-07,Quebec,Immigrants,7468.0
1987-07,Quebec,Net emigration,1725.0
1987-07,Quebec,Emigrants,2252.0
1987-07,Quebec,Returning emigrants,527.0
1987-07,Quebec,Net non-permanent residents,1777.0
1987-07,Ontario,Immigrants,23502.0
1987-07,Ontario,Net emigration,5170.0
1987-07,Ontario,Emigrants,7065.0
1987-07,Ontario,Returning emigrants,1895.0
1987-07,Ontario,Net non-permanent residents,9393.0
1987-07,Manitoba,Immigrants,1377.0
1987-07,Manitoba,Net emigration,534.0
1987-07,Manitoba,Emigrants,798.0
1987-07,Manitoba,Returning emigrants,264.0
1987-07,Manitoba,Net non-permanent residents,-87.0
1987-07,Saskatchewan,Immigrants,483.0
1987-07,Saskatchewan,Net emigration,297.0
1987-07,Saskatchewan,Emigrants,406.0
1987-07,Saskatchewan,Returning emigrants,109.0
1987-07,Saskatchewan,Net non-permanent residents,369.0
1987-07,Alberta,Immigrants,3525.0
1987-07,Alberta,Net emigration,1641.0
1987-07,Alberta,Emigrants,2487.0
1987-07,Alberta,Returning emigrants,846.0
1987-07,Alberta,Net non-permanent residents,1915.0
1987-07,British Columbia,Immigrants,5365.0
1987-07,British Columbia,Net emigration,1400.0
1987-07,British Columbia,Emigrants,2336.0
1987-07,British Columbia,Returning emigrants,936.0
1987-07,British Columbia,Net non-permanent residents,2535.0
1987-07,Yukon,Immigrants,14.0
1987-07,Yukon,Net emigration,24.0
1987-07,Yukon,Emigrants,32.0
1987-07,Yukon,Returning emigrants,8.0
1987-07,Yukon,Net non-permanent residents,33.0
1987-07,Northwest Territories including Nunavut,Immigrants,22.0
1987-07,Northwest Territories including Nunavut,Net emigration,24.0
1987-07,Northwest Territories including Nunavut,Emigrants,27.0
1987-07,Northwest Territories including Nunavut,Returning emigrants,3.0
1987-07,Northwest Territories including Nunavut,Net non-permanent residents,-5.0
1987-10,Canada,Immigrants,34199.0
1987-10,Canada,Net emigration,6630.0
1987-10,Canada,Emigrants,9295.0
1987-10,Canada,Returning emigrants,2665.0
1987-10,Canada,Net non-permanent residents,-7765.0
1987-10,Newfoundland and Labrador,Immigrants,89.0
1987-10,Newfoundland and Labrador,Net emigration,10.0
1987-10,Newfoundland and Labrador,Emigrants,27.0
1987-10,Newfoundland and Labrador,Returning emigrants,17.0
1987-10,Newfoundland and Labrador,Net non-permanent residents,5.0
1987-10,Prince Edward Island,Immigrants,25.0
1987-10,Prince Edward Island,Net emigration,-3.0
1987-10,Prince Edward Island,Emigrants,0.0
1987-10,Prince Edward Island,Returning emigrants,3.0
1987-10,Prince Edward Island,Net non-permanent residents,-15.0
1987-10,Nova Scotia,Immigrants,264.0
1987-10,Nova Scotia,Net emigration,78.0
1987-10,Nova Scotia,Emigrants,106.0
1987-10,Nova Scotia,Returning emigrants,28.0
1987-10,Nova Scotia,Net non-permanent residents,-177.0
1987-10,New Brunswick,Immigrants,101.0
1987-10,New Brunswick,Net emigration,114.0
1987-10,New Brunswick,Emigrants,165.0
1987-10,New Brunswick,Returning emigrants,51.0
1987-10,New Brunswick,Net non-permanent residents,-35.0
1987-10,Quebec,Immigrants,5778.0
1987-10,Quebec,Net emigration,681.0
1987-10,Quebec,Emigrants,976.0
1987-10,Quebec,Returning emigrants,295.0
1987-10,Quebec,Net non-permanent residents,-2091.0
1987-10,Ontario,Immigrants,19624.0
1987-10,Ontario,Net emigration,2999.0
1987-10,Ontario,Emigrants,4059.0
1987-10,Ontario,Returning emigrants,1060.0
1987-10,Ontario,Net non-permanent residents,-6003.0
1987-10,Manitoba,Immigrants,1032.0
1987-10,Manitoba,Net emigration,403.0
1987-10,Manitoba,Emigrants,550.0
1987-10,Manitoba,Returning emigrants,147.0
1987-10,Manitoba,Net non-permanent residents,-236.0
1987-10,Saskatchewan,Immigrants,406.0
1987-10,Saskatchewan,Net emigration,218.0
1987-10,Saskatchewan,Emigrants,279.0
1987-10,Saskatchewan,Returning emigrants,61.0
1987-10,Saskatchewan,Net non-permanent residents,-342.0
1987-10,Alberta,Immigrants,2652.0
1987-10,Alberta,Net emigration,1218.0
1987-10,Alberta,Emigrants,1691.0
1987-10,Alberta,Returning emigrants,473.0
1987-10,Alberta,Net non-permanent residents,258.0
1987-10,British Columbia,Immigrants,4191.0
1987-10,British Columbia,Net emigration,909.0
1987-10,British Columbia,Emigrants,1433.0
1987-10,British Columbia,Returning emigrants,524.0
1987-10,British Columbia,Net non-permanent residents,968.0
1987-10,Yukon,Immigrants,17.0
1987-10,Yukon,Net emigration,6.0
1987-10,Yukon,Emigrants,9.0
1987-10,Yukon,Returning emigrants,3.0
1987-10,Yukon,Net non-permanent residents,-86.0
1987-10,Northwest Territories including Nunavut,Immigrants,20.0
1987-10,Northwest Territories including Nunavut,Net emigration,-3.0
1987-10,Northwest Territories including Nunavut,Emigrants,0.0
1987-10,Northwest Territories including Nunavut,Returning emigrants,3.0
1987-10,Northwest Territories including Nunavut,Net non-permanent residents,-11.0
1988-01,Canada,Immigrants,32999.0
1988-01,Canada,Net emigration,4696.0
1988-01,Canada,Emigrants,7499.0
1988-01,Canada,Returning emigrants,2803.0
1988-01,Canada,Net non-permanent residents,9934.0
1988-01,Newfoundland and Labrador,Immigrants,98.0
1988-01,Newfoundland and Labrador,Net emigration,59.0
1988-01,Newfoundland and Labrador,Emigrants,77.0
1988-01,Newfoundland and Labrador,Returning emigrants,18.0
1988-01,Newfoundland and Labrador,Net non-permanent residents,31.0
1988-01,Prince Edward Island,Immigrants,33.0
1988-01,Prince Edward Island,Net emigration,29.0
1988-01,Prince Edward Island,Emigrants,32.0
1988-01,Prince Edward Island,Returning emigrants,3.0
1988-01,Prince Edward Island,Net non-permanent residents,-7.0
1988-01,Nova Scotia,Immigrants,284.0
1988-01,Nova Scotia,Net emigration,25.0
1988-01,Nova Scotia,Emigrants,54.0
1988-01,Nova Scotia,Returning emigrants,29.0
1988-01,Nova Scotia,Net non-permanent residents,178.0
1988-01,New Brunswick,Immigrants,141.0
1988-01,New Brunswick,Net emigration,49.0
1988-01,New Brunswick,Emigrants,104.0
1988-01,New Brunswick,Returning emigrants,55.0
1988-01,New Brunswick,Net non-permanent residents,138.0
1988-01,Quebec,Immigrants,4972.0
1988-01,Quebec,Net emigration,606.0
1988-01,Quebec,Emigrants,916.0
1988-01,Quebec,Returning emigrants,310.0
1988-01,Quebec,Net non-permanent residents,1044.0
1988-01,Ontario,Immigrants,18283.0
1988-01,Ontario,Net emigration,2159.0
1988-01,Ontario,Emigrants,3273.0
1988-01,Ontario,Returning emigrants,1114.0
1988-01,Ontario,Net non-permanent residents,6231.0
1988-01,Manitoba,Immigrants,1066.0
1988-01,Manitoba,Net emigration,104.0
1988-01,Manitoba,Emigrants,260.0
1988-01,Manitoba,Returning emigrants,156.0
1988-01,Manitoba,Net non-permanent residents,209.0
1988-01,Saskatchewan,Immigrants,517.0
1988-01,Saskatchewan,Net emigration,113.0
1988-01,Saskatchewan,Emigrants,177.0
1988-01,Saskatchewan,Returning emigrants,64.0
1988-01,Saskatchewan,Net non-permanent residents,164.0
1988-01,Alberta,Immigrants,2844.0
1988-01,Alberta,Net emigration,870.0
1988-01,Alberta,Emigrants,1367.0
1988-01,Alberta,Returning emigrants,497.0
1988-01,Alberta,Net non-permanent residents,1083.0
1988-01,British Columbia,Immigrants,4739.0
1988-01,British Columbia,Net emigration,684.0
1988-01,British Columbia,Emigrants,1234.0
1988-01,British Columbia,Returning emigrants,550.0
1988-01,British Columbia,Net non-permanent residents,850.0
1988-01,Yukon,Immigrants,16.0
1988-01,Yukon,Net emigration,1.0
1988-01,Yukon,Emigrants,5.0
1988-01,Yukon,Returning emigrants,4.0
1988-01,Yukon,Net non-permanent residents,-4.0
1988-01,Northwest Territories including Nunavut,Immigrants,6.0
1988-01,Northwest Territories including Nunavut,Net emigration,-3.0
1988-01,Northwest Territories including Nunavut,Emigrants,0.0
1988-01,Northwest Territories including Nunavut,Returning emigrants,3.0
1988-01,Northwest Territories including Nunavut,Net non-permanent residents,17.0
1988-04,Canada,Immigrants,42478.0
1988-04,Canada,Net emigration,3945.0
1988-04,Canada,Emigrants,8005.0
1988-04,Canada,Returning emigrants,4060.0
1988-04,Canada,Net non-permanent residents,23476.0
1988-04,Newfoundland and Labrador,Immigrants,103.0
1988-04,Newfoundland and Labrador,Net emigration,1.0
1988-04,Newfoundland and Labrador,Emigrants,27.0
1988-04,Newfoundland and Labrador,Returning emigrants,26.0
1988-04,Newfoundland and Labrador,Net non-permanent residents,40.0
1988-04,Prince Edward Island,Immigrants,45.0
1988-04,Prince Edward Island,Net emigration,-3.0
1988-04,Prince Edward Island,Emigrants,0.0
1988-04,Prince Edward Island,Returning emigrants,3.0
1988-04,Prince Edward Island,Net non-permanent residents,3.0
1988-04,Nova Scotia,Immigrants,280.0
1988-04,Nova Scotia,Net emigration,40.0
1988-04,Nova Scotia,Emigrants,82.0
1988-04,Nova Scotia,Returning emigrants,42.0
1988-04,Nova Scotia,Net non-permanent residents,66.0
1988-04,New Brunswick,Immigrants,149.0
1988-04,New Brunswick,Net emigration,99.0
1988-04,New Brunswick,Emigrants,178.0
1988-04,New Brunswick,Returning emigrants,79.0
1988-04,New Brunswick,Net non-permanent residents,-119.0
1988-04,Quebec,Immigrants,6402.0
1988-04,Quebec,Net emigration,660.0
1988-04,Quebec,Emigrants,1108.0
1988-04,Quebec,Returning emigrants,448.0
1988-04,Quebec,Net non-permanent residents,4595.0
1988-04,Ontario,Immigrants,23716.0
1988-04,Ontario,Net emigration,1865.0
1988-04,Ontario,Emigrants,3481.0
1988-04,Ontario,Returning emigrants,1616.0
1988-04,Ontario,Net non-permanent residents,15266.0
1988-04,Manitoba,Immigrants,1361.0
1988-04,Manitoba,Net emigration,126.0
1988-04,Manitoba,Emigrants,351.0
1988-04,Manitoba,Returning emigrants,225.0
1988-04,Manitoba,Net non-permanent residents,330.0
1988-04,Saskatchewan,Immigrants,584.0
1988-04,Saskatchewan,Net emigration,90.0
1988-04,Saskatchewan,Emigrants,183.0
1988-04,Saskatchewan,Returning emigrants,93.0
1988-04,Saskatchewan,Net non-permanent residents,79.0
1988-04,Alberta,Immigrants,3640.0
1988-04,Alberta,Net emigration,743.0
1988-04,Alberta,Emigrants,1464.0
1988-04,Alberta,Returning emigrants,721.0
1988-04,Alberta,Net non-permanent residents,1036.0
1988-04,British Columbia,Immigrants,6160.0
1988-04,British Columbia,Net emigration,315.0
1988-04,British Columbia,Emigrants,1113.0
1988-04,British Columbia,Returning emigrants,798.0
1988-04,British Columbia,Net non-permanent residents,2112.0
1988-04,Yukon,Immigrants,18.0
1988-04,Yukon,Net emigration,8.0
1988-04,Yukon,Emigrants,14.0
1988-04,Yukon,Returning emigrants,6.0
1988-04,Yukon,Net non-permanent residents,58.0
1988-04,Northwest Territories including Nunavut,Immigrants,20.0
1988-04,Northwest Territories including Nunavut,Net emigration,1.0
1988-04,Northwest Territories including Nunavut,Emigrants,4.0
1988-04,Northwest Territories including Nunavut,Returning emigrants,3.0
1988-04,Northwest Territories including Nunavut,Net non-permanent residents,10.0
1988-07,Canada,Immigrants,47242.0
1988-07,Canada,Net emigration,9626.0
1988-07,Canada,Emigrants,14322.0
1988-07,Canada,Returning emigrants,4696.0
1988-07,Canada,Net non-permanent residents,51443.0
1988-07,Newfoundland and Labrador,Immigrants,112.0
1988-07,Newfoundland and Labrador,Net emigration,42.0
1988-07,Newfoundland and Labrador,Emigrants,63.0
1988-07,Newfoundland and Labrador,Returning emigrants,21.0
1988-07,Newfoundland and Labrador,Net non-permanent residents,148.0
1988-07,Prince Edward Island,Immigrants,35.0
1988-07,Prince Edward Island,Net emigration,-8.0
1988-07,Prince Edward Island,Emigrants,0.0
1988-07,Prince Edward Island,Returning emigrants,8.0
1988-07,Prince Edward Island,Net non-permanent residents,34.0
1988-07,Nova Scotia,Immigrants,382.0
1988-07,Nova Scotia,Net emigration,118.0
1988-07,Nova Scotia,Emigrants,172.0
1988-07,Nova Scotia,Returning emigrants,54.0
1988-07,Nova Scotia,Net non-permanent residents,577.0
1988-07,New Brunswick,Immigrants,200.0
1988-07,New Brunswick,Net emigration,272.0
1988-07,New Brunswick,Emigrants,366.0
1988-07,New Brunswick,Returning emigrants,94.0
1988-07,New Brunswick,Net non-permanent residents,531.0
1988-07,Quebec,Immigrants,7582.0
1988-07,Quebec,Net emigration,1435.0
1988-07,Quebec,Emigrants,1982.0
1988-07,Quebec,Returning emigrants,547.0
1988-07,Quebec,Net non-permanent residents,11752.0
1988-07,Ontario,Immigrants,25728.0
1988-07,Ontario,Net emigration,4345.0
1988-07,Ontario,Emigrants,6196.0
1988-07,Ontario,Returning emigrants,1851.0
1988-07,Ontario,Net non-permanent residents,31890.0
1988-07,Manitoba,Immigrants,1391.0
1988-07,Manitoba,Net emigration,570.0
1988-07,Manitoba,Emigrants,894.0
1988-07,Manitoba,Returning emigrants,324.0
1988-07,Manitoba,Net non-permanent residents,238.0
1988-07,Saskatchewan,Immigrants,610.0
1988-07,Saskatchewan,Net emigration,243.0
1988-07,Saskatchewan,Emigrants,344.0
1988-07,Saskatchewan,Returning emigrants,101.0
1988-07,Saskatchewan,Net non-permanent residents,476.0
1988-07,Alberta,Immigrants,4208.0
1988-07,Alberta,Net emigration,1474.0
1988-07,Alberta,Emigrants,2243.0
1988-07,Alberta,Returning emigrants,769.0
1988-07,Alberta,Net non-permanent residents,2147.0
1988-07,British Columbia,Immigrants,6955.0
1988-07,British Columbia,Net emigration,1090.0
1988-07,British Columbia,Emigrants,1999.0
1988-07,British Columbia,Returning emigrants,909.0
1988-07,British Columbia,Net non-permanent residents,3614.0
1988-07,Yukon,Immigrants,11.0
1988-07,Yukon,Net emigration,13.0
1988-07,Yukon,Emigrants,18.0
1988-07,Yukon,Returning emigrants,5.0
1988-07,Yukon,Net non-permanent residents,2.0
1988-07,Northwest Territories including Nunavut,Immigrants,28.0
1988-07,Northwest Territories including Nunavut,Net emigration,32.0
1988-07,Northwest Territories including Nunavut,Emigrants,45.0
1988-07,Northwest Territories including Nunavut,Returning emigrants,13.0
1988-07,Northwest Territories including Nunavut,Net non-permanent residents,34.0
1988-10,Canada,Immigrants,38815.0
1988-10,Canada,Net emigration,6267.0
1988-10,Canada,Emigrants,8894.0
1988-10,Canada,Returning emigrants,2627.0
1988-10,Canada,Net non-permanent residents,24064.0
1988-10,Newfoundland and Labrador,Immigrants,97.0
1988-10,Newfoundland and Labrador,Net emigration,59.0
1988-10,Newfoundland and Labrador,Emigrants,70.0
1988-10,Newfoundland and Labrador,Returning emigrants,11.0
1988-10,Newfoundland and Labrador,Net non-permanent residents,86.0
1988-10,Prince Edward Island,Immigrants,39.0
1988-10,Prince Edward Island,Net emigration,29.0
1988-10,Prince Edward Island,Emigrants,32.0
1988-10,Prince Edward Island,Returning emigrants,3.0
1988-10,Prince Edward Island,Net non-permanent residents,-5.0
1988-10,Nova Scotia,Immigrants,352.0
1988-10,Nova Scotia,Net emigration,92.0
1988-10,Nova Scotia,Emigrants,122.0
1988-10,Nova Scotia,Returning emigrants,30.0
1988-10,Nova Scotia,Net non-permanent residents,-17.0
1988-10,New Brunswick,Immigrants,185.0
1988-10,New Brunswick,Net emigration,137.0
1988-10,New Brunswick,Emigrants,190.0
1988-10,New Brunswick,Returning emigrants,53.0
1988-10,New Brunswick,Net non-permanent residents,57.0
1988-10,Quebec,Immigrants,6632.0
1988-10,Quebec,Net emigration,805.0
1988-10,Quebec,Emigrants,1111.0
1988-10,Quebec,Returning emigrants,306.0
1988-10,Quebec,Net non-permanent residents,5513.0
1988-10,Ontario,Immigrants,21203.0
1988-10,Ontario,Net emigration,2816.0
1988-10,Ontario,Emigrants,3852.0
1988-10,Ontario,Returning emigrants,1036.0
1988-10,Ontario,Net non-permanent residents,16581.0
1988-10,Manitoba,Immigrants,1180.0
1988-10,Manitoba,Net emigration,326.0
1988-10,Manitoba,Emigrants,508.0
1988-10,Manitoba,Returning emigrants,182.0
1988-10,Manitoba,Net non-permanent residents,-111.0
1988-10,Saskatchewan,Immigrants,490.0
1988-10,Saskatchewan,Net emigration,154.0
1988-10,Saskatchewan,Emigrants,210.0
1988-10,Saskatchewan,Returning emigrants,56.0
1988-10,Saskatchewan,Net non-permanent residents,-317.0
1988-10,Alberta,Immigrants,3315.0
1988-10,Alberta,Net emigration,1036.0
1988-10,Alberta,Emigrants,1467.0
1988-10,Alberta,Returning emigrants,431.0
1988-10,Alberta,Net non-permanent residents,427.0
1988-10,British Columbia,Immigrants,5277.0
1988-10,British Columbia,Net emigration,813.0
1988-10,British Columbia,Emigrants,1322.0
1988-10,British Columbia,Returning emigrants,509.0
1988-10,British Columbia,Net non-permanent residents,1899.0
1988-10,Yukon,Immigrants,24.0
1988-10,Yukon,Net emigration,2.0
1988-10,Yukon,Emigrants,5.0
1988-10,Yukon,Returning emigrants,3.0
1988-10,Yukon,Net non-permanent residents,-57.0
1988-10,Northwest Territories including Nunavut,Immigrants,21.0
1988-10,Northwest Territories including Nunavut,Net emigration,-2.0
1988-10,Northwest Territories including Nunavut,Emigrants,5.0
1988-10,Northwest Territories including Nunavut,Returning emigrants,7.0
1988-10,Northwest Territories including Nunavut,Net non-permanent residents,8.0
1989-01,Canada,Immigrants,40480.0
1989-01,Canada,Net emigration,4683.0
1989-01,Canada,Emigrants,7444.0
1989-01,Canada,Returning emigrants,2761.0
1989-01,Canada,Net non-permanent residents,36398.0
1989-01,Newfoundland and Labrador,Immigrants,101.0
1989-01,Newfoundland and Labrador,Net emigration,15.0
1989-01,Newfoundland and Labrador,Emigrants,28.0
1989-01,Newfoundland and Labrador,Returning emigrants,13.0
1989-01,Newfoundland and Labrador,Net non-permanent residents,76.0
1989-01,Prince Edward Island,Immigrants,24.0
1989-01,Prince Edward Island,Net emigration,1.0
1989-01,Prince Edward Island,Emigrants,5.0
1989-01,Prince Edward Island,Returning emigrants,4.0
1989-01,Prince Edward Island,Net non-permanent residents,20.0
1989-01,Nova Scotia,Immigrants,337.0
1989-01,Nova Scotia,Net emigration,57.0
1989-01,Nova Scotia,Emigrants,89.0
1989-01,Nova Scotia,Returning emigrants,32.0
1989-01,Nova Scotia,Net non-permanent residents,240.0
1989-01,New Brunswick,Immigrants,162.0
1989-01,New Brunswick,Net emigration,81.0
1989-01,New Brunswick,Emigrants,136.0
1989-01,New Brunswick,Returning emigrants,55.0
1989-01,New Brunswick,Net non-permanent residents,163.0
1989-01,Quebec,Immigrants,6504.0
1989-01,Quebec,Net emigration,688.0
1989-01,Quebec,Emigrants,1010.0
1989-01,Quebec,Returning emigrants,322.0
1989-01,Quebec,Net non-permanent residents,6594.0
1989-01,Ontario,Immigrants,22791.0
1989-01,Ontario,Net emigration,2133.0
1989-01,Ontario,Emigrants,3221.0
1989-01,Ontario,Returning emigrants,1088.0
1989-01,Ontario,Net non-permanent residents,25678.0
1989-01,Manitoba,Immigrants,1291.0
1989-01,Manitoba,Net emigration,322.0
1989-01,Manitoba,Emigrants,513.0
1989-01,Manitoba,Returning emigrants,191.0
1989-01,Manitoba,Net non-permanent residents,154.0
1989-01,Saskatchewan,Immigrants,495.0
1989-01,Saskatchewan,Net emigration,128.0
1989-01,Saskatchewan,Emigrants,188.0
1989-01,Saskatchewan,Returning emigrants,60.0
1989-01,Saskatchewan,Net non-permanent residents,167.0
1989-01,Alberta,Immigrants,3335.0
1989-01,Alberta,Net emigration,516.0
1989-01,Alberta,Emigrants,968.0
1989-01,Alberta,Returning emigrants,452.0
1989-01,Alberta,Net non-permanent residents,1081.0
1989-01,British Columbia,Immigrants,5389.0
1989-01,British Columbia,Net emigration,701.0
1989-01,British Columbia,Emigrants,1235.0
1989-01,British Columbia,Returning emigrants,534.0
1989-01,British Columbia,Net non-permanent residents,2206.0
1989-01,Yukon,Immigrants,27.0
1989-01,Yukon,Net emigration,15.0
1989-01,Yukon,Emigrants,18.0
1989-01,Yukon,Returning emigrants,3.0
1989-01,Yukon,Net non-permanent residents,9.0
1989-01,Northwest Territories including Nunavut,Immigrants,24.0
1989-01,Northwest Territories including Nunavut,Net emigration,26.0
1989-01,Northwest Territories including Nunavut,Emigrants,33.0
1989-01,Northwest Territories including Nunavut,Returning emigrants,7.0
1989-01,Northwest Territories including Nunavut,Net non-permanent residents,10.0
1989-04,Canada,Immigrants,51095.0
1989-04,Canada,Net emigration,5732.0
1989-04,Canada,Emigrants,9735.0
1989-04,Canada,Returning emigrants,4003.0
1989-04,Canada,Net non-permanent residents,28843.0
1989-04,Newfoundland and Labrador,Immigrants,121.0
1989-04,Newfoundland and Labrador,Net emigration,18.0
1989-04,Newfoundland and Labrador,Emigrants,37.0
1989-04,Newfoundland and Labrador,Returning emigrants,19.0
1989-04,Newfoundland and Labrador,Net non-permanent residents,65.0
1989-04,Prince Edward Island,Immigrants,41.0
1989-04,Prince Edward Island,Net emigration,21.0
1989-04,Prince Edward Island,Emigrants,28.0
1989-04,Prince Edward Island,Returning emigrants,7.0
1989-04,Prince Edward Island,Net non-permanent residents,6.0
1989-04,Nova Scotia,Immigrants,381.0
1989-04,Nova Scotia,Net emigration,71.0
1989-04,Nova Scotia,Emigrants,117.0
1989-04,Nova Scotia,Returning emigrants,46.0
1989-04,Nova Scotia,Net non-permanent residents,87.0
1989-04,New Brunswick,Immigrants,185.0
1989-04,New Brunswick,Net emigration,98.0
1989-04,New Brunswick,Emigrants,178.0
1989-04,New Brunswick,Returning emigrants,80.0
1989-04,New Brunswick,Net non-permanent residents,8.0
1989-04,Quebec,Immigrants,8775.0
1989-04,Quebec,Net emigration,885.0
1989-04,Quebec,Emigrants,1352.0
1989-04,Quebec,Returning emigrants,467.0
1989-04,Quebec,Net non-permanent residents,4162.0
1989-04,Ontario,Immigrants,28348.0
1989-04,Ontario,Net emigration,2618.0
1989-04,Ontario,Emigrants,4196.0
1989-04,Ontario,Returning emigrants,1578.0
1989-04,Ontario,Net non-permanent residents,21277.0
1989-04,Manitoba,Immigrants,1432.0
1989-04,Manitoba,Net emigration,210.0
1989-04,Manitoba,Emigrants,486.0
1989-04,Manitoba,Returning emigrants,276.0
1989-04,Manitoba,Net non-permanent residents,456.0
1989-04,Saskatchewan,Immigrants,633.0
1989-04,Saskatchewan,Net emigration,143.0
1989-04,Saskatchewan,Emigrants,229.0
1989-04,Saskatchewan,Returning emigrants,86.0
1989-04,Saskatchewan,Net non-permanent residents,28.0
1989-04,Alberta,Immigrants,4166.0
1989-04,Alberta,Net emigration,1040.0
1989-04,Alberta,Emigrants,1696.0
1989-04,Alberta,Returning emigrants,656.0
1989-04,Alberta,Net non-permanent residents,422.0
1989-04,British Columbia,Immigrants,6963.0
1989-04,British Columbia,Net emigration,614.0
1989-04,British Columbia,Emigrants,1388.0
1989-04,British Columbia,Returning emigrants,774.0
1989-04,British Columbia,Net non-permanent residents,2252.0
1989-04,Yukon,Immigrants,22.0
1989-04,Yukon,Net emigration,-4.0
1989-04,Yukon,Emigrants,0.0
1989-04,Yukon,Returning emigrants,4.0
1989-04,Yukon,Net non-permanent residents,76.0
1989-04,Northwest Territories including Nunavut,Immigrants,28.0
1989-04,Northwest Territories including Nunavut,Net emigration,18.0
1989-04,Northwest Territories including Nunavut,Emigrants,28.0
1989-04,Northwest Territories including Nunavut,Returning emigrants,10.0
1989-04,Northwest Territories including Nunavut,Net non-permanent residents,4.0
1989-07,Canada,Immigrants,53775.0
1989-07,Canada,Net emigration,10040.0
1989-07,Canada,Emigrants,14680.0
1989-07,Canada,Returning emigrants,4640.0
1989-07,Canada,Net non-permanent residents,26073.0
1989-07,Newfoundland and Labrador,Immigrants,146.0
1989-07,Newfoundland and Labrador,Net emigration,44.0
1989-07,Newfoundland and Labrador,Emigrants,65.0
1989-07,Newfoundland and Labrador,Returning emigrants,21.0
1989-07,Newfoundland and Labrador,Net non-permanent residents,117.0
1989-07,Prince Edward Island,Immigrants,54.0
1989-07,Prince Edward Island,Net emigration,-5.0
1989-07,Prince Edward Island,Emigrants,0.0
1989-07,Prince Edward Island,Returning emigrants,5.0
1989-07,Prince Edward Island,Net non-permanent residents,18.0
1989-07,Nova Scotia,Immigrants,418.0
1989-07,Nova Scotia,Net emigration,116.0
1989-07,Nova Scotia,Emigrants,178.0
1989-07,Nova Scotia,Returning emigrants,62.0
1989-07,Nova Scotia,Net non-permanent residents,555.0
1989-07,New Brunswick,Immigrants,286.0
1989-07,New Brunswick,Net emigration,283.0
1989-07,New Brunswick,Emigrants,378.0
1989-07,New Brunswick,Returning emigrants,95.0
1989-07,New Brunswick,Net non-permanent residents,63.0
1989-07,Quebec,Immigrants,10510.0
1989-07,Quebec,Net emigration,1517.0
1989-07,Quebec,Emigrants,2045.0
1989-07,Quebec,Returning emigrants,528.0
1989-07,Quebec,Net non-permanent residents,2879.0
1989-07,Ontario,Immigrants,28380.0
1989-07,Ontario,Net emigration,4521.0
1989-07,Ontario,Emigrants,6294.0
1989-07,Ontario,Returning emigrants,1773.0
1989-07,Ontario,Net non-permanent residents,16745.0
1989-07,Manitoba,Immigrants,1598.0
1989-07,Manitoba,Net emigration,596.0
1989-07,Manitoba,Emigrants,922.0
1989-07,Manitoba,Returning emigrants,326.0
1989-07,Manitoba,Net non-permanent residents,237.0
1989-07,Saskatchewan,Immigrants,598.0
1989-07,Saskatchewan,Net emigration,256.0
1989-07,Saskatchewan,Emigrants,353.0
1989-07,Saskatchewan,Returning emigrants,97.0
1989-07,Saskatchewan,Net non-permanent residents,393.0
1989-07,Alberta,Immigrants,4568.0
1989-07,Alberta,Net emigration,1540.0
1989-07,Alberta,Emigrants,2315.0
1989-07,Alberta,Returning emigrants,775.0
1989-07,Alberta,Net non-permanent residents,1163.0
1989-07,British Columbia,Immigrants,7173.0
1989-07,British Columbia,Net emigration,1124.0
1989-07,British Columbia,Emigrants,2064.0
1989-07,British Columbia,Returning emigrants,940.0
1989-07,British Columbia,Net non-permanent residents,3903.0
1989-07,Yukon,Immigrants,23.0
1989-07,Yukon,Net emigration,14.0
1989-07,Yukon,Emigrants,19.0
1989-07,Yukon,Returning emigrants,5.0
1989-07,Yukon,Net non-permanent residents,-5.0
1989-07,Northwest Territories including Nunavut,Immigrants,21.0
1989-07,Northwest Territories including Nunavut,Net emigration,34.0
1989-07,Northwest Territories including Nunavut,Emigrants,47.0
1989-07,Northwest Territories including Nunavut,Returning emigrants,13.0
1989-07,Northwest Territories including Nunavut,Net non-permanent residents,5.0
1989-10,Canada,Immigrants,46166.0
1989-10,Canada,Net emigration,6251.0
1989-10,Canada,Emigrants,8849.0
1989-10,Canada,Returning emigrants,2598.0
1989-10,Canada,Net non-permanent residents,-23958.0
1989-10,Newfoundland and Labrador,Immigrants,98.0
1989-10,Newfoundland and Labrador,Net emigration,58.0
1989-10,Newfoundland and Labrador,Emigrants,70.0
1989-10,Newfoundland and Labrador,Returning emigrants,12.0
1989-10,Newfoundland and Labrador,Net non-permanent residents,106.0
1989-10,Prince Edward Island,Immigrants,39.0
1989-10,Prince Edward Island,Net emigration,29.0
1989-10,Prince Edward Island,Emigrants,32.0
1989-10,Prince Edward Island,Returning emigrants,3.0
1989-10,Prince Edward Island,Net non-permanent residents,-12.0
1989-10,Nova Scotia,Immigrants,338.0
1989-10,Nova Scotia,Net emigration,88.0
1989-10,Nova Scotia,Emigrants,122.0
1989-10,Nova Scotia,Returning emigrants,34.0
1989-10,Nova Scotia,Net non-permanent residents,-162.0
1989-10,New Brunswick,Immigrants,269.0
1989-10,New Brunswick,Net emigration,139.0
1989-10,New Brunswick,Emigrants,193.0
1989-10,New Brunswick,Returning emigrants,54.0
1989-10,New Brunswick,Net non-permanent residents,-159.0
1989-10,Quebec,Immigrants,8157.0
1989-10,Quebec,Net emigration,819.0
1989-10,Quebec,Emigrants,1114.0
1989-10,Quebec,Returning emigrants,295.0
1989-10,Quebec,Net non-permanent residents,-6463.0
1989-10,Ontario,Immigrants,25119.0
1989-10,Ontario,Net emigration,2803.0
1989-10,Ontario,Emigrants,3795.0
1989-10,Ontario,Returning emigrants,992.0
1989-10,Ontario,Net non-permanent residents,-16080.0
1989-10,Manitoba,Immigrants,1801.0
1989-10,Manitoba,Net emigration,327.0
1989-10,Manitoba,Emigrants,509.0
1989-10,Manitoba,Returning emigrants,182.0
1989-10,Manitoba,Net non-permanent residents,-612.0
1989-10,Saskatchewan,Immigrants,417.0
1989-10,Saskatchewan,Net emigration,156.0
1989-10,Saskatchewan,Emigrants,210.0
1989-10,Saskatchewan,Returning emigrants,54.0
1989-10,Saskatchewan,Net non-permanent residents,-368.0
1989-10,Alberta,Immigrants,4104.0
1989-10,Alberta,Net emigration,1036.0
1989-10,Alberta,Emigrants,1470.0
1989-10,Alberta,Returning emigrants,434.0
1989-10,Alberta,Net non-permanent residents,-786.0
1989-10,British Columbia,Immigrants,5767.0
1989-10,British Columbia,Net emigration,797.0
1989-10,British Columbia,Emigrants,1324.0
1989-10,British Columbia,Returning emigrants,527.0
1989-10,British Columbia,Net non-permanent residents,625.0
1989-10,Yukon,Immigrants,30.0
1989-10,Yukon,Net emigration,2.0
1989-10,Yukon,Emigrants,5.0
1989-10,Yukon,Returning emigrants,3.0
1989-10,Yukon,Net non-permanent residents,-50.0
1989-10,Northwest Territories including Nunavut,Immigrants,27.0
1989-10,Northwest Territories including Nunavut,Net emigration,-3.0
1989-10,Northwest Territories including Nunavut,Emigrants,5.0
1989-10,Northwest Territories including Nunavut,Returning emigrants,8.0
1989-10,Northwest Territories including Nunavut,Net non-permanent residents,3.0
1990-01,Canada,Immigrants,43297.0
1990-01,Canada,Net emigration,4663.0
1990-01,Canada,Emigrants,7391.0
1990-01,Canada,Returning emigrants,2728.0
1990-01,Canada,Net non-permanent residents,17728.0
1990-01,Newfoundland and Labrador,Immigrants,74.0
1990-01,Newfoundland and Labrador,Net emigration,15.0
1990-01,Newfoundland and Labrador,Emigrants,28.0
1990-01,Newfoundland and Labrador,Returning emigrants,13.0
1990-01,Newfoundland and Labrador,Net non-permanent residents,335.0
1990-01,Prince Edward Island,Immigrants,28.0
1990-01,Prince Edward Island,Net emigration,2.0
1990-01,Prince Edward Island,Emigrants,5.0
1990-01,Prince Edward Island,Returning emigrants,3.0
1990-01,Prince Edward Island,Net non-permanent residents,-16.0
1990-01,Nova Scotia,Immigrants,356.0
1990-01,Nova Scotia,Net emigration,53.0
1990-01,Nova Scotia,Emigrants,89.0
1990-01,Nova Scotia,Returning emigrants,36.0
1990-01,Nova Scotia,Net non-permanent residents,57.0
1990-01,New Brunswick,Immigrants,176.0
1990-01,New Brunswick,Net emigration,81.0
1990-01,New Brunswick,Emigrants,136.0
1990-01,New Brunswick,Returning emigrants,55.0
1990-01,New Brunswick,Net non-permanent residents,54.0
1990-01,Quebec,Immigrants,7890.0
1990-01,Quebec,Net emigration,699.0
1990-01,Quebec,Emigrants,1009.0
1990-01,Quebec,Returning emigrants,310.0
1990-01,Quebec,Net non-permanent residents,2568.0
1990-01,Ontario,Immigrants,22910.0
1990-01,Ontario,Net emigration,2127.0
1990-01,Ontario,Emigrants,3170.0
1990-01,Ontario,Returning emigrants,1043.0
1990-01,Ontario,Net non-permanent residents,11649.0
1990-01,Manitoba,Immigrants,1559.0
1990-01,Manitoba,Net emigration,320.0
1990-01,Manitoba,Emigrants,512.0
1990-01,Manitoba,Returning emigrants,192.0
1990-01,Manitoba,Net non-permanent residents,180.0
1990-01,Saskatchewan,Immigrants,513.0
1990-01,Saskatchewan,Net emigration,131.0
1990-01,Saskatchewan,Emigrants,188.0
1990-01,Saskatchewan,Returning emigrants,57.0
1990-01,Saskatchewan,Net non-permanent residents,262.0
1990-01,Alberta,Immigrants,3934.0
1990-01,Alberta,Net emigration,511.0
1990-01,Alberta,Emigrants,967.0
1990-01,Alberta,Returning emigrants,456.0
1990-01,Alberta,Net non-permanent residents,947.0
1990-01,British Columbia,Immigrants,5812.0
1990-01,British Columbia,Net emigration,683.0
1990-01,British Columbia,Emigrants,1236.0
1990-01,British Columbia,Returning emigrants,553.0
1990-01,British Columbia,Net non-permanent residents,1665.0
1990-01,Yukon,Immigrants,28.0
1990-01,Yukon,Net emigration,15.0
1990-01,Yukon,Emigrants,18.0
1990-01,Yukon,Returning emigrants,3.0
1990-01,Yukon,Net non-permanent residents,-1.0
1990-01,Northwest Territories including Nunavut,Immigrants,17.0
1990-01,Northwest Territories including Nunavut,Net emigration,26.0
1990-01,Northwest Territories including Nunavut,Emigrants,33.0
1990-01,Northwest Territories including Nunavut,Returning emigrants,7.0
1990-01,Northwest Territories including Nunavut,Net non-permanent residents,28.0
1990-04,Canada,Immigrants,60119.0
1990-04,Canada,Net emigration,4880.0
1990-04,Canada,Emigrants,8840.0
1990-04,Canada,Returning emigrants,3960.0
1990-04,Canada,Net non-permanent residents,8986.0
1990-04,Newfoundland and Labrador,Immigrants,165.0
1990-04,Newfoundland and Labrador,Net emigration,18.0
1990-04,Newfoundland and Labrador,Emigrants,37.0
1990-04,Newfoundland and Labrador,Returning emigrants,19.0
1990-04,Newfoundland and Labrador,Net non-permanent residents,-70.0
1990-04,Prince Edward Island,Immigrants,60.0
1990-04,Prince Edward Island,Net emigration,-3.0
1990-04,Prince Edward Island,Emigrants,0.0
1990-04,Prince Edward Island,Returning emigrants,3.0
1990-04,Prince Edward Island,Net non-permanent residents,-1.0
1990-04,Nova Scotia,Immigrants,342.0
1990-04,Nova Scotia,Net emigration,125.0
1990-04,Nova Scotia,Emigrants,178.0
1990-04,Nova Scotia,Returning emigrants,53.0
1990-04,Nova Scotia,Net non-permanent residents,-80.0
1990-04,New Brunswick,Immigrants,223.0
1990-04,New Brunswick,Net emigration,87.0
1990-04,New Brunswick,Emigrants,169.0
1990-04,New Brunswick,Returning emigrants,82.0
1990-04,New Brunswick,Net non-permanent residents,-159.0
1990-04,Quebec,Immigrants,11206.0
1990-04,Quebec,Net emigration,648.0
1990-04,Quebec,Emigrants,1099.0
1990-04,Quebec,Returning emigrants,451.0
1990-04,Quebec,Net non-permanent residents,9.0
1990-04,Ontario,Immigrants,32454.0
1990-04,Ontario,Net emigration,1961.0
1990-04,Ontario,Emigrants,3473.0
1990-04,Ontario,Returning emigrants,1512.0
1990-04,Ontario,Net non-permanent residents,7699.0
1990-04,Manitoba,Immigrants,1808.0
1990-04,Manitoba,Net emigration,194.0
1990-04,Manitoba,Emigrants,472.0
1990-04,Manitoba,Returning emigrants,278.0
1990-04,Manitoba,Net non-permanent residents,387.0
1990-04,Saskatchewan,Immigrants,673.0
1990-04,Saskatchewan,Net emigration,104.0
1990-04,Saskatchewan,Emigrants,187.0
1990-04,Saskatchewan,Returning emigrants,83.0
1990-04,Saskatchewan,Net non-permanent residents,-25.0
1990-04,Alberta,Immigrants,5386.0
1990-04,Alberta,Net emigration,1008.0
1990-04,Alberta,Emigrants,1669.0
1990-04,Alberta,Returning emigrants,661.0
1990-04,Alberta,Net non-permanent residents,279.0
1990-04,British Columbia,Immigrants,7744.0
1990-04,British Columbia,Net emigration,721.0
1990-04,British Columbia,Emigrants,1524.0
1990-04,British Columbia,Returning emigrants,803.0
1990-04,British Columbia,Net non-permanent residents,881.0
1990-04,Yukon,Immigrants,35.0
1990-04,Yukon,Net emigration,-4.0
1990-04,Yukon,Emigrants,0.0
1990-04,Yukon,Returning emigrants,4.0
1990-04,Yukon,Net non-permanent residents,34.0
1990-04,Northwest Territories including Nunavut,Immigrants,23.0
1990-04,Northwest Territories including Nunavut,Net emigration,21.0
1990-04,Northwest Territories including Nunavut,Emigrants,32.0
1990-04,Northwest Territories including Nunavut,Returning emigrants,11.0
1990-04,Northwest Territories including Nunavut,Net non-permanent residents,32.0
1990-07,Canada,Immigrants,62927.0
1990-07,Canada,Net emigration,9334.0
1990-07,Canada,Emigrants,14407.0
1990-07,Canada,Returning emigrants,5073.0
1990-07,Canada,Net non-permanent residents,4919.0
1990-07,Newfoundland and Labrador,Immigrants,149.0
1990-07,Newfoundland and Labrador,Net emigration,56.0
1990-07,Newfoundland and Labrador,Emigrants,82.0
1990-07,Newfoundland and Labrador,Returning emigrants,26.0
1990-07,Newfoundland and Labrador,Net non-permanent residents,-215.0
1990-07,Prince Edward Island,Immigrants,51.0
1990-07,Prince Edward Island,Net emigration,18.0
1990-07,Prince Edward Island,Emigrants,28.0
1990-07,Prince Edward Island,Returning emigrants,10.0
1990-07,Prince Edward Island,Net non-permanent residents,1.0
1990-07,Nova Scotia,Immigrants,434.0
1990-07,Nova Scotia,Net emigration,206.0
1990-07,Nova Scotia,Emigrants,295.0
1990-07,Nova Scotia,Returning emigrants,89.0
1990-07,Nova Scotia,Net non-permanent residents,227.0
1990-07,New Brunswick,Immigrants,216.0
1990-07,New Brunswick,Net emigration,283.0
1990-07,New Brunswick,Emigrants,379.0
1990-07,New Brunswick,Returning emigrants,96.0
1990-07,New Brunswick,Net non-permanent residents,158.0
1990-07,Quebec,Immigrants,12239.0
1990-07,Quebec,Net emigration,1388.0
1990-07,Quebec,Emigrants,2004.0
1990-07,Quebec,Returning emigrants,616.0
1990-07,Quebec,Net non-permanent residents,667.0
1990-07,Ontario,Immigrants,33109.0
1990-07,Ontario,Net emigration,4039.0
1990-07,Ontario,Emigrants,6006.0
1990-07,Ontario,Returning emigrants,1967.0
1990-07,Ontario,Net non-permanent residents,2511.0
1990-07,Manitoba,Immigrants,1667.0
1990-07,Manitoba,Net emigration,454.0
1990-07,Manitoba,Emigrants,757.0
1990-07,Manitoba,Returning emigrants,303.0
1990-07,Manitoba,Net non-permanent residents,16.0
1990-07,Saskatchewan,Immigrants,600.0
1990-07,Saskatchewan,Net emigration,255.0
1990-07,Saskatchewan,Emigrants,341.0
1990-07,Saskatchewan,Returning emigrants,86.0
1990-07,Saskatchewan,Net non-permanent residents,372.0
1990-07,Alberta,Immigrants,5321.0
1990-07,Alberta,Net emigration,1525.0
1990-07,Alberta,Emigrants,2437.0
1990-07,Alberta,Returning emigrants,912.0
1990-07,Alberta,Net non-permanent residents,-57.0
1990-07,British Columbia,Immigrants,9098.0
1990-07,British Columbia,Net emigration,1089.0
1990-07,British Columbia,Emigrants,2040.0
1990-07,British Columbia,Returning emigrants,951.0
1990-07,British Columbia,Net non-permanent residents,1223.0
1990-07,Yukon,Immigrants,18.0
1990-07,Yukon,Net emigration,1.0
1990-07,Yukon,Emigrants,10.0
1990-07,Yukon,Returning emigrants,9.0
1990-07,Yukon,Net non-permanent residents,16.0
1990-07,Northwest Territories including Nunavut,Immigrants,25.0
1990-07,Northwest Territories including Nunavut,Net emigration,20.0
1990-07,Northwest Territories including Nunavut,Emigrants,28.0
1990-07,Northwest Territories including Nunavut,Returning emigrants,8.0
1990-07,Northwest Territories including Nunavut,Net non-permanent residents,0.0
1990-10,Canada,Immigrants,50081.0
1990-10,Canada,Net emigration,6134.0
1990-10,Canada,Emigrants,8974.0
1990-10,Canada,Returning emigrants,2840.0
1990-10,Canada,Net non-permanent residents,-42584.0
1990-10,Newfoundland and Labrador,Immigrants,165.0
1990-10,Newfoundland and Labrador,Net emigration,33.0
1990-10,Newfoundland and Labrador,Emigrants,47.0
1990-10,Newfoundland and Labrador,Returning emigrants,14.0
1990-10,Newfoundland and Labrador,Net non-permanent residents,-100.0
1990-10,Prince Edward Island,Immigrants,37.0
1990-10,Prince Edward Island,Net emigration,-5.0
1990-10,Prince Edward Island,Emigrants,0.0
1990-10,Prince Edward Island,Returning emigrants,5.0
1990-10,Prince Edward Island,Net non-permanent residents,12.0
1990-10,Nova Scotia,Immigrants,440.0
1990-10,Nova Scotia,Net emigration,81.0
1990-10,Nova Scotia,Emigrants,132.0
1990-10,Nova Scotia,Returning emigrants,51.0
1990-10,Nova Scotia,Net non-permanent residents,-355.0
1990-10,New Brunswick,Immigrants,240.0
1990-10,New Brunswick,Net emigration,145.0
1990-10,New Brunswick,Emigrants,199.0
1990-10,New Brunswick,Returning emigrants,54.0
1990-10,New Brunswick,Net non-permanent residents,-156.0
1990-10,Quebec,Immigrants,9708.0
1990-10,Quebec,Net emigration,858.0
1990-10,Quebec,Emigrants,1203.0
1990-10,Quebec,Returning emigrants,345.0
1990-10,Quebec,Net non-permanent residents,-10621.0
1990-10,Ontario,Immigrants,26297.0
1990-10,Ontario,Net emigration,2870.0
1990-10,Ontario,Emigrants,3971.0
1990-10,Ontario,Returning emigrants,1101.0
1990-10,Ontario,Net non-permanent residents,-27852.0
1990-10,Manitoba,Immigrants,1635.0
1990-10,Manitoba,Net emigration,167.0
1990-10,Manitoba,Emigrants,336.0
1990-10,Manitoba,Returning emigrants,169.0
1990-10,Manitoba,Net non-permanent residents,-433.0
1990-10,Saskatchewan,Immigrants,599.0
1990-10,Saskatchewan,Net emigration,108.0
1990-10,Saskatchewan,Emigrants,156.0
1990-10,Saskatchewan,Returning emigrants,48.0
1990-10,Saskatchewan,Net non-permanent residents,-498.0
1990-10,Alberta,Immigrants,4446.0
1990-10,Alberta,Net emigration,999.0
1990-10,Alberta,Emigrants,1510.0
1990-10,Alberta,Returning emigrants,511.0
1990-10,Alberta,Net non-permanent residents,-1568.0
1990-10,British Columbia,Immigrants,6486.0
1990-10,British Columbia,Net emigration,854.0
1990-10,British Columbia,Emigrants,1387.0
1990-10,British Columbia,Returning emigrants,533.0
1990-10,British Columbia,Net non-permanent residents,-977.0
1990-10,Yukon,Immigrants,9.0
1990-10,Yukon,Net emigration,23.0
1990-10,Yukon,Emigrants,28.0
1990-10,Yukon,Returning emigrants,5.0
1990-10,Yukon,Net non-permanent residents,-49.0
1990-10,Northwest Territories including Nunavut,Immigrants,19.0
1990-10,Northwest Territories including Nunavut,Net emigration,1.0
1990-10,Northwest Territories including Nunavut,Emigrants,5.0
1990-10,Northwest Territories including Nunavut,Returning emigrants,4.0
1990-10,Northwest Territories including Nunavut,Net non-permanent residents,13.0
1991-01,Canada,Immigrants,51621.0
1991-01,Canada,Net emigration,6239.0
1991-01,Canada,Emigrants,9217.0
1991-01,Canada,Returning emigrants,2978.0
1991-01,Canada,Net non-permanent residents,-18010.0
1991-01,Newfoundland and Labrador,Immigrants,118.0
1991-01,Newfoundland and Labrador,Net emigration,37.0
1991-01,Newfoundland and Labrador,Emigrants,52.0
1991-01,Newfoundland and Labrador,Returning emigrants,15.0
1991-01,Newfoundland and Labrador,Net non-permanent residents,341.0
1991-01,Prince Edward Island,Immigrants,37.0
1991-01,Prince Edward Island,Net emigration,23.0
1991-01,Prince Edward Island,Emigrants,28.0
1991-01,Prince Edward Island,Returning emigrants,5.0
1991-01,Prince Edward Island,Net non-permanent residents,-17.0
1991-01,Nova Scotia,Immigrants,340.0
1991-01,Nova Scotia,Net emigration,154.0
1991-01,Nova Scotia,Emigrants,206.0
1991-01,Nova Scotia,Returning emigrants,52.0
1991-01,Nova Scotia,Net non-permanent residents,-419.0
1991-01,New Brunswick,Immigrants,130.0
1991-01,New Brunswick,Net emigration,75.0
1991-01,New Brunswick,Emigrants,132.0
1991-01,New Brunswick,Returning emigrants,57.0
1991-01,New Brunswick,Net non-permanent residents,-151.0
1991-01,Quebec,Immigrants,11135.0
1991-01,Quebec,Net emigration,952.0
1991-01,Quebec,Emigrants,1313.0
1991-01,Quebec,Returning emigrants,361.0
1991-01,Quebec,Net non-permanent residents,-1316.0
1991-01,Ontario,Immigrants,27298.0
1991-01,Ontario,Net emigration,2932.0
1991-01,Ontario,Emigrants,4088.0
1991-01,Ontario,Returning emigrants,1156.0
1991-01,Ontario,Net non-permanent residents,-11279.0
1991-01,Manitoba,Immigrants,1452.0
1991-01,Manitoba,Net emigration,497.0
1991-01,Manitoba,Emigrants,674.0
1991-01,Manitoba,Returning emigrants,177.0
1991-01,Manitoba,Net non-permanent residents,86.0
1991-01,Saskatchewan,Immigrants,512.0
1991-01,Saskatchewan,Net emigration,68.0
1991-01,Saskatchewan,Emigrants,118.0
1991-01,Saskatchewan,Returning emigrants,50.0
1991-01,Saskatchewan,Net non-permanent residents,-74.0
1991-01,Alberta,Immigrants,3790.0
1991-01,Alberta,Net emigration,927.0
1991-01,Alberta,Emigrants,1464.0
1991-01,Alberta,Returning emigrants,537.0
1991-01,Alberta,Net non-permanent residents,-2224.0
1991-01,British Columbia,Immigrants,6758.0
1991-01,British Columbia,Net emigration,541.0
1991-01,British Columbia,Emigrants,1100.0
1991-01,British Columbia,Returning emigrants,559.0
1991-01,British Columbia,Net non-permanent residents,-2974.0
1991-01,Yukon,Immigrants,17.0
1991-01,Yukon,Net emigration,13.0
1991-01,Yukon,Emigrants,18.0
1991-01,Yukon,Returning emigrants,5.0
1991-01,Yukon,Net non-permanent residents,19.0
1991-01,Northwest Territories including Nunavut,Immigrants,34.0
1991-01,Northwest Territories including Nunavut,Net emigration,20.0
1991-01,Northwest Territories including Nunavut,Emigrants,24.0
1991-01,Northwest Territories including Nunavut,Returning emigrants,4.0
1991-01,Northwest Territories including Nunavut,Net non-permanent residents,-2.0
1991-04,Canada,Immigrants,56753.0
1991-04,Canada,Net emigration,6777.0
1991-04,Canada,Emigrants,11094.0
1991-04,Canada,Returning emigrants,4317.0
1991-04,Canada,Net non-permanent residents,2822.0
1991-04,Newfoundland and Labrador,Immigrants,182.0
1991-04,Newfoundland and Labrador,Net emigration,27.0
1991-04,Newfoundland and Labrador,Emigrants,48.0
1991-04,Newfoundland and Labrador,Returning emigrants,21.0
1991-04,Newfoundland and Labrador,Net non-permanent residents,456.0
1991-04,Prince Edward Island,Immigrants,24.0
1991-04,Prince Edward Island,Net emigration,22.0
1991-04,Prince Edward Island,Emigrants,29.0
1991-04,Prince Edward Island,Returning emigrants,7.0
1991-04,Prince Edward Island,Net non-permanent residents,-6.0
1991-04,Nova Scotia,Immigrants,328.0
1991-04,Nova Scotia,Net emigration,114.0
1991-04,Nova Scotia,Emigrants,190.0
1991-04,Nova Scotia,Returning emigrants,76.0
1991-04,Nova Scotia,Net non-permanent residents,-189.0
1991-04,New Brunswick,Immigrants,152.0
1991-04,New Brunswick,Net emigration,93.0
1991-04,New Brunswick,Emigrants,175.0
1991-04,New Brunswick,Returning emigrants,82.0
1991-04,New Brunswick,Net non-permanent residents,-35.0
1991-04,Quebec,Immigrants,12709.0
1991-04,Quebec,Net emigration,1086.0
1991-04,Quebec,Emigrants,1610.0
1991-04,Quebec,Returning emigrants,524.0
1991-04,Quebec,Net non-permanent residents,2615.0
1991-04,Ontario,Immigrants,28509.0
1991-04,Ontario,Net emigration,2819.0
1991-04,Ontario,Emigrants,4496.0
1991-04,Ontario,Returning emigrants,1677.0
1991-04,Ontario,Net non-permanent residents,899.0
1991-04,Manitoba,Immigrants,1588.0
1991-04,Manitoba,Net emigration,212.0
1991-04,Manitoba,Emigrants,469.0
1991-04,Manitoba,Returning emigrants,257.0
1991-04,Manitoba,Net non-permanent residents,382.0
1991-04,Saskatchewan,Immigrants,573.0
1991-04,Saskatchewan,Net emigration,131.0
1991-04,Saskatchewan,Emigrants,203.0
1991-04,Saskatchewan,Returning emigrants,72.0
1991-04,Saskatchewan,Net non-permanent residents,136.0
1991-04,Alberta,Immigrants,4346.0
1991-04,Alberta,Net emigration,1373.0
1991-04,Alberta,Emigrants,2150.0
1991-04,Alberta,Returning emigrants,777.0
1991-04,Alberta,Net non-permanent residents,-905.0
1991-04,British Columbia,Immigrants,8300.0
1991-04,British Columbia,Net emigration,881.0
1991-04,British Columbia,Emigrants,1691.0
1991-04,British Columbia,Returning emigrants,810.0
1991-04,British Columbia,Net non-permanent residents,-566.0
1991-04,Yukon,Immigrants,20.0
1991-04,Yukon,Net emigration,17.0
1991-04,Yukon,Emigrants,24.0
1991-04,Yukon,Returning emigrants,7.0
1991-04,Yukon,Net non-permanent residents,25.0
1991-04,Northwest Territories including Nunavut,Immigrants,22.0
1991-04,Northwest Territories including Nunavut,Net emigration,2.0
1991-04,Northwest Territories including Nunavut,Emigrants,9.0
1991-04,Northwest Territories including Nunavut,Returning emigrants,7.0
1991-04,Northwest Territories including Nunavut,Net non-permanent residents,10.0
1991-07,Canada,Immigrants,54876.0
1991-07,Canada,Net emigration,18710.0
1991-07,Canada,Emigrants,17713.0
1991-07,Canada,Returning emigrants,5302.0
1991-07,Canada,Net temporary emigration,6299.0
1991-07,Canada,Net non-permanent residents,2338.0
1991-07,Newfoundland and Labrador,Immigrants,191.0
1991-07,Newfoundland and Labrador,Net emigration,122.0
1991-07,Newfoundland and Labrador,Emigrants,134.0
1991-07,Newfoundland and Labrador,Returning emigrants,31.0
1991-07,Newfoundland and Labrador,Net temporary emigration,19.0
1991-07,Newfoundland and Labrador,Net non-permanent residents,127.0
1991-07,Prince Edward Island,Immigrants,45.0
1991-07,Prince Edward Island,Net emigration,10.0
1991-07,Prince Edward Island,Emigrants,14.0
1991-07,Prince Edward Island,Returning emigrants,10.0
1991-07,Prince Edward Island,Net temporary emigration,6.0
1991-07,Prince Edward Island,Net non-permanent residents,40.0
1991-07,Nova Scotia,Immigrants,453.0
1991-07,Nova Scotia,Net emigration,349.0
1991-07,Nova Scotia,Emigrants,388.0
1991-07,Nova Scotia,Returning emigrants,103.0
1991-07,Nova Scotia,Net temporary emigration,64.0
1991-07,Nova Scotia,Net non-permanent residents,339.0
1991-07,New Brunswick,Immigrants,159.0
1991-07,New Brunswick,Net emigration,339.0
1991-07,New Brunswick,Emigrants,388.0
1991-07,New Brunswick,Returning emigrants,99.0
1991-07,New Brunswick,Net temporary emigration,50.0
1991-07,New Brunswick,Net non-permanent residents,204.0
1991-07,Quebec,Immigrants,12915.0
1991-07,Quebec,Net emigration,2776.0
1991-07,Quebec,Emigrants,2275.0
1991-07,Quebec,Returning emigrants,624.0
1991-07,Quebec,Net temporary emigration,1125.0
1991-07,Quebec,Net non-permanent residents,-2305.0
1991-07,Ontario,Immigrants,26462.0
1991-07,Ontario,Net emigration,8435.0
1991-07,Ontario,Emigrants,7576.0
1991-07,Ontario,Returning emigrants,2063.0
1991-07,Ontario,Net temporary emigration,2922.0
1991-07,Ontario,Net non-permanent residents,3442.0
1991-07,Manitoba,Immigrants,1312.0
1991-07,Manitoba,Net emigration,612.0
1991-07,Manitoba,Emigrants,694.0
1991-07,Manitoba,Returning emigrants,253.0
1991-07,Manitoba,Net temporary emigration,171.0
1991-07,Manitoba,Net non-permanent residents,39.0
1991-07,Saskatchewan,Immigrants,612.0
1991-07,Saskatchewan,Net emigration,381.0
1991-07,Saskatchewan,Emigrants,347.0
1991-07,Saskatchewan,Returning emigrants,94.0
1991-07,Saskatchewan,Net temporary emigration,128.0
1991-07,Saskatchewan,Net non-permanent residents,207.0
1991-07,Alberta,Immigrants,4315.0
1991-07,Alberta,Net emigration,3010.0
1991-07,Alberta,Emigrants,3177.0
1991-07,Alberta,Returning emigrants,952.0
1991-07,Alberta,Net temporary emigration,785.0
1991-07,Alberta,Net non-permanent residents,-219.0
1991-07,British Columbia,Immigrants,8352.0
1991-07,British Columbia,Net emigration,2660.0
1991-07,British Columbia,Emigrants,2705.0
1991-07,British Columbia,Returning emigrants,1060.0
1991-07,British Columbia,Net temporary emigration,1015.0
1991-07,British Columbia,Net non-permanent residents,436.0
1991-07,Yukon,Immigrants,35.0
1991-07,Yukon,Net emigration,9.0
1991-07,Yukon,Emigrants,10.0
1991-07,Yukon,Returning emigrants,8.0
1991-07,Yukon,Net temporary emigration,7.0
1991-07,Yukon,Net non-permanent residents,22.0
1991-07,Northwest Territories,Immigrants,23.0
1991-07,Northwest Territories,Net emigration,7.0
1991-07,Northwest Territories,Emigrants,4.0
1991-07,Northwest Territories,Returning emigrants,3.0
1991-07,Northwest Territories,Net temporary emigration,6.0
1991-07,Northwest Territories,Net non-permanent residents,5.0
1991-07,Nunavut,Immigrants,2.0
1991-07,Nunavut,Net emigration,0.0
1991-07,Nunavut,Emigrants,1.0
1991-07,Nunavut,Returning emigrants,2.0
1991-07,Nunavut,Net temporary emigration,1.0
1991-07,Nunavut,Net non-permanent residents,1.0
1991-10,Canada,Immigrants,69526.0
1991-10,Canada,Net emigration,11670.0
1991-10,Canada,Emigrants,10006.0
1991-10,Canada,Returning emigrants,2968.0
1991-10,Canada,Net temporary emigration,4632.0
1991-10,Canada,Net non-permanent residents,-41811.0
1991-10,Newfoundland and Labrador,Immigrants,148.0
1991-10,Newfoundland and Labrador,Net emigration,77.0
1991-10,Newfoundland and Labrador,Emigrants,81.0
1991-10,Newfoundland and Labrador,Returning emigrants,18.0
1991-10,Newfoundland and Labrador,Net temporary emigration,14.0
1991-10,Newfoundland and Labrador,Net non-permanent residents,100.0
1991-10,Prince Edward Island,Immigrants,45.0
1991-10,Prince Edward Island,Net emigration,30.0
1991-10,Prince Edward Island,Emigrants,31.0
1991-10,Prince Edward Island,Returning emigrants,5.0
1991-10,Prince Edward Island,Net temporary emigration,4.0
1991-10,Prince Edward Island,Net non-permanent residents,-37.0
1991-10,Nova Scotia,Immigrants,379.0
1991-10,Nova Scotia,Net emigration,177.0
1991-10,Nova Scotia,Emigrants,187.0
1991-10,Nova Scotia,Returning emigrants,57.0
1991-10,Nova Scotia,Net temporary emigration,47.0
1991-10,Nova Scotia,Net non-permanent residents,-385.0
1991-10,New Brunswick,Immigrants,248.0
1991-10,New Brunswick,Net emigration,141.0
1991-10,New Brunswick,Emigrants,161.0
1991-10,New Brunswick,Returning emigrants,56.0
1991-10,New Brunswick,Net temporary emigration,36.0
1991-10,New Brunswick,Net non-permanent residents,-130.0
1991-10,Quebec,Immigrants,15188.0
1991-10,Quebec,Net emigration,1853.0
1991-10,Quebec,Emigrants,1373.0
1991-10,Quebec,Returning emigrants,348.0
1991-10,Quebec,Net temporary emigration,828.0
1991-10,Quebec,Net non-permanent residents,-12368.0
1991-10,Ontario,Immigrants,37806.0
1991-10,Ontario,Net emigration,5387.0
1991-10,Ontario,Emigrants,4392.0
1991-10,Ontario,Returning emigrants,1155.0
1991-10,Ontario,Net temporary emigration,2150.0
1991-10,Ontario,Net non-permanent residents,-22886.0
1991-10,Manitoba,Immigrants,1309.0
1991-10,Manitoba,Net emigration,311.0
1991-10,Manitoba,Emigrants,327.0
1991-10,Manitoba,Returning emigrants,142.0
1991-10,Manitoba,Net temporary emigration,126.0
1991-10,Manitoba,Net non-permanent residents,-797.0
1991-10,Saskatchewan,Immigrants,761.0
1991-10,Saskatchewan,Net emigration,238.0
1991-10,Saskatchewan,Emigrants,197.0
1991-10,Saskatchewan,Returning emigrants,53.0
1991-10,Saskatchewan,Net temporary emigration,94.0
1991-10,Saskatchewan,Net non-permanent residents,-744.0
1991-10,Alberta,Immigrants,4610.0
1991-10,Alberta,Net emigration,1812.0
1991-10,Alberta,Emigrants,1767.0
1991-10,Alberta,Returning emigrants,533.0
1991-10,Alberta,Net temporary emigration,578.0
1991-10,Alberta,Net non-permanent residents,-2184.0
1991-10,British Columbia,Immigrants,8972.0
1991-10,British Columbia,Net emigration,1602.0
1991-10,British Columbia,Emigrants,1449.0
1991-10,British Columbia,Returning emigrants,593.0
1991-10,British Columbia,Net temporary emigration,746.0
1991-10,British Columbia,Net non-permanent residents,-2320.0
1991-10,Yukon,Immigrants,15.0
1991-10,Yukon,Net emigration,23.0
1991-10,Yukon,Emigrants,23.0
1991-10,Yukon,Returning emigrants,5.0
1991-10,Yukon,Net temporary emigration,5.0
1991-10,Yukon,Net non-permanent residents,-33.0
1991-10,Northwest Territories,Immigrants,41.0
1991-10,Northwest Territories,Net emigration,13.0
1991-10,Northwest Territories,Emigrants,13.0
1991-10,Northwest Territories,Returning emigrants,3.0
1991-10,Northwest Territories,Net temporary emigration,3.0
1991-10,Northwest Territories,Net non-permanent residents,-23.0
1991-10,Nunavut,Immigrants,4.0
1991-10,Nunavut,Net emigration,6.0
1991-10,Nunavut,Emigrants,5.0
1991-10,Nunavut,Returning emigrants,0.0
1991-10,Nunavut,Net temporary emigration,1.0
1991-10,Nunavut,Net non-permanent residents,-4.0
1992-01,Canada,Immigrants,56579.0
1992-01,Canada,Net emigration,9552.0
1992-01,Canada,Emigrants,8385.0
1992-01,Canada,Returning emigrants,3114.0
1992-01,Canada,Net temporary emigration,4281.0
1992-01,Canada,Net non-permanent residents,164.0
1992-01,Newfoundland and Labrador,Immigrants,166.0
1992-01,Newfoundland and Labrador,Net emigration,30.0
1992-01,Newfoundland and Labrador,Emigrants,36.0
1992-01,Newfoundland and Labrador,Returning emigrants,19.0
1992-01,Newfoundland and Labrador,Net temporary emigration,13.0
1992-01,Newfoundland and Labrador,Net non-permanent residents,139.0
1992-01,Prince Edward Island,Immigrants,31.0
1992-01,Prince Edward Island,Net emigration,20.0
1992-01,Prince Edward Island,Emigrants,22.0
1992-01,Prince Edward Island,Returning emigrants,5.0
1992-01,Prince Edward Island,Net temporary emigration,3.0
1992-01,Prince Edward Island,Net non-permanent residents,-3.0
1992-01,Nova Scotia,Immigrants,434.0
1992-01,Nova Scotia,Net emigration,180.0
1992-01,Nova Scotia,Emigrants,197.0
1992-01,Nova Scotia,Returning emigrants,60.0
1992-01,Nova Scotia,Net temporary emigration,43.0
1992-01,Nova Scotia,Net non-permanent residents,47.0
1992-01,New Brunswick,Immigrants,157.0
1992-01,New Brunswick,Net emigration,82.0
1992-01,New Brunswick,Emigrants,107.0
1992-01,New Brunswick,Returning emigrants,59.0
1992-01,New Brunswick,Net temporary emigration,34.0
1992-01,New Brunswick,Net non-permanent residents,5.0
1992-01,Quebec,Immigrants,12546.0
1992-01,Quebec,Net emigration,1632.0
1992-01,Quebec,Emigrants,1233.0
1992-01,Quebec,Returning emigrants,366.0
1992-01,Quebec,Net temporary emigration,765.0
1992-01,Quebec,Net non-permanent residents,-1133.0
1992-01,Ontario,Immigrants,30227.0
1992-01,Ontario,Net emigration,4203.0
1992-01,Ontario,Emigrants,3426.0
1992-01,Ontario,Returning emigrants,1212.0
1992-01,Ontario,Net temporary emigration,1989.0
1992-01,Ontario,Net non-permanent residents,474.0
1992-01,Manitoba,Immigrants,921.0
1992-01,Manitoba,Net emigration,431.0
1992-01,Manitoba,Emigrants,464.0
1992-01,Manitoba,Returning emigrants,148.0
1992-01,Manitoba,Net temporary emigration,115.0
1992-01,Manitoba,Net non-permanent residents,0.0
1992-01,Saskatchewan,Immigrants,550.0
1992-01,Saskatchewan,Net emigration,233.0
1992-01,Saskatchewan,Emigrants,201.0
1992-01,Saskatchewan,Returning emigrants,55.0
1992-01,Saskatchewan,Net temporary emigration,87.0
1992-01,Saskatchewan,Net non-permanent residents,97.0
1992-01,Alberta,Immigrants,3733.0
1992-01,Alberta,Net emigration,1244.0
1992-01,Alberta,Emigrants,1269.0
1992-01,Alberta,Returning emigrants,559.0
1992-01,Alberta,Net temporary emigration,534.0
1992-01,Alberta,Net non-permanent residents,99.0
1992-01,British Columbia,Immigrants,7768.0
1992-01,British Columbia,Net emigration,1478.0
1992-01,British Columbia,Emigrants,1411.0
1992-01,British Columbia,Returning emigrants,623.0
1992-01,British Columbia,Net temporary emigration,690.0
1992-01,British Columbia,Net non-permanent residents,475.0
1992-01,Yukon,Immigrants,28.0
1992-01,Yukon,Net emigration,4.0
1992-01,Yukon,Emigrants,5.0
1992-01,Yukon,Returning emigrants,5.0
1992-01,Yukon,Net temporary emigration,4.0
1992-01,Yukon,Net non-permanent residents,-17.0
1992-01,Northwest Territories,Immigrants,17.0
1992-01,Northwest Territories,Net emigration,10.0
1992-01,Northwest Territories,Emigrants,10.0
1992-01,Northwest Territories,Returning emigrants,3.0
1992-01,Northwest Territories,Net temporary emigration,3.0
1992-01,Northwest Territories,Net non-permanent residents,-16.0
1992-01,Nunavut,Immigrants,1.0
1992-01,Nunavut,Net emigration,5.0
1992-01,Nunavut,Emigrants,4.0
1992-01,Nunavut,Returning emigrants,0.0
1992-01,Nunavut,Net temporary emigration,1.0
1992-01,Nunavut,Net non-permanent residents,-3.0
1992-04,Canada,Immigrants,63300.0
1992-04,Canada,Net emigration,9543.0
1992-04,Canada,Emigrants,9529.0
1992-04,Canada,Returning emigrants,4515.0
1992-04,Canada,Net temporary emigration,4529.0
1992-04,Canada,Net non-permanent residents,-3610.0
1992-04,Newfoundland and Labrador,Immigrants,199.0
1992-04,Newfoundland and Labrador,Net emigration,31.0
1992-04,Newfoundland and Labrador,Emigrants,45.0
1992-04,Newfoundland and Labrador,Returning emigrants,27.0
1992-04,Newfoundland and Labrador,Net temporary emigration,13.0
1992-04,Newfoundland and Labrador,Net non-permanent residents,0.0
1992-04,Prince Edward Island,Immigrants,44.0
1992-04,Prince Edward Island,Net emigration,19.0
1992-04,Prince Edward Island,Emigrants,22.0
1992-04,Prince Edward Island,Returning emigrants,7.0
1992-04,Prince Edward Island,Net temporary emigration,4.0
1992-04,Prince Edward Island,Net non-permanent residents,6.0
1992-04,Nova Scotia,Immigrants,661.0
1992-04,Nova Scotia,Net emigration,132.0
1992-04,Nova Scotia,Emigrants,174.0
1992-04,Nova Scotia,Returning emigrants,87.0
1992-04,Nova Scotia,Net temporary emigration,45.0
1992-04,Nova Scotia,Net non-permanent residents,-179.0
1992-04,New Brunswick,Immigrants,240.0
1992-04,New Brunswick,Net emigration,209.0
1992-04,New Brunswick,Emigrants,259.0
1992-04,New Brunswick,Returning emigrants,85.0
1992-04,New Brunswick,Net temporary emigration,35.0
1992-04,New Brunswick,Net non-permanent residents,-87.0
1992-04,Quebec,Immigrants,10951.0
1992-04,Quebec,Net emigration,1608.0
1992-04,Quebec,Emigrants,1330.0
1992-04,Quebec,Returning emigrants,531.0
1992-04,Quebec,Net temporary emigration,809.0
1992-04,Quebec,Net non-permanent residents,-1183.0
1992-04,Ontario,Immigrants,35211.0
1992-04,Ontario,Net emigration,4413.0
1992-04,Ontario,Emigrants,4068.0
1992-04,Ontario,Returning emigrants,1759.0
1992-04,Ontario,Net temporary emigration,2104.0
1992-04,Ontario,Net non-permanent residents,-2737.0
1992-04,Manitoba,Immigrants,1250.0
1992-04,Manitoba,Net emigration,296.0
1992-04,Manitoba,Emigrants,388.0
1992-04,Manitoba,Returning emigrants,215.0
1992-04,Manitoba,Net temporary emigration,123.0
1992-04,Manitoba,Net non-permanent residents,149.0
1992-04,Saskatchewan,Immigrants,615.0
1992-04,Saskatchewan,Net emigration,173.0
1992-04,Saskatchewan,Emigrants,161.0
1992-04,Saskatchewan,Returning emigrants,80.0
1992-04,Saskatchewan,Net temporary emigration,92.0
1992-04,Saskatchewan,Net non-permanent residents,82.0
1992-04,Alberta,Immigrants,4343.0
1992-04,Alberta,Net emigration,1429.0
1992-04,Alberta,Emigrants,1675.0
1992-04,Alberta,Returning emigrants,811.0
1992-04,Alberta,Net temporary emigration,565.0
1992-04,Alberta,Net non-permanent residents,235.0
1992-04,British Columbia,Immigrants,9716.0
1992-04,British Columbia,Net emigration,1189.0
1992-04,British Columbia,Emigrants,1362.0
1992-04,British Columbia,Returning emigrants,903.0
1992-04,British Columbia,Net temporary emigration,730.0
1992-04,British Columbia,Net non-permanent residents,71.0
1992-04,Yukon,Immigrants,40.0
1992-04,Yukon,Net emigration,33.0
1992-04,Yukon,Emigrants,36.0
1992-04,Yukon,Returning emigrants,7.0
1992-04,Yukon,Net temporary emigration,4.0
1992-04,Yukon,Net non-permanent residents,35.0
1992-04,Northwest Territories,Immigrants,27.0
1992-04,Northwest Territories,Net emigration,8.0
1992-04,Northwest Territories,Emigrants,7.0
1992-04,Northwest Territories,Returning emigrants,3.0
1992-04,Northwest Territories,Net temporary emigration,4.0
1992-04,Northwest Territories,Net non-permanent residents,-2.0
1992-04,Nunavut,Immigrants,3.0
1992-04,Nunavut,Net emigration,3.0
1992-04,Nunavut,Emigrants,2.0
1992-04,Nunavut,Returning emigrants,0.0
1992-04,Nunavut,Net temporary emigration,1.0
1992-04,Nunavut,Net non-permanent residents,0.0
1992-07,Canada,Immigrants,70126.0
1992-07,Canada,Net emigration,18094.0
1992-07,Canada,Emigrants,16921.0
1992-07,Canada,Returning emigrants,5092.0
1992-07,Canada,Net temporary emigration,6265.0
1992-07,Canada,Net non-permanent residents,2018.0
1992-07,Newfoundland and Labrador,Immigrants,234.0
1992-07,Newfoundland and Labrador,Net emigration,92.0
1992-07,Newfoundland and Labrador,Emigrants,103.0
1992-07,Newfoundland and Labrador,Returning emigrants,29.0
1992-07,Newfoundland and Labrador,Net temporary emigration,18.0
1992-07,Newfoundland and Labrador,Net non-permanent residents,196.0
1992-07,Prince Edward Island,Immigrants,48.0
1992-07,Prince Edward Island,Net emigration,8.0
1992-07,Prince Edward Island,Emigrants,10.0
1992-07,Prince Edward Island,Returning emigrants,8.0
1992-07,Prince Edward Island,Net temporary emigration,6.0
1992-07,Prince Edward Island,Net non-permanent residents,70.0
1992-07,Nova Scotia,Immigrants,703.0
1992-07,Nova Scotia,Net emigration,279.0
1992-07,Nova Scotia,Emigrants,296.0
1992-07,Nova Scotia,Returning emigrants,81.0
1992-07,Nova Scotia,Net temporary emigration,64.0
1992-07,Nova Scotia,Net non-permanent residents,268.0
1992-07,New Brunswick,Immigrants,174.0
1992-07,New Brunswick,Net emigration,356.0
1992-07,New Brunswick,Emigrants,398.0
1992-07,New Brunswick,Returning emigrants,91.0
1992-07,New Brunswick,Net temporary emigration,49.0
1992-07,New Brunswick,Net non-permanent residents,116.0
1992-07,Quebec,Immigrants,13941.0
1992-07,Quebec,Net emigration,2778.0
1992-07,Quebec,Emigrants,2260.0
1992-07,Quebec,Returning emigrants,601.0
1992-07,Quebec,Net temporary emigration,1119.0
1992-07,Quebec,Net non-permanent residents,1908.0
1992-07,Ontario,Immigrants,37776.0
1992-07,Ontario,Net emigration,8060.0
1992-07,Ontario,Emigrants,7234.0
1992-07,Ontario,Returning emigrants,2083.0
1992-07,Ontario,Net temporary emigration,2909.0
1992-07,Ontario,Net non-permanent residents,-1819.0
1992-07,Manitoba,Immigrants,1479.0
1992-07,Manitoba,Net emigration,743.0
1992-07,Manitoba,Emigrants,841.0
1992-07,Manitoba,Returning emigrants,266.0
1992-07,Manitoba,Net temporary emigration,168.0
1992-07,Manitoba,Net non-permanent residents,66.0
1992-07,Saskatchewan,Immigrants,781.0
1992-07,Saskatchewan,Net emigration,400.0
1992-07,Saskatchewan,Emigrants,367.0
1992-07,Saskatchewan,Returning emigrants,95.0
1992-07,Saskatchewan,Net temporary emigration,128.0
1992-07,Saskatchewan,Net non-permanent residents,175.0
1992-07,Alberta,Immigrants,4734.0
1992-07,Alberta,Net emigration,2796.0
1992-07,Alberta,Emigrants,2869.0
1992-07,Alberta,Returning emigrants,854.0
1992-07,Alberta,Net temporary emigration,781.0
1992-07,Alberta,Net non-permanent residents,70.0
1992-07,British Columbia,Immigrants,10180.0
1992-07,British Columbia,Net emigration,2536.0
1992-07,British Columbia,Emigrants,2498.0
1992-07,British Columbia,Returning emigrants,972.0
1992-07,British Columbia,Net temporary emigration,1010.0
1992-07,British Columbia,Net non-permanent residents,988.0
1992-07,Yukon,Immigrants,45.0
1992-07,Yukon,Net emigration,18.0
1992-07,Yukon,Emigrants,17.0
1992-07,Yukon,Returning emigrants,5.0
1992-07,Yukon,Net temporary emigration,6.0
1992-07,Yukon,Net non-permanent residents,11.0
1992-07,Northwest Territories,Immigrants,24.0
1992-07,Northwest Territories,Net emigration,20.0
1992-07,Northwest Territories,Emigrants,19.0
1992-07,Northwest Territories,Returning emigrants,5.0
1992-07,Northwest Territories,Net temporary emigration,6.0
1992-07,Northwest Territories,Net non-permanent residents,-26.0
1992-07,Nunavut,Immigrants,7.0
1992-07,Nunavut,Net emigration,8.0
1992-07,Nunavut,Emigrants,9.0
1992-07,Nunavut,Returning emigrants,2.0
1992-07,Nunavut,Net temporary emigration,1.0
1992-07,Nunavut,Net non-permanent residents,-5.0
1992-10,Canada,Immigrants,64851.0
1992-10,Canada,Net emigration,11532.0
1992-10,Canada,Emigrants,9732.0
1992-10,Canada,Returning emigrants,2852.0
1992-10,Canada,Net temporary emigration,4652.0
1992-10,Canada,Net non-permanent residents,-30505.0
1992-10,Newfoundland and Labrador,Immigrants,190.0
1992-10,Newfoundland and Labrador,Net emigration,78.0
1992-10,Newfoundland and Labrador,Emigrants,80.0
1992-10,Newfoundland and Labrador,Returning emigrants,16.0
1992-10,Newfoundland and Labrador,Net temporary emigration,14.0
1992-10,Newfoundland and Labrador,Net non-permanent residents,1758.0
1992-10,Prince Edward Island,Immigrants,28.0
1992-10,Prince Edward Island,Net emigration,30.0
1992-10,Prince Edward Island,Emigrants,31.0
1992-10,Prince Edward Island,Returning emigrants,5.0
1992-10,Prince Edward Island,Net temporary emigration,4.0
1992-10,Prince Edward Island,Net non-permanent residents,-59.0
1992-10,Nova Scotia,Immigrants,564.0
1992-10,Nova Scotia,Net emigration,161.0
1992-10,Nova Scotia,Emigrants,159.0
1992-10,Nova Scotia,Returning emigrants,45.0
1992-10,Nova Scotia,Net temporary emigration,47.0
1992-10,Nova Scotia,Net non-permanent residents,-328.0
1992-10,New Brunswick,Immigrants,185.0
1992-10,New Brunswick,Net emigration,166.0
1992-10,New Brunswick,Emigrants,181.0
1992-10,New Brunswick,Returning emigrants,51.0
1992-10,New Brunswick,Net temporary emigration,36.0
1992-10,New Brunswick,Net non-permanent residents,-201.0
1992-10,Quebec,Immigrants,11400.0
1992-10,Quebec,Net emigration,1781.0
1992-10,Quebec,Emigrants,1287.0
1992-10,Quebec,Returning emigrants,337.0
1992-10,Quebec,Net temporary emigration,831.0
1992-10,Quebec,Net non-permanent residents,-3209.0
1992-10,Ontario,Immigrants,36033.0
1992-10,Ontario,Net emigration,5215.0
1992-10,Ontario,Emigrants,4221.0
1992-10,Ontario,Returning emigrants,1166.0
1992-10,Ontario,Net temporary emigration,2160.0
1992-10,Ontario,Net non-permanent residents,-23079.0
1992-10,Manitoba,Immigrants,1451.0
1992-10,Manitoba,Net emigration,404.0
1992-10,Manitoba,Emigrants,428.0
1992-10,Manitoba,Returning emigrants,150.0
1992-10,Manitoba,Net temporary emigration,126.0
1992-10,Manitoba,Net non-permanent residents,-607.0
1992-10,Saskatchewan,Immigrants,583.0
1992-10,Saskatchewan,Net emigration,253.0
1992-10,Saskatchewan,Emigrants,212.0
1992-10,Saskatchewan,Returning emigrants,54.0
1992-10,Saskatchewan,Net temporary emigration,95.0
1992-10,Saskatchewan,Net non-permanent residents,-492.0
1992-10,Alberta,Immigrants,4988.0
1992-10,Alberta,Net emigration,1773.0
1992-10,Alberta,Emigrants,1670.0
1992-10,Alberta,Returning emigrants,478.0
1992-10,Alberta,Net temporary emigration,581.0
1992-10,Alberta,Net non-permanent residents,-1960.0
1992-10,British Columbia,Immigrants,9373.0
1992-10,British Columbia,Net emigration,1638.0
1992-10,British Columbia,Emigrants,1433.0
1992-10,British Columbia,Returning emigrants,544.0
1992-10,British Columbia,Net temporary emigration,749.0
1992-10,British Columbia,Net non-permanent residents,-2253.0
1992-10,Yukon,Immigrants,22.0
1992-10,Yukon,Net emigration,19.0
1992-10,Yukon,Emigrants,17.0
1992-10,Yukon,Returning emigrants,3.0
1992-10,Yukon,Net temporary emigration,5.0
1992-10,Yukon,Net non-permanent residents,-49.0
1992-10,Northwest Territories,Immigrants,26.0
1992-10,Northwest Territories,Net emigration,10.0
1992-10,Northwest Territories,Emigrants,10.0
1992-10,Northwest Territories,Returning emigrants,3.0
1992-10,Northwest Territories,Net temporary emigration,3.0
1992-10,Northwest Territories,Net non-permanent residents,-22.0
1992-10,Nunavut,Immigrants,8.0
1992-10,Nunavut,Net emigration,4.0
1992-10,Nunavut,Emigrants,3.0
1992-10,Nunavut,Returning emigrants,0.0
1992-10,Nunavut,Net temporary emigration,1.0
1992-10,Nunavut,Net non-permanent residents,-4.0
1993-01,Canada,Immigrants,62298.0
1993-01,Canada,Net emigration,9402.0
1993-01,Canada,Emigrants,8106.0
1993-01,Canada,Returning emigrants,2991.0
1993-01,Canada,Net temporary emigration,4287.0
1993-01,Canada,Net non-permanent residents,-20281.0
1993-01,Newfoundland and Labrador,Immigrants,159.0
1993-01,Newfoundland and Labrador,Net emigration,28.0
1993-01,Newfoundland and Labrador,Emigrants,31.0
1993-01,Newfoundland and Labrador,Returning emigrants,16.0
1993-01,Newfoundland and Labrador,Net temporary emigration,13.0
1993-01,Newfoundland and Labrador,Net non-permanent residents,-326.0
1993-01,Prince Edward Island,Immigrants,52.0
1993-01,Prince Edward Island,Net emigration,12.0
1993-01,Prince Edward Island,Emigrants,13.0
1993-01,Prince Edward Island,Returning emigrants,4.0
1993-01,Prince Edward Island,Net temporary emigration,3.0
1993-01,Prince Edward Island,Net non-permanent residents,-10.0
1993-01,Nova Scotia,Immigrants,637.0
1993-01,Nova Scotia,Net emigration,139.0
1993-01,Nova Scotia,Emigrants,144.0
1993-01,Nova Scotia,Returning emigrants,48.0
1993-01,Nova Scotia,Net temporary emigration,43.0
1993-01,Nova Scotia,Net non-permanent residents,-28.0
1993-01,New Brunswick,Immigrants,204.0
1993-01,New Brunswick,Net emigration,99.0
1993-01,New Brunswick,Emigrants,119.0
1993-01,New Brunswick,Returning emigrants,54.0
1993-01,New Brunswick,Net temporary emigration,34.0
1993-01,New Brunswick,Net non-permanent residents,-27.0
1993-01,Quebec,Immigrants,11349.0
1993-01,Quebec,Net emigration,1565.0
1993-01,Quebec,Emigrants,1153.0
1993-01,Quebec,Returning emigrants,353.0
1993-01,Quebec,Net temporary emigration,765.0
1993-01,Quebec,Net non-permanent residents,-2932.0
1993-01,Ontario,Immigrants,33822.0
1993-01,Ontario,Net emigration,4159.0
1993-01,Ontario,Emigrants,3391.0
1993-01,Ontario,Returning emigrants,1225.0
1993-01,Ontario,Net temporary emigration,1993.0
1993-01,Ontario,Net non-permanent residents,-14149.0
1993-01,Manitoba,Immigrants,1162.0
1993-01,Manitoba,Net emigration,460.0
1993-01,Manitoba,Emigrants,501.0
1993-01,Manitoba,Returning emigrants,156.0
1993-01,Manitoba,Net temporary emigration,115.0
1993-01,Manitoba,Net non-permanent residents,-73.0
1993-01,Saskatchewan,Immigrants,621.0
1993-01,Saskatchewan,Net emigration,229.0
1993-01,Saskatchewan,Emigrants,197.0
1993-01,Saskatchewan,Returning emigrants,55.0
1993-01,Saskatchewan,Net temporary emigration,87.0
1993-01,Saskatchewan,Net non-permanent residents,-48.0
1993-01,Alberta,Immigrants,4345.0
1993-01,Alberta,Net emigration,1195.0
1993-01,Alberta,Emigrants,1162.0
1993-01,Alberta,Returning emigrants,502.0
1993-01,Alberta,Net temporary emigration,535.0
1993-01,Alberta,Net non-permanent residents,-965.0
1993-01,British Columbia,Immigrants,9886.0
1993-01,British Columbia,Net emigration,1480.0
1993-01,British Columbia,Emigrants,1360.0
1993-01,British Columbia,Returning emigrants,571.0
1993-01,British Columbia,Net temporary emigration,691.0
1993-01,British Columbia,Net non-permanent residents,-1690.0
1993-01,Yukon,Immigrants,19.0
1993-01,Yukon,Net emigration,13.0
1993-01,Yukon,Emigrants,13.0
1993-01,Yukon,Returning emigrants,4.0
1993-01,Yukon,Net temporary emigration,4.0
1993-01,Yukon,Net non-permanent residents,-22.0
1993-01,Northwest Territories,Immigrants,32.0
1993-01,Northwest Territories,Net emigration,16.0
1993-01,Northwest Territories,Emigrants,16.0
1993-01,Northwest Territories,Returning emigrants,3.0
1993-01,Northwest Territories,Net temporary emigration,3.0
1993-01,Northwest Territories,Net non-permanent residents,-10.0
1993-01,Nunavut,Immigrants,10.0
1993-01,Nunavut,Net emigration,7.0
1993-01,Nunavut,Emigrants,6.0
1993-01,Nunavut,Returning emigrants,0.0
1993-01,Nunavut,Net temporary emigration,1.0
1993-01,Nunavut,Net non-permanent residents,-1.0
1993-04,Canada,Immigrants,69615.0
1993-04,Canada,Net emigration,9430.0
1993-04,Canada,Emigrants,9234.0
1993-04,Canada,Returning emigrants,4344.0
1993-04,Canada,Net temporary emigration,4540.0
1993-04,Canada,Net non-permanent residents,-22417.0
1993-04,Newfoundland and Labrador,Immigrants,223.0
1993-04,Newfoundland and Labrador,Net emigration,33.0
1993-04,Newfoundland and Labrador,Emigrants,44.0
1993-04,Newfoundland and Labrador,Returning emigrants,24.0
1993-04,Newfoundland and Labrador,Net temporary emigration,13.0
1993-04,Newfoundland and Labrador,Net non-permanent residents,-321.0
1993-04,Prince Edward Island,Immigrants,33.0
1993-04,Prince Edward Island,Net emigration,10.0
1993-04,Prince Edward Island,Emigrants,13.0
1993-04,Prince Edward Island,Returning emigrants,7.0
1993-04,Prince Edward Island,Net temporary emigration,4.0
1993-04,Prince Edward Island,Net non-permanent residents,-8.0
1993-04,Nova Scotia,Immigrants,695.0
1993-04,Nova Scotia,Net emigration,161.0
1993-04,Nova Scotia,Emigrants,185.0
1993-04,Nova Scotia,Returning emigrants,69.0
1993-04,Nova Scotia,Net temporary emigration,45.0
1993-04,Nova Scotia,Net non-permanent residents,-191.0
1993-04,New Brunswick,Immigrants,185.0
1993-04,New Brunswick,Net emigration,172.0
1993-04,New Brunswick,Emigrants,216.0
1993-04,New Brunswick,Returning emigrants,79.0
1993-04,New Brunswick,Net temporary emigration,35.0
1993-04,New Brunswick,Net non-permanent residents,-137.0
1993-04,Quebec,Immigrants,11667.0
1993-04,Quebec,Net emigration,1529.0
1993-04,Quebec,Emigrants,1230.0
1993-04,Quebec,Returning emigrants,513.0
1993-04,Quebec,Net temporary emigration,812.0
1993-04,Quebec,Net non-permanent residents,-4590.0
1993-04,Ontario,Immigrants,38331.0
1993-04,Ontario,Net emigration,4123.0
1993-04,Ontario,Emigrants,3789.0
1993-04,Ontario,Returning emigrants,1776.0
1993-04,Ontario,Net temporary emigration,2110.0
1993-04,Ontario,Net non-permanent residents,-15389.0
1993-04,Manitoba,Immigrants,1327.0
1993-04,Manitoba,Net emigration,321.0
1993-04,Manitoba,Emigrants,425.0
1993-04,Manitoba,Returning emigrants,227.0
1993-04,Manitoba,Net temporary emigration,123.0
1993-04,Manitoba,Net non-permanent residents,147.0
1993-04,Saskatchewan,Immigrants,578.0
1993-04,Saskatchewan,Net emigration,181.0
1993-04,Saskatchewan,Emigrants,171.0
1993-04,Saskatchewan,Returning emigrants,82.0
1993-04,Saskatchewan,Net temporary emigration,92.0
1993-04,Saskatchewan,Net non-permanent residents,13.0
1993-04,Alberta,Immigrants,4908.0
1993-04,Alberta,Net emigration,1517.0
1993-04,Alberta,Emigrants,1678.0
1993-04,Alberta,Returning emigrants,727.0
1993-04,Alberta,Net temporary emigration,566.0
1993-04,Alberta,Net non-permanent residents,-796.0
1993-04,British Columbia,Immigrants,11575.0
1993-04,British Columbia,Net emigration,1351.0
1993-04,British Columbia,Emigrants,1449.0
1993-04,British Columbia,Returning emigrants,829.0
1993-04,British Columbia,Net temporary emigration,731.0
1993-04,British Columbia,Net non-permanent residents,-1185.0
1993-04,Yukon,Immigrants,42.0
1993-04,Yukon,Net emigration,15.0
1993-04,Yukon,Emigrants,17.0
1993-04,Yukon,Returning emigrants,6.0
1993-04,Yukon,Net temporary emigration,4.0
1993-04,Yukon,Net non-permanent residents,37.0
1993-04,Northwest Territories,Immigrants,39.0
1993-04,Northwest Territories,Net emigration,13.0
1993-04,Northwest Territories,Emigrants,13.0
1993-04,Northwest Territories,Returning emigrants,4.0
1993-04,Northwest Territories,Net temporary emigration,4.0
1993-04,Northwest Territories,Net non-permanent residents,2.0
1993-04,Nunavut,Immigrants,12.0
1993-04,Nunavut,Net emigration,4.0
1993-04,Nunavut,Emigrants,4.0
1993-04,Nunavut,Returning emigrants,1.0
1993-04,Nunavut,Net temporary emigration,1.0
1993-04,Nunavut,Net non-permanent residents,1.0
1993-07,Canada,Immigrants,71534.0
1993-07,Canada,Net emigration,18480.0
1993-07,Canada,Emigrants,17550.0
1993-07,Canada,Returning emigrants,5042.0
1993-07,Canada,Net temporary emigration,5972.0
1993-07,Canada,Net non-permanent residents,3160.0
1993-07,Newfoundland and Labrador,Immigrants,221.0
1993-07,Newfoundland and Labrador,Net emigration,77.0
1993-07,Newfoundland and Labrador,Emigrants,84.0
1993-07,Newfoundland and Labrador,Returning emigrants,25.0
1993-07,Newfoundland and Labrador,Net temporary emigration,18.0
1993-07,Newfoundland and Labrador,Net non-permanent residents,-533.0
1993-07,Prince Edward Island,Immigrants,34.0
1993-07,Prince Edward Island,Net emigration,18.0
1993-07,Prince Edward Island,Emigrants,24.0
1993-07,Prince Edward Island,Returning emigrants,12.0
1993-07,Prince Edward Island,Net temporary emigration,6.0
1993-07,Prince Edward Island,Net non-permanent residents,57.0
1993-07,Nova Scotia,Immigrants,1073.0
1993-07,Nova Scotia,Net emigration,200.0
1993-07,Nova Scotia,Emigrants,241.0
1993-07,Nova Scotia,Returning emigrants,101.0
1993-07,Nova Scotia,Net temporary emigration,60.0
1993-07,Nova Scotia,Net non-permanent residents,293.0
1993-07,New Brunswick,Immigrants,198.0
1993-07,New Brunswick,Net emigration,171.0
1993-07,New Brunswick,Emigrants,195.0
1993-07,New Brunswick,Returning emigrants,71.0
1993-07,New Brunswick,Net temporary emigration,47.0
1993-07,New Brunswick,Net non-permanent residents,114.0
1993-07,Quebec,Immigrants,12796.0
1993-07,Quebec,Net emigration,2826.0
1993-07,Quebec,Emigrants,2435.0
1993-07,Quebec,Returning emigrants,676.0
1993-07,Quebec,Net temporary emigration,1067.0
1993-07,Quebec,Net non-permanent residents,809.0
1993-07,Ontario,Immigrants,35922.0
1993-07,Ontario,Net emigration,9614.0
1993-07,Ontario,Emigrants,9162.0
1993-07,Ontario,Returning emigrants,2321.0
1993-07,Ontario,Net temporary emigration,2773.0
1993-07,Ontario,Net non-permanent residents,2125.0
1993-07,Manitoba,Immigrants,1341.0
1993-07,Manitoba,Net emigration,539.0
1993-07,Manitoba,Emigrants,578.0
1993-07,Manitoba,Returning emigrants,200.0
1993-07,Manitoba,Net temporary emigration,161.0
1993-07,Manitoba,Net non-permanent residents,-6.0
1993-07,Saskatchewan,Immigrants,651.0
1993-07,Saskatchewan,Net emigration,374.0
1993-07,Saskatchewan,Emigrants,319.0
1993-07,Saskatchewan,Returning emigrants,66.0
1993-07,Saskatchewan,Net temporary emigration,121.0
1993-07,Saskatchewan,Net non-permanent residents,190.0
1993-07,Alberta,Immigrants,5175.0
1993-07,Alberta,Net emigration,2312.0
1993-07,Alberta,Emigrants,2278.0
1993-07,Alberta,Returning emigrants,711.0
1993-07,Alberta,Net temporary emigration,745.0
1993-07,Alberta,Net non-permanent residents,-213.0
1993-07,British Columbia,Immigrants,14048.0
1993-07,British Columbia,Net emigration,2330.0
1993-07,British Columbia,Emigrants,2215.0
1993-07,British Columbia,Returning emigrants,847.0
1993-07,British Columbia,Net temporary emigration,962.0
1993-07,British Columbia,Net non-permanent residents,356.0
1993-07,Yukon,Immigrants,21.0
1993-07,Yukon,Net emigration,8.0
1993-07,Yukon,Emigrants,7.0
1993-07,Yukon,Returning emigrants,5.0
1993-07,Yukon,Net temporary emigration,6.0
1993-07,Yukon,Net non-permanent residents,-13.0
1993-07,Northwest Territories,Immigrants,44.0
1993-07,Northwest Territories,Net emigration,9.0
1993-07,Northwest Territories,Emigrants,9.0
1993-07,Northwest Territories,Returning emigrants,5.0
1993-07,Northwest Territories,Net temporary emigration,5.0
1993-07,Northwest Territories,Net non-permanent residents,-16.0
1993-07,Nunavut,Immigrants,10.0
1993-07,Nunavut,Net emigration,2.0
1993-07,Nunavut,Emigrants,3.0
1993-07,Nunavut,Returning emigrants,2.0
1993-07,Nunavut,Net temporary emigration,1.0
1993-07,Nunavut,Net non-permanent residents,-3.0
1993-10,Canada,Immigrants,53307.0
1993-10,Canada,Net emigration,13345.0
1993-10,Canada,Emigrants,11828.0
1993-10,Canada,Returning emigrants,3313.0
1993-10,Canada,Net temporary emigration,4830.0
1993-10,Canada,Net non-permanent residents,-23754.0
1993-10,Newfoundland and Labrador,Immigrants,200.0
1993-10,Newfoundland and Labrador,Net emigration,54.0
1993-10,Newfoundland and Labrador,Emigrants,57.0
1993-10,Newfoundland and Labrador,Returning emigrants,17.0
1993-10,Newfoundland and Labrador,Net temporary emigration,14.0
1993-10,Newfoundland and Labrador,Net non-permanent residents,-446.0
1993-10,Prince Edward Island,Immigrants,44.0
1993-10,Prince Edward Island,Net emigration,11.0
1993-10,Prince Edward Island,Emigrants,15.0
1993-10,Prince Edward Island,Returning emigrants,8.0
1993-10,Prince Edward Island,Net temporary emigration,4.0
1993-10,Prince Edward Island,Net non-permanent residents,-8.0
1993-10,Nova Scotia,Immigrants,617.0
1993-10,Nova Scotia,Net emigration,146.0
1993-10,Nova Scotia,Emigrants,163.0
1993-10,Nova Scotia,Returning emigrants,66.0
1993-10,Nova Scotia,Net temporary emigration,49.0
1993-10,Nova Scotia,Net non-permanent residents,-319.0
1993-10,New Brunswick,Immigrants,121.0
1993-10,New Brunswick,Net emigration,122.0
1993-10,New Brunswick,Emigrants,132.0
1993-10,New Brunswick,Returning emigrants,47.0
1993-10,New Brunswick,Net temporary emigration,37.0
1993-10,New Brunswick,Net non-permanent residents,-62.0
1993-10,Quebec,Immigrants,9165.0
1993-10,Quebec,Net emigration,2063.0
1993-10,Quebec,Emigrants,1642.0
1993-10,Quebec,Returning emigrants,443.0
1993-10,Quebec,Net temporary emigration,864.0
1993-10,Quebec,Net non-permanent residents,-3090.0
1993-10,Ontario,Immigrants,26921.0
1993-10,Ontario,Net emigration,6891.0
1993-10,Ontario,Emigrants,6176.0
1993-10,Ontario,Returning emigrants,1526.0
1993-10,Ontario,Net temporary emigration,2241.0
1993-10,Ontario,Net non-permanent residents,-15204.0
1993-10,Manitoba,Immigrants,1030.0
1993-10,Manitoba,Net emigration,390.0
1993-10,Manitoba,Emigrants,391.0
1993-10,Manitoba,Returning emigrants,132.0
1993-10,Manitoba,Net temporary emigration,131.0
1993-10,Manitoba,Net non-permanent residents,-492.0
1993-10,Saskatchewan,Immigrants,548.0
1993-10,Saskatchewan,Net emigration,270.0
1993-10,Saskatchewan,Emigrants,214.0
1993-10,Saskatchewan,Returning emigrants,43.0
1993-10,Saskatchewan,Net temporary emigration,99.0
1993-10,Saskatchewan,Net non-permanent residents,-438.0
1993-10,Alberta,Immigrants,4150.0
1993-10,Alberta,Net emigration,1671.0
1993-10,Alberta,Emigrants,1535.0
1993-10,Alberta,Returning emigrants,466.0
1993-10,Alberta,Net temporary emigration,602.0
1993-10,Alberta,Net non-permanent residents,-1753.0
1993-10,British Columbia,Immigrants,10460.0
1993-10,British Columbia,Net emigration,1712.0
1993-10,British Columbia,Emigrants,1492.0
1993-10,British Columbia,Returning emigrants,558.0
1993-10,British Columbia,Net temporary emigration,778.0
1993-10,British Columbia,Net non-permanent residents,-1898.0
1993-10,Yukon,Immigrants,23.0
1993-10,Yukon,Net emigration,7.0
1993-10,Yukon,Emigrants,4.0
1993-10,Yukon,Returning emigrants,3.0
1993-10,Yukon,Net temporary emigration,6.0
1993-10,Yukon,Net non-permanent residents,-45.0
1993-10,Northwest Territories,Immigrants,24.0
1993-10,Northwest Territories,Net emigration,6.0
1993-10,Northwest Territories,Emigrants,6.0
1993-10,Northwest Territories,Returning emigrants,4.0
1993-10,Northwest Territories,Net temporary emigration,4.0
1993-10,Northwest Territories,Net non-permanent residents,1.0
1993-10,Nunavut,Immigrants,4.0
1993-10,Nunavut,Net emigration,2.0
1993-10,Nunavut,Emigrants,1.0
1993-10,Nunavut,Returning emigrants,0.0
1993-10,Nunavut,Net temporary emigration,1.0
1993-10,Nunavut,Net non-permanent residents,0.0
1994-01,Canada,Immigrants,50665.0
1994-01,Canada,Net emigration,9378.0
1994-01,Canada,Emigrants,8338.0
1994-01,Canada,Returning emigrants,3092.0
1994-01,Canada,Net temporary emigration,4132.0
1994-01,Canada,Net non-permanent residents,-1365.0
1994-01,Newfoundland and Labrador,Immigrants,137.0
1994-01,Newfoundland and Labrador,Net emigration,38.0
1994-01,Newfoundland and Labrador,Emigrants,41.0
1994-01,Newfoundland and Labrador,Returning emigrants,16.0
1994-01,Newfoundland and Labrador,Net temporary emigration,13.0
1994-01,Newfoundland and Labrador,Net non-permanent residents,-428.0
1994-01,Prince Edward Island,Immigrants,11.0
1994-01,Prince Edward Island,Net emigration,7.0
1994-01,Prince Edward Island,Emigrants,11.0
1994-01,Prince Edward Island,Returning emigrants,7.0
1994-01,Prince Edward Island,Net temporary emigration,3.0
1994-01,Prince Edward Island,Net non-permanent residents,-5.0
1994-01,Nova Scotia,Immigrants,628.0
1994-01,Nova Scotia,Net emigration,94.0
1994-01,Nova Scotia,Emigrants,114.0
1994-01,Nova Scotia,Returning emigrants,62.0
1994-01,Nova Scotia,Net temporary emigration,42.0
1994-01,Nova Scotia,Net non-permanent residents,-3.0
1994-01,New Brunswick,Immigrants,131.0
1994-01,New Brunswick,Net emigration,81.0
1994-01,New Brunswick,Emigrants,93.0
1994-01,New Brunswick,Returning emigrants,44.0
1994-01,New Brunswick,Net temporary emigration,32.0
1994-01,New Brunswick,Net non-permanent residents,4.0
1994-01,Quebec,Immigrants,7164.0
1994-01,Quebec,Net emigration,1481.0
1994-01,Quebec,Emigrants,1157.0
1994-01,Quebec,Returning emigrants,414.0
1994-01,Quebec,Net temporary emigration,738.0
1994-01,Quebec,Net non-permanent residents,-295.0
1994-01,Ontario,Immigrants,25326.0
1994-01,Ontario,Net emigration,4848.0
1994-01,Ontario,Emigrants,4354.0
1994-01,Ontario,Returning emigrants,1424.0
1994-01,Ontario,Net temporary emigration,1918.0
1994-01,Ontario,Net non-permanent residents,109.0
1994-01,Manitoba,Immigrants,913.0
1994-01,Manitoba,Net emigration,263.0
1994-01,Manitoba,Emigrants,275.0
1994-01,Manitoba,Returning emigrants,123.0
1994-01,Manitoba,Net temporary emigration,111.0
1994-01,Manitoba,Net non-permanent residents,25.0
1994-01,Saskatchewan,Immigrants,566.0
1994-01,Saskatchewan,Net emigration,195.0
1994-01,Saskatchewan,Emigrants,151.0
1994-01,Saskatchewan,Returning emigrants,41.0
1994-01,Saskatchewan,Net temporary emigration,85.0
1994-01,Saskatchewan,Net non-permanent residents,-44.0
1994-01,Alberta,Immigrants,3952.0
1994-01,Alberta,Net emigration,1162.0
1994-01,Alberta,Emigrants,1082.0
1994-01,Alberta,Returning emigrants,436.0
1994-01,Alberta,Net temporary emigration,516.0
1994-01,Alberta,Net non-permanent residents,-522.0
1994-01,British Columbia,Immigrants,11790.0
1994-01,British Columbia,Net emigration,1200.0
1994-01,British Columbia,Emigrants,1052.0
1994-01,British Columbia,Returning emigrants,518.0
1994-01,British Columbia,Net temporary emigration,666.0
1994-01,British Columbia,Net non-permanent residents,-194.0
1994-01,Yukon,Immigrants,29.0
1994-01,Yukon,Net emigration,4.0
1994-01,Yukon,Emigrants,3.0
1994-01,Yukon,Returning emigrants,3.0
1994-01,Yukon,Net temporary emigration,4.0
1994-01,Yukon,Net non-permanent residents,8.0
1994-01,Northwest Territories,Immigrants,15.0
1994-01,Northwest Territories,Net emigration,4.0
1994-01,Northwest Territories,Emigrants,5.0
1994-01,Northwest Territories,Returning emigrants,4.0
1994-01,Northwest Territories,Net temporary emigration,3.0
1994-01,Northwest Territories,Net non-permanent residents,-17.0
1994-01,Nunavut,Immigrants,3.0
1994-01,Nunavut,Net emigration,1.0
1994-01,Nunavut,Emigrants,0.0
1994-01,Nunavut,Returning emigrants,0.0
1994-01,Nunavut,Net temporary emigration,1.0
1994-01,Nunavut,Net non-permanent residents,-3.0
1994-04,Canada,Immigrants,59854.0
1994-04,Canada,Net emigration,11641.0
1994-04,Canada,Emigrants,11740.0
1994-04,Canada,Returning emigrants,4911.0
1994-04,Canada,Net temporary emigration,4812.0
1994-04,Canada,Net non-permanent residents,-237.0
1994-04,Newfoundland and Labrador,Immigrants,146.0
1994-04,Newfoundland and Labrador,Net emigration,44.0
1994-04,Newfoundland and Labrador,Emigrants,55.0
1994-04,Newfoundland and Labrador,Returning emigrants,25.0
1994-04,Newfoundland and Labrador,Net temporary emigration,14.0
1994-04,Newfoundland and Labrador,Net non-permanent residents,-280.0
1994-04,Prince Edward Island,Immigrants,50.0
1994-04,Prince Edward Island,Net emigration,8.0
1994-04,Prince Edward Island,Emigrants,16.0
1994-04,Prince Edward Island,Returning emigrants,12.0
1994-04,Prince Edward Island,Net temporary emigration,4.0
1994-04,Prince Edward Island,Net non-permanent residents,-10.0
1994-04,Nova Scotia,Immigrants,766.0
1994-04,Nova Scotia,Net emigration,113.0
1994-04,Nova Scotia,Emigrants,162.0
1994-04,Nova Scotia,Returning emigrants,98.0
1994-04,Nova Scotia,Net temporary emigration,49.0
1994-04,Nova Scotia,Net non-permanent residents,-206.0
1994-04,New Brunswick,Immigrants,139.0
1994-04,New Brunswick,Net emigration,98.0
1994-04,New Brunswick,Emigrants,130.0
1994-04,New Brunswick,Returning emigrants,70.0
1994-04,New Brunswick,Net temporary emigration,38.0
1994-04,New Brunswick,Net non-permanent residents,-72.0
1994-04,Quebec,Immigrants,6839.0
1994-04,Quebec,Net emigration,1832.0
1994-04,Quebec,Emigrants,1630.0
1994-04,Quebec,Returning emigrants,658.0
1994-04,Quebec,Net temporary emigration,860.0
1994-04,Quebec,Net non-permanent residents,-250.0
1994-04,Ontario,Immigrants,32012.0
1994-04,Ontario,Net emigration,6100.0
1994-04,Ontario,Emigrants,6129.0
1994-04,Ontario,Returning emigrants,2261.0
1994-04,Ontario,Net temporary emigration,2232.0
1994-04,Ontario,Net non-permanent residents,973.0
1994-04,Manitoba,Immigrants,1241.0
1994-04,Manitoba,Net emigration,321.0
1994-04,Manitoba,Emigrants,387.0
1994-04,Manitoba,Returning emigrants,196.0
1994-04,Manitoba,Net temporary emigration,130.0
1994-04,Manitoba,Net non-permanent residents,79.0
1994-04,Saskatchewan,Immigrants,518.0
1994-04,Saskatchewan,Net emigration,247.0
1994-04,Saskatchewan,Emigrants,213.0
1994-04,Saskatchewan,Returning emigrants,64.0
1994-04,Saskatchewan,Net temporary emigration,98.0
1994-04,Saskatchewan,Net non-permanent residents,-82.0
1994-04,Alberta,Immigrants,4930.0
1994-04,Alberta,Net emigration,1434.0
1994-04,Alberta,Emigrants,1524.0
1994-04,Alberta,Returning emigrants,691.0
1994-04,Alberta,Net temporary emigration,601.0
1994-04,Alberta,Net non-permanent residents,-237.0
1994-04,British Columbia,Immigrants,13134.0
1994-04,British Columbia,Net emigration,1433.0
1994-04,British Columbia,Emigrants,1482.0
1994-04,British Columbia,Returning emigrants,825.0
1994-04,British Columbia,Net temporary emigration,776.0
1994-04,British Columbia,Net non-permanent residents,-208.0
1994-04,Yukon,Immigrants,35.0
1994-04,Yukon,Net emigration,5.0
1994-04,Yukon,Emigrants,4.0
1994-04,Yukon,Returning emigrants,4.0
1994-04,Yukon,Net temporary emigration,5.0
1994-04,Yukon,Net non-permanent residents,38.0
1994-04,Northwest Territories,Immigrants,36.0
1994-04,Northwest Territories,Net emigration,5.0
1994-04,Northwest Territories,Emigrants,7.0
1994-04,Northwest Territories,Returning emigrants,6.0
1994-04,Northwest Territories,Net temporary emigration,4.0
1994-04,Northwest Territories,Net non-permanent residents,16.0
1994-04,Nunavut,Immigrants,8.0
1994-04,Nunavut,Net emigration,1.0
1994-04,Nunavut,Emigrants,1.0
1994-04,Nunavut,Returning emigrants,1.0
1994-04,Nunavut,Net temporary emigration,1.0
1994-04,Nunavut,Net non-permanent residents,2.0
1994-07,Canada,Immigrants,66559.0
1994-07,Canada,Net emigration,21071.0
1994-07,Canada,Emigrants,21204.0
1994-07,Canada,Returning emigrants,6620.0
1994-07,Canada,Net temporary emigration,6487.0
1994-07,Canada,Net non-permanent residents,5673.0
1994-07,Newfoundland and Labrador,Immigrants,194.0
1994-07,Newfoundland and Labrador,Net emigration,102.0
1994-07,Newfoundland and Labrador,Emigrants,121.0
1994-07,Newfoundland and Labrador,Returning emigrants,39.0
1994-07,Newfoundland and Labrador,Net temporary emigration,20.0
1994-07,Newfoundland and Labrador,Net non-permanent residents,-120.0
1994-07,Prince Edward Island,Immigrants,62.0
1994-07,Prince Edward Island,Net emigration,32.0
1994-07,Prince Edward Island,Emigrants,41.0
1994-07,Prince Edward Island,Returning emigrants,15.0
1994-07,Prince Edward Island,Net temporary emigration,6.0
1994-07,Prince Edward Island,Net non-permanent residents,21.0
1994-07,Nova Scotia,Immigrants,1442.0
1994-07,Nova Scotia,Net emigration,420.0
1994-07,Nova Scotia,Emigrants,441.0
1994-07,Nova Scotia,Returning emigrants,86.0
1994-07,Nova Scotia,Net temporary emigration,65.0
1994-07,Nova Scotia,Net non-permanent residents,69.0
1994-07,New Brunswick,Immigrants,154.0
1994-07,New Brunswick,Net emigration,223.0
1994-07,New Brunswick,Emigrants,237.0
1994-07,New Brunswick,Returning emigrants,65.0
1994-07,New Brunswick,Net temporary emigration,51.0
1994-07,New Brunswick,Net non-permanent residents,31.0
1994-07,Quebec,Immigrants,7166.0
1994-07,Quebec,Net emigration,3794.0
1994-07,Quebec,Emigrants,3532.0
1994-07,Quebec,Returning emigrants,897.0
1994-07,Quebec,Net temporary emigration,1159.0
1994-07,Quebec,Net non-permanent residents,2213.0
1994-07,Ontario,Immigrants,35127.0
1994-07,Ontario,Net emigration,10320.0
1994-07,Ontario,Emigrants,10495.0
1994-07,Ontario,Returning emigrants,3186.0
1994-07,Ontario,Net temporary emigration,3011.0
1994-07,Ontario,Net non-permanent residents,1726.0
1994-07,Manitoba,Immigrants,1100.0
1994-07,Manitoba,Net emigration,703.0
1994-07,Manitoba,Emigrants,826.0
1994-07,Manitoba,Returning emigrants,298.0
1994-07,Manitoba,Net temporary emigration,175.0
1994-07,Manitoba,Net non-permanent residents,-88.0
1994-07,Saskatchewan,Immigrants,566.0
1994-07,Saskatchewan,Net emigration,368.0
1994-07,Saskatchewan,Emigrants,359.0
1994-07,Saskatchewan,Returning emigrants,123.0
1994-07,Saskatchewan,Net temporary emigration,132.0
1994-07,Saskatchewan,Net non-permanent residents,182.0
1994-07,Alberta,Immigrants,5396.0
1994-07,Alberta,Net emigration,2695.0
1994-07,Alberta,Emigrants,2786.0
1994-07,Alberta,Returning emigrants,900.0
1994-07,Alberta,Net temporary emigration,809.0
1994-07,Alberta,Net non-permanent residents,-141.0
1994-07,British Columbia,Immigrants,15248.0
1994-07,British Columbia,Net emigration,2393.0
1994-07,British Columbia,Emigrants,2340.0
1994-07,British Columbia,Returning emigrants,992.0
1994-07,British Columbia,Net temporary emigration,1045.0
1994-07,British Columbia,Net non-permanent residents,1809.0
1994-07,Yukon,Immigrants,34.0
1994-07,Yukon,Net emigration,9.0
1994-07,Yukon,Emigrants,8.0
1994-07,Yukon,Returning emigrants,6.0
1994-07,Yukon,Net temporary emigration,7.0
1994-07,Yukon,Net non-permanent residents,-13.0
1994-07,Northwest Territories,Immigrants,61.0
1994-07,Northwest Territories,Net emigration,12.0
1994-07,Northwest Territories,Emigrants,16.0
1994-07,Northwest Territories,Returning emigrants,10.0
1994-07,Northwest Territories,Net temporary emigration,6.0
1994-07,Northwest Territories,Net non-permanent residents,-14.0
1994-07,Nunavut,Immigrants,9.0
1994-07,Nunavut,Net emigration,0.0
1994-07,Nunavut,Emigrants,2.0
1994-07,Nunavut,Returning emigrants,3.0
1994-07,Nunavut,Net temporary emigration,1.0
1994-07,Nunavut,Net non-permanent residents,-2.0
1994-10,Canada,Immigrants,47317.0
1994-10,Canada,Net emigration,13592.0
1994-10,Canada,Emigrants,11999.0
1994-10,Canada,Returning emigrants,3151.0
1994-10,Canada,Net temporary emigration,4744.0
1994-10,Canada,Net non-permanent residents,-20571.0
1994-10,Newfoundland and Labrador,Immigrants,88.0
1994-10,Newfoundland and Labrador,Net emigration,64.0
1994-10,Newfoundland and Labrador,Emigrants,68.0
1994-10,Newfoundland and Labrador,Returning emigrants,18.0
1994-10,Newfoundland and Labrador,Net temporary emigration,14.0
1994-10,Newfoundland and Labrador,Net non-permanent residents,-330.0
1994-10,Prince Edward Island,Immigrants,39.0
1994-10,Prince Edward Island,Net emigration,20.0
1994-10,Prince Edward Island,Emigrants,23.0
1994-10,Prince Edward Island,Returning emigrants,7.0
1994-10,Prince Edward Island,Net temporary emigration,4.0
1994-10,Prince Edward Island,Net non-permanent residents,7.0
1994-10,Nova Scotia,Immigrants,635.0
1994-10,Nova Scotia,Net emigration,255.0
1994-10,Nova Scotia,Emigrants,250.0
1994-10,Nova Scotia,Returning emigrants,42.0
1994-10,Nova Scotia,Net temporary emigration,47.0
1994-10,Nova Scotia,Net non-permanent residents,-268.0
1994-10,New Brunswick,Immigrants,203.0
1994-10,New Brunswick,Net emigration,140.0
1994-10,New Brunswick,Emigrants,134.0
1994-10,New Brunswick,Returning emigrants,31.0
1994-10,New Brunswick,Net temporary emigration,37.0
1994-10,New Brunswick,Net non-permanent residents,-171.0
1994-10,Quebec,Immigrants,6925.0
1994-10,Quebec,Net emigration,2420.0
1994-10,Quebec,Emigrants,1999.0
1994-10,Quebec,Returning emigrants,426.0
1994-10,Quebec,Net temporary emigration,847.0
1994-10,Quebec,Net non-permanent residents,-2010.0
1994-10,Ontario,Immigrants,25170.0
1994-10,Ontario,Net emigration,6624.0
1994-10,Ontario,Emigrants,5938.0
1994-10,Ontario,Returning emigrants,1518.0
1994-10,Ontario,Net temporary emigration,2204.0
1994-10,Ontario,Net non-permanent residents,-15012.0
1994-10,Manitoba,Immigrants,883.0
1994-10,Manitoba,Net emigration,453.0
1994-10,Manitoba,Emigrants,468.0
1994-10,Manitoba,Returning emigrants,143.0
1994-10,Manitoba,Net temporary emigration,128.0
1994-10,Manitoba,Net non-permanent residents,-246.0
1994-10,Saskatchewan,Immigrants,610.0
1994-10,Saskatchewan,Net emigration,241.0
1994-10,Saskatchewan,Emigrants,204.0
1994-10,Saskatchewan,Returning emigrants,59.0
1994-10,Saskatchewan,Net temporary emigration,96.0
1994-10,Saskatchewan,Net non-permanent residents,-294.0
1994-10,Alberta,Immigrants,3743.0
1994-10,Alberta,Net emigration,1740.0
1994-10,Alberta,Emigrants,1577.0
1994-10,Alberta,Returning emigrants,429.0
1994-10,Alberta,Net temporary emigration,592.0
1994-10,Alberta,Net non-permanent residents,-938.0
1994-10,British Columbia,Immigrants,8974.0
1994-10,British Columbia,Net emigration,1616.0
1994-10,British Columbia,Emigrants,1324.0
1994-10,British Columbia,Returning emigrants,472.0
1994-10,British Columbia,Net temporary emigration,764.0
1994-10,British Columbia,Net non-permanent residents,-1244.0
1994-10,Yukon,Immigrants,20.0
1994-10,Yukon,Net emigration,9.0
1994-10,Yukon,Emigrants,4.0
1994-10,Yukon,Returning emigrants,1.0
1994-10,Yukon,Net temporary emigration,6.0
1994-10,Yukon,Net non-permanent residents,-41.0
1994-10,Northwest Territories,Immigrants,23.0
1994-10,Northwest Territories,Net emigration,9.0
1994-10,Northwest Territories,Emigrants,10.0
1994-10,Northwest Territories,Returning emigrants,5.0
1994-10,Northwest Territories,Net temporary emigration,4.0
1994-10,Northwest Territories,Net non-permanent residents,-20.0
1994-10,Nunavut,Immigrants,4.0
1994-10,Nunavut,Net emigration,1.0
1994-10,Nunavut,Emigrants,0.0
1994-10,Nunavut,Returning emigrants,0.0
1994-10,Nunavut,Net temporary emigration,1.0
1994-10,Nunavut,Net non-permanent residents,-4.0
1995-01,Canada,Immigrants,50904.0
1995-01,Canada,Net emigration,8279.0
1995-01,Canada,Emigrants,7991.0
1995-01,Canada,Returning emigrants,3696.0
1995-01,Canada,Net temporary emigration,3984.0
1995-01,Canada,Net non-permanent residents,-3168.0
1995-01,Newfoundland and Labrador,Immigrants,200.0
1995-01,Newfoundland and Labrador,Net emigration,37.0
1995-01,Newfoundland and Labrador,Emigrants,46.0
1995-01,Newfoundland and Labrador,Returning emigrants,21.0
1995-01,Newfoundland and Labrador,Net temporary emigration,12.0
1995-01,Newfoundland and Labrador,Net non-permanent residents,-143.0
1995-01,Prince Edward Island,Immigrants,37.0
1995-01,Prince Edward Island,Net emigration,11.0
1995-01,Prince Edward Island,Emigrants,16.0
1995-01,Prince Edward Island,Returning emigrants,8.0
1995-01,Prince Edward Island,Net temporary emigration,3.0
1995-01,Prince Edward Island,Net non-permanent residents,9.0
1995-01,Nova Scotia,Immigrants,753.0
1995-01,Nova Scotia,Net emigration,159.0
1995-01,Nova Scotia,Emigrants,167.0
1995-01,Nova Scotia,Returning emigrants,48.0
1995-01,Nova Scotia,Net temporary emigration,40.0
1995-01,Nova Scotia,Net non-permanent residents,3.0
1995-01,New Brunswick,Immigrants,191.0
1995-01,New Brunswick,Net emigration,84.0
1995-01,New Brunswick,Emigrants,90.0
1995-01,New Brunswick,Returning emigrants,37.0
1995-01,New Brunswick,Net temporary emigration,31.0
1995-01,New Brunswick,Net non-permanent residents,5.0
1995-01,Quebec,Immigrants,6330.0
1995-01,Quebec,Net emigration,1544.0
1995-01,Quebec,Emigrants,1331.0
1995-01,Quebec,Returning emigrants,500.0
1995-01,Quebec,Net temporary emigration,713.0
1995-01,Quebec,Net non-permanent residents,128.0
1995-01,Ontario,Immigrants,28605.0
1995-01,Ontario,Net emigration,4021.0
1995-01,Ontario,Emigrants,3953.0
1995-01,Ontario,Returning emigrants,1781.0
1995-01,Ontario,Net temporary emigration,1849.0
1995-01,Ontario,Net non-permanent residents,-4807.0
1995-01,Manitoba,Immigrants,801.0
1995-01,Manitoba,Net emigration,252.0
1995-01,Manitoba,Emigrants,311.0
1995-01,Manitoba,Returning emigrants,167.0
1995-01,Manitoba,Net temporary emigration,108.0
1995-01,Manitoba,Net non-permanent residents,126.0
1995-01,Saskatchewan,Immigrants,494.0
1995-01,Saskatchewan,Net emigration,148.0
1995-01,Saskatchewan,Emigrants,135.0
1995-01,Saskatchewan,Returning emigrants,68.0
1995-01,Saskatchewan,Net temporary emigration,81.0
1995-01,Saskatchewan,Net non-permanent residents,4.0
1995-01,Alberta,Immigrants,3391.0
1995-01,Alberta,Net emigration,1044.0
1995-01,Alberta,Emigrants,1050.0
1995-01,Alberta,Returning emigrants,503.0
1995-01,Alberta,Net temporary emigration,497.0
1995-01,Alberta,Net non-permanent residents,470.0
1995-01,British Columbia,Immigrants,10063.0
1995-01,British Columbia,Net emigration,970.0
1995-01,British Columbia,Emigrants,882.0
1995-01,British Columbia,Returning emigrants,554.0
1995-01,British Columbia,Net temporary emigration,642.0
1995-01,British Columbia,Net non-permanent residents,979.0
1995-01,Yukon,Immigrants,14.0
1995-01,Yukon,Net emigration,5.0
1995-01,Yukon,Emigrants,3.0
1995-01,Yukon,Returning emigrants,2.0
1995-01,Yukon,Net temporary emigration,4.0
1995-01,Yukon,Net non-permanent residents,29.0
1995-01,Northwest Territories,Immigrants,22.0
1995-01,Northwest Territories,Net emigration,4.0
1995-01,Northwest Territories,Emigrants,7.0
1995-01,Northwest Territories,Returning emigrants,6.0
1995-01,Northwest Territories,Net temporary emigration,3.0
1995-01,Northwest Territories,Net non-permanent residents,25.0
1995-01,Nunavut,Immigrants,3.0
1995-01,Nunavut,Net emigration,0.0
1995-01,Nunavut,Emigrants,0.0
1995-01,Nunavut,Returning emigrants,1.0
1995-01,Nunavut,Net temporary emigration,1.0
1995-01,Nunavut,Net non-permanent residents,4.0
1995-04,Canada,Immigrants,55958.0
1995-04,Canada,Net emigration,10484.0
1995-04,Canada,Emigrants,10875.0
1995-04,Canada,Returning emigrants,4921.0
1995-04,Canada,Net temporary emigration,4530.0
1995-04,Canada,Net non-permanent residents,3914.0
1995-04,Newfoundland and Labrador,Immigrants,133.0
1995-04,Newfoundland and Labrador,Net emigration,48.0
1995-04,Newfoundland and Labrador,Emigrants,62.0
1995-04,Newfoundland and Labrador,Returning emigrants,28.0
1995-04,Newfoundland and Labrador,Net temporary emigration,14.0
1995-04,Newfoundland and Labrador,Net non-permanent residents,-209.0
1995-04,Prince Edward Island,Immigrants,62.0
1995-04,Prince Edward Island,Net emigration,14.0
1995-04,Prince Edward Island,Emigrants,21.0
1995-04,Prince Edward Island,Returning emigrants,11.0
1995-04,Prince Edward Island,Net temporary emigration,4.0
1995-04,Prince Edward Island,Net non-permanent residents,18.0
1995-04,Nova Scotia,Immigrants,896.0
1995-04,Nova Scotia,Net emigration,207.0
1995-04,Nova Scotia,Emigrants,226.0
1995-04,Nova Scotia,Returning emigrants,64.0
1995-04,Nova Scotia,Net temporary emigration,45.0
1995-04,Nova Scotia,Net non-permanent residents,-180.0
1995-04,New Brunswick,Immigrants,128.0
1995-04,New Brunswick,Net emigration,110.0
1995-04,New Brunswick,Emigrants,122.0
1995-04,New Brunswick,Returning emigrants,48.0
1995-04,New Brunswick,Net temporary emigration,36.0
1995-04,New Brunswick,Net non-permanent residents,-98.0
1995-04,Quebec,Immigrants,6347.0
1995-04,Quebec,Net emigration,1954.0
1995-04,Quebec,Emigrants,1811.0
1995-04,Quebec,Returning emigrants,667.0
1995-04,Quebec,Net temporary emigration,810.0
1995-04,Quebec,Net non-permanent residents,1524.0
1995-04,Ontario,Immigrants,30828.0
1995-04,Ontario,Net emigration,5116.0
1995-04,Ontario,Emigrants,5382.0
1995-04,Ontario,Returning emigrants,2369.0
1995-04,Ontario,Net temporary emigration,2103.0
1995-04,Ontario,Net non-permanent residents,1224.0
1995-04,Manitoba,Immigrants,1027.0
1995-04,Manitoba,Net emigration,325.0
1995-04,Manitoba,Emigrants,424.0
1995-04,Manitoba,Returning emigrants,222.0
1995-04,Manitoba,Net temporary emigration,123.0
1995-04,Manitoba,Net non-permanent residents,124.0
1995-04,Saskatchewan,Immigrants,521.0
1995-04,Saskatchewan,Net emigration,185.0
1995-04,Saskatchewan,Emigrants,185.0
1995-04,Saskatchewan,Returning emigrants,92.0
1995-04,Saskatchewan,Net temporary emigration,92.0
1995-04,Saskatchewan,Net non-permanent residents,185.0
1995-04,Alberta,Immigrants,3985.0
1995-04,Alberta,Net emigration,1324.0
1995-04,Alberta,Emigrants,1429.0
1995-04,Alberta,Returning emigrants,669.0
1995-04,Alberta,Net temporary emigration,564.0
1995-04,Alberta,Net non-permanent residents,288.0
1995-04,British Columbia,Immigrants,11975.0
1995-04,British Columbia,Net emigration,1192.0
1995-04,British Columbia,Emigrants,1200.0
1995-04,British Columbia,Returning emigrants,738.0
1995-04,British Columbia,Net temporary emigration,730.0
1995-04,British Columbia,Net non-permanent residents,1011.0
1995-04,Yukon,Immigrants,32.0
1995-04,Yukon,Net emigration,4.0
1995-04,Yukon,Emigrants,4.0
1995-04,Yukon,Returning emigrants,4.0
1995-04,Yukon,Net temporary emigration,4.0
1995-04,Yukon,Net non-permanent residents,41.0
1995-04,Northwest Territories,Immigrants,21.0
1995-04,Northwest Territories,Net emigration,6.0
1995-04,Northwest Territories,Emigrants,9.0
1995-04,Northwest Territories,Returning emigrants,7.0
1995-04,Northwest Territories,Net temporary emigration,4.0
1995-04,Northwest Territories,Net non-permanent residents,-12.0
1995-04,Nunavut,Immigrants,3.0
1995-04,Nunavut,Net emigration,-1.0
1995-04,Nunavut,Emigrants,0.0
1995-04,Nunavut,Returning emigrants,2.0
1995-04,Nunavut,Net temporary emigration,1.0
1995-04,Nunavut,Net non-permanent residents,-2.0
1995-07,Canada,Immigrants,58259.0
1995-07,Canada,Net emigration,19964.0
1995-07,Canada,Emigrants,20191.0
1995-07,Canada,Returning emigrants,6814.0
1995-07,Canada,Net temporary emigration,6587.0
1995-07,Canada,Net non-permanent residents,12352.0
1995-07,Newfoundland and Labrador,Immigrants,125.0
1995-07,Newfoundland and Labrador,Net emigration,83.0
1995-07,Newfoundland and Labrador,Emigrants,92.0
1995-07,Newfoundland and Labrador,Returning emigrants,29.0
1995-07,Newfoundland and Labrador,Net temporary emigration,20.0
1995-07,Newfoundland and Labrador,Net non-permanent residents,-246.0
1995-07,Prince Edward Island,Immigrants,46.0
1995-07,Prince Edward Island,Net emigration,11.0
1995-07,Prince Edward Island,Emigrants,31.0
1995-07,Prince Edward Island,Returning emigrants,26.0
1995-07,Prince Edward Island,Net temporary emigration,6.0
1995-07,Prince Edward Island,Net non-permanent residents,46.0
1995-07,Nova Scotia,Immigrants,1365.0
1995-07,Nova Scotia,Net emigration,346.0
1995-07,Nova Scotia,Emigrants,382.0
1995-07,Nova Scotia,Returning emigrants,102.0
1995-07,Nova Scotia,Net temporary emigration,66.0
1995-07,Nova Scotia,Net non-permanent residents,213.0
1995-07,New Brunswick,Immigrants,155.0
1995-07,New Brunswick,Net emigration,135.0
1995-07,New Brunswick,Emigrants,206.0
1995-07,New Brunswick,Returning emigrants,123.0
1995-07,New Brunswick,Net temporary emigration,52.0
1995-07,New Brunswick,Net non-permanent residents,119.0
1995-07,Quebec,Immigrants,7908.0
1995-07,Quebec,Net emigration,3396.0
1995-07,Quebec,Emigrants,3287.0
1995-07,Quebec,Returning emigrants,1068.0
1995-07,Quebec,Net temporary emigration,1177.0
1995-07,Quebec,Net non-permanent residents,3486.0
1995-07,Ontario,Immigrants,31023.0
1995-07,Ontario,Net emigration,10232.0
1995-07,Ontario,Emigrants,10100.0
1995-07,Ontario,Returning emigrants,2925.0
1995-07,Ontario,Net temporary emigration,3057.0
1995-07,Ontario,Net non-permanent residents,5595.0
1995-07,Manitoba,Immigrants,871.0
1995-07,Manitoba,Net emigration,516.0
1995-07,Manitoba,Emigrants,564.0
1995-07,Manitoba,Returning emigrants,225.0
1995-07,Manitoba,Net temporary emigration,177.0
1995-07,Manitoba,Net non-permanent residents,13.0
1995-07,Saskatchewan,Immigrants,431.0
1995-07,Saskatchewan,Net emigration,440.0
1995-07,Saskatchewan,Emigrants,408.0
1995-07,Saskatchewan,Returning emigrants,102.0
1995-07,Saskatchewan,Net temporary emigration,134.0
1995-07,Saskatchewan,Net non-permanent residents,247.0
1995-07,Alberta,Immigrants,3921.0
1995-07,Alberta,Net emigration,2389.0
1995-07,Alberta,Emigrants,2641.0
1995-07,Alberta,Returning emigrants,1075.0
1995-07,Alberta,Net temporary emigration,823.0
1995-07,Alberta,Net non-permanent residents,500.0
1995-07,British Columbia,Immigrants,12345.0
1995-07,British Columbia,Net emigration,2360.0
1995-07,British Columbia,Emigrants,2427.0
1995-07,British Columbia,Returning emigrants,1128.0
1995-07,British Columbia,Net temporary emigration,1061.0
1995-07,British Columbia,Net non-permanent residents,2387.0
1995-07,Yukon,Immigrants,20.0
1995-07,Yukon,Net emigration,32.0
1995-07,Yukon,Emigrants,33.0
1995-07,Yukon,Returning emigrants,8.0
1995-07,Yukon,Net temporary emigration,7.0
1995-07,Yukon,Net non-permanent residents,-1.0
1995-07,Northwest Territories,Immigrants,46.0
1995-07,Northwest Territories,Net emigration,20.0
1995-07,Northwest Territories,Emigrants,17.0
1995-07,Northwest Territories,Returning emigrants,3.0
1995-07,Northwest Territories,Net temporary emigration,6.0
1995-07,Northwest Territories,Net non-permanent residents,-6.0
1995-07,Nunavut,Immigrants,3.0
1995-07,Nunavut,Net emigration,4.0
1995-07,Nunavut,Emigrants,3.0
1995-07,Nunavut,Returning emigrants,0.0
1995-07,Nunavut,Net temporary emigration,1.0
1995-07,Nunavut,Net non-permanent residents,-1.0
1995-10,Canada,Immigrants,47754.0
1995-10,Canada,Net emigration,12525.0
1995-10,Canada,Emigrants,11028.0
1995-10,Canada,Returning emigrants,3221.0
1995-10,Canada,Net temporary emigration,4718.0
1995-10,Canada,Net non-permanent residents,-12929.0
1995-10,Newfoundland and Labrador,Immigrants,117.0
1995-10,Newfoundland and Labrador,Net emigration,50.0
1995-10,Newfoundland and Labrador,Emigrants,51.0
1995-10,Newfoundland and Labrador,Returning emigrants,14.0
1995-10,Newfoundland and Labrador,Net temporary emigration,13.0
1995-10,Newfoundland and Labrador,Net non-permanent residents,-191.0
1995-10,Prince Edward Island,Immigrants,21.0
1995-10,Prince Edward Island,Net emigration,10.0
1995-10,Prince Edward Island,Emigrants,17.0
1995-10,Prince Edward Island,Returning emigrants,11.0
1995-10,Prince Edward Island,Net temporary emigration,4.0
1995-10,Prince Edward Island,Net non-permanent residents,-7.0
1995-10,Nova Scotia,Immigrants,575.0
1995-10,Nova Scotia,Net emigration,209.0
1995-10,Nova Scotia,Emigrants,208.0
1995-10,Nova Scotia,Returning emigrants,47.0
1995-10,Nova Scotia,Net temporary emigration,48.0
1995-10,Nova Scotia,Net non-permanent residents,-110.0
1995-10,New Brunswick,Immigrants,170.0
1995-10,New Brunswick,Net emigration,91.0
1995-10,New Brunswick,Emigrants,112.0
1995-10,New Brunswick,Returning emigrants,58.0
1995-10,New Brunswick,Net temporary emigration,37.0
1995-10,New Brunswick,Net non-permanent residents,-37.0
1995-10,Quebec,Immigrants,6643.0
1995-10,Quebec,Net emigration,2134.0
1995-10,Quebec,Emigrants,1796.0
1995-10,Quebec,Returning emigrants,505.0
1995-10,Quebec,Net temporary emigration,843.0
1995-10,Quebec,Net non-permanent residents,141.0
1995-10,Ontario,Immigrants,25488.0
1995-10,Ontario,Net emigration,6322.0
1995-10,Ontario,Emigrants,5517.0
1995-10,Ontario,Returning emigrants,1385.0
1995-10,Ontario,Net temporary emigration,2190.0
1995-10,Ontario,Net non-permanent residents,-12243.0
1995-10,Manitoba,Immigrants,906.0
1995-10,Manitoba,Net emigration,329.0
1995-10,Manitoba,Emigrants,308.0
1995-10,Manitoba,Returning emigrants,106.0
1995-10,Manitoba,Net temporary emigration,127.0
1995-10,Manitoba,Net non-permanent residents,-390.0
1995-10,Saskatchewan,Immigrants,503.0
1995-10,Saskatchewan,Net emigration,270.0
1995-10,Saskatchewan,Emigrants,222.0
1995-10,Saskatchewan,Returning emigrants,47.0
1995-10,Saskatchewan,Net temporary emigration,95.0
1995-10,Saskatchewan,Net non-permanent residents,-230.0
1995-10,Alberta,Immigrants,3063.0
1995-10,Alberta,Net emigration,1523.0
1995-10,Alberta,Emigrants,1443.0
1995-10,Alberta,Returning emigrants,509.0
1995-10,Alberta,Net temporary emigration,589.0
1995-10,Alberta,Net non-permanent residents,-551.0
1995-10,British Columbia,Immigrants,10220.0
1995-10,British Columbia,Net emigration,1553.0
1995-10,British Columbia,Emigrants,1325.0
1995-10,British Columbia,Returning emigrants,533.0
1995-10,British Columbia,Net temporary emigration,761.0
1995-10,British Columbia,Net non-permanent residents,739.0
1995-10,Yukon,Immigrants,28.0
1995-10,Yukon,Net emigration,20.0
1995-10,Yukon,Emigrants,18.0
1995-10,Yukon,Returning emigrants,4.0
1995-10,Yukon,Net temporary emigration,6.0
1995-10,Yukon,Net non-permanent residents,-46.0
1995-10,Northwest Territories,Immigrants,19.0
1995-10,Northwest Territories,Net emigration,12.0
1995-10,Northwest Territories,Emigrants,10.0
1995-10,Northwest Territories,Returning emigrants,2.0
1995-10,Northwest Territories,Net temporary emigration,4.0
1995-10,Northwest Territories,Net non-permanent residents,-3.0
1995-10,Nunavut,Immigrants,1.0
1995-10,Nunavut,Net emigration,2.0
1995-10,Nunavut,Emigrants,1.0
1995-10,Nunavut,Returning emigrants,0.0
1995-10,Nunavut,Net temporary emigration,1.0
1995-10,Nunavut,Net non-permanent residents,-1.0
1996-01,Canada,Immigrants,51288.0
1996-01,Canada,Net emigration,8006.0
1996-01,Canada,Emigrants,7126.0
1996-01,Canada,Returning emigrants,3041.0
1996-01,Canada,Net temporary emigration,3921.0
1996-01,Canada,Net non-permanent residents,-3960.0
1996-01,Newfoundland and Labrador,Immigrants,155.0
1996-01,Newfoundland and Labrador,Net emigration,33.0
1996-01,Newfoundland and Labrador,Emigrants,33.0
1996-01,Newfoundland and Labrador,Returning emigrants,12.0
1996-01,Newfoundland and Labrador,Net temporary emigration,12.0
1996-01,Newfoundland and Labrador,Net non-permanent residents,-119.0
1996-01,Prince Edward Island,Immigrants,25.0
1996-01,Prince Edward Island,Net emigration,3.0
1996-01,Prince Edward Island,Emigrants,11.0
1996-01,Prince Edward Island,Returning emigrants,11.0
1996-01,Prince Edward Island,Net temporary emigration,3.0
1996-01,Prince Edward Island,Net non-permanent residents,16.0
1996-01,Nova Scotia,Immigrants,629.0
1996-01,Nova Scotia,Net emigration,129.0
1996-01,Nova Scotia,Emigrants,135.0
1996-01,Nova Scotia,Returning emigrants,46.0
1996-01,Nova Scotia,Net temporary emigration,40.0
1996-01,Nova Scotia,Net non-permanent residents,-4.0
1996-01,New Brunswick,Immigrants,134.0
1996-01,New Brunswick,Net emigration,48.0
1996-01,New Brunswick,Emigrants,72.0
1996-01,New Brunswick,Returning emigrants,55.0
1996-01,New Brunswick,Net temporary emigration,31.0
1996-01,New Brunswick,Net non-permanent residents,11.0
1996-01,Quebec,Immigrants,6327.0
1996-01,Quebec,Net emigration,1385.0
1996-01,Quebec,Emigrants,1161.0
1996-01,Quebec,Returning emigrants,476.0
1996-01,Quebec,Net temporary emigration,700.0
1996-01,Quebec,Net non-permanent residents,196.0
1996-01,Ontario,Immigrants,27378.0
1996-01,Ontario,Net emigration,4078.0
1996-01,Ontario,Emigrants,3564.0
1996-01,Ontario,Returning emigrants,1305.0
1996-01,Ontario,Net temporary emigration,1819.0
1996-01,Ontario,Net non-permanent residents,-5981.0
1996-01,Manitoba,Immigrants,828.0
1996-01,Manitoba,Net emigration,204.0
1996-01,Manitoba,Emigrants,199.0
1996-01,Manitoba,Returning emigrants,101.0
1996-01,Manitoba,Net temporary emigration,106.0
1996-01,Manitoba,Net non-permanent residents,34.0
1996-01,Saskatchewan,Immigrants,411.0
1996-01,Saskatchewan,Net emigration,177.0
1996-01,Saskatchewan,Emigrants,143.0
1996-01,Saskatchewan,Returning emigrants,46.0
1996-01,Saskatchewan,Net temporary emigration,80.0
1996-01,Saskatchewan,Net non-permanent residents,46.0
1996-01,Alberta,Immigrants,3160.0
1996-01,Alberta,Net emigration,943.0
1996-01,Alberta,Emigrants,933.0
1996-01,Alberta,Returning emigrants,480.0
1996-01,Alberta,Net temporary emigration,490.0
1996-01,Alberta,Net non-permanent residents,57.0
1996-01,British Columbia,Immigrants,12197.0
1996-01,British Columbia,Net emigration,985.0
1996-01,British Columbia,Emigrants,856.0
1996-01,British Columbia,Returning emigrants,503.0
1996-01,British Columbia,Net temporary emigration,632.0
1996-01,British Columbia,Net non-permanent residents,1777.0
1996-01,Yukon,Immigrants,16.0
1996-01,Yukon,Net emigration,12.0
1996-01,Yukon,Emigrants,12.0
1996-01,Yukon,Returning emigrants,4.0
1996-01,Yukon,Net temporary emigration,4.0
1996-01,Yukon,Net non-permanent residents,-3.0
1996-01,Northwest Territories,Immigrants,26.0
1996-01,Northwest Territories,Net emigration,8.0
1996-01,Northwest Territories,Emigrants,7.0
1996-01,Northwest Territories,Returning emigrants,2.0
1996-01,Northwest Territories,Net temporary emigration,3.0
1996-01,Northwest Territories,Net non-permanent residents,8.0
1996-01,Nunavut,Immigrants,2.0
1996-01,Nunavut,Net emigration,1.0
1996-01,Nunavut,Emigrants,0.0
1996-01,Nunavut,Returning emigrants,0.0
1996-01,Nunavut,Net temporary emigration,1.0
1996-01,Nunavut,Net non-permanent residents,2.0
1996-04,Canada,Immigrants,60177.0
1996-04,Canada,Net emigration,8611.0
1996-04,Canada,Emigrants,10051.0
1996-04,Canada,Returning emigrants,5959.0
1996-04,Canada,Net temporary emigration,4519.0
1996-04,Canada,Net non-permanent residents,3711.0
1996-04,Newfoundland and Labrador,Immigrants,160.0
1996-04,Newfoundland and Labrador,Net emigration,37.0
1996-04,Newfoundland and Labrador,Emigrants,47.0
1996-04,Newfoundland and Labrador,Returning emigrants,24.0
1996-04,Newfoundland and Labrador,Net temporary emigration,14.0
1996-04,Newfoundland and Labrador,Net non-permanent residents,-78.0
1996-04,Prince Edward Island,Immigrants,35.0
1996-04,Prince Edward Island,Net emigration,-3.0
1996-04,Prince Edward Island,Emigrants,16.0
1996-04,Prince Edward Island,Returning emigrants,23.0
1996-04,Prince Edward Island,Net temporary emigration,4.0
1996-04,Prince Edward Island,Net non-permanent residents,55.0
1996-04,Nova Scotia,Immigrants,828.0
1996-04,Nova Scotia,Net emigration,147.0
1996-04,Nova Scotia,Emigrants,190.0
1996-04,Nova Scotia,Returning emigrants,89.0
1996-04,Nova Scotia,Net temporary emigration,46.0
1996-04,Nova Scotia,Net non-permanent residents,55.0
1996-04,New Brunswick,Immigrants,187.0
1996-04,New Brunswick,Net emigration,31.0
1996-04,New Brunswick,Emigrants,103.0
1996-04,New Brunswick,Returning emigrants,107.0
1996-04,New Brunswick,Net temporary emigration,35.0
1996-04,New Brunswick,Net non-permanent residents,-94.0
1996-04,Quebec,Immigrants,8612.0
1996-04,Quebec,Net emigration,1511.0
1996-04,Quebec,Emigrants,1637.0
1996-04,Quebec,Returning emigrants,934.0
1996-04,Quebec,Net temporary emigration,808.0
1996-04,Quebec,Net non-permanent residents,-1124.0
1996-04,Ontario,Immigrants,32072.0
1996-04,Ontario,Net emigration,4566.0
1996-04,Ontario,Emigrants,5027.0
1996-04,Ontario,Returning emigrants,2558.0
1996-04,Ontario,Net temporary emigration,2097.0
1996-04,Ontario,Net non-permanent residents,2913.0
1996-04,Manitoba,Immigrants,1061.0
1996-04,Manitoba,Net emigration,206.0
1996-04,Manitoba,Emigrants,281.0
1996-04,Manitoba,Returning emigrants,197.0
1996-04,Manitoba,Net temporary emigration,122.0
1996-04,Manitoba,Net non-permanent residents,134.0
1996-04,Saskatchewan,Immigrants,480.0
1996-04,Saskatchewan,Net emigration,206.0
1996-04,Saskatchewan,Emigrants,203.0
1996-04,Saskatchewan,Returning emigrants,89.0
1996-04,Saskatchewan,Net temporary emigration,92.0
1996-04,Saskatchewan,Net non-permanent residents,323.0
1996-04,Alberta,Immigrants,3726.0
1996-04,Alberta,Net emigration,937.0
1996-04,Alberta,Emigrants,1314.0
1996-04,Alberta,Returning emigrants,941.0
1996-04,Alberta,Net temporary emigration,564.0
1996-04,Alberta,Net non-permanent residents,867.0
1996-04,British Columbia,Immigrants,12966.0
1996-04,British Columbia,Net emigration,948.0
1996-04,British Columbia,Emigrants,1207.0
1996-04,British Columbia,Returning emigrants,987.0
1996-04,British Columbia,Net temporary emigration,728.0
1996-04,British Columbia,Net non-permanent residents,567.0
1996-04,Yukon,Immigrants,25.0
1996-04,Yukon,Net emigration,13.0
1996-04,Yukon,Emigrants,16.0
1996-04,Yukon,Returning emigrants,7.0
1996-04,Yukon,Net temporary emigration,4.0
1996-04,Yukon,Net non-permanent residents,47.0
1996-04,Northwest Territories,Immigrants,23.0
1996-04,Northwest Territories,Net emigration,10.0
1996-04,Northwest Territories,Emigrants,9.0
1996-04,Northwest Territories,Returning emigrants,3.0
1996-04,Northwest Territories,Net temporary emigration,4.0
1996-04,Northwest Territories,Net non-permanent residents,38.0
1996-04,Nunavut,Immigrants,2.0
1996-04,Nunavut,Net emigration,2.0
1996-04,Nunavut,Emigrants,1.0
1996-04,Nunavut,Returning emigrants,0.0
1996-04,Nunavut,Net temporary emigration,1.0
1996-04,Nunavut,Net non-permanent residents,8.0
1996-07,Canada,Immigrants,62750.0
1996-07,Canada,Net emigration,18474.0
1996-07,Canada,Emigrants,18995.0
1996-07,Canada,Returning emigrants,8313.0
1996-07,Canada,Net temporary emigration,7792.0
1996-07,Canada,Net non-permanent residents,11482.0
1996-07,Newfoundland and Labrador,Immigrants,163.0
1996-07,Newfoundland and Labrador,Net emigration,63.0
1996-07,Newfoundland and Labrador,Emigrants,68.0
1996-07,Newfoundland and Labrador,Returning emigrants,37.0
1996-07,Newfoundland and Labrador,Net temporary emigration,32.0
1996-07,Newfoundland and Labrador,Net non-permanent residents,12.0
1996-07,Prince Edward Island,Immigrants,47.0
1996-07,Prince Edward Island,Net emigration,5.0
1996-07,Prince Edward Island,Emigrants,20.0
1996-07,Prince Edward Island,Returning emigrants,26.0
1996-07,Prince Edward Island,Net temporary emigration,11.0
1996-07,Prince Edward Island,Net non-permanent residents,46.0
1996-07,Nova Scotia,Immigrants,1150.0
1996-07,Nova Scotia,Net emigration,273.0
1996-07,Nova Scotia,Emigrants,276.0
1996-07,Nova Scotia,Returning emigrants,118.0
1996-07,Nova Scotia,Net temporary emigration,115.0
1996-07,Nova Scotia,Net non-permanent residents,325.0
1996-07,New Brunswick,Immigrants,229.0
1996-07,New Brunswick,Net emigration,58.0
1996-07,New Brunswick,Emigrants,137.0
1996-07,New Brunswick,Returning emigrants,147.0
1996-07,New Brunswick,Net temporary emigration,68.0
1996-07,New Brunswick,Net non-permanent residents,85.0
1996-07,Quebec,Immigrants,7656.0
1996-07,Quebec,Net emigration,3377.0
1996-07,Quebec,Emigrants,3389.0
1996-07,Quebec,Returning emigrants,1254.0
1996-07,Quebec,Net temporary emigration,1242.0
1996-07,Quebec,Net non-permanent residents,2278.0
1996-07,Ontario,Immigrants,33189.0
1996-07,Ontario,Net emigration,8521.0
1996-07,Ontario,Emigrants,8933.0
1996-07,Ontario,Returning emigrants,3650.0
1996-07,Ontario,Net temporary emigration,3238.0
1996-07,Ontario,Net non-permanent residents,5871.0
1996-07,Manitoba,Immigrants,944.0
1996-07,Manitoba,Net emigration,550.0
1996-07,Manitoba,Emigrants,666.0
1996-07,Manitoba,Returning emigrants,288.0
1996-07,Manitoba,Net temporary emigration,172.0
1996-07,Manitoba,Net non-permanent residents,-69.0
1996-07,Saskatchewan,Immigrants,559.0
1996-07,Saskatchewan,Net emigration,366.0
1996-07,Saskatchewan,Emigrants,333.0
1996-07,Saskatchewan,Returning emigrants,123.0
1996-07,Saskatchewan,Net temporary emigration,156.0
1996-07,Saskatchewan,Net non-permanent residents,217.0
1996-07,Alberta,Immigrants,4037.0
1996-07,Alberta,Net emigration,2129.0
1996-07,Alberta,Emigrants,2538.0
1996-07,Alberta,Returning emigrants,1303.0
1996-07,Alberta,Net temporary emigration,894.0
1996-07,Alberta,Net non-permanent residents,940.0
1996-07,British Columbia,Immigrants,14724.0
1996-07,British Columbia,Net emigration,3110.0
1996-07,British Columbia,Emigrants,2610.0
1996-07,British Columbia,Returning emigrants,1349.0
1996-07,British Columbia,Net temporary emigration,1849.0
1996-07,British Columbia,Net non-permanent residents,1787.0
1996-07,Yukon,Immigrants,20.0
1996-07,Yukon,Net emigration,2.0
1996-07,Yukon,Emigrants,8.0
1996-07,Yukon,Returning emigrants,13.0
1996-07,Yukon,Net temporary emigration,7.0
1996-07,Yukon,Net non-permanent residents,-3.0
1996-07,Northwest Territories,Immigrants,26.0
1996-07,Northwest Territories,Net emigration,13.0
1996-07,Northwest Territories,Emigrants,12.0
1996-07,Northwest Territories,Returning emigrants,5.0
1996-07,Northwest Territories,Net temporary emigration,6.0
1996-07,Northwest Territories,Net non-permanent residents,-5.0
1996-07,Nunavut,Immigrants,6.0
1996-07,Nunavut,Net emigration,7.0
1996-07,Nunavut,Emigrants,5.0
1996-07,Nunavut,Returning emigrants,0.0
1996-07,Nunavut,Net temporary emigration,2.0
1996-07,Nunavut,Net non-permanent residents,-2.0
1996-10,Canada,Immigrants,51846.0
1996-10,Canada,Net emigration,14750.0
1996-10,Canada,Emigrants,11666.0
1996-10,Canada,Returning emigrants,2935.0
1996-10,Canada,Net temporary emigration,6019.0
1996-10,Canada,Net non-permanent residents,-20900.0
1996-10,Newfoundland and Labrador,Immigrants,107.0
1996-10,Newfoundland and Labrador,Net emigration,53.0
1996-10,Newfoundland and Labrador,Emigrants,41.0
1996-10,Newfoundland and Labrador,Returning emigrants,13.0
1996-10,Newfoundland and Labrador,Net temporary emigration,25.0
1996-10,Newfoundland and Labrador,Net non-permanent residents,-226.0
1996-10,Prince Edward Island,Immigrants,47.0
1996-10,Prince Edward Island,Net emigration,14.0
1996-10,Prince Edward Island,Emigrants,13.0
1996-10,Prince Edward Island,Returning emigrants,8.0
1996-10,Prince Edward Island,Net temporary emigration,9.0
1996-10,Prince Edward Island,Net non-permanent residents,-40.0
1996-10,Nova Scotia,Immigrants,618.0
1996-10,Nova Scotia,Net emigration,216.0
1996-10,Nova Scotia,Emigrants,169.0
1996-10,Nova Scotia,Returning emigrants,41.0
1996-10,Nova Scotia,Net temporary emigration,88.0
1996-10,Nova Scotia,Net non-permanent residents,-417.0
1996-10,New Brunswick,Immigrants,168.0
1996-10,New Brunswick,Net emigration,85.0
1996-10,New Brunswick,Emigrants,84.0
1996-10,New Brunswick,Returning emigrants,52.0
1996-10,New Brunswick,Net temporary emigration,53.0
1996-10,New Brunswick,Net non-permanent residents,-113.0
1996-10,Quebec,Immigrants,7211.0
1996-10,Quebec,Net emigration,2598.0
1996-10,Quebec,Emigrants,2082.0
1996-10,Quebec,Returning emigrants,443.0
1996-10,Quebec,Net temporary emigration,959.0
1996-10,Quebec,Net non-permanent residents,-2492.0
1996-10,Ontario,Immigrants,27080.0
1996-10,Ontario,Net emigration,6697.0
1996-10,Ontario,Emigrants,5487.0
1996-10,Ontario,Returning emigrants,1290.0
1996-10,Ontario,Net temporary emigration,2500.0
1996-10,Ontario,Net non-permanent residents,-15036.0
1996-10,Manitoba,Immigrants,1095.0
1996-10,Manitoba,Net emigration,441.0
1996-10,Manitoba,Emigrants,410.0
1996-10,Manitoba,Returning emigrants,101.0
1996-10,Manitoba,Net temporary emigration,132.0
1996-10,Manitoba,Net non-permanent residents,-354.0
1996-10,Saskatchewan,Immigrants,369.0
1996-10,Saskatchewan,Net emigration,282.0
1996-10,Saskatchewan,Emigrants,204.0
1996-10,Saskatchewan,Returning emigrants,43.0
1996-10,Saskatchewan,Net temporary emigration,121.0
1996-10,Saskatchewan,Net non-permanent residents,-422.0
1996-10,Alberta,Immigrants,2966.0
1996-10,Alberta,Net emigration,1788.0
1996-10,Alberta,Emigrants,1559.0
1996-10,Alberta,Returning emigrants,462.0
1996-10,Alberta,Net temporary emigration,691.0
1996-10,Alberta,Net non-permanent residents,-808.0
1996-10,British Columbia,Immigrants,12138.0
1996-10,British Columbia,Net emigration,2555.0
1996-10,British Columbia,Emigrants,1603.0
1996-10,British Columbia,Returning emigrants,477.0
1996-10,British Columbia,Net temporary emigration,1429.0
1996-10,British Columbia,Net non-permanent residents,-941.0
1996-10,Yukon,Immigrants,33.0
1996-10,Yukon,Net emigration,6.0
1996-10,Yukon,Emigrants,4.0
1996-10,Yukon,Returning emigrants,4.0
1996-10,Yukon,Net temporary emigration,6.0
1996-10,Yukon,Net non-permanent residents,-38.0
1996-10,Northwest Territories,Immigrants,12.0
1996-10,Northwest Territories,Net emigration,10.0
1996-10,Northwest Territories,Emigrants,7.0
1996-10,Northwest Territories,Returning emigrants,1.0
1996-10,Northwest Territories,Net temporary emigration,4.0
1996-10,Northwest Territories,Net non-permanent residents,-11.0
1996-10,Nunavut,Immigrants,2.0
1996-10,Nunavut,Net emigration,5.0
1996-10,Nunavut,Emigrants,3.0
1996-10,Nunavut,Returning emigrants,0.0
1996-10,Nunavut,Net temporary emigration,2.0
1996-10,Nunavut,Net non-permanent residents,-2.0
1997-01,Canada,Immigrants,52844.0
1997-01,Canada,Net emigration,11770.0
1997-01,Canada,Emigrants,9234.0
1997-01,Canada,Returning emigrants,2895.0
1997-01,Canada,Net temporary emigration,5431.0
1997-01,Canada,Net non-permanent residents,2006.0
1997-01,Newfoundland and Labrador,Immigrants,100.0
1997-01,Newfoundland and Labrador,Net emigration,41.0
1997-01,Newfoundland and Labrador,Emigrants,32.0
1997-01,Newfoundland and Labrador,Returning emigrants,13.0
1997-01,Newfoundland and Labrador,Net temporary emigration,22.0
1997-01,Newfoundland and Labrador,Net non-permanent residents,-27.0
1997-01,Prince Edward Island,Immigrants,31.0
1997-01,Prince Edward Island,Net emigration,9.0
1997-01,Prince Edward Island,Emigrants,10.0
1997-01,Prince Edward Island,Returning emigrants,8.0
1997-01,Prince Edward Island,Net temporary emigration,7.0
1997-01,Prince Edward Island,Net non-permanent residents,-39.0
1997-01,Nova Scotia,Immigrants,613.0
1997-01,Nova Scotia,Net emigration,173.0
1997-01,Nova Scotia,Emigrants,135.0
1997-01,Nova Scotia,Returning emigrants,42.0
1997-01,Nova Scotia,Net temporary emigration,80.0
1997-01,Nova Scotia,Net non-permanent residents,81.0
1997-01,New Brunswick,Immigrants,128.0
1997-01,New Brunswick,Net emigration,64.0
1997-01,New Brunswick,Emigrants,67.0
1997-01,New Brunswick,Returning emigrants,50.0
1997-01,New Brunswick,Net temporary emigration,47.0
1997-01,New Brunswick,Net non-permanent residents,74.0
1997-01,Quebec,Immigrants,6118.0
1997-01,Quebec,Net emigration,2077.0
1997-01,Quebec,Emigrants,1647.0
1997-01,Quebec,Returning emigrants,436.0
1997-01,Quebec,Net temporary emigration,866.0
1997-01,Quebec,Net non-permanent residents,-248.0
1997-01,Ontario,Immigrants,27945.0
1997-01,Ontario,Net emigration,5324.0
1997-01,Ontario,Emigrants,4341.0
1997-01,Ontario,Returning emigrants,1274.0
1997-01,Ontario,Net temporary emigration,2257.0
1997-01,Ontario,Net non-permanent residents,351.0
1997-01,Manitoba,Immigrants,875.0
1997-01,Manitoba,Net emigration,343.0
1997-01,Manitoba,Emigrants,324.0
1997-01,Manitoba,Returning emigrants,100.0
1997-01,Manitoba,Net temporary emigration,119.0
1997-01,Manitoba,Net non-permanent residents,42.0
1997-01,Saskatchewan,Immigrants,409.0
1997-01,Saskatchewan,Net emigration,230.0
1997-01,Saskatchewan,Emigrants,162.0
1997-01,Saskatchewan,Returning emigrants,42.0
1997-01,Saskatchewan,Net temporary emigration,110.0
1997-01,Saskatchewan,Net non-permanent residents,40.0
1997-01,Alberta,Immigrants,3262.0
1997-01,Alberta,Net emigration,1404.0
1997-01,Alberta,Emigrants,1234.0
1997-01,Alberta,Returning emigrants,454.0
1997-01,Alberta,Net temporary emigration,624.0
1997-01,Alberta,Net non-permanent residents,591.0
1997-01,British Columbia,Immigrants,13329.0
1997-01,British Columbia,Net emigration,2088.0
1997-01,British Columbia,Emigrants,1269.0
1997-01,British Columbia,Returning emigrants,470.0
1997-01,British Columbia,Net temporary emigration,1289.0
1997-01,British Columbia,Net non-permanent residents,1138.0
1997-01,Yukon,Immigrants,16.0
1997-01,Yukon,Net emigration,5.0
1997-01,Yukon,Emigrants,4.0
1997-01,Yukon,Returning emigrants,4.0
1997-01,Yukon,Net temporary emigration,5.0
1997-01,Yukon,Net non-permanent residents,-18.0
1997-01,Northwest Territories,Immigrants,14.0
1997-01,Northwest Territories,Net emigration,7.0
1997-01,Northwest Territories,Emigrants,6.0
1997-01,Northwest Territories,Returning emigrants,2.0
1997-01,Northwest Territories,Net temporary emigration,3.0
1997-01,Northwest Territories,Net non-permanent residents,18.0
1997-01,Nunavut,Immigrants,4.0
1997-01,Nunavut,Net emigration,5.0
1997-01,Nunavut,Emigrants,3.0
1997-01,Nunavut,Returning emigrants,0.0
1997-01,Nunavut,Net temporary emigration,2.0
1997-01,Nunavut,Net non-permanent residents,3.0
1997-04,Canada,Immigrants,57417.0
1997-04,Canada,Net emigration,14429.0
1997-04,Canada,Emigrants,12920.0
1997-04,Canada,Returning emigrants,4813.0
1997-04,Canada,Net temporary emigration,6322.0
1997-04,Canada,Net non-permanent residents,7594.0
1997-04,Newfoundland and Labrador,Immigrants,109.0
1997-04,Newfoundland and Labrador,Net emigration,51.0
1997-04,Newfoundland and Labrador,Emigrants,46.0
1997-04,Newfoundland and Labrador,Returning emigrants,21.0
1997-04,Newfoundland and Labrador,Net temporary emigration,26.0
1997-04,Newfoundland and Labrador,Net non-permanent residents,230.0
1997-04,Prince Edward Island,Immigrants,60.0
1997-04,Prince Edward Island,Net emigration,8.0
1997-04,Prince Edward Island,Emigrants,14.0
1997-04,Prince Edward Island,Returning emigrants,15.0
1997-04,Prince Edward Island,Net temporary emigration,9.0
1997-04,Prince Edward Island,Net non-permanent residents,-22.0
1997-04,Nova Scotia,Immigrants,730.0
1997-04,Nova Scotia,Net emigration,212.0
1997-04,Nova Scotia,Emigrants,188.0
1997-04,Nova Scotia,Returning emigrants,69.0
1997-04,Nova Scotia,Net temporary emigration,93.0
1997-04,Nova Scotia,Net non-permanent residents,117.0
1997-04,New Brunswick,Immigrants,148.0
1997-04,New Brunswick,Net emigration,62.0
1997-04,New Brunswick,Emigrants,92.0
1997-04,New Brunswick,Returning emigrants,85.0
1997-04,New Brunswick,Net temporary emigration,55.0
1997-04,New Brunswick,Net non-permanent residents,-19.0
1997-04,Quebec,Immigrants,7006.0
1997-04,Quebec,Net emigration,2588.0
1997-04,Quebec,Emigrants,2306.0
1997-04,Quebec,Returning emigrants,726.0
1997-04,Quebec,Net temporary emigration,1008.0
1997-04,Quebec,Net non-permanent residents,-492.0
1997-04,Ontario,Immigrants,31187.0
1997-04,Ontario,Net emigration,6588.0
1997-04,Ontario,Emigrants,6077.0
1997-04,Ontario,Returning emigrants,2115.0
1997-04,Ontario,Net temporary emigration,2626.0
1997-04,Ontario,Net non-permanent residents,5658.0
1997-04,Manitoba,Immigrants,1116.0
1997-04,Manitoba,Net emigration,425.0
1997-04,Manitoba,Emigrants,453.0
1997-04,Manitoba,Returning emigrants,167.0
1997-04,Manitoba,Net temporary emigration,139.0
1997-04,Manitoba,Net non-permanent residents,325.0
1997-04,Saskatchewan,Immigrants,438.0
1997-04,Saskatchewan,Net emigration,282.0
1997-04,Saskatchewan,Emigrants,226.0
1997-04,Saskatchewan,Returning emigrants,71.0
1997-04,Saskatchewan,Net temporary emigration,127.0
1997-04,Saskatchewan,Net non-permanent residents,273.0
1997-04,Alberta,Immigrants,3518.0
1997-04,Alberta,Net emigration,1699.0
1997-04,Alberta,Emigrants,1727.0
1997-04,Alberta,Returning emigrants,754.0
1997-04,Alberta,Net temporary emigration,726.0
1997-04,Alberta,Net non-permanent residents,653.0
1997-04,British Columbia,Immigrants,13044.0
1997-04,British Columbia,Net emigration,2496.0
1997-04,British Columbia,Emigrants,1775.0
1997-04,British Columbia,Returning emigrants,780.0
1997-04,British Columbia,Net temporary emigration,1501.0
1997-04,British Columbia,Net non-permanent residents,832.0
1997-04,Yukon,Immigrants,28.0
1997-04,Yukon,Net emigration,4.0
1997-04,Yukon,Emigrants,5.0
1997-04,Yukon,Returning emigrants,7.0
1997-04,Yukon,Net temporary emigration,6.0
1997-04,Yukon,Net non-permanent residents,29.0
1997-04,Northwest Territories,Immigrants,27.0
1997-04,Northwest Territories,Net emigration,8.0
1997-04,Northwest Territories,Emigrants,7.0
1997-04,Northwest Territories,Returning emigrants,3.0
1997-04,Northwest Territories,Net temporary emigration,4.0
1997-04,Northwest Territories,Net non-permanent residents,7.0
1997-04,Nunavut,Immigrants,6.0
1997-04,Nunavut,Net emigration,6.0
1997-04,Nunavut,Emigrants,4.0
1997-04,Nunavut,Returning emigrants,0.0
1997-04,Nunavut,Net temporary emigration,2.0
1997-04,Nunavut,Net non-permanent residents,3.0
1997-07,Canada,Immigrants,60845.0
1997-07,Canada,Net emigration,21788.0
1997-07,Canada,Emigrants,20201.0
1997-07,Canada,Returning emigrants,6591.0
1997-07,Canada,Net temporary emigration,8178.0
1997-07,Canada,Net non-permanent residents,12484.0
1997-07,Newfoundland and Labrador,Immigrants,112.0
1997-07,Newfoundland and Labrador,Net emigration,126.0
1997-07,Newfoundland and Labrador,Emigrants,116.0
1997-07,Newfoundland and Labrador,Returning emigrants,24.0
1997-07,Newfoundland and Labrador,Net temporary emigration,34.0
1997-07,Newfoundland and Labrador,Net non-permanent residents,5.0
1997-07,Prince Edward Island,Immigrants,22.0
1997-07,Prince Edward Island,Net emigration,24.0
1997-07,Prince Edward Island,Emigrants,35.0
1997-07,Prince Edward Island,Returning emigrants,22.0
1997-07,Prince Edward Island,Net temporary emigration,11.0
1997-07,Prince Edward Island,Net non-permanent residents,8.0
1997-07,Nova Scotia,Immigrants,965.0
1997-07,Nova Scotia,Net emigration,332.0
1997-07,Nova Scotia,Emigrants,309.0
1997-07,Nova Scotia,Returning emigrants,96.0
1997-07,Nova Scotia,Net temporary emigration,119.0
1997-07,Nova Scotia,Net non-permanent residents,232.0
1997-07,New Brunswick,Immigrants,205.0
1997-07,New Brunswick,Net emigration,160.0
1997-07,New Brunswick,Emigrants,220.0
1997-07,New Brunswick,Returning emigrants,131.0
1997-07,New Brunswick,Net temporary emigration,71.0
1997-07,New Brunswick,Net non-permanent residents,179.0
1997-07,Quebec,Immigrants,8002.0
1997-07,Quebec,Net emigration,3895.0
1997-07,Quebec,Emigrants,3598.0
1997-07,Quebec,Returning emigrants,1006.0
1997-07,Quebec,Net temporary emigration,1303.0
1997-07,Quebec,Net non-permanent residents,1944.0
1997-07,Ontario,Immigrants,33992.0
1997-07,Ontario,Net emigration,9551.0
1997-07,Ontario,Emigrants,8971.0
1997-07,Ontario,Returning emigrants,2822.0
1997-07,Ontario,Net temporary emigration,3402.0
1997-07,Ontario,Net non-permanent residents,7776.0
1997-07,Manitoba,Immigrants,958.0
1997-07,Manitoba,Net emigration,637.0
1997-07,Manitoba,Emigrants,688.0
1997-07,Manitoba,Returning emigrants,230.0
1997-07,Manitoba,Net temporary emigration,179.0
1997-07,Manitoba,Net non-permanent residents,103.0
1997-07,Saskatchewan,Immigrants,446.0
1997-07,Saskatchewan,Net emigration,417.0
1997-07,Saskatchewan,Emigrants,357.0
1997-07,Saskatchewan,Returning emigrants,104.0
1997-07,Saskatchewan,Net temporary emigration,164.0
1997-07,Saskatchewan,Net non-permanent residents,233.0
1997-07,Alberta,Immigrants,3318.0
1997-07,Alberta,Net emigration,2531.0
1997-07,Alberta,Emigrants,2658.0
1997-07,Alberta,Returning emigrants,1065.0
1997-07,Alberta,Net temporary emigration,938.0
1997-07,Alberta,Net non-permanent residents,936.0
1997-07,British Columbia,Immigrants,12782.0
1997-07,British Columbia,Net emigration,4054.0
1997-07,British Columbia,Emigrants,3193.0
1997-07,British Columbia,Returning emigrants,1080.0
1997-07,British Columbia,Net temporary emigration,1941.0
1997-07,British Columbia,Net non-permanent residents,1055.0
1997-07,Yukon,Immigrants,14.0
1997-07,Yukon,Net emigration,32.0
1997-07,Yukon,Emigrants,31.0
1997-07,Yukon,Returning emigrants,7.0
1997-07,Yukon,Net temporary emigration,8.0
1997-07,Yukon,Net non-permanent residents,13.0
1997-07,Northwest Territories,Immigrants,24.0
1997-07,Northwest Territories,Net emigration,20.0
1997-07,Northwest Territories,Emigrants,18.0
1997-07,Northwest Territories,Returning emigrants,4.0
1997-07,Northwest Territories,Net temporary emigration,6.0
1997-07,Northwest Territories,Net non-permanent residents,1.0
1997-07,Nunavut,Immigrants,5.0
1997-07,Nunavut,Net emigration,9.0
1997-07,Nunavut,Emigrants,7.0
1997-07,Nunavut,Returning emigrants,0.0
1997-07,Nunavut,Net temporary emigration,2.0
1997-07,Nunavut,Net non-permanent residents,-1.0
1997-10,Canada,Immigrants,44928.0
1997-10,Canada,Net emigration,14816.0
1997-10,Canada,Emigrants,11908.0
1997-10,Canada,Returning emigrants,3224.0
1997-10,Canada,Net temporary emigration,6132.0
1997-10,Canada,Net non-permanent residents,-21293.0
1997-10,Newfoundland and Labrador,Immigrants,97.0
1997-10,Newfoundland and Labrador,Net emigration,82.0
1997-10,Newfoundland and Labrador,Emigrants,68.0
1997-10,Newfoundland and Labrador,Returning emigrants,11.0
1997-10,Newfoundland and Labrador,Net temporary emigration,25.0
1997-10,Newfoundland and Labrador,Net non-permanent residents,-291.0
1997-10,Prince Edward Island,Immigrants,32.0
1997-10,Prince Edward Island,Net emigration,18.0
1997-10,Prince Edward Island,Emigrants,20.0
1997-10,Prince Edward Island,Returning emigrants,11.0
1997-10,Prince Edward Island,Net temporary emigration,9.0
1997-10,Prince Edward Island,Net non-permanent residents,-53.0
1997-10,Nova Scotia,Immigrants,529.0
1997-10,Nova Scotia,Net emigration,225.0
1997-10,Nova Scotia,Emigrants,182.0
1997-10,Nova Scotia,Returning emigrants,47.0
1997-10,Nova Scotia,Net temporary emigration,90.0
1997-10,Nova Scotia,Net non-permanent residents,-159.0
1997-10,New Brunswick,Immigrants,182.0
1997-10,New Brunswick,Net emigration,120.0
1997-10,New Brunswick,Emigrants,130.0
1997-10,New Brunswick,Returning emigrants,64.0
1997-10,New Brunswick,Net temporary emigration,54.0
1997-10,New Brunswick,Net non-permanent residents,-105.0
1997-10,Quebec,Immigrants,6808.0
1997-10,Quebec,Net emigration,2606.0
1997-10,Quebec,Emigrants,2121.0
1997-10,Quebec,Returning emigrants,492.0
1997-10,Quebec,Net temporary emigration,977.0
1997-10,Quebec,Net non-permanent residents,-2770.0
1997-10,Ontario,Immigrants,24592.0
1997-10,Ontario,Net emigration,6454.0
1997-10,Ontario,Emigrants,5287.0
1997-10,Ontario,Returning emigrants,1381.0
1997-10,Ontario,Net temporary emigration,2548.0
1997-10,Ontario,Net non-permanent residents,-15825.0
1997-10,Manitoba,Immigrants,766.0
1997-10,Manitoba,Net emigration,429.0
1997-10,Manitoba,Emigrants,406.0
1997-10,Manitoba,Returning emigrants,112.0
1997-10,Manitoba,Net temporary emigration,135.0
1997-10,Manitoba,Net non-permanent residents,-212.0
1997-10,Saskatchewan,Immigrants,444.0
1997-10,Saskatchewan,Net emigration,283.0
1997-10,Saskatchewan,Emigrants,211.0
1997-10,Saskatchewan,Returning emigrants,51.0
1997-10,Saskatchewan,Net temporary emigration,123.0
1997-10,Saskatchewan,Net non-permanent residents,-247.0
1997-10,Alberta,Immigrants,2735.0
1997-10,Alberta,Net emigration,1751.0
1997-10,Alberta,Emigrants,1568.0
1997-10,Alberta,Returning emigrants,521.0
1997-10,Alberta,Net temporary emigration,704.0
1997-10,Alberta,Net non-permanent residents,-476.0
1997-10,British Columbia,Immigrants,8693.0
1997-10,British Columbia,Net emigration,2809.0
1997-10,British Columbia,Emigrants,1882.0
1997-10,British Columbia,Returning emigrants,528.0
1997-10,British Columbia,Net temporary emigration,1455.0
1997-10,British Columbia,Net non-permanent residents,-1108.0
1997-10,Yukon,Immigrants,30.0
1997-10,Yukon,Net emigration,21.0
1997-10,Yukon,Emigrants,18.0
1997-10,Yukon,Returning emigrants,3.0
1997-10,Yukon,Net temporary emigration,6.0
1997-10,Yukon,Net non-permanent residents,-38.0
1997-10,Northwest Territories,Immigrants,17.0
1997-10,Northwest Territories,Net emigration,12.0
1997-10,Northwest Territories,Emigrants,11.0
1997-10,Northwest Territories,Returning emigrants,3.0
1997-10,Northwest Territories,Net temporary emigration,4.0
1997-10,Northwest Territories,Net non-permanent residents,-9.0
1997-10,Nunavut,Immigrants,3.0
1997-10,Nunavut,Net emigration,6.0
1997-10,Nunavut,Emigrants,4.0
1997-10,Nunavut,Returning emigrants,0.0
1997-10,Nunavut,Net temporary emigration,2.0
1997-10,Nunavut,Net non-permanent residents,0.0
1998-01,Canada,Immigrants,42813.0
1998-01,Canada,Net emigration,10731.0
1998-01,Canada,Emigrants,8569.0
1998-01,Canada,Returning emigrants,3148.0
1998-01,Canada,Net temporary emigration,5310.0
1998-01,Canada,Net non-permanent residents,367.0
1998-01,Newfoundland and Labrador,Immigrants,113.0
1998-01,Newfoundland and Labrador,Net emigration,60.0
1998-01,Newfoundland and Labrador,Emigrants,49.0
1998-01,Newfoundland and Labrador,Returning emigrants,11.0
1998-01,Newfoundland and Labrador,Net temporary emigration,22.0
1998-01,Newfoundland and Labrador,Net non-permanent residents,-16.0
1998-01,Prince Edward Island,Immigrants,40.0
1998-01,Prince Edward Island,Net emigration,12.0
1998-01,Prince Edward Island,Emigrants,15.0
1998-01,Prince Edward Island,Returning emigrants,10.0
1998-01,Prince Edward Island,Net temporary emigration,7.0
1998-01,Prince Edward Island,Net non-permanent residents,-24.0
1998-01,Nova Scotia,Immigrants,540.0
1998-01,Nova Scotia,Net emigration,163.0
1998-01,Nova Scotia,Emigrants,131.0
1998-01,Nova Scotia,Returning emigrants,46.0
1998-01,Nova Scotia,Net temporary emigration,78.0
1998-01,Nova Scotia,Net non-permanent residents,283.0
1998-01,New Brunswick,Immigrants,179.0
1998-01,New Brunswick,Net emigration,76.0
1998-01,New Brunswick,Emigrants,93.0
1998-01,New Brunswick,Returning emigrants,63.0
1998-01,New Brunswick,Net temporary emigration,46.0
1998-01,New Brunswick,Net non-permanent residents,-13.0
1998-01,Quebec,Immigrants,6125.0
1998-01,Quebec,Net emigration,1890.0
1998-01,Quebec,Emigrants,1525.0
1998-01,Quebec,Returning emigrants,481.0
1998-01,Quebec,Net temporary emigration,846.0
1998-01,Quebec,Net non-permanent residents,11.0
1998-01,Ontario,Immigrants,23017.0
1998-01,Ontario,Net emigration,4665.0
1998-01,Ontario,Emigrants,3805.0
1998-01,Ontario,Returning emigrants,1349.0
1998-01,Ontario,Net temporary emigration,2209.0
1998-01,Ontario,Net non-permanent residents,176.0
1998-01,Manitoba,Immigrants,623.0
1998-01,Manitoba,Net emigration,299.0
1998-01,Manitoba,Emigrants,292.0
1998-01,Manitoba,Returning emigrants,109.0
1998-01,Manitoba,Net temporary emigration,116.0
1998-01,Manitoba,Net non-permanent residents,72.0
1998-01,Saskatchewan,Immigrants,337.0
1998-01,Saskatchewan,Net emigration,210.0
1998-01,Saskatchewan,Emigrants,152.0
1998-01,Saskatchewan,Returning emigrants,49.0
1998-01,Saskatchewan,Net temporary emigration,107.0
1998-01,Saskatchewan,Net non-permanent residents,123.0
1998-01,Alberta,Immigrants,2657.0
1998-01,Alberta,Net emigration,1229.0
1998-01,Alberta,Emigrants,1128.0
1998-01,Alberta,Returning emigrants,509.0
1998-01,Alberta,Net temporary emigration,610.0
1998-01,Alberta,Net non-permanent residents,216.0
1998-01,British Columbia,Immigrants,9149.0
1998-01,British Columbia,Net emigration,2100.0
1998-01,British Columbia,Emigrants,1355.0
1998-01,British Columbia,Returning emigrants,515.0
1998-01,British Columbia,Net temporary emigration,1260.0
1998-01,British Columbia,Net non-permanent residents,-503.0
1998-01,Yukon,Immigrants,16.0
1998-01,Yukon,Net emigration,13.0
1998-01,Yukon,Emigrants,13.0
1998-01,Yukon,Returning emigrants,4.0
1998-01,Yukon,Net temporary emigration,4.0
1998-01,Yukon,Net non-permanent residents,13.0
1998-01,Northwest Territories,Immigrants,13.0
1998-01,Northwest Territories,Net emigration,9.0
1998-01,Northwest Territories,Emigrants,8.0
1998-01,Northwest Territories,Returning emigrants,2.0
1998-01,Northwest Territories,Net temporary emigration,3.0
1998-01,Northwest Territories,Net non-permanent residents,26.0
1998-01,Nunavut,Immigrants,4.0
1998-01,Nunavut,Net emigration,5.0
1998-01,Nunavut,Emigrants,3.0
1998-01,Nunavut,Returning emigrants,0.0
1998-01,Nunavut,Net temporary emigration,2.0
1998-01,Nunavut,Net non-permanent residents,3.0
1998-04,Canada,Immigrants,45873.0
1998-04,Canada,Net emigration,11373.0
1998-04,Canada,Emigrants,11138.0
1998-04,Canada,Returning emigrants,5708.0
1998-04,Canada,Net temporary emigration,5943.0
1998-04,Canada,Net non-permanent residents,4459.0
1998-04,Newfoundland and Labrador,Immigrants,89.0
1998-04,Newfoundland and Labrador,Net emigration,68.0
1998-04,Newfoundland and Labrador,Emigrants,64.0
1998-04,Newfoundland and Labrador,Returning emigrants,20.0
1998-04,Newfoundland and Labrador,Net temporary emigration,24.0
1998-04,Newfoundland and Labrador,Net non-permanent residents,17.0
1998-04,Prince Edward Island,Immigrants,29.0
1998-04,Prince Edward Island,Net emigration,7.0
1998-04,Prince Edward Island,Emigrants,19.0
1998-04,Prince Edward Island,Returning emigrants,19.0
1998-04,Prince Edward Island,Net temporary emigration,7.0
1998-04,Prince Edward Island,Net non-permanent residents,31.0
1998-04,Nova Scotia,Immigrants,556.0
1998-04,Nova Scotia,Net emigration,175.0
1998-04,Nova Scotia,Emigrants,171.0
1998-04,Nova Scotia,Returning emigrants,84.0
1998-04,Nova Scotia,Net temporary emigration,88.0
1998-04,Nova Scotia,Net non-permanent residents,-29.0
1998-04,New Brunswick,Immigrants,151.0
1998-04,New Brunswick,Net emigration,60.0
1998-04,New Brunswick,Emigrants,122.0
1998-04,New Brunswick,Returning emigrants,114.0
1998-04,New Brunswick,Net temporary emigration,52.0
1998-04,New Brunswick,Net non-permanent residents,-55.0
1998-04,Quebec,Immigrants,6307.0
1998-04,Quebec,Net emigration,2059.0
1998-04,Quebec,Emigrants,1984.0
1998-04,Quebec,Returning emigrants,872.0
1998-04,Quebec,Net temporary emigration,947.0
1998-04,Quebec,Net non-permanent residents,-770.0
1998-04,Ontario,Immigrants,24818.0
1998-04,Ontario,Net emigration,4974.0
1998-04,Ontario,Emigrants,4946.0
1998-04,Ontario,Returning emigrants,2443.0
1998-04,Ontario,Net temporary emigration,2471.0
1998-04,Ontario,Net non-permanent residents,5278.0
1998-04,Manitoba,Immigrants,746.0
1998-04,Manitoba,Net emigration,310.0
1998-04,Manitoba,Emigrants,379.0
1998-04,Manitoba,Returning emigrants,199.0
1998-04,Manitoba,Net temporary emigration,130.0
1998-04,Manitoba,Net non-permanent residents,208.0
1998-04,Saskatchewan,Immigrants,372.0
1998-04,Saskatchewan,Net emigration,227.0
1998-04,Saskatchewan,Emigrants,197.0
1998-04,Saskatchewan,Returning emigrants,89.0
1998-04,Saskatchewan,Net temporary emigration,119.0
1998-04,Saskatchewan,Net non-permanent residents,147.0
1998-04,Alberta,Immigrants,2938.0
1998-04,Alberta,Net emigration,1225.0
1998-04,Alberta,Emigrants,1466.0
1998-04,Alberta,Returning emigrants,923.0
1998-04,Alberta,Net temporary emigration,682.0
1998-04,Alberta,Net non-permanent residents,307.0
1998-04,British Columbia,Immigrants,9832.0
1998-04,British Columbia,Net emigration,2237.0
1998-04,British Columbia,Emigrants,1760.0
1998-04,British Columbia,Returning emigrants,934.0
1998-04,British Columbia,Net temporary emigration,1411.0
1998-04,British Columbia,Net non-permanent residents,-718.0
1998-04,Yukon,Immigrants,18.0
1998-04,Yukon,Net emigration,16.0
1998-04,Yukon,Emigrants,17.0
1998-04,Yukon,Returning emigrants,7.0
1998-04,Yukon,Net temporary emigration,6.0
1998-04,Yukon,Net non-permanent residents,29.0
1998-04,Northwest Territories,Immigrants,14.0
1998-04,Northwest Territories,Net emigration,9.0
1998-04,Northwest Territories,Emigrants,9.0
1998-04,Northwest Territories,Returning emigrants,4.0
1998-04,Northwest Territories,Net temporary emigration,4.0
1998-04,Northwest Territories,Net non-permanent residents,13.0
1998-04,Nunavut,Immigrants,3.0
1998-04,Nunavut,Net emigration,6.0
1998-04,Nunavut,Emigrants,4.0
1998-04,Nunavut,Returning emigrants,0.0
1998-04,Nunavut,Net temporary emigration,2.0
1998-04,Nunavut,Net non-permanent residents,1.0
1998-07,Canada,Immigrants,47317.0
1998-07,Canada,Net emigration,21986.0
1998-07,Canada,Emigrants,19813.0
1998-07,Canada,Returning emigrants,6298.0
1998-07,Canada,Net temporary emigration,8471.0
1998-07,Canada,Net non-permanent residents,14716.0
1998-07,Newfoundland and Labrador,Immigrants,96.0
1998-07,Newfoundland and Labrador,Net emigration,63.0
1998-07,Newfoundland and Labrador,Emigrants,69.0
1998-07,Newfoundland and Labrador,Returning emigrants,41.0
1998-07,Newfoundland and Labrador,Net temporary emigration,35.0
1998-07,Newfoundland and Labrador,Net non-permanent residents,112.0
1998-07,Prince Edward Island,Immigrants,45.0
1998-07,Prince Edward Island,Net emigration,48.0
1998-07,Prince Edward Island,Emigrants,48.0
1998-07,Prince Edward Island,Returning emigrants,11.0
1998-07,Prince Edward Island,Net temporary emigration,11.0
1998-07,Prince Edward Island,Net non-permanent residents,20.0
1998-07,Nova Scotia,Immigrants,558.0
1998-07,Nova Scotia,Net emigration,366.0
1998-07,Nova Scotia,Emigrants,399.0
1998-07,Nova Scotia,Returning emigrants,158.0
1998-07,Nova Scotia,Net temporary emigration,125.0
1998-07,Nova Scotia,Net non-permanent residents,660.0
1998-07,New Brunswick,Immigrants,235.0
1998-07,New Brunswick,Net emigration,161.0
1998-07,New Brunswick,Emigrants,186.0
1998-07,New Brunswick,Returning emigrants,100.0
1998-07,New Brunswick,Net temporary emigration,75.0
1998-07,New Brunswick,Net non-permanent residents,197.0
1998-07,Quebec,Immigrants,7507.0
1998-07,Quebec,Net emigration,3944.0
1998-07,Quebec,Emigrants,3484.0
1998-07,Quebec,Returning emigrants,890.0
1998-07,Quebec,Net temporary emigration,1350.0
1998-07,Quebec,Net non-permanent residents,3272.0
1998-07,Ontario,Immigrants,24834.0
1998-07,Ontario,Net emigration,9594.0
1998-07,Ontario,Emigrants,8651.0
1998-07,Ontario,Returning emigrants,2577.0
1998-07,Ontario,Net temporary emigration,3520.0
1998-07,Ontario,Net non-permanent residents,8014.0
1998-07,Manitoba,Immigrants,874.0
1998-07,Manitoba,Net emigration,587.0
1998-07,Manitoba,Emigrants,714.0
1998-07,Manitoba,Returning emigrants,313.0
1998-07,Manitoba,Net temporary emigration,186.0
1998-07,Manitoba,Net non-permanent residents,-61.0
1998-07,Saskatchewan,Immigrants,485.0
1998-07,Saskatchewan,Net emigration,485.0
1998-07,Saskatchewan,Emigrants,435.0
1998-07,Saskatchewan,Returning emigrants,120.0
1998-07,Saskatchewan,Net temporary emigration,170.0
1998-07,Saskatchewan,Net non-permanent residents,210.0
1998-07,Alberta,Immigrants,3039.0
1998-07,Alberta,Net emigration,2310.0
1998-07,Alberta,Emigrants,2296.0
1998-07,Alberta,Returning emigrants,958.0
1998-07,Alberta,Net temporary emigration,972.0
1998-07,Alberta,Net non-permanent residents,876.0
1998-07,British Columbia,Immigrants,9615.0
1998-07,British Columbia,Net emigration,4380.0
1998-07,British Columbia,Emigrants,3486.0
1998-07,British Columbia,Returning emigrants,1117.0
1998-07,British Columbia,Net temporary emigration,2011.0
1998-07,British Columbia,Net non-permanent residents,1421.0
1998-07,Yukon,Immigrants,13.0
1998-07,Yukon,Net emigration,19.0
1998-07,Yukon,Emigrants,19.0
1998-07,Yukon,Returning emigrants,8.0
1998-07,Yukon,Net temporary emigration,8.0
1998-07,Yukon,Net non-permanent residents,5.0
1998-07,Northwest Territories,Immigrants,14.0
1998-07,Northwest Territories,Net emigration,19.0
1998-07,Northwest Territories,Emigrants,18.0
1998-07,Northwest Territories,Returning emigrants,5.0
1998-07,Northwest Territories,Net temporary emigration,6.0
1998-07,Northwest Territories,Net non-permanent residents,-10.0
1998-07,Nunavut,Immigrants,2.0
1998-07,Nunavut,Net emigration,10.0
1998-07,Nunavut,Emigrants,8.0
1998-07,Nunavut,Returning emigrants,0.0
1998-07,Nunavut,Net temporary emigration,2.0
1998-07,Nunavut,Net non-permanent residents,0.0
1998-10,Canada,Immigrants,38181.0
1998-10,Canada,Net emigration,13752.0
1998-10,Canada,Emigrants,10319.0
1998-10,Canada,Returning emigrants,2511.0
1998-10,Canada,Net temporary emigration,5944.0
1998-10,Canada,Net non-permanent residents,-18621.0
1998-10,Newfoundland and Labrador,Immigrants,103.0
1998-10,Newfoundland and Labrador,Net emigration,45.0
1998-10,Newfoundland and Labrador,Emigrants,36.0
1998-10,Newfoundland and Labrador,Returning emigrants,16.0
1998-10,Newfoundland and Labrador,Net temporary emigration,25.0
1998-10,Newfoundland and Labrador,Net non-permanent residents,-51.0
1998-10,Prince Edward Island,Immigrants,22.0
1998-10,Prince Edward Island,Net emigration,28.0
1998-10,Prince Edward Island,Emigrants,24.0
1998-10,Prince Edward Island,Returning emigrants,5.0
1998-10,Prince Edward Island,Net temporary emigration,9.0
1998-10,Prince Edward Island,Net non-permanent residents,2.0
1998-10,Nova Scotia,Immigrants,402.0
1998-10,Nova Scotia,Net emigration,231.0
1998-10,Nova Scotia,Emigrants,207.0
1998-10,Nova Scotia,Returning emigrants,63.0
1998-10,Nova Scotia,Net temporary emigration,87.0
1998-10,Nova Scotia,Net non-permanent residents,-596.0
1998-10,New Brunswick,Immigrants,164.0
1998-10,New Brunswick,Net emigration,108.0
1998-10,New Brunswick,Emigrants,97.0
1998-10,New Brunswick,Returning emigrants,40.0
1998-10,New Brunswick,Net temporary emigration,51.0
1998-10,New Brunswick,Net non-permanent residents,-24.0
1998-10,Quebec,Immigrants,6687.0
1998-10,Quebec,Net emigration,2406.0
1998-10,Quebec,Emigrants,1815.0
1998-10,Quebec,Returning emigrants,356.0
1998-10,Quebec,Net temporary emigration,947.0
1998-10,Quebec,Net non-permanent residents,-1819.0
1998-10,Ontario,Immigrants,19677.0
1998-10,Ontario,Net emigration,5947.0
1998-10,Ontario,Emigrants,4505.0
1998-10,Ontario,Returning emigrants,1029.0
1998-10,Ontario,Net temporary emigration,2471.0
1998-10,Ontario,Net non-permanent residents,-14754.0
1998-10,Manitoba,Immigrants,761.0
1998-10,Manitoba,Net emigration,378.0
1998-10,Manitoba,Emigrants,372.0
1998-10,Manitoba,Returning emigrants,124.0
1998-10,Manitoba,Net temporary emigration,130.0
1998-10,Manitoba,Net non-permanent residents,-229.0
1998-10,Saskatchewan,Immigrants,378.0
1998-10,Saskatchewan,Net emigration,299.0
1998-10,Saskatchewan,Emigrants,227.0
1998-10,Saskatchewan,Returning emigrants,48.0
1998-10,Saskatchewan,Net temporary emigration,120.0
1998-10,Saskatchewan,Net non-permanent residents,-338.0
1998-10,Alberta,Immigrants,2564.0
1998-10,Alberta,Net emigration,1496.0
1998-10,Alberta,Emigrants,1196.0
1998-10,Alberta,Returning emigrants,382.0
1998-10,Alberta,Net temporary emigration,682.0
1998-10,Alberta,Net non-permanent residents,-477.0
1998-10,British Columbia,Immigrants,7394.0
1998-10,British Columbia,Net emigration,2782.0
1998-10,British Columbia,Emigrants,1816.0
1998-10,British Columbia,Returning emigrants,445.0
1998-10,British Columbia,Net temporary emigration,1411.0
1998-10,British Columbia,Net non-permanent residents,-311.0
1998-10,Yukon,Immigrants,15.0
1998-10,Yukon,Net emigration,13.0
1998-10,Yukon,Emigrants,10.0
1998-10,Yukon,Returning emigrants,3.0
1998-10,Yukon,Net temporary emigration,6.0
1998-10,Yukon,Net non-permanent residents,-29.0
1998-10,Northwest Territories,Immigrants,12.0
1998-10,Northwest Territories,Net emigration,14.0
1998-10,Northwest Territories,Emigrants,11.0
1998-10,Northwest Territories,Returning emigrants,0.0
1998-10,Northwest Territories,Net temporary emigration,3.0
1998-10,Northwest Territories,Net non-permanent residents,4.0
1998-10,Nunavut,Immigrants,2.0
1998-10,Nunavut,Net emigration,5.0
1998-10,Nunavut,Emigrants,3.0
1998-10,Nunavut,Returning emigrants,0.0
1998-10,Nunavut,Net temporary emigration,2.0
1998-10,Nunavut,Net non-permanent residents,1.0
1999-01,Canada,Immigrants,40153.0
1999-01,Canada,Net emigration,9421.0
1999-01,Canada,Emigrants,7364.0
1999-01,Canada,Returning emigrants,3100.0
1999-01,Canada,Net temporary emigration,5157.0
1999-01,Canada,Net non-permanent residents,5649.0
1999-01,Newfoundland and Labrador,Immigrants,87.0
1999-01,Newfoundland and Labrador,Net emigration,28.0
1999-01,Newfoundland and Labrador,Emigrants,26.0
1999-01,Newfoundland and Labrador,Returning emigrants,19.0
1999-01,Newfoundland and Labrador,Net temporary emigration,21.0
1999-01,Newfoundland and Labrador,Net non-permanent residents,59.0
1999-01,Prince Edward Island,Immigrants,32.0
1999-01,Prince Edward Island,Net emigration,20.0
1999-01,Prince Edward Island,Emigrants,18.0
1999-01,Prince Edward Island,Returning emigrants,5.0
1999-01,Prince Edward Island,Net temporary emigration,7.0
1999-01,Prince Edward Island,Net non-permanent residents,-1.0
1999-01,Nova Scotia,Immigrants,301.0
1999-01,Nova Scotia,Net emigration,150.0
1999-01,Nova Scotia,Emigrants,148.0
1999-01,Nova Scotia,Returning emigrants,73.0
1999-01,Nova Scotia,Net temporary emigration,75.0
1999-01,Nova Scotia,Net non-permanent residents,112.0
1999-01,New Brunswick,Immigrants,196.0
1999-01,New Brunswick,Net emigration,68.0
1999-01,New Brunswick,Emigrants,69.0
1999-01,New Brunswick,Returning emigrants,46.0
1999-01,New Brunswick,Net temporary emigration,45.0
1999-01,New Brunswick,Net non-permanent residents,76.0
1999-01,Quebec,Immigrants,6337.0
1999-01,Quebec,Net emigration,1674.0
1999-01,Quebec,Emigrants,1295.0
1999-01,Quebec,Returning emigrants,442.0
1999-01,Quebec,Net temporary emigration,821.0
1999-01,Quebec,Net non-permanent residents,370.0
1999-01,Ontario,Immigrants,21111.0
1999-01,Ontario,Net emigration,4081.0
1999-01,Ontario,Emigrants,3215.0
1999-01,Ontario,Returning emigrants,1279.0
1999-01,Ontario,Net temporary emigration,2145.0
1999-01,Ontario,Net non-permanent residents,3420.0
1999-01,Manitoba,Immigrants,746.0
1999-01,Manitoba,Net emigration,234.0
1999-01,Manitoba,Emigrants,266.0
1999-01,Manitoba,Returning emigrants,145.0
1999-01,Manitoba,Net temporary emigration,113.0
1999-01,Manitoba,Net non-permanent residents,109.0
1999-01,Saskatchewan,Immigrants,520.0
1999-01,Saskatchewan,Net emigration,210.0
1999-01,Saskatchewan,Emigrants,162.0
1999-01,Saskatchewan,Returning emigrants,56.0
1999-01,Saskatchewan,Net temporary emigration,104.0
1999-01,Saskatchewan,Net non-permanent residents,2.0
1999-01,Alberta,Immigrants,2614.0
1999-01,Alberta,Net emigration,969.0
1999-01,Alberta,Emigrants,853.0
1999-01,Alberta,Returning emigrants,476.0
1999-01,Alberta,Net temporary emigration,592.0
1999-01,Alberta,Net non-permanent residents,460.0
1999-01,British Columbia,Immigrants,8180.0
1999-01,British Columbia,Net emigration,1965.0
1999-01,British Columbia,Emigrants,1296.0
1999-01,British Columbia,Returning emigrants,555.0
1999-01,British Columbia,Net temporary emigration,1224.0
1999-01,British Columbia,Net non-permanent residents,1032.0
1999-01,Yukon,Immigrants,17.0
1999-01,Yukon,Net emigration,9.0
1999-01,Yukon,Emigrants,7.0
1999-01,Yukon,Returning emigrants,3.0
1999-01,Yukon,Net temporary emigration,5.0
1999-01,Yukon,Net non-permanent residents,0.0
1999-01,Northwest Territories,Immigrants,10.0
1999-01,Northwest Territories,Net emigration,8.0
1999-01,Northwest Territories,Emigrants,6.0
1999-01,Northwest Territories,Returning emigrants,1.0
1999-01,Northwest Territories,Net temporary emigration,3.0
1999-01,Northwest Territories,Net non-permanent residents,9.0
1999-01,Nunavut,Immigrants,2.0
1999-01,Nunavut,Net emigration,5.0
1999-01,Nunavut,Emigrants,3.0
1999-01,Nunavut,Returning emigrants,0.0
1999-01,Nunavut,Net temporary emigration,2.0
1999-01,Nunavut,Net non-permanent residents,1.0
1999-04,Canada,Immigrants,47543.0
1999-04,Canada,Net emigration,10925.0
1999-04,Canada,Emigrants,10512.0
1999-04,Canada,Returning emigrants,5582.0
1999-04,Canada,Net temporary emigration,5995.0
1999-04,Canada,Net non-permanent residents,16573.0
1999-04,Newfoundland and Labrador,Immigrants,82.0
1999-04,Newfoundland and Labrador,Net emigration,27.0
1999-04,Newfoundland and Labrador,Emigrants,36.0
1999-04,Newfoundland and Labrador,Returning emigrants,34.0
1999-04,Newfoundland and Labrador,Net temporary emigration,25.0
1999-04,Newfoundland and Labrador,Net non-permanent residents,326.0
1999-04,Prince Edward Island,Immigrants,26.0
1999-04,Prince Edward Island,Net emigration,25.0
1999-04,Prince Edward Island,Emigrants,26.0
1999-04,Prince Edward Island,Returning emigrants,9.0
1999-04,Prince Edward Island,Net temporary emigration,8.0
1999-04,Prince Edward Island,Net non-permanent residents,124.0
1999-04,Nova Scotia,Immigrants,363.0
1999-04,Nova Scotia,Net emigration,167.0
1999-04,Nova Scotia,Emigrants,212.0
1999-04,Nova Scotia,Returning emigrants,133.0
1999-04,Nova Scotia,Net temporary emigration,88.0
1999-04,Nova Scotia,Net non-permanent residents,904.0
1999-04,New Brunswick,Immigrants,157.0
1999-04,New Brunswick,Net emigration,66.0
1999-04,New Brunswick,Emigrants,99.0
1999-04,New Brunswick,Returning emigrants,85.0
1999-04,New Brunswick,Net temporary emigration,52.0
1999-04,New Brunswick,Net non-permanent residents,93.0
1999-04,Quebec,Immigrants,7208.0
1999-04,Quebec,Net emigration,2008.0
1999-04,Quebec,Emigrants,1848.0
1999-04,Quebec,Returning emigrants,796.0
1999-04,Quebec,Net temporary emigration,956.0
1999-04,Quebec,Net non-permanent residents,979.0
1999-04,Ontario,Immigrants,26277.0
1999-04,Ontario,Net emigration,4783.0
1999-04,Ontario,Emigrants,4590.0
1999-04,Ontario,Returning emigrants,2299.0
1999-04,Ontario,Net temporary emigration,2492.0
1999-04,Ontario,Net non-permanent residents,9709.0
1999-04,Manitoba,Immigrants,912.0
1999-04,Manitoba,Net emigration,246.0
1999-04,Manitoba,Emigrants,379.0
1999-04,Manitoba,Returning emigrants,264.0
1999-04,Manitoba,Net temporary emigration,131.0
1999-04,Manitoba,Net non-permanent residents,651.0
1999-04,Saskatchewan,Immigrants,369.0
1999-04,Saskatchewan,Net emigration,249.0
1999-04,Saskatchewan,Emigrants,230.0
1999-04,Saskatchewan,Returning emigrants,101.0
1999-04,Saskatchewan,Net temporary emigration,120.0
1999-04,Saskatchewan,Net non-permanent residents,515.0
1999-04,Alberta,Immigrants,3026.0
1999-04,Alberta,Net emigration,1052.0
1999-04,Alberta,Emigrants,1218.0
1999-04,Alberta,Returning emigrants,854.0
1999-04,Alberta,Net temporary emigration,688.0
1999-04,Alberta,Net non-permanent residents,1186.0
1999-04,British Columbia,Immigrants,9085.0
1999-04,British Columbia,Net emigration,2277.0
1999-04,British Columbia,Emigrants,1850.0
1999-04,British Columbia,Returning emigrants,996.0
1999-04,British Columbia,Net temporary emigration,1423.0
1999-04,British Columbia,Net non-permanent residents,2043.0
1999-04,Yukon,Immigrants,22.0
1999-04,Yukon,Net emigration,9.0
1999-04,Yukon,Emigrants,10.0
1999-04,Yukon,Returning emigrants,7.0
1999-04,Yukon,Net temporary emigration,6.0
1999-04,Yukon,Net non-permanent residents,50.0
1999-04,Northwest Territories,Immigrants,10.0
1999-04,Northwest Territories,Net emigration,10.0
1999-04,Northwest Territories,Emigrants,10.0
1999-04,Northwest Territories,Returning emigrants,4.0
1999-04,Northwest Territories,Net temporary emigration,4.0
1999-04,Northwest Territories,Net non-permanent residents,-6.0
1999-04,Nunavut,Immigrants,6.0
1999-04,Nunavut,Net emigration,6.0
1999-04,Nunavut,Emigrants,4.0
1999-04,Nunavut,Returning emigrants,0.0
1999-04,Nunavut,Net temporary emigration,2.0
1999-04,Nunavut,Net non-permanent residents,-1.0
1999-07,Canada,Immigrants,53841.0
1999-07,Canada,Net emigration,20273.0
1999-07,Canada,Emigrants,18812.0
1999-07,Canada,Returning emigrants,6735.0
1999-07,Canada,Net temporary emigration,8196.0
1999-07,Canada,Net non-permanent residents,22201.0
1999-07,Newfoundland and Labrador,Immigrants,116.0
1999-07,Newfoundland and Labrador,Net emigration,140.0
1999-07,Newfoundland and Labrador,Emigrants,129.0
1999-07,Newfoundland and Labrador,Returning emigrants,23.0
1999-07,Newfoundland and Labrador,Net temporary emigration,34.0
1999-07,Newfoundland and Labrador,Net non-permanent residents,-13.0
1999-07,Prince Edward Island,Immigrants,35.0
1999-07,Prince Edward Island,Net emigration,27.0
1999-07,Prince Edward Island,Emigrants,24.0
1999-07,Prince Edward Island,Returning emigrants,8.0
1999-07,Prince Edward Island,Net temporary emigration,11.0
1999-07,Prince Edward Island,Net non-permanent residents,2.0
1999-07,Nova Scotia,Immigrants,594.0
1999-07,Nova Scotia,Net emigration,316.0
1999-07,Nova Scotia,Emigrants,353.0
1999-07,Nova Scotia,Returning emigrants,157.0
1999-07,Nova Scotia,Net temporary emigration,120.0
1999-07,Nova Scotia,Net non-permanent residents,1245.0
1999-07,New Brunswick,Immigrants,186.0
1999-07,New Brunswick,Net emigration,214.0
1999-07,New Brunswick,Emigrants,240.0
1999-07,New Brunswick,Returning emigrants,97.0
1999-07,New Brunswick,Net temporary emigration,71.0
1999-07,New Brunswick,Net non-permanent residents,248.0
1999-07,Quebec,Immigrants,7289.0
1999-07,Quebec,Net emigration,3280.0
1999-07,Quebec,Emigrants,2971.0
1999-07,Quebec,Returning emigrants,998.0
1999-07,Quebec,Net temporary emigration,1307.0
1999-07,Quebec,Net non-permanent residents,3993.0
1999-07,Ontario,Immigrants,30234.0
1999-07,Ontario,Net emigration,8740.0
1999-07,Ontario,Emigrants,8195.0
1999-07,Ontario,Returning emigrants,2862.0
1999-07,Ontario,Net temporary emigration,3407.0
1999-07,Ontario,Net non-permanent residents,12607.0
1999-07,Manitoba,Immigrants,1105.0
1999-07,Manitoba,Net emigration,371.0
1999-07,Manitoba,Emigrants,639.0
1999-07,Manitoba,Returning emigrants,448.0
1999-07,Manitoba,Net temporary emigration,180.0
1999-07,Manitoba,Net non-permanent residents,108.0
1999-07,Saskatchewan,Immigrants,420.0
1999-07,Saskatchewan,Net emigration,449.0
1999-07,Saskatchewan,Emigrants,374.0
1999-07,Saskatchewan,Returning emigrants,89.0
1999-07,Saskatchewan,Net temporary emigration,164.0
1999-07,Saskatchewan,Net non-permanent residents,261.0
1999-07,Alberta,Immigrants,3639.0
1999-07,Alberta,Net emigration,2016.0
1999-07,Alberta,Emigrants,2145.0
1999-07,Alberta,Returning emigrants,1070.0
1999-07,Alberta,Net temporary emigration,941.0
1999-07,Alberta,Net non-permanent residents,799.0
1999-07,British Columbia,Immigrants,10175.0
1999-07,British Columbia,Net emigration,4684.0
1999-07,British Columbia,Emigrants,3709.0
1999-07,British Columbia,Returning emigrants,971.0
1999-07,British Columbia,Net temporary emigration,1946.0
1999-07,British Columbia,Net non-permanent residents,2944.0
1999-07,Yukon,Immigrants,28.0
1999-07,Yukon,Net emigration,19.0
1999-07,Yukon,Emigrants,19.0
1999-07,Yukon,Returning emigrants,8.0
1999-07,Yukon,Net temporary emigration,8.0
1999-07,Yukon,Net non-permanent residents,-7.0
1999-07,Northwest Territories,Immigrants,15.0
1999-07,Northwest Territories,Net emigration,11.0
1999-07,Northwest Territories,Emigrants,10.0
1999-07,Northwest Territories,Returning emigrants,4.0
1999-07,Northwest Territories,Net temporary emigration,5.0
1999-07,Northwest Territories,Net non-permanent residents,28.0
1999-07,Nunavut,Immigrants,5.0
1999-07,Nunavut,Net emigration,6.0
1999-07,Nunavut,Emigrants,4.0
1999-07,Nunavut,Returning emigrants,0.0
1999-07,Nunavut,Net temporary emigration,2.0
1999-07,Nunavut,Net non-permanent residents,-14.0
1999-10,Canada,Immigrants,48434.0
1999-10,Canada,Net emigration,13768.0
1999-10,Canada,Emigrants,10821.0
1999-10,Canada,Returning emigrants,3124.0
1999-10,Canada,Net temporary emigration,6071.0
1999-10,Canada,Net non-permanent residents,-21992.0
1999-10,Newfoundland and Labrador,Immigrants,138.0
1999-10,Newfoundland and Labrador,Net emigration,90.0
1999-10,Newfoundland and Labrador,Emigrants,76.0
1999-10,Newfoundland and Labrador,Returning emigrants,11.0
1999-10,Newfoundland and Labrador,Net temporary emigration,25.0
1999-10,Newfoundland and Labrador,Net non-permanent residents,22.0
1999-10,Prince Edward Island,Immigrants,44.0
1999-10,Prince Edward Island,Net emigration,21.0
1999-10,Prince Edward Island,Emigrants,15.0
1999-10,Prince Edward Island,Returning emigrants,3.0
1999-10,Prince Edward Island,Net temporary emigration,9.0
1999-10,Prince Edward Island,Net non-permanent residents,-15.0
1999-10,Nova Scotia,Immigrants,351.0
1999-10,Nova Scotia,Net emigration,219.0
1999-10,Nova Scotia,Emigrants,203.0
1999-10,Nova Scotia,Returning emigrants,73.0
1999-10,Nova Scotia,Net temporary emigration,89.0
1999-10,Nova Scotia,Net non-permanent residents,-1652.0
1999-10,New Brunswick,Immigrants,123.0
1999-10,New Brunswick,Net emigration,147.0
1999-10,New Brunswick,Emigrants,139.0
1999-10,New Brunswick,Returning emigrants,45.0
1999-10,New Brunswick,Net temporary emigration,53.0
1999-10,New Brunswick,Net non-permanent residents,89.0
1999-10,Quebec,Immigrants,8345.0
1999-10,Quebec,Net emigration,2214.0
1999-10,Quebec,Emigrants,1709.0
1999-10,Quebec,Returning emigrants,463.0
1999-10,Quebec,Net temporary emigration,968.0
1999-10,Quebec,Net non-permanent residents,-2650.0
1999-10,Ontario,Immigrants,26543.0
1999-10,Ontario,Net emigration,5905.0
1999-10,Ontario,Emigrants,4712.0
1999-10,Ontario,Returning emigrants,1329.0
1999-10,Ontario,Net temporary emigration,2522.0
1999-10,Ontario,Net non-permanent residents,-14844.0
1999-10,Manitoba,Immigrants,962.0
1999-10,Manitoba,Net emigration,293.0
1999-10,Manitoba,Emigrants,367.0
1999-10,Manitoba,Returning emigrants,207.0
1999-10,Manitoba,Net temporary emigration,133.0
1999-10,Manitoba,Net non-permanent residents,-242.0
1999-10,Saskatchewan,Immigrants,417.0
1999-10,Saskatchewan,Net emigration,296.0
1999-10,Saskatchewan,Emigrants,215.0
1999-10,Saskatchewan,Returning emigrants,41.0
1999-10,Saskatchewan,Net temporary emigration,122.0
1999-10,Saskatchewan,Net non-permanent residents,-256.0
1999-10,Alberta,Immigrants,2810.0
1999-10,Alberta,Net emigration,1434.0
1999-10,Alberta,Emigrants,1234.0
1999-10,Alberta,Returning emigrants,497.0
1999-10,Alberta,Net temporary emigration,697.0
1999-10,Alberta,Net non-permanent residents,-962.0
1999-10,British Columbia,Immigrants,8666.0
1999-10,British Columbia,Net emigration,3124.0
1999-10,British Columbia,Emigrants,2133.0
1999-10,British Columbia,Returning emigrants,450.0
1999-10,British Columbia,Net temporary emigration,1441.0
1999-10,British Columbia,Net non-permanent residents,-1431.0
1999-10,Yukon,Immigrants,12.0
1999-10,Yukon,Net emigration,14.0
1999-10,Yukon,Emigrants,11.0
1999-10,Yukon,Returning emigrants,3.0
1999-10,Yukon,Net temporary emigration,6.0
1999-10,Yukon,Net non-permanent residents,-42.0
1999-10,Northwest Territories,Immigrants,22.0
1999-10,Northwest Territories,Net emigration,6.0
1999-10,Northwest Territories,Emigrants,4.0
1999-10,Northwest Territories,Returning emigrants,2.0
1999-10,Northwest Territories,Net temporary emigration,4.0
1999-10,Northwest Territories,Net non-permanent residents,-8.0
1999-10,Nunavut,Immigrants,1.0
1999-10,Nunavut,Net emigration,5.0
1999-10,Nunavut,Emigrants,3.0
1999-10,Nunavut,Returning emigrants,0.0
1999-10,Nunavut,Net temporary emigration,2.0
1999-10,Nunavut,Net non-permanent residents,-1.0
2000-01,Canada,Immigrants,45564.0
2000-01,Canada,Net emigration,10376.0
2000-01,Canada,Emigrants,7843.0
2000-01,Canada,Returning emigrants,2747.0
2000-01,Canada,Net temporary emigration,5280.0
2000-01,Canada,Net non-permanent residents,11842.0
2000-01,Newfoundland and Labrador,Immigrants,80.0
2000-01,Newfoundland and Labrador,Net emigration,65.0
2000-01,Newfoundland and Labrador,Emigrants,54.0
2000-01,Newfoundland and Labrador,Returning emigrants,10.0
2000-01,Newfoundland and Labrador,Net temporary emigration,21.0
2000-01,Newfoundland and Labrador,Net non-permanent residents,103.0
2000-01,Prince Edward Island,Immigrants,21.0
2000-01,Prince Edward Island,Net emigration,14.0
2000-01,Prince Edward Island,Emigrants,10.0
2000-01,Prince Edward Island,Returning emigrants,3.0
2000-01,Prince Edward Island,Net temporary emigration,7.0
2000-01,Prince Edward Island,Net non-permanent residents,-20.0
2000-01,Nova Scotia,Immigrants,306.0
2000-01,Nova Scotia,Net emigration,160.0
2000-01,Nova Scotia,Emigrants,147.0
2000-01,Nova Scotia,Returning emigrants,64.0
2000-01,Nova Scotia,Net temporary emigration,77.0
2000-01,Nova Scotia,Net non-permanent residents,-5.0
2000-01,New Brunswick,Immigrants,122.0
2000-01,New Brunswick,Net emigration,106.0
2000-01,New Brunswick,Emigrants,100.0
2000-01,New Brunswick,Returning emigrants,40.0
2000-01,New Brunswick,Net temporary emigration,46.0
2000-01,New Brunswick,Net non-permanent residents,157.0
2000-01,Quebec,Immigrants,6854.0
2000-01,Quebec,Net emigration,1672.0
2000-01,Quebec,Emigrants,1238.0
2000-01,Quebec,Returning emigrants,407.0
2000-01,Quebec,Net temporary emigration,841.0
2000-01,Quebec,Net non-permanent residents,1152.0
2000-01,Ontario,Immigrants,25413.0
2000-01,Ontario,Net emigration,4447.0
2000-01,Ontario,Emigrants,3417.0
2000-01,Ontario,Returning emigrants,1167.0
2000-01,Ontario,Net temporary emigration,2197.0
2000-01,Ontario,Net non-permanent residents,7571.0
2000-01,Manitoba,Immigrants,855.0
2000-01,Manitoba,Net emigration,200.0
2000-01,Manitoba,Emigrants,266.0
2000-01,Manitoba,Returning emigrants,182.0
2000-01,Manitoba,Net temporary emigration,116.0
2000-01,Manitoba,Net non-permanent residents,174.0
2000-01,Saskatchewan,Immigrants,391.0
2000-01,Saskatchewan,Net emigration,225.0
2000-01,Saskatchewan,Emigrants,156.0
2000-01,Saskatchewan,Returning emigrants,37.0
2000-01,Saskatchewan,Net temporary emigration,106.0
2000-01,Saskatchewan,Net non-permanent residents,8.0
2000-01,Alberta,Immigrants,2864.0
2000-01,Alberta,Net emigration,1063.0
2000-01,Alberta,Emigrants,894.0
2000-01,Alberta,Returning emigrants,437.0
2000-01,Alberta,Net temporary emigration,606.0
2000-01,Alberta,Net non-permanent residents,713.0
2000-01,British Columbia,Immigrants,8610.0
2000-01,British Columbia,Net emigration,2403.0
2000-01,British Columbia,Emigrants,1546.0
2000-01,British Columbia,Returning emigrants,396.0
2000-01,British Columbia,Net temporary emigration,1253.0
2000-01,British Columbia,Net non-permanent residents,1950.0
2000-01,Yukon,Immigrants,15.0
2000-01,Yukon,Net emigration,11.0
2000-01,Yukon,Emigrants,9.0
2000-01,Yukon,Returning emigrants,3.0
2000-01,Yukon,Net temporary emigration,5.0
2000-01,Yukon,Net non-permanent residents,27.0
2000-01,Northwest Territories,Immigrants,33.0
2000-01,Northwest Territories,Net emigration,6.0
2000-01,Northwest Territories,Emigrants,4.0
2000-01,Northwest Territories,Returning emigrants,1.0
2000-01,Northwest Territories,Net temporary emigration,3.0
2000-01,Northwest Territories,Net non-permanent residents,10.0
2000-01,Nunavut,Immigrants,0.0
2000-01,Nunavut,Net emigration,4.0
2000-01,Nunavut,Emigrants,2.0
2000-01,Nunavut,Returning emigrants,0.0
2000-01,Nunavut,Net temporary emigration,2.0
2000-01,Nunavut,Net non-permanent residents,2.0
2000-04,Canada,Immigrants,57871.0
2000-04,Canada,Net emigration,11556.0
2000-04,Canada,Emigrants,10613.0
2000-04,Canada,Returning emigrants,5074.0
2000-04,Canada,Net temporary emigration,6017.0
2000-04,Canada,Net non-permanent residents,12981.0
2000-04,Newfoundland and Labrador,Immigrants,91.0
2000-04,Newfoundland and Labrador,Net emigration,81.0
2000-04,Newfoundland and Labrador,Emigrants,73.0
2000-04,Newfoundland and Labrador,Returning emigrants,17.0
2000-04,Newfoundland and Labrador,Net temporary emigration,25.0
2000-04,Newfoundland and Labrador,Net non-permanent residents,191.0
2000-04,Prince Edward Island,Immigrants,42.0
2000-04,Prince Edward Island,Net emigration,16.0
2000-04,Prince Edward Island,Emigrants,14.0
2000-04,Prince Edward Island,Returning emigrants,6.0
2000-04,Prince Edward Island,Net temporary emigration,8.0
2000-04,Prince Edward Island,Net non-permanent residents,4.0
2000-04,Nova Scotia,Immigrants,423.0
2000-04,Nova Scotia,Net emigration,169.0
2000-04,Nova Scotia,Emigrants,199.0
2000-04,Nova Scotia,Returning emigrants,118.0
2000-04,Nova Scotia,Net temporary emigration,88.0
2000-04,Nova Scotia,Net non-permanent residents,-2.0
2000-04,New Brunswick,Immigrants,178.0
2000-04,New Brunswick,Net emigration,114.0
2000-04,New Brunswick,Emigrants,135.0
2000-04,New Brunswick,Returning emigrants,73.0
2000-04,New Brunswick,Net temporary emigration,52.0
2000-04,New Brunswick,Net non-permanent residents,-70.0
2000-04,Quebec,Immigrants,7762.0
2000-04,Quebec,Net emigration,1882.0
2000-04,Quebec,Emigrants,1675.0
2000-04,Quebec,Returning emigrants,752.0
2000-04,Quebec,Net temporary emigration,959.0
2000-04,Quebec,Net non-permanent residents,1169.0
2000-04,Ontario,Immigrants,34554.0
2000-04,Ontario,Net emigration,4971.0
2000-04,Ontario,Emigrants,4623.0
2000-04,Ontario,Returning emigrants,2156.0
2000-04,Ontario,Net temporary emigration,2504.0
2000-04,Ontario,Net non-permanent residents,10470.0
2000-04,Manitoba,Immigrants,1285.0
2000-04,Manitoba,Net emigration,156.0
2000-04,Manitoba,Emigrants,361.0
2000-04,Manitoba,Returning emigrants,337.0
2000-04,Manitoba,Net temporary emigration,132.0
2000-04,Manitoba,Net non-permanent residents,196.0
2000-04,Saskatchewan,Immigrants,443.0
2000-04,Saskatchewan,Net emigration,263.0
2000-04,Saskatchewan,Emigrants,211.0
2000-04,Saskatchewan,Returning emigrants,68.0
2000-04,Saskatchewan,Net temporary emigration,120.0
2000-04,Saskatchewan,Net non-permanent residents,161.0
2000-04,Alberta,Immigrants,3552.0
2000-04,Alberta,Net emigration,1095.0
2000-04,Alberta,Emigrants,1211.0
2000-04,Alberta,Returning emigrants,806.0
2000-04,Alberta,Net temporary emigration,690.0
2000-04,Alberta,Net non-permanent residents,561.0
2000-04,British Columbia,Immigrants,9495.0
2000-04,British Columbia,Net emigration,2788.0
2000-04,British Columbia,Emigrants,2092.0
2000-04,British Columbia,Returning emigrants,732.0
2000-04,British Columbia,Net temporary emigration,1428.0
2000-04,British Columbia,Net non-permanent residents,260.0
2000-04,Yukon,Immigrants,24.0
2000-04,Yukon,Net emigration,10.0
2000-04,Yukon,Emigrants,11.0
2000-04,Yukon,Returning emigrants,6.0
2000-04,Yukon,Net temporary emigration,5.0
2000-04,Yukon,Net non-permanent residents,41.0
2000-04,Northwest Territories,Immigrants,16.0
2000-04,Northwest Territories,Net emigration,6.0
2000-04,Northwest Territories,Emigrants,5.0
2000-04,Northwest Territories,Returning emigrants,3.0
2000-04,Northwest Territories,Net temporary emigration,4.0
2000-04,Northwest Territories,Net non-permanent residents,-2.0
2000-04,Nunavut,Immigrants,6.0
2000-04,Nunavut,Net emigration,5.0
2000-04,Nunavut,Emigrants,3.0
2000-04,Nunavut,Returning emigrants,0.0
2000-04,Nunavut,Net temporary emigration,2.0
2000-04,Nunavut,Net non-permanent residents,2.0
2000-07,Canada,Immigrants,66518.0
2000-07,Canada,Net emigration,21078.0
2000-07,Canada,Emigrants,19583.0
2000-07,Canada,Returning emigrants,6940.0
2000-07,Canada,Net temporary emigration,8435.0
2000-07,Canada,Net non-permanent residents,23335.0
2000-07,Newfoundland and Labrador,Immigrants,114.0
2000-07,Newfoundland and Labrador,Net emigration,116.0
2000-07,Newfoundland and Labrador,Emigrants,117.0
2000-07,Newfoundland and Labrador,Returning emigrants,36.0
2000-07,Newfoundland and Labrador,Net temporary emigration,35.0
2000-07,Newfoundland and Labrador,Net non-permanent residents,134.0
2000-07,Prince Edward Island,Immigrants,64.0
2000-07,Prince Edward Island,Net emigration,28.0
2000-07,Prince Edward Island,Emigrants,36.0
2000-07,Prince Edward Island,Returning emigrants,19.0
2000-07,Prince Edward Island,Net temporary emigration,11.0
2000-07,Prince Edward Island,Net non-permanent residents,38.0
2000-07,Nova Scotia,Immigrants,501.0
2000-07,Nova Scotia,Net emigration,427.0
2000-07,Nova Scotia,Emigrants,430.0
2000-07,Nova Scotia,Returning emigrants,126.0
2000-07,Nova Scotia,Net temporary emigration,123.0
2000-07,Nova Scotia,Net non-permanent residents,461.0
2000-07,New Brunswick,Immigrants,245.0
2000-07,New Brunswick,Net emigration,271.0
2000-07,New Brunswick,Emigrants,268.0
2000-07,New Brunswick,Returning emigrants,71.0
2000-07,New Brunswick,Net temporary emigration,74.0
2000-07,New Brunswick,Net non-permanent residents,334.0
2000-07,Quebec,Immigrants,9158.0
2000-07,Quebec,Net emigration,3439.0
2000-07,Quebec,Emigrants,3345.0
2000-07,Quebec,Returning emigrants,1250.0
2000-07,Quebec,Net temporary emigration,1344.0
2000-07,Quebec,Net non-permanent residents,3716.0
2000-07,Ontario,Immigrants,39990.0
2000-07,Ontario,Net emigration,8632.0
2000-07,Ontario,Emigrants,8047.0
2000-07,Ontario,Returning emigrants,2923.0
2000-07,Ontario,Net temporary emigration,3508.0
2000-07,Ontario,Net non-permanent residents,14622.0
2000-07,Manitoba,Immigrants,1386.0
2000-07,Manitoba,Net emigration,440.0
2000-07,Manitoba,Emigrants,658.0
2000-07,Manitoba,Returning emigrants,404.0
2000-07,Manitoba,Net temporary emigration,186.0
2000-07,Manitoba,Net non-permanent residents,169.0
2000-07,Saskatchewan,Immigrants,549.0
2000-07,Saskatchewan,Net emigration,529.0
2000-07,Saskatchewan,Emigrants,499.0
2000-07,Saskatchewan,Returning emigrants,139.0
2000-07,Saskatchewan,Net temporary emigration,169.0
2000-07,Saskatchewan,Net non-permanent residents,197.0
2000-07,Alberta,Immigrants,4171.0
2000-07,Alberta,Net emigration,2598.0
2000-07,Alberta,Emigrants,2638.0
2000-07,Alberta,Returning emigrants,1007.0
2000-07,Alberta,Net temporary emigration,967.0
2000-07,Alberta,Net non-permanent residents,1353.0
2000-07,British Columbia,Immigrants,10316.0
2000-07,British Columbia,Net emigration,4563.0
2000-07,British Columbia,Emigrants,3517.0
2000-07,British Columbia,Returning emigrants,956.0
2000-07,British Columbia,Net temporary emigration,2002.0
2000-07,British Columbia,Net non-permanent residents,2320.0
2000-07,Yukon,Immigrants,12.0
2000-07,Yukon,Net emigration,13.0
2000-07,Yukon,Emigrants,10.0
2000-07,Yukon,Returning emigrants,5.0
2000-07,Yukon,Net temporary emigration,8.0
2000-07,Yukon,Net non-permanent residents,-5.0
2000-07,Northwest Territories,Immigrants,11.0
2000-07,Northwest Territories,Net emigration,15.0
2000-07,Northwest Territories,Emigrants,13.0
2000-07,Northwest Territories,Returning emigrants,4.0
2000-07,Northwest Territories,Net temporary emigration,6.0
2000-07,Northwest Territories,Net non-permanent residents,-7.0
2000-07,Nunavut,Immigrants,1.0
2000-07,Nunavut,Net emigration,7.0
2000-07,Nunavut,Emigrants,5.0
2000-07,Nunavut,Returning emigrants,0.0
2000-07,Nunavut,Net temporary emigration,2.0
2000-07,Nunavut,Net non-permanent residents,3.0
2000-10,Canada,Immigrants,57476.0
2000-10,Canada,Net emigration,14099.0
2000-10,Canada,Emigrants,10802.0
2000-10,Canada,Returning emigrants,2789.0
2000-10,Canada,Net temporary emigration,6086.0
2000-10,Canada,Net non-permanent residents,-19725.0
2000-10,Newfoundland and Labrador,Immigrants,132.0
2000-10,Newfoundland and Labrador,Net emigration,75.0
2000-10,Newfoundland and Labrador,Emigrants,65.0
2000-10,Newfoundland and Labrador,Returning emigrants,15.0
2000-10,Newfoundland and Labrador,Net temporary emigration,25.0
2000-10,Newfoundland and Labrador,Net non-permanent residents,-349.0
2000-10,Prince Edward Island,Immigrants,61.0
2000-10,Prince Edward Island,Net emigration,23.0
2000-10,Prince Edward Island,Emigrants,21.0
2000-10,Prince Edward Island,Returning emigrants,7.0
2000-10,Prince Edward Island,Net temporary emigration,9.0
2000-10,Prince Edward Island,Net non-permanent residents,-47.0
2000-10,Nova Scotia,Immigrants,375.0
2000-10,Nova Scotia,Net emigration,276.0
2000-10,Nova Scotia,Emigrants,237.0
2000-10,Nova Scotia,Returning emigrants,51.0
2000-10,Nova Scotia,Net temporary emigration,90.0
2000-10,Nova Scotia,Net non-permanent residents,-198.0
2000-10,New Brunswick,Immigrants,216.0
2000-10,New Brunswick,Net emigration,175.0
2000-10,New Brunswick,Emigrants,149.0
2000-10,New Brunswick,Returning emigrants,28.0
2000-10,New Brunswick,Net temporary emigration,54.0
2000-10,New Brunswick,Net non-permanent residents,-179.0
2000-10,Quebec,Immigrants,8728.0
2000-10,Quebec,Net emigration,2313.0
2000-10,Quebec,Emigrants,1845.0
2000-10,Quebec,Returning emigrants,502.0
2000-10,Quebec,Net temporary emigration,970.0
2000-10,Quebec,Net non-permanent residents,-3152.0
2000-10,Ontario,Immigrants,33545.0
2000-10,Ontario,Net emigration,5793.0
2000-10,Ontario,Emigrants,4438.0
2000-10,Ontario,Returning emigrants,1173.0
2000-10,Ontario,Net temporary emigration,2528.0
2000-10,Ontario,Net non-permanent residents,-14515.0
2000-10,Manitoba,Immigrants,1121.0
2000-10,Manitoba,Net emigration,334.0
2000-10,Manitoba,Emigrants,363.0
2000-10,Manitoba,Returning emigrants,163.0
2000-10,Manitoba,Net temporary emigration,134.0
2000-10,Manitoba,Net non-permanent residents,-245.0
2000-10,Saskatchewan,Immigrants,508.0
2000-10,Saskatchewan,Net emigration,340.0
2000-10,Saskatchewan,Emigrants,274.0
2000-10,Saskatchewan,Returning emigrants,56.0
2000-10,Saskatchewan,Net temporary emigration,122.0
2000-10,Saskatchewan,Net non-permanent residents,-247.0
2000-10,Alberta,Immigrants,3762.0
2000-10,Alberta,Net emigration,1749.0
2000-10,Alberta,Emigrants,1455.0
2000-10,Alberta,Returning emigrants,404.0
2000-10,Alberta,Net temporary emigration,698.0
2000-10,Alberta,Net non-permanent residents,-856.0
2000-10,British Columbia,Immigrants,8992.0
2000-10,British Columbia,Net emigration,2998.0
2000-10,British Columbia,Emigrants,1939.0
2000-10,British Columbia,Returning emigrants,385.0
2000-10,British Columbia,Net temporary emigration,1444.0
2000-10,British Columbia,Net non-permanent residents,75.0
2000-10,Yukon,Immigrants,9.0
2000-10,Yukon,Net emigration,9.0
2000-10,Yukon,Emigrants,6.0
2000-10,Yukon,Returning emigrants,3.0
2000-10,Yukon,Net temporary emigration,6.0
2000-10,Yukon,Net non-permanent residents,-61.0
2000-10,Northwest Territories,Immigrants,22.0
2000-10,Northwest Territories,Net emigration,9.0
2000-10,Northwest Territories,Emigrants,7.0
2000-10,Northwest Territories,Returning emigrants,2.0
2000-10,Northwest Territories,Net temporary emigration,4.0
2000-10,Northwest Territories,Net non-permanent residents,52.0
2000-10,Nunavut,Immigrants,5.0
2000-10,Nunavut,Net emigration,5.0
2000-10,Nunavut,Emigrants,3.0
2000-10,Nunavut,Returning emigrants,0.0
2000-10,Nunavut,Net temporary emigration,2.0
2000-10,Nunavut,Net non-permanent residents,-3.0
2001-01,Canada,Immigrants,58485.0
2001-01,Canada,Net emigration,10101.0
2001-01,Canada,Emigrants,7652.0
2001-01,Canada,Returning emigrants,2794.0
2001-01,Canada,Net temporary emigration,5243.0
2001-01,Canada,Net non-permanent residents,17268.0
2001-01,Newfoundland and Labrador,Immigrants,99.0
2001-01,Newfoundland and Labrador,Net emigration,52.0
2001-01,Newfoundland and Labrador,Emigrants,46.0
2001-01,Newfoundland and Labrador,Returning emigrants,15.0
2001-01,Newfoundland and Labrador,Net temporary emigration,21.0
2001-01,Newfoundland and Labrador,Net non-permanent residents,-48.0
2001-01,Prince Edward Island,Immigrants,46.0
2001-01,Prince Edward Island,Net emigration,15.0
2001-01,Prince Edward Island,Emigrants,15.0
2001-01,Prince Edward Island,Returning emigrants,7.0
2001-01,Prince Edward Island,Net temporary emigration,7.0
2001-01,Prince Edward Island,Net non-permanent residents,10.0
2001-01,Nova Scotia,Immigrants,460.0
2001-01,Nova Scotia,Net emigration,194.0
2001-01,Nova Scotia,Emigrants,168.0
2001-01,Nova Scotia,Returning emigrants,51.0
2001-01,Nova Scotia,Net temporary emigration,77.0
2001-01,Nova Scotia,Net non-permanent residents,159.0
2001-01,New Brunswick,Immigrants,203.0
2001-01,New Brunswick,Net emigration,121.0
2001-01,New Brunswick,Emigrants,104.0
2001-01,New Brunswick,Returning emigrants,28.0
2001-01,New Brunswick,Net temporary emigration,45.0
2001-01,New Brunswick,Net non-permanent residents,167.0
2001-01,Quebec,Immigrants,8097.0
2001-01,Quebec,Net emigration,1640.0
2001-01,Quebec,Emigrants,1307.0
2001-01,Quebec,Returning emigrants,503.0
2001-01,Quebec,Net temporary emigration,836.0
2001-01,Quebec,Net non-permanent residents,1830.0
2001-01,Ontario,Immigrants,34801.0
2001-01,Ontario,Net emigration,4148.0
2001-01,Ontario,Emigrants,3144.0
2001-01,Ontario,Returning emigrants,1177.0
2001-01,Ontario,Net temporary emigration,2181.0
2001-01,Ontario,Net non-permanent residents,10911.0
2001-01,Manitoba,Immigrants,1095.0
2001-01,Manitoba,Net emigration,210.0
2001-01,Manitoba,Emigrants,257.0
2001-01,Manitoba,Returning emigrants,163.0
2001-01,Manitoba,Net temporary emigration,116.0
2001-01,Manitoba,Net non-permanent residents,196.0
2001-01,Saskatchewan,Immigrants,402.0
2001-01,Saskatchewan,Net emigration,243.0
2001-01,Saskatchewan,Emigrants,194.0
2001-01,Saskatchewan,Returning emigrants,56.0
2001-01,Saskatchewan,Net temporary emigration,105.0
2001-01,Saskatchewan,Net non-permanent residents,120.0
2001-01,Alberta,Immigrants,3830.0
2001-01,Alberta,Net emigration,1227.0
2001-01,Alberta,Emigrants,1031.0
2001-01,Alberta,Returning emigrants,405.0
2001-01,Alberta,Net temporary emigration,601.0
2001-01,Alberta,Net non-permanent residents,1502.0
2001-01,British Columbia,Immigrants,9428.0
2001-01,British Columbia,Net emigration,2234.0
2001-01,British Columbia,Emigrants,1375.0
2001-01,British Columbia,Returning emigrants,385.0
2001-01,British Columbia,Net temporary emigration,1244.0
2001-01,British Columbia,Net non-permanent residents,2402.0
2001-01,Yukon,Immigrants,9.0
2001-01,Yukon,Net emigration,6.0
2001-01,Yukon,Emigrants,4.0
2001-01,Yukon,Returning emigrants,3.0
2001-01,Yukon,Net temporary emigration,5.0
2001-01,Yukon,Net non-permanent residents,-2.0
2001-01,Northwest Territories,Immigrants,15.0
2001-01,Northwest Territories,Net emigration,6.0
2001-01,Northwest Territories,Emigrants,4.0
2001-01,Northwest Territories,Returning emigrants,1.0
2001-01,Northwest Territories,Net temporary emigration,3.0
2001-01,Northwest Territories,Net non-permanent residents,16.0
2001-01,Nunavut,Immigrants,0.0
2001-01,Nunavut,Net emigration,5.0
2001-01,Nunavut,Emigrants,3.0
2001-01,Nunavut,Returning emigrants,0.0
2001-01,Nunavut,Net temporary emigration,2.0
2001-01,Nunavut,Net non-permanent residents,5.0
2001-04,Canada,Immigrants,70048.0
2001-04,Canada,Net emigration,10141.0
2001-04,Canada,Emigrants,9729.0
2001-04,Canada,Returning emigrants,5387.0
2001-04,Canada,Net temporary emigration,5799.0
2001-04,Canada,Net non-permanent residents,18774.0
2001-04,Newfoundland and Labrador,Immigrants,100.0
2001-04,Newfoundland and Labrador,Net emigration,54.0
2001-04,Newfoundland and Labrador,Emigrants,58.0
2001-04,Newfoundland and Labrador,Returning emigrants,28.0
2001-04,Newfoundland and Labrador,Net temporary emigration,24.0
2001-04,Newfoundland and Labrador,Net non-permanent residents,116.0
2001-04,Prince Edward Island,Immigrants,18.0
2001-04,Prince Edward Island,Net emigration,11.0
2001-04,Prince Edward Island,Emigrants,18.0
2001-04,Prince Edward Island,Returning emigrants,14.0
2001-04,Prince Edward Island,Net temporary emigration,7.0
2001-04,Prince Edward Island,Net non-permanent residents,4.0
2001-04,Nova Scotia,Immigrants,411.0
2001-04,Nova Scotia,Net emigration,201.0
2001-04,Nova Scotia,Emigrants,214.0
2001-04,Nova Scotia,Returning emigrants,98.0
2001-04,Nova Scotia,Net temporary emigration,85.0
2001-04,Nova Scotia,Net non-permanent residents,53.0
2001-04,New Brunswick,Immigrants,210.0
2001-04,New Brunswick,Net emigration,129.0
2001-04,New Brunswick,Emigrants,133.0
2001-04,New Brunswick,Returning emigrants,54.0
2001-04,New Brunswick,Net temporary emigration,50.0
2001-04,New Brunswick,Net non-permanent residents,-30.0
2001-04,Quebec,Immigrants,10733.0
2001-04,Quebec,Net emigration,1616.0
2001-04,Quebec,Emigrants,1662.0
2001-04,Quebec,Returning emigrants,970.0
2001-04,Quebec,Net temporary emigration,924.0
2001-04,Quebec,Net non-permanent residents,1092.0
2001-04,Ontario,Immigrants,41662.0
2001-04,Ontario,Net emigration,4142.0
2001-04,Ontario,Emigrants,3997.0
2001-04,Ontario,Returning emigrants,2270.0
2001-04,Ontario,Net temporary emigration,2415.0
2001-04,Ontario,Net non-permanent residents,13140.0
2001-04,Manitoba,Immigrants,1235.0
2001-04,Manitoba,Net emigration,139.0
2001-04,Manitoba,Emigrants,326.0
2001-04,Manitoba,Returning emigrants,314.0
2001-04,Manitoba,Net temporary emigration,127.0
2001-04,Manitoba,Net non-permanent residents,227.0
2001-04,Saskatchewan,Immigrants,384.0
2001-04,Saskatchewan,Net emigration,256.0
2001-04,Saskatchewan,Emigrants,248.0
2001-04,Saskatchewan,Returning emigrants,108.0
2001-04,Saskatchewan,Net temporary emigration,116.0
2001-04,Saskatchewan,Net non-permanent residents,218.0
2001-04,Alberta,Immigrants,4439.0
2001-04,Alberta,Net emigration,1194.0
2001-04,Alberta,Emigrants,1311.0
2001-04,Alberta,Returning emigrants,782.0
2001-04,Alberta,Net temporary emigration,665.0
2001-04,Alberta,Net non-permanent residents,1825.0
2001-04,British Columbia,Immigrants,10807.0
2001-04,British Columbia,Net emigration,2382.0
2001-04,British Columbia,Emigrants,1748.0
2001-04,British Columbia,Returning emigrants,742.0
2001-04,British Columbia,Net temporary emigration,1376.0
2001-04,British Columbia,Net non-permanent residents,2061.0
2001-04,Yukon,Immigrants,18.0
2001-04,Yukon,Net emigration,5.0
2001-04,Yukon,Emigrants,5.0
2001-04,Yukon,Returning emigrants,4.0
2001-04,Yukon,Net temporary emigration,4.0
2001-04,Yukon,Net non-permanent residents,48.0
2001-04,Northwest Territories,Immigrants,26.0
2001-04,Northwest Territories,Net emigration,7.0
2001-04,Northwest Territories,Emigrants,6.0
2001-04,Northwest Territories,Returning emigrants,3.0
2001-04,Northwest Territories,Net temporary emigration,4.0
2001-04,Northwest Territories,Net non-permanent residents,12.0
2001-04,Nunavut,Immigrants,5.0
2001-04,Nunavut,Net emigration,5.0
2001-04,Nunavut,Emigrants,3.0
2001-04,Nunavut,Returning emigrants,0.0
2001-04,Nunavut,Net temporary emigration,2.0
2001-04,Nunavut,Net non-permanent residents,8.0
2001-07,Canada,Immigrants,69951.0
2001-07,Canada,Net emigration,23655.0
2001-07,Canada,Emigrants,23167.0
2001-07,Canada,Returning emigrants,9319.0
2001-07,Canada,Net temporary emigration,9807.0
2001-07,Canada,Net non-permanent residents,29574.0
2001-07,Newfoundland and Labrador,Immigrants,89.0
2001-07,Newfoundland and Labrador,Net emigration,228.0
2001-07,Newfoundland and Labrador,Emigrants,137.0
2001-07,Newfoundland and Labrador,Returning emigrants,35.0
2001-07,Newfoundland and Labrador,Net temporary emigration,126.0
2001-07,Newfoundland and Labrador,Net non-permanent residents,-98.0
2001-07,Prince Edward Island,Immigrants,29.0
2001-07,Prince Edward Island,Net emigration,45.0
2001-07,Prince Edward Island,Emigrants,36.0
2001-07,Prince Edward Island,Returning emigrants,24.0
2001-07,Prince Edward Island,Net temporary emigration,33.0
2001-07,Prince Edward Island,Net non-permanent residents,32.0
2001-07,Nova Scotia,Immigrants,495.0
2001-07,Nova Scotia,Net emigration,595.0
2001-07,Nova Scotia,Emigrants,528.0
2001-07,Nova Scotia,Returning emigrants,164.0
2001-07,Nova Scotia,Net temporary emigration,231.0
2001-07,Nova Scotia,Net non-permanent residents,691.0
2001-07,New Brunswick,Immigrants,220.0
2001-07,New Brunswick,Net emigration,409.0
2001-07,New Brunswick,Emigrants,376.0
2001-07,New Brunswick,Returning emigrants,150.0
2001-07,New Brunswick,Net temporary emigration,183.0
2001-07,New Brunswick,Net non-permanent residents,374.0
2001-07,Quebec,Immigrants,10058.0
2001-07,Quebec,Net emigration,3183.0
2001-07,Quebec,Emigrants,3428.0
2001-07,Quebec,Returning emigrants,1621.0
2001-07,Quebec,Net temporary emigration,1376.0
2001-07,Quebec,Net non-permanent residents,4776.0
2001-07,Ontario,Immigrants,42152.0
2001-07,Ontario,Net emigration,10153.0
2001-07,Ontario,Emigrants,9632.0
2001-07,Ontario,Returning emigrants,4021.0
2001-07,Ontario,Net temporary emigration,4542.0
2001-07,Ontario,Net non-permanent residents,16528.0
2001-07,Manitoba,Immigrants,1164.0
2001-07,Manitoba,Net emigration,612.0
2001-07,Manitoba,Emigrants,703.0
2001-07,Manitoba,Returning emigrants,372.0
2001-07,Manitoba,Net temporary emigration,281.0
2001-07,Manitoba,Net non-permanent residents,383.0
2001-07,Saskatchewan,Immigrants,556.0
2001-07,Saskatchewan,Net emigration,445.0
2001-07,Saskatchewan,Emigrants,418.0
2001-07,Saskatchewan,Returning emigrants,101.0
2001-07,Saskatchewan,Net temporary emigration,128.0
2001-07,Saskatchewan,Net non-permanent residents,156.0
2001-07,Alberta,Immigrants,4591.0
2001-07,Alberta,Net emigration,2486.0
2001-07,Alberta,Emigrants,2772.0
2001-07,Alberta,Returning emigrants,1408.0
2001-07,Alberta,Net temporary emigration,1122.0
2001-07,Alberta,Net non-permanent residents,1790.0
2001-07,British Columbia,Immigrants,10529.0
2001-07,British Columbia,Net emigration,5449.0
2001-07,British Columbia,Emigrants,5109.0
2001-07,British Columbia,Returning emigrants,1413.0
2001-07,British Columbia,Net temporary emigration,1753.0
2001-07,British Columbia,Net non-permanent residents,4931.0
2001-07,Yukon,Immigrants,26.0
2001-07,Yukon,Net emigration,23.0
2001-07,Yukon,Emigrants,21.0
2001-07,Yukon,Returning emigrants,8.0
2001-07,Yukon,Net temporary emigration,10.0
2001-07,Yukon,Net non-permanent residents,-20.0
2001-07,Northwest Territories,Immigrants,36.0
2001-07,Northwest Territories,Net emigration,14.0
2001-07,Northwest Territories,Emigrants,3.0
2001-07,Northwest Territories,Returning emigrants,2.0
2001-07,Northwest Territories,Net temporary emigration,13.0
2001-07,Northwest Territories,Net non-permanent residents,38.0
2001-07,Nunavut,Immigrants,6.0
2001-07,Nunavut,Net emigration,13.0
2001-07,Nunavut,Emigrants,4.0
2001-07,Nunavut,Returning emigrants,0.0
2001-07,Nunavut,Net temporary emigration,9.0
2001-07,Nunavut,Net non-permanent residents,-7.0
2001-10,Canada,Immigrants,52154.0
2001-10,Canada,Net emigration,15494.0
2001-10,Canada,Emigrants,13040.0
2001-10,Canada,Returning emigrants,4573.0
2001-10,Canada,Net temporary emigration,7027.0
2001-10,Canada,Net non-permanent residents,-18330.0
2001-10,Newfoundland and Labrador,Immigrants,104.0
2001-10,Newfoundland and Labrador,Net emigration,131.0
2001-10,Newfoundland and Labrador,Emigrants,57.0
2001-10,Newfoundland and Labrador,Returning emigrants,17.0
2001-10,Newfoundland and Labrador,Net temporary emigration,91.0
2001-10,Newfoundland and Labrador,Net non-permanent residents,-26.0
2001-10,Prince Edward Island,Immigrants,41.0
2001-10,Prince Edward Island,Net emigration,27.0
2001-10,Prince Edward Island,Emigrants,15.0
2001-10,Prince Edward Island,Returning emigrants,12.0
2001-10,Prince Edward Island,Net temporary emigration,24.0
2001-10,Prince Edward Island,Net non-permanent residents,-33.0
2001-10,Nova Scotia,Immigrants,332.0
2001-10,Nova Scotia,Net emigration,295.0
2001-10,Nova Scotia,Emigrants,211.0
2001-10,Nova Scotia,Returning emigrants,82.0
2001-10,Nova Scotia,Net temporary emigration,166.0
2001-10,Nova Scotia,Net non-permanent residents,91.0
2001-10,New Brunswick,Immigrants,165.0
2001-10,New Brunswick,Net emigration,198.0
2001-10,New Brunswick,Emigrants,140.0
2001-10,New Brunswick,Returning emigrants,74.0
2001-10,New Brunswick,Net temporary emigration,132.0
2001-10,New Brunswick,Net non-permanent residents,-73.0
2001-10,Quebec,Immigrants,8716.0
2001-10,Quebec,Net emigration,2086.0
2001-10,Quebec,Emigrants,1896.0
2001-10,Quebec,Returning emigrants,795.0
2001-10,Quebec,Net temporary emigration,985.0
2001-10,Quebec,Net non-permanent residents,-3054.0
2001-10,Ontario,Immigrants,30039.0
2001-10,Ontario,Net emigration,6791.0
2001-10,Ontario,Emigrants,5511.0
2001-10,Ontario,Returning emigrants,1974.0
2001-10,Ontario,Net temporary emigration,3254.0
2001-10,Ontario,Net non-permanent residents,-14608.0
2001-10,Manitoba,Immigrants,1098.0
2001-10,Manitoba,Net emigration,379.0
2001-10,Manitoba,Emigrants,360.0
2001-10,Manitoba,Returning emigrants,182.0
2001-10,Manitoba,Net temporary emigration,201.0
2001-10,Manitoba,Net non-permanent residents,-148.0
2001-10,Saskatchewan,Immigrants,361.0
2001-10,Saskatchewan,Net emigration,238.0
2001-10,Saskatchewan,Emigrants,196.0
2001-10,Saskatchewan,Returning emigrants,50.0
2001-10,Saskatchewan,Net temporary emigration,92.0
2001-10,Saskatchewan,Net non-permanent residents,-51.0
2001-10,Alberta,Immigrants,3546.0
2001-10,Alberta,Net emigration,1436.0
2001-10,Alberta,Emigrants,1323.0
2001-10,Alberta,Returning emigrants,691.0
2001-10,Alberta,Net temporary emigration,804.0
2001-10,Alberta,Net non-permanent residents,-604.0
2001-10,British Columbia,Immigrants,7720.0
2001-10,British Columbia,Net emigration,3880.0
2001-10,British Columbia,Emigrants,3317.0
2001-10,British Columbia,Returning emigrants,693.0
2001-10,British Columbia,Net temporary emigration,1256.0
2001-10,British Columbia,Net non-permanent residents,232.0
2001-10,Yukon,Immigrants,12.0
2001-10,Yukon,Net emigration,18.0
2001-10,Yukon,Emigrants,14.0
2001-10,Yukon,Returning emigrants,3.0
2001-10,Yukon,Net temporary emigration,7.0
2001-10,Yukon,Net non-permanent residents,-46.0
2001-10,Northwest Territories,Immigrants,18.0
2001-10,Northwest Territories,Net emigration,9.0
2001-10,Northwest Territories,Emigrants,0.0
2001-10,Northwest Territories,Returning emigrants,0.0
2001-10,Northwest Territories,Net temporary emigration,9.0
2001-10,Northwest Territories,Net non-permanent residents,-13.0
2001-10,Nunavut,Immigrants,2.0
2001-10,Nunavut,Net emigration,6.0
2001-10,Nunavut,Emigrants,0.0
2001-10,Nunavut,Returning emigrants,0.0
2001-10,Nunavut,Net temporary emigration,6.0
2001-10,Nunavut,Net non-permanent residents,3.0
2002-01,Canada,Immigrants,61589.0
2002-01,Canada,Net emigration,7400.0
2002-01,Canada,Emigrants,6277.0
2002-01,Canada,Returning emigrants,4048.0
2002-01,Canada,Net temporary emigration,5171.0
2002-01,Canada,Net non-permanent residents,10837.0
2002-01,Newfoundland and Labrador,Immigrants,106.0
2002-01,Newfoundland and Labrador,Net emigration,80.0
2002-01,Newfoundland and Labrador,Emigrants,29.0
2002-01,Newfoundland and Labrador,Returning emigrants,15.0
2002-01,Newfoundland and Labrador,Net temporary emigration,66.0
2002-01,Newfoundland and Labrador,Net non-permanent residents,40.0
2002-01,Prince Edward Island,Immigrants,31.0
2002-01,Prince Edward Island,Net emigration,14.0
2002-01,Prince Edward Island,Emigrants,7.0
2002-01,Prince Edward Island,Returning emigrants,11.0
2002-01,Prince Edward Island,Net temporary emigration,18.0
2002-01,Prince Edward Island,Net non-permanent residents,-6.0
2002-01,Nova Scotia,Immigrants,364.0
2002-01,Nova Scotia,Net emigration,151.0
2002-01,Nova Scotia,Emigrants,101.0
2002-01,Nova Scotia,Returning emigrants,72.0
2002-01,Nova Scotia,Net temporary emigration,122.0
2002-01,Nova Scotia,Net non-permanent residents,412.0
2002-01,New Brunswick,Immigrants,170.0
2002-01,New Brunswick,Net emigration,105.0
2002-01,New Brunswick,Emigrants,74.0
2002-01,New Brunswick,Returning emigrants,66.0
2002-01,New Brunswick,Net temporary emigration,97.0
2002-01,New Brunswick,Net non-permanent residents,186.0
2002-01,Quebec,Immigrants,9762.0
2002-01,Quebec,Net emigration,956.0
2002-01,Quebec,Emigrants,934.0
2002-01,Quebec,Returning emigrants,703.0
2002-01,Quebec,Net temporary emigration,725.0
2002-01,Quebec,Net non-permanent residents,979.0
2002-01,Ontario,Immigrants,36136.0
2002-01,Ontario,Net emigration,3361.0
2002-01,Ontario,Emigrants,2715.0
2002-01,Ontario,Returning emigrants,1747.0
2002-01,Ontario,Net temporary emigration,2393.0
2002-01,Ontario,Net non-permanent residents,5604.0
2002-01,Manitoba,Immigrants,1036.0
2002-01,Manitoba,Net emigration,133.0
2002-01,Manitoba,Emigrants,147.0
2002-01,Manitoba,Returning emigrants,162.0
2002-01,Manitoba,Net temporary emigration,148.0
2002-01,Manitoba,Net non-permanent residents,227.0
2002-01,Saskatchewan,Immigrants,451.0
2002-01,Saskatchewan,Net emigration,86.0
2002-01,Saskatchewan,Emigrants,61.0
2002-01,Saskatchewan,Returning emigrants,44.0
2002-01,Saskatchewan,Net temporary emigration,69.0
2002-01,Saskatchewan,Net non-permanent residents,175.0
2002-01,Alberta,Immigrants,3929.0
2002-01,Alberta,Net emigration,631.0
2002-01,Alberta,Emigrants,651.0
2002-01,Alberta,Returning emigrants,611.0
2002-01,Alberta,Net temporary emigration,591.0
2002-01,Alberta,Net non-permanent residents,483.0
2002-01,British Columbia,Immigrants,9573.0
2002-01,British Columbia,Net emigration,1863.0
2002-01,British Columbia,Emigrants,1553.0
2002-01,British Columbia,Returning emigrants,614.0
2002-01,British Columbia,Net temporary emigration,924.0
2002-01,British Columbia,Net non-permanent residents,2697.0
2002-01,Yukon,Immigrants,5.0
2002-01,Yukon,Net emigration,8.0
2002-01,Yukon,Emigrants,5.0
2002-01,Yukon,Returning emigrants,3.0
2002-01,Yukon,Net temporary emigration,6.0
2002-01,Yukon,Net non-permanent residents,8.0
2002-01,Northwest Territories,Immigrants,20.0
2002-01,Northwest Territories,Net emigration,7.0
2002-01,Northwest Territories,Emigrants,0.0
2002-01,Northwest Territories,Returning emigrants,0.0
2002-01,Northwest Territories,Net temporary emigration,7.0
2002-01,Northwest Territories,Net non-permanent residents,21.0
2002-01,Nunavut,Immigrants,6.0
2002-01,Nunavut,Net emigration,5.0
2002-01,Nunavut,Emigrants,0.0
2002-01,Nunavut,Returning emigrants,0.0
2002-01,Nunavut,Net temporary emigration,5.0
2002-01,Nunavut,Net non-permanent residents,11.0
2002-04,Canada,Immigrants,72711.0
2002-04,Canada,Net emigration,5431.0
2002-04,Canada,Emigrants,7665.0
2002-04,Canada,Returning emigrants,7787.0
2002-04,Canada,Net temporary emigration,5553.0
2002-04,Canada,Net non-permanent residents,11429.0
2002-04,Newfoundland and Labrador,Immigrants,115.0
2002-04,Newfoundland and Labrador,Net emigration,83.0
2002-04,Newfoundland and Labrador,Emigrants,42.0
2002-04,Newfoundland and Labrador,Returning emigrants,30.0
2002-04,Newfoundland and Labrador,Net temporary emigration,71.0
2002-04,Newfoundland and Labrador,Net non-permanent residents,141.0
2002-04,Prince Edward Island,Immigrants,44.0
2002-04,Prince Edward Island,Net emigration,9.0
2002-04,Prince Edward Island,Emigrants,10.0
2002-04,Prince Edward Island,Returning emigrants,20.0
2002-04,Prince Edward Island,Net temporary emigration,19.0
2002-04,Prince Edward Island,Net non-permanent residents,0.0
2002-04,Nova Scotia,Immigrants,418.0
2002-04,Nova Scotia,Net emigration,130.0
2002-04,Nova Scotia,Emigrants,137.0
2002-04,Nova Scotia,Returning emigrants,138.0
2002-04,Nova Scotia,Net temporary emigration,131.0
2002-04,Nova Scotia,Net non-permanent residents,315.0
2002-04,New Brunswick,Immigrants,210.0
2002-04,New Brunswick,Net emigration,76.0
2002-04,New Brunswick,Emigrants,96.0
2002-04,New Brunswick,Returning emigrants,125.0
2002-04,New Brunswick,Net temporary emigration,105.0
2002-04,New Brunswick,Net non-permanent residents,-64.0
2002-04,Quebec,Immigrants,10578.0
2002-04,Quebec,Net emigration,622.0
2002-04,Quebec,Emigrants,1197.0
2002-04,Quebec,Returning emigrants,1354.0
2002-04,Quebec,Net temporary emigration,779.0
2002-04,Quebec,Net non-permanent residents,956.0
2002-04,Ontario,Immigrants,44496.0
2002-04,Ontario,Net emigration,2342.0
2002-04,Ontario,Emigrants,3132.0
2002-04,Ontario,Returning emigrants,3360.0
2002-04,Ontario,Net temporary emigration,2570.0
2002-04,Ontario,Net non-permanent residents,8886.0
2002-04,Manitoba,Immigrants,1527.0
2002-04,Manitoba,Net emigration,8.0
2002-04,Manitoba,Emigrants,160.0
2002-04,Manitoba,Returning emigrants,311.0
2002-04,Manitoba,Net temporary emigration,159.0
2002-04,Manitoba,Net non-permanent residents,193.0
2002-04,Saskatchewan,Immigrants,450.0
2002-04,Saskatchewan,Net emigration,76.0
2002-04,Saskatchewan,Emigrants,88.0
2002-04,Saskatchewan,Returning emigrants,85.0
2002-04,Saskatchewan,Net temporary emigration,73.0
2002-04,Saskatchewan,Net non-permanent residents,33.0
2002-04,Alberta,Immigrants,4623.0
2002-04,Alberta,Net emigration,275.0
2002-04,Alberta,Emigrants,816.0
2002-04,Alberta,Returning emigrants,1176.0
2002-04,Alberta,Net temporary emigration,635.0
2002-04,Alberta,Net non-permanent residents,635.0
2002-04,British Columbia,Immigrants,10202.0
2002-04,British Columbia,Net emigration,1790.0
2002-04,British Columbia,Emigrants,1979.0
2002-04,British Columbia,Returning emigrants,1181.0
2002-04,British Columbia,Net temporary emigration,992.0
2002-04,British Columbia,Net non-permanent residents,295.0
2002-04,Yukon,Immigrants,23.0
2002-04,Yukon,Net emigration,7.0
2002-04,Yukon,Emigrants,7.0
2002-04,Yukon,Returning emigrants,6.0
2002-04,Yukon,Net temporary emigration,6.0
2002-04,Yukon,Net non-permanent residents,48.0
2002-04,Northwest Territories,Immigrants,20.0
2002-04,Northwest Territories,Net emigration,7.0
2002-04,Northwest Territories,Emigrants,1.0
2002-04,Northwest Territories,Returning emigrants,1.0
2002-04,Northwest Territories,Net temporary emigration,7.0
2002-04,Northwest Territories,Net non-permanent residents,-4.0
2002-04,Nunavut,Immigrants,5.0
2002-04,Nunavut,Net emigration,6.0
2002-04,Nunavut,Emigrants,0.0
2002-04,Nunavut,Returning emigrants,0.0
2002-04,Nunavut,Net temporary emigration,6.0
2002-04,Nunavut,Net non-permanent residents,-5.0
2002-07,Canada,Immigrants,52919.0
2002-07,Canada,Net emigration,18739.0
2002-07,Canada,Emigrants,20472.0
2002-07,Canada,Returning emigrants,10414.0
2002-07,Canada,Net temporary emigration,8681.0
2002-07,Canada,Net non-permanent residents,25945.0
2002-07,Newfoundland and Labrador,Immigrants,66.0
2002-07,Newfoundland and Labrador,Net emigration,133.0
2002-07,Newfoundland and Labrador,Emigrants,89.0
2002-07,Newfoundland and Labrador,Returning emigrants,68.0
2002-07,Newfoundland and Labrador,Net temporary emigration,112.0
2002-07,Newfoundland and Labrador,Net non-permanent residents,266.0
2002-07,Prince Edward Island,Immigrants,7.0
2002-07,Prince Edward Island,Net emigration,35.0
2002-07,Prince Edward Island,Emigrants,23.0
2002-07,Prince Edward Island,Returning emigrants,18.0
2002-07,Prince Edward Island,Net temporary emigration,30.0
2002-07,Prince Edward Island,Net non-permanent residents,39.0
2002-07,Nova Scotia,Immigrants,315.0
2002-07,Nova Scotia,Net emigration,413.0
2002-07,Nova Scotia,Emigrants,420.0
2002-07,Nova Scotia,Returning emigrants,212.0
2002-07,Nova Scotia,Net temporary emigration,205.0
2002-07,Nova Scotia,Net non-permanent residents,442.0
2002-07,New Brunswick,Immigrants,164.0
2002-07,New Brunswick,Net emigration,206.0
2002-07,New Brunswick,Emigrants,193.0
2002-07,New Brunswick,Returning emigrants,150.0
2002-07,New Brunswick,Net temporary emigration,163.0
2002-07,New Brunswick,Net non-permanent residents,389.0
2002-07,Quebec,Immigrants,9405.0
2002-07,Quebec,Net emigration,2251.0
2002-07,Quebec,Emigrants,2790.0
2002-07,Quebec,Returning emigrants,1756.0
2002-07,Quebec,Net temporary emigration,1217.0
2002-07,Quebec,Net non-permanent residents,3802.0
2002-07,Ontario,Immigrants,30426.0
2002-07,Ontario,Net emigration,8572.0
2002-07,Ontario,Emigrants,8999.0
2002-07,Ontario,Returning emigrants,4447.0
2002-07,Ontario,Net temporary emigration,4020.0
2002-07,Ontario,Net non-permanent residents,15138.0
2002-07,Manitoba,Immigrants,1048.0
2002-07,Manitoba,Net emigration,475.0
2002-07,Manitoba,Emigrants,722.0
2002-07,Manitoba,Returning emigrants,496.0
2002-07,Manitoba,Net temporary emigration,249.0
2002-07,Manitoba,Net non-permanent residents,445.0
2002-07,Saskatchewan,Immigrants,368.0
2002-07,Saskatchewan,Net emigration,335.0
2002-07,Saskatchewan,Emigrants,340.0
2002-07,Saskatchewan,Returning emigrants,118.0
2002-07,Saskatchewan,Net temporary emigration,113.0
2002-07,Saskatchewan,Net non-permanent residents,273.0
2002-07,Alberta,Immigrants,3099.0
2002-07,Alberta,Net emigration,1698.0
2002-07,Alberta,Emigrants,2112.0
2002-07,Alberta,Returning emigrants,1407.0
2002-07,Alberta,Net temporary emigration,993.0
2002-07,Alberta,Net non-permanent residents,1410.0
2002-07,British Columbia,Immigrants,7992.0
2002-07,British Columbia,Net emigration,4581.0
2002-07,British Columbia,Emigrants,4762.0
2002-07,British Columbia,Returning emigrants,1732.0
2002-07,British Columbia,Net temporary emigration,1551.0
2002-07,British Columbia,Net non-permanent residents,3746.0
2002-07,Yukon,Immigrants,13.0
2002-07,Yukon,Net emigration,14.0
2002-07,Yukon,Emigrants,15.0
2002-07,Yukon,Returning emigrants,10.0
2002-07,Yukon,Net temporary emigration,9.0
2002-07,Yukon,Net non-permanent residents,16.0
2002-07,Northwest Territories,Immigrants,15.0
2002-07,Northwest Territories,Net emigration,15.0
2002-07,Northwest Territories,Emigrants,4.0
2002-07,Northwest Territories,Returning emigrants,0.0
2002-07,Northwest Territories,Net temporary emigration,11.0
2002-07,Northwest Territories,Net non-permanent residents,-26.0
2002-07,Nunavut,Immigrants,1.0
2002-07,Nunavut,Net emigration,11.0
2002-07,Nunavut,Emigrants,3.0
2002-07,Nunavut,Returning emigrants,0.0
2002-07,Nunavut,Net temporary emigration,8.0
2002-07,Nunavut,Net non-permanent residents,5.0
2002-10,Canada,Immigrants,41830.0
2002-10,Canada,Net emigration,14112.0
2002-10,Canada,Emigrants,12307.0
2002-10,Canada,Returning emigrants,4786.0
2002-10,Canada,Net temporary emigration,6591.0
2002-10,Canada,Net non-permanent residents,-19078.0
2002-10,Newfoundland and Labrador,Immigrants,117.0
2002-10,Newfoundland and Labrador,Net emigration,100.0
2002-10,Newfoundland and Labrador,Emigrants,46.0
2002-10,Newfoundland and Labrador,Returning emigrants,31.0
2002-10,Newfoundland and Labrador,Net temporary emigration,85.0
2002-10,Newfoundland and Labrador,Net non-permanent residents,-195.0
2002-10,Prince Edward Island,Immigrants,25.0
2002-10,Prince Edward Island,Net emigration,28.0
2002-10,Prince Edward Island,Emigrants,14.0
2002-10,Prince Edward Island,Returning emigrants,9.0
2002-10,Prince Edward Island,Net temporary emigration,23.0
2002-10,Prince Edward Island,Net non-permanent residents,-15.0
2002-10,Nova Scotia,Immigrants,322.0
2002-10,Nova Scotia,Net emigration,296.0
2002-10,Nova Scotia,Emigrants,239.0
2002-10,Nova Scotia,Returning emigrants,98.0
2002-10,Nova Scotia,Net temporary emigration,155.0
2002-10,Nova Scotia,Net non-permanent residents,-409.0
2002-10,New Brunswick,Immigrants,161.0
2002-10,New Brunswick,Net emigration,146.0
2002-10,New Brunswick,Emigrants,92.0
2002-10,New Brunswick,Returning emigrants,70.0
2002-10,New Brunswick,Net temporary emigration,124.0
2002-10,New Brunswick,Net non-permanent residents,-59.0
2002-10,Quebec,Immigrants,7836.0
2002-10,Quebec,Net emigration,1683.0
2002-10,Quebec,Emigrants,1565.0
2002-10,Quebec,Returning emigrants,807.0
2002-10,Quebec,Net temporary emigration,925.0
2002-10,Quebec,Net non-permanent residents,-3780.0
2002-10,Ontario,Immigrants,22532.0
2002-10,Ontario,Net emigration,6324.0
2002-10,Ontario,Emigrants,5316.0
2002-10,Ontario,Returning emigrants,2044.0
2002-10,Ontario,Net temporary emigration,3052.0
2002-10,Ontario,Net non-permanent residents,-13301.0
2002-10,Manitoba,Immigrants,1004.0
2002-10,Manitoba,Net emigration,343.0
2002-10,Manitoba,Emigrants,382.0
2002-10,Manitoba,Returning emigrants,228.0
2002-10,Manitoba,Net temporary emigration,189.0
2002-10,Manitoba,Net non-permanent residents,-104.0
2002-10,Saskatchewan,Immigrants,398.0
2002-10,Saskatchewan,Net emigration,207.0
2002-10,Saskatchewan,Emigrants,175.0
2002-10,Saskatchewan,Returning emigrants,54.0
2002-10,Saskatchewan,Net temporary emigration,86.0
2002-10,Saskatchewan,Net non-permanent residents,-128.0
2002-10,Alberta,Immigrants,3131.0
2002-10,Alberta,Net emigration,1374.0
2002-10,Alberta,Emigrants,1266.0
2002-10,Alberta,Returning emigrants,646.0
2002-10,Alberta,Net temporary emigration,754.0
2002-10,Alberta,Net non-permanent residents,-645.0
2002-10,British Columbia,Immigrants,6290.0
2002-10,British Columbia,Net emigration,3584.0
2002-10,British Columbia,Emigrants,3203.0
2002-10,British Columbia,Returning emigrants,796.0
2002-10,British Columbia,Net temporary emigration,1177.0
2002-10,British Columbia,Net non-permanent residents,-402.0
2002-10,Yukon,Immigrants,9.0
2002-10,Yukon,Net emigration,12.0
2002-10,Yukon,Emigrants,9.0
2002-10,Yukon,Returning emigrants,3.0
2002-10,Yukon,Net temporary emigration,6.0
2002-10,Yukon,Net non-permanent residents,-24.0
2002-10,Northwest Territories,Immigrants,5.0
2002-10,Northwest Territories,Net emigration,9.0
2002-10,Northwest Territories,Emigrants,0.0
2002-10,Northwest Territories,Returning emigrants,0.0
2002-10,Northwest Territories,Net temporary emigration,9.0
2002-10,Northwest Territories,Net non-permanent residents,-15.0
2002-10,Nunavut,Immigrants,0.0
2002-10,Nunavut,Net emigration,6.0
2002-10,Nunavut,Emigrants,0.0
2002-10,Nunavut,Returning emigrants,0.0
2002-10,Nunavut,Net temporary emigration,6.0
2002-10,Nunavut,Net non-permanent residents,-1.0
2003-01,Canada,Immigrants,45558.0
2003-01,Canada,Net emigration,10680.0
2003-01,Canada,Emigrants,10160.0
2003-01,Canada,Returning emigrants,5523.0
2003-01,Canada,Net temporary emigration,6043.0
2003-01,Canada,Net non-permanent residents,15890.0
2003-01,Newfoundland and Labrador,Immigrants,68.0
2003-01,Newfoundland and Labrador,Net emigration,75.0
2003-01,Newfoundland and Labrador,Emigrants,34.0
2003-01,Newfoundland and Labrador,Returning emigrants,36.0
2003-01,Newfoundland and Labrador,Net temporary emigration,77.0
2003-01,Newfoundland and Labrador,Net non-permanent residents,-72.0
2003-01,Prince Edward Island,Immigrants,23.0
2003-01,Prince Edward Island,Net emigration,18.0
2003-01,Prince Edward Island,Emigrants,7.0
2003-01,Prince Edward Island,Returning emigrants,10.0
2003-01,Prince Edward Island,Net temporary emigration,21.0
2003-01,Prince Edward Island,Net non-permanent residents,5.0
2003-01,Nova Scotia,Immigrants,311.0
2003-01,Nova Scotia,Net emigration,189.0
2003-01,Nova Scotia,Emigrants,159.0
2003-01,Nova Scotia,Returning emigrants,113.0
2003-01,Nova Scotia,Net temporary emigration,143.0
2003-01,Nova Scotia,Net non-permanent residents,-30.0
2003-01,New Brunswick,Immigrants,155.0
2003-01,New Brunswick,Net emigration,98.0
2003-01,New Brunswick,Emigrants,65.0
2003-01,New Brunswick,Returning emigrants,80.0
2003-01,New Brunswick,Net temporary emigration,113.0
2003-01,New Brunswick,Net non-permanent residents,60.0
2003-01,Quebec,Immigrants,7488.0
2003-01,Quebec,Net emigration,1239.0
2003-01,Quebec,Emigrants,1322.0
2003-01,Quebec,Returning emigrants,931.0
2003-01,Quebec,Net temporary emigration,848.0
2003-01,Quebec,Net non-permanent residents,2522.0
2003-01,Ontario,Immigrants,24990.0
2003-01,Ontario,Net emigration,5192.0
2003-01,Ontario,Emigrants,4752.0
2003-01,Ontario,Returning emigrants,2358.0
2003-01,Ontario,Net temporary emigration,2798.0
2003-01,Ontario,Net non-permanent residents,10450.0
2003-01,Manitoba,Immigrants,1047.0
2003-01,Manitoba,Net emigration,192.0
2003-01,Manitoba,Emigrants,283.0
2003-01,Manitoba,Returning emigrants,264.0
2003-01,Manitoba,Net temporary emigration,173.0
2003-01,Manitoba,Net non-permanent residents,280.0
2003-01,Saskatchewan,Immigrants,379.0
2003-01,Saskatchewan,Net emigration,143.0
2003-01,Saskatchewan,Emigrants,126.0
2003-01,Saskatchewan,Returning emigrants,62.0
2003-01,Saskatchewan,Net temporary emigration,79.0
2003-01,Saskatchewan,Net non-permanent residents,82.0
2003-01,Alberta,Immigrants,3102.0
2003-01,Alberta,Net emigration,867.0
2003-01,Alberta,Emigrants,921.0
2003-01,Alberta,Returning emigrants,745.0
2003-01,Alberta,Net temporary emigration,691.0
2003-01,Alberta,Net non-permanent residents,966.0
2003-01,British Columbia,Immigrants,7954.0
2003-01,British Columbia,Net emigration,2646.0
2003-01,British Columbia,Emigrants,2485.0
2003-01,British Columbia,Returning emigrants,919.0
2003-01,British Columbia,Net temporary emigration,1080.0
2003-01,British Columbia,Net non-permanent residents,1591.0
2003-01,Yukon,Immigrants,21.0
2003-01,Yukon,Net emigration,7.0
2003-01,Yukon,Emigrants,6.0
2003-01,Yukon,Returning emigrants,5.0
2003-01,Yukon,Net temporary emigration,6.0
2003-01,Yukon,Net non-permanent residents,26.0
2003-01,Northwest Territories,Immigrants,16.0
2003-01,Northwest Territories,Net emigration,8.0
2003-01,Northwest Territories,Emigrants,0.0
2003-01,Northwest Territories,Returning emigrants,0.0
2003-01,Northwest Territories,Net temporary emigration,8.0
2003-01,Northwest Territories,Net non-permanent residents,6.0
2003-01,Nunavut,Immigrants,4.0
2003-01,Nunavut,Net emigration,6.0
2003-01,Nunavut,Emigrants,0.0
2003-01,Nunavut,Returning emigrants,0.0
2003-01,Nunavut,Net temporary emigration,6.0
2003-01,Nunavut,Net non-permanent residents,4.0
2003-04,Canada,Immigrants,58863.0
2003-04,Canada,Net emigration,8661.0
2003-04,Canada,Emigrants,10951.0
2003-04,Canada,Returning emigrants,8534.0
2003-04,Canada,Net temporary emigration,6244.0
2003-04,Canada,Net non-permanent residents,14014.0
2003-04,Newfoundland and Labrador,Immigrants,65.0
2003-04,Newfoundland and Labrador,Net emigration,71.0
2003-04,Newfoundland and Labrador,Emigrants,46.0
2003-04,Newfoundland and Labrador,Returning emigrants,55.0
2003-04,Newfoundland and Labrador,Net temporary emigration,80.0
2003-04,Newfoundland and Labrador,Net non-permanent residents,77.0
2003-04,Prince Edward Island,Immigrants,34.0
2003-04,Prince Edward Island,Net emigration,14.0
2003-04,Prince Edward Island,Emigrants,8.0
2003-04,Prince Edward Island,Returning emigrants,15.0
2003-04,Prince Edward Island,Net temporary emigration,21.0
2003-04,Prince Edward Island,Net non-permanent residents,1.0
2003-04,Nova Scotia,Immigrants,309.0
2003-04,Nova Scotia,Net emigration,175.0
2003-04,Nova Scotia,Emigrants,202.0
2003-04,Nova Scotia,Returning emigrants,175.0
2003-04,Nova Scotia,Net temporary emigration,148.0
2003-04,Nova Scotia,Net non-permanent residents,285.0
2003-04,New Brunswick,Immigrants,165.0
2003-04,New Brunswick,Net emigration,66.0
2003-04,New Brunswick,Emigrants,72.0
2003-04,New Brunswick,Returning emigrants,123.0
2003-04,New Brunswick,Net temporary emigration,117.0
2003-04,New Brunswick,Net non-permanent residents,5.0
2003-04,Quebec,Immigrants,10184.0
2003-04,Quebec,Net emigration,1099.0
2003-04,Quebec,Emigrants,1661.0
2003-04,Quebec,Returning emigrants,1438.0
2003-04,Quebec,Net temporary emigration,876.0
2003-04,Quebec,Net non-permanent residents,1603.0
2003-04,Ontario,Immigrants,31866.0
2003-04,Ontario,Net emigration,4080.0
2003-04,Ontario,Emigrants,4833.0
2003-04,Ontario,Returning emigrants,3645.0
2003-04,Ontario,Net temporary emigration,2892.0
2003-04,Ontario,Net non-permanent residents,9708.0
2003-04,Manitoba,Immigrants,1803.0
2003-04,Manitoba,Net emigration,150.0
2003-04,Manitoba,Emigrants,378.0
2003-04,Manitoba,Returning emigrants,407.0
2003-04,Manitoba,Net temporary emigration,179.0
2003-04,Manitoba,Net non-permanent residents,319.0
2003-04,Saskatchewan,Immigrants,415.0
2003-04,Saskatchewan,Net emigration,131.0
2003-04,Saskatchewan,Emigrants,146.0
2003-04,Saskatchewan,Returning emigrants,97.0
2003-04,Saskatchewan,Net temporary emigration,82.0
2003-04,Saskatchewan,Net non-permanent residents,79.0
2003-04,Alberta,Immigrants,4298.0
2003-04,Alberta,Net emigration,772.0
2003-04,Alberta,Emigrants,1210.0
2003-04,Alberta,Returning emigrants,1152.0
2003-04,Alberta,Net temporary emigration,714.0
2003-04,Alberta,Net non-permanent residents,475.0
2003-04,British Columbia,Immigrants,9688.0
2003-04,British Columbia,Net emigration,2083.0
2003-04,British Columbia,Emigrants,2387.0
2003-04,British Columbia,Returning emigrants,1419.0
2003-04,British Columbia,Net temporary emigration,1115.0
2003-04,British Columbia,Net non-permanent residents,1410.0
2003-04,Yukon,Immigrants,13.0
2003-04,Yukon,Net emigration,5.0
2003-04,Yukon,Emigrants,7.0
2003-04,Yukon,Returning emigrants,8.0
2003-04,Yukon,Net temporary emigration,6.0
2003-04,Yukon,Net non-permanent residents,37.0
2003-04,Northwest Territories,Immigrants,23.0
2003-04,Northwest Territories,Net emigration,8.0
2003-04,Northwest Territories,Emigrants,0.0
2003-04,Northwest Territories,Returning emigrants,0.0
2003-04,Northwest Territories,Net temporary emigration,8.0
2003-04,Northwest Territories,Net non-permanent residents,15.0
2003-04,Nunavut,Immigrants,0.0
2003-04,Nunavut,Net emigration,7.0
2003-04,Nunavut,Emigrants,1.0
2003-04,Nunavut,Returning emigrants,0.0
2003-04,Nunavut,Net temporary emigration,6.0
2003-04,Nunavut,Net non-permanent residents,0.0
2003-07,Canada,Immigrants,63340.0
2003-07,Canada,Net emigration,15860.0
2003-07,Canada,Emigrants,19425.0
2003-07,Canada,Returning emigrants,11609.0
2003-07,Canada,Net temporary emigration,8044.0
2003-07,Canada,Net non-permanent residents,12532.0
2003-07,Newfoundland and Labrador,Immigrants,148.0
2003-07,Newfoundland and Labrador,Net emigration,120.0
2003-07,Newfoundland and Labrador,Emigrants,77.0
2003-07,Newfoundland and Labrador,Returning emigrants,61.0
2003-07,Newfoundland and Labrador,Net temporary emigration,104.0
2003-07,Newfoundland and Labrador,Net non-permanent residents,60.0
2003-07,Prince Edward Island,Immigrants,47.0
2003-07,Prince Edward Island,Net emigration,55.0
2003-07,Prince Edward Island,Emigrants,66.0
2003-07,Prince Edward Island,Returning emigrants,39.0
2003-07,Prince Edward Island,Net temporary emigration,28.0
2003-07,Prince Edward Island,Net non-permanent residents,74.0
2003-07,Nova Scotia,Immigrants,465.0
2003-07,Nova Scotia,Net emigration,316.0
2003-07,Nova Scotia,Emigrants,403.0
2003-07,Nova Scotia,Returning emigrants,276.0
2003-07,Nova Scotia,Net temporary emigration,189.0
2003-07,Nova Scotia,Net non-permanent residents,495.0
2003-07,New Brunswick,Immigrants,164.0
2003-07,New Brunswick,Net emigration,142.0
2003-07,New Brunswick,Emigrants,162.0
2003-07,New Brunswick,Returning emigrants,171.0
2003-07,New Brunswick,Net temporary emigration,151.0
2003-07,New Brunswick,Net non-permanent residents,335.0
2003-07,Quebec,Immigrants,11870.0
2003-07,Quebec,Net emigration,1680.0
2003-07,Quebec,Emigrants,2475.0
2003-07,Quebec,Returning emigrants,1923.0
2003-07,Quebec,Net temporary emigration,1128.0
2003-07,Quebec,Net non-permanent residents,963.0
2003-07,Ontario,Immigrants,34239.0
2003-07,Ontario,Net emigration,7127.0
2003-07,Ontario,Emigrants,8512.0
2003-07,Ontario,Returning emigrants,5110.0
2003-07,Ontario,Net temporary emigration,3725.0
2003-07,Ontario,Net non-permanent residents,8479.0
2003-07,Manitoba,Immigrants,1919.0
2003-07,Manitoba,Net emigration,347.0
2003-07,Manitoba,Emigrants,579.0
2003-07,Manitoba,Returning emigrants,462.0
2003-07,Manitoba,Net temporary emigration,230.0
2003-07,Manitoba,Net non-permanent residents,118.0
2003-07,Saskatchewan,Immigrants,412.0
2003-07,Saskatchewan,Net emigration,230.0
2003-07,Saskatchewan,Emigrants,309.0
2003-07,Saskatchewan,Returning emigrants,185.0
2003-07,Saskatchewan,Net temporary emigration,106.0
2003-07,Saskatchewan,Net non-permanent residents,159.0
2003-07,Alberta,Immigrants,4576.0
2003-07,Alberta,Net emigration,1951.0
2003-07,Alberta,Emigrants,2571.0
2003-07,Alberta,Returning emigrants,1540.0
2003-07,Alberta,Net temporary emigration,920.0
2003-07,Alberta,Net non-permanent residents,470.0
2003-07,British Columbia,Immigrants,9459.0
2003-07,British Columbia,Net emigration,3851.0
2003-07,British Columbia,Emigrants,4250.0
2003-07,British Columbia,Returning emigrants,1836.0
2003-07,British Columbia,Net temporary emigration,1437.0
2003-07,British Columbia,Net non-permanent residents,1385.0
2003-07,Yukon,Immigrants,8.0
2003-07,Yukon,Net emigration,9.0
2003-07,Yukon,Emigrants,3.0
2003-07,Yukon,Returning emigrants,2.0
2003-07,Yukon,Net temporary emigration,8.0
2003-07,Yukon,Net non-permanent residents,-22.0
2003-07,Northwest Territories,Immigrants,30.0
2003-07,Northwest Territories,Net emigration,24.0
2003-07,Northwest Territories,Emigrants,15.0
2003-07,Northwest Territories,Returning emigrants,2.0
2003-07,Northwest Territories,Net temporary emigration,11.0
2003-07,Northwest Territories,Net non-permanent residents,13.0
2003-07,Nunavut,Immigrants,3.0
2003-07,Nunavut,Net emigration,8.0
2003-07,Nunavut,Emigrants,3.0
2003-07,Nunavut,Returning emigrants,2.0
2003-07,Nunavut,Net temporary emigration,7.0
2003-07,Nunavut,Net non-permanent residents,3.0
2003-10,Canada,Immigrants,53588.0
2003-10,Canada,Net emigration,14675.0
2003-10,Canada,Emigrants,13148.0
2003-10,Canada,Returning emigrants,5031.0
2003-10,Canada,Net temporary emigration,6558.0
2003-10,Canada,Net non-permanent residents,-19493.0
2003-10,Newfoundland and Labrador,Immigrants,78.0
2003-10,Newfoundland and Labrador,Net emigration,99.0
2003-10,Newfoundland and Labrador,Emigrants,41.0
2003-10,Newfoundland and Labrador,Returning emigrants,26.0
2003-10,Newfoundland and Labrador,Net temporary emigration,84.0
2003-10,Newfoundland and Labrador,Net non-permanent residents,35.0
2003-10,Prince Edward Island,Immigrants,50.0
2003-10,Prince Edward Island,Net emigration,41.0
2003-10,Prince Edward Island,Emigrants,35.0
2003-10,Prince Edward Island,Returning emigrants,17.0
2003-10,Prince Edward Island,Net temporary emigration,23.0
2003-10,Prince Edward Island,Net non-permanent residents,-47.0
2003-10,Nova Scotia,Immigrants,389.0
2003-10,Nova Scotia,Net emigration,261.0
2003-10,Nova Scotia,Emigrants,228.0
2003-10,Nova Scotia,Returning emigrants,121.0
2003-10,Nova Scotia,Net temporary emigration,154.0
2003-10,Nova Scotia,Net non-permanent residents,-199.0
2003-10,New Brunswick,Immigrants,182.0
2003-10,New Brunswick,Net emigration,140.0
2003-10,New Brunswick,Emigrants,91.0
2003-10,New Brunswick,Returning emigrants,74.0
2003-10,New Brunswick,Net temporary emigration,123.0
2003-10,New Brunswick,Net non-permanent residents,6.0
2003-10,Quebec,Immigrants,10018.0
2003-10,Quebec,Net emigration,1792.0
2003-10,Quebec,Emigrants,1706.0
2003-10,Quebec,Returning emigrants,834.0
2003-10,Quebec,Net temporary emigration,920.0
2003-10,Quebec,Net non-permanent residents,-4464.0
2003-10,Ontario,Immigrants,28638.0
2003-10,Ontario,Net emigration,6430.0
2003-10,Ontario,Emigrants,5609.0
2003-10,Ontario,Returning emigrants,2216.0
2003-10,Ontario,Net temporary emigration,3037.0
2003-10,Ontario,Net non-permanent residents,-15529.0
2003-10,Manitoba,Immigrants,1734.0
2003-10,Manitoba,Net emigration,390.0
2003-10,Manitoba,Emigrants,403.0
2003-10,Manitoba,Returning emigrants,200.0
2003-10,Manitoba,Net temporary emigration,187.0
2003-10,Manitoba,Net non-permanent residents,66.0
2003-10,Saskatchewan,Immigrants,462.0
2003-10,Saskatchewan,Net emigration,154.0
2003-10,Saskatchewan,Emigrants,147.0
2003-10,Saskatchewan,Returning emigrants,80.0
2003-10,Saskatchewan,Net temporary emigration,87.0
2003-10,Saskatchewan,Net non-permanent residents,-65.0
2003-10,Alberta,Immigrants,3861.0
2003-10,Alberta,Net emigration,1401.0
2003-10,Alberta,Emigrants,1317.0
2003-10,Alberta,Returning emigrants,667.0
2003-10,Alberta,Net temporary emigration,751.0
2003-10,Alberta,Net non-permanent residents,24.0
2003-10,British Columbia,Immigrants,8132.0
2003-10,British Columbia,Net emigration,3936.0
2003-10,British Columbia,Emigrants,3561.0
2003-10,British Columbia,Returning emigrants,796.0
2003-10,British Columbia,Net temporary emigration,1171.0
2003-10,British Columbia,Net non-permanent residents,659.0
2003-10,Yukon,Immigrants,17.0
2003-10,Yukon,Net emigration,6.0
2003-10,Yukon,Emigrants,0.0
2003-10,Yukon,Returning emigrants,0.0
2003-10,Yukon,Net temporary emigration,6.0
2003-10,Yukon,Net non-permanent residents,-28.0
2003-10,Northwest Territories,Immigrants,25.0
2003-10,Northwest Territories,Net emigration,19.0
2003-10,Northwest Territories,Emigrants,10.0
2003-10,Northwest Territories,Returning emigrants,0.0
2003-10,Northwest Territories,Net temporary emigration,9.0
2003-10,Northwest Territories,Net non-permanent residents,55.0
2003-10,Nunavut,Immigrants,2.0
2003-10,Nunavut,Net emigration,6.0
2003-10,Nunavut,Emigrants,0.0
2003-10,Nunavut,Returning emigrants,0.0
2003-10,Nunavut,Net temporary emigration,6.0
2003-10,Nunavut,Net non-permanent residents,-6.0
2004-01,Canada,Immigrants,54927.0
2004-01,Canada,Net emigration,13229.0
2004-01,Canada,Emigrants,11824.0
2004-01,Canada,Returning emigrants,4843.0
2004-01,Canada,Net temporary emigration,6248.0
2004-01,Canada,Net non-permanent residents,8349.0
2004-01,Newfoundland and Labrador,Immigrants,151.0
2004-01,Newfoundland and Labrador,Net emigration,94.0
2004-01,Newfoundland and Labrador,Emigrants,38.0
2004-01,Newfoundland and Labrador,Returning emigrants,25.0
2004-01,Newfoundland and Labrador,Net temporary emigration,81.0
2004-01,Newfoundland and Labrador,Net non-permanent residents,-100.0
2004-01,Prince Edward Island,Immigrants,82.0
2004-01,Prince Edward Island,Net emigration,41.0
2004-01,Prince Edward Island,Emigrants,35.0
2004-01,Prince Edward Island,Returning emigrants,16.0
2004-01,Prince Edward Island,Net temporary emigration,22.0
2004-01,Prince Edward Island,Net non-permanent residents,9.0
2004-01,Nova Scotia,Immigrants,394.0
2004-01,Nova Scotia,Net emigration,235.0
2004-01,Nova Scotia,Emigrants,203.0
2004-01,Nova Scotia,Returning emigrants,115.0
2004-01,Nova Scotia,Net temporary emigration,147.0
2004-01,Nova Scotia,Net non-permanent residents,140.0
2004-01,New Brunswick,Immigrants,183.0
2004-01,New Brunswick,Net emigration,125.0
2004-01,New Brunswick,Emigrants,79.0
2004-01,New Brunswick,Returning emigrants,72.0
2004-01,New Brunswick,Net temporary emigration,118.0
2004-01,New Brunswick,Net non-permanent residents,81.0
2004-01,Quebec,Immigrants,10343.0
2004-01,Quebec,Net emigration,1740.0
2004-01,Quebec,Emigrants,1668.0
2004-01,Quebec,Returning emigrants,803.0
2004-01,Quebec,Net temporary emigration,875.0
2004-01,Quebec,Net non-permanent residents,632.0
2004-01,Ontario,Immigrants,28720.0
2004-01,Ontario,Net emigration,6157.0
2004-01,Ontario,Emigrants,5397.0
2004-01,Ontario,Returning emigrants,2133.0
2004-01,Ontario,Net temporary emigration,2893.0
2004-01,Ontario,Net non-permanent residents,5620.0
2004-01,Manitoba,Immigrants,1531.0
2004-01,Manitoba,Net emigration,277.0
2004-01,Manitoba,Emigrants,291.0
2004-01,Manitoba,Returning emigrants,193.0
2004-01,Manitoba,Net temporary emigration,179.0
2004-01,Manitoba,Net non-permanent residents,213.0
2004-01,Saskatchewan,Immigrants,438.0
2004-01,Saskatchewan,Net emigration,97.0
2004-01,Saskatchewan,Emigrants,93.0
2004-01,Saskatchewan,Returning emigrants,78.0
2004-01,Saskatchewan,Net temporary emigration,82.0
2004-01,Saskatchewan,Net non-permanent residents,112.0
2004-01,Alberta,Immigrants,4078.0
2004-01,Alberta,Net emigration,1228.0
2004-01,Alberta,Emigrants,1155.0
2004-01,Alberta,Returning emigrants,642.0
2004-01,Alberta,Net temporary emigration,715.0
2004-01,Alberta,Net non-permanent residents,488.0
2004-01,British Columbia,Immigrants,8967.0
2004-01,British Columbia,Net emigration,3203.0
2004-01,British Columbia,Emigrants,2853.0
2004-01,British Columbia,Returning emigrants,766.0
2004-01,British Columbia,Net temporary emigration,1116.0
2004-01,British Columbia,Net non-permanent residents,1089.0
2004-01,Yukon,Immigrants,21.0
2004-01,Yukon,Net emigration,8.0
2004-01,Yukon,Emigrants,2.0
2004-01,Yukon,Returning emigrants,0.0
2004-01,Yukon,Net temporary emigration,6.0
2004-01,Yukon,Net non-permanent residents,24.0
2004-01,Northwest Territories,Immigrants,16.0
2004-01,Northwest Territories,Net emigration,17.0
2004-01,Northwest Territories,Emigrants,9.0
2004-01,Northwest Territories,Returning emigrants,0.0
2004-01,Northwest Territories,Net temporary emigration,8.0
2004-01,Northwest Territories,Net non-permanent residents,29.0
2004-01,Nunavut,Immigrants,3.0
2004-01,Nunavut,Net emigration,7.0
2004-01,Nunavut,Emigrants,1.0
2004-01,Nunavut,Returning emigrants,0.0
2004-01,Nunavut,Net temporary emigration,6.0
2004-01,Nunavut,Net non-permanent residents,12.0
2004-04,Canada,Immigrants,67246.0
2004-04,Canada,Net emigration,11539.0
2004-04,Canada,Emigrants,13787.0
2004-04,Canada,Returning emigrants,8958.0
2004-04,Canada,Net temporary emigration,6710.0
2004-04,Canada,Net non-permanent residents,8960.0
2004-04,Newfoundland and Labrador,Immigrants,159.0
2004-04,Newfoundland and Labrador,Net emigration,83.0
2004-04,Newfoundland and Labrador,Emigrants,44.0
2004-04,Newfoundland and Labrador,Returning emigrants,47.0
2004-04,Newfoundland and Labrador,Net temporary emigration,86.0
2004-04,Newfoundland and Labrador,Net non-permanent residents,183.0
2004-04,Prince Edward Island,Immigrants,89.0
2004-04,Prince Edward Island,Net emigration,27.0
2004-04,Prince Edward Island,Emigrants,34.0
2004-04,Prince Edward Island,Returning emigrants,30.0
2004-04,Prince Edward Island,Net temporary emigration,23.0
2004-04,Prince Edward Island,Net non-permanent residents,-11.0
2004-04,Nova Scotia,Immigrants,459.0
2004-04,Nova Scotia,Net emigration,199.0
2004-04,Nova Scotia,Emigrants,255.0
2004-04,Nova Scotia,Returning emigrants,214.0
2004-04,Nova Scotia,Net temporary emigration,158.0
2004-04,Nova Scotia,Net non-permanent residents,276.0
2004-04,New Brunswick,Immigrants,232.0
2004-04,New Brunswick,Net emigration,112.0
2004-04,New Brunswick,Emigrants,118.0
2004-04,New Brunswick,Returning emigrants,132.0
2004-04,New Brunswick,Net temporary emigration,126.0
2004-04,New Brunswick,Net non-permanent residents,-87.0
2004-04,Quebec,Immigrants,12330.0
2004-04,Quebec,Net emigration,1462.0
2004-04,Quebec,Emigrants,2005.0
2004-04,Quebec,Returning emigrants,1484.0
2004-04,Quebec,Net temporary emigration,941.0
2004-04,Quebec,Net non-permanent residents,1945.0
2004-04,Ontario,Immigrants,36347.0
2004-04,Ontario,Net emigration,5330.0
2004-04,Ontario,Emigrants,6167.0
2004-04,Ontario,Returning emigrants,3944.0
2004-04,Ontario,Net temporary emigration,3107.0
2004-04,Ontario,Net non-permanent residents,6397.0
2004-04,Manitoba,Immigrants,2234.0
2004-04,Manitoba,Net emigration,180.0
2004-04,Manitoba,Emigrants,344.0
2004-04,Manitoba,Returning emigrants,356.0
2004-04,Manitoba,Net temporary emigration,192.0
2004-04,Manitoba,Net non-permanent residents,300.0
2004-04,Saskatchewan,Immigrants,584.0
2004-04,Saskatchewan,Net emigration,64.0
2004-04,Saskatchewan,Emigrants,119.0
2004-04,Saskatchewan,Returning emigrants,143.0
2004-04,Saskatchewan,Net temporary emigration,88.0
2004-04,Saskatchewan,Net non-permanent residents,114.0
2004-04,Alberta,Immigrants,4605.0
2004-04,Alberta,Net emigration,941.0
2004-04,Alberta,Emigrants,1361.0
2004-04,Alberta,Returning emigrants,1188.0
2004-04,Alberta,Net temporary emigration,768.0
2004-04,Alberta,Net non-permanent residents,276.0
2004-04,British Columbia,Immigrants,10156.0
2004-04,British Columbia,Net emigration,3105.0
2004-04,British Columbia,Emigrants,3323.0
2004-04,British Columbia,Returning emigrants,1417.0
2004-04,British Columbia,Net temporary emigration,1199.0
2004-04,British Columbia,Net non-permanent residents,-496.0
2004-04,Yukon,Immigrants,14.0
2004-04,Yukon,Net emigration,7.0
2004-04,Yukon,Emigrants,1.0
2004-04,Yukon,Returning emigrants,1.0
2004-04,Yukon,Net temporary emigration,7.0
2004-04,Yukon,Net non-permanent residents,60.0
2004-04,Northwest Territories,Immigrants,34.0
2004-04,Northwest Territories,Net emigration,22.0
2004-04,Northwest Territories,Emigrants,14.0
2004-04,Northwest Territories,Returning emigrants,1.0
2004-04,Northwest Territories,Net temporary emigration,9.0
2004-04,Northwest Territories,Net non-permanent residents,-3.0
2004-04,Nunavut,Immigrants,3.0
2004-04,Nunavut,Net emigration,7.0
2004-04,Nunavut,Emigrants,2.0
2004-04,Nunavut,Returning emigrants,1.0
2004-04,Nunavut,Net temporary emigration,6.0
2004-04,Nunavut,Net non-permanent residents,6.0
2004-07,Canada,Immigrants,65589.0
2004-07,Canada,Net emigration,15918.0
2004-07,Canada,Emigrants,19631.0
2004-07,Canada,Returning emigrants,11848.0
2004-07,Canada,Net temporary emigration,8135.0
2004-07,Canada,Net non-permanent residents,16050.0
2004-07,Newfoundland and Labrador,Immigrants,176.0
2004-07,Newfoundland and Labrador,Net emigration,162.0
2004-07,Newfoundland and Labrador,Emigrants,98.0
2004-07,Newfoundland and Labrador,Returning emigrants,40.0
2004-07,Newfoundland and Labrador,Net temporary emigration,104.0
2004-07,Newfoundland and Labrador,Net non-permanent residents,-49.0
2004-07,Prince Edward Island,Immigrants,53.0
2004-07,Prince Edward Island,Net emigration,30.0
2004-07,Prince Edward Island,Emigrants,21.0
2004-07,Prince Edward Island,Returning emigrants,18.0
2004-07,Prince Edward Island,Net temporary emigration,27.0
2004-07,Prince Edward Island,Net non-permanent residents,43.0
2004-07,Nova Scotia,Immigrants,549.0
2004-07,Nova Scotia,Net emigration,500.0
2004-07,Nova Scotia,Emigrants,557.0
2004-07,Nova Scotia,Returning emigrants,249.0
2004-07,Nova Scotia,Net temporary emigration,192.0
2004-07,Nova Scotia,Net non-permanent residents,385.0
2004-07,New Brunswick,Immigrants,199.0
2004-07,New Brunswick,Net emigration,219.0
2004-07,New Brunswick,Emigrants,226.0
2004-07,New Brunswick,Returning emigrants,160.0
2004-07,New Brunswick,Net temporary emigration,153.0
2004-07,New Brunswick,Net non-permanent residents,330.0
2004-07,Quebec,Immigrants,12420.0
2004-07,Quebec,Net emigration,1945.0
2004-07,Quebec,Emigrants,2675.0
2004-07,Quebec,Returning emigrants,1871.0
2004-07,Quebec,Net temporary emigration,1141.0
2004-07,Quebec,Net non-permanent residents,1736.0
2004-07,Ontario,Immigrants,34736.0
2004-07,Ontario,Net emigration,7785.0
2004-07,Ontario,Emigrants,9056.0
2004-07,Ontario,Returning emigrants,5040.0
2004-07,Ontario,Net temporary emigration,3769.0
2004-07,Ontario,Net non-permanent residents,9195.0
2004-07,Manitoba,Immigrants,2062.0
2004-07,Manitoba,Net emigration,293.0
2004-07,Manitoba,Emigrants,459.0
2004-07,Manitoba,Returning emigrants,398.0
2004-07,Manitoba,Net temporary emigration,232.0
2004-07,Manitoba,Net non-permanent residents,316.0
2004-07,Saskatchewan,Immigrants,473.0
2004-07,Saskatchewan,Net emigration,204.0
2004-07,Saskatchewan,Emigrants,266.0
2004-07,Saskatchewan,Returning emigrants,168.0
2004-07,Saskatchewan,Net temporary emigration,106.0
2004-07,Saskatchewan,Net non-permanent residents,219.0
2004-07,Alberta,Immigrants,4522.0
2004-07,Alberta,Net emigration,1252.0
2004-07,Alberta,Emigrants,2093.0
2004-07,Alberta,Returning emigrants,1771.0
2004-07,Alberta,Net temporary emigration,930.0
2004-07,Alberta,Net non-permanent residents,1072.0
2004-07,British Columbia,Immigrants,10364.0
2004-07,British Columbia,Net emigration,3496.0
2004-07,British Columbia,Emigrants,4170.0
2004-07,British Columbia,Returning emigrants,2128.0
2004-07,British Columbia,Net temporary emigration,1454.0
2004-07,British Columbia,Net non-permanent residents,2834.0
2004-07,Yukon,Immigrants,15.0
2004-07,Yukon,Net emigration,7.0
2004-07,Yukon,Emigrants,4.0
2004-07,Yukon,Returning emigrants,5.0
2004-07,Yukon,Net temporary emigration,8.0
2004-07,Yukon,Net non-permanent residents,-26.0
2004-07,Northwest Territories,Immigrants,19.0
2004-07,Northwest Territories,Net emigration,17.0
2004-07,Northwest Territories,Emigrants,6.0
2004-07,Northwest Territories,Returning emigrants,0.0
2004-07,Northwest Territories,Net temporary emigration,11.0
2004-07,Northwest Territories,Net non-permanent residents,5.0
2004-07,Nunavut,Immigrants,1.0
2004-07,Nunavut,Net emigration,8.0
2004-07,Nunavut,Emigrants,0.0
2004-07,Nunavut,Returning emigrants,0.0
2004-07,Nunavut,Net temporary emigration,8.0
2004-07,Nunavut,Net non-permanent residents,-10.0
2004-10,Canada,Immigrants,48097.0
2004-10,Canada,Net emigration,14399.0
2004-10,Canada,Emigrants,13184.0
2004-10,Canada,Returning emigrants,5382.0
2004-10,Canada,Net temporary emigration,6597.0
2004-10,Canada,Net non-permanent residents,-19134.0
2004-10,Newfoundland and Labrador,Immigrants,93.0
2004-10,Newfoundland and Labrador,Net emigration,112.0
2004-10,Newfoundland and Labrador,Emigrants,45.0
2004-10,Newfoundland and Labrador,Returning emigrants,18.0
2004-10,Newfoundland and Labrador,Net temporary emigration,85.0
2004-10,Newfoundland and Labrador,Net non-permanent residents,-132.0
2004-10,Prince Edward Island,Immigrants,86.0
2004-10,Prince Edward Island,Net emigration,25.0
2004-10,Prince Edward Island,Emigrants,10.0
2004-10,Prince Edward Island,Returning emigrants,8.0
2004-10,Prince Edward Island,Net temporary emigration,23.0
2004-10,Prince Edward Island,Net non-permanent residents,6.0
2004-10,Nova Scotia,Immigrants,372.0
2004-10,Nova Scotia,Net emigration,308.0
2004-10,Nova Scotia,Emigrants,266.0
2004-10,Nova Scotia,Returning emigrants,113.0
2004-10,Nova Scotia,Net temporary emigration,155.0
2004-10,Nova Scotia,Net non-permanent residents,-434.0
2004-10,New Brunswick,Immigrants,182.0
2004-10,New Brunswick,Net emigration,155.0
2004-10,New Brunswick,Emigrants,104.0
2004-10,New Brunswick,Returning emigrants,73.0
2004-10,New Brunswick,Net temporary emigration,124.0
2004-10,New Brunswick,Net non-permanent residents,9.0
2004-10,Quebec,Immigrants,9159.0
2004-10,Quebec,Net emigration,1912.0
2004-10,Quebec,Emigrants,1837.0
2004-10,Quebec,Returning emigrants,850.0
2004-10,Quebec,Net temporary emigration,925.0
2004-10,Quebec,Net non-permanent residents,-3504.0
2004-10,Ontario,Immigrants,25304.0
2004-10,Ontario,Net emigration,6891.0
2004-10,Ontario,Emigrants,6126.0
2004-10,Ontario,Returning emigrants,2289.0
2004-10,Ontario,Net temporary emigration,3054.0
2004-10,Ontario,Net non-permanent residents,-15908.0
2004-10,Manitoba,Immigrants,1600.0
2004-10,Manitoba,Net emigration,330.0
2004-10,Manitoba,Emigrants,321.0
2004-10,Manitoba,Returning emigrants,180.0
2004-10,Manitoba,Net temporary emigration,189.0
2004-10,Manitoba,Net non-permanent residents,-65.0
2004-10,Saskatchewan,Immigrants,450.0
2004-10,Saskatchewan,Net emigration,135.0
2004-10,Saskatchewan,Emigrants,125.0
2004-10,Saskatchewan,Returning emigrants,77.0
2004-10,Saskatchewan,Net temporary emigration,87.0
2004-10,Saskatchewan,Net non-permanent residents,-202.0
2004-10,Alberta,Immigrants,3275.0
2004-10,Alberta,Net emigration,1112.0
2004-10,Alberta,Emigrants,1162.0
2004-10,Alberta,Returning emigrants,805.0
2004-10,Alberta,Net temporary emigration,755.0
2004-10,Alberta,Net non-permanent residents,384.0
2004-10,British Columbia,Immigrants,7543.0
2004-10,British Columbia,Net emigration,3395.0
2004-10,British Columbia,Emigrants,3182.0
2004-10,British Columbia,Returning emigrants,966.0
2004-10,British Columbia,Net temporary emigration,1179.0
2004-10,British Columbia,Net non-permanent residents,761.0
2004-10,Yukon,Immigrants,12.0
2004-10,Yukon,Net emigration,6.0
2004-10,Yukon,Emigrants,3.0
2004-10,Yukon,Returning emigrants,3.0
2004-10,Yukon,Net temporary emigration,6.0
2004-10,Yukon,Net non-permanent residents,-36.0
2004-10,Northwest Territories,Immigrants,20.0
2004-10,Northwest Territories,Net emigration,12.0
2004-10,Northwest Territories,Emigrants,3.0
2004-10,Northwest Territories,Returning emigrants,0.0
2004-10,Northwest Territories,Net temporary emigration,9.0
2004-10,Northwest Territories,Net non-permanent residents,-16.0
2004-10,Nunavut,Immigrants,1.0
2004-10,Nunavut,Net emigration,6.0
2004-10,Nunavut,Emigrants,0.0
2004-10,Nunavut,Returning emigrants,0.0
2004-10,Nunavut,Net temporary emigration,6.0
2004-10,Nunavut,Net non-permanent residents,3.0
2005-01,Canada,Immigrants,56439.0
2005-01,Canada,Net emigration,12574.0
2005-01,Canada,Emigrants,11479.0
2005-01,Canada,Returning emigrants,5098.0
2005-01,Canada,Net temporary emigration,6193.0
2005-01,Canada,Net non-permanent residents,4867.0
2005-01,Newfoundland and Labrador,Immigrants,147.0
2005-01,Newfoundland and Labrador,Net emigration,107.0
2005-01,Newfoundland and Labrador,Emigrants,45.0
2005-01,Newfoundland and Labrador,Returning emigrants,18.0
2005-01,Newfoundland and Labrador,Net temporary emigration,80.0
2005-01,Newfoundland and Labrador,Net non-permanent residents,91.0
2005-01,Prince Edward Island,Immigrants,72.0
2005-01,Prince Edward Island,Net emigration,20.0
2005-01,Prince Edward Island,Emigrants,6.0
2005-01,Prince Edward Island,Returning emigrants,8.0
2005-01,Prince Edward Island,Net temporary emigration,22.0
2005-01,Prince Edward Island,Net non-permanent residents,-7.0
2005-01,Nova Scotia,Immigrants,328.0
2005-01,Nova Scotia,Net emigration,269.0
2005-01,Nova Scotia,Emigrants,229.0
2005-01,Nova Scotia,Returning emigrants,107.0
2005-01,Nova Scotia,Net temporary emigration,147.0
2005-01,Nova Scotia,Net non-permanent residents,11.0
2005-01,New Brunswick,Immigrants,178.0
2005-01,New Brunswick,Net emigration,131.0
2005-01,New Brunswick,Emigrants,84.0
2005-01,New Brunswick,Returning emigrants,69.0
2005-01,New Brunswick,Net temporary emigration,116.0
2005-01,New Brunswick,Net non-permanent residents,150.0
2005-01,Quebec,Immigrants,9345.0
2005-01,Quebec,Net emigration,1530.0
2005-01,Quebec,Emigrants,1467.0
2005-01,Quebec,Returning emigrants,805.0
2005-01,Quebec,Net temporary emigration,868.0
2005-01,Quebec,Net non-permanent residents,-113.0
2005-01,Ontario,Immigrants,29269.0
2005-01,Ontario,Net emigration,6382.0
2005-01,Ontario,Emigrants,5683.0
2005-01,Ontario,Returning emigrants,2168.0
2005-01,Ontario,Net temporary emigration,2867.0
2005-01,Ontario,Net non-permanent residents,2540.0
2005-01,Manitoba,Immigrants,1668.0
2005-01,Manitoba,Net emigration,268.0
2005-01,Manitoba,Emigrants,262.0
2005-01,Manitoba,Returning emigrants,171.0
2005-01,Manitoba,Net temporary emigration,177.0
2005-01,Manitoba,Net non-permanent residents,36.0
2005-01,Saskatchewan,Immigrants,532.0
2005-01,Saskatchewan,Net emigration,94.0
2005-01,Saskatchewan,Emigrants,85.0
2005-01,Saskatchewan,Returning emigrants,72.0
2005-01,Saskatchewan,Net temporary emigration,81.0
2005-01,Saskatchewan,Net non-permanent residents,188.0
2005-01,Alberta,Immigrants,4355.0
2005-01,Alberta,Net emigration,979.0
2005-01,Alberta,Emigrants,1033.0
2005-01,Alberta,Returning emigrants,762.0
2005-01,Alberta,Net temporary emigration,708.0
2005-01,Alberta,Net non-permanent residents,440.0
2005-01,British Columbia,Immigrants,10505.0
2005-01,British Columbia,Net emigration,2772.0
2005-01,British Columbia,Emigrants,2580.0
2005-01,British Columbia,Returning emigrants,915.0
2005-01,British Columbia,Net temporary emigration,1107.0
2005-01,British Columbia,Net non-permanent residents,1537.0
2005-01,Yukon,Immigrants,13.0
2005-01,Yukon,Net emigration,5.0
2005-01,Yukon,Emigrants,2.0
2005-01,Yukon,Returning emigrants,3.0
2005-01,Yukon,Net temporary emigration,6.0
2005-01,Yukon,Net non-permanent residents,-10.0
2005-01,Northwest Territories,Immigrants,20.0
2005-01,Northwest Territories,Net emigration,11.0
2005-01,Northwest Territories,Emigrants,3.0
2005-01,Northwest Territories,Returning emigrants,0.0
2005-01,Northwest Territories,Net temporary emigration,8.0
2005-01,Northwest Territories,Net non-permanent residents,9.0
2005-01,Nunavut,Immigrants,7.0
2005-01,Nunavut,Net emigration,6.0
2005-01,Nunavut,Emigrants,0.0
2005-01,Nunavut,Returning emigrants,0.0
2005-01,Nunavut,Net temporary emigration,6.0
2005-01,Nunavut,Net non-permanent residents,-5.0
2005-04,Canada,Immigrants,74474.0
2005-04,Canada,Net emigration,10681.0
2005-04,Canada,Emigrants,13339.0
2005-04,Canada,Returning emigrants,9292.0
2005-04,Canada,Net temporary emigration,6634.0
2005-04,Canada,Net non-permanent residents,7365.0
2005-04,Newfoundland and Labrador,Immigrants,125.0
2005-04,Newfoundland and Labrador,Net emigration,104.0
2005-04,Newfoundland and Labrador,Emigrants,50.0
2005-04,Newfoundland and Labrador,Returning emigrants,31.0
2005-04,Newfoundland and Labrador,Net temporary emigration,85.0
2005-04,Newfoundland and Labrador,Net non-permanent residents,217.0
2005-04,Prince Edward Island,Immigrants,101.0
2005-04,Prince Edward Island,Net emigration,19.0
2005-04,Prince Edward Island,Emigrants,10.0
2005-04,Prince Edward Island,Returning emigrants,14.0
2005-04,Prince Edward Island,Net temporary emigration,23.0
2005-04,Prince Edward Island,Net non-permanent residents,16.0
2005-04,Nova Scotia,Immigrants,462.0
2005-04,Nova Scotia,Net emigration,276.0
2005-04,Nova Scotia,Emigrants,315.0
2005-04,Nova Scotia,Returning emigrants,195.0
2005-04,Nova Scotia,Net temporary emigration,156.0
2005-04,Nova Scotia,Net non-permanent residents,-81.0
2005-04,New Brunswick,Immigrants,306.0
2005-04,New Brunswick,Net emigration,151.0
2005-04,New Brunswick,Emigrants,152.0
2005-04,New Brunswick,Returning emigrants,126.0
2005-04,New Brunswick,Net temporary emigration,125.0
2005-04,New Brunswick,Net non-permanent residents,-133.0
2005-04,Quebec,Immigrants,12496.0
2005-04,Quebec,Net emigration,1597.0
2005-04,Quebec,Emigrants,2134.0
2005-04,Quebec,Returning emigrants,1468.0
2005-04,Quebec,Net temporary emigration,931.0
2005-04,Quebec,Net non-permanent residents,970.0
2005-04,Ontario,Immigrants,40486.0
2005-04,Ontario,Net emigration,5046.0
2005-04,Ontario,Emigrants,5926.0
2005-04,Ontario,Returning emigrants,3952.0
2005-04,Ontario,Net temporary emigration,3072.0
2005-04,Ontario,Net non-permanent residents,4652.0
2005-04,Manitoba,Immigrants,2357.0
2005-04,Manitoba,Net emigration,312.0
2005-04,Manitoba,Emigrants,434.0
2005-04,Manitoba,Returning emigrants,311.0
2005-04,Manitoba,Net temporary emigration,189.0
2005-04,Manitoba,Net non-permanent residents,271.0
2005-04,Saskatchewan,Immigrants,644.0
2005-04,Saskatchewan,Net emigration,72.0
2005-04,Saskatchewan,Emigrants,117.0
2005-04,Saskatchewan,Returning emigrants,132.0
2005-04,Saskatchewan,Net temporary emigration,87.0
2005-04,Saskatchewan,Net non-permanent residents,90.0
2005-04,Alberta,Immigrants,5293.0
2005-04,Alberta,Net emigration,610.0
2005-04,Alberta,Emigrants,1241.0
2005-04,Alberta,Returning emigrants,1390.0
2005-04,Alberta,Net temporary emigration,759.0
2005-04,Alberta,Net non-permanent residents,758.0
2005-04,British Columbia,Immigrants,12166.0
2005-04,British Columbia,Net emigration,2467.0
2005-04,British Columbia,Emigrants,2951.0
2005-04,British Columbia,Returning emigrants,1669.0
2005-04,British Columbia,Net temporary emigration,1185.0
2005-04,British Columbia,Net non-permanent residents,579.0
2005-04,Yukon,Immigrants,18.0
2005-04,Yukon,Net emigration,7.0
2005-04,Yukon,Emigrants,4.0
2005-04,Yukon,Returning emigrants,4.0
2005-04,Yukon,Net temporary emigration,7.0
2005-04,Yukon,Net non-permanent residents,37.0
2005-04,Northwest Territories,Immigrants,20.0
2005-04,Northwest Territories,Net emigration,14.0
2005-04,Northwest Territories,Emigrants,5.0
2005-04,Northwest Territories,Returning emigrants,0.0
2005-04,Northwest Territories,Net temporary emigration,9.0
2005-04,Northwest Territories,Net non-permanent residents,-14.0
2005-04,Nunavut,Immigrants,0.0
2005-04,Nunavut,Net emigration,6.0
2005-04,Nunavut,Emigrants,0.0
2005-04,Nunavut,Returning emigrants,0.0
2005-04,Nunavut,Net temporary emigration,6.0
2005-04,Nunavut,Net non-permanent residents,3.0
2005-07,Canada,Immigrants,75946.0
2005-07,Canada,Net emigration,14820.0
2005-07,Canada,Emigrants,20348.0
2005-07,Canada,Returning emigrants,13537.0
2005-07,Canada,Net temporary emigration,8009.0
2005-07,Canada,Net non-permanent residents,13792.0
2005-07,Newfoundland and Labrador,Immigrants,108.0
2005-07,Newfoundland and Labrador,Net emigration,156.0
2005-07,Newfoundland and Labrador,Emigrants,130.0
2005-07,Newfoundland and Labrador,Returning emigrants,76.0
2005-07,Newfoundland and Labrador,Net temporary emigration,102.0
2005-07,Newfoundland and Labrador,Net non-permanent residents,66.0
2005-07,Prince Edward Island,Immigrants,98.0
2005-07,Prince Edward Island,Net emigration,28.0
2005-07,Prince Edward Island,Emigrants,32.0
2005-07,Prince Edward Island,Returning emigrants,32.0
2005-07,Prince Edward Island,Net temporary emigration,28.0
2005-07,Prince Edward Island,Net non-permanent residents,22.0
2005-07,Nova Scotia,Immigrants,680.0
2005-07,Nova Scotia,Net emigration,304.0
2005-07,Nova Scotia,Emigrants,366.0
2005-07,Nova Scotia,Returning emigrants,251.0
2005-07,Nova Scotia,Net temporary emigration,189.0
2005-07,Nova Scotia,Net non-permanent residents,521.0
2005-07,New Brunswick,Immigrants,367.0
2005-07,New Brunswick,Net emigration,269.0
2005-07,New Brunswick,Emigrants,284.0
2005-07,New Brunswick,Returning emigrants,165.0
2005-07,New Brunswick,Net temporary emigration,150.0
2005-07,New Brunswick,Net non-permanent residents,201.0
2005-07,Quebec,Immigrants,13048.0
2005-07,Quebec,Net emigration,1915.0
2005-07,Quebec,Emigrants,2729.0
2005-07,Quebec,Returning emigrants,1938.0
2005-07,Quebec,Net temporary emigration,1124.0
2005-07,Quebec,Net non-permanent residents,1021.0
2005-07,Ontario,Immigrants,40536.0
2005-07,Ontario,Net emigration,7435.0
2005-07,Ontario,Emigrants,9804.0
2005-07,Ontario,Returning emigrants,6079.0
2005-07,Ontario,Net temporary emigration,3710.0
2005-07,Ontario,Net non-permanent residents,7076.0
2005-07,Manitoba,Immigrants,2492.0
2005-07,Manitoba,Net emigration,627.0
2005-07,Manitoba,Emigrants,732.0
2005-07,Manitoba,Returning emigrants,333.0
2005-07,Manitoba,Net temporary emigration,228.0
2005-07,Manitoba,Net non-permanent residents,52.0
2005-07,Saskatchewan,Immigrants,532.0
2005-07,Saskatchewan,Net emigration,231.0
2005-07,Saskatchewan,Emigrants,253.0
2005-07,Saskatchewan,Returning emigrants,127.0
2005-07,Saskatchewan,Net temporary emigration,105.0
2005-07,Saskatchewan,Net non-permanent residents,239.0
2005-07,Alberta,Immigrants,5590.0
2005-07,Alberta,Net emigration,1285.0
2005-07,Alberta,Emigrants,2320.0
2005-07,Alberta,Returning emigrants,1951.0
2005-07,Alberta,Net temporary emigration,916.0
2005-07,Alberta,Net non-permanent residents,1642.0
2005-07,British Columbia,Immigrants,12447.0
2005-07,British Columbia,Net emigration,2529.0
2005-07,British Columbia,Emigrants,3673.0
2005-07,British Columbia,Returning emigrants,2576.0
2005-07,British Columbia,Net temporary emigration,1432.0
2005-07,British Columbia,Net non-permanent residents,2967.0
2005-07,Yukon,Immigrants,17.0
2005-07,Yukon,Net emigration,10.0
2005-07,Yukon,Emigrants,7.0
2005-07,Yukon,Returning emigrants,5.0
2005-07,Yukon,Net temporary emigration,8.0
2005-07,Yukon,Net non-permanent residents,-13.0
2005-07,Northwest Territories,Immigrants,28.0
2005-07,Northwest Territories,Net emigration,20.0
2005-07,Northwest Territories,Emigrants,12.0
2005-07,Northwest Territories,Returning emigrants,2.0
2005-07,Northwest Territories,Net temporary emigration,10.0
2005-07,Northwest Territories,Net non-permanent residents,5.0
2005-07,Nunavut,Immigrants,3.0
2005-07,Nunavut,Net emigration,11.0
2005-07,Nunavut,Emigrants,6.0
2005-07,Nunavut,Returning emigrants,2.0
2005-07,Nunavut,Net temporary emigration,7.0
2005-07,Nunavut,Net non-permanent residents,-7.0
2005-10,Canada,Immigrants,55387.0
2005-10,Canada,Net emigration,14361.0
2005-10,Canada,Emigrants,13395.0
2005-10,Canada,Returning emigrants,5485.0
2005-10,Canada,Net temporary emigration,6451.0
2005-10,Canada,Net non-permanent residents,-22865.0
2005-10,Newfoundland and Labrador,Immigrants,117.0
2005-10,Newfoundland and Labrador,Net emigration,128.0
2005-10,Newfoundland and Labrador,Emigrants,75.0
2005-10,Newfoundland and Labrador,Returning emigrants,30.0
2005-10,Newfoundland and Labrador,Net temporary emigration,83.0
2005-10,Newfoundland and Labrador,Net non-permanent residents,-269.0
2005-10,Prince Edward Island,Immigrants,59.0
2005-10,Prince Edward Island,Net emigration,27.0
2005-10,Prince Edward Island,Emigrants,17.0
2005-10,Prince Edward Island,Returning emigrants,13.0
2005-10,Prince Edward Island,Net temporary emigration,23.0
2005-10,Prince Edward Island,Net non-permanent residents,-20.0
2005-10,Nova Scotia,Immigrants,459.0
2005-10,Nova Scotia,Net emigration,271.0
2005-10,Nova Scotia,Emigrants,220.0
2005-10,Nova Scotia,Returning emigrants,102.0
2005-10,Nova Scotia,Net temporary emigration,153.0
2005-10,Nova Scotia,Net non-permanent residents,-263.0
2005-10,New Brunswick,Immigrants,240.0
2005-10,New Brunswick,Net emigration,224.0
2005-10,New Brunswick,Emigrants,171.0
2005-10,New Brunswick,Returning emigrants,67.0
2005-10,New Brunswick,Net temporary emigration,120.0
2005-10,New Brunswick,Net non-permanent residents,-37.0
2005-10,Quebec,Immigrants,8426.0
2005-10,Quebec,Net emigration,1850.0
2005-10,Quebec,Emigrants,1730.0
2005-10,Quebec,Returning emigrants,785.0
2005-10,Quebec,Net temporary emigration,905.0
2005-10,Quebec,Net non-permanent residents,-2816.0
2005-10,Ontario,Immigrants,30239.0
2005-10,Ontario,Net emigration,6843.0
2005-10,Ontario,Emigrants,6320.0
2005-10,Ontario,Returning emigrants,2464.0
2005-10,Ontario,Net temporary emigration,2987.0
2005-10,Ontario,Net non-permanent residents,-19403.0
2005-10,Manitoba,Immigrants,1580.0
2005-10,Manitoba,Net emigration,472.0
2005-10,Manitoba,Emigrants,423.0
2005-10,Manitoba,Returning emigrants,135.0
2005-10,Manitoba,Net temporary emigration,184.0
2005-10,Manitoba,Net non-permanent residents,210.0
2005-10,Saskatchewan,Immigrants,411.0
2005-10,Saskatchewan,Net emigration,166.0
2005-10,Saskatchewan,Emigrants,134.0
2005-10,Saskatchewan,Returning emigrants,52.0
2005-10,Saskatchewan,Net temporary emigration,84.0
2005-10,Saskatchewan,Net non-permanent residents,-77.0
2005-10,Alberta,Immigrants,4169.0
2005-10,Alberta,Net emigration,1140.0
2005-10,Alberta,Emigrants,1193.0
2005-10,Alberta,Returning emigrants,791.0
2005-10,Alberta,Net temporary emigration,738.0
2005-10,Alberta,Net non-permanent residents,303.0
2005-10,British Columbia,Immigrants,9652.0
2005-10,British Columbia,Net emigration,3208.0
2005-10,British Columbia,Emigrants,3100.0
2005-10,British Columbia,Returning emigrants,1045.0
2005-10,British Columbia,Net temporary emigration,1153.0
2005-10,British Columbia,Net non-permanent residents,-483.0
2005-10,Yukon,Immigrants,17.0
2005-10,Yukon,Net emigration,9.0
2005-10,Yukon,Emigrants,4.0
2005-10,Yukon,Returning emigrants,1.0
2005-10,Yukon,Net temporary emigration,6.0
2005-10,Yukon,Net non-permanent residents,-14.0
2005-10,Northwest Territories,Immigrants,16.0
2005-10,Northwest Territories,Net emigration,14.0
2005-10,Northwest Territories,Emigrants,5.0
2005-10,Northwest Territories,Returning emigrants,0.0
2005-10,Northwest Territories,Net temporary emigration,9.0
2005-10,Northwest Territories,Net non-permanent residents,-11.0
2005-10,Nunavut,Immigrants,2.0
2005-10,Nunavut,Net emigration,9.0
2005-10,Nunavut,Emigrants,3.0
2005-10,Nunavut,Returning emigrants,0.0
2005-10,Nunavut,Net temporary emigration,6.0
2005-10,Nunavut,Net non-permanent residents,15.0
2006-01,Canada,Immigrants,55134.0
2006-01,Canada,Net emigration,13834.0
2006-01,Canada,Emigrants,13094.0
2006-01,Canada,Returning emigrants,5644.0
2006-01,Canada,Net temporary emigration,6384.0
2006-01,Canada,Net non-permanent residents,10539.0
2006-01,Newfoundland and Labrador,Immigrants,112.0
2006-01,Newfoundland and Labrador,Net emigration,103.0
2006-01,Newfoundland and Labrador,Emigrants,54.0
2006-01,Newfoundland and Labrador,Returning emigrants,32.0
2006-01,Newfoundland and Labrador,Net temporary emigration,81.0
2006-01,Newfoundland and Labrador,Net non-permanent residents,39.0
2006-01,Prince Edward Island,Immigrants,60.0
2006-01,Prince Edward Island,Net emigration,25.0
2006-01,Prince Edward Island,Emigrants,17.0
2006-01,Prince Edward Island,Returning emigrants,14.0
2006-01,Prince Edward Island,Net temporary emigration,22.0
2006-01,Prince Edward Island,Net non-permanent residents,34.0
2006-01,Nova Scotia,Immigrants,504.0
2006-01,Nova Scotia,Net emigration,238.0
2006-01,Nova Scotia,Emigrants,192.0
2006-01,Nova Scotia,Returning emigrants,105.0
2006-01,Nova Scotia,Net temporary emigration,151.0
2006-01,Nova Scotia,Net non-permanent residents,86.0
2006-01,New Brunswick,Immigrants,322.0
2006-01,New Brunswick,Net emigration,187.0
2006-01,New Brunswick,Emigrants,137.0
2006-01,New Brunswick,Returning emigrants,69.0
2006-01,New Brunswick,Net temporary emigration,119.0
2006-01,New Brunswick,Net non-permanent residents,55.0
2006-01,Quebec,Immigrants,9104.0
2006-01,Quebec,Net emigration,1804.0
2006-01,Quebec,Emigrants,1716.0
2006-01,Quebec,Returning emigrants,808.0
2006-01,Quebec,Net temporary emigration,896.0
2006-01,Quebec,Net non-permanent residents,1434.0
2006-01,Ontario,Immigrants,27365.0
2006-01,Ontario,Net emigration,7027.0
2006-01,Ontario,Emigrants,6606.0
2006-01,Ontario,Returning emigrants,2535.0
2006-01,Ontario,Net temporary emigration,2956.0
2006-01,Ontario,Net non-permanent residents,5229.0
2006-01,Manitoba,Immigrants,2161.0
2006-01,Manitoba,Net emigration,370.0
2006-01,Manitoba,Emigrants,326.0
2006-01,Manitoba,Returning emigrants,139.0
2006-01,Manitoba,Net temporary emigration,183.0
2006-01,Manitoba,Net non-permanent residents,201.0
2006-01,Saskatchewan,Immigrants,479.0
2006-01,Saskatchewan,Net emigration,151.0
2006-01,Saskatchewan,Emigrants,120.0
2006-01,Saskatchewan,Returning emigrants,53.0
2006-01,Saskatchewan,Net temporary emigration,84.0
2006-01,Saskatchewan,Net non-permanent residents,104.0
2006-01,Alberta,Immigrants,4727.0
2006-01,Alberta,Net emigration,1250.0
2006-01,Alberta,Emigrants,1333.0
2006-01,Alberta,Returning emigrants,813.0
2006-01,Alberta,Net temporary emigration,730.0
2006-01,Alberta,Net non-permanent residents,1585.0
2006-01,British Columbia,Immigrants,10271.0
2006-01,British Columbia,Net emigration,2645.0
2006-01,British Columbia,Emigrants,2578.0
2006-01,British Columbia,Returning emigrants,1074.0
2006-01,British Columbia,Net temporary emigration,1141.0
2006-01,British Columbia,Net non-permanent residents,1735.0
2006-01,Yukon,Immigrants,15.0
2006-01,Yukon,Net emigration,11.0
2006-01,Yukon,Emigrants,6.0
2006-01,Yukon,Returning emigrants,2.0
2006-01,Yukon,Net temporary emigration,7.0
2006-01,Yukon,Net non-permanent residents,23.0
2006-01,Northwest Territories,Immigrants,11.0
2006-01,Northwest Territories,Net emigration,13.0
2006-01,Northwest Territories,Emigrants,5.0
2006-01,Northwest Territories,Returning emigrants,0.0
2006-01,Northwest Territories,Net temporary emigration,8.0
2006-01,Northwest Territories,Net non-permanent residents,14.0
2006-01,Nunavut,Immigrants,3.0
2006-01,Nunavut,Net emigration,10.0
2006-01,Nunavut,Emigrants,4.0
2006-01,Nunavut,Returning emigrants,0.0
2006-01,Nunavut,Net temporary emigration,6.0
2006-01,Nunavut,Net non-permanent residents,0.0
2006-04,Canada,Immigrants,67914.0
2006-04,Canada,Net emigration,11244.0
2006-04,Canada,Emigrants,14575.0
2006-04,Canada,Returning emigrants,10045.0
2006-04,Canada,Net temporary emigration,6714.0
2006-04,Canada,Net non-permanent residents,14512.0
2006-04,Newfoundland and Labrador,Immigrants,116.0
2006-04,Newfoundland and Labrador,Net emigration,96.0
2006-04,Newfoundland and Labrador,Emigrants,66.0
2006-04,Newfoundland and Labrador,Returning emigrants,56.0
2006-04,Newfoundland and Labrador,Net temporary emigration,86.0
2006-04,Newfoundland and Labrador,Net non-permanent residents,95.0
2006-04,Prince Edward Island,Immigrants,135.0
2006-04,Prince Edward Island,Net emigration,16.0
2006-04,Prince Edward Island,Emigrants,17.0
2006-04,Prince Edward Island,Returning emigrants,24.0
2006-04,Prince Edward Island,Net temporary emigration,23.0
2006-04,Prince Edward Island,Net non-permanent residents,40.0
2006-04,Nova Scotia,Immigrants,554.0
2006-04,Nova Scotia,Net emigration,176.0
2006-04,Nova Scotia,Emigrants,205.0
2006-04,Nova Scotia,Returning emigrants,187.0
2006-04,Nova Scotia,Net temporary emigration,158.0
2006-04,Nova Scotia,Net non-permanent residents,283.0
2006-04,New Brunswick,Immigrants,457.0
2006-04,New Brunswick,Net emigration,150.0
2006-04,New Brunswick,Emigrants,147.0
2006-04,New Brunswick,Returning emigrants,123.0
2006-04,New Brunswick,Net temporary emigration,126.0
2006-04,New Brunswick,Net non-permanent residents,-101.0
2006-04,Quebec,Immigrants,11421.0
2006-04,Quebec,Net emigration,1683.0
2006-04,Quebec,Emigrants,2178.0
2006-04,Quebec,Returning emigrants,1437.0
2006-04,Quebec,Net temporary emigration,942.0
2006-04,Quebec,Net non-permanent residents,3491.0
2006-04,Ontario,Immigrants,34912.0
2006-04,Ontario,Net emigration,5691.0
2006-04,Ontario,Emigrants,7092.0
2006-04,Ontario,Returning emigrants,4511.0
2006-04,Ontario,Net temporary emigration,3110.0
2006-04,Ontario,Net non-permanent residents,7324.0
2006-04,Manitoba,Immigrants,2648.0
2006-04,Manitoba,Net emigration,268.0
2006-04,Manitoba,Emigrants,323.0
2006-04,Manitoba,Returning emigrants,247.0
2006-04,Manitoba,Net temporary emigration,192.0
2006-04,Manitoba,Net non-permanent residents,434.0
2006-04,Saskatchewan,Immigrants,698.0
2006-04,Saskatchewan,Net emigration,111.0
2006-04,Saskatchewan,Emigrants,118.0
2006-04,Saskatchewan,Returning emigrants,95.0
2006-04,Saskatchewan,Net temporary emigration,88.0
2006-04,Saskatchewan,Net non-permanent residents,21.0
2006-04,Alberta,Immigrants,5444.0
2006-04,Alberta,Net emigration,789.0
2006-04,Alberta,Emigrants,1470.0
2006-04,Alberta,Returning emigrants,1448.0
2006-04,Alberta,Net temporary emigration,767.0
2006-04,Alberta,Net non-permanent residents,2193.0
2006-04,British Columbia,Immigrants,11478.0
2006-04,British Columbia,Net emigration,2233.0
2006-04,British Columbia,Emigrants,2945.0
2006-04,British Columbia,Returning emigrants,1912.0
2006-04,British Columbia,Net temporary emigration,1200.0
2006-04,British Columbia,Net non-permanent residents,639.0
2006-04,Yukon,Immigrants,29.0
2006-04,Yukon,Net emigration,9.0
2006-04,Yukon,Emigrants,5.0
2006-04,Yukon,Returning emigrants,3.0
2006-04,Yukon,Net temporary emigration,7.0
2006-04,Yukon,Net non-permanent residents,56.0
2006-04,Northwest Territories,Immigrants,18.0
2006-04,Northwest Territories,Net emigration,13.0
2006-04,Northwest Territories,Emigrants,5.0
2006-04,Northwest Territories,Returning emigrants,1.0
2006-04,Northwest Territories,Net temporary emigration,9.0
2006-04,Northwest Territories,Net non-permanent residents,33.0
2006-04,Nunavut,Immigrants,4.0
2006-04,Nunavut,Net emigration,9.0
2006-04,Nunavut,Emigrants,4.0
2006-04,Nunavut,Returning emigrants,1.0
2006-04,Nunavut,Net temporary emigration,6.0
2006-04,Nunavut,Net non-permanent residents,4.0
2006-07,Canada,Immigrants,70354.0
2006-07,Canada,Net emigration,8687.0
2006-07,Canada,Emigrants,21980.0
2006-07,Canada,Returning emigrants,18670.0
2006-07,Canada,Net temporary emigration,5377.0
2006-07,Canada,Net non-permanent residents,15132.0
2006-07,Newfoundland and Labrador,Immigrants,126.0
2006-07,Newfoundland and Labrador,Net emigration,42.0
2006-07,Newfoundland and Labrador,Emigrants,89.0
2006-07,Newfoundland and Labrador,Returning emigrants,84.0
2006-07,Newfoundland and Labrador,Net temporary emigration,37.0
2006-07,Newfoundland and Labrador,Net non-permanent residents,64.0
2006-07,Prince Edward Island,Immigrants,200.0
2006-07,Prince Edward Island,Net emigration,9.0
2006-07,Prince Edward Island,Emigrants,30.0
2006-07,Prince Edward Island,Returning emigrants,31.0
2006-07,Prince Edward Island,Net temporary emigration,10.0
2006-07,Prince Edward Island,Net non-permanent residents,135.0
2006-07,Nova Scotia,Immigrants,896.0
2006-07,Nova Scotia,Net emigration,149.0
2006-07,Nova Scotia,Emigrants,475.0
2006-07,Nova Scotia,Returning emigrants,393.0
2006-07,Nova Scotia,Net temporary emigration,67.0
2006-07,Nova Scotia,Net non-permanent residents,16.0
2006-07,New Brunswick,Immigrants,470.0
2006-07,New Brunswick,Net emigration,11.0
2006-07,New Brunswick,Emigrants,180.0
2006-07,New Brunswick,Returning emigrants,222.0
2006-07,New Brunswick,Net temporary emigration,53.0
2006-07,New Brunswick,Net non-permanent residents,253.0
2006-07,Quebec,Immigrants,13940.0
2006-07,Quebec,Net emigration,429.0
2006-07,Quebec,Emigrants,3220.0
2006-07,Quebec,Returning emigrants,3429.0
2006-07,Quebec,Net temporary emigration,638.0
2006-07,Quebec,Net non-permanent residents,917.0
2006-07,Ontario,Immigrants,34179.0
2006-07,Ontario,Net emigration,4880.0
2006-07,Ontario,Emigrants,10677.0
2006-07,Ontario,Returning emigrants,7818.0
2006-07,Ontario,Net temporary emigration,2021.0
2006-07,Ontario,Net non-permanent residents,7613.0
2006-07,Manitoba,Immigrants,3052.0
2006-07,Manitoba,Net emigration,304.0
2006-07,Manitoba,Emigrants,700.0
2006-07,Manitoba,Returning emigrants,518.0
2006-07,Manitoba,Net temporary emigration,122.0
2006-07,Manitoba,Net non-permanent residents,6.0
2006-07,Saskatchewan,Immigrants,698.0
2006-07,Saskatchewan,Net emigration,35.0
2006-07,Saskatchewan,Emigrants,275.0
2006-07,Saskatchewan,Returning emigrants,301.0
2006-07,Saskatchewan,Net temporary emigration,61.0
2006-07,Saskatchewan,Net non-permanent residents,-9.0
2006-07,Alberta,Immigrants,5713.0
2006-07,Alberta,Net emigration,135.0
2006-07,Alberta,Emigrants,2383.0
2006-07,Alberta,Returning emigrants,2915.0
2006-07,Alberta,Net temporary emigration,667.0
2006-07,Alberta,Net non-permanent residents,2627.0
2006-07,British Columbia,Immigrants,11025.0
2006-07,British Columbia,Net emigration,2657.0
2006-07,British Columbia,Emigrants,3915.0
2006-07,British Columbia,Returning emigrants,2941.0
2006-07,British Columbia,Net temporary emigration,1683.0
2006-07,British Columbia,Net non-permanent residents,3537.0
2006-07,Yukon,Immigrants,8.0
2006-07,Yukon,Net emigration,5.0
2006-07,Yukon,Emigrants,12.0
2006-07,Yukon,Returning emigrants,13.0
2006-07,Yukon,Net temporary emigration,6.0
2006-07,Yukon,Net non-permanent residents,-7.0
2006-07,Northwest Territories,Immigrants,45.0
2006-07,Northwest Territories,Net emigration,23.0
2006-07,Northwest Territories,Emigrants,22.0
2006-07,Northwest Territories,Returning emigrants,5.0
2006-07,Northwest Territories,Net temporary emigration,6.0
2006-07,Northwest Territories,Net non-permanent residents,-22.0
2006-07,Nunavut,Immigrants,2.0
2006-07,Nunavut,Net emigration,8.0
2006-07,Nunavut,Emigrants,2.0
2006-07,Nunavut,Returning emigrants,0.0
2006-07,Nunavut,Net temporary emigration,6.0
2006-07,Nunavut,Net non-permanent residents,2.0
2006-10,Canada,Immigrants,58247.0
2006-10,Canada,Net emigration,14125.0
2006-10,Canada,Emigrants,15058.0
2006-10,Canada,Returning emigrants,5344.0
2006-10,Canada,Net temporary emigration,4411.0
2006-10,Canada,Net non-permanent residents,-27442.0
2006-10,Newfoundland and Labrador,Immigrants,154.0
2006-10,Newfoundland and Labrador,Net emigration,54.0
2006-10,Newfoundland and Labrador,Emigrants,48.0
2006-10,Newfoundland and Labrador,Returning emigrants,24.0
2006-10,Newfoundland and Labrador,Net temporary emigration,30.0
2006-10,Newfoundland and Labrador,Net non-permanent residents,-16.0
2006-10,Prince Edward Island,Immigrants,170.0
2006-10,Prince Edward Island,Net emigration,16.0
2006-10,Prince Edward Island,Emigrants,17.0
2006-10,Prince Edward Island,Returning emigrants,9.0
2006-10,Prince Edward Island,Net temporary emigration,8.0
2006-10,Prince Edward Island,Net non-permanent residents,-53.0
2006-10,Nova Scotia,Immigrants,632.0
2006-10,Nova Scotia,Net emigration,183.0
2006-10,Nova Scotia,Emigrants,242.0
2006-10,Nova Scotia,Returning emigrants,113.0
2006-10,Nova Scotia,Net temporary emigration,54.0
2006-10,Nova Scotia,Net non-permanent residents,-176.0
2006-10,New Brunswick,Immigrants,397.0
2006-10,New Brunswick,Net emigration,85.0
2006-10,New Brunswick,Emigrants,105.0
2006-10,New Brunswick,Returning emigrants,64.0
2006-10,New Brunswick,Net temporary emigration,44.0
2006-10,New Brunswick,Net non-permanent residents,-112.0
2006-10,Quebec,Immigrants,10217.0
2006-10,Quebec,Net emigration,1527.0
2006-10,Quebec,Emigrants,1985.0
2006-10,Quebec,Returning emigrants,982.0
2006-10,Quebec,Net temporary emigration,524.0
2006-10,Quebec,Net non-permanent residents,-5157.0
2006-10,Ontario,Immigrants,29443.0
2006-10,Ontario,Net emigration,6633.0
2006-10,Ontario,Emigrants,7213.0
2006-10,Ontario,Returning emigrants,2238.0
2006-10,Ontario,Net temporary emigration,1658.0
2006-10,Ontario,Net non-permanent residents,-20703.0
2006-10,Manitoba,Immigrants,2188.0
2006-10,Manitoba,Net emigration,337.0
2006-10,Manitoba,Emigrants,385.0
2006-10,Manitoba,Returning emigrants,148.0
2006-10,Manitoba,Net temporary emigration,100.0
2006-10,Manitoba,Net non-permanent residents,-74.0
2006-10,Saskatchewan,Immigrants,851.0
2006-10,Saskatchewan,Net emigration,93.0
2006-10,Saskatchewan,Emigrants,130.0
2006-10,Saskatchewan,Returning emigrants,87.0
2006-10,Saskatchewan,Net temporary emigration,50.0
2006-10,Saskatchewan,Net non-permanent residents,-291.0
2006-10,Alberta,Immigrants,4833.0
2006-10,Alberta,Net emigration,1284.0
2006-10,Alberta,Emigrants,1570.0
2006-10,Alberta,Returning emigrants,834.0
2006-10,Alberta,Net temporary emigration,548.0
2006-10,Alberta,Net non-permanent residents,1136.0
2006-10,British Columbia,Immigrants,9322.0
2006-10,British Columbia,Net emigration,3884.0
2006-10,British Columbia,Emigrants,3346.0
2006-10,British Columbia,Returning emigrants,842.0
2006-10,British Columbia,Net temporary emigration,1380.0
2006-10,British Columbia,Net non-permanent residents,-1907.0
2006-10,Yukon,Immigrants,13.0
2006-10,Yukon,Net emigration,7.0
2006-10,Yukon,Emigrants,5.0
2006-10,Yukon,Returning emigrants,3.0
2006-10,Yukon,Net temporary emigration,5.0
2006-10,Yukon,Net non-permanent residents,-50.0
2006-10,Northwest Territories,Immigrants,24.0
2006-10,Northwest Territories,Net emigration,17.0
2006-10,Northwest Territories,Emigrants,11.0
2006-10,Northwest Territories,Returning emigrants,0.0
2006-10,Northwest Territories,Net temporary emigration,6.0
2006-10,Northwest Territories,Net non-permanent residents,-34.0
2006-10,Nunavut,Immigrants,3.0
2006-10,Nunavut,Net emigration,5.0
2006-10,Nunavut,Emigrants,1.0
2006-10,Nunavut,Returning emigrants,0.0
2006-10,Nunavut,Net temporary emigration,4.0
2006-10,Nunavut,Net non-permanent residents,-5.0
2007-01,Canada,Immigrants,47873.0
2007-01,Canada,Net emigration,12340.0
2007-01,Canada,Emigrants,13692.0
2007-01,Canada,Returning emigrants,5574.0
2007-01,Canada,Net temporary emigration,4222.0
2007-01,Canada,Net non-permanent residents,16985.0
2007-01,Newfoundland and Labrador,Immigrants,109.0
2007-01,Newfoundland and Labrador,Net emigration,43.0
2007-01,Newfoundland and Labrador,Emigrants,39.0
2007-01,Newfoundland and Labrador,Returning emigrants,25.0
2007-01,Newfoundland and Labrador,Net temporary emigration,29.0
2007-01,Newfoundland and Labrador,Net non-permanent residents,14.0
2007-01,Prince Edward Island,Immigrants,149.0
2007-01,Prince Edward Island,Net emigration,9.0
2007-01,Prince Edward Island,Emigrants,11.0
2007-01,Prince Edward Island,Returning emigrants,10.0
2007-01,Prince Edward Island,Net temporary emigration,8.0
2007-01,Prince Edward Island,Net non-permanent residents,48.0
2007-01,Nova Scotia,Immigrants,542.0
2007-01,Nova Scotia,Net emigration,137.0
2007-01,Nova Scotia,Emigrants,202.0
2007-01,Nova Scotia,Returning emigrants,118.0
2007-01,Nova Scotia,Net temporary emigration,53.0
2007-01,Nova Scotia,Net non-permanent residents,33.0
2007-01,New Brunswick,Immigrants,374.0
2007-01,New Brunswick,Net emigration,50.0
2007-01,New Brunswick,Emigrants,74.0
2007-01,New Brunswick,Returning emigrants,66.0
2007-01,New Brunswick,Net temporary emigration,42.0
2007-01,New Brunswick,Net non-permanent residents,172.0
2007-01,Quebec,Immigrants,9362.0
2007-01,Quebec,Net emigration,1208.0
2007-01,Quebec,Emigrants,1731.0
2007-01,Quebec,Returning emigrants,1024.0
2007-01,Quebec,Net temporary emigration,501.0
2007-01,Quebec,Net non-permanent residents,1689.0
2007-01,Ontario,Immigrants,22342.0
2007-01,Ontario,Net emigration,6045.0
2007-01,Ontario,Emigrants,6793.0
2007-01,Ontario,Returning emigrants,2335.0
2007-01,Ontario,Net temporary emigration,1587.0
2007-01,Ontario,Net non-permanent residents,6181.0
2007-01,Manitoba,Immigrants,2314.0
2007-01,Manitoba,Net emigration,206.0
2007-01,Manitoba,Emigrants,264.0
2007-01,Manitoba,Returning emigrants,154.0
2007-01,Manitoba,Net temporary emigration,96.0
2007-01,Manitoba,Net non-permanent residents,318.0
2007-01,Saskatchewan,Immigrants,656.0
2007-01,Saskatchewan,Net emigration,69.0
2007-01,Saskatchewan,Emigrants,112.0
2007-01,Saskatchewan,Returning emigrants,90.0
2007-01,Saskatchewan,Net temporary emigration,47.0
2007-01,Saskatchewan,Net non-permanent residents,193.0
2007-01,Alberta,Immigrants,4014.0
2007-01,Alberta,Net emigration,1144.0
2007-01,Alberta,Emigrants,1490.0
2007-01,Alberta,Returning emigrants,870.0
2007-01,Alberta,Net temporary emigration,524.0
2007-01,Alberta,Net non-permanent residents,4056.0
2007-01,British Columbia,Immigrants,7973.0
2007-01,British Columbia,Net emigration,3403.0
2007-01,British Columbia,Emigrants,2959.0
2007-01,British Columbia,Returning emigrants,878.0
2007-01,British Columbia,Net temporary emigration,1322.0
2007-01,British Columbia,Net non-permanent residents,4273.0
2007-01,Yukon,Immigrants,21.0
2007-01,Yukon,Net emigration,6.0
2007-01,Yukon,Emigrants,5.0
2007-01,Yukon,Returning emigrants,3.0
2007-01,Yukon,Net temporary emigration,4.0
2007-01,Yukon,Net non-permanent residents,1.0
2007-01,Northwest Territories,Immigrants,16.0
2007-01,Northwest Territories,Net emigration,16.0
2007-01,Northwest Territories,Emigrants,12.0
2007-01,Northwest Territories,Returning emigrants,1.0
2007-01,Northwest Territories,Net temporary emigration,5.0
2007-01,Northwest Territories,Net non-permanent residents,-5.0
2007-01,Nunavut,Immigrants,1.0
2007-01,Nunavut,Net emigration,4.0
2007-01,Nunavut,Emigrants,0.0
2007-01,Nunavut,Returning emigrants,0.0
2007-01,Nunavut,Net temporary emigration,4.0
2007-01,Nunavut,Net non-permanent residents,12.0
2007-04,Canada,Immigrants,61653.0
2007-04,Canada,Net emigration,10648.0
2007-04,Canada,Emigrants,15782.0
2007-04,Canada,Returning emigrants,9647.0
2007-04,Canada,Net temporary emigration,4513.0
2007-04,Canada,Net non-permanent residents,22749.0
2007-04,Newfoundland and Labrador,Immigrants,126.0
2007-04,Newfoundland and Labrador,Net emigration,34.0
2007-04,Newfoundland and Labrador,Emigrants,46.0
2007-04,Newfoundland and Labrador,Returning emigrants,43.0
2007-04,Newfoundland and Labrador,Net temporary emigration,31.0
2007-04,Newfoundland and Labrador,Net non-permanent residents,80.0
2007-04,Prince Edward Island,Immigrants,219.0
2007-04,Prince Edward Island,Net emigration,10.0
2007-04,Prince Edward Island,Emigrants,18.0
2007-04,Prince Edward Island,Returning emigrants,17.0
2007-04,Prince Edward Island,Net temporary emigration,9.0
2007-04,Prince Edward Island,Net non-permanent residents,19.0
2007-04,Nova Scotia,Immigrants,652.0
2007-04,Nova Scotia,Net emigration,86.0
2007-04,Nova Scotia,Emigrants,233.0
2007-04,Nova Scotia,Returning emigrants,204.0
2007-04,Nova Scotia,Net temporary emigration,57.0
2007-04,Nova Scotia,Net non-permanent residents,-11.0
2007-04,New Brunswick,Immigrants,375.0
2007-04,New Brunswick,Net emigration,37.0
2007-04,New Brunswick,Emigrants,108.0
2007-04,New Brunswick,Returning emigrants,115.0
2007-04,New Brunswick,Net temporary emigration,44.0
2007-04,New Brunswick,Net non-permanent residents,55.0
2007-04,Quebec,Immigrants,11550.0
2007-04,Quebec,Net emigration,1277.0
2007-04,Quebec,Emigrants,2512.0
2007-04,Quebec,Returning emigrants,1771.0
2007-04,Quebec,Net temporary emigration,536.0
2007-04,Quebec,Net non-permanent residents,4129.0
2007-04,Ontario,Immigrants,29475.0
2007-04,Ontario,Net emigration,5323.0
2007-04,Ontario,Emigrants,7665.0
2007-04,Ontario,Returning emigrants,4039.0
2007-04,Ontario,Net temporary emigration,1697.0
2007-04,Ontario,Net non-permanent residents,8980.0
2007-04,Manitoba,Immigrants,3240.0
2007-04,Manitoba,Net emigration,196.0
2007-04,Manitoba,Emigrants,362.0
2007-04,Manitoba,Returning emigrants,268.0
2007-04,Manitoba,Net temporary emigration,102.0
2007-04,Manitoba,Net non-permanent residents,809.0
2007-04,Saskatchewan,Immigrants,891.0
2007-04,Saskatchewan,Net emigration,12.0
2007-04,Saskatchewan,Emigrants,117.0
2007-04,Saskatchewan,Returning emigrants,155.0
2007-04,Saskatchewan,Net temporary emigration,50.0
2007-04,Saskatchewan,Net non-permanent residents,336.0
2007-04,Alberta,Immigrants,5593.0
2007-04,Alberta,Net emigration,719.0
2007-04,Alberta,Emigrants,1665.0
2007-04,Alberta,Returning emigrants,1506.0
2007-04,Alberta,Net temporary emigration,560.0
2007-04,Alberta,Net non-permanent residents,5778.0
2007-04,British Columbia,Immigrants,9499.0
2007-04,British Columbia,Net emigration,2932.0
2007-04,British Columbia,Emigrants,3039.0
2007-04,British Columbia,Returning emigrants,1520.0
2007-04,British Columbia,Net temporary emigration,1413.0
2007-04,British Columbia,Net non-permanent residents,2425.0
2007-04,Yukon,Immigrants,14.0
2007-04,Yukon,Net emigration,3.0
2007-04,Yukon,Emigrants,5.0
2007-04,Yukon,Returning emigrants,6.0
2007-04,Yukon,Net temporary emigration,4.0
2007-04,Yukon,Net non-permanent residents,66.0
2007-04,Northwest Territories,Immigrants,13.0
2007-04,Northwest Territories,Net emigration,15.0
2007-04,Northwest Territories,Emigrants,12.0
2007-04,Northwest Territories,Returning emigrants,3.0
2007-04,Northwest Territories,Net temporary emigration,6.0
2007-04,Northwest Territories,Net non-permanent residents,76.0
2007-04,Nunavut,Immigrants,6.0
2007-04,Nunavut,Net emigration,4.0
2007-04,Nunavut,Emigrants,0.0
2007-04,Nunavut,Returning emigrants,0.0
2007-04,Nunavut,Net temporary emigration,4.0
2007-04,Nunavut,Net non-permanent residents,7.0
2007-07,Canada,Immigrants,71665.0
2007-07,Canada,Net emigration,15147.0
2007-07,Canada,Emigrants,22281.0
2007-07,Canada,Returning emigrants,12568.0
2007-07,Canada,Net temporary emigration,5434.0
2007-07,Canada,Net non-permanent residents,21513.0
2007-07,Newfoundland and Labrador,Immigrants,144.0
2007-07,Newfoundland and Labrador,Net emigration,82.0
2007-07,Newfoundland and Labrador,Emigrants,131.0
2007-07,Newfoundland and Labrador,Returning emigrants,86.0
2007-07,Newfoundland and Labrador,Net temporary emigration,37.0
2007-07,Newfoundland and Labrador,Net non-permanent residents,117.0
2007-07,Prince Edward Island,Immigrants,420.0
2007-07,Prince Edward Island,Net emigration,10.0
2007-07,Prince Edward Island,Emigrants,29.0
2007-07,Prince Edward Island,Returning emigrants,30.0
2007-07,Prince Edward Island,Net temporary emigration,11.0
2007-07,Prince Edward Island,Net non-permanent residents,113.0
2007-07,Nova Scotia,Immigrants,755.0
2007-07,Nova Scotia,Net emigration,156.0
2007-07,Nova Scotia,Emigrants,363.0
2007-07,Nova Scotia,Returning emigrants,274.0
2007-07,Nova Scotia,Net temporary emigration,67.0
2007-07,Nova Scotia,Net non-permanent residents,428.0
2007-07,New Brunswick,Immigrants,497.0
2007-07,New Brunswick,Net emigration,138.0
2007-07,New Brunswick,Emigrants,270.0
2007-07,New Brunswick,Returning emigrants,185.0
2007-07,New Brunswick,Net temporary emigration,53.0
2007-07,New Brunswick,Net non-permanent residents,244.0
2007-07,Quebec,Immigrants,13893.0
2007-07,Quebec,Net emigration,2039.0
2007-07,Quebec,Emigrants,3203.0
2007-07,Quebec,Returning emigrants,1809.0
2007-07,Quebec,Net temporary emigration,645.0
2007-07,Quebec,Net non-permanent residents,1214.0
2007-07,Ontario,Immigrants,33294.0
2007-07,Ontario,Net emigration,6943.0
2007-07,Ontario,Emigrants,10919.0
2007-07,Ontario,Returning emigrants,6019.0
2007-07,Ontario,Net temporary emigration,2043.0
2007-07,Ontario,Net non-permanent residents,9221.0
2007-07,Manitoba,Immigrants,3101.0
2007-07,Manitoba,Net emigration,328.0
2007-07,Manitoba,Emigrants,664.0
2007-07,Manitoba,Returning emigrants,459.0
2007-07,Manitoba,Net temporary emigration,123.0
2007-07,Manitoba,Net non-permanent residents,179.0
2007-07,Saskatchewan,Immigrants,1115.0
2007-07,Saskatchewan,Net emigration,49.0
2007-07,Saskatchewan,Emigrants,195.0
2007-07,Saskatchewan,Returning emigrants,207.0
2007-07,Saskatchewan,Net temporary emigration,61.0
2007-07,Saskatchewan,Net non-permanent residents,361.0
2007-07,Alberta,Immigrants,6171.0
2007-07,Alberta,Net emigration,1968.0
2007-07,Alberta,Emigrants,2654.0
2007-07,Alberta,Returning emigrants,1361.0
2007-07,Alberta,Net temporary emigration,675.0
2007-07,Alberta,Net non-permanent residents,4854.0
2007-07,British Columbia,Immigrants,12212.0
2007-07,British Columbia,Net emigration,3378.0
2007-07,British Columbia,Emigrants,3809.0
2007-07,British Columbia,Returning emigrants,2132.0
2007-07,British Columbia,Net temporary emigration,1701.0
2007-07,British Columbia,Net non-permanent residents,4734.0
2007-07,Yukon,Immigrants,29.0
2007-07,Yukon,Net emigration,17.0
2007-07,Yukon,Emigrants,13.0
2007-07,Yukon,Returning emigrants,2.0
2007-07,Yukon,Net temporary emigration,6.0
2007-07,Yukon,Net non-permanent residents,8.0
2007-07,Northwest Territories,Immigrants,29.0
2007-07,Northwest Territories,Net emigration,33.0
2007-07,Northwest Territories,Emigrants,31.0
2007-07,Northwest Territories,Returning emigrants,4.0
2007-07,Northwest Territories,Net temporary emigration,6.0
2007-07,Northwest Territories,Net non-permanent residents,-13.0
2007-07,Nunavut,Immigrants,5.0
2007-07,Nunavut,Net emigration,6.0
2007-07,Nunavut,Emigrants,0.0
2007-07,Nunavut,Returning emigrants,0.0
2007-07,Nunavut,Net temporary emigration,6.0
2007-07,Nunavut,Net non-permanent residents,53.0
2007-10,Canada,Immigrants,55572.0
2007-10,Canada,Net emigration,13320.0
2007-10,Canada,Emigrants,14656.0
2007-10,Canada,Returning emigrants,5704.0
2007-10,Canada,Net temporary emigration,4368.0
2007-10,Canada,Net non-permanent residents,-17289.0
2007-10,Newfoundland and Labrador,Immigrants,167.0
2007-10,Newfoundland and Labrador,Net emigration,54.0
2007-10,Newfoundland and Labrador,Emigrants,63.0
2007-10,Newfoundland and Labrador,Returning emigrants,39.0
2007-10,Newfoundland and Labrador,Net temporary emigration,30.0
2007-10,Newfoundland and Labrador,Net non-permanent residents,-92.0
2007-10,Prince Edward Island,Immigrants,204.0
2007-10,Prince Edward Island,Net emigration,15.0
2007-10,Prince Edward Island,Emigrants,19.0
2007-10,Prince Edward Island,Returning emigrants,13.0
2007-10,Prince Edward Island,Net temporary emigration,9.0
2007-10,Prince Edward Island,Net non-permanent residents,-14.0
2007-10,Nova Scotia,Immigrants,581.0
2007-10,Nova Scotia,Net emigration,116.0
2007-10,Nova Scotia,Emigrants,185.0
2007-10,Nova Scotia,Returning emigrants,124.0
2007-10,Nova Scotia,Net temporary emigration,55.0
2007-10,Nova Scotia,Net non-permanent residents,-181.0
2007-10,New Brunswick,Immigrants,397.0
2007-10,New Brunswick,Net emigration,79.0
2007-10,New Brunswick,Emigrants,120.0
2007-10,New Brunswick,Returning emigrants,84.0
2007-10,New Brunswick,Net temporary emigration,43.0
2007-10,New Brunswick,Net non-permanent residents,-127.0
2007-10,Quebec,Immigrants,10401.0
2007-10,Quebec,Net emigration,1752.0
2007-10,Quebec,Emigrants,2054.0
2007-10,Quebec,Returning emigrants,821.0
2007-10,Quebec,Net temporary emigration,519.0
2007-10,Quebec,Net non-permanent residents,-2136.0
2007-10,Ontario,Immigrants,26221.0
2007-10,Ontario,Net emigration,5934.0
2007-10,Ontario,Emigrants,7023.0
2007-10,Ontario,Returning emigrants,2731.0
2007-10,Ontario,Net temporary emigration,1642.0
2007-10,Ontario,Net non-permanent residents,-15710.0
2007-10,Manitoba,Immigrants,2305.0
2007-10,Manitoba,Net emigration,306.0
2007-10,Manitoba,Emigrants,416.0
2007-10,Manitoba,Returning emigrants,209.0
2007-10,Manitoba,Net temporary emigration,99.0
2007-10,Manitoba,Net non-permanent residents,98.0
2007-10,Saskatchewan,Immigrants,854.0
2007-10,Saskatchewan,Net emigration,47.0
2007-10,Saskatchewan,Emigrants,93.0
2007-10,Saskatchewan,Returning emigrants,95.0
2007-10,Saskatchewan,Net temporary emigration,49.0
2007-10,Saskatchewan,Net non-permanent residents,-108.0
2007-10,Alberta,Immigrants,5088.0
2007-10,Alberta,Net emigration,1475.0
2007-10,Alberta,Emigrants,1552.0
2007-10,Alberta,Returning emigrants,618.0
2007-10,Alberta,Net temporary emigration,541.0
2007-10,Alberta,Net non-permanent residents,2632.0
2007-10,British Columbia,Immigrants,9298.0
2007-10,British Columbia,Net emigration,3508.0
2007-10,British Columbia,Emigrants,3108.0
2007-10,British Columbia,Returning emigrants,967.0
2007-10,British Columbia,Net temporary emigration,1367.0
2007-10,British Columbia,Net non-permanent residents,-1467.0
2007-10,Yukon,Immigrants,19.0
2007-10,Yukon,Net emigration,10.0
2007-10,Yukon,Emigrants,6.0
2007-10,Yukon,Returning emigrants,0.0
2007-10,Yukon,Net temporary emigration,4.0
2007-10,Yukon,Net non-permanent residents,-38.0
2007-10,Northwest Territories,Immigrants,30.0
2007-10,Northwest Territories,Net emigration,20.0
2007-10,Northwest Territories,Emigrants,17.0
2007-10,Northwest Territories,Returning emigrants,3.0
2007-10,Northwest Territories,Net temporary emigration,6.0
2007-10,Northwest Territories,Net non-permanent residents,-80.0
2007-10,Nunavut,Immigrants,7.0
2007-10,Nunavut,Net emigration,4.0
2007-10,Nunavut,Emigrants,0.0
2007-10,Nunavut,Returning emigrants,0.0
2007-10,Nunavut,Net temporary emigration,4.0
2007-10,Nunavut,Net non-permanent residents,-66.0
2008-01,Canada,Immigrants,53147.0
2008-01,Canada,Net emigration,12425.0
2008-01,Canada,Emigrants,13699.0
2008-01,Canada,Returning emigrants,5506.0
2008-01,Canada,Net temporary emigration,4232.0
2008-01,Canada,Net non-permanent residents,16130.0
2008-01,Newfoundland and Labrador,Immigrants,150.0
2008-01,Newfoundland and Labrador,Net emigration,49.0
2008-01,Newfoundland and Labrador,Emigrants,58.0
2008-01,Newfoundland and Labrador,Returning emigrants,38.0
2008-01,Newfoundland and Labrador,Net temporary emigration,29.0
2008-01,Newfoundland and Labrador,Net non-permanent residents,139.0
2008-01,Prince Edward Island,Immigrants,333.0
2008-01,Prince Edward Island,Net emigration,13.0
2008-01,Prince Edward Island,Emigrants,19.0
2008-01,Prince Edward Island,Returning emigrants,13.0
2008-01,Prince Edward Island,Net temporary emigration,7.0
2008-01,Prince Edward Island,Net non-permanent residents,23.0
2008-01,Nova Scotia,Immigrants,600.0
2008-01,Nova Scotia,Net emigration,111.0
2008-01,Nova Scotia,Emigrants,180.0
2008-01,Nova Scotia,Returning emigrants,121.0
2008-01,Nova Scotia,Net temporary emigration,52.0
2008-01,Nova Scotia,Net non-permanent residents,69.0
2008-01,New Brunswick,Immigrants,460.0
2008-01,New Brunswick,Net emigration,91.0
2008-01,New Brunswick,Emigrants,130.0
2008-01,New Brunswick,Returning emigrants,81.0
2008-01,New Brunswick,Net temporary emigration,42.0
2008-01,New Brunswick,Net non-permanent residents,122.0
2008-01,Quebec,Immigrants,9500.0
2008-01,Quebec,Net emigration,1481.0
2008-01,Quebec,Emigrants,1771.0
2008-01,Quebec,Returning emigrants,792.0
2008-01,Quebec,Net temporary emigration,502.0
2008-01,Quebec,Net non-permanent residents,1883.0
2008-01,Ontario,Immigrants,23531.0
2008-01,Ontario,Net emigration,5993.0
2008-01,Ontario,Emigrants,7039.0
2008-01,Ontario,Returning emigrants,2637.0
2008-01,Ontario,Net temporary emigration,1591.0
2008-01,Ontario,Net non-permanent residents,6397.0
2008-01,Manitoba,Immigrants,2063.0
2008-01,Manitoba,Net emigration,158.0
2008-01,Manitoba,Emigrants,262.0
2008-01,Manitoba,Returning emigrants,201.0
2008-01,Manitoba,Net temporary emigration,97.0
2008-01,Manitoba,Net non-permanent residents,91.0
2008-01,Saskatchewan,Immigrants,972.0
2008-01,Saskatchewan,Net emigration,68.0
2008-01,Saskatchewan,Emigrants,111.0
2008-01,Saskatchewan,Returning emigrants,91.0
2008-01,Saskatchewan,Net temporary emigration,48.0
2008-01,Saskatchewan,Net non-permanent residents,365.0
2008-01,Alberta,Immigrants,5352.0
2008-01,Alberta,Net emigration,1501.0
2008-01,Alberta,Emigrants,1571.0
2008-01,Alberta,Returning emigrants,595.0
2008-01,Alberta,Net temporary emigration,525.0
2008-01,Alberta,Net non-permanent residents,4063.0
2008-01,British Columbia,Immigrants,10129.0
2008-01,British Columbia,Net emigration,2927.0
2008-01,British Columbia,Emigrants,2536.0
2008-01,British Columbia,Returning emigrants,934.0
2008-01,British Columbia,Net temporary emigration,1325.0
2008-01,British Columbia,Net non-permanent residents,2926.0
2008-01,Yukon,Immigrants,22.0
2008-01,Yukon,Net emigration,12.0
2008-01,Yukon,Emigrants,8.0
2008-01,Yukon,Returning emigrants,0.0
2008-01,Yukon,Net temporary emigration,4.0
2008-01,Yukon,Net non-permanent residents,75.0
2008-01,Northwest Territories,Immigrants,28.0
2008-01,Northwest Territories,Net emigration,17.0
2008-01,Northwest Territories,Emigrants,14.0
2008-01,Northwest Territories,Returning emigrants,3.0
2008-01,Northwest Territories,Net temporary emigration,6.0
2008-01,Northwest Territories,Net non-permanent residents,-5.0
2008-01,Nunavut,Immigrants,7.0
2008-01,Nunavut,Net emigration,4.0
2008-01,Nunavut,Emigrants,0.0
2008-01,Nunavut,Returning emigrants,0.0
2008-01,Nunavut,Net temporary emigration,4.0
2008-01,Nunavut,Net non-permanent residents,-18.0
2008-04,Canada,Immigrants,69248.0
2008-04,Canada,Net emigration,10215.0
2008-04,Canada,Emigrants,15522.0
2008-04,Canada,Returning emigrants,9798.0
2008-04,Canada,Net temporary emigration,4491.0
2008-04,Canada,Net non-permanent residents,31124.0
2008-04,Newfoundland and Labrador,Immigrants,174.0
2008-04,Newfoundland and Labrador,Net emigration,23.0
2008-04,Newfoundland and Labrador,Emigrants,60.0
2008-04,Newfoundland and Labrador,Returning emigrants,68.0
2008-04,Newfoundland and Labrador,Net temporary emigration,31.0
2008-04,Newfoundland and Labrador,Net non-permanent residents,85.0
2008-04,Prince Edward Island,Immigrants,325.0
2008-04,Prince Edward Island,Net emigration,-1.0
2008-04,Prince Edward Island,Emigrants,14.0
2008-04,Prince Edward Island,Returning emigrants,24.0
2008-04,Prince Edward Island,Net temporary emigration,9.0
2008-04,Prince Edward Island,Net non-permanent residents,117.0
2008-04,Nova Scotia,Immigrants,732.0
2008-04,Nova Scotia,Net emigration,22.0
2008-04,Nova Scotia,Emigrants,180.0
2008-04,Nova Scotia,Returning emigrants,214.0
2008-04,Nova Scotia,Net temporary emigration,56.0
2008-04,Nova Scotia,Net non-permanent residents,92.0
2008-04,New Brunswick,Immigrants,443.0
2008-04,New Brunswick,Net emigration,17.0
2008-04,New Brunswick,Emigrants,117.0
2008-04,New Brunswick,Returning emigrants,145.0
2008-04,New Brunswick,Net temporary emigration,45.0
2008-04,New Brunswick,Net non-permanent residents,121.0
2008-04,Quebec,Immigrants,12071.0
2008-04,Quebec,Net emigration,1590.0
2008-04,Quebec,Emigrants,2467.0
2008-04,Quebec,Returning emigrants,1410.0
2008-04,Quebec,Net temporary emigration,533.0
2008-04,Quebec,Net non-permanent residents,6182.0
2008-04,Ontario,Immigrants,32004.0
2008-04,Ontario,Net emigration,4580.0
2008-04,Ontario,Emigrants,7583.0
2008-04,Ontario,Returning emigrants,4691.0
2008-04,Ontario,Net temporary emigration,1688.0
2008-04,Ontario,Net non-permanent residents,10862.0
2008-04,Manitoba,Immigrants,3270.0
2008-04,Manitoba,Net emigration,145.0
2008-04,Manitoba,Emigrants,401.0
2008-04,Manitoba,Returning emigrants,358.0
2008-04,Manitoba,Net temporary emigration,102.0
2008-04,Manitoba,Net non-permanent residents,833.0
2008-04,Saskatchewan,Immigrants,1350.0
2008-04,Saskatchewan,Net emigration,43.0
2008-04,Saskatchewan,Emigrants,155.0
2008-04,Saskatchewan,Returning emigrants,162.0
2008-04,Saskatchewan,Net temporary emigration,50.0
2008-04,Saskatchewan,Net non-permanent residents,525.0
2008-04,Alberta,Immigrants,7198.0
2008-04,Alberta,Net emigration,1306.0
2008-04,Alberta,Emigrants,1808.0
2008-04,Alberta,Returning emigrants,1060.0
2008-04,Alberta,Net temporary emigration,558.0
2008-04,Alberta,Net non-permanent residents,7229.0
2008-04,British Columbia,Immigrants,11592.0
2008-04,British Columbia,Net emigration,2453.0
2008-04,British Columbia,Emigrants,2710.0
2008-04,British Columbia,Returning emigrants,1662.0
2008-04,British Columbia,Net temporary emigration,1405.0
2008-04,British Columbia,Net non-permanent residents,4926.0
2008-04,Yukon,Immigrants,27.0
2008-04,Yukon,Net emigration,10.0
2008-04,Yukon,Emigrants,7.0
2008-04,Yukon,Returning emigrants,1.0
2008-04,Yukon,Net temporary emigration,4.0
2008-04,Yukon,Net non-permanent residents,69.0
2008-04,Northwest Territories,Immigrants,45.0
2008-04,Northwest Territories,Net emigration,23.0
2008-04,Northwest Territories,Emigrants,20.0
2008-04,Northwest Territories,Returning emigrants,3.0
2008-04,Northwest Territories,Net temporary emigration,6.0
2008-04,Northwest Territories,Net non-permanent residents,77.0
2008-04,Nunavut,Immigrants,17.0
2008-04,Nunavut,Net emigration,4.0
2008-04,Nunavut,Emigrants,0.0
2008-04,Nunavut,Returning emigrants,0.0
2008-04,Nunavut,Net temporary emigration,4.0
2008-04,Nunavut,Net non-permanent residents,6.0
2008-07,Canada,Immigrants,71320.0
2008-07,Canada,Net emigration,16044.0
2008-07,Canada,Emigrants,22314.0
2008-07,Canada,Returning emigrants,11948.0
2008-07,Canada,Net temporary emigration,5678.0
2008-07,Canada,Net non-permanent residents,32543.0
2008-07,Newfoundland and Labrador,Immigrants,165.0
2008-07,Newfoundland and Labrador,Net emigration,101.0
2008-07,Newfoundland and Labrador,Emigrants,143.0
2008-07,Newfoundland and Labrador,Returning emigrants,81.0
2008-07,Newfoundland and Labrador,Net temporary emigration,39.0
2008-07,Newfoundland and Labrador,Net non-permanent residents,232.0
2008-07,Prince Edward Island,Immigrants,605.0
2008-07,Prince Edward Island,Net emigration,15.0
2008-07,Prince Edward Island,Emigrants,26.0
2008-07,Prince Edward Island,Returning emigrants,22.0
2008-07,Prince Edward Island,Net temporary emigration,11.0
2008-07,Prince Edward Island,Net non-permanent residents,93.0
2008-07,Nova Scotia,Immigrants,828.0
2008-07,Nova Scotia,Net emigration,230.0
2008-07,Nova Scotia,Emigrants,399.0
2008-07,Nova Scotia,Returning emigrants,240.0
2008-07,Nova Scotia,Net temporary emigration,71.0
2008-07,Nova Scotia,Net non-permanent residents,754.0
2008-07,New Brunswick,Immigrants,610.0
2008-07,New Brunswick,Net emigration,82.0
2008-07,New Brunswick,Emigrants,168.0
2008-07,New Brunswick,Returning emigrants,143.0
2008-07,New Brunswick,Net temporary emigration,57.0
2008-07,New Brunswick,Net non-permanent residents,398.0
2008-07,Quebec,Immigrants,13595.0
2008-07,Quebec,Net emigration,2215.0
2008-07,Quebec,Emigrants,3273.0
2008-07,Quebec,Returning emigrants,1731.0
2008-07,Quebec,Net temporary emigration,673.0
2008-07,Quebec,Net non-permanent residents,3842.0
2008-07,Ontario,Immigrants,31794.0
2008-07,Ontario,Net emigration,7676.0
2008-07,Ontario,Emigrants,10950.0
2008-07,Ontario,Returning emigrants,5407.0
2008-07,Ontario,Net temporary emigration,2133.0
2008-07,Ontario,Net non-permanent residents,11246.0
2008-07,Manitoba,Immigrants,3274.0
2008-07,Manitoba,Net emigration,219.0
2008-07,Manitoba,Emigrants,557.0
2008-07,Manitoba,Returning emigrants,467.0
2008-07,Manitoba,Net temporary emigration,129.0
2008-07,Manitoba,Net non-permanent residents,-103.0
2008-07,Saskatchewan,Immigrants,1203.0
2008-07,Saskatchewan,Net emigration,103.0
2008-07,Saskatchewan,Emigrants,299.0
2008-07,Saskatchewan,Returning emigrants,260.0
2008-07,Saskatchewan,Net temporary emigration,64.0
2008-07,Saskatchewan,Net non-permanent residents,644.0
2008-07,Alberta,Immigrants,6457.0
2008-07,Alberta,Net emigration,2034.0
2008-07,Alberta,Emigrants,2899.0
2008-07,Alberta,Returning emigrants,1570.0
2008-07,Alberta,Net temporary emigration,705.0
2008-07,Alberta,Net non-permanent residents,7769.0
2008-07,British Columbia,Immigrants,12716.0
2008-07,British Columbia,Net emigration,3329.0
2008-07,British Columbia,Emigrants,3565.0
2008-07,British Columbia,Returning emigrants,2013.0
2008-07,British Columbia,Net temporary emigration,1777.0
2008-07,British Columbia,Net non-permanent residents,7665.0
2008-07,Yukon,Immigrants,21.0
2008-07,Yukon,Net emigration,5.0
2008-07,Yukon,Emigrants,11.0
2008-07,Yukon,Returning emigrants,12.0
2008-07,Yukon,Net temporary emigration,6.0
2008-07,Yukon,Net non-permanent residents,33.0
2008-07,Northwest Territories,Immigrants,38.0
2008-07,Northwest Territories,Net emigration,27.0
2008-07,Northwest Territories,Emigrants,22.0
2008-07,Northwest Territories,Returning emigrants,2.0
2008-07,Northwest Territories,Net temporary emigration,7.0
2008-07,Northwest Territories,Net non-permanent residents,-30.0
2008-07,Nunavut,Immigrants,14.0
2008-07,Nunavut,Net emigration,8.0
2008-07,Nunavut,Emigrants,2.0
2008-07,Nunavut,Returning emigrants,0.0
2008-07,Nunavut,Net temporary emigration,6.0
2008-07,Nunavut,Net non-permanent residents,0.0
2008-10,Canada,Immigrants,53547.0
2008-10,Canada,Net emigration,13994.0
2008-10,Canada,Emigrants,14699.0
2008-10,Canada,Returning emigrants,5236.0
2008-10,Canada,Net temporary emigration,4531.0
2008-10,Canada,Net non-permanent residents,-8128.0
2008-10,Newfoundland and Labrador,Immigrants,138.0
2008-10,Newfoundland and Labrador,Net emigration,72.0
2008-10,Newfoundland and Labrador,Emigrants,76.0
2008-10,Newfoundland and Labrador,Returning emigrants,36.0
2008-10,Newfoundland and Labrador,Net temporary emigration,32.0
2008-10,Newfoundland and Labrador,Net non-permanent residents,-158.0
2008-10,Prince Edward Island,Immigrants,191.0
2008-10,Prince Edward Island,Net emigration,12.0
2008-10,Prince Edward Island,Emigrants,14.0
2008-10,Prince Edward Island,Returning emigrants,10.0
2008-10,Prince Edward Island,Net temporary emigration,8.0
2008-10,Prince Edward Island,Net non-permanent residents,-64.0
2008-10,Nova Scotia,Immigrants,491.0
2008-10,Nova Scotia,Net emigration,162.0
2008-10,Nova Scotia,Emigrants,211.0
2008-10,Nova Scotia,Returning emigrants,105.0
2008-10,Nova Scotia,Net temporary emigration,56.0
2008-10,Nova Scotia,Net non-permanent residents,57.0
2008-10,New Brunswick,Immigrants,343.0
2008-10,New Brunswick,Net emigration,77.0
2008-10,New Brunswick,Emigrants,95.0
2008-10,New Brunswick,Returning emigrants,63.0
2008-10,New Brunswick,Net temporary emigration,45.0
2008-10,New Brunswick,Net non-permanent residents,61.0
2008-10,Quebec,Immigrants,10038.0
2008-10,Quebec,Net emigration,1940.0
2008-10,Quebec,Emigrants,2161.0
2008-10,Quebec,Returning emigrants,758.0
2008-10,Quebec,Net temporary emigration,537.0
2008-10,Quebec,Net non-permanent residents,-2261.0
2008-10,Ontario,Immigrants,23575.0
2008-10,Ontario,Net emigration,6221.0
2008-10,Ontario,Emigrants,6888.0
2008-10,Ontario,Returning emigrants,2370.0
2008-10,Ontario,Net temporary emigration,1703.0
2008-10,Ontario,Net non-permanent residents,-12856.0
2008-10,Manitoba,Immigrants,2622.0
2008-10,Manitoba,Net emigration,331.0
2008-10,Manitoba,Emigrants,432.0
2008-10,Manitoba,Returning emigrants,204.0
2008-10,Manitoba,Net temporary emigration,103.0
2008-10,Manitoba,Net non-permanent residents,-65.0
2008-10,Saskatchewan,Immigrants,1310.0
2008-10,Saskatchewan,Net emigration,74.0
2008-10,Saskatchewan,Emigrants,137.0
2008-10,Saskatchewan,Returning emigrants,114.0
2008-10,Saskatchewan,Net temporary emigration,51.0
2008-10,Saskatchewan,Net non-permanent residents,322.0
2008-10,Alberta,Immigrants,5202.0
2008-10,Alberta,Net emigration,1643.0
2008-10,Alberta,Emigrants,1768.0
2008-10,Alberta,Returning emigrants,688.0
2008-10,Alberta,Net temporary emigration,563.0
2008-10,Alberta,Net non-permanent residents,4604.0
2008-10,British Columbia,Immigrants,9569.0
2008-10,British Columbia,Net emigration,3434.0
2008-10,British Columbia,Emigrants,2899.0
2008-10,British Columbia,Returning emigrants,882.0
2008-10,British Columbia,Net temporary emigration,1417.0
2008-10,British Columbia,Net non-permanent residents,2302.0
2008-10,Yukon,Immigrants,40.0
2008-10,Yukon,Net emigration,6.0
2008-10,Yukon,Emigrants,7.0
2008-10,Yukon,Returning emigrants,6.0
2008-10,Yukon,Net temporary emigration,5.0
2008-10,Yukon,Net non-permanent residents,-74.0
2008-10,Northwest Territories,Immigrants,16.0
2008-10,Northwest Territories,Net emigration,17.0
2008-10,Northwest Territories,Emigrants,11.0
2008-10,Northwest Territories,Returning emigrants,0.0
2008-10,Northwest Territories,Net temporary emigration,6.0
2008-10,Northwest Territories,Net non-permanent residents,21.0
2008-10,Nunavut,Immigrants,12.0
2008-10,Nunavut,Net emigration,5.0
2008-10,Nunavut,Emigrants,0.0
2008-10,Nunavut,Returning emigrants,0.0
2008-10,Nunavut,Net temporary emigration,5.0
2008-10,Nunavut,Net non-permanent residents,-17.0
2009-01,Canada,Immigrants,50789.0
2009-01,Canada,Net emigration,10769.0
2009-01,Canada,Emigrants,12243.0
2009-01,Canada,Returning emigrants,5630.0
2009-01,Canada,Net temporary emigration,4156.0
2009-01,Canada,Net non-permanent residents,23573.0
2009-01,Newfoundland and Labrador,Immigrants,114.0
2009-01,Newfoundland and Labrador,Net emigration,54.0
2009-01,Newfoundland and Labrador,Emigrants,64.0
2009-01,Newfoundland and Labrador,Returning emigrants,39.0
2009-01,Newfoundland and Labrador,Net temporary emigration,29.0
2009-01,Newfoundland and Labrador,Net non-permanent residents,-129.0
2009-01,Prince Edward Island,Immigrants,328.0
2009-01,Prince Edward Island,Net emigration,8.0
2009-01,Prince Edward Island,Emigrants,11.0
2009-01,Prince Edward Island,Returning emigrants,10.0
2009-01,Prince Edward Island,Net temporary emigration,7.0
2009-01,Prince Edward Island,Net non-permanent residents,6.0
2009-01,Nova Scotia,Immigrants,498.0
2009-01,Nova Scotia,Net emigration,108.0
2009-01,Nova Scotia,Emigrants,169.0
2009-01,Nova Scotia,Returning emigrants,112.0
2009-01,Nova Scotia,Net temporary emigration,51.0
2009-01,Nova Scotia,Net non-permanent residents,222.0
2009-01,New Brunswick,Immigrants,378.0
2009-01,New Brunswick,Net emigration,49.0
2009-01,New Brunswick,Emigrants,75.0
2009-01,New Brunswick,Returning emigrants,67.0
2009-01,New Brunswick,Net temporary emigration,41.0
2009-01,New Brunswick,Net non-permanent residents,390.0
2009-01,Quebec,Immigrants,9392.0
2009-01,Quebec,Net emigration,1306.0
2009-01,Quebec,Emigrants,1628.0
2009-01,Quebec,Returning emigrants,816.0
2009-01,Quebec,Net temporary emigration,494.0
2009-01,Quebec,Net non-permanent residents,4274.0
2009-01,Ontario,Immigrants,20966.0
2009-01,Ontario,Net emigration,4915.0
2009-01,Ontario,Emigrants,5901.0
2009-01,Ontario,Returning emigrants,2549.0
2009-01,Ontario,Net temporary emigration,1563.0
2009-01,Ontario,Net non-permanent residents,7738.0
2009-01,Manitoba,Immigrants,2753.0
2009-01,Manitoba,Net emigration,162.0
2009-01,Manitoba,Emigrants,287.0
2009-01,Manitoba,Returning emigrants,219.0
2009-01,Manitoba,Net temporary emigration,94.0
2009-01,Manitoba,Net non-permanent residents,117.0
2009-01,Saskatchewan,Immigrants,1300.0
2009-01,Saskatchewan,Net emigration,50.0
2009-01,Saskatchewan,Emigrants,125.0
2009-01,Saskatchewan,Returning emigrants,122.0
2009-01,Saskatchewan,Net temporary emigration,47.0
2009-01,Saskatchewan,Net non-permanent residents,759.0
2009-01,Alberta,Immigrants,5764.0
2009-01,Alberta,Net emigration,1248.0
2009-01,Alberta,Emigrants,1474.0
2009-01,Alberta,Returning emigrants,741.0
2009-01,Alberta,Net temporary emigration,515.0
2009-01,Alberta,Net non-permanent residents,4495.0
2009-01,British Columbia,Immigrants,9244.0
2009-01,British Columbia,Net emigration,2847.0
2009-01,British Columbia,Emigrants,2494.0
2009-01,British Columbia,Returning emigrants,949.0
2009-01,British Columbia,Net temporary emigration,1302.0
2009-01,British Columbia,Net non-permanent residents,5628.0
2009-01,Yukon,Immigrants,34.0
2009-01,Yukon,Net emigration,3.0
2009-01,Yukon,Emigrants,5.0
2009-01,Yukon,Returning emigrants,6.0
2009-01,Yukon,Net temporary emigration,4.0
2009-01,Yukon,Net non-permanent residents,91.0
2009-01,Northwest Territories,Immigrants,15.0
2009-01,Northwest Territories,Net emigration,14.0
2009-01,Northwest Territories,Emigrants,9.0
2009-01,Northwest Territories,Returning emigrants,0.0
2009-01,Northwest Territories,Net temporary emigration,5.0
2009-01,Northwest Territories,Net non-permanent residents,-27.0
2009-01,Nunavut,Immigrants,3.0
2009-01,Nunavut,Net emigration,5.0
2009-01,Nunavut,Emigrants,1.0
2009-01,Nunavut,Returning emigrants,0.0
2009-01,Nunavut,Net temporary emigration,4.0
2009-01,Nunavut,Net non-permanent residents,9.0
2009-04,Canada,Immigrants,69657.0
2009-04,Canada,Net emigration,7184.0
2009-04,Canada,Emigrants,12275.0
2009-04,Canada,Returning emigrants,9255.0
2009-04,Canada,Net temporary emigration,4164.0
2009-04,Canada,Net non-permanent residents,23898.0
2009-04,Newfoundland and Labrador,Immigrants,154.0
2009-04,Newfoundland and Labrador,Net emigration,29.0
2009-04,Newfoundland and Labrador,Emigrants,63.0
2009-04,Newfoundland and Labrador,Returning emigrants,63.0
2009-04,Newfoundland and Labrador,Net temporary emigration,29.0
2009-04,Newfoundland and Labrador,Net non-permanent residents,240.0
2009-04,Prince Edward Island,Immigrants,599.0
2009-04,Prince Edward Island,Net emigration,-1.0
2009-04,Prince Edward Island,Emigrants,9.0
2009-04,Prince Edward Island,Returning emigrants,18.0
2009-04,Prince Edward Island,Net temporary emigration,8.0
2009-04,Prince Edward Island,Net non-permanent residents,192.0
2009-04,Nova Scotia,Immigrants,629.0
2009-04,Nova Scotia,Net emigration,47.0
2009-04,Nova Scotia,Emigrants,181.0
2009-04,Nova Scotia,Returning emigrants,185.0
2009-04,Nova Scotia,Net temporary emigration,51.0
2009-04,Nova Scotia,Net non-permanent residents,240.0
2009-04,New Brunswick,Immigrants,588.0
2009-04,New Brunswick,Net emigration,15.0
2009-04,New Brunswick,Emigrants,84.0
2009-04,New Brunswick,Returning emigrants,110.0
2009-04,New Brunswick,Net temporary emigration,41.0
2009-04,New Brunswick,Net non-permanent residents,-30.0
2009-04,Quebec,Immigrants,13486.0
2009-04,Quebec,Net emigration,1270.0
2009-04,Quebec,Emigrants,2117.0
2009-04,Quebec,Returning emigrants,1341.0
2009-04,Quebec,Net temporary emigration,494.0
2009-04,Quebec,Net non-permanent residents,7170.0
2009-04,Ontario,Immigrants,29090.0
2009-04,Ontario,Net emigration,2919.0
2009-04,Ontario,Emigrants,5542.0
2009-04,Ontario,Returning emigrants,4188.0
2009-04,Ontario,Net temporary emigration,1565.0
2009-04,Ontario,Net non-permanent residents,10405.0
2009-04,Manitoba,Immigrants,4325.0
2009-04,Manitoba,Net emigration,29.0
2009-04,Manitoba,Emigrants,297.0
2009-04,Manitoba,Returning emigrants,362.0
2009-04,Manitoba,Net temporary emigration,94.0
2009-04,Manitoba,Net non-permanent residents,261.0
2009-04,Saskatchewan,Immigrants,2115.0
2009-04,Saskatchewan,Net emigration,-3.0
2009-04,Saskatchewan,Emigrants,151.0
2009-04,Saskatchewan,Returning emigrants,201.0
2009-04,Saskatchewan,Net temporary emigration,47.0
2009-04,Saskatchewan,Net non-permanent residents,538.0
2009-04,Alberta,Immigrants,7740.0
2009-04,Alberta,Net emigration,827.0
2009-04,Alberta,Emigrants,1527.0
2009-04,Alberta,Returning emigrants,1217.0
2009-04,Alberta,Net temporary emigration,517.0
2009-04,Alberta,Net non-permanent residents,2735.0
2009-04,British Columbia,Immigrants,10848.0
2009-04,British Columbia,Net emigration,2027.0
2009-04,British Columbia,Emigrants,2282.0
2009-04,British Columbia,Returning emigrants,1559.0
2009-04,British Columbia,Net temporary emigration,1304.0
2009-04,British Columbia,Net non-permanent residents,2088.0
2009-04,Yukon,Immigrants,40.0
2009-04,Yukon,Net emigration,4.0
2009-04,Yukon,Emigrants,10.0
2009-04,Yukon,Returning emigrants,10.0
2009-04,Yukon,Net temporary emigration,4.0
2009-04,Yukon,Net non-permanent residents,46.0
2009-04,Northwest Territories,Immigrants,40.0
2009-04,Northwest Territories,Net emigration,17.0
2009-04,Northwest Territories,Emigrants,12.0
2009-04,Northwest Territories,Returning emigrants,1.0
2009-04,Northwest Territories,Net temporary emigration,6.0
2009-04,Northwest Territories,Net non-permanent residents,9.0
2009-04,Nunavut,Immigrants,3.0
2009-04,Nunavut,Net emigration,4.0
2009-04,Nunavut,Emigrants,0.0
2009-04,Nunavut,Returning emigrants,0.0
2009-04,Nunavut,Net temporary emigration,4.0
2009-04,Nunavut,Net non-permanent residents,4.0
2009-07,Canada,Immigrants,75401.0
2009-07,Canada,Net emigration,11363.0
2009-07,Canada,Emigrants,18552.0
2009-07,Canada,Returning emigrants,12465.0
2009-07,Canada,Net temporary emigration,5276.0
2009-07,Canada,Net non-permanent residents,26163.0
2009-07,Newfoundland and Labrador,Immigrants,193.0
2009-07,Newfoundland and Labrador,Net emigration,52.0
2009-07,Newfoundland and Labrador,Emigrants,69.0
2009-07,Newfoundland and Labrador,Returning emigrants,53.0
2009-07,Newfoundland and Labrador,Net temporary emigration,36.0
2009-07,Newfoundland and Labrador,Net non-permanent residents,359.0
2009-07,Prince Edward Island,Immigrants,518.0
2009-07,Prince Edward Island,Net emigration,15.0
2009-07,Prince Edward Island,Emigrants,15.0
2009-07,Prince Edward Island,Returning emigrants,10.0
2009-07,Prince Edward Island,Net temporary emigration,10.0
2009-07,Prince Edward Island,Net non-permanent residents,174.0
2009-07,Nova Scotia,Immigrants,778.0
2009-07,Nova Scotia,Net emigration,240.0
2009-07,Nova Scotia,Emigrants,401.0
2009-07,Nova Scotia,Returning emigrants,226.0
2009-07,Nova Scotia,Net temporary emigration,65.0
2009-07,Nova Scotia,Net non-permanent residents,1126.0
2009-07,New Brunswick,Immigrants,602.0
2009-07,New Brunswick,Net emigration,130.0
2009-07,New Brunswick,Emigrants,244.0
2009-07,New Brunswick,Returning emigrants,166.0
2009-07,New Brunswick,Net temporary emigration,52.0
2009-07,New Brunswick,Net non-permanent residents,152.0
2009-07,Quebec,Immigrants,14960.0
2009-07,Quebec,Net emigration,1379.0
2009-07,Quebec,Emigrants,2661.0
2009-07,Quebec,Returning emigrants,1908.0
2009-07,Quebec,Net temporary emigration,626.0
2009-07,Quebec,Net non-permanent residents,3146.0
2009-07,Ontario,Immigrants,32982.0
2009-07,Ontario,Net emigration,4750.0
2009-07,Ontario,Emigrants,8654.0
2009-07,Ontario,Returning emigrants,5887.0
2009-07,Ontario,Net temporary emigration,1983.0
2009-07,Ontario,Net non-permanent residents,10995.0
2009-07,Manitoba,Immigrants,3584.0
2009-07,Manitoba,Net emigration,305.0
2009-07,Manitoba,Emigrants,563.0
2009-07,Manitoba,Returning emigrants,378.0
2009-07,Manitoba,Net temporary emigration,120.0
2009-07,Manitoba,Net non-permanent residents,175.0
2009-07,Saskatchewan,Immigrants,1999.0
2009-07,Saskatchewan,Net emigration,162.0
2009-07,Saskatchewan,Emigrants,334.0
2009-07,Saskatchewan,Returning emigrants,231.0
2009-07,Saskatchewan,Net temporary emigration,59.0
2009-07,Saskatchewan,Net non-permanent residents,631.0
2009-07,Alberta,Immigrants,7588.0
2009-07,Alberta,Net emigration,1506.0
2009-07,Alberta,Emigrants,2311.0
2009-07,Alberta,Returning emigrants,1460.0
2009-07,Alberta,Net temporary emigration,655.0
2009-07,Alberta,Net non-permanent residents,2268.0
2009-07,British Columbia,Immigrants,12118.0
2009-07,British Columbia,Net emigration,2802.0
2009-07,British Columbia,Emigrants,3286.0
2009-07,British Columbia,Returning emigrants,2136.0
2009-07,British Columbia,Net temporary emigration,1652.0
2009-07,British Columbia,Net non-permanent residents,7104.0
2009-07,Yukon,Immigrants,57.0
2009-07,Yukon,Net emigration,5.0
2009-07,Yukon,Emigrants,7.0
2009-07,Yukon,Returning emigrants,8.0
2009-07,Yukon,Net temporary emigration,6.0
2009-07,Yukon,Net non-permanent residents,30.0
2009-07,Northwest Territories,Immigrants,22.0
2009-07,Northwest Territories,Net emigration,8.0
2009-07,Northwest Territories,Emigrants,2.0
2009-07,Northwest Territories,Returning emigrants,0.0
2009-07,Northwest Territories,Net temporary emigration,6.0
2009-07,Northwest Territories,Net non-permanent residents,-5.0
2009-07,Nunavut,Immigrants,0.0
2009-07,Nunavut,Net emigration,9.0
2009-07,Nunavut,Emigrants,5.0
2009-07,Nunavut,Returning emigrants,2.0
2009-07,Nunavut,Net temporary emigration,6.0
2009-07,Nunavut,Net non-permanent residents,8.0
2009-10,Canada,Immigrants,56371.0
2009-10,Canada,Net emigration,11815.0
2009-10,Canada,Emigrants,13357.0
2009-10,Canada,Returning emigrants,5989.0
2009-10,Canada,Net temporary emigration,4447.0
2009-10,Canada,Net non-permanent residents,-17657.0
2009-10,Newfoundland and Labrador,Immigrants,145.0
2009-10,Newfoundland and Labrador,Net emigration,31.0
2009-10,Newfoundland and Labrador,Emigrants,26.0
2009-10,Newfoundland and Labrador,Returning emigrants,25.0
2009-10,Newfoundland and Labrador,Net temporary emigration,30.0
2009-10,Newfoundland and Labrador,Net non-permanent residents,-58.0
2009-10,Prince Edward Island,Immigrants,314.0
2009-10,Prince Edward Island,Net emigration,7.0
2009-10,Prince Edward Island,Emigrants,4.0
2009-10,Prince Edward Island,Returning emigrants,5.0
2009-10,Prince Edward Island,Net temporary emigration,8.0
2009-10,Prince Edward Island,Net non-permanent residents,-109.0
2009-10,Nova Scotia,Immigrants,483.0
2009-10,Nova Scotia,Net emigration,123.0
2009-10,Nova Scotia,Emigrants,177.0
2009-10,Nova Scotia,Returning emigrants,109.0
2009-10,Nova Scotia,Net temporary emigration,55.0
2009-10,Nova Scotia,Net non-permanent residents,-212.0
2009-10,New Brunswick,Immigrants,346.0
2009-10,New Brunswick,Net emigration,64.0
2009-10,New Brunswick,Emigrants,100.0
2009-10,New Brunswick,Returning emigrants,80.0
2009-10,New Brunswick,Net temporary emigration,44.0
2009-10,New Brunswick,Net non-permanent residents,-196.0
2009-10,Quebec,Immigrants,11662.0
2009-10,Quebec,Net emigration,1537.0
2009-10,Quebec,Emigrants,1927.0
2009-10,Quebec,Returning emigrants,918.0
2009-10,Quebec,Net temporary emigration,528.0
2009-10,Quebec,Net non-permanent residents,-3742.0
2009-10,Ontario,Immigrants,23838.0
2009-10,Ontario,Net emigration,5032.0
2009-10,Ontario,Emigrants,6190.0
2009-10,Ontario,Returning emigrants,2829.0
2009-10,Ontario,Net temporary emigration,1671.0
2009-10,Ontario,Net non-permanent residents,-13027.0
2009-10,Manitoba,Immigrants,2861.0
2009-10,Manitoba,Net emigration,321.0
2009-10,Manitoba,Emigrants,401.0
2009-10,Manitoba,Returning emigrants,181.0
2009-10,Manitoba,Net temporary emigration,101.0
2009-10,Manitoba,Net non-permanent residents,-182.0
2009-10,Saskatchewan,Immigrants,1476.0
2009-10,Saskatchewan,Net emigration,115.0
2009-10,Saskatchewan,Emigrants,174.0
2009-10,Saskatchewan,Returning emigrants,110.0
2009-10,Saskatchewan,Net temporary emigration,51.0
2009-10,Saskatchewan,Net non-permanent residents,-41.0
2009-10,Alberta,Immigrants,5932.0
2009-10,Alberta,Net emigration,1295.0
2009-10,Alberta,Emigrants,1444.0
2009-10,Alberta,Returning emigrants,701.0
2009-10,Alberta,Net temporary emigration,552.0
2009-10,Alberta,Net non-permanent residents,-1461.0
2009-10,British Columbia,Immigrants,9237.0
2009-10,British Columbia,Net emigration,3270.0
2009-10,British Columbia,Emigrants,2905.0
2009-10,British Columbia,Returning emigrants,1027.0
2009-10,British Columbia,Net temporary emigration,1392.0
2009-10,British Columbia,Net non-permanent residents,1462.0
2009-10,Yukon,Immigrants,43.0
2009-10,Yukon,Net emigration,8.0
2009-10,Yukon,Emigrants,7.0
2009-10,Yukon,Returning emigrants,4.0
2009-10,Yukon,Net temporary emigration,5.0
2009-10,Yukon,Net non-permanent residents,-60.0
2009-10,Northwest Territories,Immigrants,30.0
2009-10,Northwest Territories,Net emigration,6.0
2009-10,Northwest Territories,Emigrants,0.0
2009-10,Northwest Territories,Returning emigrants,0.0
2009-10,Northwest Territories,Net temporary emigration,6.0
2009-10,Northwest Territories,Net non-permanent residents,-17.0
2009-10,Nunavut,Immigrants,4.0
2009-10,Nunavut,Net emigration,6.0
2009-10,Nunavut,Emigrants,2.0
2009-10,Nunavut,Returning emigrants,0.0
2009-10,Nunavut,Net temporary emigration,4.0
2009-10,Nunavut,Net non-permanent residents,-14.0
2010-01,Canada,Immigrants,58056.0
2010-01,Canada,Net emigration,10874.0
2010-01,Canada,Emigrants,12301.0
2010-01,Canada,Returning emigrants,5704.0
2010-01,Canada,Net temporary emigration,4277.0
2010-01,Canada,Net non-permanent residents,12495.0
2010-01,Newfoundland and Labrador,Immigrants,142.0
2010-01,Newfoundland and Labrador,Net emigration,27.0
2010-01,Newfoundland and Labrador,Emigrants,22.0
2010-01,Newfoundland and Labrador,Returning emigrants,24.0
2010-01,Newfoundland and Labrador,Net temporary emigration,29.0
2010-01,Newfoundland and Labrador,Net non-permanent residents,-17.0
2010-01,Prince Edward Island,Immigrants,388.0
2010-01,Prince Edward Island,Net emigration,9.0
2010-01,Prince Edward Island,Emigrants,7.0
2010-01,Prince Edward Island,Returning emigrants,5.0
2010-01,Prince Edward Island,Net temporary emigration,7.0
2010-01,Prince Edward Island,Net non-permanent residents,-33.0
2010-01,Nova Scotia,Immigrants,458.0
2010-01,Nova Scotia,Net emigration,118.0
2010-01,Nova Scotia,Emigrants,168.0
2010-01,Nova Scotia,Returning emigrants,103.0
2010-01,Nova Scotia,Net temporary emigration,53.0
2010-01,Nova Scotia,Net non-permanent residents,320.0
2010-01,New Brunswick,Immigrants,425.0
2010-01,New Brunswick,Net emigration,63.0
2010-01,New Brunswick,Emigrants,96.0
2010-01,New Brunswick,Returning emigrants,76.0
2010-01,New Brunswick,Net temporary emigration,43.0
2010-01,New Brunswick,Net non-permanent residents,13.0
2010-01,Quebec,Immigrants,10851.0
2010-01,Quebec,Net emigration,1299.0
2010-01,Quebec,Emigrants,1666.0
2010-01,Quebec,Returning emigrants,874.0
2010-01,Quebec,Net temporary emigration,507.0
2010-01,Quebec,Net non-permanent residents,2277.0
2010-01,Ontario,Immigrants,24453.0
2010-01,Ontario,Net emigration,4627.0
2010-01,Ontario,Emigrants,5713.0
2010-01,Ontario,Returning emigrants,2695.0
2010-01,Ontario,Net temporary emigration,1609.0
2010-01,Ontario,Net non-permanent residents,6160.0
2010-01,Manitoba,Immigrants,3224.0
2010-01,Manitoba,Net emigration,230.0
2010-01,Manitoba,Emigrants,306.0
2010-01,Manitoba,Returning emigrants,173.0
2010-01,Manitoba,Net temporary emigration,97.0
2010-01,Manitoba,Net non-permanent residents,-372.0
2010-01,Saskatchewan,Immigrants,1545.0
2010-01,Saskatchewan,Net emigration,80.0
2010-01,Saskatchewan,Emigrants,137.0
2010-01,Saskatchewan,Returning emigrants,105.0
2010-01,Saskatchewan,Net temporary emigration,48.0
2010-01,Saskatchewan,Net non-permanent residents,58.0
2010-01,Alberta,Immigrants,6765.0
2010-01,Alberta,Net emigration,1313.0
2010-01,Alberta,Emigrants,1450.0
2010-01,Alberta,Returning emigrants,668.0
2010-01,Alberta,Net temporary emigration,531.0
2010-01,Alberta,Net non-permanent residents,-141.0
2010-01,British Columbia,Immigrants,9631.0
2010-01,British Columbia,Net emigration,3092.0
2010-01,British Columbia,Emigrants,2731.0
2010-01,British Columbia,Returning emigrants,978.0
2010-01,British Columbia,Net temporary emigration,1339.0
2010-01,British Columbia,Net non-permanent residents,4182.0
2010-01,Yukon,Immigrants,133.0
2010-01,Yukon,Net emigration,5.0
2010-01,Yukon,Emigrants,4.0
2010-01,Yukon,Returning emigrants,3.0
2010-01,Yukon,Net temporary emigration,4.0
2010-01,Yukon,Net non-permanent residents,46.0
2010-01,Northwest Territories,Immigrants,36.0
2010-01,Northwest Territories,Net emigration,6.0
2010-01,Northwest Territories,Emigrants,0.0
2010-01,Northwest Territories,Returning emigrants,0.0
2010-01,Northwest Territories,Net temporary emigration,6.0
2010-01,Northwest Territories,Net non-permanent residents,1.0
2010-01,Nunavut,Immigrants,5.0
2010-01,Nunavut,Net emigration,5.0
2010-01,Nunavut,Emigrants,1.0
2010-01,Nunavut,Returning emigrants,0.0
2010-01,Nunavut,Net temporary emigration,4.0
2010-01,Nunavut,Net non-permanent residents,1.0
2010-04,Canada,Immigrants,80807.0
2010-04,Canada,Net emigration,8022.0
2010-04,Canada,Emigrants,13836.0
2010-04,Canada,Returning emigrants,10338.0
2010-04,Canada,Net temporary emigration,4524.0
2010-04,Canada,Net non-permanent residents,13242.0
2010-04,Newfoundland and Labrador,Immigrants,200.0
2010-04,Newfoundland and Labrador,Net emigration,17.0
2010-04,Newfoundland and Labrador,Emigrants,30.0
2010-04,Newfoundland and Labrador,Returning emigrants,44.0
2010-04,Newfoundland and Labrador,Net temporary emigration,31.0
2010-04,Newfoundland and Labrador,Net non-permanent residents,123.0
2010-04,Prince Edward Island,Immigrants,572.0
2010-04,Prince Edward Island,Net emigration,4.0
2010-04,Prince Edward Island,Emigrants,4.0
2010-04,Prince Edward Island,Returning emigrants,9.0
2010-04,Prince Edward Island,Net temporary emigration,9.0
2010-04,Prince Edward Island,Net non-permanent residents,119.0
2010-04,Nova Scotia,Immigrants,695.0
2010-04,Nova Scotia,Net emigration,20.0
2010-04,Nova Scotia,Emigrants,151.0
2010-04,Nova Scotia,Returning emigrants,188.0
2010-04,Nova Scotia,Net temporary emigration,57.0
2010-04,Nova Scotia,Net non-permanent residents,313.0
2010-04,New Brunswick,Immigrants,555.0
2010-04,New Brunswick,Net emigration,0.0
2010-04,New Brunswick,Emigrants,93.0
2010-04,New Brunswick,Returning emigrants,137.0
2010-04,New Brunswick,Net temporary emigration,44.0
2010-04,New Brunswick,Net non-permanent residents,74.0
2010-04,Quebec,Immigrants,14058.0
2010-04,Quebec,Net emigration,1238.0
2010-04,Quebec,Emigrants,2284.0
2010-04,Quebec,Returning emigrants,1583.0
2010-04,Quebec,Net temporary emigration,537.0
2010-04,Quebec,Net non-permanent residents,5764.0
2010-04,Ontario,Immigrants,35313.0
2010-04,Ontario,Net emigration,3155.0
2010-04,Ontario,Emigrants,6338.0
2010-04,Ontario,Returning emigrants,4883.0
2010-04,Ontario,Net temporary emigration,1700.0
2010-04,Ontario,Net non-permanent residents,8619.0
2010-04,Manitoba,Immigrants,4453.0
2010-04,Manitoba,Net emigration,183.0
2010-04,Manitoba,Emigrants,393.0
2010-04,Manitoba,Returning emigrants,313.0
2010-04,Manitoba,Net temporary emigration,103.0
2010-04,Manitoba,Net non-permanent residents,189.0
2010-04,Saskatchewan,Immigrants,2184.0
2010-04,Saskatchewan,Net emigration,-1.0
2010-04,Saskatchewan,Emigrants,138.0
2010-04,Saskatchewan,Returning emigrants,190.0
2010-04,Saskatchewan,Net temporary emigration,51.0
2010-04,Saskatchewan,Net non-permanent residents,186.0
2010-04,Alberta,Immigrants,9732.0
2010-04,Alberta,Net emigration,1082.0
2010-04,Alberta,Emigrants,1731.0
2010-04,Alberta,Returning emigrants,1211.0
2010-04,Alberta,Net temporary emigration,562.0
2010-04,Alberta,Net non-permanent residents,-647.0
2010-04,British Columbia,Immigrants,12897.0
2010-04,British Columbia,Net emigration,2311.0
2010-04,British Columbia,Emigrants,2667.0
2010-04,British Columbia,Returning emigrants,1772.0
2010-04,British Columbia,Net temporary emigration,1416.0
2010-04,British Columbia,Net non-permanent residents,-1574.0
2010-04,Yukon,Immigrants,100.0
2010-04,Yukon,Net emigration,1.0
2010-04,Yukon,Emigrants,4.0
2010-04,Yukon,Returning emigrants,7.0
2010-04,Yukon,Net temporary emigration,4.0
2010-04,Yukon,Net non-permanent residents,78.0
2010-04,Northwest Territories,Immigrants,41.0
2010-04,Northwest Territories,Net emigration,6.0
2010-04,Northwest Territories,Emigrants,0.0
2010-04,Northwest Territories,Returning emigrants,0.0
2010-04,Northwest Territories,Net temporary emigration,6.0
2010-04,Northwest Territories,Net non-permanent residents,-6.0
2010-04,Nunavut,Immigrants,7.0
2010-04,Nunavut,Net emigration,6.0
2010-04,Nunavut,Emigrants,3.0
2010-04,Nunavut,Returning emigrants,1.0
2010-04,Nunavut,Net temporary emigration,4.0
2010-04,Nunavut,Net non-permanent residents,4.0
2010-07,Canada,Immigrants,84305.0
2010-07,Canada,Net emigration,11398.0
2010-07,Canada,Emigrants,19826.0
2010-07,Canada,Returning emigrants,13733.0
2010-07,Canada,Net temporary emigration,5305.0
2010-07,Canada,Net non-permanent residents,20172.0
2010-07,Newfoundland and Labrador,Immigrants,189.0
2010-07,Newfoundland and Labrador,Net emigration,69.0
2010-07,Newfoundland and Labrador,Emigrants,115.0
2010-07,Newfoundland and Labrador,Returning emigrants,82.0
2010-07,Newfoundland and Labrador,Net temporary emigration,36.0
2010-07,Newfoundland and Labrador,Net non-permanent residents,260.0
2010-07,Prince Edward Island,Immigrants,1166.0
2010-07,Prince Edward Island,Net emigration,33.0
2010-07,Prince Edward Island,Emigrants,42.0
2010-07,Prince Edward Island,Returning emigrants,19.0
2010-07,Prince Edward Island,Net temporary emigration,10.0
2010-07,Prince Edward Island,Net non-permanent residents,156.0
2010-07,Nova Scotia,Immigrants,766.0
2010-07,Nova Scotia,Net emigration,223.0
2010-07,Nova Scotia,Emigrants,387.0
2010-07,Nova Scotia,Returning emigrants,230.0
2010-07,Nova Scotia,Net temporary emigration,66.0
2010-07,Nova Scotia,Net non-permanent residents,1329.0
2010-07,New Brunswick,Immigrants,717.0
2010-07,New Brunswick,Net emigration,49.0
2010-07,New Brunswick,Emigrants,123.0
2010-07,New Brunswick,Returning emigrants,127.0
2010-07,New Brunswick,Net temporary emigration,53.0
2010-07,New Brunswick,Net non-permanent residents,305.0
2010-07,Quebec,Immigrants,16512.0
2010-07,Quebec,Net emigration,1835.0
2010-07,Quebec,Emigrants,3232.0
2010-07,Quebec,Returning emigrants,2027.0
2010-07,Quebec,Net temporary emigration,630.0
2010-07,Quebec,Net non-permanent residents,1055.0
2010-07,Ontario,Immigrants,34884.0
2010-07,Ontario,Net emigration,4722.0
2010-07,Ontario,Emigrants,9270.0
2010-07,Ontario,Returning emigrants,6541.0
2010-07,Ontario,Net temporary emigration,1993.0
2010-07,Ontario,Net non-permanent residents,13203.0
2010-07,Manitoba,Immigrants,4677.0
2010-07,Manitoba,Net emigration,166.0
2010-07,Manitoba,Emigrants,506.0
2010-07,Manitoba,Returning emigrants,461.0
2010-07,Manitoba,Net temporary emigration,121.0
2010-07,Manitoba,Net non-permanent residents,12.0
2010-07,Saskatchewan,Immigrants,2283.0
2010-07,Saskatchewan,Net emigration,24.0
2010-07,Saskatchewan,Emigrants,227.0
2010-07,Saskatchewan,Returning emigrants,263.0
2010-07,Saskatchewan,Net temporary emigration,60.0
2010-07,Saskatchewan,Net non-permanent residents,364.0
2010-07,Alberta,Immigrants,9485.0
2010-07,Alberta,Net emigration,825.0
2010-07,Alberta,Emigrants,2169.0
2010-07,Alberta,Returning emigrants,2002.0
2010-07,Alberta,Net temporary emigration,658.0
2010-07,Alberta,Net non-permanent residents,-1794.0
2010-07,British Columbia,Immigrants,13512.0
2010-07,British Columbia,Net emigration,3416.0
2010-07,British Columbia,Emigrants,3729.0
2010-07,British Columbia,Returning emigrants,1973.0
2010-07,British Columbia,Net temporary emigration,1660.0
2010-07,British Columbia,Net non-permanent residents,5229.0
2010-07,Yukon,Immigrants,76.0
2010-07,Yukon,Net emigration,6.0
2010-07,Yukon,Emigrants,8.0
2010-07,Yukon,Returning emigrants,8.0
2010-07,Yukon,Net temporary emigration,6.0
2010-07,Yukon,Net non-permanent residents,18.0
2010-07,Northwest Territories,Immigrants,32.0
2010-07,Northwest Territories,Net emigration,21.0
2010-07,Northwest Territories,Emigrants,15.0
2010-07,Northwest Territories,Returning emigrants,0.0
2010-07,Northwest Territories,Net temporary emigration,6.0
2010-07,Northwest Territories,Net non-permanent residents,22.0
2010-07,Nunavut,Immigrants,6.0
2010-07,Nunavut,Net emigration,9.0
2010-07,Nunavut,Emigrants,3.0
2010-07,Nunavut,Returning emigrants,0.0
2010-07,Nunavut,Net temporary emigration,6.0
2010-07,Nunavut,Net non-permanent residents,13.0
2010-10,Canada,Immigrants,57571.0
2010-10,Canada,Net emigration,11893.0
2010-10,Canada,Emigrants,13725.0
2010-10,Canada,Returning emigrants,6215.0
2010-10,Canada,Net temporary emigration,4383.0
2010-10,Canada,Net non-permanent residents,-33982.0
2010-10,Newfoundland and Labrador,Immigrants,184.0
2010-10,Newfoundland and Labrador,Net emigration,61.0
2010-10,Newfoundland and Labrador,Emigrants,68.0
2010-10,Newfoundland and Labrador,Returning emigrants,37.0
2010-10,Newfoundland and Labrador,Net temporary emigration,30.0
2010-10,Newfoundland and Labrador,Net non-permanent residents,-258.0
2010-10,Prince Edward Island,Immigrants,467.0
2010-10,Prince Edward Island,Net emigration,36.0
2010-10,Prince Edward Island,Emigrants,36.0
2010-10,Prince Edward Island,Returning emigrants,8.0
2010-10,Prince Edward Island,Net temporary emigration,8.0
2010-10,Prince Edward Island,Net non-permanent residents,-64.0
2010-10,Nova Scotia,Immigrants,478.0
2010-10,Nova Scotia,Net emigration,190.0
2010-10,Nova Scotia,Emigrants,240.0
2010-10,Nova Scotia,Returning emigrants,104.0
2010-10,Nova Scotia,Net temporary emigration,54.0
2010-10,Nova Scotia,Net non-permanent residents,-244.0
2010-10,New Brunswick,Immigrants,428.0
2010-10,New Brunswick,Net emigration,61.0
2010-10,New Brunswick,Emigrants,76.0
2010-10,New Brunswick,Returning emigrants,58.0
2010-10,New Brunswick,Net temporary emigration,43.0
2010-10,New Brunswick,Net non-permanent residents,-79.0
2010-10,Quebec,Immigrants,12577.0
2010-10,Quebec,Net emigration,1649.0
2010-10,Quebec,Emigrants,2045.0
2010-10,Quebec,Returning emigrants,917.0
2010-10,Quebec,Net temporary emigration,521.0
2010-10,Quebec,Net non-permanent residents,-5793.0
2010-10,Ontario,Immigrants,23474.0
2010-10,Ontario,Net emigration,4987.0
2010-10,Ontario,Emigrants,6299.0
2010-10,Ontario,Returning emigrants,2960.0
2010-10,Ontario,Net temporary emigration,1648.0
2010-10,Ontario,Net non-permanent residents,-12917.0
2010-10,Manitoba,Immigrants,3460.0
2010-10,Manitoba,Net emigration,334.0
2010-10,Manitoba,Emigrants,443.0
2010-10,Manitoba,Returning emigrants,209.0
2010-10,Manitoba,Net temporary emigration,100.0
2010-10,Manitoba,Net non-permanent residents,-360.0
2010-10,Saskatchewan,Immigrants,1603.0
2010-10,Saskatchewan,Net emigration,88.0
2010-10,Saskatchewan,Emigrants,158.0
2010-10,Saskatchewan,Returning emigrants,119.0
2010-10,Saskatchewan,Net temporary emigration,49.0
2010-10,Saskatchewan,Net non-permanent residents,-392.0
2010-10,Alberta,Immigrants,6675.0
2010-10,Alberta,Net emigration,1167.0
2010-10,Alberta,Emigrants,1530.0
2010-10,Alberta,Returning emigrants,907.0
2010-10,Alberta,Net temporary emigration,544.0
2010-10,Alberta,Net non-permanent residents,-6587.0
2010-10,British Columbia,Immigrants,8155.0
2010-10,British Columbia,Net emigration,3292.0
2010-10,British Columbia,Emigrants,2813.0
2010-10,British Columbia,Returning emigrants,893.0
2010-10,British Columbia,Net temporary emigration,1372.0
2010-10,British Columbia,Net non-permanent residents,-7194.0
2010-10,Yukon,Immigrants,41.0
2010-10,Yukon,Net emigration,7.0
2010-10,Yukon,Emigrants,6.0
2010-10,Yukon,Returning emigrants,3.0
2010-10,Yukon,Net temporary emigration,4.0
2010-10,Yukon,Net non-permanent residents,-74.0
2010-10,Northwest Territories,Immigrants,28.0
2010-10,Northwest Territories,Net emigration,15.0
2010-10,Northwest Territories,Emigrants,9.0
2010-10,Northwest Territories,Returning emigrants,0.0
2010-10,Northwest Territories,Net temporary emigration,6.0
2010-10,Northwest Territories,Net non-permanent residents,-19.0
2010-10,Nunavut,Immigrants,1.0
2010-10,Nunavut,Net emigration,6.0
2010-10,Nunavut,Emigrants,2.0
2010-10,Nunavut,Returning emigrants,0.0
2010-10,Nunavut,Net temporary emigration,4.0
2010-10,Nunavut,Net non-permanent residents,-1.0
2011-01,Canada,Immigrants,49571.0
2011-01,Canada,Net emigration,12114.0
2011-01,Canada,Emigrants,13747.0
2011-01,Canada,Returning emigrants,6018.0
2011-01,Canada,Net temporary emigration,4385.0
2011-01,Canada,Net non-permanent residents,9741.0
2011-01,Newfoundland and Labrador,Immigrants,130.0
2011-01,Newfoundland and Labrador,Net emigration,56.0
2011-01,Newfoundland and Labrador,Emigrants,62.0
2011-01,Newfoundland and Labrador,Returning emigrants,36.0
2011-01,Newfoundland and Labrador,Net temporary emigration,30.0
2011-01,Newfoundland and Labrador,Net non-permanent residents,62.0
2011-01,Prince Edward Island,Immigrants,434.0
2011-01,Prince Edward Island,Net emigration,28.0
2011-01,Prince Edward Island,Emigrants,29.0
2011-01,Prince Edward Island,Returning emigrants,8.0
2011-01,Prince Edward Island,Net temporary emigration,7.0
2011-01,Prince Edward Island,Net non-permanent residents,-24.0
2011-01,Nova Scotia,Immigrants,470.0
2011-01,Nova Scotia,Net emigration,170.0
2011-01,Nova Scotia,Emigrants,216.0
2011-01,Nova Scotia,Returning emigrants,100.0
2011-01,Nova Scotia,Net temporary emigration,54.0
2011-01,Nova Scotia,Net non-permanent residents,194.0
2011-01,New Brunswick,Immigrants,377.0
2011-01,New Brunswick,Net emigration,54.0
2011-01,New Brunswick,Emigrants,65.0
2011-01,New Brunswick,Returning emigrants,55.0
2011-01,New Brunswick,Net temporary emigration,44.0
2011-01,New Brunswick,Net non-permanent residents,-22.0
2011-01,Quebec,Immigrants,10124.0
2011-01,Quebec,Net emigration,1763.0
2011-01,Quebec,Emigrants,2131.0
2011-01,Quebec,Returning emigrants,888.0
2011-01,Quebec,Net temporary emigration,520.0
2011-01,Quebec,Net non-permanent residents,2082.0
2011-01,Ontario,Immigrants,19945.0
2011-01,Ontario,Net emigration,5285.0
2011-01,Ontario,Emigrants,6503.0
2011-01,Ontario,Returning emigrants,2867.0
2011-01,Ontario,Net temporary emigration,1649.0
2011-01,Ontario,Net non-permanent residents,6154.0
2011-01,Manitoba,Immigrants,3090.0
2011-01,Manitoba,Net emigration,199.0
2011-01,Manitoba,Emigrants,301.0
2011-01,Manitoba,Returning emigrants,202.0
2011-01,Manitoba,Net temporary emigration,100.0
2011-01,Manitoba,Net non-permanent residents,0.0
2011-01,Saskatchewan,Immigrants,1418.0
2011-01,Saskatchewan,Net emigration,108.0
2011-01,Saskatchewan,Emigrants,174.0
2011-01,Saskatchewan,Returning emigrants,115.0
2011-01,Saskatchewan,Net temporary emigration,49.0
2011-01,Saskatchewan,Net non-permanent residents,185.0
2011-01,Alberta,Immigrants,5917.0
2011-01,Alberta,Net emigration,1284.0
2011-01,Alberta,Emigrants,1617.0
2011-01,Alberta,Returning emigrants,878.0
2011-01,Alberta,Net temporary emigration,545.0
2011-01,Alberta,Net non-permanent residents,-220.0
2011-01,British Columbia,Immigrants,7614.0
2011-01,British Columbia,Net emigration,3140.0
2011-01,British Columbia,Emigrants,2632.0
2011-01,British Columbia,Returning emigrants,865.0
2011-01,British Columbia,Net temporary emigration,1373.0
2011-01,British Columbia,Net non-permanent residents,1325.0
2011-01,Yukon,Immigrants,35.0
2011-01,Yukon,Net emigration,4.0
2011-01,Yukon,Emigrants,4.0
2011-01,Yukon,Returning emigrants,4.0
2011-01,Yukon,Net temporary emigration,4.0
2011-01,Yukon,Net non-permanent residents,-8.0
2011-01,Northwest Territories,Immigrants,12.0
2011-01,Northwest Territories,Net emigration,15.0
2011-01,Northwest Territories,Emigrants,9.0
2011-01,Northwest Territories,Returning emigrants,0.0
2011-01,Northwest Territories,Net temporary emigration,6.0
2011-01,Northwest Territories,Net non-permanent residents,14.0
2011-01,Nunavut,Immigrants,5.0
2011-01,Nunavut,Net emigration,8.0
2011-01,Nunavut,Emigrants,4.0
2011-01,Nunavut,Returning emigrants,0.0
2011-01,Nunavut,Net temporary emigration,4.0
2011-01,Nunavut,Net non-permanent residents,-1.0
2011-04,Canada,Immigrants,67696.0
2011-04,Canada,Net emigration,7457.0
2011-04,Canada,Emigrants,14168.0
2011-04,Canada,Returning emigrants,11160.0
2011-04,Canada,Net temporary emigration,4449.0
2011-04,Canada,Net non-permanent residents,18793.0
2011-04,Newfoundland and Labrador,Immigrants,197.0
2011-04,Newfoundland and Labrador,Net emigration,46.0
2011-04,Newfoundland and Labrador,Emigrants,83.0
2011-04,Newfoundland and Labrador,Returning emigrants,67.0
2011-04,Newfoundland and Labrador,Net temporary emigration,30.0
2011-04,Newfoundland and Labrador,Net non-permanent residents,273.0
2011-04,Prince Edward Island,Immigrants,543.0
2011-04,Prince Edward Island,Net emigration,25.0
2011-04,Prince Edward Island,Emigrants,31.0
2011-04,Prince Edward Island,Returning emigrants,15.0
2011-04,Prince Edward Island,Net temporary emigration,9.0
2011-04,Prince Edward Island,Net non-permanent residents,121.0
2011-04,Nova Scotia,Immigrants,572.0
2011-04,Nova Scotia,Net emigration,144.0
2011-04,Nova Scotia,Emigrants,275.0
2011-04,Nova Scotia,Returning emigrants,187.0
2011-04,Nova Scotia,Net temporary emigration,56.0
2011-04,Nova Scotia,Net non-permanent residents,30.0
2011-04,New Brunswick,Immigrants,464.0
2011-04,New Brunswick,Net emigration,28.0
2011-04,New Brunswick,Emigrants,88.0
2011-04,New Brunswick,Returning emigrants,104.0
2011-04,New Brunswick,Net temporary emigration,44.0
2011-04,New Brunswick,Net non-permanent residents,119.0
2011-04,Quebec,Immigrants,14198.0
2011-04,Quebec,Net emigration,1287.0
2011-04,Quebec,Emigrants,2407.0
2011-04,Quebec,Returning emigrants,1647.0
2011-04,Quebec,Net temporary emigration,527.0
2011-04,Quebec,Net non-permanent residents,6122.0
2011-04,Ontario,Immigrants,26716.0
2011-04,Ontario,Net emigration,2968.0
2011-04,Ontario,Emigrants,6610.0
2011-04,Ontario,Returning emigrants,5315.0
2011-04,Ontario,Net temporary emigration,1673.0
2011-04,Ontario,Net non-permanent residents,9290.0
2011-04,Manitoba,Immigrants,4614.0
2011-04,Manitoba,Net emigration,81.0
2011-04,Manitoba,Emigrants,354.0
2011-04,Manitoba,Returning emigrants,375.0
2011-04,Manitoba,Net temporary emigration,102.0
2011-04,Manitoba,Net non-permanent residents,-130.0
2011-04,Saskatchewan,Immigrants,2249.0
2011-04,Saskatchewan,Net emigration,21.0
2011-04,Saskatchewan,Emigrants,184.0
2011-04,Saskatchewan,Returning emigrants,213.0
2011-04,Saskatchewan,Net temporary emigration,50.0
2011-04,Saskatchewan,Net non-permanent residents,146.0
2011-04,Alberta,Immigrants,8387.0
2011-04,Alberta,Net emigration,410.0
2011-04,Alberta,Emigrants,1485.0
2011-04,Alberta,Returning emigrants,1627.0
2011-04,Alberta,Net temporary emigration,552.0
2011-04,Alberta,Net non-permanent residents,140.0
2011-04,British Columbia,Immigrants,9671.0
2011-04,British Columbia,Net emigration,2424.0
2011-04,British Columbia,Emigrants,2635.0
2011-04,British Columbia,Returning emigrants,1603.0
2011-04,British Columbia,Net temporary emigration,1392.0
2011-04,British Columbia,Net non-permanent residents,2651.0
2011-04,Yukon,Immigrants,62.0
2011-04,Yukon,Net emigration,1.0
2011-04,Yukon,Emigrants,4.0
2011-04,Yukon,Returning emigrants,7.0
2011-04,Yukon,Net temporary emigration,4.0
2011-04,Yukon,Net non-permanent residents,66.0
2011-04,Northwest Territories,Immigrants,18.0
2011-04,Northwest Territories,Net emigration,15.0
2011-04,Northwest Territories,Emigrants,9.0
2011-04,Northwest Territories,Returning emigrants,0.0
2011-04,Northwest Territories,Net temporary emigration,6.0
2011-04,Northwest Territories,Net non-permanent residents,-37.0
2011-04,Nunavut,Immigrants,5.0
2011-04,Nunavut,Net emigration,7.0
2011-04,Nunavut,Emigrants,3.0
2011-04,Nunavut,Returning emigrants,0.0
2011-04,Nunavut,Net temporary emigration,4.0
2011-04,Nunavut,Net non-permanent residents,2.0
2011-07,Canada,Immigrants,71864.0
2011-07,Canada,Net emigration,16013.0
2011-07,Canada,Emigrants,22222.0
2011-07,Canada,Returning emigrants,14070.0
2011-07,Canada,Net temporary emigration,7861.0
2011-07,Canada,Net non-permanent residents,24890.0
2011-07,Newfoundland and Labrador,Immigrants,172.0
2011-07,Newfoundland and Labrador,Net emigration,73.0
2011-07,Newfoundland and Labrador,Emigrants,88.0
2011-07,Newfoundland and Labrador,Returning emigrants,57.0
2011-07,Newfoundland and Labrador,Net temporary emigration,42.0
2011-07,Newfoundland and Labrador,Net non-permanent residents,272.0
2011-07,Prince Edward Island,Immigrants,529.0
2011-07,Prince Edward Island,Net emigration,16.0
2011-07,Prince Edward Island,Emigrants,25.0
2011-07,Prince Edward Island,Returning emigrants,20.0
2011-07,Prince Edward Island,Net temporary emigration,11.0
2011-07,Prince Edward Island,Net non-permanent residents,54.0
2011-07,Nova Scotia,Immigrants,597.0
2011-07,Nova Scotia,Net emigration,371.0
2011-07,Nova Scotia,Emigrants,535.0
2011-07,Nova Scotia,Returning emigrants,237.0
2011-07,Nova Scotia,Net temporary emigration,73.0
2011-07,Nova Scotia,Net non-permanent residents,735.0
2011-07,New Brunswick,Immigrants,511.0
2011-07,New Brunswick,Net emigration,100.0
2011-07,New Brunswick,Emigrants,172.0
2011-07,New Brunswick,Returning emigrants,131.0
2011-07,New Brunswick,Net temporary emigration,59.0
2011-07,New Brunswick,Net non-permanent residents,133.0
2011-07,Quebec,Immigrants,15132.0
2011-07,Quebec,Net emigration,2492.0
2011-07,Quebec,Emigrants,3368.0
2011-07,Quebec,Returning emigrants,2198.0
2011-07,Quebec,Net temporary emigration,1322.0
2011-07,Quebec,Net non-permanent residents,-921.0
2011-07,Ontario,Immigrants,28739.0
2011-07,Ontario,Net emigration,7278.0
2011-07,Ontario,Emigrants,10019.0
2011-07,Ontario,Returning emigrants,6624.0
2011-07,Ontario,Net temporary emigration,3883.0
2011-07,Ontario,Net non-permanent residents,14511.0
2011-07,Manitoba,Immigrants,4528.0
2011-07,Manitoba,Net emigration,137.0
2011-07,Manitoba,Emigrants,562.0
2011-07,Manitoba,Returning emigrants,528.0
2011-07,Manitoba,Net temporary emigration,103.0
2011-07,Manitoba,Net non-permanent residents,-288.0
2011-07,Saskatchewan,Immigrants,2717.0
2011-07,Saskatchewan,Net emigration,222.0
2011-07,Saskatchewan,Emigrants,352.0
2011-07,Saskatchewan,Returning emigrants,273.0
2011-07,Saskatchewan,Net temporary emigration,143.0
2011-07,Saskatchewan,Net non-permanent residents,279.0
2011-07,Alberta,Immigrants,8971.0
2011-07,Alberta,Net emigration,1897.0
2011-07,Alberta,Emigrants,3128.0
2011-07,Alberta,Returning emigrants,1886.0
2011-07,Alberta,Net temporary emigration,655.0
2011-07,Alberta,Net non-permanent residents,257.0
2011-07,British Columbia,Immigrants,9882.0
2011-07,British Columbia,Net emigration,3372.0
2011-07,British Columbia,Emigrants,3939.0
2011-07,British Columbia,Returning emigrants,2111.0
2011-07,British Columbia,Net temporary emigration,1544.0
2011-07,British Columbia,Net non-permanent residents,9910.0
2011-07,Yukon,Immigrants,61.0
2011-07,Yukon,Net emigration,29.0
2011-07,Yukon,Emigrants,25.0
2011-07,Yukon,Returning emigrants,5.0
2011-07,Yukon,Net temporary emigration,9.0
2011-07,Yukon,Net non-permanent residents,-61.0
2011-07,Northwest Territories,Immigrants,19.0
2011-07,Northwest Territories,Net emigration,16.0
2011-07,Northwest Territories,Emigrants,7.0
2011-07,Northwest Territories,Returning emigrants,0.0
2011-07,Northwest Territories,Net temporary emigration,9.0
2011-07,Northwest Territories,Net non-permanent residents,8.0
2011-07,Nunavut,Immigrants,6.0
2011-07,Nunavut,Net emigration,10.0
2011-07,Nunavut,Emigrants,2.0
2011-07,Nunavut,Returning emigrants,0.0
2011-07,Nunavut,Net temporary emigration,8.0
2011-07,Nunavut,Net non-permanent residents,1.0
2011-10,Canada,Immigrants,59604.0
2011-10,Canada,Net emigration,15348.0
2011-10,Canada,Emigrants,14988.0
2011-10,Canada,Returning emigrants,6027.0
2011-10,Canada,Net temporary emigration,6387.0
2011-10,Canada,Net non-permanent residents,-10622.0
2011-10,Newfoundland and Labrador,Immigrants,186.0
2011-10,Newfoundland and Labrador,Net emigration,44.0
2011-10,Newfoundland and Labrador,Emigrants,35.0
2011-10,Newfoundland and Labrador,Returning emigrants,24.0
2011-10,Newfoundland and Labrador,Net temporary emigration,33.0
2011-10,Newfoundland and Labrador,Net non-permanent residents,-27.0
2011-10,Prince Edward Island,Immigrants,233.0
2011-10,Prince Edward Island,Net emigration,9.0
2011-10,Prince Edward Island,Emigrants,9.0
2011-10,Prince Edward Island,Returning emigrants,9.0
2011-10,Prince Edward Island,Net temporary emigration,9.0
2011-10,Prince Edward Island,Net non-permanent residents,33.0
2011-10,Nova Scotia,Immigrants,497.0
2011-10,Nova Scotia,Net emigration,183.0
2011-10,Nova Scotia,Emigrants,225.0
2011-10,Nova Scotia,Returning emigrants,102.0
2011-10,Nova Scotia,Net temporary emigration,60.0
2011-10,Nova Scotia,Net non-permanent residents,214.0
2011-10,New Brunswick,Immigrants,615.0
2011-10,New Brunswick,Net emigration,72.0
2011-10,New Brunswick,Emigrants,79.0
2011-10,New Brunswick,Returning emigrants,56.0
2011-10,New Brunswick,Net temporary emigration,49.0
2011-10,New Brunswick,Net non-permanent residents,-71.0
2011-10,Quebec,Immigrants,12270.0
2011-10,Quebec,Net emigration,2214.0
2011-10,Quebec,Emigrants,2081.0
2011-10,Quebec,Returning emigrants,941.0
2011-10,Quebec,Net temporary emigration,1074.0
2011-10,Quebec,Net non-permanent residents,-3383.0
2011-10,Ontario,Immigrants,24057.0
2011-10,Ontario,Net emigration,7233.0
2011-10,Ontario,Emigrants,6914.0
2011-10,Ontario,Returning emigrants,2836.0
2011-10,Ontario,Net temporary emigration,3155.0
2011-10,Ontario,Net non-permanent residents,-8801.0
2011-10,Manitoba,Immigrants,3742.0
2011-10,Manitoba,Net emigration,191.0
2011-10,Manitoba,Emigrants,335.0
2011-10,Manitoba,Returning emigrants,227.0
2011-10,Manitoba,Net temporary emigration,83.0
2011-10,Manitoba,Net non-permanent residents,281.0
2011-10,Saskatchewan,Immigrants,2572.0
2011-10,Saskatchewan,Net emigration,155.0
2011-10,Saskatchewan,Emigrants,155.0
2011-10,Saskatchewan,Returning emigrants,117.0
2011-10,Saskatchewan,Net temporary emigration,117.0
2011-10,Saskatchewan,Net non-permanent residents,716.0
2011-10,Alberta,Immigrants,7689.0
2011-10,Alberta,Net emigration,1390.0
2011-10,Alberta,Emigrants,1666.0
2011-10,Alberta,Returning emigrants,808.0
2011-10,Alberta,Net temporary emigration,532.0
2011-10,Alberta,Net non-permanent residents,1513.0
2011-10,British Columbia,Immigrants,7620.0
2011-10,British Columbia,Net emigration,3818.0
2011-10,British Columbia,Emigrants,3467.0
2011-10,British Columbia,Returning emigrants,904.0
2011-10,British Columbia,Net temporary emigration,1255.0
2011-10,British Columbia,Net non-permanent residents,-1021.0
2011-10,Yukon,Immigrants,79.0
2011-10,Yukon,Net emigration,17.0
2011-10,Yukon,Emigrants,14.0
2011-10,Yukon,Returning emigrants,3.0
2011-10,Yukon,Net temporary emigration,6.0
2011-10,Yukon,Net non-permanent residents,-81.0
2011-10,Northwest Territories,Immigrants,36.0
2011-10,Northwest Territories,Net emigration,16.0
2011-10,Northwest Territories,Emigrants,8.0
2011-10,Northwest Territories,Returning emigrants,0.0
2011-10,Northwest Territories,Net temporary emigration,8.0
2011-10,Northwest Territories,Net non-permanent residents,4.0
2011-10,Nunavut,Immigrants,8.0
2011-10,Nunavut,Net emigration,6.0
2011-10,Nunavut,Emigrants,0.0
2011-10,Nunavut,Returning emigrants,0.0
2011-10,Nunavut,Net temporary emigration,6.0
2011-10,Nunavut,Net non-permanent residents,1.0
2012-01,Canada,Immigrants,55566.0
2012-01,Canada,Net emigration,14350.0
2012-01,Canada,Emigrants,14120.0
2012-01,Canada,Returning emigrants,5984.0
2012-01,Canada,Net temporary emigration,6214.0
2012-01,Canada,Net non-permanent residents,13606.0
2012-01,Newfoundland and Labrador,Immigrants,157.0
2012-01,Newfoundland and Labrador,Net emigration,39.0
2012-01,Newfoundland and Labrador,Emigrants,31.0
2012-01,Newfoundland and Labrador,Returning emigrants,25.0
2012-01,Newfoundland and Labrador,Net temporary emigration,33.0
2012-01,Newfoundland and Labrador,Net non-permanent residents,36.0
2012-01,Prince Edward Island,Immigrants,284.0
2012-01,Prince Edward Island,Net emigration,12.0
2012-01,Prince Edward Island,Emigrants,10.0
2012-01,Prince Edward Island,Returning emigrants,8.0
2012-01,Prince Edward Island,Net temporary emigration,10.0
2012-01,Prince Edward Island,Net non-permanent residents,-36.0
2012-01,Nova Scotia,Immigrants,551.0
2012-01,Nova Scotia,Net emigration,187.0
2012-01,Nova Scotia,Emigrants,228.0
2012-01,Nova Scotia,Returning emigrants,100.0
2012-01,Nova Scotia,Net temporary emigration,59.0
2012-01,Nova Scotia,Net non-permanent residents,320.0
2012-01,New Brunswick,Immigrants,554.0
2012-01,New Brunswick,Net emigration,70.0
2012-01,New Brunswick,Emigrants,79.0
2012-01,New Brunswick,Returning emigrants,56.0
2012-01,New Brunswick,Net temporary emigration,47.0
2012-01,New Brunswick,Net non-permanent residents,7.0
2012-01,Quebec,Immigrants,10927.0
2012-01,Quebec,Net emigration,1994.0
2012-01,Quebec,Emigrants,1884.0
2012-01,Quebec,Returning emigrants,935.0
2012-01,Quebec,Net temporary emigration,1045.0
2012-01,Quebec,Net non-permanent residents,2688.0
2012-01,Ontario,Immigrants,20718.0
2012-01,Ontario,Net emigration,6868.0
2012-01,Ontario,Emigrants,6616.0
2012-01,Ontario,Returning emigrants,2816.0
2012-01,Ontario,Net temporary emigration,3068.0
2012-01,Ontario,Net non-permanent residents,6630.0
2012-01,Manitoba,Immigrants,3246.0
2012-01,Manitoba,Net emigration,142.0
2012-01,Manitoba,Emigrants,287.0
2012-01,Manitoba,Returning emigrants,226.0
2012-01,Manitoba,Net temporary emigration,81.0
2012-01,Manitoba,Net non-permanent residents,50.0
2012-01,Saskatchewan,Immigrants,2817.0
2012-01,Saskatchewan,Net emigration,249.0
2012-01,Saskatchewan,Emigrants,252.0
2012-01,Saskatchewan,Returning emigrants,116.0
2012-01,Saskatchewan,Net temporary emigration,113.0
2012-01,Saskatchewan,Net non-permanent residents,455.0
2012-01,Alberta,Immigrants,7518.0
2012-01,Alberta,Net emigration,1370.0
2012-01,Alberta,Emigrants,1654.0
2012-01,Alberta,Returning emigrants,801.0
2012-01,Alberta,Net temporary emigration,517.0
2012-01,Alberta,Net non-permanent residents,1585.0
2012-01,British Columbia,Immigrants,8656.0
2012-01,British Columbia,Net emigration,3382.0
2012-01,British Columbia,Emigrants,3060.0
2012-01,British Columbia,Returning emigrants,898.0
2012-01,British Columbia,Net temporary emigration,1220.0
2012-01,British Columbia,Net non-permanent residents,1830.0
2012-01,Yukon,Immigrants,87.0
2012-01,Yukon,Net emigration,15.0
2012-01,Yukon,Emigrants,11.0
2012-01,Yukon,Returning emigrants,3.0
2012-01,Yukon,Net temporary emigration,7.0
2012-01,Yukon,Net non-permanent residents,41.0
2012-01,Northwest Territories,Immigrants,41.0
2012-01,Northwest Territories,Net emigration,14.0
2012-01,Northwest Territories,Emigrants,7.0
2012-01,Northwest Territories,Returning emigrants,0.0
2012-01,Northwest Territories,Net temporary emigration,7.0
2012-01,Northwest Territories,Net non-permanent residents,7.0
2012-01,Nunavut,Immigrants,10.0
2012-01,Nunavut,Net emigration,8.0
2012-01,Nunavut,Emigrants,1.0
2012-01,Nunavut,Returning emigrants,0.0
2012-01,Nunavut,Net temporary emigration,7.0
2012-01,Nunavut,Net non-permanent residents,-7.0
2012-04,Canada,Immigrants,73009.0
2012-04,Canada,Net emigration,9175.0
2012-04,Canada,Emigrants,14063.0
2012-04,Canada,Returning emigrants,11089.0
2012-04,Canada,Net temporary emigration,6201.0
2012-04,Canada,Net non-permanent residents,27526.0
2012-04,Newfoundland and Labrador,Immigrants,227.0
2012-04,Newfoundland and Labrador,Net emigration,37.0
2012-04,Newfoundland and Labrador,Emigrants,50.0
2012-04,Newfoundland and Labrador,Returning emigrants,45.0
2012-04,Newfoundland and Labrador,Net temporary emigration,32.0
2012-04,Newfoundland and Labrador,Net non-permanent residents,390.0
2012-04,Prince Edward Island,Immigrants,330.0
2012-04,Prince Edward Island,Net emigration,5.0
2012-04,Prince Edward Island,Emigrants,12.0
2012-04,Prince Edward Island,Returning emigrants,16.0
2012-04,Prince Edward Island,Net temporary emigration,9.0
2012-04,Prince Edward Island,Net non-permanent residents,155.0
2012-04,Nova Scotia,Immigrants,707.0
2012-04,Nova Scotia,Net emigration,149.0
2012-04,Nova Scotia,Emigrants,277.0
2012-04,Nova Scotia,Returning emigrants,187.0
2012-04,Nova Scotia,Net temporary emigration,59.0
2012-04,Nova Scotia,Net non-permanent residents,108.0
2012-04,New Brunswick,Immigrants,574.0
2012-04,New Brunswick,Net emigration,34.0
2012-04,New Brunswick,Emigrants,91.0
2012-04,New Brunswick,Returning emigrants,104.0
2012-04,New Brunswick,Net temporary emigration,47.0
2012-04,New Brunswick,Net non-permanent residents,200.0
2012-04,Quebec,Immigrants,15886.0
2012-04,Quebec,Net emigration,1590.0
2012-04,Quebec,Emigrants,2279.0
2012-04,Quebec,Returning emigrants,1732.0
2012-04,Quebec,Net temporary emigration,1043.0
2012-04,Quebec,Net non-permanent residents,6518.0
2012-04,Ontario,Immigrants,27745.0
2012-04,Ontario,Net emigration,4008.0
2012-04,Ontario,Emigrants,6166.0
2012-04,Ontario,Returning emigrants,5220.0
2012-04,Ontario,Net temporary emigration,3062.0
2012-04,Ontario,Net non-permanent residents,12737.0
2012-04,Manitoba,Immigrants,3585.0
2012-04,Manitoba,Net emigration,25.0
2012-04,Manitoba,Emigrants,360.0
2012-04,Manitoba,Returning emigrants,417.0
2012-04,Manitoba,Net temporary emigration,82.0
2012-04,Manitoba,Net non-permanent residents,490.0
2012-04,Saskatchewan,Immigrants,3340.0
2012-04,Saskatchewan,Net emigration,140.0
2012-04,Saskatchewan,Emigrants,242.0
2012-04,Saskatchewan,Returning emigrants,215.0
2012-04,Saskatchewan,Net temporary emigration,113.0
2012-04,Saskatchewan,Net non-permanent residents,454.0
2012-04,Alberta,Immigrants,10385.0
2012-04,Alberta,Net emigration,807.0
2012-04,Alberta,Emigrants,1777.0
2012-04,Alberta,Returning emigrants,1486.0
2012-04,Alberta,Net temporary emigration,516.0
2012-04,Alberta,Net non-permanent residents,3141.0
2012-04,British Columbia,Immigrants,10079.0
2012-04,British Columbia,Net emigration,2347.0
2012-04,British Columbia,Emigrants,2792.0
2012-04,British Columbia,Returning emigrants,1663.0
2012-04,British Columbia,Net temporary emigration,1218.0
2012-04,British Columbia,Net non-permanent residents,3312.0
2012-04,Yukon,Immigrants,104.0
2012-04,Yukon,Net emigration,16.0
2012-04,Yukon,Emigrants,13.0
2012-04,Yukon,Returning emigrants,4.0
2012-04,Yukon,Net temporary emigration,7.0
2012-04,Yukon,Net non-permanent residents,19.0
2012-04,Northwest Territories,Immigrants,45.0
2012-04,Northwest Territories,Net emigration,11.0
2012-04,Northwest Territories,Emigrants,4.0
2012-04,Northwest Territories,Returning emigrants,0.0
2012-04,Northwest Territories,Net temporary emigration,7.0
2012-04,Northwest Territories,Net non-permanent residents,-3.0
2012-04,Nunavut,Immigrants,2.0
2012-04,Nunavut,Net emigration,6.0
2012-04,Nunavut,Emigrants,0.0
2012-04,Nunavut,Returning emigrants,0.0
2012-04,Nunavut,Net temporary emigration,6.0
2012-04,Nunavut,Net non-permanent residents,5.0
2012-07,Canada,Immigrants,66907.0
2012-07,Canada,Net emigration,12985.0
2012-07,Canada,Emigrants,20315.0
2012-07,Canada,Returning emigrants,15023.0
2012-07,Canada,Net temporary emigration,7693.0
2012-07,Canada,Net non-permanent residents,30588.0
2012-07,Newfoundland and Labrador,Immigrants,165.0
2012-07,Newfoundland and Labrador,Net emigration,122.0
2012-07,Newfoundland and Labrador,Emigrants,153.0
2012-07,Newfoundland and Labrador,Returning emigrants,72.0
2012-07,Newfoundland and Labrador,Net temporary emigration,41.0
2012-07,Newfoundland and Labrador,Net non-permanent residents,420.0
2012-07,Prince Edward Island,Immigrants,307.0
2012-07,Prince Edward Island,Net emigration,30.0
2012-07,Prince Edward Island,Emigrants,65.0
2012-07,Prince Edward Island,Returning emigrants,46.0
2012-07,Prince Edward Island,Net temporary emigration,11.0
2012-07,Prince Edward Island,Net non-permanent residents,112.0
2012-07,Nova Scotia,Immigrants,529.0
2012-07,Nova Scotia,Net emigration,209.0
2012-07,Nova Scotia,Emigrants,375.0
2012-07,Nova Scotia,Returning emigrants,239.0
2012-07,Nova Scotia,Net temporary emigration,73.0
2012-07,Nova Scotia,Net non-permanent residents,555.0
2012-07,New Brunswick,Immigrants,592.0
2012-07,New Brunswick,Net emigration,52.0
2012-07,New Brunswick,Emigrants,119.0
2012-07,New Brunswick,Returning emigrants,126.0
2012-07,New Brunswick,Net temporary emigration,59.0
2012-07,New Brunswick,Net non-permanent residents,164.0
2012-07,Quebec,Immigrants,15274.0
2012-07,Quebec,Net emigration,2067.0
2012-07,Quebec,Emigrants,3075.0
2012-07,Quebec,Returning emigrants,2302.0
2012-07,Quebec,Net temporary emigration,1294.0
2012-07,Quebec,Net non-permanent residents,1548.0
2012-07,Ontario,Immigrants,25936.0
2012-07,Ontario,Net emigration,5834.0
2012-07,Ontario,Emigrants,9249.0
2012-07,Ontario,Returning emigrants,7214.0
2012-07,Ontario,Net temporary emigration,3799.0
2012-07,Ontario,Net non-permanent residents,15070.0
2012-07,Manitoba,Immigrants,3234.0
2012-07,Manitoba,Net emigration,11.0
2012-07,Manitoba,Emigrants,506.0
2012-07,Manitoba,Returning emigrants,595.0
2012-07,Manitoba,Net temporary emigration,100.0
2012-07,Manitoba,Net non-permanent residents,503.0
2012-07,Saskatchewan,Immigrants,2667.0
2012-07,Saskatchewan,Net emigration,151.0
2012-07,Saskatchewan,Emigrants,198.0
2012-07,Saskatchewan,Returning emigrants,187.0
2012-07,Saskatchewan,Net temporary emigration,140.0
2012-07,Saskatchewan,Net non-permanent residents,932.0
2012-07,Alberta,Immigrants,9082.0
2012-07,Alberta,Net emigration,1508.0
2012-07,Alberta,Emigrants,2875.0
2012-07,Alberta,Returning emigrants,2007.0
2012-07,Alberta,Net temporary emigration,640.0
2012-07,Alberta,Net non-permanent residents,1865.0
2012-07,British Columbia,Immigrants,9031.0
2012-07,British Columbia,Net emigration,2956.0
2012-07,British Columbia,Emigrants,3673.0
2012-07,British Columbia,Returning emigrants,2228.0
2012-07,British Columbia,Net temporary emigration,1511.0
2012-07,British Columbia,Net non-permanent residents,9390.0
2012-07,Yukon,Immigrants,43.0
2012-07,Yukon,Net emigration,20.0
2012-07,Yukon,Emigrants,14.0
2012-07,Yukon,Returning emigrants,2.0
2012-07,Yukon,Net temporary emigration,8.0
2012-07,Yukon,Net non-permanent residents,29.0
2012-07,Northwest Territories,Immigrants,41.0
2012-07,Northwest Territories,Net emigration,17.0
2012-07,Northwest Territories,Emigrants,13.0
2012-07,Northwest Territories,Returning emigrants,5.0
2012-07,Northwest Territories,Net temporary emigration,9.0
2012-07,Northwest Territories,Net non-permanent residents,0.0
2012-07,Nunavut,Immigrants,6.0
2012-07,Nunavut,Net emigration,8.0
2012-07,Nunavut,Emigrants,0.0
2012-07,Nunavut,Returning emigrants,0.0
2012-07,Nunavut,Net temporary emigration,8.0
2012-07,Nunavut,Net non-permanent residents,0.0
2012-10,Canada,Immigrants,62343.0
2012-10,Canada,Net emigration,13916.0
2012-10,Canada,Emigrants,13375.0
2012-10,Canada,Returning emigrants,5663.0
2012-10,Canada,Net temporary emigration,6204.0
2012-10,Canada,Net non-permanent residents,-25513.0
2012-10,Newfoundland and Labrador,Immigrants,184.0
2012-10,Newfoundland and Labrador,Net emigration,91.0
2012-10,Newfoundland and Labrador,Emigrants,85.0
2012-10,Newfoundland and Labrador,Returning emigrants,27.0
2012-10,Newfoundland and Labrador,Net temporary emigration,33.0
2012-10,Newfoundland and Labrador,Net non-permanent residents,-42.0
2012-10,Prince Edward Island,Immigrants,181.0
2012-10,Prince Edward Island,Net emigration,23.0
2012-10,Prince Edward Island,Emigrants,31.0
2012-10,Prince Edward Island,Returning emigrants,17.0
2012-10,Prince Edward Island,Net temporary emigration,9.0
2012-10,Prince Edward Island,Net non-permanent residents,-14.0
2012-10,Nova Scotia,Immigrants,549.0
2012-10,Nova Scotia,Net emigration,210.0
2012-10,Nova Scotia,Emigrants,242.0
2012-10,Nova Scotia,Returning emigrants,90.0
2012-10,Nova Scotia,Net temporary emigration,58.0
2012-10,Nova Scotia,Net non-permanent residents,-60.0
2012-10,New Brunswick,Immigrants,492.0
2012-10,New Brunswick,Net emigration,62.0
2012-10,New Brunswick,Emigrants,62.0
2012-10,New Brunswick,Returning emigrants,48.0
2012-10,New Brunswick,Net temporary emigration,48.0
2012-10,New Brunswick,Net non-permanent residents,-122.0
2012-10,Quebec,Immigrants,12937.0
2012-10,Quebec,Net emigration,2072.0
2012-10,Quebec,Emigrants,1895.0
2012-10,Quebec,Returning emigrants,867.0
2012-10,Quebec,Net temporary emigration,1044.0
2012-10,Quebec,Net non-permanent residents,-6686.0
2012-10,Ontario,Immigrants,24722.0
2012-10,Ontario,Net emigration,6373.0
2012-10,Ontario,Emigrants,6029.0
2012-10,Ontario,Returning emigrants,2720.0
2012-10,Ontario,Net temporary emigration,3064.0
2012-10,Ontario,Net non-permanent residents,-14668.0
2012-10,Manitoba,Immigrants,3266.0
2012-10,Manitoba,Net emigration,241.0
2012-10,Manitoba,Emigrants,384.0
2012-10,Manitoba,Returning emigrants,224.0
2012-10,Manitoba,Net temporary emigration,81.0
2012-10,Manitoba,Net non-permanent residents,211.0
2012-10,Saskatchewan,Immigrants,2351.0
2012-10,Saskatchewan,Net emigration,206.0
2012-10,Saskatchewan,Emigrants,163.0
2012-10,Saskatchewan,Returning emigrants,70.0
2012-10,Saskatchewan,Net temporary emigration,113.0
2012-10,Saskatchewan,Net non-permanent residents,175.0
2012-10,Alberta,Immigrants,9107.0
2012-10,Alberta,Net emigration,1261.0
2012-10,Alberta,Emigrants,1502.0
2012-10,Alberta,Returning emigrants,757.0
2012-10,Alberta,Net temporary emigration,516.0
2012-10,Alberta,Net non-permanent residents,-360.0
2012-10,British Columbia,Immigrants,8469.0
2012-10,British Columbia,Net emigration,3344.0
2012-10,British Columbia,Emigrants,2966.0
2012-10,British Columbia,Returning emigrants,840.0
2012-10,British Columbia,Net temporary emigration,1218.0
2012-10,British Columbia,Net non-permanent residents,-3845.0
2012-10,Yukon,Immigrants,45.0
2012-10,Yukon,Net emigration,17.0
2012-10,Yukon,Emigrants,11.0
2012-10,Yukon,Returning emigrants,0.0
2012-10,Yukon,Net temporary emigration,6.0
2012-10,Yukon,Net non-permanent residents,-106.0
2012-10,Northwest Territories,Immigrants,38.0
2012-10,Northwest Territories,Net emigration,10.0
2012-10,Northwest Territories,Emigrants,5.0
2012-10,Northwest Territories,Returning emigrants,3.0
2012-10,Northwest Territories,Net temporary emigration,8.0
2012-10,Northwest Territories,Net non-permanent residents,1.0
2012-10,Nunavut,Immigrants,2.0
2012-10,Nunavut,Net emigration,6.0
2012-10,Nunavut,Emigrants,0.0
2012-10,Nunavut,Returning emigrants,0.0
2012-10,Nunavut,Net temporary emigration,6.0
2012-10,Nunavut,Net non-permanent residents,3.0
2013-01,Canada,Immigrants,58255.0
2013-01,Canada,Net emigration,15063.0
2013-01,Canada,Emigrants,14286.0
2013-01,Canada,Returning emigrants,5622.0
2013-01,Canada,Net temporary emigration,6399.0
2013-01,Canada,Net non-permanent residents,14639.0
2013-01,Newfoundland and Labrador,Immigrants,76.0
2013-01,Newfoundland and Labrador,Net emigration,96.0
2013-01,Newfoundland and Labrador,Emigrants,88.0
2013-01,Newfoundland and Labrador,Returning emigrants,26.0
2013-01,Newfoundland and Labrador,Net temporary emigration,34.0
2013-01,Newfoundland and Labrador,Net non-permanent residents,121.0
2013-01,Prince Edward Island,Immigrants,121.0
2013-01,Prince Edward Island,Net emigration,24.0
2013-01,Prince Edward Island,Emigrants,31.0
2013-01,Prince Edward Island,Returning emigrants,17.0
2013-01,Prince Edward Island,Net temporary emigration,10.0
2013-01,Prince Edward Island,Net non-permanent residents,-98.0
2013-01,Nova Scotia,Immigrants,411.0
2013-01,Nova Scotia,Net emigration,174.0
2013-01,Nova Scotia,Emigrants,205.0
2013-01,Nova Scotia,Returning emigrants,90.0
2013-01,Nova Scotia,Net temporary emigration,59.0
2013-01,Nova Scotia,Net non-permanent residents,75.0
2013-01,New Brunswick,Immigrants,353.0
2013-01,New Brunswick,Net emigration,62.0
2013-01,New Brunswick,Emigrants,61.0
2013-01,New Brunswick,Returning emigrants,47.0
2013-01,New Brunswick,Net temporary emigration,48.0
2013-01,New Brunswick,Net non-permanent residents,-89.0
2013-01,Quebec,Immigrants,11695.0
2013-01,Quebec,Net emigration,2080.0
2013-01,Quebec,Emigrants,1865.0
2013-01,Quebec,Returning emigrants,862.0
2013-01,Quebec,Net temporary emigration,1077.0
2013-01,Quebec,Net non-permanent residents,757.0
2013-01,Ontario,Immigrants,24810.0
2013-01,Ontario,Net emigration,7017.0
2013-01,Ontario,Emigrants,6557.0
2013-01,Ontario,Returning emigrants,2700.0
2013-01,Ontario,Net temporary emigration,3160.0
2013-01,Ontario,Net non-permanent residents,4473.0
2013-01,Manitoba,Immigrants,2610.0
2013-01,Manitoba,Net emigration,140.0
2013-01,Manitoba,Emigrants,278.0
2013-01,Manitoba,Returning emigrants,222.0
2013-01,Manitoba,Net temporary emigration,84.0
2013-01,Manitoba,Net non-permanent residents,377.0
2013-01,Saskatchewan,Immigrants,1915.0
2013-01,Saskatchewan,Net emigration,237.0
2013-01,Saskatchewan,Emigrants,190.0
2013-01,Saskatchewan,Returning emigrants,70.0
2013-01,Saskatchewan,Net temporary emigration,117.0
2013-01,Saskatchewan,Net non-permanent residents,1130.0
2013-01,Alberta,Immigrants,8093.0
2013-01,Alberta,Net emigration,1350.0
2013-01,Alberta,Emigrants,1569.0
2013-01,Alberta,Returning emigrants,752.0
2013-01,Alberta,Net temporary emigration,533.0
2013-01,Alberta,Net non-permanent residents,5274.0
2013-01,British Columbia,Immigrants,8107.0
2013-01,British Columbia,Net emigration,3848.0
2013-01,British Columbia,Emigrants,3425.0
2013-01,British Columbia,Returning emigrants,833.0
2013-01,British Columbia,Net temporary emigration,1256.0
2013-01,British Columbia,Net non-permanent residents,2592.0
2013-01,Yukon,Immigrants,39.0
2013-01,Yukon,Net emigration,18.0
2013-01,Yukon,Emigrants,11.0
2013-01,Yukon,Returning emigrants,0.0
2013-01,Yukon,Net temporary emigration,7.0
2013-01,Yukon,Net non-permanent residents,-12.0
2013-01,Northwest Territories,Immigrants,23.0
2013-01,Northwest Territories,Net emigration,10.0
2013-01,Northwest Territories,Emigrants,6.0
2013-01,Northwest Territories,Returning emigrants,3.0
2013-01,Northwest Territories,Net temporary emigration,7.0
2013-01,Northwest Territories,Net non-permanent residents,31.0
2013-01,Nunavut,Immigrants,2.0
2013-01,Nunavut,Net emigration,7.0
2013-01,Nunavut,Emigrants,0.0
2013-01,Nunavut,Returning emigrants,0.0
2013-01,Nunavut,Net temporary emigration,7.0
2013-01,Nunavut,Net non-permanent residents,8.0
2013-04,Canada,Immigrants,75610.0
2013-04,Canada,Net emigration,9838.0
2013-04,Canada,Emigrants,14153.0
2013-04,Canada,Returning emigrants,10686.0
2013-04,Canada,Net temporary emigration,6371.0
2013-04,Canada,Net non-permanent residents,29807.0
2013-04,Newfoundland and Labrador,Immigrants,253.0
2013-04,Newfoundland and Labrador,Net emigration,72.0
2013-04,Newfoundland and Labrador,Emigrants,90.0
2013-04,Newfoundland and Labrador,Returning emigrants,52.0
2013-04,Newfoundland and Labrador,Net temporary emigration,34.0
2013-04,Newfoundland and Labrador,Net non-permanent residents,-43.0
2013-04,Prince Edward Island,Immigrants,254.0
2013-04,Prince Edward Island,Net emigration,9.0
2013-04,Prince Edward Island,Emigrants,31.0
2013-04,Prince Edward Island,Returning emigrants,32.0
2013-04,Prince Edward Island,Net temporary emigration,10.0
2013-04,Prince Edward Island,Net non-permanent residents,136.0
2013-04,Nova Scotia,Immigrants,752.0
2013-04,Nova Scotia,Net emigration,122.0
2013-04,Nova Scotia,Emigrants,232.0
2013-04,Nova Scotia,Returning emigrants,170.0
2013-04,Nova Scotia,Net temporary emigration,60.0
2013-04,Nova Scotia,Net non-permanent residents,-266.0
2013-04,New Brunswick,Immigrants,582.0
2013-04,New Brunswick,Net emigration,29.0
2013-04,New Brunswick,Emigrants,69.0
2013-04,New Brunswick,Returning emigrants,89.0
2013-04,New Brunswick,Net temporary emigration,49.0
2013-04,New Brunswick,Net non-permanent residents,68.0
2013-04,Quebec,Immigrants,16042.0
2013-04,Quebec,Net emigration,1723.0
2013-04,Quebec,Emigrants,2289.0
2013-04,Quebec,Returning emigrants,1638.0
2013-04,Quebec,Net temporary emigration,1072.0
2013-04,Quebec,Net non-permanent residents,6523.0
2013-04,Ontario,Immigrants,30410.0
2013-04,Ontario,Net emigration,4439.0
2013-04,Ontario,Emigrants,6425.0
2013-04,Ontario,Returning emigrants,5132.0
2013-04,Ontario,Net temporary emigration,3146.0
2013-04,Ontario,Net non-permanent residents,11574.0
2013-04,Manitoba,Immigrants,3588.0
2013-04,Manitoba,Net emigration,-13.0
2013-04,Manitoba,Emigrants,327.0
2013-04,Manitoba,Returning emigrants,423.0
2013-04,Manitoba,Net temporary emigration,83.0
2013-04,Manitoba,Net non-permanent residents,673.0
2013-04,Saskatchewan,Immigrants,2881.0
2013-04,Saskatchewan,Net emigration,139.0
2013-04,Saskatchewan,Emigrants,154.0
2013-04,Saskatchewan,Returning emigrants,132.0
2013-04,Saskatchewan,Net temporary emigration,117.0
2013-04,Saskatchewan,Net non-permanent residents,1074.0
2013-04,Alberta,Immigrants,10583.0
2013-04,Alberta,Net emigration,811.0
2013-04,Alberta,Emigrants,1710.0
2013-04,Alberta,Returning emigrants,1428.0
2013-04,Alberta,Net temporary emigration,529.0
2013-04,Alberta,Net non-permanent residents,7361.0
2013-04,British Columbia,Immigrants,10128.0
2013-04,British Columbia,Net emigration,2475.0
2013-04,British Columbia,Emigrants,2809.0
2013-04,British Columbia,Returning emigrants,1585.0
2013-04,British Columbia,Net temporary emigration,1251.0
2013-04,British Columbia,Net non-permanent residents,2597.0
2013-04,Yukon,Immigrants,85.0
2013-04,Yukon,Net emigration,17.0
2013-04,Yukon,Emigrants,11.0
2013-04,Yukon,Returning emigrants,1.0
2013-04,Yukon,Net temporary emigration,7.0
2013-04,Yukon,Net non-permanent residents,73.0
2013-04,Northwest Territories,Immigrants,50.0
2013-04,Northwest Territories,Net emigration,9.0
2013-04,Northwest Territories,Emigrants,6.0
2013-04,Northwest Territories,Returning emigrants,4.0
2013-04,Northwest Territories,Net temporary emigration,7.0
2013-04,Northwest Territories,Net non-permanent residents,33.0
2013-04,Nunavut,Immigrants,2.0
2013-04,Nunavut,Net emigration,6.0
2013-04,Nunavut,Emigrants,0.0
2013-04,Nunavut,Returning emigrants,0.0
2013-04,Nunavut,Net temporary emigration,6.0
2013-04,Nunavut,Net non-permanent residents,4.0
2013-07,Canada,Immigrants,65409.0
2013-07,Canada,Net emigration,11396.0
2013-07,Canada,Emigrants,19902.0
2013-07,Canada,Returning emigrants,16003.0
2013-07,Canada,Net temporary emigration,7497.0
2013-07,Canada,Net non-permanent residents,38620.0
2013-07,Newfoundland and Labrador,Immigrants,235.0
2013-07,Newfoundland and Labrador,Net emigration,56.0
2013-07,Newfoundland and Labrador,Emigrants,78.0
2013-07,Newfoundland and Labrador,Returning emigrants,61.0
2013-07,Newfoundland and Labrador,Net temporary emigration,39.0
2013-07,Newfoundland and Labrador,Net non-permanent residents,847.0
2013-07,Prince Edward Island,Immigrants,255.0
2013-07,Prince Edward Island,Net emigration,1.0
2013-07,Prince Edward Island,Emigrants,29.0
2013-07,Prince Edward Island,Returning emigrants,39.0
2013-07,Prince Edward Island,Net temporary emigration,11.0
2013-07,Prince Edward Island,Net non-permanent residents,106.0
2013-07,Nova Scotia,Immigrants,693.0
2013-07,Nova Scotia,Net emigration,174.0
2013-07,Nova Scotia,Emigrants,380.0
2013-07,Nova Scotia,Returning emigrants,276.0
2013-07,Nova Scotia,Net temporary emigration,70.0
2013-07,Nova Scotia,Net non-permanent residents,556.0
2013-07,New Brunswick,Immigrants,597.0
2013-07,New Brunswick,Net emigration,82.0
2013-07,New Brunswick,Emigrants,152.0
2013-07,New Brunswick,Returning emigrants,127.0
2013-07,New Brunswick,Net temporary emigration,57.0
2013-07,New Brunswick,Net non-permanent residents,287.0
2013-07,Quebec,Immigrants,13696.0
2013-07,Quebec,Net emigration,2208.0
2013-07,Quebec,Emigrants,3173.0
2013-07,Quebec,Returning emigrants,2227.0
2013-07,Quebec,Net temporary emigration,1262.0
2013-07,Quebec,Net non-permanent residents,1954.0
2013-07,Ontario,Immigrants,25613.0
2013-07,Ontario,Net emigration,5362.0
2013-07,Ontario,Emigrants,9231.0
2013-07,Ontario,Returning emigrants,7571.0
2013-07,Ontario,Net temporary emigration,3702.0
2013-07,Ontario,Net non-permanent residents,17453.0
2013-07,Manitoba,Immigrants,3406.0
2013-07,Manitoba,Net emigration,28.0
2013-07,Manitoba,Emigrants,501.0
2013-07,Manitoba,Returning emigrants,571.0
2013-07,Manitoba,Net temporary emigration,98.0
2013-07,Manitoba,Net non-permanent residents,334.0
2013-07,Saskatchewan,Immigrants,2721.0
2013-07,Saskatchewan,Net emigration,210.0
2013-07,Saskatchewan,Emigrants,356.0
2013-07,Saskatchewan,Returning emigrants,283.0
2013-07,Saskatchewan,Net temporary emigration,137.0
2013-07,Saskatchewan,Net non-permanent residents,494.0
2013-07,Alberta,Immigrants,9154.0
2013-07,Alberta,Net emigration,792.0
2013-07,Alberta,Emigrants,2451.0
2013-07,Alberta,Returning emigrants,2282.0
2013-07,Alberta,Net temporary emigration,623.0
2013-07,Alberta,Net non-permanent residents,4847.0
2013-07,British Columbia,Immigrants,8936.0
2013-07,British Columbia,Net emigration,2459.0
2013-07,British Columbia,Emigrants,3539.0
2013-07,British Columbia,Returning emigrants,2553.0
2013-07,British Columbia,Net temporary emigration,1473.0
2013-07,British Columbia,Net non-permanent residents,11660.0
2013-07,Yukon,Immigrants,77.0
2013-07,Yukon,Net emigration,6.0
2013-07,Yukon,Emigrants,6.0
2013-07,Yukon,Returning emigrants,8.0
2013-07,Yukon,Net temporary emigration,8.0
2013-07,Yukon,Net non-permanent residents,29.0
2013-07,Northwest Territories,Immigrants,24.0
2013-07,Northwest Territories,Net emigration,7.0
2013-07,Northwest Territories,Emigrants,3.0
2013-07,Northwest Territories,Returning emigrants,5.0
2013-07,Northwest Territories,Net temporary emigration,9.0
2013-07,Northwest Territories,Net non-permanent residents,18.0
2013-07,Nunavut,Immigrants,2.0
2013-07,Nunavut,Net emigration,11.0
2013-07,Nunavut,Emigrants,3.0
2013-07,Nunavut,Returning emigrants,0.0
2013-07,Nunavut,Net temporary emigration,8.0
2013-07,Nunavut,Net non-permanent residents,35.0
2013-10,Canada,Immigrants,59772.0
2013-10,Canada,Net emigration,15153.0
2013-10,Canada,Emigrants,14368.0
2013-10,Canada,Returning emigrants,5556.0
2013-10,Canada,Net temporary emigration,6341.0
2013-10,Canada,Net non-permanent residents,-30082.0
2013-10,Newfoundland and Labrador,Immigrants,269.0
2013-10,Newfoundland and Labrador,Net emigration,62.0
2013-10,Newfoundland and Labrador,Emigrants,49.0
2013-10,Newfoundland and Labrador,Returning emigrants,21.0
2013-10,Newfoundland and Labrador,Net temporary emigration,34.0
2013-10,Newfoundland and Labrador,Net non-permanent residents,-195.0
2013-10,Prince Edward Island,Immigrants,370.0
2013-10,Prince Edward Island,Net emigration,13.0
2013-10,Prince Edward Island,Emigrants,16.0
2013-10,Prince Edward Island,Returning emigrants,13.0
2013-10,Prince Edward Island,Net temporary emigration,10.0
2013-10,Prince Edward Island,Net non-permanent residents,-122.0
2013-10,Nova Scotia,Immigrants,671.0
2013-10,Nova Scotia,Net emigration,163.0
2013-10,Nova Scotia,Emigrants,199.0
2013-10,Nova Scotia,Returning emigrants,96.0
2013-10,Nova Scotia,Net temporary emigration,60.0
2013-10,Nova Scotia,Net non-permanent residents,-301.0
2013-10,New Brunswick,Immigrants,488.0
2013-10,New Brunswick,Net emigration,72.0
2013-10,New Brunswick,Emigrants,68.0
2013-10,New Brunswick,Returning emigrants,44.0
2013-10,New Brunswick,Net temporary emigration,48.0
2013-10,New Brunswick,Net non-permanent residents,-35.0
2013-10,Quebec,Immigrants,10545.0
2013-10,Quebec,Net emigration,2255.0
2013-10,Quebec,Emigrants,1961.0
2013-10,Quebec,Returning emigrants,774.0
2013-10,Quebec,Net temporary emigration,1068.0
2013-10,Quebec,Net non-permanent residents,-7256.0
2013-10,Ontario,Immigrants,22734.0
2013-10,Ontario,Net emigration,6899.0
2013-10,Ontario,Emigrants,6399.0
2013-10,Ontario,Returning emigrants,2630.0
2013-10,Ontario,Net temporary emigration,3130.0
2013-10,Ontario,Net non-permanent residents,-17698.0
2013-10,Manitoba,Immigrants,3517.0
2013-10,Manitoba,Net emigration,264.0
2013-10,Manitoba,Emigrants,379.0
2013-10,Manitoba,Returning emigrants,198.0
2013-10,Manitoba,Net temporary emigration,83.0
2013-10,Manitoba,Net non-permanent residents,31.0
2013-10,Saskatchewan,Immigrants,3161.0
2013-10,Saskatchewan,Net emigration,155.0
2013-10,Saskatchewan,Emigrants,138.0
2013-10,Saskatchewan,Returning emigrants,98.0
2013-10,Saskatchewan,Net temporary emigration,115.0
2013-10,Saskatchewan,Net non-permanent residents,-415.0
2013-10,Alberta,Immigrants,8802.0
2013-10,Alberta,Net emigration,1311.0
2013-10,Alberta,Emigrants,1576.0
2013-10,Alberta,Returning emigrants,792.0
2013-10,Alberta,Net temporary emigration,527.0
2013-10,Alberta,Net non-permanent residents,1063.0
2013-10,British Columbia,Immigrants,9042.0
2013-10,British Columbia,Net emigration,3933.0
2013-10,British Columbia,Emigrants,3574.0
2013-10,British Columbia,Returning emigrants,886.0
2013-10,British Columbia,Net temporary emigration,1245.0
2013-10,British Columbia,Net non-permanent residents,-4977.0
2013-10,Yukon,Immigrants,115.0
2013-10,Yukon,Net emigration,9.0
2013-10,Yukon,Emigrants,5.0
2013-10,Yukon,Returning emigrants,3.0
2013-10,Yukon,Net temporary emigration,7.0
2013-10,Yukon,Net non-permanent residents,-123.0
2013-10,Northwest Territories,Immigrants,53.0
2013-10,Northwest Territories,Net emigration,10.0
2013-10,Northwest Territories,Emigrants,3.0
2013-10,Northwest Territories,Returning emigrants,1.0
2013-10,Northwest Territories,Net temporary emigration,8.0
2013-10,Northwest Territories,Net non-permanent residents,-11.0
2013-10,Nunavut,Immigrants,5.0
2013-10,Nunavut,Net emigration,7.0
2013-10,Nunavut,Emigrants,1.0
2013-10,Nunavut,Returning emigrants,0.0
2013-10,Nunavut,Net temporary emigration,6.0
2013-10,Nunavut,Net non-permanent residents,-43.0
2014-01,Canada,Immigrants,64461.0
2014-01,Canada,Net emigration,15698.0
2014-01,Canada,Emigrants,14680.0
2014-01,Canada,Returning emigrants,5388.0
2014-01,Canada,Net temporary emigration,6406.0
2014-01,Canada,Net non-permanent residents,6046.0
2014-01,Newfoundland and Labrador,Immigrants,181.0
2014-01,Newfoundland and Labrador,Net emigration,57.0
2014-01,Newfoundland and Labrador,Emigrants,45.0
2014-01,Newfoundland and Labrador,Returning emigrants,21.0
2014-01,Newfoundland and Labrador,Net temporary emigration,33.0
2014-01,Newfoundland and Labrador,Net non-permanent residents,-417.0
2014-01,Prince Edward Island,Immigrants,364.0
2014-01,Prince Edward Island,Net emigration,17.0
2014-01,Prince Edward Island,Emigrants,20.0
2014-01,Prince Edward Island,Returning emigrants,13.0
2014-01,Prince Edward Island,Net temporary emigration,10.0
2014-01,Prince Edward Island,Net non-permanent residents,1.0
2014-01,Nova Scotia,Immigrants,632.0
2014-01,Nova Scotia,Net emigration,160.0
2014-01,Nova Scotia,Emigrants,193.0
2014-01,Nova Scotia,Returning emigrants,94.0
2014-01,Nova Scotia,Net temporary emigration,61.0
2014-01,Nova Scotia,Net non-permanent residents,84.0
2014-01,New Brunswick,Immigrants,553.0
2014-01,New Brunswick,Net emigration,76.0
2014-01,New Brunswick,Emigrants,70.0
2014-01,New Brunswick,Returning emigrants,43.0
2014-01,New Brunswick,Net temporary emigration,49.0
2014-01,New Brunswick,Net non-permanent residents,-178.0
2014-01,Quebec,Immigrants,10603.0
2014-01,Quebec,Net emigration,2322.0
2014-01,Quebec,Emigrants,1994.0
2014-01,Quebec,Returning emigrants,750.0
2014-01,Quebec,Net temporary emigration,1078.0
2014-01,Quebec,Net non-permanent residents,955.0
2014-01,Ontario,Immigrants,25497.0
2014-01,Ontario,Net emigration,7527.0
2014-01,Ontario,Emigrants,6914.0
2014-01,Ontario,Returning emigrants,2549.0
2014-01,Ontario,Net temporary emigration,3162.0
2014-01,Ontario,Net non-permanent residents,1013.0
2014-01,Manitoba,Immigrants,3695.0
2014-01,Manitoba,Net emigration,264.0
2014-01,Manitoba,Emigrants,372.0
2014-01,Manitoba,Returning emigrants,192.0
2014-01,Manitoba,Net temporary emigration,84.0
2014-01,Manitoba,Net non-permanent residents,190.0
2014-01,Saskatchewan,Immigrants,2900.0
2014-01,Saskatchewan,Net emigration,265.0
2014-01,Saskatchewan,Emigrants,243.0
2014-01,Saskatchewan,Returning emigrants,95.0
2014-01,Saskatchewan,Net temporary emigration,117.0
2014-01,Saskatchewan,Net non-permanent residents,41.0
2014-01,Alberta,Immigrants,10350.0
2014-01,Alberta,Net emigration,1538.0
2014-01,Alberta,Emigrants,1773.0
2014-01,Alberta,Returning emigrants,768.0
2014-01,Alberta,Net temporary emigration,533.0
2014-01,Alberta,Net non-permanent residents,1368.0
2014-01,British Columbia,Immigrants,9564.0
2014-01,British Columbia,Net emigration,3444.0
2014-01,British Columbia,Emigrants,3045.0
2014-01,British Columbia,Returning emigrants,859.0
2014-01,British Columbia,Net temporary emigration,1258.0
2014-01,British Columbia,Net non-permanent residents,2991.0
2014-01,Yukon,Immigrants,75.0
2014-01,Yukon,Net emigration,11.0
2014-01,Yukon,Emigrants,7.0
2014-01,Yukon,Returning emigrants,3.0
2014-01,Yukon,Net temporary emigration,7.0
2014-01,Yukon,Net non-permanent residents,-1.0
2014-01,Northwest Territories,Immigrants,38.0
2014-01,Northwest Territories,Net emigration,9.0
2014-01,Northwest Territories,Emigrants,3.0
2014-01,Northwest Territories,Returning emigrants,1.0
2014-01,Northwest Territories,Net temporary emigration,7.0
2014-01,Northwest Territories,Net non-permanent residents,-2.0
2014-01,Nunavut,Immigrants,9.0
2014-01,Nunavut,Net emigration,8.0
2014-01,Nunavut,Emigrants,1.0
2014-01,Nunavut,Returning emigrants,0.0
2014-01,Nunavut,Net temporary emigration,7.0
2014-01,Nunavut,Net non-permanent residents,1.0
2014-04,Canada,Immigrants,78294.0
2014-04,Canada,Net emigration,11254.0
2014-04,Canada,Emigrants,14772.0
2014-04,Canada,Returning emigrants,9942.0
2014-04,Canada,Net temporary emigration,6424.0
2014-04,Canada,Net non-permanent residents,18283.0
2014-04,Newfoundland and Labrador,Immigrants,340.0
2014-04,Newfoundland and Labrador,Net emigration,51.0
2014-04,Newfoundland and Labrador,Emigrants,55.0
2014-04,Newfoundland and Labrador,Returning emigrants,38.0
2014-04,Newfoundland and Labrador,Net temporary emigration,34.0
2014-04,Newfoundland and Labrador,Net non-permanent residents,181.0
2014-04,Prince Edward Island,Immigrants,411.0
2014-04,Prince Edward Island,Net emigration,11.0
2014-04,Prince Edward Island,Emigrants,25.0
2014-04,Prince Edward Island,Returning emigrants,24.0
2014-04,Prince Edward Island,Net temporary emigration,10.0
2014-04,Prince Edward Island,Net non-permanent residents,203.0
2014-04,Nova Scotia,Immigrants,783.0
2014-04,Nova Scotia,Net emigration,146.0
2014-04,Nova Scotia,Emigrants,257.0
2014-04,Nova Scotia,Returning emigrants,171.0
2014-04,Nova Scotia,Net temporary emigration,60.0
2014-04,Nova Scotia,Net non-permanent residents,-224.0
2014-04,New Brunswick,Immigrants,662.0
2014-04,New Brunswick,Net emigration,86.0
2014-04,New Brunswick,Emigrants,116.0
2014-04,New Brunswick,Returning emigrants,79.0
2014-04,New Brunswick,Net temporary emigration,49.0
2014-04,New Brunswick,Net non-permanent residents,247.0
2014-04,Quebec,Immigrants,16797.0
2014-04,Quebec,Net emigration,2218.0
2014-04,Quebec,Emigrants,2521.0
2014-04,Quebec,Returning emigrants,1384.0
2014-04,Quebec,Net temporary emigration,1081.0
2014-04,Quebec,Net non-permanent residents,5132.0
2014-04,Ontario,Immigrants,28085.0
2014-04,Ontario,Net emigration,5129.0
2014-04,Ontario,Emigrants,6659.0
2014-04,Ontario,Returning emigrants,4703.0
2014-04,Ontario,Net temporary emigration,3173.0
2014-04,Ontario,Net non-permanent residents,9924.0
2014-04,Manitoba,Immigrants,4844.0
2014-04,Manitoba,Net emigration,30.0
2014-04,Manitoba,Emigrants,301.0
2014-04,Manitoba,Returning emigrants,355.0
2014-04,Manitoba,Net temporary emigration,84.0
2014-04,Manitoba,Net non-permanent residents,488.0
2014-04,Saskatchewan,Immigrants,3535.0
2014-04,Saskatchewan,Net emigration,160.0
2014-04,Saskatchewan,Emigrants,218.0
2014-04,Saskatchewan,Returning emigrants,175.0
2014-04,Saskatchewan,Net temporary emigration,117.0
2014-04,Saskatchewan,Net non-permanent residents,83.0
2014-04,Alberta,Immigrants,12752.0
2014-04,Alberta,Net emigration,908.0
2014-04,Alberta,Emigrants,1792.0
2014-04,Alberta,Returning emigrants,1418.0
2014-04,Alberta,Net temporary emigration,534.0
2014-04,Alberta,Net non-permanent residents,297.0
2014-04,British Columbia,Immigrants,9936.0
2014-04,British Columbia,Net emigration,2495.0
2014-04,British Columbia,Emigrants,2820.0
2014-04,British Columbia,Returning emigrants,1586.0
2014-04,British Columbia,Net temporary emigration,1261.0
2014-04,British Columbia,Net non-permanent residents,1929.0
2014-04,Yukon,Immigrants,93.0
2014-04,Yukon,Net emigration,5.0
2014-04,Yukon,Emigrants,4.0
2014-04,Yukon,Returning emigrants,6.0
2014-04,Yukon,Net temporary emigration,7.0
2014-04,Yukon,Net non-permanent residents,47.0
2014-04,Northwest Territories,Immigrants,48.0
2014-04,Northwest Territories,Net emigration,8.0
2014-04,Northwest Territories,Emigrants,3.0
2014-04,Northwest Territories,Returning emigrants,3.0
2014-04,Northwest Territories,Net temporary emigration,8.0
2014-04,Northwest Territories,Net non-permanent residents,-24.0
2014-04,Nunavut,Immigrants,8.0
2014-04,Nunavut,Net emigration,7.0
2014-04,Nunavut,Emigrants,1.0
2014-04,Nunavut,Returning emigrants,0.0
2014-04,Nunavut,Net temporary emigration,6.0
2014-04,Nunavut,Net non-permanent residents,0.0
2014-07,Canada,Immigrants,65546.0
2014-07,Canada,Net emigration,13862.0
2014-07,Canada,Emigrants,21768.0
2014-07,Canada,Returning emigrants,15647.0
2014-07,Canada,Net temporary emigration,7741.0
2014-07,Canada,Net non-permanent residents,33889.0
2014-07,Newfoundland and Labrador,Immigrants,197.0
2014-07,Newfoundland and Labrador,Net emigration,86.0
2014-07,Newfoundland and Labrador,Emigrants,101.0
2014-07,Newfoundland and Labrador,Returning emigrants,56.0
2014-07,Newfoundland and Labrador,Net temporary emigration,41.0
2014-07,Newfoundland and Labrador,Net non-permanent residents,424.0
2014-07,Prince Edward Island,Immigrants,511.0
2014-07,Prince Edward Island,Net emigration,54.0
2014-07,Prince Edward Island,Emigrants,62.0
2014-07,Prince Edward Island,Returning emigrants,19.0
2014-07,Prince Edward Island,Net temporary emigration,11.0
2014-07,Prince Edward Island,Net non-permanent residents,138.0
2014-07,Nova Scotia,Immigrants,691.0
2014-07,Nova Scotia,Net emigration,255.0
2014-07,Nova Scotia,Emigrants,393.0
2014-07,Nova Scotia,Returning emigrants,210.0
2014-07,Nova Scotia,Net temporary emigration,72.0
2014-07,Nova Scotia,Net non-permanent residents,544.0
2014-07,New Brunswick,Immigrants,970.0
2014-07,New Brunswick,Net emigration,159.0
2014-07,New Brunswick,Emigrants,192.0
2014-07,New Brunswick,Returning emigrants,92.0
2014-07,New Brunswick,Net temporary emigration,59.0
2014-07,New Brunswick,Net non-permanent residents,381.0
2014-07,Quebec,Immigrants,14852.0
2014-07,Quebec,Net emigration,2652.0
2014-07,Quebec,Emigrants,3440.0
2014-07,Quebec,Returning emigrants,2090.0
2014-07,Quebec,Net temporary emigration,1302.0
2014-07,Quebec,Net non-permanent residents,3798.0
2014-07,Ontario,Immigrants,22954.0
2014-07,Ontario,Net emigration,6197.0
2014-07,Ontario,Emigrants,9977.0
2014-07,Ontario,Returning emigrants,7603.0
2014-07,Ontario,Net temporary emigration,3823.0
2014-07,Ontario,Net non-permanent residents,16577.0
2014-07,Manitoba,Immigrants,4230.0
2014-07,Manitoba,Net emigration,273.0
2014-07,Manitoba,Emigrants,661.0
2014-07,Manitoba,Returning emigrants,490.0
2014-07,Manitoba,Net temporary emigration,102.0
2014-07,Manitoba,Net non-permanent residents,745.0
2014-07,Saskatchewan,Immigrants,2778.0
2014-07,Saskatchewan,Net emigration,175.0
2014-07,Saskatchewan,Emigrants,311.0
2014-07,Saskatchewan,Returning emigrants,277.0
2014-07,Saskatchewan,Net temporary emigration,141.0
2014-07,Saskatchewan,Net non-permanent residents,277.0
2014-07,Alberta,Immigrants,10274.0
2014-07,Alberta,Net emigration,1353.0
2014-07,Alberta,Emigrants,2889.0
2014-07,Alberta,Returning emigrants,2180.0
2014-07,Alberta,Net temporary emigration,644.0
2014-07,Alberta,Net non-permanent residents,14.0
2014-07,British Columbia,Immigrants,7988.0
2014-07,British Columbia,Net emigration,2628.0
2014-07,British Columbia,Emigrants,3736.0
2014-07,British Columbia,Returning emigrants,2628.0
2014-07,British Columbia,Net temporary emigration,1520.0
2014-07,British Columbia,Net non-permanent residents,10950.0
2014-07,Yukon,Immigrants,55.0
2014-07,Yukon,Net emigration,10.0
2014-07,Yukon,Emigrants,2.0
2014-07,Yukon,Returning emigrants,0.0
2014-07,Yukon,Net temporary emigration,8.0
2014-07,Yukon,Net non-permanent residents,16.0
2014-07,Northwest Territories,Immigrants,42.0
2014-07,Northwest Territories,Net emigration,12.0
2014-07,Northwest Territories,Emigrants,2.0
2014-07,Northwest Territories,Returning emigrants,0.0
2014-07,Northwest Territories,Net temporary emigration,10.0
2014-07,Northwest Territories,Net non-permanent residents,-9.0
2014-07,Nunavut,Immigrants,4.0
2014-07,Nunavut,Net emigration,8.0
2014-07,Nunavut,Emigrants,2.0
2014-07,Nunavut,Returning emigrants,2.0
2014-07,Nunavut,Net temporary emigration,8.0
2014-07,Nunavut,Net non-permanent residents,34.0
2014-10,Canada,Immigrants,52007.0
2014-10,Canada,Net emigration,14142.0
2014-10,Canada,Emigrants,14002.0
2014-10,Canada,Returning emigrants,6027.0
2014-10,Canada,Net temporary emigration,6167.0
2014-10,Canada,Net non-permanent residents,-41248.0
2014-10,Newfoundland and Labrador,Immigrants,181.0
2014-10,Newfoundland and Labrador,Net emigration,64.0
2014-10,Newfoundland and Labrador,Emigrants,53.0
2014-10,Newfoundland and Labrador,Returning emigrants,22.0
2014-10,Newfoundland and Labrador,Net temporary emigration,33.0
2014-10,Newfoundland and Labrador,Net non-permanent residents,-54.0
2014-10,Prince Edward Island,Immigrants,344.0
2014-10,Prince Edward Island,Net emigration,25.0
2014-10,Prince Edward Island,Emigrants,24.0
2014-10,Prince Edward Island,Returning emigrants,8.0
2014-10,Prince Edward Island,Net temporary emigration,9.0
2014-10,Prince Edward Island,Net non-permanent residents,-186.0
2014-10,Nova Scotia,Immigrants,564.0
2014-10,Nova Scotia,Net emigration,158.0
2014-10,Nova Scotia,Emigrants,182.0
2014-10,Nova Scotia,Returning emigrants,81.0
2014-10,Nova Scotia,Net temporary emigration,57.0
2014-10,Nova Scotia,Net non-permanent residents,-227.0
2014-10,New Brunswick,Immigrants,652.0
2014-10,New Brunswick,Net emigration,111.0
2014-10,New Brunswick,Emigrants,99.0
2014-10,New Brunswick,Returning emigrants,35.0
2014-10,New Brunswick,Net temporary emigration,47.0
2014-10,New Brunswick,Net non-permanent residents,-386.0
2014-10,Quebec,Immigrants,7993.0
2014-10,Quebec,Net emigration,2374.0
2014-10,Quebec,Emigrants,2141.0
2014-10,Quebec,Returning emigrants,805.0
2014-10,Quebec,Net temporary emigration,1038.0
2014-10,Quebec,Net non-permanent residents,-6052.0
2014-10,Ontario,Immigrants,19242.0
2014-10,Ontario,Net emigration,6030.0
2014-10,Ontario,Emigrants,5913.0
2014-10,Ontario,Returning emigrants,2929.0
2014-10,Ontario,Net temporary emigration,3046.0
2014-10,Ontario,Net non-permanent residents,-20697.0
2014-10,Manitoba,Immigrants,3465.0
2014-10,Manitoba,Net emigration,314.0
2014-10,Manitoba,Emigrants,421.0
2014-10,Manitoba,Returning emigrants,188.0
2014-10,Manitoba,Net temporary emigration,81.0
2014-10,Manitoba,Net non-permanent residents,-140.0
2014-10,Saskatchewan,Immigrants,2615.0
2014-10,Saskatchewan,Net emigration,213.0
2014-10,Saskatchewan,Emigrants,206.0
2014-10,Saskatchewan,Returning emigrants,106.0
2014-10,Saskatchewan,Net temporary emigration,113.0
2014-10,Saskatchewan,Net non-permanent residents,-834.0
2014-10,Alberta,Immigrants,9147.0
2014-10,Alberta,Net emigration,1423.0
2014-10,Alberta,Emigrants,1750.0
2014-10,Alberta,Returning emigrants,840.0
2014-10,Alberta,Net temporary emigration,513.0
2014-10,Alberta,Net non-permanent residents,-5608.0
2014-10,British Columbia,Immigrants,7682.0
2014-10,British Columbia,Net emigration,3410.0
2014-10,British Columbia,Emigrants,3213.0
2014-10,British Columbia,Returning emigrants,1013.0
2014-10,British Columbia,Net temporary emigration,1210.0
2014-10,British Columbia,Net non-permanent residents,-6912.0
2014-10,Yukon,Immigrants,81.0
2014-10,Yukon,Net emigration,6.0
2014-10,Yukon,Emigrants,0.0
2014-10,Yukon,Returning emigrants,0.0
2014-10,Yukon,Net temporary emigration,6.0
2014-10,Yukon,Net non-permanent residents,-89.0
2014-10,Northwest Territories,Immigrants,39.0
2014-10,Northwest Territories,Net emigration,8.0
2014-10,Northwest Territories,Emigrants,0.0
2014-10,Northwest Territories,Returning emigrants,0.0
2014-10,Northwest Territories,Net temporary emigration,8.0
2014-10,Northwest Territories,Net non-permanent residents,-25.0
2014-10,Nunavut,Immigrants,2.0
2014-10,Nunavut,Net emigration,6.0
2014-10,Nunavut,Emigrants,0.0
2014-10,Nunavut,Returning emigrants,0.0
2014-10,Nunavut,Net temporary emigration,6.0
2014-10,Nunavut,Net non-permanent residents,-38.0
2015-01,Canada,Immigrants,51129.0
2015-01,Canada,Net emigration,15927.0
2015-01,Canada,Emigrants,14989.0
2015-01,Canada,Returning emigrants,5431.0
2015-01,Canada,Net temporary emigration,6369.0
2015-01,Canada,Net non-permanent residents,-11185.0
2015-01,Newfoundland and Labrador,Immigrants,197.0
2015-01,Newfoundland and Labrador,Net emigration,57.0
2015-01,Newfoundland and Labrador,Emigrants,43.0
2015-01,Newfoundland and Labrador,Returning emigrants,20.0
2015-01,Newfoundland and Labrador,Net temporary emigration,34.0
2015-01,Newfoundland and Labrador,Net non-permanent residents,-218.0
2015-01,Prince Edward Island,Immigrants,196.0
2015-01,Prince Edward Island,Net emigration,27.0
2015-01,Prince Edward Island,Emigrants,23.0
2015-01,Prince Edward Island,Returning emigrants,6.0
2015-01,Prince Edward Island,Net temporary emigration,10.0
2015-01,Prince Edward Island,Net non-permanent residents,21.0
2015-01,Nova Scotia,Immigrants,601.0
2015-01,Nova Scotia,Net emigration,157.0
2015-01,Nova Scotia,Emigrants,171.0
2015-01,Nova Scotia,Returning emigrants,73.0
2015-01,Nova Scotia,Net temporary emigration,59.0
2015-01,Nova Scotia,Net non-permanent residents,-15.0
2015-01,New Brunswick,Immigrants,625.0
2015-01,New Brunswick,Net emigration,103.0
2015-01,New Brunswick,Emigrants,86.0
2015-01,New Brunswick,Returning emigrants,31.0
2015-01,New Brunswick,Net temporary emigration,48.0
2015-01,New Brunswick,Net non-permanent residents,-438.0
2015-01,Quebec,Immigrants,9219.0
2015-01,Quebec,Net emigration,2649.0
2015-01,Quebec,Emigrants,2303.0
2015-01,Quebec,Returning emigrants,726.0
2015-01,Quebec,Net temporary emigration,1072.0
2015-01,Quebec,Net non-permanent residents,-1484.0
2015-01,Ontario,Immigrants,19780.0
2015-01,Ontario,Net emigration,7341.0
2015-01,Ontario,Emigrants,6835.0
2015-01,Ontario,Returning emigrants,2639.0
2015-01,Ontario,Net temporary emigration,3145.0
2015-01,Ontario,Net non-permanent residents,-569.0
2015-01,Manitoba,Immigrants,3071.0
2015-01,Manitoba,Net emigration,361.0
2015-01,Manitoba,Emigrants,448.0
2015-01,Manitoba,Returning emigrants,170.0
2015-01,Manitoba,Net temporary emigration,83.0
2015-01,Manitoba,Net non-permanent residents,-46.0
2015-01,Saskatchewan,Immigrants,2356.0
2015-01,Saskatchewan,Net emigration,264.0
2015-01,Saskatchewan,Emigrants,243.0
2015-01,Saskatchewan,Returning emigrants,96.0
2015-01,Saskatchewan,Net temporary emigration,117.0
2015-01,Saskatchewan,Net non-permanent residents,-596.0
2015-01,Alberta,Immigrants,8204.0
2015-01,Alberta,Net emigration,1511.0
2015-01,Alberta,Emigrants,1738.0
2015-01,Alberta,Returning emigrants,757.0
2015-01,Alberta,Net temporary emigration,530.0
2015-01,Alberta,Net non-permanent residents,-5841.0
2015-01,British Columbia,Immigrants,6784.0
2015-01,British Columbia,Net emigration,3433.0
2015-01,British Columbia,Emigrants,3096.0
2015-01,British Columbia,Returning emigrants,913.0
2015-01,British Columbia,Net temporary emigration,1250.0
2015-01,British Columbia,Net non-permanent residents,-1973.0
2015-01,Yukon,Immigrants,55.0
2015-01,Yukon,Net emigration,8.0
2015-01,Yukon,Emigrants,1.0
2015-01,Yukon,Returning emigrants,0.0
2015-01,Yukon,Net temporary emigration,7.0
2015-01,Yukon,Net non-permanent residents,-17.0
2015-01,Northwest Territories,Immigrants,29.0
2015-01,Northwest Territories,Net emigration,8.0
2015-01,Northwest Territories,Emigrants,1.0
2015-01,Northwest Territories,Returning emigrants,0.0
2015-01,Northwest Territories,Net temporary emigration,7.0
2015-01,Northwest Territories,Net non-permanent residents,-2.0
2015-01,Nunavut,Immigrants,12.0
2015-01,Nunavut,Net emigration,8.0
2015-01,Nunavut,Emigrants,1.0
2015-01,Nunavut,Returning emigrants,0.0
2015-01,Nunavut,Net temporary emigration,7.0
2015-01,Nunavut,Net non-permanent residents,-7.0
2015-04,Canada,Immigrants,72093.0
2015-04,Canada,Net emigration,10113.0
2015-04,Canada,Emigrants,15078.0
2015-04,Canada,Returning emigrants,11353.0
2015-04,Canada,Net temporary emigration,6388.0
2015-04,Canada,Net non-permanent residents,8703.0
2015-04,Newfoundland and Labrador,Immigrants,272.0
2015-04,Newfoundland and Labrador,Net emigration,54.0
2015-04,Newfoundland and Labrador,Emigrants,61.0
2015-04,Newfoundland and Labrador,Returning emigrants,41.0
2015-04,Newfoundland and Labrador,Net temporary emigration,34.0
2015-04,Newfoundland and Labrador,Net non-permanent residents,488.0
2015-04,Prince Edward Island,Immigrants,290.0
2015-04,Prince Edward Island,Net emigration,30.0
2015-04,Prince Edward Island,Emigrants,34.0
2015-04,Prince Edward Island,Returning emigrants,14.0
2015-04,Prince Edward Island,Net temporary emigration,10.0
2015-04,Prince Edward Island,Net non-permanent residents,613.0
2015-04,Nova Scotia,Immigrants,831.0
2015-04,Nova Scotia,Net emigration,151.0
2015-04,Nova Scotia,Emigrants,243.0
2015-04,Nova Scotia,Returning emigrants,152.0
2015-04,Nova Scotia,Net temporary emigration,60.0
2015-04,Nova Scotia,Net non-permanent residents,1998.0
2015-04,New Brunswick,Immigrants,550.0
2015-04,New Brunswick,Net emigration,111.0
2015-04,New Brunswick,Emigrants,128.0
2015-04,New Brunswick,Returning emigrants,66.0
2015-04,New Brunswick,Net temporary emigration,49.0
2015-04,New Brunswick,Net non-permanent residents,1000.0
2015-04,Quebec,Immigrants,13445.0
2015-04,Quebec,Net emigration,2230.0
2015-04,Quebec,Emigrants,2672.0
2015-04,Quebec,Returning emigrants,1516.0
2015-04,Quebec,Net temporary emigration,1074.0
2015-04,Quebec,Net non-permanent residents,8260.0
2015-04,Ontario,Immigrants,27698.0
2015-04,Ontario,Net emigration,4233.0
2015-04,Ontario,Emigrants,6596.0
2015-04,Ontario,Returning emigrants,5517.0
2015-04,Ontario,Net temporary emigration,3154.0
2015-04,Ontario,Net non-permanent residents,9882.0
2015-04,Manitoba,Immigrants,4037.0
2015-04,Manitoba,Net emigration,104.0
2015-04,Manitoba,Emigrants,377.0
2015-04,Manitoba,Returning emigrants,356.0
2015-04,Manitoba,Net temporary emigration,83.0
2015-04,Manitoba,Net non-permanent residents,3819.0
2015-04,Saskatchewan,Immigrants,3628.0
2015-04,Saskatchewan,Net emigration,202.0
2015-04,Saskatchewan,Emigrants,285.0
2015-04,Saskatchewan,Returning emigrants,200.0
2015-04,Saskatchewan,Net temporary emigration,117.0
2015-04,Saskatchewan,Net non-permanent residents,1878.0
2015-04,Alberta,Immigrants,11971.0
2015-04,Alberta,Net emigration,904.0
2015-04,Alberta,Emigrants,1955.0
2015-04,Alberta,Returning emigrants,1582.0
2015-04,Alberta,Net temporary emigration,531.0
2015-04,Alberta,Net non-permanent residents,912.0
2015-04,British Columbia,Immigrants,9219.0
2015-04,British Columbia,Net emigration,2072.0
2015-04,British Columbia,Emigrants,2726.0
2015-04,British Columbia,Returning emigrants,1908.0
2015-04,British Columbia,Net temporary emigration,1254.0
2015-04,British Columbia,Net non-permanent residents,-20248.0
2015-04,Yukon,Immigrants,73.0
2015-04,Yukon,Net emigration,7.0
2015-04,Yukon,Emigrants,0.0
2015-04,Yukon,Returning emigrants,0.0
2015-04,Yukon,Net temporary emigration,7.0
2015-04,Yukon,Net non-permanent residents,71.0
2015-04,Northwest Territories,Immigrants,69.0
2015-04,Northwest Territories,Net emigration,8.0
2015-04,Northwest Territories,Emigrants,0.0
2015-04,Northwest Territories,Returning emigrants,0.0
2015-04,Northwest Territories,Net temporary emigration,8.0
2015-04,Northwest Territories,Net non-permanent residents,32.0
2015-04,Nunavut,Immigrants,10.0
2015-04,Nunavut,Net emigration,7.0
2015-04,Nunavut,Emigrants,1.0
2015-04,Nunavut,Returning emigrants,1.0
2015-04,Nunavut,Net temporary emigration,7.0
2015-04,Nunavut,Net non-permanent residents,-2.0
2015-07,Canada,Immigrants,78903.0
2015-07,Canada,Net emigration,14644.0
2015-07,Canada,Emigrants,23493.0
2015-07,Canada,Returning emigrants,16797.0
2015-07,Canada,Net temporary emigration,7948.0
2015-07,Canada,Net non-permanent residents,19982.0
2015-07,Newfoundland and Labrador,Immigrants,288.0
2015-07,Newfoundland and Labrador,Net emigration,108.0
2015-07,Newfoundland and Labrador,Emigrants,109.0
2015-07,Newfoundland and Labrador,Returning emigrants,42.0
2015-07,Newfoundland and Labrador,Net temporary emigration,41.0
2015-07,Newfoundland and Labrador,Net non-permanent residents,279.0
2015-07,Prince Edward Island,Immigrants,365.0
2015-07,Prince Edward Island,Net emigration,34.0
2015-07,Prince Edward Island,Emigrants,37.0
2015-07,Prince Edward Island,Returning emigrants,14.0
2015-07,Prince Edward Island,Net temporary emigration,11.0
2015-07,Prince Edward Island,Net non-permanent residents,139.0
2015-07,Nova Scotia,Immigrants,1067.0
2015-07,Nova Scotia,Net emigration,232.0
2015-07,Nova Scotia,Emigrants,432.0
2015-07,Nova Scotia,Returning emigrants,274.0
2015-07,Nova Scotia,Net temporary emigration,74.0
2015-07,Nova Scotia,Net non-permanent residents,1041.0
2015-07,New Brunswick,Immigrants,768.0
2015-07,New Brunswick,Net emigration,126.0
2015-07,New Brunswick,Emigrants,186.0
2015-07,New Brunswick,Returning emigrants,121.0
2015-07,New Brunswick,Net temporary emigration,61.0
2015-07,New Brunswick,Net non-permanent residents,138.0
2015-07,Quebec,Immigrants,13740.0
2015-07,Quebec,Net emigration,2524.0
2015-07,Quebec,Emigrants,3662.0
2015-07,Quebec,Returning emigrants,2475.0
2015-07,Quebec,Net temporary emigration,1337.0
2015-07,Quebec,Net non-permanent residents,2115.0
2015-07,Ontario,Immigrants,29679.0
2015-07,Ontario,Net emigration,6731.0
2015-07,Ontario,Emigrants,10872.0
2015-07,Ontario,Returning emigrants,8066.0
2015-07,Ontario,Net temporary emigration,3925.0
2015-07,Ontario,Net non-permanent residents,14504.0
2015-07,Manitoba,Immigrants,4075.0
2015-07,Manitoba,Net emigration,198.0
2015-07,Manitoba,Emigrants,610.0
2015-07,Manitoba,Returning emigrants,517.0
2015-07,Manitoba,Net temporary emigration,105.0
2015-07,Manitoba,Net non-permanent residents,646.0
2015-07,Saskatchewan,Immigrants,3680.0
2015-07,Saskatchewan,Net emigration,282.0
2015-07,Saskatchewan,Emigrants,403.0
2015-07,Saskatchewan,Returning emigrants,267.0
2015-07,Saskatchewan,Net temporary emigration,146.0
2015-07,Saskatchewan,Net non-permanent residents,-197.0
2015-07,Alberta,Immigrants,14171.0
2015-07,Alberta,Net emigration,1531.0
2015-07,Alberta,Emigrants,3032.0
2015-07,Alberta,Returning emigrants,2162.0
2015-07,Alberta,Net temporary emigration,661.0
2015-07,Alberta,Net non-permanent residents,-4994.0
2015-07,British Columbia,Immigrants,10897.0
2015-07,British Columbia,Net emigration,2829.0
2015-07,British Columbia,Emigrants,4126.0
2015-07,British Columbia,Returning emigrants,2857.0
2015-07,British Columbia,Net temporary emigration,1560.0
2015-07,British Columbia,Net non-permanent residents,6242.0
2015-07,Yukon,Immigrants,98.0
2015-07,Yukon,Net emigration,27.0
2015-07,Yukon,Emigrants,20.0
2015-07,Yukon,Returning emigrants,2.0
2015-07,Yukon,Net temporary emigration,9.0
2015-07,Yukon,Net non-permanent residents,11.0
2015-07,Northwest Territories,Immigrants,68.0
2015-07,Northwest Territories,Net emigration,13.0
2015-07,Northwest Territories,Emigrants,3.0
2015-07,Northwest Territories,Returning emigrants,0.0
2015-07,Northwest Territories,Net temporary emigration,10.0
2015-07,Northwest Territories,Net non-permanent residents,2.0
2015-07,Nunavut,Immigrants,7.0
2015-07,Nunavut,Net emigration,9.0
2015-07,Nunavut,Emigrants,1.0
2015-07,Nunavut,Returning emigrants,0.0
2015-07,Nunavut,Net temporary emigration,8.0
2015-07,Nunavut,Net non-permanent residents,56.0
2015-10,Canada,Immigrants,69742.0
2015-10,Canada,Net emigration,15882.0
2015-10,Canada,Emigrants,15385.0
2015-10,Canada,Returning emigrants,5855.0
2015-10,Canada,Net temporary emigration,6352.0
2015-10,Canada,Net non-permanent residents,-26830.0
2015-10,Newfoundland and Labrador,Immigrants,362.0
2015-10,Newfoundland and Labrador,Net emigration,73.0
2015-10,Newfoundland and Labrador,Emigrants,54.0
2015-10,Newfoundland and Labrador,Returning emigrants,14.0
2015-10,Newfoundland and Labrador,Net temporary emigration,33.0
2015-10,Newfoundland and Labrador,Net non-permanent residents,-26.0
2015-10,Prince Edward Island,Immigrants,339.0
2015-10,Prince Edward Island,Net emigration,26.0
2015-10,Prince Edward Island,Emigrants,22.0
2015-10,Prince Edward Island,Returning emigrants,5.0
2015-10,Prince Edward Island,Net temporary emigration,9.0
2015-10,Prince Edward Island,Net non-permanent residents,73.0
2015-10,Nova Scotia,Immigrants,921.0
2015-10,Nova Scotia,Net emigration,166.0
2015-10,Nova Scotia,Emigrants,201.0
2015-10,Nova Scotia,Returning emigrants,95.0
2015-10,Nova Scotia,Net temporary emigration,60.0
2015-10,Nova Scotia,Net non-permanent residents,-428.0
2015-10,New Brunswick,Immigrants,635.0
2015-10,New Brunswick,Net emigration,93.0
2015-10,New Brunswick,Emigrants,86.0
2015-10,New Brunswick,Returning emigrants,42.0
2015-10,New Brunswick,Net temporary emigration,49.0
2015-10,New Brunswick,Net non-permanent residents,17.0
2015-10,Quebec,Immigrants,12626.0
2015-10,Quebec,Net emigration,2463.0
2015-10,Quebec,Emigrants,2257.0
2015-10,Quebec,Returning emigrants,863.0
2015-10,Quebec,Net temporary emigration,1069.0
2015-10,Quebec,Net non-permanent residents,-5260.0
2015-10,Ontario,Immigrants,26473.0
2015-10,Ontario,Net emigration,7159.0
2015-10,Ontario,Emigrants,6832.0
2015-10,Ontario,Returning emigrants,2811.0
2015-10,Ontario,Net temporary emigration,3138.0
2015-10,Ontario,Net non-permanent residents,-12144.0
2015-10,Manitoba,Immigrants,3715.0
2015-10,Manitoba,Net emigration,304.0
2015-10,Manitoba,Emigrants,403.0
2015-10,Manitoba,Returning emigrants,181.0
2015-10,Manitoba,Net temporary emigration,82.0
2015-10,Manitoba,Net non-permanent residents,820.0
2015-10,Saskatchewan,Immigrants,2858.0
2015-10,Saskatchewan,Net emigration,252.0
2015-10,Saskatchewan,Emigrants,230.0
2015-10,Saskatchewan,Returning emigrants,94.0
2015-10,Saskatchewan,Net temporary emigration,116.0
2015-10,Saskatchewan,Net non-permanent residents,-257.0
2015-10,Alberta,Immigrants,12888.0
2015-10,Alberta,Net emigration,1754.0
2015-10,Alberta,Emigrants,1979.0
2015-10,Alberta,Returning emigrants,754.0
2015-10,Alberta,Net temporary emigration,529.0
2015-10,Alberta,Net non-permanent residents,-5144.0
2015-10,British Columbia,Immigrants,8831.0
2015-10,British Columbia,Net emigration,3559.0
2015-10,British Columbia,Emigrants,3308.0
2015-10,British Columbia,Returning emigrants,996.0
2015-10,British Columbia,Net temporary emigration,1247.0
2015-10,British Columbia,Net non-permanent residents,-4432.0
2015-10,Yukon,Immigrants,41.0
2015-10,Yukon,Net emigration,16.0
2015-10,Yukon,Emigrants,10.0
2015-10,Yukon,Returning emigrants,0.0
2015-10,Yukon,Net temporary emigration,6.0
2015-10,Yukon,Net non-permanent residents,-37.0
2015-10,Northwest Territories,Immigrants,45.0
2015-10,Northwest Territories,Net emigration,11.0
2015-10,Northwest Territories,Emigrants,3.0
2015-10,Northwest Territories,Returning emigrants,0.0
2015-10,Northwest Territories,Net temporary emigration,8.0
2015-10,Northwest Territories,Net non-permanent residents,-5.0
2015-10,Nunavut,Immigrants,8.0
2015-10,Nunavut,Net emigration,6.0
2015-10,Nunavut,Emigrants,0.0
2015-10,Nunavut,Returning emigrants,0.0
2015-10,Nunavut,Net temporary emigration,6.0
2015-10,Nunavut,Net non-permanent residents,-7.0
2016-01,Canada,Immigrants,86246.0
2016-01,Canada,Net emigration,15462.0
2016-01,Canada,Emigrants,15111.0
2016-01,Canada,Returning emigrants,5951.0
2016-01,Canada,Net temporary emigration,6302.0
2016-01,Canada,Net non-permanent residents,11939.0
2016-01,Newfoundland and Labrador,Immigrants,419.0
2016-01,Newfoundland and Labrador,Net emigration,77.0
2016-01,Newfoundland and Labrador,Emigrants,58.0
2016-01,Newfoundland and Labrador,Returning emigrants,15.0
2016-01,Newfoundland and Labrador,Net temporary emigration,34.0
2016-01,Newfoundland and Labrador,Net non-permanent residents,-31.0
2016-01,Prince Edward Island,Immigrants,560.0
2016-01,Prince Edward Island,Net emigration,30.0
2016-01,Prince Edward Island,Emigrants,25.0
2016-01,Prince Edward Island,Returning emigrants,5.0
2016-01,Prince Edward Island,Net temporary emigration,10.0
2016-01,Prince Edward Island,Net non-permanent residents,-8.0
2016-01,Nova Scotia,Immigrants,1872.0
2016-01,Nova Scotia,Net emigration,170.0
2016-01,Nova Scotia,Emigrants,208.0
2016-01,Nova Scotia,Returning emigrants,97.0
2016-01,Nova Scotia,Net temporary emigration,59.0
2016-01,Nova Scotia,Net non-permanent residents,433.0
2016-01,New Brunswick,Immigrants,2036.0
2016-01,New Brunswick,Net emigration,98.0
2016-01,New Brunswick,Emigrants,93.0
2016-01,New Brunswick,Returning emigrants,43.0
2016-01,New Brunswick,Net temporary emigration,48.0
2016-01,New Brunswick,Net non-permanent residents,-339.0
2016-01,Quebec,Immigrants,13876.0
2016-01,Quebec,Net emigration,2172.0
2016-01,Quebec,Emigrants,1989.0
2016-01,Quebec,Returning emigrants,877.0
2016-01,Quebec,Net temporary emigration,1060.0
2016-01,Quebec,Net non-permanent residents,837.0
2016-01,Ontario,Immigrants,31730.0
2016-01,Ontario,Net emigration,7272.0
2016-01,Ontario,Emigrants,7018.0
2016-01,Ontario,Returning emigrants,2858.0
2016-01,Ontario,Net temporary emigration,3112.0
2016-01,Ontario,Net non-permanent residents,11582.0
2016-01,Manitoba,Immigrants,4376.0
2016-01,Manitoba,Net emigration,290.0
2016-01,Manitoba,Emigrants,390.0
2016-01,Manitoba,Returning emigrants,183.0
2016-01,Manitoba,Net temporary emigration,83.0
2016-01,Manitoba,Net non-permanent residents,635.0
2016-01,Saskatchewan,Immigrants,4110.0
2016-01,Saskatchewan,Net emigration,310.0
2016-01,Saskatchewan,Emigrants,289.0
2016-01,Saskatchewan,Returning emigrants,94.0
2016-01,Saskatchewan,Net temporary emigration,115.0
2016-01,Saskatchewan,Net non-permanent residents,-11.0
2016-01,Alberta,Immigrants,15373.0
2016-01,Alberta,Net emigration,1762.0
2016-01,Alberta,Emigrants,2004.0
2016-01,Alberta,Returning emigrants,766.0
2016-01,Alberta,Net temporary emigration,524.0
2016-01,Alberta,Net non-permanent residents,-3589.0
2016-01,British Columbia,Immigrants,11766.0
2016-01,British Columbia,Net emigration,3248.0
2016-01,British Columbia,Emigrants,3025.0
2016-01,British Columbia,Returning emigrants,1013.0
2016-01,British Columbia,Net temporary emigration,1236.0
2016-01,British Columbia,Net non-permanent residents,2477.0
2016-01,Yukon,Immigrants,65.0
2016-01,Yukon,Net emigration,16.0
2016-01,Yukon,Emigrants,9.0
2016-01,Yukon,Returning emigrants,0.0
2016-01,Yukon,Net temporary emigration,7.0
2016-01,Yukon,Net non-permanent residents,27.0
2016-01,Northwest Territories,Immigrants,50.0
2016-01,Northwest Territories,Net emigration,9.0
2016-01,Northwest Territories,Emigrants,2.0
2016-01,Northwest Territories,Returning emigrants,0.0
2016-01,Northwest Territories,Net temporary emigration,7.0
2016-01,Northwest Territories,Net non-permanent residents,-20.0
2016-01,Nunavut,Immigrants,13.0
2016-01,Nunavut,Net emigration,8.0
2016-01,Nunavut,Emigrants,1.0
2016-01,Nunavut,Returning emigrants,0.0
2016-01,Nunavut,Net temporary emigration,7.0
2016-01,Nunavut,Net non-permanent residents,-54.0
2016-04,Canada,Immigrants,88297.0
2016-04,Canada,Net emigration,8909.0
2016-04,Canada,Emigrants,13904.0
2016-04,Canada,Returning emigrants,11057.0
2016-04,Canada,Net temporary emigration,6062.0
2016-04,Canada,Net non-permanent residents,30357.0
2016-04,Newfoundland and Labrador,Immigrants,358.0
2016-04,Newfoundland and Labrador,Net emigration,77.0
2016-04,Newfoundland and Labrador,Emigrants,72.0
2016-04,Newfoundland and Labrador,Returning emigrants,27.0
2016-04,Newfoundland and Labrador,Net temporary emigration,32.0
2016-04,Newfoundland and Labrador,Net non-permanent residents,278.0
2016-04,Prince Edward Island,Immigrants,751.0
2016-04,Prince Edward Island,Net emigration,23.0
2016-04,Prince Edward Island,Emigrants,24.0
2016-04,Prince Edward Island,Returning emigrants,10.0
2016-04,Prince Edward Island,Net temporary emigration,9.0
2016-04,Prince Edward Island,Net non-permanent residents,420.0
2016-04,Nova Scotia,Immigrants,1622.0
2016-04,Nova Scotia,Net emigration,108.0
2016-04,Nova Scotia,Emigrants,233.0
2016-04,Nova Scotia,Returning emigrants,181.0
2016-04,Nova Scotia,Net temporary emigration,56.0
2016-04,Nova Scotia,Net non-permanent residents,540.0
2016-04,New Brunswick,Immigrants,1061.0
2016-04,New Brunswick,Net emigration,76.0
2016-04,New Brunswick,Emigrants,110.0
2016-04,New Brunswick,Returning emigrants,80.0
2016-04,New Brunswick,Net temporary emigration,46.0
2016-04,New Brunswick,Net non-permanent residents,577.0
2016-04,Quebec,Immigrants,15166.0
2016-04,Quebec,Net emigration,1573.0
2016-04,Quebec,Emigrants,2182.0
2016-04,Quebec,Returning emigrants,1629.0
2016-04,Quebec,Net temporary emigration,1020.0
2016-04,Quebec,Net non-permanent residents,8356.0
2016-04,Ontario,Immigrants,32250.0
2016-04,Ontario,Net emigration,3666.0
2016-04,Ontario,Emigrants,5981.0
2016-04,Ontario,Returning emigrants,5309.0
2016-04,Ontario,Net temporary emigration,2994.0
2016-04,Ontario,Net non-permanent residents,15968.0
2016-04,Manitoba,Immigrants,5284.0
2016-04,Manitoba,Net emigration,104.0
2016-04,Manitoba,Emigrants,364.0
2016-04,Manitoba,Returning emigrants,340.0
2016-04,Manitoba,Net temporary emigration,80.0
2016-04,Manitoba,Net non-permanent residents,1279.0
2016-04,Saskatchewan,Immigrants,4523.0
2016-04,Saskatchewan,Net emigration,157.0
2016-04,Saskatchewan,Emigrants,222.0
2016-04,Saskatchewan,Returning emigrants,176.0
2016-04,Saskatchewan,Net temporary emigration,111.0
2016-04,Saskatchewan,Net non-permanent residents,211.0
2016-04,Alberta,Immigrants,15435.0
2016-04,Alberta,Net emigration,1068.0
2016-04,Alberta,Emigrants,1987.0
2016-04,Alberta,Returning emigrants,1423.0
2016-04,Alberta,Net temporary emigration,504.0
2016-04,Alberta,Net non-permanent residents,-2960.0
2016-04,British Columbia,Immigrants,11729.0
2016-04,British Columbia,Net emigration,2023.0
2016-04,British Columbia,Emigrants,2713.0
2016-04,British Columbia,Returning emigrants,1881.0
2016-04,British Columbia,Net temporary emigration,1191.0
2016-04,British Columbia,Net non-permanent residents,5514.0
2016-04,Yukon,Immigrants,50.0
2016-04,Yukon,Net emigration,17.0
2016-04,Yukon,Emigrants,12.0
2016-04,Yukon,Returning emigrants,1.0
2016-04,Yukon,Net temporary emigration,6.0
2016-04,Yukon,Net non-permanent residents,125.0
2016-04,Northwest Territories,Immigrants,57.0
2016-04,Northwest Territories,Net emigration,11.0
2016-04,Northwest Territories,Emigrants,4.0
2016-04,Northwest Territories,Returning emigrants,0.0
2016-04,Northwest Territories,Net temporary emigration,7.0
2016-04,Northwest Territories,Net non-permanent residents,22.0
2016-04,Nunavut,Immigrants,11.0
2016-04,Nunavut,Net emigration,6.0
2016-04,Nunavut,Emigrants,0.0
2016-04,Nunavut,Returning emigrants,0.0
2016-04,Nunavut,Net temporary emigration,6.0
2016-04,Nunavut,Net non-permanent residents,27.0
2016-07,Canada,Immigrants,68231.0
2016-07,Canada,Net emigration,16648.0
2016-07,Canada,Emigrants,41778.0
2016-07,Canada,Returning emigrants,25130.0
2016-07,Canada,Net non-permanent residents,53175.0
2016-07,Newfoundland and Labrador,Immigrants,262.0
2016-07,Newfoundland and Labrador,Net emigration,143.0
2016-07,Newfoundland and Labrador,Emigrants,260.0
2016-07,Newfoundland and Labrador,Returning emigrants,117.0
2016-07,Newfoundland and Labrador,Net non-permanent residents,732.0
2016-07,Prince Edward Island,Immigrants,694.0
2016-07,Prince Edward Island,Net emigration,63.0
2016-07,Prince Edward Island,Emigrants,126.0
2016-07,Prince Edward Island,Returning emigrants,63.0
2016-07,Prince Edward Island,Net non-permanent residents,389.0
2016-07,Nova Scotia,Immigrants,1127.0
2016-07,Nova Scotia,Net emigration,279.0
2016-07,Nova Scotia,Emigrants,749.0
2016-07,Nova Scotia,Returning emigrants,470.0
2016-07,Nova Scotia,Net non-permanent residents,1711.0
2016-07,New Brunswick,Immigrants,971.0
2016-07,New Brunswick,Net emigration,99.0
2016-07,New Brunswick,Emigrants,292.0
2016-07,New Brunswick,Returning emigrants,193.0
2016-07,New Brunswick,Net non-permanent residents,468.0
2016-07,Quebec,Immigrants,14704.0
2016-07,Quebec,Net emigration,2825.0
2016-07,Quebec,Emigrants,6640.0
2016-07,Quebec,Returning emigrants,3815.0
2016-07,Quebec,Net non-permanent residents,6177.0
2016-07,Ontario,Immigrants,24800.0
2016-07,Ontario,Net emigration,6698.0
2016-07,Ontario,Emigrants,19021.0
2016-07,Ontario,Returning emigrants,12323.0
2016-07,Ontario,Net non-permanent residents,29196.0
2016-07,Manitoba,Immigrants,4195.0
2016-07,Manitoba,Net emigration,342.0
2016-07,Manitoba,Emigrants,1086.0
2016-07,Manitoba,Returning emigrants,744.0
2016-07,Manitoba,Net non-permanent residents,1963.0
2016-07,Saskatchewan,Immigrants,3470.0
2016-07,Saskatchewan,Net emigration,205.0
2016-07,Saskatchewan,Emigrants,662.0
2016-07,Saskatchewan,Returning emigrants,457.0
2016-07,Saskatchewan,Net non-permanent residents,1191.0
2016-07,Alberta,Immigrants,10098.0
2016-07,Alberta,Net emigration,2573.0
2016-07,Alberta,Emigrants,5569.0
2016-07,Alberta,Returning emigrants,2996.0
2016-07,Alberta,Net non-permanent residents,-84.0
2016-07,British Columbia,Immigrants,7820.0
2016-07,British Columbia,Net emigration,3380.0
2016-07,British Columbia,Emigrants,7295.0
2016-07,British Columbia,Returning emigrants,3915.0
2016-07,British Columbia,Net non-permanent residents,11345.0
2016-07,Yukon,Immigrants,45.0
2016-07,Yukon,Net emigration,45.0
2016-07,Yukon,Emigrants,54.0
2016-07,Yukon,Returning emigrants,9.0
2016-07,Yukon,Net non-permanent residents,60.0
2016-07,Northwest Territories,Immigrants,35.0
2016-07,Northwest Territories,Net emigration,9.0
2016-07,Northwest Territories,Emigrants,20.0
2016-07,Northwest Territories,Returning emigrants,11.0
2016-07,Northwest Territories,Net non-permanent residents,40.0
2016-07,Nunavut,Immigrants,10.0
2016-07,Nunavut,Net emigration,-13.0
2016-07,Nunavut,Emigrants,4.0
2016-07,Nunavut,Returning emigrants,17.0
2016-07,Nunavut,Net non-permanent residents,-13.0
2016-10,Canada,Immigrants,53611.0
2016-10,Canada,Net emigration,15753.0
2016-10,Canada,Emigrants,26680.0
2016-10,Canada,Returning emigrants,10927.0
2016-10,Canada,Net non-permanent residents,-6749.0
2016-10,Newfoundland and Labrador,Immigrants,161.0
2016-10,Newfoundland and Labrador,Net emigration,64.0
2016-10,Newfoundland and Labrador,Emigrants,105.0
2016-10,Newfoundland and Labrador,Returning emigrants,41.0
2016-10,Newfoundland and Labrador,Net non-permanent residents,-289.0
2016-10,Prince Edward Island,Immigrants,308.0
2016-10,Prince Edward Island,Net emigration,23.0
2016-10,Prince Edward Island,Emigrants,46.0
2016-10,Prince Edward Island,Returning emigrants,23.0
2016-10,Prince Edward Island,Net non-permanent residents,-150.0
2016-10,Nova Scotia,Immigrants,890.0
2016-10,Nova Scotia,Net emigration,153.0
2016-10,Nova Scotia,Emigrants,327.0
2016-10,Nova Scotia,Returning emigrants,174.0
2016-10,Nova Scotia,Net non-permanent residents,-786.0
2016-10,New Brunswick,Immigrants,649.0
2016-10,New Brunswick,Net emigration,58.0
2016-10,New Brunswick,Emigrants,131.0
2016-10,New Brunswick,Returning emigrants,73.0
2016-10,New Brunswick,Net non-permanent residents,-345.0
2016-10,Quebec,Immigrants,9496.0
2016-10,Quebec,Net emigration,2386.0
2016-10,Quebec,Emigrants,4052.0
2016-10,Quebec,Returning emigrants,1666.0
2016-10,Quebec,Net non-permanent residents,-2530.0
2016-10,Ontario,Immigrants,21139.0
2016-10,Ontario,Net emigration,6184.0
2016-10,Ontario,Emigrants,11413.0
2016-10,Ontario,Returning emigrants,5229.0
2016-10,Ontario,Net non-permanent residents,-37.0
2016-10,Manitoba,Immigrants,2973.0
2016-10,Manitoba,Net emigration,461.0
2016-10,Manitoba,Emigrants,797.0
2016-10,Manitoba,Returning emigrants,336.0
2016-10,Manitoba,Net non-permanent residents,845.0
2016-10,Saskatchewan,Immigrants,2777.0
2016-10,Saskatchewan,Net emigration,170.0
2016-10,Saskatchewan,Emigrants,347.0
2016-10,Saskatchewan,Returning emigrants,177.0
2016-10,Saskatchewan,Net non-permanent residents,-274.0
2016-10,Alberta,Immigrants,8350.0
2016-10,Alberta,Net emigration,2064.0
2016-10,Alberta,Emigrants,3342.0
2016-10,Alberta,Returning emigrants,1278.0
2016-10,Alberta,Net non-permanent residents,-1681.0
2016-10,British Columbia,Immigrants,6774.0
2016-10,British Columbia,Net emigration,4159.0
2016-10,British Columbia,Emigrants,6075.0
2016-10,British Columbia,Returning emigrants,1916.0
2016-10,British Columbia,Net non-permanent residents,-1461.0
2016-10,Yukon,Immigrants,51.0
2016-10,Yukon,Net emigration,24.0
2016-10,Yukon,Emigrants,26.0
2016-10,Yukon,Returning emigrants,2.0
2016-10,Yukon,Net non-permanent residents,-33.0
2016-10,Northwest Territories,Immigrants,41.0
2016-10,Northwest Territories,Net emigration,11.0
2016-10,Northwest Territories,Emigrants,17.0
2016-10,Northwest Territories,Returning emigrants,6.0
2016-10,Northwest Territories,Net non-permanent residents,13.0
2016-10,Nunavut,Immigrants,2.0
2016-10,Nunavut,Net emigration,-4.0
2016-10,Nunavut,Emigrants,2.0
2016-10,Nunavut,Returning emigrants,6.0
2016-10,Nunavut,Net non-permanent residents,-21.0
2017-01,Canada,Immigrants,72837.0
2017-01,Canada,Net emigration,15964.0
2017-01,Canada,Emigrants,27115.0
2017-01,Canada,Returning emigrants,11151.0
2017-01,Canada,Net non-permanent residents,10350.0
2017-01,Newfoundland and Labrador,Immigrants,261.0
2017-01,Newfoundland and Labrador,Net emigration,48.0
2017-01,Newfoundland and Labrador,Emigrants,87.0
2017-01,Newfoundland and Labrador,Returning emigrants,39.0
2017-01,Newfoundland and Labrador,Net non-permanent residents,-145.0
2017-01,Prince Edward Island,Immigrants,607.0
2017-01,Prince Edward Island,Net emigration,19.0
2017-01,Prince Edward Island,Emigrants,40.0
2017-01,Prince Edward Island,Returning emigrants,21.0
2017-01,Prince Edward Island,Net non-permanent residents,-13.0
2017-01,Nova Scotia,Immigrants,1138.0
2017-01,Nova Scotia,Net emigration,95.0
2017-01,Nova Scotia,Emigrants,258.0
2017-01,Nova Scotia,Returning emigrants,163.0
2017-01,Nova Scotia,Net non-permanent residents,41.0
2017-01,New Brunswick,Immigrants,733.0
2017-01,New Brunswick,Net emigration,41.0
2017-01,New Brunswick,Emigrants,111.0
2017-01,New Brunswick,Returning emigrants,70.0
2017-01,New Brunswick,Net non-permanent residents,-238.0
2017-01,Quebec,Immigrants,12873.0
2017-01,Quebec,Net emigration,2053.0
2017-01,Quebec,Emigrants,3656.0
2017-01,Quebec,Returning emigrants,1603.0
2017-01,Quebec,Net non-permanent residents,3286.0
2017-01,Ontario,Immigrants,25301.0
2017-01,Ontario,Net emigration,6751.0
2017-01,Ontario,Emigrants,12215.0
2017-01,Ontario,Returning emigrants,5464.0
2017-01,Ontario,Net non-permanent residents,9956.0
2017-01,Manitoba,Immigrants,3885.0
2017-01,Manitoba,Net emigration,407.0
2017-01,Manitoba,Emigrants,735.0
2017-01,Manitoba,Returning emigrants,328.0
2017-01,Manitoba,Net non-permanent residents,478.0
2017-01,Saskatchewan,Immigrants,3826.0
2017-01,Saskatchewan,Net emigration,165.0
2017-01,Saskatchewan,Emigrants,343.0
2017-01,Saskatchewan,Returning emigrants,178.0
2017-01,Saskatchewan,Net non-permanent residents,-694.0
2017-01,Alberta,Immigrants,13387.0
2017-01,Alberta,Net emigration,2231.0
2017-01,Alberta,Emigrants,3567.0
2017-01,Alberta,Returning emigrants,1336.0
2017-01,Alberta,Net non-permanent residents,-4899.0
2017-01,British Columbia,Immigrants,10660.0
2017-01,British Columbia,Net emigration,4124.0
2017-01,British Columbia,Emigrants,6060.0
2017-01,British Columbia,Returning emigrants,1936.0
2017-01,British Columbia,Net non-permanent residents,2599.0
2017-01,Yukon,Immigrants,73.0
2017-01,Yukon,Net emigration,29.0
2017-01,Yukon,Emigrants,31.0
2017-01,Yukon,Returning emigrants,2.0
2017-01,Yukon,Net non-permanent residents,-20.0
2017-01,Northwest Territories,Immigrants,83.0
2017-01,Northwest Territories,Net emigration,5.0
2017-01,Northwest Territories,Emigrants,10.0
2017-01,Northwest Territories,Returning emigrants,5.0
2017-01,Northwest Territories,Net non-permanent residents,-5.0
2017-01,Nunavut,Immigrants,10.0
2017-01,Nunavut,Net emigration,-4.0
2017-01,Nunavut,Emigrants,2.0
2017-01,Nunavut,Returning emigrants,6.0
2017-01,Nunavut,Net non-permanent residents,4.0
2017-04,Canada,Immigrants,78015.0
2017-04,Canada,Net emigration,8115.0
2017-04,Canada,Emigrants,24391.0
2017-04,Canada,Returning emigrants,16276.0
2017-04,Canada,Net non-permanent residents,47000.0
2017-04,Newfoundland and Labrador,Immigrants,343.0
2017-04,Newfoundland and Labrador,Net emigration,56.0
2017-04,Newfoundland and Labrador,Emigrants,125.0
2017-04,Newfoundland and Labrador,Returning emigrants,69.0
2017-04,Newfoundland and Labrador,Net non-permanent residents,27.0
2017-04,Prince Edward Island,Immigrants,652.0
2017-04,Prince Edward Island,Net emigration,35.0
2017-04,Prince Edward Island,Emigrants,77.0
2017-04,Prince Edward Island,Returning emigrants,42.0
2017-04,Prince Edward Island,Net non-permanent residents,456.0
2017-04,Nova Scotia,Immigrants,1211.0
2017-04,Nova Scotia,Net emigration,51.0
2017-04,Nova Scotia,Emigrants,334.0
2017-04,Nova Scotia,Returning emigrants,283.0
2017-04,Nova Scotia,Net non-permanent residents,724.0
2017-04,New Brunswick,Immigrants,1106.0
2017-04,New Brunswick,Net emigration,45.0
2017-04,New Brunswick,Emigrants,169.0
2017-04,New Brunswick,Returning emigrants,124.0
2017-04,New Brunswick,Net non-permanent residents,582.0
2017-04,Quebec,Immigrants,16085.0
2017-04,Quebec,Net emigration,1651.0
2017-04,Quebec,Emigrants,4182.0
2017-04,Quebec,Returning emigrants,2531.0
2017-04,Quebec,Net non-permanent residents,12007.0
2017-04,Ontario,Immigrants,27280.0
2017-04,Ontario,Net emigration,2200.0
2017-04,Ontario,Emigrants,9960.0
2017-04,Ontario,Returning emigrants,7760.0
2017-04,Ontario,Net non-permanent residents,24597.0
2017-04,Manitoba,Immigrants,4505.0
2017-04,Manitoba,Net emigration,184.0
2017-04,Manitoba,Emigrants,681.0
2017-04,Manitoba,Returning emigrants,497.0
2017-04,Manitoba,Net non-permanent residents,1716.0
2017-04,Saskatchewan,Immigrants,4240.0
2017-04,Saskatchewan,Net emigration,79.0
2017-04,Saskatchewan,Emigrants,376.0
2017-04,Saskatchewan,Returning emigrants,297.0
2017-04,Saskatchewan,Net non-permanent residents,149.0
2017-04,Alberta,Immigrants,12291.0
2017-04,Alberta,Net emigration,1500.0
2017-04,Alberta,Emigrants,3487.0
2017-04,Alberta,Returning emigrants,1987.0
2017-04,Alberta,Net non-permanent residents,-1106.0
2017-04,British Columbia,Immigrants,10158.0
2017-04,British Columbia,Net emigration,2300.0
2017-04,British Columbia,Emigrants,4969.0
2017-04,British Columbia,Returning emigrants,2669.0
2017-04,British Columbia,Net non-permanent residents,7675.0
2017-04,Yukon,Immigrants,64.0
2017-04,Yukon,Net emigration,18.0
2017-04,Yukon,Emigrants,21.0
2017-04,Yukon,Returning emigrants,3.0
2017-04,Yukon,Net non-permanent residents,133.0
2017-04,Northwest Territories,Immigrants,66.0
2017-04,Northwest Territories,Net emigration,4.0
2017-04,Northwest Territories,Emigrants,10.0
2017-04,Northwest Territories,Returning emigrants,6.0
2017-04,Northwest Territories,Net non-permanent residents,31.0
2017-04,Nunavut,Immigrants,14.0
2017-04,Nunavut,Net emigration,-8.0
2017-04,Nunavut,Emigrants,0.0
2017-04,Nunavut,Returning emigrants,8.0
2017-04,Nunavut,Net non-permanent residents,9.0
2017-07,Canada,Immigrants,70134.0
2017-07,Canada,Net emigration,8878.0
2017-07,Canada,Emigrants,31704.0
2017-07,Canada,Returning emigrants,22826.0
2017-07,Canada,Net non-permanent residents,78277.0
2017-07,Newfoundland and Labrador,Immigrants,366.0
2017-07,Newfoundland and Labrador,Net emigration,23.0
2017-07,Newfoundland and Labrador,Emigrants,103.0
2017-07,Newfoundland and Labrador,Returning emigrants,80.0
2017-07,Newfoundland and Labrador,Net non-permanent residents,579.0
2017-07,Prince Edward Island,Immigrants,628.0
2017-07,Prince Edward Island,Net emigration,-12.0
2017-07,Prince Edward Island,Emigrants,36.0
2017-07,Prince Edward Island,Returning emigrants,48.0
2017-07,Prince Edward Island,Net non-permanent residents,429.0
2017-07,Nova Scotia,Immigrants,1155.0
2017-07,Nova Scotia,Net emigration,339.0
2017-07,Nova Scotia,Emigrants,739.0
2017-07,Nova Scotia,Returning emigrants,400.0
2017-07,Nova Scotia,Net non-permanent residents,1664.0
2017-07,New Brunswick,Immigrants,1096.0
2017-07,New Brunswick,Net emigration,116.0
2017-07,New Brunswick,Emigrants,375.0
2017-07,New Brunswick,Returning emigrants,259.0
2017-07,New Brunswick,Net non-permanent residents,576.0
2017-07,Quebec,Immigrants,13854.0
2017-07,Quebec,Net emigration,1492.0
2017-07,Quebec,Emigrants,4748.0
2017-07,Quebec,Returning emigrants,3256.0
2017-07,Quebec,Net non-permanent residents,17203.0
2017-07,Ontario,Immigrants,28067.0
2017-07,Ontario,Net emigration,2435.0
2017-07,Ontario,Emigrants,13726.0
2017-07,Ontario,Returning emigrants,11291.0
2017-07,Ontario,Net non-permanent residents,36892.0
2017-07,Manitoba,Immigrants,3762.0
2017-07,Manitoba,Net emigration,330.0
2017-07,Manitoba,Emigrants,948.0
2017-07,Manitoba,Returning emigrants,618.0
2017-07,Manitoba,Net non-permanent residents,2115.0
2017-07,Saskatchewan,Immigrants,3970.0
2017-07,Saskatchewan,Net emigration,151.0
2017-07,Saskatchewan,Emigrants,521.0
2017-07,Saskatchewan,Returning emigrants,370.0
2017-07,Saskatchewan,Net non-permanent residents,910.0
2017-07,Alberta,Immigrants,8449.0
2017-07,Alberta,Net emigration,1712.0
2017-07,Alberta,Emigrants,4633.0
2017-07,Alberta,Returning emigrants,2921.0
2017-07,Alberta,Net non-permanent residents,2771.0
2017-07,British Columbia,Immigrants,8698.0
2017-07,British Columbia,Net emigration,2271.0
2017-07,British Columbia,Emigrants,5840.0
2017-07,British Columbia,Returning emigrants,3569.0
2017-07,British Columbia,Net non-permanent residents,15002.0
2017-07,Yukon,Immigrants,49.0
2017-07,Yukon,Net emigration,14.0
2017-07,Yukon,Emigrants,14.0
2017-07,Yukon,Returning emigrants,0.0
2017-07,Yukon,Net non-permanent residents,75.0
2017-07,Northwest Territories,Immigrants,39.0
2017-07,Northwest Territories,Net emigration,7.0
2017-07,Northwest Territories,Emigrants,21.0
2017-07,Northwest Territories,Returning emigrants,14.0
2017-07,Northwest Territories,Net non-permanent residents,26.0
2017-07,Nunavut,Immigrants,1.0
2017-07,Nunavut,Net emigration,0.0
2017-07,Nunavut,Emigrants,0.0
2017-07,Nunavut,Returning emigrants,0.0
2017-07,Nunavut,Net non-permanent residents,35.0
2017-10,Canada,Immigrants,65551.0
2017-10,Canada,Net emigration,10875.0
2017-10,Canada,Emigrants,20803.0
2017-10,Canada,Returning emigrants,9928.0
2017-10,Canada,Net non-permanent residents,2407.0
2017-10,Newfoundland and Labrador,Immigrants,213.0
2017-10,Newfoundland and Labrador,Net emigration,27.0
2017-10,Newfoundland and Labrador,Emigrants,59.0
2017-10,Newfoundland and Labrador,Returning emigrants,32.0
2017-10,Newfoundland and Labrador,Net non-permanent residents,-323.0
2017-10,Prince Edward Island,Immigrants,456.0
2017-10,Prince Edward Island,Net emigration,2.0
2017-10,Prince Edward Island,Emigrants,23.0
2017-10,Prince Edward Island,Returning emigrants,21.0
2017-10,Prince Edward Island,Net non-permanent residents,-174.0
2017-10,Nova Scotia,Immigrants,1012.0
2017-10,Nova Scotia,Net emigration,195.0
2017-10,Nova Scotia,Emigrants,358.0
2017-10,Nova Scotia,Returning emigrants,163.0
2017-10,Nova Scotia,Net non-permanent residents,-729.0
2017-10,New Brunswick,Immigrants,725.0
2017-10,New Brunswick,Net emigration,80.0
2017-10,New Brunswick,Emigrants,183.0
2017-10,New Brunswick,Returning emigrants,103.0
2017-10,New Brunswick,Net non-permanent residents,-397.0
2017-10,Quebec,Immigrants,9569.0
2017-10,Quebec,Net emigration,1439.0
2017-10,Quebec,Emigrants,2831.0
2017-10,Quebec,Returning emigrants,1392.0
2017-10,Quebec,Net non-permanent residents,3436.0
2017-10,Ontario,Immigrants,31393.0
2017-10,Ontario,Net emigration,3786.0
2017-10,Ontario,Emigrants,8576.0
2017-10,Ontario,Returning emigrants,4790.0
2017-10,Ontario,Net non-permanent residents,-1213.0
2017-10,Manitoba,Immigrants,2487.0
2017-10,Manitoba,Net emigration,518.0
2017-10,Manitoba,Emigrants,834.0
2017-10,Manitoba,Returning emigrants,316.0
2017-10,Manitoba,Net non-permanent residents,1604.0
2017-10,Saskatchewan,Immigrants,2650.0
2017-10,Saskatchewan,Net emigration,185.0
2017-10,Saskatchewan,Emigrants,345.0
2017-10,Saskatchewan,Returning emigrants,160.0
2017-10,Saskatchewan,Net non-permanent residents,-299.0
2017-10,Alberta,Immigrants,7993.0
2017-10,Alberta,Net emigration,1264.0
2017-10,Alberta,Emigrants,2444.0
2017-10,Alberta,Returning emigrants,1180.0
2017-10,Alberta,Net non-permanent residents,-1084.0
2017-10,British Columbia,Immigrants,8949.0
2017-10,British Columbia,Net emigration,3367.0
2017-10,British Columbia,Emigrants,5132.0
2017-10,British Columbia,Returning emigrants,1765.0
2017-10,British Columbia,Net non-permanent residents,1564.0
2017-10,Yukon,Immigrants,39.0
2017-10,Yukon,Net emigration,10.0
2017-10,Yukon,Emigrants,10.0
2017-10,Yukon,Returning emigrants,0.0
2017-10,Yukon,Net non-permanent residents,64.0
2017-10,Northwest Territories,Immigrants,50.0
2017-10,Northwest Territories,Net emigration,2.0
2017-10,Northwest Territories,Emigrants,8.0
2017-10,Northwest Territories,Returning emigrants,6.0
2017-10,Northwest Territories,Net non-permanent residents,-24.0
2017-10,Nunavut,Immigrants,15.0
2017-10,Nunavut,Net emigration,0.0
2017-10,Nunavut,Emigrants,0.0
2017-10,Nunavut,Returning emigrants,0.0
2017-10,Nunavut,Net non-permanent residents,-18.0
2018-01,Canada,Immigrants,80007.0
2018-01,Canada,Net emigration,13487.0
2018-01,Canada,Emigrants,23635.0
2018-01,Canada,Returning emigrants,10148.0
2018-01,Canada,Net non-permanent residents,22568.0
2018-01,Newfoundland and Labrador,Immigrants,296.0
2018-01,Newfoundland and Labrador,Net emigration,33.0
2018-01,Newfoundland and Labrador,Emigrants,64.0
2018-01,Newfoundland and Labrador,Returning emigrants,31.0
2018-01,Newfoundland and Labrador,Net non-permanent residents,-155.0
2018-01,Prince Edward Island,Immigrants,480.0
2018-01,Prince Edward Island,Net emigration,3.0
2018-01,Prince Edward Island,Emigrants,21.0
2018-01,Prince Edward Island,Returning emigrants,18.0
2018-01,Prince Edward Island,Net non-permanent residents,139.0
2018-01,Nova Scotia,Immigrants,1348.0
2018-01,Nova Scotia,Net emigration,280.0
2018-01,Nova Scotia,Emigrants,460.0
2018-01,Nova Scotia,Returning emigrants,180.0
2018-01,Nova Scotia,Net non-permanent residents,-2.0
2018-01,New Brunswick,Immigrants,1162.0
2018-01,New Brunswick,Net emigration,109.0
2018-01,New Brunswick,Emigrants,218.0
2018-01,New Brunswick,Returning emigrants,109.0
2018-01,New Brunswick,Net non-permanent residents,-346.0
2018-01,Quebec,Immigrants,11035.0
2018-01,Quebec,Net emigration,1614.0
2018-01,Quebec,Emigrants,2984.0
2018-01,Quebec,Returning emigrants,1370.0
2018-01,Quebec,Net non-permanent residents,8295.0
2018-01,Ontario,Immigrants,35253.0
2018-01,Ontario,Net emigration,6079.0
2018-01,Ontario,Emigrants,11244.0
2018-01,Ontario,Returning emigrants,5165.0
2018-01,Ontario,Net non-permanent residents,13999.0
2018-01,Manitoba,Immigrants,3429.0
2018-01,Manitoba,Net emigration,249.0
2018-01,Manitoba,Emigrants,486.0
2018-01,Manitoba,Returning emigrants,237.0
2018-01,Manitoba,Net non-permanent residents,5.0
2018-01,Saskatchewan,Immigrants,3992.0
2018-01,Saskatchewan,Net emigration,219.0
2018-01,Saskatchewan,Emigrants,381.0
2018-01,Saskatchewan,Returning emigrants,162.0
2018-01,Saskatchewan,Net non-permanent residents,-1019.0
2018-01,Alberta,Immigrants,10619.0
2018-01,Alberta,Net emigration,1564.0
2018-01,Alberta,Emigrants,2751.0
2018-01,Alberta,Returning emigrants,1187.0
2018-01,Alberta,Net non-permanent residents,-2025.0
2018-01,British Columbia,Immigrants,12187.0
2018-01,British Columbia,Net emigration,3324.0
2018-01,British Columbia,Emigrants,5006.0
2018-01,British Columbia,Returning emigrants,1682.0
2018-01,British Columbia,Net non-permanent residents,3752.0
2018-01,Yukon,Immigrants,94.0
2018-01,Yukon,Net emigration,10.0
2018-01,Yukon,Emigrants,10.0
2018-01,Yukon,Returning emigrants,0.0
2018-01,Yukon,Net non-permanent residents,-24.0
2018-01,Northwest Territories,Immigrants,103.0
2018-01,Northwest Territories,Net emigration,3.0
2018-01,Northwest Territories,Emigrants,10.0
2018-01,Northwest Territories,Returning emigrants,7.0
2018-01,Northwest Territories,Net non-permanent residents,-31.0
2018-01,Nunavut,Immigrants,9.0
2018-01,Nunavut,Net emigration,0.0
2018-01,Nunavut,Emigrants,0.0
2018-01,Nunavut,Returning emigrants,0.0
2018-01,Nunavut,Net non-permanent residents,-20.0
2018-04,Canada,Immigrants,87677.0
2018-04,Canada,Net emigration,6625.0
2018-04,Canada,Emigrants,22129.0
2018-04,Canada,Returning emigrants,15504.0
2018-04,Canada,Net non-permanent residents,59321.0
2018-04,Newfoundland and Labrador,Immigrants,406.0
2018-04,Newfoundland and Labrador,Net emigration,19.0
2018-04,Newfoundland and Labrador,Emigrants,72.0
2018-04,Newfoundland and Labrador,Returning emigrants,53.0
2018-04,Newfoundland and Labrador,Net non-permanent residents,-43.0
2018-04,Prince Edward Island,Immigrants,525.0
2018-04,Prince Edward Island,Net emigration,-9.0
2018-04,Prince Edward Island,Emigrants,25.0
2018-04,Prince Edward Island,Returning emigrants,34.0
2018-04,Prince Edward Island,Net non-permanent residents,430.0
2018-04,Nova Scotia,Immigrants,1632.0
2018-04,Nova Scotia,Net emigration,216.0
2018-04,Nova Scotia,Emigrants,481.0
2018-04,Nova Scotia,Returning emigrants,265.0
2018-04,Nova Scotia,Net non-permanent residents,1382.0
2018-04,New Brunswick,Immigrants,1133.0
2018-04,New Brunswick,Net emigration,74.0
2018-04,New Brunswick,Emigrants,246.0
2018-04,New Brunswick,Returning emigrants,172.0
2018-04,New Brunswick,Net non-permanent residents,874.0
2018-04,Quebec,Immigrants,13450.0
2018-04,Quebec,Net emigration,1108.0
2018-04,Quebec,Emigrants,3326.0
2018-04,Quebec,Returning emigrants,2218.0
2018-04,Quebec,Net non-permanent residents,19239.0
2018-04,Ontario,Immigrants,37798.0
2018-04,Ontario,Net emigration,1857.0
2018-04,Ontario,Emigrants,9513.0
2018-04,Ontario,Returning emigrants,7656.0
2018-04,Ontario,Net non-permanent residents,26872.0
2018-04,Manitoba,Immigrants,4494.0
2018-04,Manitoba,Net emigration,240.0
2018-04,Manitoba,Emigrants,661.0
2018-04,Manitoba,Returning emigrants,421.0
2018-04,Manitoba,Net non-permanent residents,1731.0
2018-04,Saskatchewan,Immigrants,4387.0
2018-04,Saskatchewan,Net emigration,118.0
2018-04,Saskatchewan,Emigrants,371.0
2018-04,Saskatchewan,Returning emigrants,253.0
2018-04,Saskatchewan,Net non-permanent residents,78.0
2018-04,Alberta,Immigrants,11636.0
2018-04,Alberta,Net emigration,1034.0
2018-04,Alberta,Emigrants,2973.0
2018-04,Alberta,Returning emigrants,1939.0
2018-04,Alberta,Net non-permanent residents,-767.0
2018-04,British Columbia,Immigrants,12066.0
2018-04,British Columbia,Net emigration,1956.0
2018-04,British Columbia,Emigrants,4441.0
2018-04,British Columbia,Returning emigrants,2485.0
2018-04,British Columbia,Net non-permanent residents,9441.0
2018-04,Yukon,Immigrants,81.0
2018-04,Yukon,Net emigration,12.0
2018-04,Yukon,Emigrants,12.0
2018-04,Yukon,Returning emigrants,0.0
2018-04,Yukon,Net non-permanent residents,143.0
2018-04,Northwest Territories,Immigrants,63.0
2018-04,Northwest Territories,Net emigration,0.0
2018-04,Northwest Territories,Emigrants,8.0
2018-04,Northwest Territories,Returning emigrants,8.0
2018-04,Northwest Territories,Net non-permanent residents,-58.0
2018-04,Nunavut,Immigrants,6.0
2018-04,Nunavut,Net emigration,0.0
2018-04,Nunavut,Emigrants,0.0
2018-04,Nunavut,Returning emigrants,0.0
2018-04,Nunavut,Net non-permanent residents,-1.0
2018-07,Canada,Immigrants,82292.0
2018-07,Canada,Net emigration,7025.0
2018-07,Canada,Emigrants,30291.0
2018-07,Canada,Returning emigrants,23266.0
2018-07,Canada,Net non-permanent residents,76425.0
2018-07,Newfoundland and Labrador,Immigrants,482.0
2018-07,Newfoundland and Labrador,Net emigration,34.0
2018-07,Newfoundland and Labrador,Emigrants,115.0
2018-07,Newfoundland and Labrador,Returning emigrants,81.0
2018-07,Newfoundland and Labrador,Net non-permanent residents,376.0
2018-07,Prince Edward Island,Immigrants,685.0
2018-07,Prince Edward Island,Net emigration,-22.0
2018-07,Prince Edward Island,Emigrants,74.0
2018-07,Prince Edward Island,Returning emigrants,96.0
2018-07,Prince Edward Island,Net non-permanent residents,934.0
2018-07,Nova Scotia,Immigrants,1703.0
2018-07,Nova Scotia,Net emigration,104.0
2018-07,Nova Scotia,Emigrants,411.0
2018-07,Nova Scotia,Returning emigrants,307.0
2018-07,Nova Scotia,Net non-permanent residents,2465.0
2018-07,New Brunswick,Immigrants,1333.0
2018-07,New Brunswick,Net emigration,36.0
2018-07,New Brunswick,Emigrants,216.0
2018-07,New Brunswick,Returning emigrants,180.0
2018-07,New Brunswick,Net non-permanent residents,1095.0
2018-07,Quebec,Immigrants,15348.0
2018-07,Quebec,Net emigration,1146.0
2018-07,Quebec,Emigrants,4664.0
2018-07,Quebec,Returning emigrants,3518.0
2018-07,Quebec,Net non-permanent residents,14429.0
2018-07,Ontario,Immigrants,33247.0
2018-07,Ontario,Net emigration,2256.0
2018-07,Ontario,Emigrants,13590.0
2018-07,Ontario,Returning emigrants,11334.0
2018-07,Ontario,Net non-permanent residents,35460.0
2018-07,Manitoba,Immigrants,3886.0
2018-07,Manitoba,Net emigration,120.0
2018-07,Manitoba,Emigrants,895.0
2018-07,Manitoba,Returning emigrants,775.0
2018-07,Manitoba,Net non-permanent residents,1585.0
2018-07,Saskatchewan,Immigrants,4231.0
2018-07,Saskatchewan,Net emigration,205.0
2018-07,Saskatchewan,Emigrants,624.0
2018-07,Saskatchewan,Returning emigrants,419.0
2018-07,Saskatchewan,Net non-permanent residents,1140.0
2018-07,Alberta,Immigrants,10392.0
2018-07,Alberta,Net emigration,1140.0
2018-07,Alberta,Emigrants,4075.0
2018-07,Alberta,Returning emigrants,2935.0
2018-07,Alberta,Net non-permanent residents,2280.0
2018-07,British Columbia,Immigrants,10859.0
2018-07,British Columbia,Net emigration,1993.0
2018-07,British Columbia,Emigrants,5599.0
2018-07,British Columbia,Returning emigrants,3606.0
2018-07,British Columbia,Net non-permanent residents,16608.0
2018-07,Yukon,Immigrants,66.0
2018-07,Yukon,Net emigration,18.0
2018-07,Yukon,Emigrants,26.0
2018-07,Yukon,Returning emigrants,8.0
2018-07,Yukon,Net non-permanent residents,43.0
2018-07,Northwest Territories,Immigrants,56.0
2018-07,Northwest Territories,Net emigration,-5.0
2018-07,Northwest Territories,Emigrants,2.0
2018-07,Northwest Territories,Returning emigrants,7.0
2018-07,Northwest Territories,Net non-permanent residents,-16.0
2018-07,Nunavut,Immigrants,4.0
2018-07,Nunavut,Net emigration,0.0
2018-07,Nunavut,Emigrants,0.0
2018-07,Nunavut,Returning emigrants,0.0
2018-07,Nunavut,Net non-permanent residents,26.0
2018-10,Canada,Immigrants,71078.0
2018-10,Canada,Net emigration,10778.0
2018-10,Canada,Emigrants,20980.0
2018-10,Canada,Returning emigrants,10202.0
2018-10,Canada,Net non-permanent residents,-3397.0
2018-10,Newfoundland and Labrador,Immigrants,343.0
2018-10,Newfoundland and Labrador,Net emigration,44.0
2018-10,Newfoundland and Labrador,Emigrants,81.0
2018-10,Newfoundland and Labrador,Returning emigrants,37.0
2018-10,Newfoundland and Labrador,Net non-permanent residents,-116.0
2018-10,Prince Edward Island,Immigrants,437.0
2018-10,Prince Edward Island,Net emigration,17.0
2018-10,Prince Edward Island,Emigrants,61.0
2018-10,Prince Edward Island,Returning emigrants,44.0
2018-10,Prince Edward Island,Net non-permanent residents,-328.0
2018-10,Nova Scotia,Immigrants,1300.0
2018-10,Nova Scotia,Net emigration,131.0
2018-10,Nova Scotia,Emigrants,265.0
2018-10,Nova Scotia,Returning emigrants,134.0
2018-10,Nova Scotia,Net non-permanent residents,-657.0
2018-10,New Brunswick,Immigrants,981.0
2018-10,New Brunswick,Net emigration,71.0
2018-10,New Brunswick,Emigrants,153.0
2018-10,New Brunswick,Returning emigrants,82.0
2018-10,New Brunswick,Net non-permanent residents,-340.0
2018-10,Quebec,Immigrants,11291.0
2018-10,Quebec,Net emigration,1529.0
2018-10,Quebec,Emigrants,3062.0
2018-10,Quebec,Returning emigrants,1533.0
2018-10,Quebec,Net non-permanent residents,1610.0
2018-10,Ontario,Immigrants,31171.0
2018-10,Ontario,Net emigration,4208.0
2018-10,Ontario,Emigrants,9117.0
2018-10,Ontario,Returning emigrants,4909.0
2018-10,Ontario,Net non-permanent residents,-1544.0
2018-10,Manitoba,Immigrants,3416.0
2018-10,Manitoba,Net emigration,276.0
2018-10,Manitoba,Emigrants,605.0
2018-10,Manitoba,Returning emigrants,329.0
2018-10,Manitoba,Net non-permanent residents,716.0
2018-10,Saskatchewan,Immigrants,2898.0
2018-10,Saskatchewan,Net emigration,202.0
2018-10,Saskatchewan,Emigrants,377.0
2018-10,Saskatchewan,Returning emigrants,175.0
2018-10,Saskatchewan,Net non-permanent residents,139.0
2018-10,Alberta,Immigrants,9367.0
2018-10,Alberta,Net emigration,1403.0
2018-10,Alberta,Emigrants,2659.0
2018-10,Alberta,Returning emigrants,1256.0
2018-10,Alberta,Net non-permanent residents,-1049.0
2018-10,British Columbia,Immigrants,9742.0
2018-10,British Columbia,Net emigration,2893.0
2018-10,British Columbia,Emigrants,4590.0
2018-10,British Columbia,Returning emigrants,1697.0
2018-10,British Columbia,Net non-permanent residents,-1774.0
2018-10,Yukon,Immigrants,66.0
2018-10,Yukon,Net emigration,7.0
2018-10,Yukon,Emigrants,10.0
2018-10,Yukon,Returning emigrants,3.0
2018-10,Yukon,Net non-permanent residents,-45.0
2018-10,Northwest Territories,Immigrants,57.0
2018-10,Northwest Territories,Net emigration,-3.0
2018-10,Northwest Territories,Emigrants,0.0
2018-10,Northwest Territories,Returning emigrants,3.0
2018-10,Northwest Territories,Net non-permanent residents,0.0
2018-10,Nunavut,Immigrants,9.0
2018-10,Nunavut,Net emigration,0.0
2018-10,Nunavut,Emigrants,0.0
2018-10,Nunavut,Returning emigrants,0.0
2018-10,Nunavut,Net non-permanent residents,-9.0
2019-01,Canada,Immigrants,65953.0
2019-01,Canada,Net emigration,11957.0
2019-01,Canada,Emigrants,21331.0
2019-01,Canada,Returning emigrants,9374.0
2019-01,Canada,Net non-permanent residents,30543.0
2019-01,Newfoundland and Labrador,Immigrants,276.0
2019-01,Newfoundland and Labrador,Net emigration,57.0
2019-01,Newfoundland and Labrador,Emigrants,91.0
2019-01,Newfoundland and Labrador,Returning emigrants,34.0
2019-01,Newfoundland and Labrador,Net non-permanent residents,75.0
2019-01,Prince Edward Island,Immigrants,544.0
2019-01,Prince Edward Island,Net emigration,20.0
2019-01,Prince Edward Island,Emigrants,59.0
2019-01,Prince Edward Island,Returning emigrants,39.0
2019-01,Prince Edward Island,Net non-permanent residents,37.0
2019-01,Nova Scotia,Immigrants,1270.0
2019-01,Nova Scotia,Net emigration,159.0
2019-01,Nova Scotia,Emigrants,287.0
2019-01,Nova Scotia,Returning emigrants,128.0
2019-01,Nova Scotia,Net non-permanent residents,586.0
2019-01,New Brunswick,Immigrants,1055.0
2019-01,New Brunswick,Net emigration,77.0
2019-01,New Brunswick,Emigrants,152.0
2019-01,New Brunswick,Returning emigrants,75.0
2019-01,New Brunswick,Net non-permanent residents,26.0
2019-01,Quebec,Immigrants,8047.0
2019-01,Quebec,Net emigration,1437.0
2019-01,Quebec,Emigrants,2774.0
2019-01,Quebec,Returning emigrants,1337.0
2019-01,Quebec,Net non-permanent residents,11124.0
2019-01,Ontario,Immigrants,31160.0
2019-01,Ontario,Net emigration,5329.0
2019-01,Ontario,Emigrants,9976.0
2019-01,Ontario,Returning emigrants,4647.0
2019-01,Ontario,Net non-permanent residents,10330.0
2019-01,Manitoba,Immigrants,3232.0
2019-01,Manitoba,Net emigration,212.0
2019-01,Manitoba,Emigrants,485.0
2019-01,Manitoba,Returning emigrants,273.0
2019-01,Manitoba,Net non-permanent residents,56.0
2019-01,Saskatchewan,Immigrants,2854.0
2019-01,Saskatchewan,Net emigration,278.0
2019-01,Saskatchewan,Emigrants,451.0
2019-01,Saskatchewan,Returning emigrants,173.0
2019-01,Saskatchewan,Net non-permanent residents,-224.0
2019-01,Alberta,Immigrants,8545.0
2019-01,Alberta,Net emigration,1619.0
2019-01,Alberta,Emigrants,2778.0
2019-01,Alberta,Returning emigrants,1159.0
2019-01,Alberta,Net non-permanent residents,503.0
2019-01,British Columbia,Immigrants,8846.0
2019-01,British Columbia,Net emigration,2758.0
2019-01,British Columbia,Emigrants,4259.0
2019-01,British Columbia,Returning emigrants,1501.0
2019-01,British Columbia,Net non-permanent residents,8072.0
2019-01,Yukon,Immigrants,63.0
2019-01,Yukon,Net emigration,13.0
2019-01,Yukon,Emigrants,17.0
2019-01,Yukon,Returning emigrants,4.0
2019-01,Yukon,Net non-permanent residents,-55.0
2019-01,Northwest Territories,Immigrants,55.0
2019-01,Northwest Territories,Net emigration,-2.0
2019-01,Northwest Territories,Emigrants,2.0
2019-01,Northwest Territories,Returning emigrants,4.0
2019-01,Northwest Territories,Net non-permanent residents,11.0
2019-01,Nunavut,Immigrants,6.0
2019-01,Nunavut,Net emigration,0.0
2019-01,Nunavut,Emigrants,0.0
2019-01,Nunavut,Returning emigrants,0.0
2019-01,Nunavut,Net non-permanent residents,2.0
2019-04,Canada,Immigrants,94280.0
2019-04,Canada,Net emigration,5206.0
2019-04,Canada,Emigrants,19602.0
2019-04,Canada,Returning emigrants,14396.0
2019-04,Canada,Net non-permanent residents,65262.0
2019-04,Newfoundland and Labrador,Immigrants,548.0
2019-04,Newfoundland and Labrador,Net emigration,21.0
2019-04,Newfoundland and Labrador,Emigrants,70.0
2019-04,Newfoundland and Labrador,Returning emigrants,49.0
2019-04,Newfoundland and Labrador,Net non-permanent residents,18.0
2019-04,Prince Edward Island,Immigrants,601.0
2019-04,Prince Edward Island,Net emigration,-3.0
2019-04,Prince Edward Island,Emigrants,59.0
2019-04,Prince Edward Island,Returning emigrants,62.0
2019-04,Prince Edward Island,Net non-permanent residents,509.0
2019-04,Nova Scotia,Immigrants,2125.0
2019-04,Nova Scotia,Net emigration,57.0
2019-04,Nova Scotia,Emigrants,243.0
2019-04,Nova Scotia,Returning emigrants,186.0
2019-04,Nova Scotia,Net non-permanent residents,1574.0
2019-04,New Brunswick,Immigrants,1707.0
2019-04,New Brunswick,Net emigration,24.0
2019-04,New Brunswick,Emigrants,133.0
2019-04,New Brunswick,Returning emigrants,109.0
2019-04,New Brunswick,Net non-permanent residents,775.0
2019-04,Quebec,Immigrants,10176.0
2019-04,Quebec,Net emigration,800.0
2019-04,Quebec,Emigrants,2971.0
2019-04,Quebec,Returning emigrants,2171.0
2019-04,Quebec,Net non-permanent residents,23709.0
2019-04,Ontario,Immigrants,43530.0
2019-04,Ontario,Net emigration,1709.0
2019-04,Ontario,Emigrants,8703.0
2019-04,Ontario,Returning emigrants,6994.0
2019-04,Ontario,Net non-permanent residents,27010.0
2019-04,Manitoba,Immigrants,5377.0
2019-04,Manitoba,Net emigration,120.0
2019-04,Manitoba,Emigrants,605.0
2019-04,Manitoba,Returning emigrants,485.0
2019-04,Manitoba,Net non-permanent residents,674.0
2019-04,Saskatchewan,Immigrants,3932.0
2019-04,Saskatchewan,Net emigration,101.0
2019-04,Saskatchewan,Emigrants,350.0
2019-04,Saskatchewan,Returning emigrants,249.0
2019-04,Saskatchewan,Net non-permanent residents,579.0
2019-04,Alberta,Immigrants,12419.0
2019-04,Alberta,Net emigration,969.0
2019-04,Alberta,Emigrants,2818.0
2019-04,Alberta,Returning emigrants,1849.0
2019-04,Alberta,Net non-permanent residents,1354.0
2019-04,British Columbia,Immigrants,13686.0
2019-04,British Columbia,Net emigration,1406.0
2019-04,British Columbia,Emigrants,3640.0
2019-04,British Columbia,Returning emigrants,2234.0
2019-04,British Columbia,Net non-permanent residents,8986.0
2019-04,Yukon,Immigrants,114.0
2019-04,Yukon,Net emigration,6.0
2019-04,Yukon,Emigrants,10.0
2019-04,Yukon,Returning emigrants,4.0
2019-04,Yukon,Net non-permanent residents,75.0
2019-04,Northwest Territories,Immigrants,59.0
2019-04,Northwest Territories,Net emigration,-4.0
2019-04,Northwest Territories,Emigrants,0.0
2019-04,Northwest Territories,Returning emigrants,4.0
2019-04,Northwest Territories,Net non-permanent residents,-4.0
2019-04,Nunavut,Immigrants,6.0
2019-04,Nunavut,Net emigration,0.0
2019-04,Nunavut,Emigrants,0.0
2019-04,Nunavut,Returning emigrants,0.0
2019-04,Nunavut,Net non-permanent residents,3.0
2019-07,Canada,Immigrants,103713.0
2019-07,Canada,Net emigration,9073.0
2019-07,Canada,Emigrants,30675.0
2019-07,Canada,Returning emigrants,21602.0
2019-07,Canada,Net non-permanent residents,80029.0
2019-07,Newfoundland and Labrador,Immigrants,557.0
2019-07,Newfoundland and Labrador,Net emigration,22.0
2019-07,Newfoundland and Labrador,Emigrants,95.0
2019-07,Newfoundland and Labrador,Returning emigrants,73.0
2019-07,Newfoundland and Labrador,Net non-permanent residents,660.0
2019-07,Prince Edward Island,Immigrants,855.0
2019-07,Prince Edward Island,Net emigration,-4.0
2019-07,Prince Edward Island,Emigrants,34.0
2019-07,Prince Edward Island,Returning emigrants,38.0
2019-07,Prince Edward Island,Net non-permanent residents,677.0
2019-07,Nova Scotia,Immigrants,2483.0
2019-07,Nova Scotia,Net emigration,10.0
2019-07,Nova Scotia,Emigrants,424.0
2019-07,Nova Scotia,Returning emigrants,414.0
2019-07,Nova Scotia,Net non-permanent residents,2007.0
2019-07,New Brunswick,Immigrants,1948.0
2019-07,New Brunswick,Net emigration,-15.0
2019-07,New Brunswick,Emigrants,254.0
2019-07,New Brunswick,Returning emigrants,269.0
2019-07,New Brunswick,Net non-permanent residents,1231.0
2019-07,Quebec,Immigrants,11529.0
2019-07,Quebec,Net emigration,954.0
2019-07,Quebec,Emigrants,4306.0
2019-07,Quebec,Returning emigrants,3352.0
2019-07,Quebec,Net non-permanent residents,23839.0
2019-07,Ontario,Immigrants,45930.0
2019-07,Ontario,Net emigration,4205.0
2019-07,Ontario,Emigrants,14086.0
2019-07,Ontario,Returning emigrants,9881.0
2019-07,Ontario,Net non-permanent residents,32165.0
2019-07,Manitoba,Immigrants,6105.0
2019-07,Manitoba,Net emigration,355.0
2019-07,Manitoba,Emigrants,878.0
2019-07,Manitoba,Returning emigrants,523.0
2019-07,Manitoba,Net non-permanent residents,-552.0
2019-07,Saskatchewan,Immigrants,5521.0
2019-07,Saskatchewan,Net emigration,368.0
2019-07,Saskatchewan,Emigrants,781.0
2019-07,Saskatchewan,Returning emigrants,413.0
2019-07,Saskatchewan,Net non-permanent residents,485.0
2019-07,Alberta,Immigrants,12700.0
2019-07,Alberta,Net emigration,1510.0
2019-07,Alberta,Emigrants,4245.0
2019-07,Alberta,Returning emigrants,2735.0
2019-07,Alberta,Net non-permanent residents,2990.0
2019-07,British Columbia,Immigrants,15899.0
2019-07,British Columbia,Net emigration,1658.0
2019-07,British Columbia,Emigrants,5541.0
2019-07,British Columbia,Returning emigrants,3883.0
2019-07,British Columbia,Net non-permanent residents,16450.0
2019-07,Yukon,Immigrants,130.0
2019-07,Yukon,Net emigration,8.0
2019-07,Yukon,Emigrants,17.0
2019-07,Yukon,Returning emigrants,9.0
2019-07,Yukon,Net non-permanent residents,39.0
2019-07,Northwest Territories,Immigrants,47.0
2019-07,Northwest Territories,Net emigration,2.0
2019-07,Northwest Territories,Emigrants,14.0
2019-07,Northwest Territories,Returning emigrants,12.0
2019-07,Northwest Territories,Net non-permanent residents,16.0
2019-07,Nunavut,Immigrants,9.0
2019-07,Nunavut,Net emigration,0.0
2019-07,Nunavut,Emigrants,0.0
2019-07,Nunavut,Returning emigrants,0.0
2019-07,Nunavut,Net non-permanent residents,22.0
2019-10,Canada,Immigrants,77228.0
2019-10,Canada,Net emigration,9555.0
2019-10,Canada,Emigrants,18852.0
2019-10,Canada,Returning emigrants,9297.0
2019-10,Canada,Net non-permanent residents,13947.0
2019-10,Newfoundland and Labrador,Immigrants,476.0
2019-10,Newfoundland and Labrador,Net emigration,47.0
2019-10,Newfoundland and Labrador,Emigrants,82.0
2019-10,Newfoundland and Labrador,Returning emigrants,35.0
2019-10,Newfoundland and Labrador,Net non-permanent residents,-165.0
2019-10,Prince Edward Island,Immigrants,447.0
2019-10,Prince Edward Island,Net emigration,2.0
2019-10,Prince Edward Island,Emigrants,18.0
2019-10,Prince Edward Island,Returning emigrants,16.0
2019-10,Prince Edward Island,Net non-permanent residents,-46.0
2019-10,Nova Scotia,Immigrants,1717.0
2019-10,Nova Scotia,Net emigration,109.0
2019-10,Nova Scotia,Emigrants,290.0
2019-10,Nova Scotia,Returning emigrants,181.0
2019-10,Nova Scotia,Net non-permanent residents,-834.0
2019-10,New Brunswick,Immigrants,1294.0
2019-10,New Brunswick,Net emigration,43.0
2019-10,New Brunswick,Emigrants,157.0
2019-10,New Brunswick,Returning emigrants,114.0
2019-10,New Brunswick,Net non-permanent residents,-529.0
2019-10,Quebec,Immigrants,10814.0
2019-10,Quebec,Net emigration,892.0
2019-10,Quebec,Emigrants,2243.0
2019-10,Quebec,Returning emigrants,1351.0
2019-10,Quebec,Net non-permanent residents,4959.0
2019-10,Ontario,Immigrants,32764.0
2019-10,Ontario,Net emigration,4153.0
2019-10,Ontario,Emigrants,8428.0
2019-10,Ontario,Returning emigrants,4275.0
2019-10,Ontario,Net non-permanent residents,13438.0
2019-10,Manitoba,Immigrants,4154.0
2019-10,Manitoba,Net emigration,337.0
2019-10,Manitoba,Emigrants,576.0
2019-10,Manitoba,Returning emigrants,239.0
2019-10,Manitoba,Net non-permanent residents,43.0
2019-10,Saskatchewan,Immigrants,3564.0
2019-10,Saskatchewan,Net emigration,299.0
2019-10,Saskatchewan,Emigrants,484.0
2019-10,Saskatchewan,Returning emigrants,185.0
2019-10,Saskatchewan,Net non-permanent residents,371.0
2019-10,Alberta,Immigrants,10053.0
2019-10,Alberta,Net emigration,1137.0
2019-10,Alberta,Emigrants,2252.0
2019-10,Alberta,Returning emigrants,1115.0
2019-10,Alberta,Net non-permanent residents,1197.0
2019-10,British Columbia,Immigrants,11797.0
2019-10,British Columbia,Net emigration,2527.0
2019-10,British Columbia,Emigrants,4304.0
2019-10,British Columbia,Returning emigrants,1777.0
2019-10,British Columbia,Net non-permanent residents,-4528.0
2019-10,Yukon,Immigrants,93.0
2019-10,Yukon,Net emigration,7.0
2019-10,Yukon,Emigrants,10.0
2019-10,Yukon,Returning emigrants,3.0
2019-10,Yukon,Net non-permanent residents,15.0
2019-10,Northwest Territories,Immigrants,36.0
2019-10,Northwest Territories,Net emigration,2.0
2019-10,Northwest Territories,Emigrants,8.0
2019-10,Northwest Territories,Returning emigrants,6.0
2019-10,Northwest Territories,Net non-permanent residents,18.0
2019-10,Nunavut,Immigrants,19.0
2019-10,Nunavut,Net emigration,0.0
2019-10,Nunavut,Emigrants,0.0
2019-10,Nunavut,Returning emigrants,0.0
2019-10,Nunavut,Net non-permanent residents,8.0
2020-01,Canada,Immigrants,69140.0
2020-01,Canada,Net emigration,10408.0
2020-01,Canada,Emigrants,20633.0
2020-01,Canada,Returning emigrants,10225.0
2020-01,Canada,Net non-permanent residents,6109.0
2020-01,Newfoundland and Labrador,Immigrants,361.0
2020-01,Newfoundland and Labrador,Net emigration,34.0
2020-01,Newfoundland and Labrador,Emigrants,70.0
2020-01,Newfoundland and Labrador,Returning emigrants,36.0
2020-01,Newfoundland and Labrador,Net non-permanent residents,-146.0
2020-01,Prince Edward Island,Immigrants,494.0
2020-01,Prince Edward Island,Net emigration,0.0
2020-01,Prince Edward Island,Emigrants,18.0
2020-01,Prince Edward Island,Returning emigrants,18.0
2020-01,Prince Edward Island,Net non-permanent residents,-26.0
2020-01,Nova Scotia,Immigrants,1188.0
2020-01,Nova Scotia,Net emigration,43.0
2020-01,Nova Scotia,Emigrants,218.0
2020-01,Nova Scotia,Returning emigrants,175.0
2020-01,Nova Scotia,Net non-permanent residents,212.0
2020-01,New Brunswick,Immigrants,1077.0
2020-01,New Brunswick,Net emigration,8.0
2020-01,New Brunswick,Emigrants,119.0
2020-01,New Brunswick,Returning emigrants,111.0
2020-01,New Brunswick,Net non-permanent residents,-52.0
2020-01,Quebec,Immigrants,7975.0
2020-01,Quebec,Net emigration,894.0
2020-01,Quebec,Emigrants,2358.0
2020-01,Quebec,Returning emigrants,1464.0
2020-01,Quebec,Net non-permanent residents,7256.0
2020-01,Ontario,Immigrants,32342.0
2020-01,Ontario,Net emigration,5041.0
2020-01,Ontario,Emigrants,9873.0
2020-01,Ontario,Returning emigrants,4832.0
2020-01,Ontario,Net non-permanent residents,1621.0
2020-01,Manitoba,Immigrants,3019.0
2020-01,Manitoba,Net emigration,267.0
2020-01,Manitoba,Emigrants,503.0
2020-01,Manitoba,Returning emigrants,236.0
2020-01,Manitoba,Net non-permanent residents,-392.0
2020-01,Saskatchewan,Immigrants,3023.0
2020-01,Saskatchewan,Net emigration,211.0
2020-01,Saskatchewan,Emigrants,389.0
2020-01,Saskatchewan,Returning emigrants,178.0
2020-01,Saskatchewan,Net non-permanent residents,-312.0
2020-01,Alberta,Immigrants,8478.0
2020-01,Alberta,Net emigration,1381.0
2020-01,Alberta,Emigrants,2639.0
2020-01,Alberta,Returning emigrants,1258.0
2020-01,Alberta,Net non-permanent residents,-614.0
2020-01,British Columbia,Immigrants,11035.0
2020-01,British Columbia,Net emigration,2521.0
2020-01,British Columbia,Emigrants,4426.0
2020-01,British Columbia,Returning emigrants,1905.0
2020-01,British Columbia,Net non-permanent residents,-1341.0
2020-01,Yukon,Immigrants,89.0
2020-01,Yukon,Net emigration,6.0
2020-01,Yukon,Emigrants,10.0
2020-01,Yukon,Returning emigrants,4.0
2020-01,Yukon,Net non-permanent residents,-103.0
2020-01,Northwest Territories,Immigrants,48.0
2020-01,Northwest Territories,Net emigration,2.0
2020-01,Northwest Territories,Emigrants,8.0
2020-01,Northwest Territories,Returning emigrants,6.0
2020-01,Northwest Territories,Net non-permanent residents,9.0
2020-01,Nunavut,Immigrants,11.0
2020-01,Nunavut,Net emigration,0.0
2020-01,Nunavut,Emigrants,2.0
2020-01,Nunavut,Returning emigrants,2.0
2020-01,Nunavut,Net non-permanent residents,-3.0
2020-04,Canada,Immigrants,34072.0
2020-04,Canada,Net emigration,2633.0
2020-04,Canada,Emigrants,7431.0
2020-04,Canada,Returning emigrants,4798.0
2020-04,Canada,Net non-permanent residents,-24820.0
2020-04,Newfoundland and Labrador,Immigrants,171.0
2020-04,Newfoundland and Labrador,Net emigration,7.0
2020-04,Newfoundland and Labrador,Emigrants,23.0
2020-04,Newfoundland and Labrador,Returning emigrants,16.0
2020-04,Newfoundland and Labrador,Net non-permanent residents,-176.0
2020-04,Prince Edward Island,Immigrants,283.0
2020-04,Prince Edward Island,Net emigration,-1.0
2020-04,Prince Edward Island,Emigrants,6.0
2020-04,Prince Edward Island,Returning emigrants,7.0
2020-04,Prince Edward Island,Net non-permanent residents,139.0
2020-04,Nova Scotia,Immigrants,861.0
2020-04,Nova Scotia,Net emigration,8.0
2020-04,Nova Scotia,Emigrants,98.0
2020-04,Nova Scotia,Returning emigrants,90.0
2020-04,Nova Scotia,Net non-permanent residents,207.0
2020-04,New Brunswick,Immigrants,591.0
2020-04,New Brunswick,Net emigration,0.0
2020-04,New Brunswick,Emigrants,59.0
2020-04,New Brunswick,Returning emigrants,59.0
2020-04,New Brunswick,Net non-permanent residents,-11.0
2020-04,Quebec,Immigrants,2983.0
2020-04,Quebec,Net emigration,427.0
2020-04,Quebec,Emigrants,1204.0
2020-04,Quebec,Returning emigrants,777.0
2020-04,Quebec,Net non-permanent residents,1212.0
2020-04,Ontario,Immigrants,16069.0
2020-04,Ontario,Net emigration,1188.0
2020-04,Ontario,Emigrants,3382.0
2020-04,Ontario,Returning emigrants,2194.0
2020-04,Ontario,Net non-permanent residents,-11704.0
2020-04,Manitoba,Immigrants,1458.0
2020-04,Manitoba,Net emigration,83.0
2020-04,Manitoba,Emigrants,195.0
2020-04,Manitoba,Returning emigrants,112.0
2020-04,Manitoba,Net non-permanent residents,-409.0
2020-04,Saskatchewan,Immigrants,1275.0
2020-04,Saskatchewan,Net emigration,58.0
2020-04,Saskatchewan,Emigrants,142.0
2020-04,Saskatchewan,Returning emigrants,84.0
2020-04,Saskatchewan,Net non-permanent residents,-589.0
2020-04,Alberta,Immigrants,4263.0
2020-04,Alberta,Net emigration,427.0
2020-04,Alberta,Emigrants,1037.0
2020-04,Alberta,Returning emigrants,610.0
2020-04,Alberta,Net non-permanent residents,-3375.0
2020-04,British Columbia,Immigrants,6064.0
2020-04,British Columbia,Net emigration,435.0
2020-04,British Columbia,Emigrants,1281.0
2020-04,British Columbia,Returning emigrants,846.0
2020-04,British Columbia,Net non-permanent residents,-9978.0
2020-04,Yukon,Immigrants,24.0
2020-04,Yukon,Net emigration,1.0
2020-04,Yukon,Emigrants,2.0
2020-04,Yukon,Returning emigrants,1.0
2020-04,Yukon,Net non-permanent residents,-70.0
2020-04,Northwest Territories,Immigrants,30.0
2020-04,Northwest Territories,Net emigration,0.0
2020-04,Northwest Territories,Emigrants,2.0
2020-04,Northwest Territories,Returning emigrants,2.0
2020-04,Northwest Territories,Net non-permanent residents,-51.0
2020-04,Nunavut,Immigrants,0.0
2020-04,Nunavut,Net emigration,0.0
2020-04,Nunavut,Emigrants,0.0
2020-04,Nunavut,Returning emigrants,0.0
2020-04,Nunavut,Net non-permanent residents,-15.0
2020-07,Canada,Immigrants,40119.0
2020-07,Canada,Net emigration,-78.0
2020-07,Canada,Emigrants,17305.0
2020-07,Canada,Returning emigrants,17383.0
2020-07,Canada,Net non-permanent residents,-67698.0
2020-07,Newfoundland and Labrador,Immigrants,135.0
2020-07,Newfoundland and Labrador,Net emigration,9.0
2020-07,Newfoundland and Labrador,Emigrants,89.0
2020-07,Newfoundland and Labrador,Returning emigrants,80.0
2020-07,Newfoundland and Labrador,Net non-permanent residents,-631.0
2020-07,Prince Edward Island,Immigrants,256.0
2020-07,Prince Edward Island,Net emigration,2.0
2020-07,Prince Edward Island,Emigrants,35.0
2020-07,Prince Edward Island,Returning emigrants,33.0
2020-07,Prince Edward Island,Net non-permanent residents,-73.0
2020-07,Nova Scotia,Immigrants,741.0
2020-07,Nova Scotia,Net emigration,-43.0
2020-07,Nova Scotia,Emigrants,248.0
2020-07,Nova Scotia,Returning emigrants,291.0
2020-07,Nova Scotia,Net non-permanent residents,-2396.0
2020-07,New Brunswick,Immigrants,694.0
2020-07,New Brunswick,Net emigration,-43.0
2020-07,New Brunswick,Emigrants,153.0
2020-07,New Brunswick,Returning emigrants,196.0
2020-07,New Brunswick,Net non-permanent residents,-604.0
2020-07,Quebec,Immigrants,7218.0
2020-07,Quebec,Net emigration,-236.0
2020-07,Quebec,Emigrants,2963.0
2020-07,Quebec,Returning emigrants,3199.0
2020-07,Quebec,Net non-permanent residents,-9529.0
2020-07,Ontario,Immigrants,17257.0
2020-07,Ontario,Net emigration,-327.0
2020-07,Ontario,Emigrants,7731.0
2020-07,Ontario,Returning emigrants,8058.0
2020-07,Ontario,Net non-permanent residents,-33458.0
2020-07,Manitoba,Immigrants,2250.0
2020-07,Manitoba,Net emigration,-39.0
2020-07,Manitoba,Emigrants,412.0
2020-07,Manitoba,Returning emigrants,451.0
2020-07,Manitoba,Net non-permanent residents,-1925.0
2020-07,Saskatchewan,Immigrants,1727.0
2020-07,Saskatchewan,Net emigration,248.0
2020-07,Saskatchewan,Emigrants,498.0
2020-07,Saskatchewan,Returning emigrants,250.0
2020-07,Saskatchewan,Net non-permanent residents,-1083.0
2020-07,Alberta,Immigrants,4895.0
2020-07,Alberta,Net emigration,274.0
2020-07,Alberta,Emigrants,2368.0
2020-07,Alberta,Returning emigrants,2094.0
2020-07,Alberta,Net non-permanent residents,-5135.0
2020-07,British Columbia,Immigrants,4888.0
2020-07,British Columbia,Net emigration,68.0
2020-07,British Columbia,Emigrants,2782.0
2020-07,British Columbia,Returning emigrants,2714.0
2020-07,British Columbia,Net non-permanent residents,-12917.0
2020-07,Yukon,Immigrants,37.0
2020-07,Yukon,Net emigration,18.0
2020-07,Yukon,Emigrants,18.0
2020-07,Yukon,Returning emigrants,0.0
2020-07,Yukon,Net non-permanent residents,81.0
2020-07,Northwest Territories,Immigrants,21.0
2020-07,Northwest Territories,Net emigration,-9.0
2020-07,Northwest Territories,Emigrants,6.0
2020-07,Northwest Territories,Returning emigrants,15.0
2020-07,Northwest Territories,Net non-permanent residents,-30.0
2020-07,Nunavut,Immigrants,0.0
2020-07,Nunavut,Net emigration,0.0
2020-07,Nunavut,Emigrants,2.0
2020-07,Nunavut,Returning emigrants,2.0
2020-07,Nunavut,Net non-permanent residents,2.0
2020-10,Canada,Immigrants,41263.0
2020-10,Canada,Net emigration,6272.0
2020-10,Canada,Emigrants,15038.0
2020-10,Canada,Returning emigrants,8766.0
2020-10,Canada,Net non-permanent residents,-9657.0
2020-10,Newfoundland and Labrador,Immigrants,231.0
2020-10,Newfoundland and Labrador,Net emigration,31.0
2020-10,Newfoundland and Labrador,Emigrants,70.0
2020-10,Newfoundland and Labrador,Returning emigrants,39.0
2020-10,Newfoundland and Labrador,Net non-permanent residents,-192.0
2020-10,Prince Edward Island,Immigrants,259.0
2020-10,Prince Edward Island,Net emigration,8.0
2020-10,Prince Edward Island,Emigrants,25.0
2020-10,Prince Edward Island,Returning emigrants,17.0
2020-10,Prince Edward Island,Net non-permanent residents,61.0
2020-10,Nova Scotia,Immigrants,731.0
2020-10,Nova Scotia,Net emigration,20.0
2020-10,Nova Scotia,Emigrants,152.0
2020-10,Nova Scotia,Returning emigrants,132.0
2020-10,Nova Scotia,Net non-permanent residents,-394.0
2020-10,New Brunswick,Immigrants,526.0
2020-10,New Brunswick,Net emigration,9.0
2020-10,New Brunswick,Emigrants,100.0
2020-10,New Brunswick,Returning emigrants,91.0
2020-10,New Brunswick,Net non-permanent residents,448.0
2020-10,Quebec,Immigrants,7057.0
2020-10,Quebec,Net emigration,705.0
2020-10,Quebec,Emigrants,2250.0
2020-10,Quebec,Returning emigrants,1545.0
2020-10,Quebec,Net non-permanent residents,-4984.0
2020-10,Ontario,Immigrants,17288.0
2020-10,Ontario,Net emigration,2168.0
2020-10,Ontario,Emigrants,6152.0
2020-10,Ontario,Returning emigrants,3984.0
2020-10,Ontario,Net non-permanent residents,-3501.0
2020-10,Manitoba,Immigrants,1881.0
2020-10,Manitoba,Net emigration,513.0
2020-10,Manitoba,Emigrants,828.0
2020-10,Manitoba,Returning emigrants,315.0
2020-10,Manitoba,Net non-permanent residents,948.0
2020-10,Saskatchewan,Immigrants,1401.0
2020-10,Saskatchewan,Net emigration,153.0
2020-10,Saskatchewan,Emigrants,269.0
2020-10,Saskatchewan,Returning emigrants,116.0
2020-10,Saskatchewan,Net non-permanent residents,290.0
2020-10,Alberta,Immigrants,5334.0
2020-10,Alberta,Net emigration,1176.0
2020-10,Alberta,Emigrants,2283.0
2020-10,Alberta,Returning emigrants,1107.0
2020-10,Alberta,Net non-permanent residents,577.0
2020-10,British Columbia,Immigrants,6495.0
2020-10,British Columbia,Net emigration,1471.0
2020-10,British Columbia,Emigrants,2884.0
2020-10,British Columbia,Returning emigrants,1413.0
2020-10,British Columbia,Net non-permanent residents,-2906.0
2020-10,Yukon,Immigrants,26.0
2020-10,Yukon,Net emigration,21.0
2020-10,Yukon,Emigrants,21.0
2020-10,Yukon,Returning emigrants,0.0
2020-10,Yukon,Net non-permanent residents,-14.0
2020-10,Northwest Territories,Immigrants,25.0
2020-10,Northwest Territories,Net emigration,-3.0
2020-10,Northwest Territories,Emigrants,4.0
2020-10,Northwest Territories,Returning emigrants,7.0
2020-10,Northwest Territories,Net non-permanent residents,13.0
2020-10,Nunavut,Immigrants,9.0
2020-10,Nunavut,Net emigration,0.0
2020-10,Nunavut,Emigrants,0.0
2020-10,Nunavut,Returning emigrants,0.0
2020-10,Nunavut,Net non-permanent residents,-3.0
2021-01,Canada,Immigrants,70492.0
2021-01,Canada,Net emigration,10498.0
2021-01,Canada,Emigrants,17184.0
2021-01,Canada,Returning emigrants,6686.0
2021-01,Canada,Net non-permanent residents,13627.0
2021-01,Newfoundland and Labrador,Immigrants,259.0
2021-01,Newfoundland and Labrador,Net emigration,56.0
2021-01,Newfoundland and Labrador,Emigrants,88.0
2021-01,Newfoundland and Labrador,Returning emigrants,32.0
2021-01,Newfoundland and Labrador,Net non-permanent residents,124.0
2021-01,Prince Edward Island,Immigrants,366.0
2021-01,Prince Edward Island,Net emigration,16.0
2021-01,Prince Edward Island,Emigrants,31.0
2021-01,Prince Edward Island,Returning emigrants,15.0
2021-01,Prince Edward Island,Net non-permanent residents,383.0
2021-01,Nova Scotia,Immigrants,995.0
2021-01,Nova Scotia,Net emigration,84.0
2021-01,Nova Scotia,Emigrants,179.0
2021-01,Nova Scotia,Returning emigrants,95.0
2021-01,Nova Scotia,Net non-permanent residents,816.0
2021-01,New Brunswick,Immigrants,700.0
2021-01,New Brunswick,Net emigration,48.0
2021-01,New Brunswick,Emigrants,113.0
2021-01,New Brunswick,Returning emigrants,65.0
2021-01,New Brunswick,Net non-permanent residents,579.0
2021-01,Quebec,Immigrants,10152.0
2021-01,Quebec,Net emigration,1041.0
2021-01,Quebec,Emigrants,2084.0
2021-01,Quebec,Returning emigrants,1043.0
2021-01,Quebec,Net non-permanent residents,-2700.0
2021-01,Ontario,Immigrants,35005.0
2021-01,Ontario,Net emigration,4781.0
2021-01,Ontario,Emigrants,8001.0
2021-01,Ontario,Returning emigrants,3220.0
2021-01,Ontario,Net non-permanent residents,7704.0
2021-01,Manitoba,Immigrants,3389.0
2021-01,Manitoba,Net emigration,379.0
2021-01,Manitoba,Emigrants,580.0
2021-01,Manitoba,Returning emigrants,201.0
2021-01,Manitoba,Net non-permanent residents,916.0
2021-01,Saskatchewan,Immigrants,2452.0
2021-01,Saskatchewan,Net emigration,160.0
2021-01,Saskatchewan,Emigrants,243.0
2021-01,Saskatchewan,Returning emigrants,83.0
2021-01,Saskatchewan,Net non-permanent residents,366.0
2021-01,Alberta,Immigrants,6775.0
2021-01,Alberta,Net emigration,1652.0
2021-01,Alberta,Emigrants,2499.0
2021-01,Alberta,Returning emigrants,847.0
2021-01,Alberta,Net non-permanent residents,1072.0
2021-01,British Columbia,Immigrants,10278.0
2021-01,British Columbia,Net emigration,2249.0
2021-01,British Columbia,Emigrants,3326.0
2021-01,British Columbia,Returning emigrants,1077.0
2021-01,British Columbia,Net non-permanent residents,4267.0
2021-01,Yukon,Immigrants,84.0
2021-01,Yukon,Net emigration,34.0
2021-01,Yukon,Emigrants,36.0
2021-01,Yukon,Returning emigrants,2.0
2021-01,Yukon,Net non-permanent residents,75.0
2021-01,Northwest Territories,Immigrants,33.0
2021-01,Northwest Territories,Net emigration,-2.0
2021-01,Northwest Territories,Emigrants,2.0
2021-01,Northwest Territories,Returning emigrants,4.0
2021-01,Northwest Territories,Net non-permanent residents,23.0
2021-01,Nunavut,Immigrants,4.0
2021-01,Nunavut,Net emigration,0.0
2021-01,Nunavut,Emigrants,2.0
2021-01,Nunavut,Returning emigrants,2.0
2021-01,Nunavut,Net non-permanent residents,2.0
2021-04,Canada,Immigrants,74440.0
2021-04,Canada,Net emigration,9034.0
2021-04,Canada,Emigrants,17100.0
2021-04,Canada,Returning emigrants,8066.0
2021-04,Canada,Net non-permanent residents,12009.0
2021-04,Newfoundland and Labrador,Immigrants,259.0
2021-04,Newfoundland and Labrador,Net emigration,51.0
2021-04,Newfoundland and Labrador,Emigrants,89.0
2021-04,Newfoundland and Labrador,Returning emigrants,38.0
2021-04,Newfoundland and Labrador,Net non-permanent residents,240.0
2021-04,Prince Edward Island,Immigrants,328.0
2021-04,Prince Edward Island,Net emigration,18.0
2021-04,Prince Edward Island,Emigrants,34.0
2021-04,Prince Edward Island,Returning emigrants,16.0
2021-04,Prince Edward Island,Net non-permanent residents,608.0
2021-04,Nova Scotia,Immigrants,1085.0
2021-04,Nova Scotia,Net emigration,80.0
2021-04,Nova Scotia,Emigrants,204.0
2021-04,Nova Scotia,Returning emigrants,124.0
2021-04,Nova Scotia,Net non-permanent residents,967.0
2021-04,New Brunswick,Immigrants,768.0
2021-04,New Brunswick,Net emigration,63.0
2021-04,New Brunswick,Emigrants,155.0
2021-04,New Brunswick,Returning emigrants,92.0
2021-04,New Brunswick,Net non-permanent residents,1044.0
2021-04,Quebec,Immigrants,9244.0
2021-04,Quebec,Net emigration,1194.0
2021-04,Quebec,Emigrants,2600.0
2021-04,Quebec,Returning emigrants,1406.0
2021-04,Quebec,Net non-permanent residents,3566.0
2021-04,Ontario,Immigrants,38358.0
2021-04,Ontario,Net emigration,3918.0
2021-04,Ontario,Emigrants,7713.0
2021-04,Ontario,Returning emigrants,3795.0
2021-04,Ontario,Net non-permanent residents,3180.0
2021-04,Manitoba,Immigrants,2659.0
2021-04,Manitoba,Net emigration,271.0
2021-04,Manitoba,Emigrants,490.0
2021-04,Manitoba,Returning emigrants,219.0
2021-04,Manitoba,Net non-permanent residents,540.0
2021-04,Saskatchewan,Immigrants,1773.0
2021-04,Saskatchewan,Net emigration,222.0
2021-04,Saskatchewan,Emigrants,338.0
2021-04,Saskatchewan,Returning emigrants,116.0
2021-04,Saskatchewan,Net non-permanent residents,132.0
2021-04,Alberta,Immigrants,7018.0
2021-04,Alberta,Net emigration,1476.0
2021-04,Alberta,Emigrants,2488.0
2021-04,Alberta,Returning emigrants,1012.0
2021-04,Alberta,Net non-permanent residents,-1013.0
2021-04,British Columbia,Immigrants,12722.0
2021-04,British Columbia,Net emigration,1725.0
2021-04,British Columbia,Emigrants,2967.0
2021-04,British Columbia,Returning emigrants,1242.0
2021-04,British Columbia,Net non-permanent residents,2711.0
2021-04,Yukon,Immigrants,153.0
2021-04,Yukon,Net emigration,18.0
2021-04,Yukon,Emigrants,18.0
2021-04,Yukon,Returning emigrants,0.0
2021-04,Yukon,Net non-permanent residents,26.0
2021-04,Northwest Territories,Immigrants,65.0
2021-04,Northwest Territories,Net emigration,-2.0
2021-04,Northwest Territories,Emigrants,4.0
2021-04,Northwest Territories,Returning emigrants,6.0
2021-04,Northwest Territories,Net non-permanent residents,2.0
2021-04,Nunavut,Immigrants,8.0
2021-04,Nunavut,Net emigration,0.0
2021-04,Nunavut,Emigrants,0.0
2021-04,Nunavut,Returning emigrants,0.0
2021-04,Nunavut,Net non-permanent residents,6.0
2021-07,Canada,Immigrants,122916.0
2021-07,Canada,Net emigration,7898.0
2021-07,Canada,Emigrants,26453.0
2021-07,Canada,Returning emigrants,18555.0
2021-07,Canada,Net non-permanent residents,82873.0
2021-07,Canada,"Non-permanent residents, inflows",223638.0
2021-07,Canada,"Non-permanent residents, outflows",140765.0
2021-07,Newfoundland and Labrador,Immigrants,579.0
2021-07,Newfoundland and Labrador,Net emigration,31.0
2021-07,Newfoundland and Labrador,Emigrants,99.0
2021-07,Newfoundland and Labrador,Returning emigrants,68.0
2021-07,Newfoundland and Labrador,Net non-permanent residents,1056.0
2021-07,Newfoundland and Labrador,"Non-permanent residents, inflows",1896.0
2021-07,Newfoundland and Labrador,"Non-permanent residents, outflows",840.0
2021-07,Prince Edward Island,Immigrants,1068.0
2021-07,Prince Edward Island,Net emigration,7.0
2021-07,Prince Edward Island,Emigrants,48.0
2021-07,Prince Edward Island,Returning emigrants,41.0
2021-07,Prince Edward Island,Net non-permanent residents,165.0
2021-07,Prince Edward Island,"Non-permanent residents, inflows",1073.0
2021-07,Prince Edward Island,"Non-permanent residents, outflows",908.0
2021-07,Nova Scotia,Immigrants,3090.0
2021-07,Nova Scotia,Net emigration,49.0
2021-07,Nova Scotia,Emigrants,378.0
2021-07,Nova Scotia,Returning emigrants,329.0
2021-07,Nova Scotia,Net non-permanent residents,1663.0
2021-07,Nova Scotia,"Non-permanent residents, inflows",5317.0
2021-07,Nova Scotia,"Non-permanent residents, outflows",3654.0
2021-07,New Brunswick,Immigrants,1727.0
2021-07,New Brunswick,Net emigration,38.0
2021-07,New Brunswick,Emigrants,235.0
2021-07,New Brunswick,Returning emigrants,197.0
2021-07,New Brunswick,Net non-permanent residents,2115.0
2021-07,New Brunswick,"Non-permanent residents, inflows",3524.0
2021-07,New Brunswick,"Non-permanent residents, outflows",1409.0
2021-07,Quebec,Immigrants,14857.0
2021-07,Quebec,Net emigration,923.0
2021-07,Quebec,Emigrants,4118.0
2021-07,Quebec,Returning emigrants,3195.0
2021-07,Quebec,Net non-permanent residents,15770.0
2021-07,Quebec,"Non-permanent residents, inflows",37240.0
2021-07,Quebec,"Non-permanent residents, outflows",21470.0
2021-07,Ontario,Immigrants,58988.0
2021-07,Ontario,Net emigration,3692.0
2021-07,Ontario,Emigrants,12139.0
2021-07,Ontario,Returning emigrants,8447.0
2021-07,Ontario,Net non-permanent residents,42674.0
2021-07,Ontario,"Non-permanent residents, inflows",108126.0
2021-07,Ontario,"Non-permanent residents, outflows",65452.0
2021-07,Manitoba,Immigrants,4679.0
2021-07,Manitoba,Net emigration,372.0
2021-07,Manitoba,Emigrants,819.0
2021-07,Manitoba,Returning emigrants,447.0
2021-07,Manitoba,Net non-permanent residents,1527.0
2021-07,Manitoba,"Non-permanent residents, inflows",5339.0
2021-07,Manitoba,"Non-permanent residents, outflows",3812.0
2021-07,Saskatchewan,Immigrants,3040.0
2021-07,Saskatchewan,Net emigration,232.0
2021-07,Saskatchewan,Emigrants,655.0
2021-07,Saskatchewan,Returning emigrants,423.0
2021-07,Saskatchewan,Net non-permanent residents,1018.0
2021-07,Saskatchewan,"Non-permanent residents, inflows",2917.0
2021-07,Saskatchewan,"Non-permanent residents, outflows",1899.0
2021-07,Alberta,Immigrants,11475.0
2021-07,Alberta,Net emigration,1152.0
2021-07,Alberta,Emigrants,3688.0
2021-07,Alberta,Returning emigrants,2536.0
2021-07,Alberta,Net non-permanent residents,3758.0
2021-07,Alberta,"Non-permanent residents, inflows",13987.0
2021-07,Alberta,"Non-permanent residents, outflows",10229.0
2021-07,British Columbia,Immigrants,23138.0
2021-07,British Columbia,Net emigration,1381.0
2021-07,British Columbia,Emigrants,4231.0
2021-07,British Columbia,Returning emigrants,2850.0
2021-07,British Columbia,Net non-permanent residents,13141.0
2021-07,British Columbia,"Non-permanent residents, inflows",44012.0
2021-07,British Columbia,"Non-permanent residents, outflows",30871.0
2021-07,Yukon,Immigrants,168.0
2021-07,Yukon,Net emigration,5.0
2021-07,Yukon,Emigrants,21.0
2021-07,Yukon,Returning emigrants,16.0
2021-07,Yukon,Net non-permanent residents,33.0
2021-07,Yukon,"Non-permanent residents, inflows",154.0
2021-07,Yukon,"Non-permanent residents, outflows",121.0
2021-07,Northwest Territories,Immigrants,91.0
2021-07,Northwest Territories,Net emigration,10.0
2021-07,Northwest Territories,Emigrants,13.0
2021-07,Northwest Territories,Returning emigrants,3.0
2021-07,Northwest Territories,Net non-permanent residents,-52.0
2021-07,Northwest Territories,"Non-permanent residents, inflows",29.0
2021-07,Northwest Territories,"Non-permanent residents, outflows",81.0
2021-07,Nunavut,Immigrants,16.0
2021-07,Nunavut,Net emigration,6.0
2021-07,Nunavut,Emigrants,9.0
2021-07,Nunavut,Returning emigrants,3.0
2021-07,Nunavut,Net non-permanent residents,5.0
2021-07,Nunavut,"Non-permanent residents, inflows",24.0
2021-07,Nunavut,"Non-permanent residents, outflows",19.0
2021-10,Canada,Immigrants,138198.0
2021-10,Canada,Net emigration,11731.0
2021-10,Canada,Emigrants,22620.0
2021-10,Canada,Returning emigrants,10889.0
2021-10,Canada,Net non-permanent residents,-36848.0
2021-10,Canada,"Non-permanent residents, inflows",130007.0
2021-10,Canada,"Non-permanent residents, outflows",166855.0
2021-10,Newfoundland and Labrador,Immigrants,952.0
2021-10,Newfoundland and Labrador,Net emigration,37.0
2021-10,Newfoundland and Labrador,Emigrants,78.0
2021-10,Newfoundland and Labrador,Returning emigrants,41.0
2021-10,Newfoundland and Labrador,Net non-permanent residents,-219.0
2021-10,Newfoundland and Labrador,"Non-permanent residents, inflows",785.0
2021-10,Newfoundland and Labrador,"Non-permanent residents, outflows",1004.0
2021-10,Prince Edward Island,Immigrants,851.0
2021-10,Prince Edward Island,Net emigration,14.0
2021-10,Prince Edward Island,Emigrants,37.0
2021-10,Prince Edward Island,Returning emigrants,23.0
2021-10,Prince Edward Island,Net non-permanent residents,-516.0
2021-10,Prince Edward Island,"Non-permanent residents, inflows",565.0
2021-10,Prince Edward Island,"Non-permanent residents, outflows",1081.0
2021-10,Nova Scotia,Immigrants,3998.0
2021-10,Nova Scotia,Net emigration,87.0
2021-10,Nova Scotia,Emigrants,257.0
2021-10,Nova Scotia,Returning emigrants,170.0
2021-10,Nova Scotia,Net non-permanent residents,-2306.0
2021-10,Nova Scotia,"Non-permanent residents, inflows",2419.0
2021-10,Nova Scotia,"Non-permanent residents, outflows",4725.0
2021-10,New Brunswick,Immigrants,2120.0
2021-10,New Brunswick,Net emigration,49.0
2021-10,New Brunswick,Emigrants,153.0
2021-10,New Brunswick,Returning emigrants,104.0
2021-10,New Brunswick,Net non-permanent residents,-210.0
2021-10,New Brunswick,"Non-permanent residents, inflows",1911.0
2021-10,New Brunswick,"Non-permanent residents, outflows",2121.0
2021-10,Quebec,Immigrants,16022.0
2021-10,Quebec,Net emigration,1274.0
2021-10,Quebec,Emigrants,3060.0
2021-10,Quebec,Returning emigrants,1786.0
2021-10,Quebec,Net non-permanent residents,-9546.0
2021-10,Quebec,"Non-permanent residents, inflows",22237.0
2021-10,Quebec,"Non-permanent residents, outflows",31783.0
2021-10,Ontario,Immigrants,66953.0
2021-10,Ontario,Net emigration,5050.0
2021-10,Ontario,Emigrants,9838.0
2021-10,Ontario,Returning emigrants,4788.0
2021-10,Ontario,Net non-permanent residents,-13061.0
2021-10,Ontario,"Non-permanent residents, inflows",63947.0
2021-10,Ontario,"Non-permanent residents, outflows",77008.0
2021-10,Manitoba,Immigrants,5849.0
2021-10,Manitoba,Net emigration,766.0
2021-10,Manitoba,Emigrants,1154.0
2021-10,Manitoba,Returning emigrants,388.0
2021-10,Manitoba,Net non-permanent residents,-362.0
2021-10,Manitoba,"Non-permanent residents, inflows",3404.0
2021-10,Manitoba,"Non-permanent residents, outflows",3766.0
2021-10,Saskatchewan,Immigrants,3686.0
2021-10,Saskatchewan,Net emigration,217.0
2021-10,Saskatchewan,Emigrants,433.0
2021-10,Saskatchewan,Returning emigrants,216.0
2021-10,Saskatchewan,Net non-permanent residents,-120.0
2021-10,Saskatchewan,"Non-permanent residents, inflows",2069.0
2021-10,Saskatchewan,"Non-permanent residents, outflows",2189.0
2021-10,Alberta,Immigrants,14123.0
2021-10,Alberta,Net emigration,1661.0
2021-10,Alberta,Emigrants,3210.0
2021-10,Alberta,Returning emigrants,1549.0
2021-10,Alberta,Net non-permanent residents,-1918.0
2021-10,Alberta,"Non-permanent residents, inflows",8291.0
2021-10,Alberta,"Non-permanent residents, outflows",10209.0
2021-10,British Columbia,Immigrants,23334.0
2021-10,British Columbia,Net emigration,2556.0
2021-10,British Columbia,Emigrants,4366.0
2021-10,British Columbia,Returning emigrants,1810.0
2021-10,British Columbia,Net non-permanent residents,-8445.0
2021-10,British Columbia,"Non-permanent residents, inflows",24222.0
2021-10,British Columbia,"Non-permanent residents, outflows",32667.0
2021-10,Yukon,Immigrants,191.0
2021-10,Yukon,Net emigration,11.0
2021-10,Yukon,Emigrants,23.0
2021-10,Yukon,Returning emigrants,12.0
2021-10,Yukon,Net non-permanent residents,-116.0
2021-10,Yukon,"Non-permanent residents, inflows",114.0
2021-10,Yukon,"Non-permanent residents, outflows",230.0
2021-10,Northwest Territories,Immigrants,108.0
2021-10,Northwest Territories,Net emigration,6.0
2021-10,Northwest Territories,Emigrants,8.0
2021-10,Northwest Territories,Returning emigrants,2.0
2021-10,Northwest Territories,Net non-permanent residents,-27.0
2021-10,Northwest Territories,"Non-permanent residents, inflows",32.0
2021-10,Northwest Territories,"Non-permanent residents, outflows",59.0
2021-10,Nunavut,Immigrants,11.0
2021-10,Nunavut,Net emigration,3.0
2021-10,Nunavut,Emigrants,3.0
2021-10,Nunavut,Returning emigrants,0.0
2021-10,Nunavut,Net non-permanent residents,-2.0
2021-10,Nunavut,"Non-permanent residents, inflows",11.0
2021-10,Nunavut,"Non-permanent residents, outflows",13.0
2022-01,Canada,Immigrants,113803.0
2022-01,Canada,Net emigration,16312.0
2022-01,Canada,Emigrants,25394.0
2022-01,Canada,Returning emigrants,9082.0
2022-01,Canada,Net non-permanent residents,24994.0
2022-01,Canada,"Non-permanent residents, inflows",128287.0
2022-01,Canada,"Non-permanent residents, outflows",103293.0
2022-01,Newfoundland and Labrador,Immigrants,624.0
2022-01,Newfoundland and Labrador,Net emigration,54.0
2022-01,Newfoundland and Labrador,Emigrants,92.0
2022-01,Newfoundland and Labrador,Returning emigrants,38.0
2022-01,Newfoundland and Labrador,Net non-permanent residents,-52.0
2022-01,Newfoundland and Labrador,"Non-permanent residents, inflows",652.0
2022-01,Newfoundland and Labrador,"Non-permanent residents, outflows",704.0
2022-01,Prince Edward Island,Immigrants,652.0
2022-01,Prince Edward Island,Net emigration,28.0
2022-01,Prince Edward Island,Emigrants,47.0
2022-01,Prince Edward Island,Returning emigrants,19.0
2022-01,Prince Edward Island,Net non-permanent residents,23.0
2022-01,Prince Edward Island,"Non-permanent residents, inflows",531.0
2022-01,Prince Edward Island,"Non-permanent residents, outflows",508.0
2022-01,Nova Scotia,Immigrants,3244.0
2022-01,Nova Scotia,Net emigration,157.0
2022-01,Nova Scotia,Emigrants,289.0
2022-01,Nova Scotia,Returning emigrants,132.0
2022-01,Nova Scotia,Net non-permanent residents,-436.0
2022-01,Nova Scotia,"Non-permanent residents, inflows",2079.0
2022-01,Nova Scotia,"Non-permanent residents, outflows",2515.0
2022-01,New Brunswick,Immigrants,1948.0
2022-01,New Brunswick,Net emigration,97.0
2022-01,New Brunswick,Emigrants,178.0
2022-01,New Brunswick,Returning emigrants,81.0
2022-01,New Brunswick,Net non-permanent residents,91.0
2022-01,New Brunswick,"Non-permanent residents, inflows",1516.0
2022-01,New Brunswick,"Non-permanent residents, outflows",1425.0
2022-01,Quebec,Immigrants,13632.0
2022-01,Quebec,Net emigration,1501.0
2022-01,Quebec,Emigrants,2828.0
2022-01,Quebec,Returning emigrants,1327.0
2022-01,Quebec,Net non-permanent residents,3083.0
2022-01,Quebec,"Non-permanent residents, inflows",26140.0
2022-01,Quebec,"Non-permanent residents, outflows",23057.0
2022-01,Ontario,Immigrants,50679.0
2022-01,Ontario,Net emigration,8114.0
2022-01,Ontario,Emigrants,12308.0
2022-01,Ontario,Returning emigrants,4194.0
2022-01,Ontario,Net non-permanent residents,17373.0
2022-01,Ontario,"Non-permanent residents, inflows",57798.0
2022-01,Ontario,"Non-permanent residents, outflows",40425.0
2022-01,Manitoba,Immigrants,5161.0
2022-01,Manitoba,Net emigration,513.0
2022-01,Manitoba,Emigrants,777.0
2022-01,Manitoba,Returning emigrants,264.0
2022-01,Manitoba,Net non-permanent residents,329.0
2022-01,Manitoba,"Non-permanent residents, inflows",2841.0
2022-01,Manitoba,"Non-permanent residents, outflows",2512.0
2022-01,Saskatchewan,Immigrants,4161.0
2022-01,Saskatchewan,Net emigration,239.0
2022-01,Saskatchewan,Emigrants,399.0
2022-01,Saskatchewan,Returning emigrants,160.0
2022-01,Saskatchewan,Net non-permanent residents,-89.0
2022-01,Saskatchewan,"Non-permanent residents, inflows",1662.0
2022-01,Saskatchewan,"Non-permanent residents, outflows",1751.0
2022-01,Alberta,Immigrants,12707.0
2022-01,Alberta,Net emigration,2093.0
2022-01,Alberta,Emigrants,3375.0
2022-01,Alberta,Returning emigrants,1282.0
2022-01,Alberta,Net non-permanent residents,826.0
2022-01,Alberta,"Non-permanent residents, inflows",8339.0
2022-01,Alberta,"Non-permanent residents, outflows",7513.0
2022-01,British Columbia,Immigrants,20737.0
2022-01,British Columbia,Net emigration,3483.0
2022-01,British Columbia,Emigrants,5054.0
2022-01,British Columbia,Returning emigrants,1571.0
2022-01,British Columbia,Net non-permanent residents,3992.0
2022-01,British Columbia,"Non-permanent residents, inflows",26618.0
2022-01,British Columbia,"Non-permanent residents, outflows",22626.0
2022-01,Yukon,Immigrants,169.0
2022-01,Yukon,Net emigration,20.0
2022-01,Yukon,Emigrants,32.0
2022-01,Yukon,Returning emigrants,12.0
2022-01,Yukon,Net non-permanent residents,-97.0
2022-01,Yukon,"Non-permanent residents, inflows",77.0
2022-01,Yukon,"Non-permanent residents, outflows",174.0
2022-01,Northwest Territories,Immigrants,78.0
2022-01,Northwest Territories,Net emigration,7.0
2022-01,Northwest Territories,Emigrants,8.0
2022-01,Northwest Territories,Returning emigrants,1.0
2022-01,Northwest Territories,Net non-permanent residents,-29.0
2022-01,Northwest Territories,"Non-permanent residents, inflows",31.0
2022-01,Northwest Territories,"Non-permanent residents, outflows",60.0
2022-01,Nunavut,Immigrants,11.0
2022-01,Nunavut,Net emigration,6.0
2022-01,Nunavut,Emigrants,7.0
2022-01,Nunavut,Returning emigrants,1.0
2022-01,Nunavut,Net non-permanent residents,-20.0
2022-01,Nunavut,"Non-permanent residents, inflows",3.0
2022-01,Nunavut,"Non-permanent residents, outflows",23.0
2022-04,Canada,Immigrants,118319.0
2022-04,Canada,Net emigration,11312.0
2022-04,Canada,Emigrants,25289.0
2022-04,Canada,Returning emigrants,13977.0
2022-04,Canada,Net non-permanent residents,149619.0
2022-04,Canada,"Non-permanent residents, inflows",221766.0
2022-04,Canada,"Non-permanent residents, outflows",72147.0
2022-04,Newfoundland and Labrador,Immigrants,686.0
2022-04,Newfoundland and Labrador,Net emigration,53.0
2022-04,Newfoundland and Labrador,Emigrants,106.0
2022-04,Newfoundland and Labrador,Returning emigrants,53.0
2022-04,Newfoundland and Labrador,Net non-permanent residents,1242.0
2022-04,Newfoundland and Labrador,"Non-permanent residents, inflows",1767.0
2022-04,Newfoundland and Labrador,"Non-permanent residents, outflows",525.0
2022-04,Prince Edward Island,Immigrants,868.0
2022-04,Prince Edward Island,Net emigration,22.0
2022-04,Prince Edward Island,Emigrants,52.0
2022-04,Prince Edward Island,Returning emigrants,30.0
2022-04,Prince Edward Island,Net non-permanent residents,422.0
2022-04,Prince Edward Island,"Non-permanent residents, inflows",967.0
2022-04,Prince Edward Island,"Non-permanent residents, outflows",545.0
2022-04,Nova Scotia,Immigrants,3506.0
2022-04,Nova Scotia,Net emigration,116.0
2022-04,Nova Scotia,Emigrants,347.0
2022-04,Nova Scotia,Returning emigrants,231.0
2022-04,Nova Scotia,Net non-permanent residents,3087.0
2022-04,Nova Scotia,"Non-permanent residents, inflows",5013.0
2022-04,Nova Scotia,"Non-permanent residents, outflows",1926.0
2022-04,New Brunswick,Immigrants,2615.0
2022-04,New Brunswick,Net emigration,100.0
2022-04,New Brunswick,Emigrants,248.0
2022-04,New Brunswick,Returning emigrants,148.0
2022-04,New Brunswick,Net non-permanent residents,2174.0
2022-04,New Brunswick,"Non-permanent residents, inflows",3417.0
2022-04,New Brunswick,"Non-permanent residents, outflows",1243.0
2022-04,Quebec,Immigrants,18294.0
2022-04,Quebec,Net emigration,1364.0
2022-04,Quebec,Emigrants,3681.0
2022-04,Quebec,Returning emigrants,2317.0
2022-04,Quebec,Net non-permanent residents,26007.0
2022-04,Quebec,"Non-permanent residents, inflows",43771.0
2022-04,Quebec,"Non-permanent residents, outflows",17764.0
2022-04,Ontario,Immigrants,50804.0
2022-04,Ontario,Net emigration,5393.0
2022-04,Ontario,Emigrants,11763.0
2022-04,Ontario,Returning emigrants,6370.0
2022-04,Ontario,Net non-permanent residents,73246.0
2022-04,Ontario,"Non-permanent residents, inflows",101074.0
2022-04,Ontario,"Non-permanent residents, outflows",27828.0
2022-04,Manitoba,Immigrants,5654.0
2022-04,Manitoba,Net emigration,306.0
2022-04,Manitoba,Emigrants,665.0
2022-04,Manitoba,Returning emigrants,359.0
2022-04,Manitoba,Net non-permanent residents,5008.0
2022-04,Manitoba,"Non-permanent residents, inflows",6701.0
2022-04,Manitoba,"Non-permanent residents, outflows",1693.0
2022-04,Saskatchewan,Immigrants,5404.0
2022-04,Saskatchewan,Net emigration,229.0
2022-04,Saskatchewan,Emigrants,514.0
2022-04,Saskatchewan,Returning emigrants,285.0
2022-04,Saskatchewan,Net non-permanent residents,1955.0
2022-04,Saskatchewan,"Non-permanent residents, inflows",3257.0
2022-04,Saskatchewan,"Non-permanent residents, outflows",1302.0
2022-04,Alberta,Immigrants,14255.0
2022-04,Alberta,Net emigration,1398.0
2022-04,Alberta,Emigrants,3350.0
2022-04,Alberta,Returning emigrants,1952.0
2022-04,Alberta,Net non-permanent residents,11669.0
2022-04,Alberta,"Non-permanent residents, inflows",16848.0
2022-04,Alberta,"Non-permanent residents, outflows",5179.0
2022-04,British Columbia,Immigrants,16013.0
2022-04,British Columbia,Net emigration,2313.0
2022-04,British Columbia,Emigrants,4529.0
2022-04,British Columbia,Returning emigrants,2216.0
2022-04,British Columbia,Net non-permanent residents,24667.0
2022-04,British Columbia,"Non-permanent residents, inflows",38672.0
2022-04,British Columbia,"Non-permanent residents, outflows",14005.0
2022-04,Yukon,Immigrants,136.0
2022-04,Yukon,Net emigration,8.0
2022-04,Yukon,Emigrants,20.0
2022-04,Yukon,Returning emigrants,12.0
2022-04,Yukon,Net non-permanent residents,129.0
2022-04,Yukon,"Non-permanent residents, inflows",213.0
2022-04,Yukon,"Non-permanent residents, outflows",84.0
2022-04,Northwest Territories,Immigrants,69.0
2022-04,Northwest Territories,Net emigration,7.0
2022-04,Northwest Territories,Emigrants,10.0
2022-04,Northwest Territories,Returning emigrants,3.0
2022-04,Northwest Territories,Net non-permanent residents,29.0
2022-04,Northwest Territories,"Non-permanent residents, inflows",60.0
2022-04,Northwest Territories,"Non-permanent residents, outflows",31.0
2022-04,Nunavut,Immigrants,15.0
2022-04,Nunavut,Net emigration,3.0
2022-04,Nunavut,Emigrants,4.0
2022-04,Nunavut,Returning emigrants,1.0
2022-04,Nunavut,Net non-permanent residents,-16.0
2022-04,Nunavut,"Non-permanent residents, inflows",6.0
2022-04,Nunavut,"Non-permanent residents, outflows",22.0
2022-07,Canada,Immigrants,122199.0
2022-07,Canada,Net emigration,16623.0
2022-07,Canada,Emigrants,35112.0
2022-07,Canada,Returning emigrants,18489.0
2022-07,Canada,Net non-permanent residents,213232.0
2022-07,Canada,"Non-permanent residents, inflows",321525.0
2022-07,Canada,"Non-permanent residents, outflows",108293.0
2022-07,Newfoundland and Labrador,Immigrants,1101.0
2022-07,Newfoundland and Labrador,Net emigration,43.0
2022-07,Newfoundland and Labrador,Emigrants,88.0
2022-07,Newfoundland and Labrador,Returning emigrants,45.0
2022-07,Newfoundland and Labrador,Net non-permanent residents,1367.0
2022-07,Newfoundland and Labrador,"Non-permanent residents, inflows",2414.0
2022-07,Newfoundland and Labrador,"Non-permanent residents, outflows",1047.0
2022-07,Prince Edward Island,Immigrants,835.0
2022-07,Prince Edward Island,Net emigration,30.0
2022-07,Prince Edward Island,Emigrants,72.0
2022-07,Prince Edward Island,Returning emigrants,42.0
2022-07,Prince Edward Island,Net non-permanent residents,1174.0
2022-07,Prince Edward Island,"Non-permanent residents, inflows",1707.0
2022-07,Prince Edward Island,"Non-permanent residents, outflows",533.0
2022-07,Nova Scotia,Immigrants,3937.0
2022-07,Nova Scotia,Net emigration,362.0
2022-07,Nova Scotia,Emigrants,567.0
2022-07,Nova Scotia,Returning emigrants,205.0
2022-07,Nova Scotia,Net non-permanent residents,4573.0
2022-07,Nova Scotia,"Non-permanent residents, inflows",7547.0
2022-07,Nova Scotia,"Non-permanent residents, outflows",2974.0
2022-07,New Brunswick,Immigrants,3319.0
2022-07,New Brunswick,Net emigration,155.0
2022-07,New Brunswick,Emigrants,275.0
2022-07,New Brunswick,Returning emigrants,120.0
2022-07,New Brunswick,Net non-permanent residents,3855.0
2022-07,New Brunswick,"Non-permanent residents, inflows",5425.0
2022-07,New Brunswick,"Non-permanent residents, outflows",1570.0
2022-07,Quebec,Immigrants,20607.0
2022-07,Quebec,Net emigration,2359.0
2022-07,Quebec,Emigrants,5004.0
2022-07,Quebec,Returning emigrants,2645.0
2022-07,Quebec,Net non-permanent residents,34547.0
2022-07,Quebec,"Non-permanent residents, inflows",58807.0
2022-07,Quebec,"Non-permanent residents, outflows",24260.0
2022-07,Ontario,Immigrants,50132.0
2022-07,Ontario,Net emigration,7947.0
2022-07,Ontario,Emigrants,16388.0
2022-07,Ontario,Returning emigrants,8441.0
2022-07,Ontario,Net non-permanent residents,103591.0
2022-07,Ontario,"Non-permanent residents, inflows",145139.0
2022-07,Ontario,"Non-permanent residents, outflows",41548.0
2022-07,Manitoba,Immigrants,6386.0
2022-07,Manitoba,Net emigration,502.0
2022-07,Manitoba,Emigrants,1119.0
2022-07,Manitoba,Returning emigrants,617.0
2022-07,Manitoba,Net non-permanent residents,6096.0
2022-07,Manitoba,"Non-permanent residents, inflows",9386.0
2022-07,Manitoba,"Non-permanent residents, outflows",3290.0
2022-07,Saskatchewan,Immigrants,6974.0
2022-07,Saskatchewan,Net emigration,212.0
2022-07,Saskatchewan,Emigrants,672.0
2022-07,Saskatchewan,Returning emigrants,460.0
2022-07,Saskatchewan,Net non-permanent residents,3246.0
2022-07,Saskatchewan,"Non-permanent residents, inflows",5052.0
2022-07,Saskatchewan,"Non-permanent residents, outflows",1806.0
2022-07,Alberta,Immigrants,12640.0
2022-07,Alberta,Net emigration,1832.0
2022-07,Alberta,Emigrants,4738.0
2022-07,Alberta,Returning emigrants,2906.0
2022-07,Alberta,Net non-permanent residents,18430.0
2022-07,Alberta,"Non-permanent residents, inflows",26195.0
2022-07,Alberta,"Non-permanent residents, outflows",7765.0
2022-07,British Columbia,Immigrants,16087.0
2022-07,British Columbia,Net emigration,3160.0
2022-07,British Columbia,Emigrants,6148.0
2022-07,British Columbia,Returning emigrants,2988.0
2022-07,British Columbia,Net non-permanent residents,36147.0
2022-07,British Columbia,"Non-permanent residents, inflows",59546.0
2022-07,British Columbia,"Non-permanent residents, outflows",23399.0
2022-07,Yukon,Immigrants,112.0
2022-07,Yukon,Net emigration,-2.0
2022-07,Yukon,Emigrants,11.0
2022-07,Yukon,Returning emigrants,13.0
2022-07,Yukon,Net non-permanent residents,172.0
2022-07,Yukon,"Non-permanent residents, inflows",228.0
2022-07,Yukon,"Non-permanent residents, outflows",56.0
2022-07,Northwest Territories,Immigrants,62.0
2022-07,Northwest Territories,Net emigration,19.0
2022-07,Northwest Territories,Emigrants,23.0
2022-07,Northwest Territories,Returning emigrants,4.0
2022-07,Northwest Territories,Net non-permanent residents,8.0
2022-07,Northwest Territories,"Non-permanent residents, inflows",46.0
2022-07,Northwest Territories,"Non-permanent residents, outflows",38.0
2022-07,Nunavut,Immigrants,7.0
2022-07,Nunavut,Net emigration,4.0
2022-07,Nunavut,Emigrants,7.0
2022-07,Nunavut,Returning emigrants,3.0
2022-07,Nunavut,Net non-permanent residents,26.0
2022-07,Nunavut,"Non-permanent residents, inflows",33.0
2022-07,Nunavut,"Non-permanent residents, outflows",7.0
2022-10,Canada,Immigrants,83291.0
2022-10,Canada,Net emigration,14323.0
2022-10,Canada,Emigrants,24377.0
2022-10,Canada,Returning emigrants,10054.0
2022-10,Canada,Net non-permanent residents,133347.0
2022-10,Canada,"Non-permanent residents, inflows",248201.0
2022-10,Canada,"Non-permanent residents, outflows",114854.0
2022-10,Newfoundland and Labrador,Immigrants,1084.0
2022-10,Newfoundland and Labrador,Net emigration,28.0
2022-10,Newfoundland and Labrador,Emigrants,51.0
2022-10,Newfoundland and Labrador,Returning emigrants,23.0
2022-10,Newfoundland and Labrador,Net non-permanent residents,806.0
2022-10,Newfoundland and Labrador,"Non-permanent residents, inflows",1786.0
2022-10,Newfoundland and Labrador,"Non-permanent residents, outflows",980.0
2022-10,Prince Edward Island,Immigrants,313.0
2022-10,Prince Edward Island,Net emigration,23.0
2022-10,Prince Edward Island,Emigrants,45.0
2022-10,Prince Edward Island,Returning emigrants,22.0
2022-10,Prince Edward Island,Net non-permanent residents,279.0
2022-10,Prince Edward Island,"Non-permanent residents, inflows",888.0
2022-10,Prince Edward Island,"Non-permanent residents, outflows",609.0
2022-10,Nova Scotia,Immigrants,1963.0
2022-10,Nova Scotia,Net emigration,216.0
2022-10,Nova Scotia,Emigrants,326.0
2022-10,Nova Scotia,Returning emigrants,110.0
2022-10,Nova Scotia,Net non-permanent residents,1864.0
2022-10,Nova Scotia,"Non-permanent residents, inflows",5166.0
2022-10,Nova Scotia,"Non-permanent residents, outflows",3302.0
2022-10,New Brunswick,Immigrants,2345.0
2022-10,New Brunswick,Net emigration,109.0
2022-10,New Brunswick,Emigrants,172.0
2022-10,New Brunswick,Returning emigrants,63.0
2022-10,New Brunswick,Net non-permanent residents,746.0
2022-10,New Brunswick,"Non-permanent residents, inflows",2652.0
2022-10,New Brunswick,"Non-permanent residents, outflows",1906.0
2022-10,Quebec,Immigrants,16188.0
2022-10,Quebec,Net emigration,1721.0
2022-10,Quebec,Emigrants,3073.0
2022-10,Quebec,Returning emigrants,1352.0
2022-10,Quebec,Net non-permanent residents,12268.0
2022-10,Quebec,"Non-permanent residents, inflows",42700.0
2022-10,Quebec,"Non-permanent residents, outflows",30432.0
2022-10,Ontario,Immigrants,33390.0
2022-10,Ontario,Net emigration,6653.0
2022-10,Ontario,Emigrants,11223.0
2022-10,Ontario,Returning emigrants,4570.0
2022-10,Ontario,Net non-permanent residents,71110.0
2022-10,Ontario,"Non-permanent residents, inflows",116975.0
2022-10,Ontario,"Non-permanent residents, outflows",45865.0
2022-10,Manitoba,Immigrants,4472.0
2022-10,Manitoba,Net emigration,427.0
2022-10,Manitoba,Emigrants,813.0
2022-10,Manitoba,Returning emigrants,386.0
2022-10,Manitoba,Net non-permanent residents,5890.0
2022-10,Manitoba,"Non-permanent residents, inflows",8212.0
2022-10,Manitoba,"Non-permanent residents, outflows",2322.0
2022-10,Saskatchewan,Immigrants,5140.0
2022-10,Saskatchewan,Net emigration,205.0
2022-10,Saskatchewan,Emigrants,444.0
2022-10,Saskatchewan,Returning emigrants,239.0
2022-10,Saskatchewan,Net non-permanent residents,3096.0
2022-10,Saskatchewan,"Non-permanent residents, inflows",4417.0
2022-10,Saskatchewan,"Non-permanent residents, outflows",1321.0
2022-10,Alberta,Immigrants,9933.0
2022-10,Alberta,Net emigration,1590.0
2022-10,Alberta,Emigrants,3102.0
2022-10,Alberta,Returning emigrants,1512.0
2022-10,Alberta,Net non-permanent residents,16227.0
2022-10,Alberta,"Non-permanent residents, inflows",22478.0
2022-10,Alberta,"Non-permanent residents, outflows",6251.0
2022-10,British Columbia,Immigrants,8392.0
2022-10,British Columbia,Net emigration,3330.0
2022-10,British Columbia,Emigrants,5096.0
2022-10,British Columbia,Returning emigrants,1766.0
2022-10,British Columbia,Net non-permanent residents,20851.0
2022-10,British Columbia,"Non-permanent residents, inflows",42610.0
2022-10,British Columbia,"Non-permanent residents, outflows",21759.0
2022-10,Yukon,Immigrants,37.0
2022-10,Yukon,Net emigration,3.0
2022-10,Yukon,Emigrants,10.0
2022-10,Yukon,Returning emigrants,7.0
2022-10,Yukon,Net non-permanent residents,137.0
2022-10,Yukon,"Non-permanent residents, inflows",229.0
2022-10,Yukon,"Non-permanent residents, outflows",92.0
2022-10,Northwest Territories,Immigrants,24.0
2022-10,Northwest Territories,Net emigration,17.0
2022-10,Northwest Territories,Emigrants,19.0
2022-10,Northwest Territories,Returning emigrants,2.0
2022-10,Northwest Territories,Net non-permanent residents,74.0
2022-10,Northwest Territories,"Non-permanent residents, inflows",81.0
2022-10,Northwest Territories,"Non-permanent residents, outflows",7.0
2022-10,Nunavut,Immigrants,10.0
2022-10,Nunavut,Net emigration,1.0
2022-10,Nunavut,Emigrants,3.0
2022-10,Nunavut,Returning emigrants,2.0
2022-10,Nunavut,Net non-permanent residents,-1.0
2022-10,Nunavut,"Non-permanent residents, inflows",7.0
2022-10,Nunavut,"Non-permanent residents, outflows",8.0
2023-01,Canada,Immigrants,145496.0
2023-01,Canada,Net emigration,18928.0
2023-01,Canada,Emigrants,28289.0
2023-01,Canada,Returning emigrants,9361.0
2023-01,Canada,Net non-permanent residents,81772.0
2023-01,Canada,"Non-permanent residents, inflows",208918.0
2023-01,Canada,"Non-permanent residents, outflows",127146.0
2023-01,Newfoundland and Labrador,Immigrants,2045.0
2023-01,Newfoundland and Labrador,Net emigration,33.0
2023-01,Newfoundland and Labrador,Emigrants,54.0
2023-01,Newfoundland and Labrador,Returning emigrants,21.0
2023-01,Newfoundland and Labrador,Net non-permanent residents,61.0
2023-01,Newfoundland and Labrador,"Non-permanent residents, inflows",1468.0
2023-01,Newfoundland and Labrador,"Non-permanent residents, outflows",1407.0
2023-01,Prince Edward Island,Immigrants,1274.0
2023-01,Prince Edward Island,Net emigration,28.0
2023-01,Prince Edward Island,Emigrants,48.0
2023-01,Prince Edward Island,Returning emigrants,20.0
2023-01,Prince Edward Island,Net non-permanent residents,-227.0
2023-01,Prince Edward Island,"Non-permanent residents, inflows",813.0
2023-01,Prince Edward Island,"Non-permanent residents, outflows",1040.0
2023-01,Nova Scotia,Immigrants,3936.0
2023-01,Nova Scotia,Net emigration,242.0
2023-01,Nova Scotia,Emigrants,346.0
2023-01,Nova Scotia,Returning emigrants,104.0
2023-01,Nova Scotia,Net non-permanent residents,1276.0
2023-01,Nova Scotia,"Non-permanent residents, inflows",4201.0
2023-01,Nova Scotia,"Non-permanent residents, outflows",2925.0
2023-01,New Brunswick,Immigrants,2942.0
2023-01,New Brunswick,Net emigration,128.0
2023-01,New Brunswick,Emigrants,190.0
2023-01,New Brunswick,Returning emigrants,62.0
2023-01,New Brunswick,Net non-permanent residents,1008.0
2023-01,New Brunswick,"Non-permanent residents, inflows",3146.0
2023-01,New Brunswick,"Non-permanent residents, outflows",2138.0
2023-01,Quebec,Immigrants,16063.0
2023-01,Quebec,Net emigration,1894.0
2023-01,Quebec,Emigrants,3046.0
2023-01,Quebec,Returning emigrants,1152.0
2023-01,Quebec,Net non-permanent residents,15826.0
2023-01,Quebec,"Non-permanent residents, inflows",40732.0
2023-01,Quebec,"Non-permanent residents, outflows",24906.0
2023-01,Ontario,Immigrants,60860.0
2023-01,Ontario,Net emigration,9441.0
2023-01,Ontario,Emigrants,13908.0
2023-01,Ontario,Returning emigrants,4467.0
2023-01,Ontario,Net non-permanent residents,34893.0
2023-01,Ontario,"Non-permanent residents, inflows",84633.0
2023-01,Ontario,"Non-permanent residents, outflows",49740.0
2023-01,Manitoba,Immigrants,8854.0
2023-01,Manitoba,Net emigration,490.0
2023-01,Manitoba,Emigrants,769.0
2023-01,Manitoba,Returning emigrants,279.0
2023-01,Manitoba,Net non-permanent residents,3376.0
2023-01,Manitoba,"Non-permanent residents, inflows",8703.0
2023-01,Manitoba,"Non-permanent residents, outflows",5327.0
2023-01,Saskatchewan,Immigrants,7393.0
2023-01,Saskatchewan,Net emigration,304.0
2023-01,Saskatchewan,Emigrants,508.0
2023-01,Saskatchewan,Returning emigrants,204.0
2023-01,Saskatchewan,Net non-permanent residents,243.0
2023-01,Saskatchewan,"Non-permanent residents, inflows",3640.0
2023-01,Saskatchewan,"Non-permanent residents, outflows",3397.0
2023-01,Alberta,Immigrants,17157.0
2023-01,Alberta,Net emigration,1818.0
2023-01,Alberta,Emigrants,3148.0
2023-01,Alberta,Returning emigrants,1330.0
2023-01,Alberta,Net non-permanent residents,15196.0
2023-01,Alberta,"Non-permanent residents, inflows",24940.0
2023-01,Alberta,"Non-permanent residents, outflows",9744.0
2023-01,British Columbia,Immigrants,24494.0
2023-01,British Columbia,Net emigration,4525.0
2023-01,British Columbia,Emigrants,6240.0
2023-01,British Columbia,Returning emigrants,1715.0
2023-01,British Columbia,Net non-permanent residents,10217.0
2023-01,British Columbia,"Non-permanent residents, inflows",36352.0
2023-01,British Columbia,"Non-permanent residents, outflows",26135.0
2023-01,Yukon,Immigrants,343.0
2023-01,Yukon,Net emigration,7.0
2023-01,Yukon,Emigrants,12.0
2023-01,Yukon,Returning emigrants,5.0
2023-01,Yukon,Net non-permanent residents,-95.0
2023-01,Yukon,"Non-permanent residents, inflows",208.0
2023-01,Yukon,"Non-permanent residents, outflows",303.0
2023-01,Northwest Territories,Immigrants,124.0
2023-01,Northwest Territories,Net emigration,14.0
2023-01,Northwest Territories,Emigrants,15.0
2023-01,Northwest Territories,Returning emigrants,1.0
2023-01,Northwest Territories,Net non-permanent residents,-18.0
2023-01,Northwest Territories,"Non-permanent residents, inflows",58.0
2023-01,Northwest Territories,"Non-permanent residents, outflows",76.0
2023-01,Nunavut,Immigrants,11.0
2023-01,Nunavut,Net emigration,4.0
2023-01,Nunavut,Emigrants,5.0
2023-01,Nunavut,Returning emigrants,1.0
2023-01,Nunavut,Net non-permanent residents,16.0
2023-01,Nunavut,"Non-permanent residents, inflows",24.0
2023-01,Nunavut,"Non-permanent residents, outflows",8.0
2023-04,Canada,Immigrants,117927.0
2023-04,Canada,Net emigration,11835.0
2023-04,Canada,Emigrants,25513.0
2023-04,Canada,Returning emigrants,13678.0
2023-04,Canada,Net non-permanent residents,221888.0
2023-04,Canada,"Non-permanent residents, inflows",300105.0
2023-04,Canada,"Non-permanent residents, outflows",78217.0
2023-04,Newfoundland and Labrador,Immigrants,1107.0
2023-04,Newfoundland and Labrador,Net emigration,41.0
2023-04,Newfoundland and Labrador,Emigrants,77.0
2023-04,Newfoundland and Labrador,Returning emigrants,36.0
2023-04,Newfoundland and Labrador,Net non-permanent residents,1472.0
2023-04,Newfoundland and Labrador,"Non-permanent residents, inflows",2014.0
2023-04,Newfoundland and Labrador,"Non-permanent residents, outflows",542.0
2023-04,Prince Edward Island,Immigrants,694.0
2023-04,Prince Edward Island,Net emigration,30.0
2023-04,Prince Edward Island,Emigrants,62.0
2023-04,Prince Edward Island,Returning emigrants,32.0
2023-04,Prince Edward Island,Net non-permanent residents,802.0
2023-04,Prince Edward Island,"Non-permanent residents, inflows",1231.0
2023-04,Prince Edward Island,"Non-permanent residents, outflows",429.0
2023-04,Nova Scotia,Immigrants,2469.0
2023-04,Nova Scotia,Net emigration,290.0
2023-04,Nova Scotia,Emigrants,451.0
2023-04,Nova Scotia,Returning emigrants,161.0
2023-04,Nova Scotia,Net non-permanent residents,5732.0
2023-04,Nova Scotia,"Non-permanent residents, inflows",7240.0
2023-04,Nova Scotia,"Non-permanent residents, outflows",1508.0
2023-04,New Brunswick,Immigrants,2415.0
2023-04,New Brunswick,Net emigration,168.0
2023-04,New Brunswick,Emigrants,268.0
2023-04,New Brunswick,Returning emigrants,100.0
2023-04,New Brunswick,Net non-permanent residents,3062.0
2023-04,New Brunswick,"Non-permanent residents, inflows",4188.0
2023-04,New Brunswick,"Non-permanent residents, outflows",1126.0
2023-04,Quebec,Immigrants,11617.0
2023-04,Quebec,Net emigration,1620.0
2023-04,Quebec,Emigrants,3564.0
2023-04,Quebec,Returning emigrants,1944.0
2023-04,Quebec,Net non-permanent residents,40906.0
2023-04,Quebec,"Non-permanent residents, inflows",54539.0
2023-04,Quebec,"Non-permanent residents, outflows",13633.0
2023-04,Ontario,Immigrants,54950.0
2023-04,Ontario,Net emigration,5573.0
2023-04,Ontario,Emigrants,11876.0
2023-04,Ontario,Returning emigrants,6303.0
2023-04,Ontario,Net non-permanent residents,101521.0
2023-04,Ontario,"Non-permanent residents, inflows",136948.0
2023-04,Ontario,"Non-permanent residents, outflows",35427.0
2023-04,Manitoba,Immigrants,5890.0
2023-04,Manitoba,Net emigration,212.0
2023-04,Manitoba,Emigrants,613.0
2023-04,Manitoba,Returning emigrants,401.0
2023-04,Manitoba,Net non-permanent residents,6532.0
2023-04,Manitoba,"Non-permanent residents, inflows",8823.0
2023-04,Manitoba,"Non-permanent residents, outflows",2291.0
2023-04,Saskatchewan,Immigrants,6623.0
2023-04,Saskatchewan,Net emigration,98.0
2023-04,Saskatchewan,Emigrants,434.0
2023-04,Saskatchewan,Returning emigrants,336.0
2023-04,Saskatchewan,Net non-permanent residents,3277.0
2023-04,Saskatchewan,"Non-permanent residents, inflows",4778.0
2023-04,Saskatchewan,"Non-permanent residents, outflows",1501.0
2023-04,Alberta,Immigrants,14581.0
2023-04,Alberta,Net emigration,1134.0
2023-04,Alberta,Emigrants,3162.0
2023-04,Alberta,Returning emigrants,2028.0
2023-04,Alberta,Net non-permanent residents,21753.0
2023-04,Alberta,"Non-permanent residents, inflows",26338.0
2023-04,Alberta,"Non-permanent residents, outflows",4585.0
2023-04,British Columbia,Immigrants,17307.0
2023-04,British Columbia,Net emigration,2654.0
2023-04,British Columbia,Emigrants,4978.0
2023-04,British Columbia,Returning emigrants,2324.0
2023-04,British Columbia,Net non-permanent residents,36429.0
2023-04,British Columbia,"Non-permanent residents, inflows",53478.0
2023-04,British Columbia,"Non-permanent residents, outflows",17049.0
2023-04,Yukon,Immigrants,185.0
2023-04,Yukon,Net emigration,1.0
2023-04,Yukon,Emigrants,10.0
2023-04,Yukon,Returning emigrants,9.0
2023-04,Yukon,Net non-permanent residents,279.0
2023-04,Yukon,"Non-permanent residents, inflows",384.0
2023-04,Yukon,"Non-permanent residents, outflows",105.0
2023-04,Northwest Territories,Immigrants,72.0
2023-04,Northwest Territories,Net emigration,11.0
2023-04,Northwest Territories,Emigrants,14.0
2023-04,Northwest Territories,Returning emigrants,3.0
2023-04,Northwest Territories,Net non-permanent residents,105.0
2023-04,Northwest Territories,"Non-permanent residents, inflows",119.0
2023-04,Northwest Territories,"Non-permanent residents, outflows",14.0
2023-04,Nunavut,Immigrants,17.0
2023-04,Nunavut,Net emigration,3.0
2023-04,Nunavut,Emigrants,4.0
2023-04,Nunavut,Returning emigrants,1.0
2023-04,Nunavut,Net non-permanent residents,18.0
2023-04,Nunavut,"Non-permanent residents, inflows",25.0
2023-04,Nunavut,"Non-permanent residents, outflows",7.0
2023-07,Canada,Immigrants,107988.0
2023-07,Canada,Net emigration,15573.0
2023-07,Canada,Emigrants,34123.0
2023-07,Canada,Returning emigrants,18550.0
2023-07,Canada,Net non-permanent residents,308212.0
2023-07,Canada,"Non-permanent residents, inflows",430470.0
2023-07,Canada,"Non-permanent residents, outflows",122258.0
2023-07,Newfoundland and Labrador,Immigrants,1055.0
2023-07,Newfoundland and Labrador,Net emigration,62.0
2023-07,Newfoundland and Labrador,Emigrants,116.0
2023-07,Newfoundland and Labrador,Returning emigrants,54.0
2023-07,Newfoundland and Labrador,Net non-permanent residents,1762.0
2023-07,Newfoundland and Labrador,"Non-permanent residents, inflows",2766.0
2023-07,Newfoundland and Labrador,"Non-permanent residents, outflows",1004.0
2023-07,Prince Edward Island,Immigrants,826.0
2023-07,Prince Edward Island,Net emigration,60.0
2023-07,Prince Edward Island,Emigrants,91.0
2023-07,Prince Edward Island,Returning emigrants,31.0
2023-07,Prince Edward Island,Net non-permanent residents,1511.0
2023-07,Prince Edward Island,"Non-permanent residents, inflows",2108.0
2023-07,Prince Edward Island,"Non-permanent residents, outflows",597.0
2023-07,Nova Scotia,Immigrants,2615.0
2023-07,Nova Scotia,Net emigration,381.0
2023-07,Nova Scotia,Emigrants,676.0
2023-07,Nova Scotia,Returning emigrants,295.0
2023-07,Nova Scotia,Net non-permanent residents,6310.0
2023-07,Nova Scotia,"Non-permanent residents, inflows",9406.0
2023-07,Nova Scotia,"Non-permanent residents, outflows",3096.0
2023-07,New Brunswick,Immigrants,2883.0
2023-07,New Brunswick,Net emigration,100.0
2023-07,New Brunswick,Emigrants,217.0
2023-07,New Brunswick,Returning emigrants,117.0
2023-07,New Brunswick,Net non-permanent residents,5988.0
2023-07,New Brunswick,"Non-permanent residents, inflows",8082.0
2023-07,New Brunswick,"Non-permanent residents, outflows",2094.0
2023-07,Quebec,Immigrants,16516.0
2023-07,Quebec,Net emigration,2051.0
2023-07,Quebec,Emigrants,4720.0
2023-07,Quebec,Returning emigrants,2669.0
2023-07,Quebec,Net non-permanent residents,48466.0
2023-07,Quebec,"Non-permanent residents, inflows",72569.0
2023-07,Quebec,"Non-permanent residents, outflows",24103.0
2023-07,Ontario,Immigrants,47161.0
2023-07,Ontario,Net emigration,7243.0
2023-07,Ontario,Emigrants,15453.0
2023-07,Ontario,Returning emigrants,8210.0
2023-07,Ontario,Net non-permanent residents,150223.0
2023-07,Ontario,"Non-permanent residents, inflows",202506.0
2023-07,Ontario,"Non-permanent residents, outflows",52283.0
2023-07,Manitoba,Immigrants,5032.0
2023-07,Manitoba,Net emigration,345.0
2023-07,Manitoba,Emigrants,964.0
2023-07,Manitoba,Returning emigrants,619.0
2023-07,Manitoba,Net non-permanent residents,6273.0
2023-07,Manitoba,"Non-permanent residents, inflows",10486.0
2023-07,Manitoba,"Non-permanent residents, outflows",4213.0
2023-07,Saskatchewan,Immigrants,6025.0
2023-07,Saskatchewan,Net emigration,281.0
2023-07,Saskatchewan,Emigrants,761.0
2023-07,Saskatchewan,Returning emigrants,480.0
2023-07,Saskatchewan,Net non-permanent residents,6119.0
2023-07,Saskatchewan,"Non-permanent residents, inflows",7734.0
2023-07,Saskatchewan,"Non-permanent residents, outflows",1615.0
2023-07,Alberta,Immigrants,11869.0
2023-07,Alberta,Net emigration,1865.0
2023-07,Alberta,Emigrants,4733.0
2023-07,Alberta,Returning emigrants,2868.0
2023-07,Alberta,Net non-permanent residents,31243.0
2023-07,Alberta,"Non-permanent residents, inflows",39172.0
2023-07,Alberta,"Non-permanent residents, outflows",7929.0
2023-07,British Columbia,Immigrants,13754.0
2023-07,British Columbia,Net emigration,3182.0
2023-07,British Columbia,Emigrants,6376.0
2023-07,British Columbia,Returning emigrants,3194.0
2023-07,British Columbia,Net non-permanent residents,49864.0
2023-07,British Columbia,"Non-permanent residents, inflows",75063.0
2023-07,British Columbia,"Non-permanent residents, outflows",25199.0
2023-07,Yukon,Immigrants,167.0
2023-07,Yukon,Net emigration,-5.0
2023-07,Yukon,Emigrants,3.0
2023-07,Yukon,Returning emigrants,8.0
2023-07,Yukon,Net non-permanent residents,289.0
2023-07,Yukon,"Non-permanent residents, inflows",376.0
2023-07,Yukon,"Non-permanent residents, outflows",87.0
2023-07,Northwest Territories,Immigrants,69.0
2023-07,Northwest Territories,Net emigration,8.0
2023-07,Northwest Territories,Emigrants,13.0
2023-07,Northwest Territories,Returning emigrants,5.0
2023-07,Northwest Territories,Net non-permanent residents,97.0
2023-07,Northwest Territories,"Non-permanent residents, inflows",120.0
2023-07,Northwest Territories,"Non-permanent residents, outflows",23.0
2023-07,Nunavut,Immigrants,16.0
2023-07,Nunavut,Net emigration,0.0
2023-07,Nunavut,Emigrants,0.0
2023-07,Nunavut,Returning emigrants,0.0
2023-07,Nunavut,Net non-permanent residents,67.0
2023-07,Nunavut,"Non-permanent residents, inflows",82.0
2023-07,Nunavut,"Non-permanent residents, outflows",15.0
2023-10,Canada,Immigrants,100406.0
2023-10,Canada,Net emigration,14845.0
2023-10,Canada,Emigrants,24636.0
2023-10,Canada,Returning emigrants,9791.0
2023-10,Canada,Net non-permanent residents,144817.0
2023-10,Canada,"Non-permanent residents, inflows",293380.0
2023-10,Canada,"Non-permanent residents, outflows",148563.0
2023-10,Newfoundland and Labrador,Immigrants,1279.0
2023-10,Newfoundland and Labrador,Net emigration,36.0
2023-10,Newfoundland and Labrador,Emigrants,60.0
2023-10,Newfoundland and Labrador,Returning emigrants,24.0
2023-10,Newfoundland and Labrador,Net non-permanent residents,247.0
2023-10,Newfoundland and Labrador,"Non-permanent residents, inflows",1479.0
2023-10,Newfoundland and Labrador,"Non-permanent residents, outflows",1232.0
2023-10,Prince Edward Island,Immigrants,824.0
2023-10,Prince Edward Island,Net emigration,42.0
2023-10,Prince Edward Island,Emigrants,59.0
2023-10,Prince Edward Island,Returning emigrants,17.0
2023-10,Prince Edward Island,Net non-permanent residents,-184.0
2023-10,Prince Edward Island,"Non-permanent residents, inflows",813.0
2023-10,Prince Edward Island,"Non-permanent residents, outflows",997.0
2023-10,Nova Scotia,Immigrants,2787.0
2023-10,Nova Scotia,Net emigration,302.0
2023-10,Nova Scotia,Emigrants,460.0
2023-10,Nova Scotia,Returning emigrants,158.0
2023-10,Nova Scotia,Net non-permanent residents,929.0
2023-10,Nova Scotia,"Non-permanent residents, inflows",5144.0
2023-10,Nova Scotia,"Non-permanent residents, outflows",4215.0
2023-10,New Brunswick,Immigrants,3210.0
2023-10,New Brunswick,Net emigration,75.0
2023-10,New Brunswick,Emigrants,134.0
2023-10,New Brunswick,Returning emigrants,59.0
2023-10,New Brunswick,Net non-permanent residents,1388.0
2023-10,New Brunswick,"Non-permanent residents, inflows",3774.0
2023-10,New Brunswick,"Non-permanent residents, outflows",2386.0
2023-10,Quebec,Immigrants,8612.0
2023-10,Quebec,Net emigration,1666.0
2023-10,Quebec,Emigrants,2993.0
2023-10,Quebec,Returning emigrants,1327.0
2023-10,Quebec,Net non-permanent residents,19894.0
2023-10,Quebec,"Non-permanent residents, inflows",49260.0
2023-10,Quebec,"Non-permanent residents, outflows",29366.0
2023-10,Ontario,Immigrants,43892.0
2023-10,Ontario,Net emigration,6469.0
2023-10,Ontario,Emigrants,10747.0
2023-10,Ontario,Returning emigrants,4278.0
2023-10,Ontario,Net non-permanent residents,75937.0
2023-10,Ontario,"Non-permanent residents, inflows",139067.0
2023-10,Ontario,"Non-permanent residents, outflows",63130.0
2023-10,Manitoba,Immigrants,5142.0
2023-10,Manitoba,Net emigration,307.0
2023-10,Manitoba,Emigrants,611.0
2023-10,Manitoba,Returning emigrants,304.0
2023-10,Manitoba,Net non-permanent residents,4896.0
2023-10,Manitoba,"Non-permanent residents, inflows",8360.0
2023-10,Manitoba,"Non-permanent residents, outflows",3464.0
2023-10,Saskatchewan,Immigrants,5134.0
2023-10,Saskatchewan,Net emigration,210.0
2023-10,Saskatchewan,Emigrants,438.0
2023-10,Saskatchewan,Returning emigrants,228.0
2023-10,Saskatchewan,Net non-permanent residents,3326.0
2023-10,Saskatchewan,"Non-permanent residents, inflows",5505.0
2023-10,Saskatchewan,"Non-permanent residents, outflows",2179.0
2023-10,Alberta,Immigrants,13981.0
2023-10,Alberta,Net emigration,1573.0
2023-10,Alberta,Emigrants,2983.0
2023-10,Alberta,Returning emigrants,1410.0
2023-10,Alberta,Net non-permanent residents,21560.0
2023-10,Alberta,"Non-permanent residents, inflows",30807.0
2023-10,Alberta,"Non-permanent residents, outflows",9247.0
2023-10,British Columbia,Immigrants,15273.0
2023-10,British Columbia,Net emigration,4160.0
2023-10,British Columbia,Emigrants,6142.0
2023-10,British Columbia,Returning emigrants,1982.0
2023-10,British Columbia,Net non-permanent residents,16646.0
2023-10,British Columbia,"Non-permanent residents, inflows",48709.0
2023-10,British Columbia,"Non-permanent residents, outflows",32063.0
2023-10,Yukon,Immigrants,195.0
2023-10,Yukon,Net emigration,-1.0
2023-10,Yukon,Emigrants,2.0
2023-10,Yukon,Returning emigrants,3.0
2023-10,Yukon,Net non-permanent residents,69.0
2023-10,Yukon,"Non-permanent residents, inflows",282.0
2023-10,Yukon,"Non-permanent residents, outflows",213.0
2023-10,Northwest Territories,Immigrants,64.0
2023-10,Northwest Territories,Net emigration,6.0
2023-10,Northwest Territories,Emigrants,7.0
2023-10,Northwest Territories,Returning emigrants,1.0
2023-10,Northwest Territories,Net non-permanent residents,125.0
2023-10,Northwest Territories,"Non-permanent residents, inflows",142.0
2023-10,Northwest Territories,"Non-permanent residents, outflows",17.0
2023-10,Nunavut,Immigrants,13.0
2023-10,Nunavut,Net emigration,0.0
2023-10,Nunavut,Emigrants,0.0
2023-10,Nunavut,Returning emigrants,0.0
2023-10,Nunavut,Net non-permanent residents,-16.0
2023-10,Nunavut,"Non-permanent residents, inflows",38.0
2023-10,Nunavut,"Non-permanent residents, outflows",54.0
2024-01,Canada,Immigrants,121778.0
2024-01,Canada,Net emigration,16667.0
2024-01,Canada,Emigrants,25131.0
2024-01,Canada,Returning emigrants,8464.0
2024-01,Canada,Net non-permanent residents,135603.0
2024-01,Canada,"Non-permanent residents, inflows",273335.0
2024-01,Canada,"Non-permanent residents, outflows",137732.0
2024-01,Newfoundland and Labrador,Immigrants,1387.0
2024-01,Newfoundland and Labrador,Net emigration,42.0
2024-01,Newfoundland and Labrador,Emigrants,63.0
2024-01,Newfoundland and Labrador,Returning emigrants,21.0
2024-01,Newfoundland and Labrador,Net non-permanent residents,682.0
2024-01,Newfoundland and Labrador,"Non-permanent residents, inflows",1769.0
2024-01,Newfoundland and Labrador,"Non-permanent residents, outflows",1087.0
2024-01,Prince Edward Island,Immigrants,1328.0
2024-01,Prince Edward Island,Net emigration,41.0
2024-01,Prince Edward Island,Emigrants,58.0
2024-01,Prince Edward Island,Returning emigrants,17.0
2024-01,Prince Edward Island,Net non-permanent residents,-409.0
2024-01,Prince Edward Island,"Non-permanent residents, inflows",775.0
2024-01,Prince Edward Island,"Non-permanent residents, outflows",1184.0
2024-01,Nova Scotia,Immigrants,4022.0
2024-01,Nova Scotia,Net emigration,304.0
2024-01,Nova Scotia,Emigrants,439.0
2024-01,Nova Scotia,Returning emigrants,135.0
2024-01,Nova Scotia,Net non-permanent residents,1045.0
2024-01,Nova Scotia,"Non-permanent residents, inflows",4770.0
2024-01,Nova Scotia,"Non-permanent residents, outflows",3725.0
2024-01,New Brunswick,Immigrants,3986.0
2024-01,New Brunswick,Net emigration,73.0
2024-01,New Brunswick,Emigrants,121.0
2024-01,New Brunswick,Returning emigrants,48.0
2024-01,New Brunswick,Net non-permanent residents,606.0
2024-01,New Brunswick,"Non-permanent residents, inflows",3858.0
2024-01,New Brunswick,"Non-permanent residents, outflows",3252.0
2024-01,Quebec,Immigrants,13371.0
2024-01,Quebec,Net emigration,1787.0
2024-01,Quebec,Emigrants,2888.0
2024-01,Quebec,Returning emigrants,1101.0
2024-01,Quebec,Net non-permanent residents,25303.0
2024-01,Quebec,"Non-permanent residents, inflows",51566.0
2024-01,Quebec,"Non-permanent residents, outflows",26263.0
2024-01,Ontario,Immigrants,52790.0
2024-01,Ontario,Net emigration,8011.0
2024-01,Ontario,Emigrants,11868.0
2024-01,Ontario,Returning emigrants,3857.0
2024-01,Ontario,Net non-permanent residents,52026.0
2024-01,Ontario,"Non-permanent residents, inflows",111996.0
2024-01,Ontario,"Non-permanent residents, outflows",59970.0
2024-01,Manitoba,Immigrants,5674.0
2024-01,Manitoba,Net emigration,255.0
2024-01,Manitoba,Emigrants,484.0
2024-01,Manitoba,Returning emigrants,229.0
2024-01,Manitoba,Net non-permanent residents,6354.0
2024-01,Manitoba,"Non-permanent residents, inflows",9932.0
2024-01,Manitoba,"Non-permanent residents, outflows",3578.0
2024-01,Saskatchewan,Immigrants,5607.0
2024-01,Saskatchewan,Net emigration,223.0
2024-01,Saskatchewan,Emigrants,405.0
2024-01,Saskatchewan,Returning emigrants,182.0
2024-01,Saskatchewan,Net non-permanent residents,2371.0
2024-01,Saskatchewan,"Non-permanent residents, inflows",4909.0
2024-01,Saskatchewan,"Non-permanent residents, outflows",2538.0
2024-01,Alberta,Immigrants,15405.0
2024-01,Alberta,Net emigration,1850.0
2024-01,Alberta,Emigrants,3041.0
2024-01,Alberta,Returning emigrants,1191.0
2024-01,Alberta,Net non-permanent residents,25570.0
2024-01,Alberta,"Non-permanent residents, inflows",35179.0
2024-01,Alberta,"Non-permanent residents, outflows",9609.0
2024-01,British Columbia,Immigrants,17786.0
2024-01,British Columbia,Net emigration,4068.0
2024-01,British Columbia,Emigrants,5745.0
2024-01,British Columbia,Returning emigrants,1677.0
2024-01,British Columbia,Net non-permanent residents,21847.0
2024-01,British Columbia,"Non-permanent residents, inflows",48065.0
2024-01,British Columbia,"Non-permanent residents, outflows",26218.0
2024-01,Yukon,Immigrants,297.0
2024-01,Yukon,Net emigration,1.0
2024-01,Yukon,Emigrants,4.0
2024-01,Yukon,Returning emigrants,3.0
2024-01,Yukon,Net non-permanent residents,83.0
2024-01,Yukon,"Non-permanent residents, inflows",323.0
2024-01,Yukon,"Non-permanent residents, outflows",240.0
2024-01,Northwest Territories,Immigrants,116.0
2024-01,Northwest Territories,Net emigration,12.0
2024-01,Northwest Territories,Emigrants,15.0
2024-01,Northwest Territories,Returning emigrants,3.0
2024-01,Northwest Territories,Net non-permanent residents,89.0
2024-01,Northwest Territories,"Non-permanent residents, inflows",147.0
2024-01,Northwest Territories,"Non-permanent residents, outflows",58.0
2024-01,Nunavut,Immigrants,9.0
2024-01,Nunavut,Net emigration,0.0
2024-01,Nunavut,Emigrants,0.0
2024-01,Nunavut,Returning emigrants,0.0
2024-01,Nunavut,Net non-permanent residents,36.0
2024-01,Nunavut,"Non-permanent residents, inflows",46.0
2024-01,Nunavut,"Non-permanent residents, outflows",10.0
2024-04,Canada,Immigrants,134172.0
2024-04,Canada,Net emigration,12405.0
2024-04,Canada,Emigrants,23986.0
2024-04,Canada,Returning emigrants,11581.0
2024-04,Canada,Net non-permanent residents,114574.0
2024-04,Canada,"Non-permanent residents, inflows",248700.0
2024-04,Canada,"Non-permanent residents, outflows",134126.0
2024-04,Newfoundland and Labrador,Immigrants,1612.0
2024-04,Newfoundland and Labrador,Net emigration,37.0
2024-04,Newfoundland and Labrador,Emigrants,68.0
2024-04,Newfoundland and Labrador,Returning emigrants,31.0
2024-04,Newfoundland and Labrador,Net non-permanent residents,1087.0
2024-04,Newfoundland and Labrador,"Non-permanent residents, inflows",2207.0
2024-04,Newfoundland and Labrador,"Non-permanent residents, outflows",1120.0
2024-04,Prince Edward Island,Immigrants,1169.0
2024-04,Prince Edward Island,Net emigration,53.0
2024-04,Prince Edward Island,Emigrants,75.0
2024-04,Prince Edward Island,Returning emigrants,22.0
2024-04,Prince Edward Island,Net non-permanent residents,-36.0
2024-04,Prince Edward Island,"Non-permanent residents, inflows",931.0
2024-04,Prince Edward Island,"Non-permanent residents, outflows",967.0
2024-04,Nova Scotia,Immigrants,4341.0
2024-04,Nova Scotia,Net emigration,272.0
2024-04,Nova Scotia,Emigrants,457.0
2024-04,Nova Scotia,Returning emigrants,185.0
2024-04,Nova Scotia,Net non-permanent residents,1320.0
2024-04,Nova Scotia,"Non-permanent residents, inflows",4794.0
2024-04,Nova Scotia,"Non-permanent residents, outflows",3474.0
2024-04,New Brunswick,Immigrants,4896.0
2024-04,New Brunswick,Net emigration,63.0
2024-04,New Brunswick,Emigrants,133.0
2024-04,New Brunswick,Returning emigrants,70.0
2024-04,New Brunswick,Net non-permanent residents,1516.0
2024-04,New Brunswick,"Non-permanent residents, inflows",3984.0
2024-04,New Brunswick,"Non-permanent residents, outflows",2468.0
2024-04,Quebec,Immigrants,16956.0
2024-04,Quebec,Net emigration,1528.0
2024-04,Quebec,Emigrants,3165.0
2024-04,Quebec,Returning emigrants,1637.0
2024-04,Quebec,Net non-permanent residents,30175.0
2024-04,Quebec,"Non-permanent residents, inflows",52985.0
2024-04,Quebec,"Non-permanent residents, outflows",22810.0
2024-04,Ontario,Immigrants,53846.0
2024-04,Ontario,Net emigration,6022.0
2024-04,Ontario,Emigrants,11217.0
2024-04,Ontario,Returning emigrants,5195.0
2024-04,Ontario,Net non-permanent residents,46225.0
2024-04,Ontario,"Non-permanent residents, inflows",104958.0
2024-04,Ontario,"Non-permanent residents, outflows",58733.0
2024-04,Manitoba,Immigrants,7741.0
2024-04,Manitoba,Net emigration,159.0
2024-04,Manitoba,Emigrants,513.0
2024-04,Manitoba,Returning emigrants,354.0
2024-04,Manitoba,Net non-permanent residents,1462.0
2024-04,Manitoba,"Non-permanent residents, inflows",6249.0
2024-04,Manitoba,"Non-permanent residents, outflows",4787.0
2024-04,Saskatchewan,Immigrants,7414.0
2024-04,Saskatchewan,Net emigration,62.0
2024-04,Saskatchewan,Emigrants,321.0
2024-04,Saskatchewan,Returning emigrants,259.0
2024-04,Saskatchewan,Net non-permanent residents,1751.0
2024-04,Saskatchewan,"Non-permanent residents, inflows",4717.0
2024-04,Saskatchewan,"Non-permanent residents, outflows",2966.0
2024-04,Alberta,Immigrants,19032.0
2024-04,Alberta,Net emigration,1201.0
2024-04,Alberta,Emigrants,2906.0
2024-04,Alberta,Returning emigrants,1705.0
2024-04,Alberta,Net non-permanent residents,15422.0
2024-04,Alberta,"Non-permanent residents, inflows",26644.0
2024-04,Alberta,"Non-permanent residents, outflows",11222.0
2024-04,British Columbia,Immigrants,16793.0
2024-04,British Columbia,Net emigration,3006.0
2024-04,British Columbia,Emigrants,5123.0
2024-04,British Columbia,Returning emigrants,2117.0
2024-04,British Columbia,Net non-permanent residents,15438.0
2024-04,British Columbia,"Non-permanent residents, inflows",40747.0
2024-04,British Columbia,"Non-permanent residents, outflows",25309.0
2024-04,Yukon,Immigrants,236.0
2024-04,Yukon,Net emigration,-4.0
2024-04,Yukon,Emigrants,0.0
2024-04,Yukon,Returning emigrants,4.0
2024-04,Yukon,Net non-permanent residents,154.0
2024-04,Yukon,"Non-permanent residents, inflows",339.0
2024-04,Yukon,"Non-permanent residents, outflows",185.0
2024-04,Northwest Territories,Immigrants,117.0
2024-04,Northwest Territories,Net emigration,6.0
2024-04,Northwest Territories,Emigrants,8.0
2024-04,Northwest Territories,Returning emigrants,2.0
2024-04,Northwest Territories,Net non-permanent residents,47.0
2024-04,Northwest Territories,"Non-permanent residents, inflows",115.0
2024-04,Northwest Territories,"Non-permanent residents, outflows",68.0
2024-04,Nunavut,Immigrants,19.0
2024-04,Nunavut,Net emigration,0.0
2024-04,Nunavut,Emigrants,0.0
2024-04,Nunavut,Returning emigrants,0.0
2024-04,Nunavut,Net non-permanent residents,13.0
2024-04,Nunavut,"Non-permanent residents, inflows",30.0
2024-04,Nunavut,"Non-permanent residents, outflows",17.0
2024-07,Canada,Immigrants,124266.0
2024-07,Canada,Net emigration,16010.0
2024-07,Canada,Emigrants,35087.0
2024-07,Canada,Returning emigrants,19077.0
2024-07,Canada,Net non-permanent residents,84202.0
2024-07,Canada,"Non-permanent residents, inflows",268076.0
2024-07,Canada,"Non-permanent residents, outflows",183874.0
2024-07,Newfoundland and Labrador,Immigrants,1621.0
2024-07,Newfoundland and Labrador,Net emigration,64.0
2024-07,Newfoundland and Labrador,Emigrants,120.0
2024-07,Newfoundland and Labrador,Returning emigrants,56.0
2024-07,Newfoundland and Labrador,Net non-permanent residents,613.0
2024-07,Newfoundland and Labrador,"Non-permanent residents, inflows",2195.0
2024-07,Newfoundland and Labrador,"Non-permanent residents, outflows",1582.0
2024-07,Prince Edward Island,Immigrants,980.0
2024-07,Prince Edward Island,Net emigration,63.0
2024-07,Prince Edward Island,Emigrants,95.0
2024-07,Prince Edward Island,Returning emigrants,32.0
2024-07,Prince Edward Island,Net non-permanent residents,490.0
2024-07,Prince Edward Island,"Non-permanent residents, inflows",1282.0
2024-07,Prince Edward Island,"Non-permanent residents, outflows",792.0
2024-07,Nova Scotia,Immigrants,3619.0
2024-07,Nova Scotia,Net emigration,391.0
2024-07,Nova Scotia,Emigrants,695.0
2024-07,Nova Scotia,Returning emigrants,304.0
2024-07,Nova Scotia,Net non-permanent residents,1828.0
2024-07,Nova Scotia,"Non-permanent residents, inflows",6059.0
2024-07,Nova Scotia,"Non-permanent residents, outflows",4231.0
2024-07,New Brunswick,Immigrants,4138.0
2024-07,New Brunswick,Net emigration,101.0
2024-07,New Brunswick,Emigrants,223.0
2024-07,New Brunswick,Returning emigrants,122.0
2024-07,New Brunswick,Net non-permanent residents,2558.0
2024-07,New Brunswick,"Non-permanent residents, inflows",5361.0
2024-07,New Brunswick,"Non-permanent residents, outflows",2803.0
2024-07,Quebec,Immigrants,16617.0
2024-07,Quebec,Net emigration,2107.0
2024-07,Quebec,Emigrants,4852.0
2024-07,Quebec,Returning emigrants,2745.0
2024-07,Quebec,Net non-permanent residents,28903.0
2024-07,Quebec,"Non-permanent residents, inflows",57119.0
2024-07,Quebec,"Non-permanent residents, outflows",28216.0
2024-07,Ontario,Immigrants,51324.0
2024-07,Ontario,Net emigration,7448.0
2024-07,Ontario,Emigrants,15889.0
2024-07,Ontario,Returning emigrants,8441.0
2024-07,Ontario,Net non-permanent residents,18695.0
2024-07,Ontario,"Non-permanent residents, inflows",104714.0
2024-07,Ontario,"Non-permanent residents, outflows",86019.0
2024-07,Manitoba,Immigrants,6813.0
2024-07,Manitoba,Net emigration,355.0
2024-07,Manitoba,Emigrants,992.0
2024-07,Manitoba,Returning emigrants,637.0
2024-07,Manitoba,Net non-permanent residents,1507.0
2024-07,Manitoba,"Non-permanent residents, inflows",7341.0
2024-07,Manitoba,"Non-permanent residents, outflows",5834.0
2024-07,Saskatchewan,Immigrants,6045.0
2024-07,Saskatchewan,Net emigration,290.0
2024-07,Saskatchewan,Emigrants,784.0
2024-07,Saskatchewan,Returning emigrants,494.0
2024-07,Saskatchewan,Net non-permanent residents,2880.0
2024-07,Saskatchewan,"Non-permanent residents, inflows",5747.0
2024-07,Saskatchewan,"Non-permanent residents, outflows",2867.0
2024-07,Alberta,Immigrants,16903.0
2024-07,Alberta,Net emigration,1917.0
2024-07,Alberta,Emigrants,4866.0
2024-07,Alberta,Returning emigrants,2949.0
2024-07,Alberta,Net non-permanent residents,13190.0
2024-07,Alberta,"Non-permanent residents, inflows",29073.0
2024-07,Alberta,"Non-permanent residents, outflows",15883.0
2024-07,British Columbia,Immigrants,15807.0
2024-07,British Columbia,Net emigration,3271.0
2024-07,British Columbia,Emigrants,6555.0
2024-07,British Columbia,Returning emigrants,3284.0
2024-07,British Columbia,Net non-permanent residents,13339.0
2024-07,British Columbia,"Non-permanent residents, inflows",48710.0
2024-07,British Columbia,"Non-permanent residents, outflows",35371.0
2024-07,Yukon,Immigrants,276.0
2024-07,Yukon,Net emigration,-5.0
2024-07,Yukon,Emigrants,3.0
2024-07,Yukon,Returning emigrants,8.0
2024-07,Yukon,Net non-permanent residents,55.0
2024-07,Yukon,"Non-permanent residents, inflows",300.0
2024-07,Yukon,"Non-permanent residents, outflows",245.0
2024-07,Northwest Territories,Immigrants,106.0
2024-07,Northwest Territories,Net emigration,8.0
2024-07,Northwest Territories,Emigrants,13.0
2024-07,Northwest Territories,Returning emigrants,5.0
2024-07,Northwest Territories,Net non-permanent residents,82.0
2024-07,Northwest Territories,"Non-permanent residents, inflows",105.0
2024-07,Northwest Territories,"Non-permanent residents, outflows",23.0
2024-07,Nunavut,Immigrants,17.0
2024-07,Nunavut,Net emigration,0.0
2024-07,Nunavut,Emigrants,0.0
2024-07,Nunavut,Returning emigrants,0.0
2024-07,Nunavut,Net non-permanent residents,62.0
2024-07,Nunavut,"Non-permanent residents, inflows",70.0
2024-07,Nunavut,"Non-permanent residents, outflows",8.0
2024-10,Canada,Immigrants,103438.0
2024-10,Canada,Net emigration,15267.0
2024-10,Canada,Emigrants,25331.0
2024-10,Canada,Returning emigrants,10064.0
2024-10,Canada,Net non-permanent residents,-31689.0
2024-10,Canada,"Non-permanent residents, inflows",148309.0
2024-10,Canada,"Non-permanent residents, outflows",179998.0
2024-10,Newfoundland and Labrador,Immigrants,1135.0
2024-10,Newfoundland and Labrador,Net emigration,37.0
2024-10,Newfoundland and Labrador,Emigrants,61.0
2024-10,Newfoundland and Labrador,Returning emigrants,24.0
2024-10,Newfoundland and Labrador,Net non-permanent residents,-168.0
2024-10,Newfoundland and Labrador,"Non-permanent residents, inflows",1382.0
2024-10,Newfoundland and Labrador,"Non-permanent residents, outflows",1550.0
2024-10,Prince Edward Island,Immigrants,502.0
2024-10,Prince Edward Island,Net emigration,42.0
2024-10,Prince Edward Island,Emigrants,59.0
2024-10,Prince Edward Island,Returning emigrants,17.0
2024-10,Prince Edward Island,Net non-permanent residents,-371.0
2024-10,Prince Edward Island,"Non-permanent residents, inflows",518.0
2024-10,Prince Edward Island,"Non-permanent residents, outflows",889.0
2024-10,Nova Scotia,Immigrants,2305.0
2024-10,Nova Scotia,Net emigration,310.0
2024-10,Nova Scotia,Emigrants,473.0
2024-10,Nova Scotia,Returning emigrants,163.0
2024-10,Nova Scotia,Net non-permanent residents,-1405.0
2024-10,Nova Scotia,"Non-permanent residents, inflows",2843.0
2024-10,Nova Scotia,"Non-permanent residents, outflows",4248.0
2024-10,New Brunswick,Immigrants,2472.0
2024-10,New Brunswick,Net emigration,81.0
2024-10,New Brunswick,Emigrants,140.0
2024-10,New Brunswick,Returning emigrants,59.0
2024-10,New Brunswick,Net non-permanent residents,86.0
2024-10,New Brunswick,"Non-permanent residents, inflows",2354.0
2024-10,New Brunswick,"Non-permanent residents, outflows",2268.0
2024-10,Quebec,Immigrants,12496.0
2024-10,Quebec,Net emigration,1713.0
2024-10,Quebec,Emigrants,3078.0
2024-10,Quebec,Returning emigrants,1365.0
2024-10,Quebec,Net non-permanent residents,-5184.0
2024-10,Quebec,"Non-permanent residents, inflows",30847.0
2024-10,Quebec,"Non-permanent residents, outflows",36031.0
2024-10,Ontario,Immigrants,47927.0
2024-10,Ontario,Net emigration,6650.0
2024-10,Ontario,Emigrants,11049.0
2024-10,Ontario,Returning emigrants,4399.0
2024-10,Ontario,Net non-permanent residents,-24013.0
2024-10,Ontario,"Non-permanent residents, inflows",57401.0
2024-10,Ontario,"Non-permanent residents, outflows",81414.0
2024-10,Manitoba,Immigrants,4475.0
2024-10,Manitoba,Net emigration,317.0
2024-10,Manitoba,Emigrants,628.0
2024-10,Manitoba,Returning emigrants,311.0
2024-10,Manitoba,Net non-permanent residents,493.0
2024-10,Manitoba,"Non-permanent residents, inflows",4776.0
2024-10,Manitoba,"Non-permanent residents, outflows",4283.0
2024-10,Saskatchewan,Immigrants,4098.0
2024-10,Saskatchewan,Net emigration,217.0
2024-10,Saskatchewan,Emigrants,450.0
2024-10,Saskatchewan,Returning emigrants,233.0
2024-10,Saskatchewan,Net non-permanent residents,1624.0
2024-10,Saskatchewan,"Non-permanent residents, inflows",3821.0
2024-10,Saskatchewan,"Non-permanent residents, outflows",2197.0
2024-10,Alberta,Immigrants,15054.0
2024-10,Alberta,Net emigration,1617.0
2024-10,Alberta,Emigrants,3068.0
2024-10,Alberta,Returning emigrants,1451.0
2024-10,Alberta,Net non-permanent residents,5619.0
2024-10,Alberta,"Non-permanent residents, inflows",18833.0
2024-10,Alberta,"Non-permanent residents, outflows",13214.0
2024-10,British Columbia,Immigrants,12740.0
2024-10,British Columbia,Net emigration,4277.0
2024-10,British Columbia,Emigrants,6315.0
2024-10,British Columbia,Returning emigrants,2038.0
2024-10,British Columbia,Net non-permanent residents,-8542.0
2024-10,British Columbia,"Non-permanent residents, inflows",25185.0
2024-10,British Columbia,"Non-permanent residents, outflows",33727.0
2024-10,Yukon,Immigrants,130.0
2024-10,Yukon,Net emigration,-1.0
2024-10,Yukon,Emigrants,2.0
2024-10,Yukon,Returning emigrants,3.0
2024-10,Yukon,Net non-permanent residents,123.0
2024-10,Yukon,"Non-permanent residents, inflows",224.0
2024-10,Yukon,"Non-permanent residents, outflows",101.0
2024-10,Northwest Territories,Immigrants,82.0
2024-10,Northwest Territories,Net emigration,7.0
2024-10,Northwest Territories,Emigrants,8.0
2024-10,Northwest Territories,Returning emigrants,1.0
2024-10,Northwest Territories,Net non-permanent residents,82.0
2024-10,Northwest Territories,"Non-permanent residents, inflows",105.0
2024-10,Northwest Territories,"Non-permanent residents, outflows",23.0
2024-10,Nunavut,Immigrants,22.0
2024-10,Nunavut,Net emigration,0.0
2024-10,Nunavut,Emigrants,0.0
2024-10,Nunavut,Returning emigrants,0.0
2024-10,Nunavut,Net non-permanent residents,-33.0
2024-10,Nunavut,"Non-permanent residents, inflows",20.0
2024-10,Nunavut,"Non-permanent residents, outflows",53.0
2025-01,Canada,Immigrants,104320.0
2025-01,Canada,Net emigration,17135.0
2025-01,Canada,Emigrants,25834.0
2025-01,Canada,Returning emigrants,8699.0
2025-01,Canada,Net non-permanent residents,-26874.0
2025-01,Canada,"Non-permanent residents, inflows",115759.0
2025-01,Canada,"Non-permanent residents, outflows",142633.0
2025-01,Newfoundland and Labrador,Immigrants,1564.0
2025-01,Newfoundland and Labrador,Net emigration,45.0
2025-01,Newfoundland and Labrador,Emigrants,66.0
2025-01,Newfoundland and Labrador,Returning emigrants,21.0
2025-01,Newfoundland and Labrador,Net non-permanent residents,-192.0
2025-01,Newfoundland and Labrador,"Non-permanent residents, inflows",1142.0
2025-01,Newfoundland and Labrador,"Non-permanent residents, outflows",1334.0
2025-01,Prince Edward Island,Immigrants,817.0
2025-01,Prince Edward Island,Net emigration,42.0
2025-01,Prince Edward Island,Emigrants,59.0
2025-01,Prince Edward Island,Returning emigrants,17.0
2025-01,Prince Edward Island,Net non-permanent residents,-369.0
2025-01,Prince Edward Island,"Non-permanent residents, inflows",458.0
2025-01,Prince Edward Island,"Non-permanent residents, outflows",827.0
2025-01,Nova Scotia,Immigrants,2853.0
2025-01,Nova Scotia,Net emigration,313.0
2025-01,Nova Scotia,Emigrants,451.0
2025-01,Nova Scotia,Returning emigrants,138.0
2025-01,Nova Scotia,Net non-permanent residents,-90.0
2025-01,Nova Scotia,"Non-permanent residents, inflows",2779.0
2025-01,Nova Scotia,"Non-permanent residents, outflows",2869.0
2025-01,New Brunswick,Immigrants,3220.0
2025-01,New Brunswick,Net emigration,74.0
2025-01,New Brunswick,Emigrants,122.0
2025-01,New Brunswick,Returning emigrants,48.0
2025-01,New Brunswick,Net non-permanent residents,-658.0
2025-01,New Brunswick,"Non-permanent residents, inflows",2241.0
2025-01,New Brunswick,"Non-permanent residents, outflows",2899.0
2025-01,Quebec,Immigrants,9595.0
2025-01,Quebec,Net emigration,1837.0
2025-01,Quebec,Emigrants,2968.0
2025-01,Quebec,Returning emigrants,1131.0
2025-01,Quebec,Net non-permanent residents,-2465.0
2025-01,Quebec,"Non-permanent residents, inflows",26144.0
2025-01,Quebec,"Non-permanent residents, outflows",28609.0
2025-01,Ontario,Immigrants,47345.0
2025-01,Ontario,Net emigration,8235.0
2025-01,Ontario,Emigrants,12202.0
2025-01,Ontario,Returning emigrants,3967.0
2025-01,Ontario,Net non-permanent residents,-16118.0
2025-01,Ontario,"Non-permanent residents, inflows",43718.0
2025-01,Ontario,"Non-permanent residents, outflows",59836.0
2025-01,Manitoba,Immigrants,5388.0
2025-01,Manitoba,Net emigration,260.0
2025-01,Manitoba,Emigrants,497.0
2025-01,Manitoba,Returning emigrants,237.0
2025-01,Manitoba,Net non-permanent residents,-1201.0
2025-01,Manitoba,"Non-permanent residents, inflows",3122.0
2025-01,Manitoba,"Non-permanent residents, outflows",4323.0
2025-01,Saskatchewan,Immigrants,4589.0
2025-01,Saskatchewan,Net emigration,228.0
2025-01,Saskatchewan,Emigrants,415.0
2025-01,Saskatchewan,Returning emigrants,187.0
2025-01,Saskatchewan,Net non-permanent residents,227.0
2025-01,Saskatchewan,"Non-permanent residents, inflows",2861.0
2025-01,Saskatchewan,"Non-permanent residents, outflows",2634.0
2025-01,Alberta,Immigrants,13630.0
2025-01,Alberta,Net emigration,1903.0
2025-01,Alberta,Emigrants,3126.0
2025-01,Alberta,Returning emigrants,1223.0
2025-01,Alberta,Net non-permanent residents,824.0
2025-01,Alberta,"Non-permanent residents, inflows",12579.0
2025-01,Alberta,"Non-permanent residents, outflows",11755.0
2025-01,British Columbia,Immigrants,14933.0
2025-01,British Columbia,Net emigration,4184.0
2025-01,British Columbia,Emigrants,5908.0
2025-01,British Columbia,Returning emigrants,1724.0
2025-01,British Columbia,Net non-permanent residents,-6671.0
2025-01,British Columbia,"Non-permanent residents, inflows",20487.0
2025-01,British Columbia,"Non-permanent residents, outflows",27158.0
2025-01,Yukon,Immigrants,243.0
2025-01,Yukon,Net emigration,1.0
2025-01,Yukon,Emigrants,4.0
2025-01,Yukon,Returning emigrants,3.0
2025-01,Yukon,Net non-permanent residents,-245.0
2025-01,Yukon,"Non-permanent residents, inflows",91.0
2025-01,Yukon,"Non-permanent residents, outflows",336.0
2025-01,Northwest Territories,Immigrants,122.0
2025-01,Northwest Territories,Net emigration,13.0
2025-01,Northwest Territories,Emigrants,16.0
2025-01,Northwest Territories,Returning emigrants,3.0
2025-01,Northwest Territories,Net non-permanent residents,50.0
2025-01,Northwest Territories,"Non-permanent residents, inflows",98.0
2025-01,Northwest Territories,"Non-permanent residents, outflows",48.0
2025-01,Nunavut,Immigrants,21.0
2025-01,Nunavut,Net emigration,0.0
2025-01,Nunavut,Emigrants,0.0
2025-01,Nunavut,Returning emigrants,0.0
2025-01,Nunavut,Net non-permanent residents,34.0
2025-01,Nunavut,"Non-permanent residents, inflows",39.0
2025-01,Nunavut,"Non-permanent residents, outflows",5.0
2025-04,Canada,Immigrants,103527.0
2025-04,Canada,Net emigration,12754.0
2025-04,Canada,Emigrants,24662.0
2025-04,Canada,Returning emigrants,11908.0
2025-04,Canada,Net non-permanent residents,8666.0
2025-04,Canada,"Non-permanent residents, inflows",138366.0
2025-04,Canada,"Non-permanent residents, outflows",129700.0
2025-04,Newfoundland and Labrador,Immigrants,1150.0
2025-04,Newfoundland and Labrador,Net emigration,37.0
2025-04,Newfoundland and Labrador,Emigrants,69.0
2025-04,Newfoundland and Labrador,Returning emigrants,32.0
2025-04,Newfoundland and Labrador,Net non-permanent residents,730.0
2025-04,Newfoundland and Labrador,"Non-permanent residents, inflows",1435.0
2025-04,Newfoundland and Labrador,"Non-permanent residents, outflows",705.0
2025-04,Prince Edward Island,Immigrants,544.0
2025-04,Prince Edward Island,Net emigration,54.0
2025-04,Prince Edward Island,Emigrants,77.0
2025-04,Prince Edward Island,Returning emigrants,23.0
2025-04,Prince Edward Island,Net non-permanent residents,289.0
2025-04,Prince Edward Island,"Non-permanent residents, inflows",764.0
2025-04,Prince Edward Island,"Non-permanent residents, outflows",475.0
2025-04,Nova Scotia,Immigrants,2208.0
2025-04,Nova Scotia,Net emigration,281.0
2025-04,Nova Scotia,Emigrants,470.0
2025-04,Nova Scotia,Returning emigrants,189.0
2025-04,Nova Scotia,Net non-permanent residents,828.0
2025-04,Nova Scotia,"Non-permanent residents, inflows",3279.0
2025-04,Nova Scotia,"Non-permanent residents, outflows",2451.0
2025-04,New Brunswick,Immigrants,2708.0
2025-04,New Brunswick,Net emigration,64.0
2025-04,New Brunswick,Emigrants,137.0
2025-04,New Brunswick,Returning emigrants,73.0
2025-04,New Brunswick,Net non-permanent residents,601.0
2025-04,New Brunswick,"Non-permanent residents, inflows",2649.0
2025-04,New Brunswick,"Non-permanent residents, outflows",2048.0
2025-04,Quebec,Immigrants,18933.0
2025-04,Quebec,Net emigration,1573.0
2025-04,Quebec,Emigrants,3256.0
2025-04,Quebec,Returning emigrants,1683.0
2025-04,Quebec,Net non-permanent residents,7537.0
2025-04,Quebec,"Non-permanent residents, inflows",36795.0
2025-04,Quebec,"Non-permanent residents, outflows",29258.0
2025-04,Ontario,Immigrants,44057.0
2025-04,Ontario,Net emigration,6192.0
2025-04,Ontario,Emigrants,11533.0
2025-04,Ontario,Returning emigrants,5341.0
2025-04,Ontario,Net non-permanent residents,-7974.0
2025-04,Ontario,"Non-permanent residents, inflows",48070.0
2025-04,Ontario,"Non-permanent residents, outflows",56044.0
2025-04,Manitoba,Immigrants,4760.0
2025-04,Manitoba,Net emigration,163.0
2025-04,Manitoba,Emigrants,527.0
2025-04,Manitoba,Returning emigrants,364.0
2025-04,Manitoba,Net non-permanent residents,-13.0
2025-04,Manitoba,"Non-permanent residents, inflows",3552.0
2025-04,Manitoba,"Non-permanent residents, outflows",3565.0
2025-04,Saskatchewan,Immigrants,3468.0
2025-04,Saskatchewan,Net emigration,63.0
2025-04,Saskatchewan,Emigrants,330.0
2025-04,Saskatchewan,Returning emigrants,267.0
2025-04,Saskatchewan,Net non-permanent residents,-401.0
2025-04,Saskatchewan,"Non-permanent residents, inflows",2202.0
2025-04,Saskatchewan,"Non-permanent residents, outflows",2603.0
2025-04,Alberta,Immigrants,12618.0
2025-04,Alberta,Net emigration,1235.0
2025-04,Alberta,Emigrants,2988.0
2025-04,Alberta,Returning emigrants,1753.0
2025-04,Alberta,Net non-permanent residents,5839.0
2025-04,Alberta,"Non-permanent residents, inflows",15454.0
2025-04,Alberta,"Non-permanent residents, outflows",9615.0
2025-04,British Columbia,Immigrants,12744.0
2025-04,British Columbia,Net emigration,3090.0
2025-04,British Columbia,Emigrants,5267.0
2025-04,British Columbia,Returning emigrants,2177.0
2025-04,British Columbia,Net non-permanent residents,992.0
2025-04,British Columbia,"Non-permanent residents, inflows",23758.0
2025-04,British Columbia,"Non-permanent residents, outflows",22766.0
2025-04,Yukon,Immigrants,178.0
2025-04,Yukon,Net emigration,-4.0
2025-04,Yukon,Emigrants,0.0
2025-04,Yukon,Returning emigrants,4.0
2025-04,Yukon,Net non-permanent residents,188.0
2025-04,Yukon,"Non-permanent residents, inflows",282.0
2025-04,Yukon,"Non-permanent residents, outflows",94.0
2025-04,Northwest Territories,Immigrants,146.0
2025-04,Northwest Territories,Net emigration,6.0
2025-04,Northwest Territories,Emigrants,8.0
2025-04,Northwest Territories,Returning emigrants,2.0
2025-04,Northwest Territories,Net non-permanent residents,24.0
2025-04,Northwest Territories,"Non-permanent residents, inflows",93.0
2025-04,Northwest Territories,"Non-permanent residents, outflows",69.0
2025-04,Nunavut,Immigrants,13.0
2025-04,Nunavut,Net emigration,0.0
2025-04,Nunavut,Emigrants,0.0
2025-04,Nunavut,Returning emigrants,0.0
2025-04,Nunavut,Net non-permanent residents,26.0
2025-04,Nunavut,"Non-permanent residents, inflows",33.0
2025-04,Nunavut,"Non-permanent residents, outflows",7.0
2025-07,Canada,Immigrants,102879.0
2025-07,Canada,Net emigration,16190.0
2025-07,Canada,Emigrants,35471.0
2025-07,Canada,Returning emigrants,19281.0
2025-07,Canada,Net non-permanent residents,8561.0
2025-07,Canada,"Non-permanent residents, inflows",163373.0
2025-07,Canada,"Non-permanent residents, outflows",154812.0
2025-07,Newfoundland and Labrador,Immigrants,1226.0
2025-07,Newfoundland and Labrador,Net emigration,66.0
2025-07,Newfoundland and Labrador,Emigrants,122.0
2025-07,Newfoundland and Labrador,Returning emigrants,56.0
2025-07,Newfoundland and Labrador,Net non-permanent residents,963.0
2025-07,Newfoundland and Labrador,"Non-permanent residents, inflows",2104.0
2025-07,Newfoundland and Labrador,"Non-permanent residents, outflows",1141.0
2025-07,Prince Edward Island,Immigrants,452.0
2025-07,Prince Edward Island,Net emigration,64.0
2025-07,Prince Edward Island,Emigrants,97.0
2025-07,Prince Edward Island,Returning emigrants,33.0
2025-07,Prince Edward Island,Net non-permanent residents,244.0
2025-07,Prince Edward Island,"Non-permanent residents, inflows",758.0
2025-07,Prince Edward Island,"Non-permanent residents, outflows",514.0
2025-07,Nova Scotia,Immigrants,2451.0
2025-07,Nova Scotia,Net emigration,395.0
2025-07,Nova Scotia,Emigrants,702.0
2025-07,Nova Scotia,Returning emigrants,307.0
2025-07,Nova Scotia,Net non-permanent residents,1300.0
2025-07,Nova Scotia,"Non-permanent residents, inflows",4532.0
2025-07,Nova Scotia,"Non-permanent residents, outflows",3232.0
2025-07,New Brunswick,Immigrants,2972.0
2025-07,New Brunswick,Net emigration,105.0
2025-07,New Brunswick,Emigrants,227.0
2025-07,New Brunswick,Returning emigrants,122.0
2025-07,New Brunswick,Net non-permanent residents,1491.0
2025-07,New Brunswick,"Non-permanent residents, inflows",3770.0
2025-07,New Brunswick,"Non-permanent residents, outflows",2279.0
2025-07,Quebec,Immigrants,18252.0
2025-07,Quebec,Net emigration,2129.0
2025-07,Quebec,Emigrants,4904.0
2025-07,Quebec,Returning emigrants,2775.0
2025-07,Quebec,Net non-permanent residents,3743.0
2025-07,Quebec,"Non-permanent residents, inflows",37332.0
2025-07,Quebec,"Non-permanent residents, outflows",33589.0
2025-07,Ontario,Immigrants,43223.0
2025-07,Ontario,Net emigration,7529.0
2025-07,Ontario,Emigrants,16062.0
2025-07,Ontario,Returning emigrants,8533.0
2025-07,Ontario,Net non-permanent residents,-7021.0
2025-07,Ontario,"Non-permanent residents, inflows",58440.0
2025-07,Ontario,"Non-permanent residents, outflows",65461.0
2025-07,Manitoba,Immigrants,4640.0
2025-07,Manitoba,Net emigration,359.0
2025-07,Manitoba,Emigrants,1003.0
2025-07,Manitoba,Returning emigrants,644.0
2025-07,Manitoba,Net non-permanent residents,278.0
2025-07,Manitoba,"Non-permanent residents, inflows",4394.0
2025-07,Manitoba,"Non-permanent residents, outflows",4116.0
2025-07,Saskatchewan,Immigrants,3405.0
2025-07,Saskatchewan,Net emigration,294.0
2025-07,Saskatchewan,Emigrants,792.0
2025-07,Saskatchewan,Returning emigrants,498.0
2025-07,Saskatchewan,Net non-permanent residents,1006.0
2025-07,Saskatchewan,"Non-permanent residents, inflows",3127.0
2025-07,Saskatchewan,"Non-permanent residents, outflows",2121.0
2025-07,Alberta,Immigrants,12963.0
2025-07,Alberta,Net emigration,1940.0
2025-07,Alberta,Emigrants,4920.0
2025-07,Alberta,Returning emigrants,2980.0
2025-07,Alberta,Net non-permanent residents,4932.0
2025-07,Alberta,"Non-permanent residents, inflows",16737.0
2025-07,Alberta,"Non-permanent residents, outflows",11805.0
2025-07,British Columbia,Immigrants,13021.0
2025-07,British Columbia,Net emigration,3307.0
2025-07,British Columbia,Emigrants,6626.0
2025-07,British Columbia,Returning emigrants,3319.0
2025-07,British Columbia,Net non-permanent residents,1459.0
2025-07,British Columbia,"Non-permanent residents, inflows",31871.0
2025-07,British Columbia,"Non-permanent residents, outflows",30412.0
2025-07,Yukon,Immigrants,165.0
2025-07,Yukon,Net emigration,-6.0
2025-07,Yukon,Emigrants,3.0
2025-07,Yukon,Returning emigrants,9.0
2025-07,Yukon,Net non-permanent residents,71.0
2025-07,Yukon,"Non-permanent residents, inflows",162.0
2025-07,Yukon,"Non-permanent residents, outflows",91.0
2025-07,Northwest Territories,Immigrants,88.0
2025-07,Northwest Territories,Net emigration,8.0
2025-07,Northwest Territories,Emigrants,13.0
2025-07,Northwest Territories,Returning emigrants,5.0
2025-07,Northwest Territories,Net non-permanent residents,89.0
2025-07,Northwest Territories,"Non-permanent residents, inflows",121.0
2025-07,Northwest Territories,"Non-permanent residents, outflows",32.0
2025-07,Nunavut,Immigrants,21.0
2025-07,Nunavut,Net emigration,0.0
2025-07,Nunavut,Emigrants,0.0
2025-07,Nunavut,Returning emigrants,0.0
2025-07,Nunavut,Net non-permanent residents,6.0
2025-07,Nunavut,"Non-permanent residents, inflows",25.0
2025-07,Nunavut,"Non-permanent residents, outflows",19.0
2025-10,Canada,Immigrants,83055.0
2025-10,Canada,Net emigration,15429.0
2025-10,Canada,Emigrants,25605.0
2025-10,Canada,Returning emigrants,10176.0
2025-10,Canada,Net non-permanent residents,-79798.0
2025-10,Canada,"Non-permanent residents, inflows",76983.0
2025-10,Canada,"Non-permanent residents, outflows",156781.0
2025-10,Newfoundland and Labrador,Immigrants,1127.0
2025-10,Newfoundland and Labrador,Net emigration,37.0
2025-10,Newfoundland and Labrador,Emigrants,62.0
2025-10,Newfoundland and Labrador,Returning emigrants,25.0
2025-10,Newfoundland and Labrador,Net non-permanent residents,-313.0
2025-10,Newfoundland and Labrador,"Non-permanent residents, inflows",957.0
2025-10,Newfoundland and Labrador,"Non-permanent residents, outflows",1270.0
2025-10,Prince Edward Island,Immigrants,416.0
2025-10,Prince Edward Island,Net emigration,43.0
2025-10,Prince Edward Island,Emigrants,60.0
2025-10,Prince Edward Island,Returning emigrants,17.0
2025-10,Prince Edward Island,Net non-permanent residents,-329.0
2025-10,Prince Edward Island,"Non-permanent residents, inflows",353.0
2025-10,Prince Edward Island,"Non-permanent residents, outflows",682.0
2025-10,Nova Scotia,Immigrants,1665.0
2025-10,Nova Scotia,Net emigration,315.0
2025-10,Nova Scotia,Emigrants,479.0
2025-10,Nova Scotia,Returning emigrants,164.0
2025-10,Nova Scotia,Net non-permanent residents,-1323.0
2025-10,Nova Scotia,"Non-permanent residents, inflows",2122.0
2025-10,Nova Scotia,"Non-permanent residents, outflows",3445.0
2025-10,New Brunswick,Immigrants,2041.0
2025-10,New Brunswick,Net emigration,79.0
2025-10,New Brunswick,Emigrants,140.0
2025-10,New Brunswick,Returning emigrants,61.0
2025-10,New Brunswick,Net non-permanent residents,-436.0
2025-10,New Brunswick,"Non-permanent residents, inflows",1591.0
2025-10,New Brunswick,"Non-permanent residents, outflows",2027.0
2025-10,Quebec,Immigrants,13352.0
2025-10,Quebec,Net emigration,1731.0
2025-10,Quebec,Emigrants,3111.0
2025-10,Quebec,Returning emigrants,1380.0
2025-10,Quebec,Net non-permanent residents,-21597.0
2025-10,Quebec,"Non-permanent residents, inflows",16164.0
2025-10,Quebec,"Non-permanent residents, outflows",37761.0
2025-10,Ontario,Immigrants,35078.0
2025-10,Ontario,Net emigration,6724.0
2025-10,Ontario,Emigrants,11170.0
2025-10,Ontario,Returning emigrants,4446.0
2025-10,Ontario,Net non-permanent residents,-33765.0
2025-10,Ontario,"Non-permanent residents, inflows",27832.0
2025-10,Ontario,"Non-permanent residents, outflows",61597.0
2025-10,Manitoba,Immigrants,4167.0
2025-10,Manitoba,Net emigration,319.0
2025-10,Manitoba,Emigrants,634.0
2025-10,Manitoba,Returning emigrants,315.0
2025-10,Manitoba,Net non-permanent residents,-1495.0
2025-10,Manitoba,"Non-permanent residents, inflows",2394.0
2025-10,Manitoba,"Non-permanent residents, outflows",3889.0
2025-10,Saskatchewan,Immigrants,2593.0
2025-10,Saskatchewan,Net emigration,217.0
2025-10,Saskatchewan,Emigrants,455.0
2025-10,Saskatchewan,Returning emigrants,238.0
2025-10,Saskatchewan,Net non-permanent residents,-273.0
2025-10,Saskatchewan,"Non-permanent residents, inflows",1851.0
2025-10,Saskatchewan,"Non-permanent residents, outflows",2124.0
2025-10,Alberta,Immigrants,12408.0
2025-10,Alberta,Net emigration,1634.0
2025-10,Alberta,Emigrants,3101.0
2025-10,Alberta,Returning emigrants,1467.0
2025-10,Alberta,Net non-permanent residents,-3605.0
2025-10,Alberta,"Non-permanent residents, inflows",9332.0
2025-10,Alberta,"Non-permanent residents, outflows",12937.0
2025-10,British Columbia,Immigrants,9975.0
2025-10,British Columbia,Net emigration,4324.0
2025-10,British Columbia,Emigrants,6383.0
2025-10,British Columbia,Returning emigrants,2059.0
2025-10,British Columbia,Net non-permanent residents,-16716.0
2025-10,British Columbia,"Non-permanent residents, inflows",14174.0
2025-10,British Columbia,"Non-permanent residents, outflows",30890.0
2025-10,Yukon,Immigrants,127.0
2025-10,Yukon,Net emigration,-1.0
2025-10,Yukon,Emigrants,2.0
2025-10,Yukon,Returning emigrants,3.0
2025-10,Yukon,Net non-permanent residents,-7.0
2025-10,Yukon,"Non-permanent residents, inflows",110.0
2025-10,Yukon,"Non-permanent residents, outflows",117.0
2025-10,Northwest Territories,Immigrants,84.0
2025-10,Northwest Territories,Net emigration,7.0
2025-10,Northwest Territories,Emigrants,8.0
2025-10,Northwest Territories,Returning emigrants,1.0
2025-10,Northwest Territories,Net non-permanent residents,48.0
2025-10,Northwest Territories,"Non-permanent residents, inflows",83.0
2025-10,Northwest Territories,"Non-permanent residents, outflows",35.0
2025-10,Nunavut,Immigrants,22.0
2025-10,Nunavut,Net emigration,0.0
2025-10,Nunavut,Emigrants,0.0
2025-10,Nunavut,Returning emigrants,0.0
2025-10,Nunavut,Net non-permanent residents,13.0
2025-10,Nunavut,"Non-permanent residents, inflows",20.0
2025-10,Nunavut,"Non-permanent residents, outflows",7.0
2026-01,Canada,Immigrants,83142.0
2026-01,Canada,Net emigration,17321.0
2026-01,Canada,Emigrants,26114.0
2026-01,Canada,Returning emigrants,8793.0
2026-01,Canada,Net non-permanent residents,-64502.0
2026-01,Canada,"Non-permanent residents, inflows",81048.0
2026-01,Canada,"Non-permanent residents, outflows",145550.0
2026-01,Newfoundland and Labrador,Immigrants,1401.0
2026-01,Newfoundland and Labrador,Net emigration,45.0
2026-01,Newfoundland and Labrador,Emigrants,66.0
2026-01,Newfoundland and Labrador,Returning emigrants,21.0
2026-01,Newfoundland and Labrador,Net non-permanent residents,-1449.0
2026-01,Newfoundland and Labrador,"Non-permanent residents, inflows",758.0
2026-01,Newfoundland and Labrador,"Non-permanent residents, outflows",2207.0
2026-01,Prince Edward Island,Immigrants,628.0
2026-01,Prince Edward Island,Net emigration,43.0
2026-01,Prince Edward Island,Emigrants,60.0
2026-01,Prince Edward Island,Returning emigrants,17.0
2026-01,Prince Edward Island,Net non-permanent residents,-508.0
2026-01,Prince Edward Island,"Non-permanent residents, inflows",357.0
2026-01,Prince Edward Island,"Non-permanent residents, outflows",865.0
2026-01,Nova Scotia,Immigrants,2569.0
2026-01,Nova Scotia,Net emigration,315.0
2026-01,Nova Scotia,Emigrants,455.0
2026-01,Nova Scotia,Returning emigrants,140.0
2026-01,Nova Scotia,Net non-permanent residents,-1645.0
2026-01,Nova Scotia,"Non-permanent residents, inflows",2484.0
2026-01,Nova Scotia,"Non-permanent residents, outflows",4129.0
2026-01,New Brunswick,Immigrants,2535.0
2026-01,New Brunswick,Net emigration,76.0
2026-01,New Brunswick,Emigrants,124.0
2026-01,New Brunswick,Returning emigrants,48.0
2026-01,New Brunswick,Net non-permanent residents,-1898.0
2026-01,New Brunswick,"Non-permanent residents, inflows",1710.0
2026-01,New Brunswick,"Non-permanent residents, outflows",3608.0
2026-01,Quebec,Immigrants,10772.0
2026-01,Quebec,Net emigration,1859.0
2026-01,Quebec,Emigrants,3002.0
2026-01,Quebec,Returning emigrants,1143.0
2026-01,Quebec,Net non-permanent residents,-8560.0
2026-01,Quebec,"Non-permanent residents, inflows",17286.0
2026-01,Quebec,"Non-permanent residents, outflows",25846.0
2026-01,Ontario,Immigrants,34844.0
2026-01,Ontario,Net emigration,8324.0
2026-01,Ontario,Emigrants,12334.0
2026-01,Ontario,Returning emigrants,4010.0
2026-01,Ontario,Net non-permanent residents,-26162.0
2026-01,Ontario,"Non-permanent residents, inflows",30021.0
2026-01,Ontario,"Non-permanent residents, outflows",56183.0
2026-01,Manitoba,Immigrants,5190.0
2026-01,Manitoba,Net emigration,263.0
2026-01,Manitoba,Emigrants,502.0
2026-01,Manitoba,Returning emigrants,239.0
2026-01,Manitoba,Net non-permanent residents,-4686.0
2026-01,Manitoba,"Non-permanent residents, inflows",1992.0
2026-01,Manitoba,"Non-permanent residents, outflows",6678.0
2026-01,Saskatchewan,Immigrants,3359.0
2026-01,Saskatchewan,Net emigration,233.0
2026-01,Saskatchewan,Emigrants,421.0
2026-01,Saskatchewan,Returning emigrants,188.0
2026-01,Saskatchewan,Net non-permanent residents,-1580.0
2026-01,Saskatchewan,"Non-permanent residents, inflows",1685.0
2026-01,Saskatchewan,"Non-permanent residents, outflows",3265.0
2026-01,Alberta,Immigrants,11140.0
2026-01,Alberta,Net emigration,1921.0
2026-01,Alberta,Emigrants,3159.0
2026-01,Alberta,Returning emigrants,1238.0
2026-01,Alberta,Net non-permanent residents,-7656.0
2026-01,Alberta,"Non-permanent residents, inflows",9234.0
2026-01,Alberta,"Non-permanent residents, outflows",16890.0
2026-01,British Columbia,Immigrants,10303.0
2026-01,British Columbia,Net emigration,4228.0
2026-01,British Columbia,Emigrants,5971.0
2026-01,British Columbia,Returning emigrants,1743.0
2026-01,British Columbia,Net non-permanent residents,-10067.0
2026-01,British Columbia,"Non-permanent residents, inflows",15340.0
2026-01,British Columbia,"Non-permanent residents, outflows",25407.0
2026-01,Yukon,Immigrants,215.0
2026-01,Yukon,Net emigration,1.0
2026-01,Yukon,Emigrants,4.0
2026-01,Yukon,Returning emigrants,3.0
2026-01,Yukon,Net non-permanent residents,-225.0
2026-01,Yukon,"Non-permanent residents, inflows",78.0
2026-01,Yukon,"Non-permanent residents, outflows",303.0
2026-01,Northwest Territories,Immigrants,169.0
2026-01,Northwest Territories,Net emigration,13.0
2026-01,Northwest Territories,Emigrants,16.0
2026-01,Northwest Territories,Returning emigrants,3.0
2026-01,Northwest Territories,Net non-permanent residents,-83.0
2026-01,Northwest Territories,"Non-permanent residents, inflows",75.0
2026-01,Northwest Territories,"Non-permanent residents, outflows",158.0
2026-01,Nunavut,Immigrants,17.0
2026-01,Nunavut,Net emigration,0.0
2026-01,Nunavut,Emigrants,0.0
2026-01,Nunavut,Returning emigrants,0.0
2026-01,Nunavut,Net non-permanent residents,17.0
2026-01,Nunavut,"Non-permanent residents, inflows",28.0
2026-01,Nunavut,"Non-permanent residents, outflows",11.0
2026-04,Canada,Immigrants,99148.0
2026-04,Canada,Net emigration,12889.0
2026-04,Canada,Emigrants,24926.0
2026-04,Canada,Returning emigrants,12037.0
2026-04,Canada,Net non-permanent residents,-18875.0
2026-04,Canada,"Non-permanent residents, inflows",120038.0
2026-04,Canada,"Non-permanent residents, outflows",138913.0
2026-04,Newfoundland and Labrador,Immigrants,1557.0
2026-04,Newfoundland and Labrador,Net emigration,36.0
2026-04,Newfoundland and Labrador,Emigrants,69.0
2026-04,Newfoundland and Labrador,Returning emigrants,33.0
2026-04,Newfoundland and Labrador,Net non-permanent residents,239.0
2026-04,Newfoundland and Labrador,"Non-permanent residents, inflows",1275.0
2026-04,Newfoundland and Labrador,"Non-permanent residents, outflows",1036.0
2026-04,Prince Edward Island,Immigrants,660.0
2026-04,Prince Edward Island,Net emigration,54.0
2026-04,Prince Edward Island,Emigrants,77.0
2026-04,Prince Edward Island,Returning emigrants,23.0
2026-04,Prince Edward Island,Net non-permanent residents,329.0
2026-04,Prince Edward Island,"Non-permanent residents, inflows",679.0
2026-04,Prince Edward Island,"Non-permanent residents, outflows",350.0
2026-04,Nova Scotia,Immigrants,2879.0
2026-04,Nova Scotia,Net emigration,285.0
2026-04,Nova Scotia,Emigrants,476.0
2026-04,Nova Scotia,Returning emigrants,191.0
2026-04,Nova Scotia,Net non-permanent residents,1311.0
2026-04,Nova Scotia,"Non-permanent residents, inflows",3863.0
2026-04,Nova Scotia,"Non-permanent residents, outflows",2552.0
2026-04,New Brunswick,Immigrants,2657.0
2026-04,New Brunswick,Net emigration,64.0
2026-04,New Brunswick,Emigrants,138.0
2026-04,New Brunswick,Returning emigrants,74.0
2026-04,New Brunswick,Net non-permanent residents,2364.0
2026-04,New Brunswick,"Non-permanent residents, inflows",3322.0
2026-04,New Brunswick,"Non-permanent residents, outflows",958.0
2026-04,Quebec,Immigrants,11052.0
2026-04,Quebec,Net emigration,1589.0
2026-04,Quebec,Emigrants,3290.0
2026-04,Quebec,Returning emigrants,1701.0
2026-04,Quebec,Net non-permanent residents,4620.0
2026-04,Quebec,"Non-permanent residents, inflows",28947.0
2026-04,Quebec,"Non-permanent residents, outflows",24327.0
2026-04,Ontario,Immigrants,43335.0
2026-04,Ontario,Net emigration,6258.0
2026-04,Ontario,Emigrants,11657.0
2026-04,Ontario,Returning emigrants,5399.0
2026-04,Ontario,Net non-permanent residents,-18692.0
2026-04,Ontario,"Non-permanent residents, inflows",42375.0
2026-04,Ontario,"Non-permanent residents, outflows",61067.0
2026-04,Manitoba,Immigrants,5348.0
2026-04,Manitoba,Net emigration,165.0
2026-04,Manitoba,Emigrants,533.0
2026-04,Manitoba,Returning emigrants,368.0
2026-04,Manitoba,Net non-permanent residents,-911.0
2026-04,Manitoba,"Non-permanent residents, inflows",3366.0
2026-04,Manitoba,"Non-permanent residents, outflows",4277.0
2026-04,Saskatchewan,Immigrants,5036.0
2026-04,Saskatchewan,Net emigration,63.0
2026-04,Saskatchewan,Emigrants,333.0
2026-04,Saskatchewan,Returning emigrants,270.0
2026-04,Saskatchewan,Net non-permanent residents,-2.0
2026-04,Saskatchewan,"Non-permanent residents, inflows",2554.0
2026-04,Saskatchewan,"Non-permanent residents, outflows",2556.0
2026-04,Alberta,Immigrants,13647.0
2026-04,Alberta,Net emigration,1249.0
2026-04,Alberta,Emigrants,3020.0
2026-04,Alberta,Returning emigrants,1771.0
2026-04,Alberta,Net non-permanent residents,-1628.0
2026-04,Alberta,"Non-permanent residents, inflows",11870.0
2026-04,Alberta,"Non-permanent residents, outflows",13498.0
2026-04,British Columbia,Immigrants,12504.0
2026-04,British Columbia,Net emigration,3124.0
2026-04,British Columbia,Emigrants,5325.0
2026-04,British Columbia,Returning emigrants,2201.0
2026-04,British Columbia,Net non-permanent residents,-6483.0
2026-04,British Columbia,"Non-permanent residents, inflows",21495.0
2026-04,British Columbia,"Non-permanent residents, outflows",27978.0
2026-04,Yukon,Immigrants,252.0
2026-04,Yukon,Net emigration,-4.0
2026-04,Yukon,Emigrants,0.0
2026-04,Yukon,Returning emigrants,4.0
2026-04,Yukon,Net non-permanent residents,-28.0
2026-04,Yukon,"Non-permanent residents, inflows",195.0
2026-04,Yukon,"Non-permanent residents, outflows",223.0
2026-04,Northwest Territories,Immigrants,179.0
2026-04,Northwest Territories,Net emigration,6.0
2026-04,Northwest Territories,Emigrants,8.0
2026-04,Northwest Territories,Returning emigrants,2.0
2026-04,Northwest Territories,Net non-permanent residents,6.0
2026-04,Northwest Territories,"Non-permanent residents, inflows",78.0
2026-04,Northwest Territories,"Non-permanent residents, outflows",72.0
2026-04,Nunavut,Immigrants,42.0
2026-04,Nunavut,Net emigration,0.0
2026-04,Nunavut,Emigrants,0.0
2026-04,Nunavut,Returning emigrants,0.0
2026-04,Nunavut,Net non-permanent residents,0.0
2026-04,Nunavut,"Non-permanent residents, inflows",19.0
2026-04,Nunavut,"Non-permanent residents, outflows",19.0
