fy_label,fy,fy_complete,data_to,client_location,sector,applicant_type,last_visa_category,count
2005-06,2005-06,True,,In Australia,Higher Education Sector,Primary,Student,32293
2005-06,2005-06,True,,In Australia,Higher Education Sector,Primary,Visitor,1223
2005-06,2005-06,True,,In Australia,Higher Education Sector,Primary,Working Holiday Maker,242
2005-06,2005-06,True,,In Australia,Higher Education Sector,Primary,Temporary Resident (Skilled Employment),84
2005-06,2005-06,True,,In Australia,Higher Education Sector,Primary,Temporary Resident (Other Employment),101
2005-06,2005-06,True,,In Australia,Higher Education Sector,Secondary,Student,2290
2005-06,2005-06,True,,In Australia,Independent ELICOS Sector,Primary,Student,3212
2005-06,2005-06,True,,In Australia,Independent ELICOS Sector,Primary,Visitor,744
2005-06,2005-06,True,,In Australia,Independent ELICOS Sector,Primary,Working Holiday Maker,276
2005-06,2005-06,True,,In Australia,Independent ELICOS Sector,Primary,Temporary Resident (Skilled Employment),18
2005-06,2005-06,True,,In Australia,Non-Award Sector,Primary,Student,648
2005-06,2005-06,True,,In Australia,Non-Award Sector,Primary,Working Holiday Maker,27
2005-06,2005-06,True,,In Australia,Non-Award Sector,Primary,Visitor,335
2005-06,2005-06,True,,In Australia,Postgraduate Research Sector,Primary,Student,1687
2005-06,2005-06,True,,In Australia,Postgraduate Research Sector,Secondary,Student,680
2005-06,2005-06,True,,In Australia,Vocational Education and Training Sector,Primary,Student,11135
2005-06,2005-06,True,,In Australia,Vocational Education and Training Sector,Primary,Visitor,1286
2005-06,2005-06,True,,In Australia,Vocational Education and Training Sector,Primary,Working Holiday Maker,570
2005-06,2005-06,True,,In Australia,Postgraduate Research Sector,Primary,Temporary Resident (Other Employment),27
2005-06,2005-06,True,,In Australia,Schools Sector,Primary,Student,1529
2005-06,2005-06,True,,In Australia,Higher Education Sector,Secondary,Visitor,178
2005-06,2005-06,True,,In Australia,Vocational Education and Training Sector,Secondary,Student,1063
2005-06,2005-06,True,,In Australia,Vocational Education and Training Sector,Secondary,Visitor,167
2005-06,2005-06,True,,In Australia,Foreign Affairs or Defence Sector,Secondary,Student,380
2005-06,2005-06,True,,In Australia,Foreign Affairs or Defence Sector,Primary,Student,300
2005-06,2005-06,True,,In Australia,Independent ELICOS Sector,Secondary,Visitor,80
2005-06,2005-06,True,,In Australia,Non-Award Sector,Primary,Temporary Resident (Other Employment),9
2005-06,2005-06,True,,In Australia,Non-Award Sector,Secondary,Student,24
2005-06,2005-06,True,,In Australia,Postgraduate Research Sector,Primary,Visitor,72
2005-06,2005-06,True,,In Australia,Vocational Education and Training Sector,Primary,Temporary Resident (Skilled Employment),29
2005-06,2005-06,True,,In Australia,Vocational Education and Training Sector,Primary,Temporary Resident (Other Employment),52
2005-06,2005-06,True,,In Australia,Higher Education Sector,Secondary,Other Temporary,3
2005-06,2005-06,True,,In Australia,Higher Education Sector,Secondary,Other visas / No Previous Visa,192
2005-06,2005-06,True,,In Australia,Higher Education Sector,Secondary,Special Category,1
2005-06,2005-06,True,,In Australia,Foreign Affairs or Defence Sector,Secondary,Other visas / No Previous Visa,44
2005-06,2005-06,True,,In Australia,Independent ELICOS Sector,Secondary,Student,241
2005-06,2005-06,True,,In Australia,Independent ELICOS Sector,Secondary,Other visas / No Previous Visa,4
2005-06,2005-06,True,,In Australia,Foreign Affairs or Defence Sector,Primary,Other visas / No Previous Visa,1
2005-06,2005-06,True,,In Australia,Postgraduate Research Sector,Secondary,Other visas / No Previous Visa,111
2005-06,2005-06,True,,In Australia,Postgraduate Research Sector,Primary,Working Holiday Maker,23
2005-06,2005-06,True,,In Australia,Schools Sector,Primary,Visitor,172
2005-06,2005-06,True,,In Australia,Schools Sector,Primary,Temporary Resident (Skilled Employment),39
2005-06,2005-06,True,,In Australia,Postgraduate Research Sector,Secondary,Temporary Resident (Other Employment),8
2005-06,2005-06,True,,Outside Australia,Higher Education Sector,Primary,Other visas / No Previous Visa,37876
2005-06,2005-06,True,,Outside Australia,Higher Education Sector,Primary,Visitor,8378
2005-06,2005-06,True,,Outside Australia,Higher Education Sector,Primary,Student,5610
2005-06,2005-06,True,,Outside Australia,Higher Education Sector,Primary,Working Holiday Maker,775
2005-06,2005-06,True,,In Australia,Vocational Education and Training Sector,Secondary,Other visas / No Previous Visa,54
2005-06,2005-06,True,,Outside Australia,Higher Education Sector,Primary,Temporary Resident (Other Employment),121
2005-06,2005-06,True,,Outside Australia,Higher Education Sector,Secondary,Student,218
2005-06,2005-06,True,,Outside Australia,Higher Education Sector,Secondary,Other visas / No Previous Visa,3597
2005-06,2005-06,True,,Outside Australia,Higher Education Sector,Secondary,Visitor,439
2005-06,2005-06,True,,Outside Australia,Independent ELICOS Sector,Primary,Visitor,3059
2005-06,2005-06,True,,Outside Australia,Independent ELICOS Sector,Primary,Other visas / No Previous Visa,17036
2005-06,2005-06,True,,Outside Australia,Independent ELICOS Sector,Primary,Student,509
2005-06,2005-06,True,,In Australia,Higher Education Sector,Secondary,Temporary Resident (Other Employment),14
2005-06,2005-06,True,,In Australia,Higher Education Sector,Secondary,Temporary Resident (Skilled Employment),13
2005-06,2005-06,True,,Outside Australia,Independent ELICOS Sector,Primary,Working Holiday Maker,565
2005-06,2005-06,True,,Outside Australia,Non-Award Sector,Primary,Other visas / No Previous Visa,14123
2005-06,2005-06,True,,Outside Australia,Non-Award Sector,Primary,Visitor,2105
2005-06,2005-06,True,,In Australia,Higher Education Sector,Secondary,Working Holiday Maker,35
2005-06,2005-06,True,,Outside Australia,Non-Award Sector,Primary,Student,262
2005-06,2005-06,True,,In Australia,Independent ELICOS Sector,Primary,Temporary Resident (Other Employment),9
2005-06,2005-06,True,,In Australia,Independent ELICOS Sector,Secondary,Temporary Resident (Skilled Employment),3
2005-06,2005-06,True,,Outside Australia,Non-Award Sector,Secondary,Other visas / No Previous Visa,93
2005-06,2005-06,True,,Outside Australia,Postgraduate Research Sector,Primary,Other visas / No Previous Visa,1219
2005-06,2005-06,True,,Outside Australia,Postgraduate Research Sector,Primary,Student,276
2005-06,2005-06,True,,Outside Australia,Postgraduate Research Sector,Primary,Visitor,336
2005-06,2005-06,True,,In Australia,Non-Award Sector,Secondary,Other visas / No Previous Visa,2
2005-06,2005-06,True,,Outside Australia,Postgraduate Research Sector,Secondary,Visitor,82
2005-06,2005-06,True,,Outside Australia,Postgraduate Research Sector,Secondary,Other visas / No Previous Visa,766
2005-06,2005-06,True,,Outside Australia,Independent ELICOS Sector,Secondary,Other visas / No Previous Visa,662
2005-06,2005-06,True,,Outside Australia,Schools Sector,Primary,Visitor,2317
2005-06,2005-06,True,,Outside Australia,Schools Sector,Primary,Temporary Resident (Skilled Employment),25
2005-06,2005-06,True,,Outside Australia,Independent ELICOS Sector,Secondary,Visitor,194
2005-06,2005-06,True,,Outside Australia,Schools Sector,Primary,Other visas / No Previous Visa,8107
2005-06,2005-06,True,,Outside Australia,Schools Sector,Primary,Student,388
2005-06,2005-06,True,,Outside Australia,Non-Award Sector,Primary,Temporary Resident (Other Employment),20
2005-06,2005-06,True,,Outside Australia,Vocational Education and Training Sector,Primary,Student,1194
2005-06,2005-06,True,,Outside Australia,Vocational Education and Training Sector,Primary,Other visas / No Previous Visa,10592
2005-06,2005-06,True,,Outside Australia,Vocational Education and Training Sector,Primary,Working Holiday Maker,263
2005-06,2005-06,True,,Outside Australia,Non-Award Sector,Primary,Temporary Resident (Skilled Employment),4
2005-06,2005-06,True,,Outside Australia,Vocational Education and Training Sector,Primary,Visitor,2264
2005-06,2005-06,True,,In Australia,Non-Award Sector,Secondary,Visitor,6
2005-06,2005-06,True,,Outside Australia,Non-Award Sector,Primary,Working Holiday Maker,108
2005-06,2005-06,True,,Outside Australia,Vocational Education and Training Sector,Secondary,Other visas / No Previous Visa,784
2005-06,2005-06,True,,Outside Australia,Foreign Affairs or Defence Sector,Primary,Other visas / No Previous Visa,1956
2005-06,2005-06,True,,Outside Australia,Foreign Affairs or Defence Sector,Primary,Student,225
2005-06,2005-06,True,,Outside Australia,Foreign Affairs or Defence Sector,Primary,Visitor,284
2005-06,2005-06,True,,Outside Australia,Foreign Affairs or Defence Sector,Secondary,Other visas / No Previous Visa,1132
2005-06,2005-06,True,,In Australia,Non-Award Sector,Primary,Temporary Resident (Skilled Employment),1
2005-06,2005-06,True,,Outside Australia,Foreign Affairs or Defence Sector,Secondary,Student,90
2005-06,2005-06,True,,In Australia,Schools Sector,Primary,Temporary Resident (Other Employment),23
2005-06,2005-06,True,,Outside Australia,Postgraduate Research Sector,Secondary,Student,82
2005-06,2005-06,True,,In Australia,Schools Sector,Primary,Other visas / No Previous Visa,2
2005-06,2005-06,True,,In Australia,Postgraduate Research Sector,Primary,Temporary Resident (Skilled Employment),10
2005-06,2005-06,True,,In Australia,Postgraduate Research Sector,Secondary,Working Holiday Maker,10
2005-06,2005-06,True,,In Australia,Postgraduate Research Sector,Secondary,Visitor,26
2005-06,2005-06,True,,Outside Australia,Higher Education Sector,Primary,Crew and Transit,185
2005-06,2005-06,True,,Outside Australia,Foreign Affairs or Defence Sector,Primary,Crew and Transit,50
2005-06,2005-06,True,,Outside Australia,Higher Education Sector,Secondary,Temporary Resident (Skilled Employment),8
2005-06,2005-06,True,,Outside Australia,Higher Education Sector,Primary,Temporary Resident (Skilled Employment),66
2005-06,2005-06,True,,Outside Australia,Independent ELICOS Sector,Primary,Temporary Resident (Other Employment),8
2005-06,2005-06,True,,In Australia,Vocational Education and Training Sector,Secondary,Working Holiday Maker,29
2005-06,2005-06,True,,Outside Australia,Independent ELICOS Sector,Secondary,Working Holiday Maker,24
2005-06,2005-06,True,,Outside Australia,Higher Education Sector,Secondary,Working Holiday Maker,55
2005-06,2005-06,True,,Outside Australia,Postgraduate Research Sector,Primary,Temporary Resident (Other Employment),55
2005-06,2005-06,True,,Outside Australia,Schools Sector,Primary,Crew and Transit,7
2005-06,2005-06,True,,Outside Australia,Schools Sector,Secondary,Other visas / No Previous Visa,12
2005-06,2005-06,True,,Outside Australia,Higher Education Sector,Secondary,Crew and Transit,6
2005-06,2005-06,True,,Outside Australia,Vocational Education and Training Sector,Primary,Crew and Transit,30
2005-06,2005-06,True,,Outside Australia,Vocational Education and Training Sector,Secondary,Visitor,344
2005-06,2005-06,True,,Outside Australia,Vocational Education and Training Sector,Secondary,Student,68
2005-06,2005-06,True,,Outside Australia,Independent ELICOS Sector,Primary,Other Temporary,8
2005-06,2005-06,True,,Outside Australia,Vocational Education and Training Sector,Primary,Temporary Resident (Other Employment),36
2005-06,2005-06,True,,Outside Australia,Foreign Affairs or Defence Sector,Secondary,Visitor,55
2005-06,2005-06,True,,Outside Australia,Higher Education Sector,Primary,Other Temporary,11
2005-06,2005-06,True,,Outside Australia,Vocational Education and Training Sector,Primary,Other Temporary,9
2005-06,2005-06,True,,Outside Australia,Foreign Affairs or Defence Sector,Primary,Temporary Resident (Other Employment),28
2005-06,2005-06,True,,Outside Australia,Independent ELICOS Sector,Primary,Temporary Resident (Skilled Employment),4
2005-06,2005-06,True,,Outside Australia,Postgraduate Research Sector,Secondary,Temporary Resident (Skilled Employment),1
2005-06,2005-06,True,,Outside Australia,Postgraduate Research Sector,Primary,Temporary Resident (Skilled Employment),10
2005-06,2005-06,True,,Outside Australia,Vocational Education and Training Sector,Secondary,Working Holiday Maker,11
2005-06,2005-06,True,,Outside Australia,Schools Sector,Primary,Other Temporary,8
2005-06,2005-06,True,,Outside Australia,Schools Sector,Primary,Temporary Resident (Other Employment),12
2005-06,2005-06,True,,Outside Australia,Vocational Education and Training Sector,Primary,Temporary Resident (Skilled Employment),24
2005-06,2005-06,True,,In Australia,Independent ELICOS Sector,Secondary,Working Holiday Maker,2
2005-06,2005-06,True,,In Australia,Foreign Affairs or Defence Sector,Secondary,Visitor,1
2005-06,2005-06,True,,Outside Australia,Independent ELICOS Sector,Primary,Crew and Transit,7
2005-06,2005-06,True,,Outside Australia,Independent ELICOS Sector,Secondary,Student,28
2005-06,2005-06,True,,Outside Australia,Schools Sector,Secondary,Visitor,6
2005-06,2005-06,True,,In Australia,Postgraduate Research Sector,Secondary,Temporary Resident (Skilled Employment),4
2005-06,2005-06,True,,In Australia,Vocational Education and Training Sector,Secondary,Temporary Resident (Other Employment),5
2005-06,2005-06,True,,In Australia,Schools Sector,Primary,Other Temporary,15
2005-06,2005-06,True,,Outside Australia,Foreign Affairs or Defence Sector,Secondary,Temporary Resident (Other Employment),11
2005-06,2005-06,True,,Outside Australia,Higher Education Sector,Secondary,Other Temporary,3
2005-06,2005-06,True,,Outside Australia,Non-Award Sector,Secondary,Visitor,11
2005-06,2005-06,True,,Outside Australia,Postgraduate Research Sector,Secondary,Temporary Resident (Other Employment),11
2005-06,2005-06,True,,Outside Australia,Postgraduate Research Sector,Primary,Working Holiday Maker,15
2005-06,2005-06,True,,Outside Australia,Higher Education Sector,Secondary,Temporary Resident (Other Employment),8
2005-06,2005-06,True,,Outside Australia,Postgraduate Research Sector,Secondary,Working Holiday Maker,5
2005-06,2005-06,True,,In Australia,Higher Education Sector,Primary,Other visas / No Previous Visa,9
2005-06,2005-06,True,,Outside Australia,Vocational Education and Training Sector,Secondary,Crew and Transit,2
2005-06,2005-06,True,,In Australia,Schools Sector,Secondary,Student,1
2005-06,2005-06,True,,Outside Australia,Foreign Affairs or Defence Sector,Secondary,Crew and Transit,7
2005-06,2005-06,True,,Outside Australia,Foreign Affairs or Defence Sector,Primary,Other Temporary,3
2005-06,2005-06,True,,Outside Australia,Independent ELICOS Sector,Secondary,Temporary Resident (Skilled Employment),3
2005-06,2005-06,True,,Outside Australia,Vocational Education and Training Sector,Secondary,Temporary Resident (Other Employment),3
2005-06,2005-06,True,,In Australia,Vocational Education and Training Sector,Secondary,Temporary Resident (Skilled Employment),8
2005-06,2005-06,True,,Outside Australia,Vocational Education and Training Sector,Secondary,Temporary Resident (Skilled Employment),3
2005-06,2005-06,True,,In Australia,Non-Award Sector,Primary,Other visas / No Previous Visa,1
2005-06,2005-06,True,,In Australia,Higher Education Sector,Primary,Other Temporary,1
2005-06,2005-06,True,,Outside Australia,Higher Education Sector,Primary,Special Category,1
2005-06,2005-06,True,,In Australia,Independent ELICOS Sector,Primary,Other Temporary,1
2005-06,2005-06,True,,Outside Australia,Non-Award Sector,Secondary,Working Holiday Maker,2
2005-06,2005-06,True,,Outside Australia,Foreign Affairs or Defence Sector,Primary,Special Category,1
2005-06,2005-06,True,,Outside Australia,Schools Sector,Secondary,Student,1
2005-06,2005-06,True,,In Australia,Vocational Education and Training Sector,Primary,Other visas / No Previous Visa,4
2005-06,2005-06,True,,In Australia,Independent ELICOS Sector,Secondary,Temporary Resident (Other Employment),3
2005-06,2005-06,True,,In Australia,Postgraduate Research Sector,Primary,Other visas / No Previous Visa,1
2005-06,2005-06,True,,In Australia,Vocational Education and Training Sector,Primary,Other Temporary,4
2005-06,2005-06,True,,Outside Australia,Non-Award Sector,Primary,Other Temporary,1
2005-06,2005-06,True,,Outside Australia,Independent ELICOS Sector,Secondary,Other Temporary,2
2005-06,2005-06,True,,Outside Australia,Schools Sector,Secondary,Working Holiday Maker,1
2005-06,2005-06,True,,Outside Australia,Postgraduate Research Sector,Primary,Crew and Transit,5
2005-06,2005-06,True,,Outside Australia,Vocational Education and Training Sector,Primary,Offshore Humanitarian,1
2005-06,2005-06,True,,Outside Australia,Postgraduate Research Sector,Secondary,Other Temporary,1
2005-06,2005-06,True,,In Australia,Non-Award Sector,Secondary,Working Holiday Maker,1
2005-06,2005-06,True,,Outside Australia,Foreign Affairs or Defence Sector,Secondary,Other Temporary,2
2005-06,2005-06,True,,Outside Australia,Schools Sector,Secondary,Temporary Resident (Other Employment),1
2005-06,2005-06,True,,Outside Australia,Non-Award Sector,Primary,Crew and Transit,1
2005-06,2005-06,True,,In Australia,Foreign Affairs or Defence Sector,Primary,Visitor,1
2005-06,2005-06,True,,Outside Australia,Independent ELICOS Sector,Secondary,Crew and Transit,1
2005-06,2005-06,True,,Outside Australia,Schools Sector,Primary,Working Holiday Maker,1
2006-07,2006-07,True,,In Australia,Higher Education Sector,Primary,Student,30409
2006-07,2006-07,True,,In Australia,Higher Education Sector,Primary,Visitor,1334
2006-07,2006-07,True,,In Australia,Higher Education Sector,Primary,Working Holiday Maker,295
2006-07,2006-07,True,,In Australia,Higher Education Sector,Secondary,Student,2387
2006-07,2006-07,True,,In Australia,Independent ELICOS Sector,Primary,Student,3570
2006-07,2006-07,True,,In Australia,Independent ELICOS Sector,Primary,Working Holiday Maker,212
2006-07,2006-07,True,,In Australia,Independent ELICOS Sector,Primary,Visitor,639
2006-07,2006-07,True,,In Australia,Independent ELICOS Sector,Secondary,Visitor,97
2006-07,2006-07,True,,In Australia,Non-Award Sector,Primary,Student,624
2006-07,2006-07,True,,In Australia,Non-Award Sector,Primary,Visitor,285
2006-07,2006-07,True,,In Australia,Postgraduate Research Sector,Primary,Student,1563
2006-07,2006-07,True,,In Australia,Postgraduate Research Sector,Primary,Visitor,92
2006-07,2006-07,True,,In Australia,Schools Sector,Primary,Student,1319
2006-07,2006-07,True,,In Australia,Vocational Education and Training Sector,Primary,Student,13246
2006-07,2006-07,True,,In Australia,Vocational Education and Training Sector,Primary,Working Holiday Maker,578
2006-07,2006-07,True,,In Australia,Vocational Education and Training Sector,Primary,Visitor,1412
2006-07,2006-07,True,,In Australia,Vocational Education and Training Sector,Secondary,Student,1266
2006-07,2006-07,True,,In Australia,Foreign Affairs or Defence Sector,Primary,Student,219
2006-07,2006-07,True,,In Australia,Foreign Affairs or Defence Sector,Secondary,Student,255
2006-07,2006-07,True,,In Australia,Higher Education Sector,Primary,Temporary Resident (Skilled Employment),92
2006-07,2006-07,True,,In Australia,Higher Education Sector,Primary,Temporary Resident (Other Employment),75
2006-07,2006-07,True,,In Australia,Higher Education Sector,Secondary,Other visas / No Previous Visa,239
2006-07,2006-07,True,,In Australia,Independent ELICOS Sector,Secondary,Student,318
2006-07,2006-07,True,,In Australia,Higher Education Sector,Secondary,Visitor,211
2006-07,2006-07,True,,In Australia,Postgraduate Research Sector,Primary,Working Holiday Maker,18
2006-07,2006-07,True,,In Australia,Independent ELICOS Sector,Primary,Temporary Resident (Other Employment),4
2006-07,2006-07,True,,In Australia,Postgraduate Research Sector,Primary,Temporary Resident (Skilled Employment),17
2006-07,2006-07,True,,In Australia,Postgraduate Research Sector,Secondary,Student,665
2006-07,2006-07,True,,In Australia,Vocational Education and Training Sector,Secondary,Visitor,246
2006-07,2006-07,True,,In Australia,Schools Sector,Primary,Temporary Resident (Skilled Employment),34
2006-07,2006-07,True,,In Australia,Schools Sector,Primary,Visitor,177
2006-07,2006-07,True,,In Australia,Schools Sector,Primary,Temporary Resident (Other Employment),24
2006-07,2006-07,True,,In Australia,Vocational Education and Training Sector,Primary,Temporary Resident (Other Employment),47
2006-07,2006-07,True,,In Australia,Vocational Education and Training Sector,Secondary,Working Holiday Maker,33
2006-07,2006-07,True,,Outside Australia,Higher Education Sector,Primary,Other visas / No Previous Visa,54043
2006-07,2006-07,True,,Outside Australia,Higher Education Sector,Primary,Visitor,8788
2006-07,2006-07,True,,Outside Australia,Higher Education Sector,Primary,Student,5683
2006-07,2006-07,True,,Outside Australia,Higher Education Sector,Primary,Temporary Resident (Skilled Employment),62
2006-07,2006-07,True,,In Australia,Higher Education Sector,Secondary,Working Holiday Maker,56
2006-07,2006-07,True,,In Australia,Independent ELICOS Sector,Primary,Temporary Resident (Skilled Employment),9
2006-07,2006-07,True,,In Australia,Non-Award Sector,Primary,Crew and Transit,2
2006-07,2006-07,True,,In Australia,Non-Award Sector,Secondary,Student,25
2006-07,2006-07,True,,Outside Australia,Higher Education Sector,Primary,Working Holiday Maker,889
2006-07,2006-07,True,,Outside Australia,Higher Education Sector,Primary,Crew and Transit,205
2006-07,2006-07,True,,In Australia,Postgraduate Research Sector,Secondary,Other visas / No Previous Visa,80
2006-07,2006-07,True,,Outside Australia,Higher Education Sector,Primary,Temporary Resident (Other Employment),109
2006-07,2006-07,True,,Outside Australia,Higher Education Sector,Secondary,Other visas / No Previous Visa,6289
2006-07,2006-07,True,,Outside Australia,Higher Education Sector,Secondary,Visitor,457
2006-07,2006-07,True,,Outside Australia,Higher Education Sector,Secondary,Temporary Resident (Other Employment),7
2006-07,2006-07,True,,Outside Australia,Independent ELICOS Sector,Primary,Other visas / No Previous Visa,20091
2006-07,2006-07,True,,Outside Australia,Independent ELICOS Sector,Primary,Visitor,3072
2006-07,2006-07,True,,Outside Australia,Independent ELICOS Sector,Primary,Student,525
2006-07,2006-07,True,,In Australia,Vocational Education and Training Sector,Secondary,Other visas / No Previous Visa,76
2006-07,2006-07,True,,Outside Australia,Independent ELICOS Sector,Secondary,Other visas / No Previous Visa,825
2006-07,2006-07,True,,Outside Australia,Non-Award Sector,Primary,Other visas / No Previous Visa,14212
2006-07,2006-07,True,,Outside Australia,Non-Award Sector,Primary,Temporary Resident (Other Employment),21
2006-07,2006-07,True,,Outside Australia,Non-Award Sector,Primary,Working Holiday Maker,164
2006-07,2006-07,True,,Outside Australia,Non-Award Sector,Primary,Visitor,1942
2006-07,2006-07,True,,Outside Australia,Non-Award Sector,Secondary,Other visas / No Previous Visa,93
2006-07,2006-07,True,,Outside Australia,Postgraduate Research Sector,Primary,Other visas / No Previous Visa,1413
2006-07,2006-07,True,,Outside Australia,Postgraduate Research Sector,Primary,Temporary Resident (Other Employment),54
2006-07,2006-07,True,,Outside Australia,Postgraduate Research Sector,Primary,Visitor,378
2006-07,2006-07,True,,Outside Australia,Postgraduate Research Sector,Secondary,Visitor,109
2006-07,2006-07,True,,Outside Australia,Postgraduate Research Sector,Secondary,Other visas / No Previous Visa,914
2006-07,2006-07,True,,Outside Australia,Schools Sector,Primary,Visitor,2560
2006-07,2006-07,True,,Outside Australia,Schools Sector,Primary,Other visas / No Previous Visa,11719
2006-07,2006-07,True,,Outside Australia,Schools Sector,Primary,Student,453
2006-07,2006-07,True,,Outside Australia,Vocational Education and Training Sector,Primary,Other visas / No Previous Visa,20175
2006-07,2006-07,True,,Outside Australia,Vocational Education and Training Sector,Primary,Working Holiday Maker,353
2006-07,2006-07,True,,Outside Australia,Vocational Education and Training Sector,Primary,Student,1219
2006-07,2006-07,True,,Outside Australia,Vocational Education and Training Sector,Primary,Visitor,2594
2006-07,2006-07,True,,Outside Australia,Vocational Education and Training Sector,Secondary,Other visas / No Previous Visa,1774
2006-07,2006-07,True,,Outside Australia,Vocational Education and Training Sector,Secondary,Visitor,492
2006-07,2006-07,True,,Outside Australia,Foreign Affairs or Defence Sector,Primary,Other visas / No Previous Visa,1908
2006-07,2006-07,True,,Outside Australia,Foreign Affairs or Defence Sector,Primary,Student,284
2006-07,2006-07,True,,Outside Australia,Foreign Affairs or Defence Sector,Primary,Visitor,288
2006-07,2006-07,True,,Outside Australia,Foreign Affairs or Defence Sector,Secondary,Other visas / No Previous Visa,1358
2006-07,2006-07,True,,Outside Australia,Foreign Affairs or Defence Sector,Secondary,Visitor,81
2006-07,2006-07,True,,Outside Australia,Foreign Affairs or Defence Sector,Secondary,Student,96
2006-07,2006-07,True,,Outside Australia,Non-Award Sector,Primary,Student,234
2006-07,2006-07,True,,Outside Australia,Postgraduate Research Sector,Primary,Student,335
2006-07,2006-07,True,,Outside Australia,Vocational Education and Training Sector,Primary,Crew and Transit,43
2006-07,2006-07,True,,Outside Australia,Higher Education Sector,Secondary,Student,274
2006-07,2006-07,True,,Outside Australia,Higher Education Sector,Secondary,Temporary Resident (Skilled Employment),8
2006-07,2006-07,True,,Outside Australia,Independent ELICOS Sector,Primary,Working Holiday Maker,647
2006-07,2006-07,True,,Outside Australia,Independent ELICOS Sector,Primary,Crew and Transit,15
2006-07,2006-07,True,,Outside Australia,Independent ELICOS Sector,Secondary,Visitor,173
2006-07,2006-07,True,,Outside Australia,Postgraduate Research Sector,Primary,Crew and Transit,7
2006-07,2006-07,True,,Outside Australia,Postgraduate Research Sector,Secondary,Student,110
2006-07,2006-07,True,,Outside Australia,Postgraduate Research Sector,Secondary,Temporary Resident (Other Employment),2
2006-07,2006-07,True,,Outside Australia,Schools Sector,Primary,Temporary Resident (Skilled Employment),27
2006-07,2006-07,True,,Outside Australia,Schools Sector,Secondary,Other visas / No Previous Visa,20
2006-07,2006-07,True,,Outside Australia,Independent ELICOS Sector,Primary,Temporary Resident (Other Employment),14
2006-07,2006-07,True,,Outside Australia,Vocational Education and Training Sector,Secondary,Student,108
2006-07,2006-07,True,,Outside Australia,Independent ELICOS Sector,Secondary,Student,50
2006-07,2006-07,True,,In Australia,Foreign Affairs or Defence Sector,Secondary,Other visas / No Previous Visa,35
2006-07,2006-07,True,,In Australia,Higher Education Sector,Primary,Other Temporary,6
2006-07,2006-07,True,,In Australia,Higher Education Sector,Primary,Other visas / No Previous Visa,9
2006-07,2006-07,True,,In Australia,Higher Education Sector,Secondary,Other Temporary,1
2006-07,2006-07,True,,In Australia,Independent ELICOS Sector,Primary,Other visas / No Previous Visa,1
2006-07,2006-07,True,,In Australia,Non-Award Sector,Primary,Working Holiday Maker,27
2006-07,2006-07,True,,In Australia,Vocational Education and Training Sector,Primary,Temporary Resident (Skilled Employment),61
2006-07,2006-07,True,,In Australia,Independent ELICOS Sector,Secondary,Other visas / No Previous Visa,9
2006-07,2006-07,True,,In Australia,Postgraduate Research Sector,Primary,Temporary Resident (Other Employment),24
2006-07,2006-07,True,,Outside Australia,Foreign Affairs or Defence Sector,Primary,Temporary Resident (Other Employment),25
2006-07,2006-07,True,,Outside Australia,Foreign Affairs or Defence Sector,Secondary,Temporary Resident (Other Employment),12
2006-07,2006-07,True,,Outside Australia,Non-Award Sector,Primary,Crew and Transit,2
2006-07,2006-07,True,,Outside Australia,Vocational Education and Training Sector,Primary,Temporary Resident (Skilled Employment),26
2006-07,2006-07,True,,Outside Australia,Foreign Affairs or Defence Sector,Primary,Crew and Transit,64
2006-07,2006-07,True,,Outside Australia,Vocational Education and Training Sector,Primary,Temporary Resident (Other Employment),39
2006-07,2006-07,True,,Outside Australia,Vocational Education and Training Sector,Primary,Other Temporary,10
2006-07,2006-07,True,,Outside Australia,Higher Education Sector,Secondary,Working Holiday Maker,56
2006-07,2006-07,True,,Outside Australia,Independent ELICOS Sector,Secondary,Working Holiday Maker,32
2006-07,2006-07,True,,In Australia,Higher Education Sector,Secondary,Temporary Resident (Skilled Employment),14
2006-07,2006-07,True,,In Australia,Postgraduate Research Sector,Secondary,Temporary Resident (Other Employment),14
2006-07,2006-07,True,,In Australia,Postgraduate Research Sector,Secondary,Visitor,43
2006-07,2006-07,True,,In Australia,Vocational Education and Training Sector,Secondary,Temporary Resident (Skilled Employment),9
2006-07,2006-07,True,,In Australia,Schools Sector,Primary,Other Temporary,17
2006-07,2006-07,True,,Outside Australia,Foreign Affairs or Defence Sector,Primary,Other Temporary,6
2006-07,2006-07,True,,In Australia,Postgraduate Research Sector,Primary,Other visas / No Previous Visa,1
2006-07,2006-07,True,,In Australia,Vocational Education and Training Sector,Primary,Other visas / No Previous Visa,3
2006-07,2006-07,True,,Outside Australia,Postgraduate Research Sector,Primary,Working Holiday Maker,20
2006-07,2006-07,True,,Outside Australia,Vocational Education and Training Sector,Secondary,Working Holiday Maker,18
2006-07,2006-07,True,,Outside Australia,Foreign Affairs or Defence Sector,Secondary,Crew and Transit,5
2006-07,2006-07,True,,Outside Australia,Schools Sector,Secondary,Visitor,7
2006-07,2006-07,True,,In Australia,Postgraduate Research Sector,Secondary,Working Holiday Maker,3
2006-07,2006-07,True,,Outside Australia,Postgraduate Research Sector,Primary,Temporary Resident (Skilled Employment),11
2006-07,2006-07,True,,Outside Australia,Independent ELICOS Sector,Primary,Other Temporary,7
2006-07,2006-07,True,,Outside Australia,Independent ELICOS Sector,Secondary,Temporary Resident (Skilled Employment),2
2006-07,2006-07,True,,In Australia,Non-Award Sector,Primary,Temporary Resident (Other Employment),6
2006-07,2006-07,True,,Outside Australia,Higher Education Sector,Primary,Other Temporary,20
2006-07,2006-07,True,,Outside Australia,Non-Award Sector,Primary,Temporary Resident (Skilled Employment),10
2006-07,2006-07,True,,Outside Australia,Non-Award Sector,Secondary,Visitor,9
2006-07,2006-07,True,,Outside Australia,Schools Sector,Primary,Crew and Transit,7
2006-07,2006-07,True,,Outside Australia,Schools Sector,Primary,Other Temporary,2
2006-07,2006-07,True,,Outside Australia,Postgraduate Research Sector,Secondary,Temporary Resident (Skilled Employment),4
2006-07,2006-07,True,,In Australia,Foreign Affairs or Defence Sector,Primary,Visitor,2
2006-07,2006-07,True,,Outside Australia,Independent ELICOS Sector,Primary,Temporary Resident (Skilled Employment),3
2006-07,2006-07,True,,Outside Australia,Postgraduate Research Sector,Secondary,Working Holiday Maker,1
2006-07,2006-07,True,,Outside Australia,Higher Education Sector,Secondary,Other Temporary,4
2006-07,2006-07,True,,In Australia,Independent ELICOS Sector,Secondary,Working Holiday Maker,7
2006-07,2006-07,True,,In Australia,Independent ELICOS Sector,Secondary,Other Temporary,1
2006-07,2006-07,True,,Outside Australia,Higher Education Sector,Secondary,Crew and Transit,10
2006-07,2006-07,True,,Outside Australia,Schools Sector,Primary,Temporary Resident (Other Employment),11
2006-07,2006-07,True,,In Australia,Independent ELICOS Sector,Secondary,Temporary Resident (Skilled Employment),2
2006-07,2006-07,True,,Outside Australia,Vocational Education and Training Sector,Secondary,Temporary Resident (Other Employment),2
2006-07,2006-07,True,,In Australia,Foreign Affairs or Defence Sector,Secondary,Visitor,1
2006-07,2006-07,True,,In Australia,Non-Award Sector,Secondary,Visitor,11
2006-07,2006-07,True,,In Australia,Independent ELICOS Sector,Secondary,Temporary Resident (Other Employment),1
2006-07,2006-07,True,,In Australia,Vocational Education and Training Sector,Primary,Other Temporary,4
2006-07,2006-07,True,,In Australia,Vocational Education and Training Sector,Secondary,Temporary Resident (Other Employment),4
2006-07,2006-07,True,,In Australia,Higher Education Sector,Secondary,Temporary Resident (Other Employment),3
2006-07,2006-07,True,,In Australia,Postgraduate Research Sector,Secondary,Temporary Resident (Skilled Employment),4
2006-07,2006-07,True,,Outside Australia,Non-Award Sector,Primary,Special Category,1
2006-07,2006-07,True,,Outside Australia,Independent ELICOS Sector,Secondary,Temporary Resident (Other Employment),1
2006-07,2006-07,True,,Outside Australia,Independent ELICOS Sector,Secondary,Other Temporary,3
2006-07,2006-07,True,,Outside Australia,Postgraduate Research Sector,Secondary,Other Temporary,1
2006-07,2006-07,True,,Outside Australia,Vocational Education and Training Sector,Secondary,Crew and Transit,3
2006-07,2006-07,True,,In Australia,Foreign Affairs or Defence Sector,Secondary,Temporary Resident (Other Employment),1
2006-07,2006-07,True,,In Australia,Non-Award Sector,Secondary,Other visas / No Previous Visa,2
2006-07,2006-07,True,,Outside Australia,Vocational Education and Training Sector,Secondary,Temporary Resident (Skilled Employment),6
2006-07,2006-07,True,,In Australia,Foreign Affairs or Defence Sector,Primary,Other Temporary,1
2006-07,2006-07,True,,In Australia,Non-Award Sector,Primary,Temporary Resident (Skilled Employment),2
2006-07,2006-07,True,,Outside Australia,Schools Sector,Primary,Working Holiday Maker,1
2006-07,2006-07,True,,Outside Australia,Schools Sector,Secondary,Student,1
2006-07,2006-07,True,,In Australia,Foreign Affairs or Defence Sector,Primary,Temporary Resident (Other Employment),1
2006-07,2006-07,True,,In Australia,Foreign Affairs or Defence Sector,Primary,Other visas / No Previous Visa,1
2006-07,2006-07,True,,In Australia,Non-Award Sector,Primary,Special Category,1
2006-07,2006-07,True,,Outside Australia,Postgraduate Research Sector,Primary,Other Temporary,1
2006-07,2006-07,True,,Outside Australia,Vocational Education and Training Sector,Secondary,Other Temporary,1
2006-07,2006-07,True,,In Australia,Schools Sector,Primary,Other visas / No Previous Visa,1
2006-07,2006-07,True,,Outside Australia,Foreign Affairs or Defence Sector,Secondary,Other Temporary,1
2007-08,2007-08,True,,In Australia,Higher Education Sector,Primary,Student,33918
2007-08,2007-08,True,,In Australia,Higher Education Sector,Primary,Temporary Resident (Other Employment),109
2007-08,2007-08,True,,In Australia,Higher Education Sector,Primary,Working Holiday Maker,377
2007-08,2007-08,True,,In Australia,Higher Education Sector,Primary,Visitor,1459
2007-08,2007-08,True,,In Australia,Higher Education Sector,Secondary,Student,2936
2007-08,2007-08,True,,In Australia,Higher Education Sector,Secondary,Visitor,225
2007-08,2007-08,True,,In Australia,Independent ELICOS Sector,Primary,Student,3789
2007-08,2007-08,True,,In Australia,Independent ELICOS Sector,Primary,Working Holiday Maker,169
2007-08,2007-08,True,,In Australia,Independent ELICOS Sector,Primary,Visitor,553
2007-08,2007-08,True,,In Australia,Independent ELICOS Sector,Secondary,Student,411
2007-08,2007-08,True,,In Australia,Non-Award Sector,Primary,Visitor,372
2007-08,2007-08,True,,In Australia,Non-Award Sector,Primary,Student,1108
2007-08,2007-08,True,,In Australia,Non-Award Sector,Primary,Working Holiday Maker,76
2007-08,2007-08,True,,In Australia,Higher Education Sector,Secondary,Other visas / No Previous Visa,280
2007-08,2007-08,True,,In Australia,Postgraduate Research Sector,Primary,Student,1710
2007-08,2007-08,True,,In Australia,Postgraduate Research Sector,Secondary,Student,803
2007-08,2007-08,True,,In Australia,Schools Sector,Primary,Student,1438
2007-08,2007-08,True,,In Australia,Vocational Education and Training Sector,Primary,Student,22067
2007-08,2007-08,True,,In Australia,Vocational Education and Training Sector,Primary,Visitor,1571
2007-08,2007-08,True,,In Australia,Vocational Education and Training Sector,Primary,Working Holiday Maker,796
2007-08,2007-08,True,,In Australia,Schools Sector,Primary,Visitor,678
2007-08,2007-08,True,,In Australia,Vocational Education and Training Sector,Primary,Temporary Resident (Other Employment),56
2007-08,2007-08,True,,In Australia,Vocational Education and Training Sector,Primary,Temporary Resident (Skilled Employment),88
2007-08,2007-08,True,,In Australia,Vocational Education and Training Sector,Secondary,Student,2935
2007-08,2007-08,True,,In Australia,Foreign Affairs or Defence Sector,Primary,Student,212
2007-08,2007-08,True,,In Australia,Foreign Affairs or Defence Sector,Secondary,Student,267
2007-08,2007-08,True,,In Australia,Foreign Affairs or Defence Sector,Secondary,Other visas / No Previous Visa,61
2007-08,2007-08,True,,In Australia,Higher Education Sector,Secondary,Working Holiday Maker,69
2007-08,2007-08,True,,In Australia,Independent ELICOS Sector,Secondary,Visitor,101
2007-08,2007-08,True,,In Australia,Higher Education Sector,Secondary,Temporary Resident (Skilled Employment),14
2007-08,2007-08,True,,In Australia,Postgraduate Research Sector,Primary,Other visas / No Previous Visa,1
2007-08,2007-08,True,,In Australia,Postgraduate Research Sector,Primary,Working Holiday Maker,35
2007-08,2007-08,True,,In Australia,Schools Sector,Primary,Temporary Resident (Other Employment),16
2007-08,2007-08,True,,In Australia,Schools Sector,Primary,Temporary Resident (Skilled Employment),52
2007-08,2007-08,True,,In Australia,Independent ELICOS Sector,Secondary,Other visas / No Previous Visa,12
2007-08,2007-08,True,,In Australia,Postgraduate Research Sector,Primary,Visitor,109
2007-08,2007-08,True,,In Australia,Postgraduate Research Sector,Secondary,Other visas / No Previous Visa,122
2007-08,2007-08,True,,In Australia,Postgraduate Research Sector,Secondary,Visitor,42
2007-08,2007-08,True,,In Australia,Vocational Education and Training Sector,Secondary,Working Holiday Maker,88
2007-08,2007-08,True,,In Australia,Vocational Education and Training Sector,Secondary,Visitor,352
2007-08,2007-08,True,,Outside Australia,Higher Education Sector,Primary,Visitor,9196
2007-08,2007-08,True,,Outside Australia,Higher Education Sector,Primary,Other visas / No Previous Visa,64063
2007-08,2007-08,True,,Outside Australia,Higher Education Sector,Primary,Crew and Transit,149
2007-08,2007-08,True,,Outside Australia,Higher Education Sector,Primary,Working Holiday Maker,587
2007-08,2007-08,True,,Outside Australia,Higher Education Sector,Primary,Student,5243
2007-08,2007-08,True,,In Australia,Vocational Education and Training Sector,Secondary,Temporary Resident (Skilled Employment),26
2007-08,2007-08,True,,Outside Australia,Higher Education Sector,Secondary,Other visas / No Previous Visa,10634
2007-08,2007-08,True,,Outside Australia,Higher Education Sector,Primary,Temporary Resident (Other Employment),120
2007-08,2007-08,True,,Outside Australia,Higher Education Sector,Secondary,Visitor,438
2007-08,2007-08,True,,Outside Australia,Independent ELICOS Sector,Primary,Other visas / No Previous Visa,20435
2007-08,2007-08,True,,Outside Australia,Independent ELICOS Sector,Primary,Visitor,2534
2007-08,2007-08,True,,Outside Australia,Independent ELICOS Sector,Primary,Student,498
2007-08,2007-08,True,,Outside Australia,Higher Education Sector,Secondary,Temporary Resident (Other Employment),12
2007-08,2007-08,True,,Outside Australia,Higher Education Sector,Secondary,Student,283
2007-08,2007-08,True,,Outside Australia,Independent ELICOS Sector,Primary,Working Holiday Maker,516
2007-08,2007-08,True,,Outside Australia,Non-Award Sector,Primary,Other visas / No Previous Visa,16081
2007-08,2007-08,True,,Outside Australia,Non-Award Sector,Primary,Working Holiday Maker,212
2007-08,2007-08,True,,Outside Australia,Non-Award Sector,Primary,Visitor,2404
2007-08,2007-08,True,,Outside Australia,Non-Award Sector,Primary,Student,257
2007-08,2007-08,True,,Outside Australia,Independent ELICOS Sector,Secondary,Other visas / No Previous Visa,1145
2007-08,2007-08,True,,Outside Australia,Non-Award Sector,Primary,Temporary Resident (Other Employment),11
2007-08,2007-08,True,,Outside Australia,Non-Award Sector,Secondary,Other visas / No Previous Visa,127
2007-08,2007-08,True,,Outside Australia,Postgraduate Research Sector,Primary,Visitor,358
2007-08,2007-08,True,,Outside Australia,Postgraduate Research Sector,Primary,Working Holiday Maker,28
2007-08,2007-08,True,,Outside Australia,Postgraduate Research Sector,Primary,Student,332
2007-08,2007-08,True,,Outside Australia,Postgraduate Research Sector,Primary,Other visas / No Previous Visa,1631
2007-08,2007-08,True,,Outside Australia,Postgraduate Research Sector,Secondary,Other visas / No Previous Visa,1350
2007-08,2007-08,True,,Outside Australia,Postgraduate Research Sector,Secondary,Visitor,133
2007-08,2007-08,True,,Outside Australia,Schools Sector,Primary,Visitor,2213
2007-08,2007-08,True,,Outside Australia,Schools Sector,Primary,Other visas / No Previous Visa,12039
2007-08,2007-08,True,,Outside Australia,Schools Sector,Primary,Student,451
2007-08,2007-08,True,,Outside Australia,Schools Sector,Primary,Temporary Resident (Skilled Employment),12
2007-08,2007-08,True,,Outside Australia,Vocational Education and Training Sector,Primary,Other visas / No Previous Visa,28834
2007-08,2007-08,True,,Outside Australia,Vocational Education and Training Sector,Primary,Student,1664
2007-08,2007-08,True,,Outside Australia,Vocational Education and Training Sector,Primary,Visitor,3382
2007-08,2007-08,True,,Outside Australia,Vocational Education and Training Sector,Primary,Working Holiday Maker,1301
2007-08,2007-08,True,,Outside Australia,Vocational Education and Training Sector,Secondary,Other visas / No Previous Visa,4108
2007-08,2007-08,True,,Outside Australia,Vocational Education and Training Sector,Secondary,Visitor,681
2007-08,2007-08,True,,Outside Australia,Foreign Affairs or Defence Sector,Primary,Student,284
2007-08,2007-08,True,,Outside Australia,Foreign Affairs or Defence Sector,Primary,Other visas / No Previous Visa,1711
2007-08,2007-08,True,,Outside Australia,Foreign Affairs or Defence Sector,Primary,Visitor,309
2007-08,2007-08,True,,Outside Australia,Foreign Affairs or Defence Sector,Primary,Temporary Resident (Other Employment),24
2007-08,2007-08,True,,Outside Australia,Foreign Affairs or Defence Sector,Secondary,Other visas / No Previous Visa,1376
2007-08,2007-08,True,,Outside Australia,Foreign Affairs or Defence Sector,Secondary,Other Temporary,1
2007-08,2007-08,True,,Outside Australia,Foreign Affairs or Defence Sector,Secondary,Temporary Resident (Other Employment),4
2007-08,2007-08,True,,Outside Australia,Foreign Affairs or Defence Sector,Secondary,Student,94
2007-08,2007-08,True,,Outside Australia,Higher Education Sector,Secondary,Working Holiday Maker,31
2007-08,2007-08,True,,Outside Australia,Higher Education Sector,Secondary,Temporary Resident (Skilled Employment),9
2007-08,2007-08,True,,Outside Australia,Independent ELICOS Sector,Secondary,Working Holiday Maker,31
2007-08,2007-08,True,,Outside Australia,Independent ELICOS Sector,Secondary,Visitor,185
2007-08,2007-08,True,,Outside Australia,Independent ELICOS Sector,Secondary,Student,52
2007-08,2007-08,True,,Outside Australia,Non-Award Sector,Secondary,Temporary Resident (Skilled Employment),2
2007-08,2007-08,True,,Outside Australia,Non-Award Sector,Secondary,Visitor,20
2007-08,2007-08,True,,Outside Australia,Postgraduate Research Sector,Secondary,Student,135
2007-08,2007-08,True,,Outside Australia,Postgraduate Research Sector,Primary,Temporary Resident (Other Employment),54
2007-08,2007-08,True,,Outside Australia,Schools Sector,Primary,Other Temporary,5
2007-08,2007-08,True,,Outside Australia,Schools Sector,Primary,Temporary Resident (Other Employment),10
2007-08,2007-08,True,,Outside Australia,Vocational Education and Training Sector,Primary,Other Temporary,30
2007-08,2007-08,True,,Outside Australia,Vocational Education and Training Sector,Primary,Temporary Resident (Other Employment),75
2007-08,2007-08,True,,Outside Australia,Vocational Education and Training Sector,Secondary,Student,191
2007-08,2007-08,True,,In Australia,Non-Award Sector,Secondary,Visitor,14
2007-08,2007-08,True,,In Australia,Vocational Education and Training Sector,Secondary,Other visas / No Previous Visa,127
2007-08,2007-08,True,,In Australia,Higher Education Sector,Primary,Temporary Resident (Skilled Employment),80
2007-08,2007-08,True,,In Australia,Postgraduate Research Sector,Primary,Temporary Resident (Skilled Employment),25
2007-08,2007-08,True,,In Australia,Schools Sector,Primary,Other Temporary,36
2007-08,2007-08,True,,Outside Australia,Higher Education Sector,Primary,Temporary Resident (Skilled Employment),70
2007-08,2007-08,True,,Outside Australia,Foreign Affairs or Defence Sector,Primary,Other Temporary,5
2007-08,2007-08,True,,Outside Australia,Vocational Education and Training Sector,Primary,Crew and Transit,45
2007-08,2007-08,True,,Outside Australia,Vocational Education and Training Sector,Primary,Temporary Resident (Skilled Employment),31
2007-08,2007-08,True,,Outside Australia,Foreign Affairs or Defence Sector,Secondary,Visitor,80
2007-08,2007-08,True,,Outside Australia,Postgraduate Research Sector,Secondary,Temporary Resident (Other Employment),11
2007-08,2007-08,True,,Outside Australia,Schools Sector,Secondary,Other visas / No Previous Visa,21
2007-08,2007-08,True,,Outside Australia,Vocational Education and Training Sector,Secondary,Working Holiday Maker,85
2007-08,2007-08,True,,In Australia,Non-Award Sector,Secondary,Student,76
2007-08,2007-08,True,,In Australia,Independent ELICOS Sector,Primary,Temporary Resident (Skilled Employment),21
2007-08,2007-08,True,,In Australia,Independent ELICOS Sector,Secondary,Working Holiday Maker,10
2007-08,2007-08,True,,In Australia,Postgraduate Research Sector,Secondary,Working Holiday Maker,14
2007-08,2007-08,True,,Outside Australia,Independent ELICOS Sector,Primary,Temporary Resident (Other Employment),16
2007-08,2007-08,True,,In Australia,Higher Education Sector,Primary,Other visas / No Previous Visa,21
2007-08,2007-08,True,,In Australia,Higher Education Sector,Secondary,Temporary Resident (Other Employment),13
2007-08,2007-08,True,,In Australia,Postgraduate Research Sector,Secondary,Temporary Resident (Other Employment),8
2007-08,2007-08,True,,Outside Australia,Foreign Affairs or Defence Sector,Primary,Crew and Transit,65
2007-08,2007-08,True,,In Australia,Vocational Education and Training Sector,Secondary,Temporary Resident (Other Employment),5
2007-08,2007-08,True,,In Australia,Postgraduate Research Sector,Primary,Temporary Resident (Other Employment),23
2007-08,2007-08,True,,Outside Australia,Vocational Education and Training Sector,Secondary,Other Temporary,10
2007-08,2007-08,True,,Outside Australia,Vocational Education and Training Sector,Secondary,Temporary Resident (Skilled Employment),4
2007-08,2007-08,True,,Outside Australia,Independent ELICOS Sector,Secondary,Other Temporary,4
2007-08,2007-08,True,,In Australia,Vocational Education and Training Sector,Secondary,Other Temporary,2
2007-08,2007-08,True,,In Australia,Independent ELICOS Sector,Secondary,Temporary Resident (Skilled Employment),12
2007-08,2007-08,True,,In Australia,Schools Sector,Secondary,Other visas / No Previous Visa,2
2007-08,2007-08,True,,Outside Australia,Schools Sector,Primary,Crew and Transit,9
2007-08,2007-08,True,,In Australia,Independent ELICOS Sector,Primary,Other Temporary,1
2007-08,2007-08,True,,In Australia,Non-Award Sector,Secondary,Other visas / No Previous Visa,2
2007-08,2007-08,True,,Outside Australia,Foreign Affairs or Defence Sector,Secondary,Crew and Transit,9
2007-08,2007-08,True,,Outside Australia,Non-Award Sector,Secondary,Student,2
2007-08,2007-08,True,,Outside Australia,Foreign Affairs or Defence Sector,Secondary,Special Category,9
2007-08,2007-08,True,,Outside Australia,Independent ELICOS Sector,Primary,Other Temporary,13
2007-08,2007-08,True,,Outside Australia,Higher Education Sector,Primary,Other Temporary,9
2007-08,2007-08,True,,Outside Australia,Postgraduate Research Sector,Primary,Crew and Transit,4
2007-08,2007-08,True,,Outside Australia,Postgraduate Research Sector,Primary,Other Temporary,2
2007-08,2007-08,True,,In Australia,Foreign Affairs or Defence Sector,Secondary,Visitor,3
2007-08,2007-08,True,,In Australia,Vocational Education and Training Sector,Primary,Other visas / No Previous Visa,7
2007-08,2007-08,True,,Outside Australia,Higher Education Sector,Secondary,Crew and Transit,13
2007-08,2007-08,True,,Outside Australia,Postgraduate Research Sector,Primary,Temporary Resident (Skilled Employment),6
2007-08,2007-08,True,,In Australia,Higher Education Sector,Primary,Crew and Transit,1
2007-08,2007-08,True,,In Australia,Postgraduate Research Sector,Secondary,Temporary Resident (Skilled Employment),7
2007-08,2007-08,True,,Outside Australia,Independent ELICOS Sector,Primary,Crew and Transit,11
2007-08,2007-08,True,,In Australia,Postgraduate Research Sector,Primary,Other Temporary,1
2007-08,2007-08,True,,Outside Australia,Schools Sector,Secondary,Visitor,4
2007-08,2007-08,True,,Outside Australia,Postgraduate Research Sector,Secondary,Temporary Resident (Skilled Employment),2
2007-08,2007-08,True,,Outside Australia,Vocational Education and Training Sector,Secondary,Temporary Resident (Other Employment),3
2007-08,2007-08,True,,In Australia,Non-Award Sector,Primary,Temporary Resident (Other Employment),6
2007-08,2007-08,True,,In Australia,Vocational Education and Training Sector,Primary,Other Temporary,2
2007-08,2007-08,True,,In Australia,Higher Education Sector,Secondary,Other Temporary,3
2007-08,2007-08,True,,Outside Australia,Non-Award Sector,Primary,Temporary Resident (Skilled Employment),5
2007-08,2007-08,True,,Outside Australia,Vocational Education and Training Sector,Secondary,Crew and Transit,4
2007-08,2007-08,True,,In Australia,Foreign Affairs or Defence Sector,Primary,Special Category,1
2007-08,2007-08,True,,Outside Australia,Independent ELICOS Sector,Primary,Temporary Resident (Skilled Employment),4
2007-08,2007-08,True,,In Australia,Independent ELICOS Sector,Primary,Temporary Resident (Other Employment),2
2007-08,2007-08,True,,In Australia,Schools Sector,Primary,Other visas / No Previous Visa,1
2007-08,2007-08,True,,In Australia,Schools Sector,Primary,Working Holiday Maker,1
2007-08,2007-08,True,,Outside Australia,Non-Award Sector,Primary,Other Temporary,1
2007-08,2007-08,True,,Outside Australia,Non-Award Sector,Secondary,Working Holiday Maker,2
2007-08,2007-08,True,,In Australia,Non-Award Sector,Primary,Temporary Resident (Skilled Employment),3
2007-08,2007-08,True,,In Australia,Foreign Affairs or Defence Sector,Primary,Visitor,2
2007-08,2007-08,True,,Outside Australia,Postgraduate Research Sector,Secondary,Working Holiday Maker,3
2007-08,2007-08,True,,Outside Australia,Foreign Affairs or Defence Sector,Primary,Special Category,2
2007-08,2007-08,True,,Outside Australia,Schools Sector,Secondary,Student,1
2007-08,2007-08,True,,In Australia,Vocational Education and Training Sector,Primary,Crew and Transit,1
2007-08,2007-08,True,,Outside Australia,Postgraduate Research Sector,Secondary,Other Temporary,1
2007-08,2007-08,True,,In Australia,Higher Education Sector,Secondary,Crew and Transit,1
2007-08,2007-08,True,,In Australia,Schools Sector,Secondary,Temporary Resident (Skilled Employment),2
2007-08,2007-08,True,,In Australia,Higher Education Sector,Primary,Special Category,1
2007-08,2007-08,True,,In Australia,Independent ELICOS Sector,Secondary,Temporary Resident (Other Employment),2
2007-08,2007-08,True,,In Australia,Schools Sector,Secondary,Student,1
2008-09,2008-09,True,,In Australia,Higher Education Sector,Primary,Student,35758
2008-09,2008-09,True,,In Australia,Higher Education Sector,Primary,Visitor,2037
2008-09,2008-09,True,,In Australia,Higher Education Sector,Primary,Working Holiday Maker,761
2008-09,2008-09,True,,In Australia,Higher Education Sector,Secondary,Student,3379
2008-09,2008-09,True,,In Australia,Independent ELICOS Sector,Primary,Student,5356
2008-09,2008-09,True,,In Australia,Independent ELICOS Sector,Primary,Visitor,979
2008-09,2008-09,True,,In Australia,Independent ELICOS Sector,Primary,Working Holiday Maker,334
2008-09,2008-09,True,,In Australia,Independent ELICOS Sector,Secondary,Student,699
2008-09,2008-09,True,,In Australia,Non-Award Sector,Primary,Student,665
2008-09,2008-09,True,,In Australia,Non-Award Sector,Primary,Visitor,332
2008-09,2008-09,True,,In Australia,Higher Education Sector,Secondary,Visitor,310
2008-09,2008-09,True,,In Australia,Postgraduate Research Sector,Primary,Student,1783
2008-09,2008-09,True,,In Australia,Postgraduate Research Sector,Primary,Visitor,118
2008-09,2008-09,True,,In Australia,Postgraduate Research Sector,Secondary,Student,845
2008-09,2008-09,True,,In Australia,Schools Sector,Primary,Student,1399
2008-09,2008-09,True,,In Australia,Schools Sector,Primary,Visitor,768
2008-09,2008-09,True,,In Australia,Vocational Education and Training Sector,Primary,Student,26707
2008-09,2008-09,True,,In Australia,Vocational Education and Training Sector,Primary,Working Holiday Maker,984
2008-09,2008-09,True,,In Australia,Vocational Education and Training Sector,Primary,Visitor,1742
2008-09,2008-09,True,,In Australia,Vocational Education and Training Sector,Secondary,Student,4546
2008-09,2008-09,True,,In Australia,Vocational Education and Training Sector,Secondary,Visitor,475
2008-09,2008-09,True,,In Australia,Vocational Education and Training Sector,Secondary,Working Holiday Maker,116
2008-09,2008-09,True,,In Australia,Foreign Affairs or Defence Sector,Secondary,Student,191
2008-09,2008-09,True,,In Australia,Higher Education Sector,Primary,Temporary Resident (Other Employment),73
2008-09,2008-09,True,,In Australia,Foreign Affairs or Defence Sector,Primary,Student,161
2008-09,2008-09,True,,In Australia,Higher Education Sector,Primary,Other visas / No Previous Visa,25
2008-09,2008-09,True,,In Australia,Higher Education Sector,Primary,Temporary Resident (Skilled Employment),118
2008-09,2008-09,True,,In Australia,Higher Education Sector,Secondary,Working Holiday Maker,105
2008-09,2008-09,True,,In Australia,Higher Education Sector,Secondary,Other visas / No Previous Visa,608
2008-09,2008-09,True,,In Australia,Independent ELICOS Sector,Secondary,Visitor,139
2008-09,2008-09,True,,In Australia,Non-Award Sector,Secondary,Student,33
2008-09,2008-09,True,,In Australia,Postgraduate Research Sector,Primary,Temporary Resident (Other Employment),33
2008-09,2008-09,True,,In Australia,Independent ELICOS Sector,Secondary,Working Holiday Maker,16
2008-09,2008-09,True,,In Australia,Postgraduate Research Sector,Secondary,Other visas / No Previous Visa,137
2008-09,2008-09,True,,In Australia,Schools Sector,Primary,Temporary Resident (Skilled Employment),47
2008-09,2008-09,True,,In Australia,Postgraduate Research Sector,Primary,Other visas / No Previous Visa,3
2008-09,2008-09,True,,In Australia,Postgraduate Research Sector,Primary,Temporary Resident (Skilled Employment),43
2008-09,2008-09,True,,In Australia,Schools Sector,Primary,Other Temporary,12
2008-09,2008-09,True,,In Australia,Vocational Education and Training Sector,Primary,Temporary Resident (Skilled Employment),146
2008-09,2008-09,True,,In Australia,Vocational Education and Training Sector,Primary,Other visas / No Previous Visa,8
2008-09,2008-09,True,,In Australia,Vocational Education and Training Sector,Secondary,Temporary Resident (Other Employment),7
2008-09,2008-09,True,,In Australia,Vocational Education and Training Sector,Secondary,Other visas / No Previous Visa,254
2008-09,2008-09,True,,In Australia,Vocational Education and Training Sector,Secondary,Temporary Resident (Skilled Employment),43
2008-09,2008-09,True,,Outside Australia,Higher Education Sector,Primary,Visitor,9738
2008-09,2008-09,True,,Outside Australia,Higher Education Sector,Primary,Other visas / No Previous Visa,63118
2008-09,2008-09,True,,Outside Australia,Higher Education Sector,Primary,Working Holiday Maker,634
2008-09,2008-09,True,,Outside Australia,Higher Education Sector,Primary,Student,5656
2008-09,2008-09,True,,Outside Australia,Higher Education Sector,Primary,Temporary Resident (Other Employment),116
2008-09,2008-09,True,,Outside Australia,Higher Education Sector,Secondary,Student,328
2008-09,2008-09,True,,Outside Australia,Higher Education Sector,Secondary,Other visas / No Previous Visa,10222
2008-09,2008-09,True,,Outside Australia,Higher Education Sector,Secondary,Visitor,480
2008-09,2008-09,True,,Outside Australia,Independent ELICOS Sector,Primary,Other visas / No Previous Visa,23226
2008-09,2008-09,True,,Outside Australia,Independent ELICOS Sector,Primary,Visitor,2611
2008-09,2008-09,True,,Outside Australia,Independent ELICOS Sector,Primary,Student,624
2008-09,2008-09,True,,Outside Australia,Independent ELICOS Sector,Secondary,Other visas / No Previous Visa,1520
2008-09,2008-09,True,,Outside Australia,Non-Award Sector,Primary,Other visas / No Previous Visa,15264
2008-09,2008-09,True,,Outside Australia,Non-Award Sector,Primary,Visitor,2033
2008-09,2008-09,True,,Outside Australia,Non-Award Sector,Primary,Student,226
2008-09,2008-09,True,,Outside Australia,Independent ELICOS Sector,Secondary,Visitor,179
2008-09,2008-09,True,,Outside Australia,Non-Award Sector,Primary,Working Holiday Maker,205
2008-09,2008-09,True,,Outside Australia,Non-Award Sector,Secondary,Temporary Resident (Skilled Employment),1
2008-09,2008-09,True,,Outside Australia,Non-Award Sector,Secondary,Other visas / No Previous Visa,129
2008-09,2008-09,True,,Outside Australia,Postgraduate Research Sector,Primary,Other visas / No Previous Visa,2043
2008-09,2008-09,True,,Outside Australia,Postgraduate Research Sector,Primary,Visitor,414
2008-09,2008-09,True,,Outside Australia,Postgraduate Research Sector,Secondary,Other visas / No Previous Visa,1768
2008-09,2008-09,True,,Outside Australia,Postgraduate Research Sector,Secondary,Student,242
2008-09,2008-09,True,,Outside Australia,Postgraduate Research Sector,Primary,Student,486
2008-09,2008-09,True,,Outside Australia,Schools Sector,Primary,Other visas / No Previous Visa,9361
2008-09,2008-09,True,,Outside Australia,Schools Sector,Primary,Visitor,2069
2008-09,2008-09,True,,Outside Australia,Schools Sector,Primary,Student,387
2008-09,2008-09,True,,Outside Australia,Vocational Education and Training Sector,Primary,Other visas / No Previous Visa,46923
2008-09,2008-09,True,,Outside Australia,Vocational Education and Training Sector,Primary,Visitor,3470
2008-09,2008-09,True,,Outside Australia,Vocational Education and Training Sector,Primary,Temporary Resident (Other Employment),61
2008-09,2008-09,True,,Outside Australia,Vocational Education and Training Sector,Primary,Student,1805
2008-09,2008-09,True,,Outside Australia,Vocational Education and Training Sector,Primary,Working Holiday Maker,1667
2008-09,2008-09,True,,Outside Australia,Vocational Education and Training Sector,Secondary,Other visas / No Previous Visa,13490
2008-09,2008-09,True,,Outside Australia,Vocational Education and Training Sector,Secondary,Visitor,765
2008-09,2008-09,True,,Outside Australia,Foreign Affairs or Defence Sector,Primary,Other visas / No Previous Visa,1689
2008-09,2008-09,True,,Outside Australia,Foreign Affairs or Defence Sector,Primary,Visitor,310
2008-09,2008-09,True,,Outside Australia,Foreign Affairs or Defence Sector,Primary,Student,301
2008-09,2008-09,True,,Outside Australia,Foreign Affairs or Defence Sector,Primary,Special Category,5
2008-09,2008-09,True,,Outside Australia,Foreign Affairs or Defence Sector,Secondary,Other visas / No Previous Visa,1111
2008-09,2008-09,True,,Outside Australia,Foreign Affairs or Defence Sector,Secondary,Student,87
2008-09,2008-09,True,,Outside Australia,Vocational Education and Training Sector,Secondary,Student,251
2008-09,2008-09,True,,Outside Australia,Foreign Affairs or Defence Sector,Secondary,Crew and Transit,4
2008-09,2008-09,True,,Outside Australia,Foreign Affairs or Defence Sector,Primary,Temporary Resident (Other Employment),12
2008-09,2008-09,True,,Outside Australia,Higher Education Sector,Primary,Crew and Transit,141
2008-09,2008-09,True,,Outside Australia,Foreign Affairs or Defence Sector,Secondary,Visitor,52
2008-09,2008-09,True,,Outside Australia,Higher Education Sector,Primary,Temporary Resident (Skilled Employment),86
2008-09,2008-09,True,,Outside Australia,Higher Education Sector,Primary,Other Temporary,13
2008-09,2008-09,True,,Outside Australia,Higher Education Sector,Secondary,Temporary Resident (Other Employment),5
2008-09,2008-09,True,,Outside Australia,Higher Education Sector,Secondary,Temporary Resident (Skilled Employment),11
2008-09,2008-09,True,,Outside Australia,Independent ELICOS Sector,Primary,Other Temporary,11
2008-09,2008-09,True,,Outside Australia,Independent ELICOS Sector,Primary,Working Holiday Maker,560
2008-09,2008-09,True,,Outside Australia,Independent ELICOS Sector,Secondary,Working Holiday Maker,25
2008-09,2008-09,True,,Outside Australia,Independent ELICOS Sector,Secondary,Student,67
2008-09,2008-09,True,,Outside Australia,Non-Award Sector,Secondary,Visitor,20
2008-09,2008-09,True,,Outside Australia,Postgraduate Research Sector,Primary,Temporary Resident (Other Employment),64
2008-09,2008-09,True,,Outside Australia,Postgraduate Research Sector,Secondary,Visitor,151
2008-09,2008-09,True,,Outside Australia,Schools Sector,Primary,Temporary Resident (Other Employment),11
2008-09,2008-09,True,,Outside Australia,Vocational Education and Training Sector,Primary,Other Temporary,32
2008-09,2008-09,True,,Outside Australia,Schools Sector,Secondary,Visitor,6
2008-09,2008-09,True,,Outside Australia,Vocational Education and Training Sector,Secondary,Offshore Humanitarian,2
2008-09,2008-09,True,,In Australia,Postgraduate Research Sector,Primary,Working Holiday Maker,40
2008-09,2008-09,True,,In Australia,Foreign Affairs or Defence Sector,Secondary,Other visas / No Previous Visa,55
2008-09,2008-09,True,,In Australia,Higher Education Sector,Primary,Other Temporary,4
2008-09,2008-09,True,,In Australia,Non-Award Sector,Primary,Working Holiday Maker,37
2008-09,2008-09,True,,In Australia,Schools Sector,Primary,Temporary Resident (Other Employment),23
2008-09,2008-09,True,,In Australia,Vocational Education and Training Sector,Primary,Temporary Resident (Other Employment),24
2008-09,2008-09,True,,Outside Australia,Postgraduate Research Sector,Primary,Temporary Resident (Skilled Employment),8
2008-09,2008-09,True,,Outside Australia,Foreign Affairs or Defence Sector,Secondary,Special Category,2
2008-09,2008-09,True,,Outside Australia,Higher Education Sector,Secondary,Working Holiday Maker,45
2008-09,2008-09,True,,Outside Australia,Postgraduate Research Sector,Primary,Other Temporary,4
2008-09,2008-09,True,,Outside Australia,Postgraduate Research Sector,Secondary,Temporary Resident (Other Employment),13
2008-09,2008-09,True,,Outside Australia,Vocational Education and Training Sector,Primary,Crew and Transit,64
2008-09,2008-09,True,,Outside Australia,Vocational Education and Training Sector,Secondary,Working Holiday Maker,111
2008-09,2008-09,True,,In Australia,Postgraduate Research Sector,Secondary,Visitor,58
2008-09,2008-09,True,,In Australia,Independent ELICOS Sector,Secondary,Other visas / No Previous Visa,11
2008-09,2008-09,True,,In Australia,Postgraduate Research Sector,Secondary,Working Holiday Maker,14
2008-09,2008-09,True,,In Australia,Vocational Education and Training Sector,Secondary,Other Temporary,3
2008-09,2008-09,True,,Outside Australia,Foreign Affairs or Defence Sector,Primary,Other Temporary,6
2008-09,2008-09,True,,Outside Australia,Foreign Affairs or Defence Sector,Primary,Crew and Transit,53
2008-09,2008-09,True,,Outside Australia,Independent ELICOS Sector,Secondary,Temporary Resident (Skilled Employment),5
2008-09,2008-09,True,,In Australia,Higher Education Sector,Secondary,Temporary Resident (Skilled Employment),44
2008-09,2008-09,True,,In Australia,Non-Award Sector,Secondary,Temporary Resident (Skilled Employment),1
2008-09,2008-09,True,,In Australia,Non-Award Sector,Primary,Temporary Resident (Skilled Employment),3
2008-09,2008-09,True,,Outside Australia,Higher Education Sector,Secondary,Crew and Transit,17
2008-09,2008-09,True,,Outside Australia,Vocational Education and Training Sector,Secondary,Temporary Resident (Skilled Employment),9
2008-09,2008-09,True,,Outside Australia,Schools Sector,Secondary,Other visas / No Previous Visa,24
2008-09,2008-09,True,,In Australia,Foreign Affairs or Defence Sector,Secondary,Visitor,7
2008-09,2008-09,True,,In Australia,Higher Education Sector,Secondary,Temporary Resident (Other Employment),15
2008-09,2008-09,True,,In Australia,Postgraduate Research Sector,Secondary,Crew and Transit,1
2008-09,2008-09,True,,Outside Australia,Non-Award Sector,Primary,Other Temporary,2
2008-09,2008-09,True,,Outside Australia,Foreign Affairs or Defence Sector,Secondary,Temporary Resident (Other Employment),6
2008-09,2008-09,True,,Outside Australia,Independent ELICOS Sector,Primary,Temporary Resident (Other Employment),17
2008-09,2008-09,True,,Outside Australia,Vocational Education and Training Sector,Primary,Temporary Resident (Skilled Employment),55
2008-09,2008-09,True,,Outside Australia,Postgraduate Research Sector,Primary,Crew and Transit,8
2008-09,2008-09,True,,In Australia,Vocational Education and Training Sector,Primary,Other Temporary,1
2008-09,2008-09,True,,Outside Australia,Independent ELICOS Sector,Primary,Crew and Transit,23
2008-09,2008-09,True,,Outside Australia,Schools Sector,Primary,Crew and Transit,4
2008-09,2008-09,True,,Outside Australia,Postgraduate Research Sector,Secondary,Crew and Transit,3
2008-09,2008-09,True,,Outside Australia,Postgraduate Research Sector,Secondary,Temporary Resident (Skilled Employment),4
2008-09,2008-09,True,,In Australia,Non-Award Sector,Primary,Temporary Resident (Other Employment),6
2008-09,2008-09,True,,In Australia,Postgraduate Research Sector,Secondary,Temporary Resident (Other Employment),10
2008-09,2008-09,True,,Outside Australia,Non-Award Sector,Primary,Temporary Resident (Other Employment),13
2008-09,2008-09,True,,Outside Australia,Non-Award Sector,Secondary,Student,4
2008-09,2008-09,True,,Outside Australia,Postgraduate Research Sector,Primary,Working Holiday Maker,24
2008-09,2008-09,True,,Outside Australia,Non-Award Sector,Primary,Temporary Resident (Skilled Employment),6
2008-09,2008-09,True,,In Australia,Foreign Affairs or Defence Sector,Primary,Temporary Resident (Skilled Employment),2
2008-09,2008-09,True,,In Australia,Foreign Affairs or Defence Sector,Secondary,Temporary Resident (Other Employment),1
2008-09,2008-09,True,,In Australia,Independent ELICOS Sector,Secondary,Temporary Resident (Skilled Employment),9
2008-09,2008-09,True,,In Australia,Independent ELICOS Sector,Primary,Temporary Resident (Skilled Employment),14
2008-09,2008-09,True,,Outside Australia,Independent ELICOS Sector,Primary,Temporary Resident (Skilled Employment),8
2008-09,2008-09,True,,Outside Australia,Non-Award Sector,Primary,Crew and Transit,7
2008-09,2008-09,True,,In Australia,Higher Education Sector,Primary,Temporary Graduate,6
2008-09,2008-09,True,,In Australia,Non-Award Sector,Secondary,Visitor,7
2008-09,2008-09,True,,Outside Australia,Schools Sector,Primary,Temporary Resident (Skilled Employment),12
2008-09,2008-09,True,,Outside Australia,Vocational Education and Training Sector,Secondary,Crew and Transit,6
2008-09,2008-09,True,,Outside Australia,Vocational Education and Training Sector,Secondary,Other Temporary,5
2008-09,2008-09,True,,In Australia,Schools Sector,Primary,Other visas / No Previous Visa,4
2008-09,2008-09,True,,In Australia,Postgraduate Research Sector,Secondary,Temporary Resident (Skilled Employment),11
2008-09,2008-09,True,,Outside Australia,Schools Sector,Secondary,Student,3
2008-09,2008-09,True,,In Australia,Independent ELICOS Sector,Primary,Temporary Resident (Other Employment),11
2008-09,2008-09,True,,Outside Australia,Higher Education Sector,Primary,Temporary Graduate,2
2008-09,2008-09,True,,Outside Australia,Vocational Education and Training Sector,Secondary,Temporary Resident (Other Employment),12
2008-09,2008-09,True,,In Australia,Schools Sector,Secondary,Other visas / No Previous Visa,2
2008-09,2008-09,True,,In Australia,Non-Award Sector,Secondary,Other visas / No Previous Visa,1
2008-09,2008-09,True,,Outside Australia,Postgraduate Research Sector,Secondary,Working Holiday Maker,7
2008-09,2008-09,True,,In Australia,Non-Award Sector,Secondary,Working Holiday Maker,2
2008-09,2008-09,True,,In Australia,Foreign Affairs or Defence Sector,Primary,Other visas / No Previous Visa,1
2008-09,2008-09,True,,In Australia,Vocational Education and Training Sector,Primary,Temporary Graduate,4
2008-09,2008-09,True,,Outside Australia,Higher Education Sector,Secondary,Other Temporary,1
2008-09,2008-09,True,,Outside Australia,Independent ELICOS Sector,Secondary,Temporary Resident (Other Employment),2
2008-09,2008-09,True,,Outside Australia,Vocational Education and Training Sector,Primary,Offshore Humanitarian,1
2008-09,2008-09,True,,Outside Australia,Schools Sector,Primary,Other Temporary,4
2008-09,2008-09,True,,Outside Australia,Independent ELICOS Sector,Secondary,Other Temporary,1
2008-09,2008-09,True,,In Australia,Higher Education Sector,Primary,Crew and Transit,1
2008-09,2008-09,True,,In Australia,Schools Sector,Secondary,Student,1
2008-09,2008-09,True,,In Australia,Independent ELICOS Sector,Primary,Other Temporary,2
2008-09,2008-09,True,,Outside Australia,Higher Education Sector,Primary,Special Category,2
2008-09,2008-09,True,,Outside Australia,Non-Award Sector,Secondary,Working Holiday Maker,2
2008-09,2008-09,True,,In Australia,Schools Sector,Primary,Working Holiday Maker,2
2008-09,2008-09,True,,Outside Australia,Foreign Affairs or Defence Sector,Secondary,Other Temporary,2
2008-09,2008-09,True,,Outside Australia,Independent ELICOS Sector,Secondary,Crew and Transit,1
2008-09,2008-09,True,,In Australia,Independent ELICOS Sector,Secondary,Temporary Resident (Other Employment),1
2009-10,2009-10,True,,In Australia,Higher Education Sector,Primary,Student,40614
2009-10,2009-10,True,,In Australia,Higher Education Sector,Primary,Working Holiday Maker,1015
2009-10,2009-10,True,,In Australia,Higher Education Sector,Primary,Visitor,2142
2009-10,2009-10,True,,In Australia,Higher Education Sector,Secondary,Student,4763
2009-10,2009-10,True,,In Australia,Higher Education Sector,Secondary,Visitor,514
2009-10,2009-10,True,,In Australia,Independent ELICOS Sector,Primary,Student,6708
2009-10,2009-10,True,,In Australia,Independent ELICOS Sector,Primary,Visitor,1207
2009-10,2009-10,True,,In Australia,Independent ELICOS Sector,Primary,Working Holiday Maker,396
2009-10,2009-10,True,,In Australia,Independent ELICOS Sector,Secondary,Student,1179
2009-10,2009-10,True,,In Australia,Non-Award Sector,Primary,Student,669
2009-10,2009-10,True,,In Australia,Non-Award Sector,Primary,Visitor,213
2009-10,2009-10,True,,In Australia,Non-Award Sector,Primary,Working Holiday Maker,33
2009-10,2009-10,True,,In Australia,Postgraduate Research Sector,Primary,Student,2106
2009-10,2009-10,True,,In Australia,Postgraduate Research Sector,Secondary,Student,1252
2009-10,2009-10,True,,In Australia,Schools Sector,Primary,Visitor,712
2009-10,2009-10,True,,In Australia,Schools Sector,Primary,Student,1356
2009-10,2009-10,True,,In Australia,Vocational Education and Training Sector,Primary,Student,32218
2009-10,2009-10,True,,In Australia,Vocational Education and Training Sector,Primary,Visitor,1756
2009-10,2009-10,True,,In Australia,Vocational Education and Training Sector,Primary,Working Holiday Maker,1124
2009-10,2009-10,True,,In Australia,Independent ELICOS Sector,Secondary,Visitor,243
2009-10,2009-10,True,,In Australia,Postgraduate Research Sector,Primary,Visitor,95
2009-10,2009-10,True,,In Australia,Vocational Education and Training Sector,Secondary,Student,7087
2009-10,2009-10,True,,In Australia,Vocational Education and Training Sector,Secondary,Working Holiday Maker,202
2009-10,2009-10,True,,In Australia,Vocational Education and Training Sector,Secondary,Visitor,504
2009-10,2009-10,True,,In Australia,Foreign Affairs or Defence Sector,Secondary,Student,157
2009-10,2009-10,True,,In Australia,Higher Education Sector,Primary,Temporary Resident (Skilled Employment),145
2009-10,2009-10,True,,In Australia,Vocational Education and Training Sector,Secondary,Other visas / No Previous Visa,779
2009-10,2009-10,True,,In Australia,Higher Education Sector,Primary,Temporary Resident (Other Employment),89
2009-10,2009-10,True,,In Australia,Foreign Affairs or Defence Sector,Primary,Student,162
2009-10,2009-10,True,,In Australia,Foreign Affairs or Defence Sector,Secondary,Other visas / No Previous Visa,64
2009-10,2009-10,True,,In Australia,Higher Education Sector,Secondary,Temporary Resident (Skilled Employment),79
2009-10,2009-10,True,,In Australia,Higher Education Sector,Secondary,Other visas / No Previous Visa,949
2009-10,2009-10,True,,In Australia,Higher Education Sector,Secondary,Working Holiday Maker,165
2009-10,2009-10,True,,In Australia,Independent ELICOS Sector,Secondary,Other visas / No Previous Visa,28
2009-10,2009-10,True,,In Australia,Non-Award Sector,Secondary,Student,46
2009-10,2009-10,True,,In Australia,Postgraduate Research Sector,Secondary,Temporary Resident (Skilled Employment),19
2009-10,2009-10,True,,In Australia,Postgraduate Research Sector,Secondary,Visitor,77
2009-10,2009-10,True,,In Australia,Postgraduate Research Sector,Secondary,Other visas / No Previous Visa,226
2009-10,2009-10,True,,In Australia,Schools Sector,Primary,Other visas / No Previous Visa,11
2009-10,2009-10,True,,In Australia,Independent ELICOS Sector,Secondary,Working Holiday Maker,18
2009-10,2009-10,True,,In Australia,Postgraduate Research Sector,Primary,Temporary Resident (Skilled Employment),44
2009-10,2009-10,True,,In Australia,Vocational Education and Training Sector,Primary,Temporary Resident (Skilled Employment),124
2009-10,2009-10,True,,In Australia,Schools Sector,Primary,Temporary Resident (Skilled Employment),59
2009-10,2009-10,True,,In Australia,Vocational Education and Training Sector,Primary,Temporary Resident (Other Employment),33
2009-10,2009-10,True,,In Australia,Vocational Education and Training Sector,Secondary,Temporary Resident (Skilled Employment),50
2009-10,2009-10,True,,Outside Australia,Higher Education Sector,Primary,Other visas / No Previous Visa,46535
2009-10,2009-10,True,,Outside Australia,Higher Education Sector,Primary,Visitor,9658
2009-10,2009-10,True,,Outside Australia,Higher Education Sector,Primary,Temporary Resident (Skilled Employment),81
2009-10,2009-10,True,,Outside Australia,Higher Education Sector,Primary,Working Holiday Maker,738
2009-10,2009-10,True,,Outside Australia,Higher Education Sector,Primary,Student,5894
2009-10,2009-10,True,,Outside Australia,Higher Education Sector,Primary,Crew and Transit,76
2009-10,2009-10,True,,Outside Australia,Higher Education Sector,Secondary,Other visas / No Previous Visa,4407
2009-10,2009-10,True,,Outside Australia,Higher Education Sector,Secondary,Visitor,466
2009-10,2009-10,True,,Outside Australia,Independent ELICOS Sector,Primary,Visitor,2365
2009-10,2009-10,True,,Outside Australia,Independent ELICOS Sector,Primary,Other visas / No Previous Visa,20063
2009-10,2009-10,True,,Outside Australia,Higher Education Sector,Primary,Temporary Resident (Other Employment),80
2009-10,2009-10,True,,Outside Australia,Independent ELICOS Sector,Primary,Working Holiday Maker,514
2009-10,2009-10,True,,Outside Australia,Independent ELICOS Sector,Primary,Student,638
2009-10,2009-10,True,,Outside Australia,Higher Education Sector,Secondary,Temporary Resident (Skilled Employment),10
2009-10,2009-10,True,,Outside Australia,Independent ELICOS Sector,Primary,Temporary Resident (Skilled Employment),5
2009-10,2009-10,True,,Outside Australia,Higher Education Sector,Secondary,Student,364
2009-10,2009-10,True,,Outside Australia,Independent ELICOS Sector,Secondary,Other visas / No Previous Visa,1507
2009-10,2009-10,True,,Outside Australia,Independent ELICOS Sector,Secondary,Student,71
2009-10,2009-10,True,,Outside Australia,Non-Award Sector,Primary,Other visas / No Previous Visa,14575
2009-10,2009-10,True,,Outside Australia,Non-Award Sector,Primary,Visitor,2002
2009-10,2009-10,True,,Outside Australia,Non-Award Sector,Primary,Working Holiday Maker,203
2009-10,2009-10,True,,Outside Australia,Non-Award Sector,Secondary,Other visas / No Previous Visa,115
2009-10,2009-10,True,,Outside Australia,Postgraduate Research Sector,Primary,Other visas / No Previous Visa,2136
2009-10,2009-10,True,,Outside Australia,Non-Award Sector,Primary,Student,214
2009-10,2009-10,True,,Outside Australia,Postgraduate Research Sector,Primary,Visitor,431
2009-10,2009-10,True,,Outside Australia,Postgraduate Research Sector,Primary,Student,500
2009-10,2009-10,True,,Outside Australia,Postgraduate Research Sector,Secondary,Other visas / No Previous Visa,1774
2009-10,2009-10,True,,Outside Australia,Postgraduate Research Sector,Secondary,Student,284
2009-10,2009-10,True,,Outside Australia,Schools Sector,Primary,Other visas / No Previous Visa,7973
2009-10,2009-10,True,,Outside Australia,Schools Sector,Primary,Visitor,1976
2009-10,2009-10,True,,Outside Australia,Schools Sector,Primary,Student,354
2009-10,2009-10,True,,Outside Australia,Vocational Education and Training Sector,Primary,Other visas / No Previous Visa,16934
2009-10,2009-10,True,,Outside Australia,Vocational Education and Training Sector,Primary,Student,1552
2009-10,2009-10,True,,Outside Australia,Vocational Education and Training Sector,Primary,Visitor,2991
2009-10,2009-10,True,,Outside Australia,Vocational Education and Training Sector,Primary,Crew and Transit,50
2009-10,2009-10,True,,Outside Australia,Vocational Education and Training Sector,Primary,Working Holiday Maker,1441
2009-10,2009-10,True,,Outside Australia,Vocational Education and Training Sector,Secondary,Other visas / No Previous Visa,4029
2009-10,2009-10,True,,Outside Australia,Vocational Education and Training Sector,Secondary,Visitor,663
2009-10,2009-10,True,,Outside Australia,Vocational Education and Training Sector,Secondary,Student,188
2009-10,2009-10,True,,Outside Australia,Foreign Affairs or Defence Sector,Primary,Student,330
2009-10,2009-10,True,,Outside Australia,Foreign Affairs or Defence Sector,Primary,Other visas / No Previous Visa,1778
2009-10,2009-10,True,,Outside Australia,Foreign Affairs or Defence Sector,Primary,Visitor,353
2009-10,2009-10,True,,Outside Australia,Foreign Affairs or Defence Sector,Secondary,Other visas / No Previous Visa,1109
2009-10,2009-10,True,,Outside Australia,Foreign Affairs or Defence Sector,Secondary,Student,76
2009-10,2009-10,True,,Outside Australia,Foreign Affairs or Defence Sector,Secondary,Visitor,96
2009-10,2009-10,True,,Outside Australia,Higher Education Sector,Primary,Other Temporary,12
2009-10,2009-10,True,,Outside Australia,Higher Education Sector,Secondary,Working Holiday Maker,51
2009-10,2009-10,True,,Outside Australia,Independent ELICOS Sector,Primary,Crew and Transit,21
2009-10,2009-10,True,,Outside Australia,Independent ELICOS Sector,Secondary,Working Holiday Maker,32
2009-10,2009-10,True,,Outside Australia,Independent ELICOS Sector,Secondary,Visitor,172
2009-10,2009-10,True,,Outside Australia,Non-Award Sector,Secondary,Visitor,12
2009-10,2009-10,True,,Outside Australia,Postgraduate Research Sector,Primary,Temporary Resident (Other Employment),71
2009-10,2009-10,True,,Outside Australia,Postgraduate Research Sector,Secondary,Visitor,129
2009-10,2009-10,True,,Outside Australia,Vocational Education and Training Sector,Primary,Temporary Resident (Other Employment),31
2009-10,2009-10,True,,Outside Australia,Vocational Education and Training Sector,Primary,Other Temporary,24
2009-10,2009-10,True,,Outside Australia,Vocational Education and Training Sector,Primary,Temporary Resident (Skilled Employment),43
2009-10,2009-10,True,,Outside Australia,Vocational Education and Training Sector,Secondary,Working Holiday Maker,121
2009-10,2009-10,True,,Outside Australia,Vocational Education and Training Sector,Secondary,Temporary Resident (Skilled Employment),16
2009-10,2009-10,True,,In Australia,Postgraduate Research Sector,Primary,Working Holiday Maker,40
2009-10,2009-10,True,,In Australia,Postgraduate Research Sector,Secondary,Working Holiday Maker,25
2009-10,2009-10,True,,In Australia,Higher Education Sector,Secondary,Temporary Resident (Other Employment),18
2009-10,2009-10,True,,In Australia,Schools Sector,Primary,Temporary Resident (Other Employment),17
2009-10,2009-10,True,,In Australia,Postgraduate Research Sector,Primary,Temporary Resident (Other Employment),36
2009-10,2009-10,True,,In Australia,Vocational Education and Training Sector,Primary,Other visas / No Previous Visa,11
2009-10,2009-10,True,,Outside Australia,Postgraduate Research Sector,Primary,Crew and Transit,8
2009-10,2009-10,True,,Outside Australia,Foreign Affairs or Defence Sector,Primary,Crew and Transit,52
2009-10,2009-10,True,,Outside Australia,Vocational Education and Training Sector,Secondary,Temporary Resident (Other Employment),4
2009-10,2009-10,True,,Outside Australia,Postgraduate Research Sector,Primary,Working Holiday Maker,26
2009-10,2009-10,True,,Outside Australia,Schools Sector,Secondary,Other visas / No Previous Visa,18
2009-10,2009-10,True,,In Australia,Independent ELICOS Sector,Primary,Temporary Resident (Other Employment),23
2009-10,2009-10,True,,In Australia,Higher Education Sector,Primary,Other visas / No Previous Visa,27
2009-10,2009-10,True,,In Australia,Independent ELICOS Sector,Primary,Temporary Resident (Skilled Employment),19
2009-10,2009-10,True,,In Australia,Non-Award Sector,Secondary,Working Holiday Maker,3
2009-10,2009-10,True,,In Australia,Schools Sector,Secondary,Other visas / No Previous Visa,4
2009-10,2009-10,True,,Outside Australia,Non-Award Sector,Primary,Temporary Resident (Other Employment),17
2009-10,2009-10,True,,Outside Australia,Foreign Affairs or Defence Sector,Primary,Special Category,2
2009-10,2009-10,True,,Outside Australia,Higher Education Sector,Secondary,Other Temporary,6
2009-10,2009-10,True,,Outside Australia,Independent ELICOS Sector,Primary,Temporary Resident (Other Employment),13
2009-10,2009-10,True,,Outside Australia,Postgraduate Research Sector,Secondary,Working Holiday Maker,4
2009-10,2009-10,True,,In Australia,Schools Sector,Secondary,Student,4
2009-10,2009-10,True,,In Australia,Foreign Affairs or Defence Sector,Secondary,Visitor,4
2009-10,2009-10,True,,In Australia,Non-Award Sector,Secondary,Other visas / No Previous Visa,4
2009-10,2009-10,True,,In Australia,Postgraduate Research Sector,Secondary,Temporary Resident (Other Employment),22
2009-10,2009-10,True,,In Australia,Vocational Education and Training Sector,Primary,Temporary Graduate,25
2009-10,2009-10,True,,Outside Australia,Foreign Affairs or Defence Sector,Primary,Temporary Resident (Other Employment),18
2009-10,2009-10,True,,Outside Australia,Postgraduate Research Sector,Secondary,Temporary Resident (Skilled Employment),4
2009-10,2009-10,True,,Outside Australia,Schools Sector,Primary,Other Temporary,5
2009-10,2009-10,True,,Outside Australia,Vocational Education and Training Sector,Secondary,Other Temporary,9
2009-10,2009-10,True,,In Australia,Schools Sector,Primary,Other Temporary,14
2009-10,2009-10,True,,Outside Australia,Foreign Affairs or Defence Sector,Secondary,Special Category,3
2009-10,2009-10,True,,Outside Australia,Higher Education Sector,Secondary,Crew and Transit,6
2009-10,2009-10,True,,In Australia,Non-Award Sector,Primary,Temporary Resident (Other Employment),8
2009-10,2009-10,True,,In Australia,Higher Education Sector,Primary,Temporary Graduate,59
2009-10,2009-10,True,,In Australia,Schools Sector,Secondary,Visitor,1
2009-10,2009-10,True,,Outside Australia,Non-Award Sector,Primary,Other Temporary,2
2009-10,2009-10,True,,Outside Australia,Non-Award Sector,Secondary,Student,2
2009-10,2009-10,True,,Outside Australia,Foreign Affairs or Defence Sector,Secondary,Crew and Transit,4
2009-10,2009-10,True,,In Australia,Foreign Affairs or Defence Sector,Primary,Other visas / No Previous Visa,1
2009-10,2009-10,True,,Outside Australia,Higher Education Sector,Primary,Temporary Graduate,15
2009-10,2009-10,True,,Outside Australia,Non-Award Sector,Primary,Crew and Transit,7
2009-10,2009-10,True,,Outside Australia,Postgraduate Research Sector,Secondary,Temporary Resident (Other Employment),11
2009-10,2009-10,True,,Outside Australia,Schools Sector,Primary,Temporary Resident (Other Employment),6
2009-10,2009-10,True,,In Australia,Schools Sector,Primary,Working Holiday Maker,6
2009-10,2009-10,True,,Outside Australia,Independent ELICOS Sector,Secondary,Other Temporary,1
2009-10,2009-10,True,,Outside Australia,Postgraduate Research Sector,Primary,Temporary Resident (Skilled Employment),11
2009-10,2009-10,True,,Outside Australia,Postgraduate Research Sector,Primary,Other Temporary,1
2009-10,2009-10,True,,Outside Australia,Postgraduate Research Sector,Secondary,Other Temporary,1
2009-10,2009-10,True,,Outside Australia,Independent ELICOS Sector,Primary,Other Temporary,8
2009-10,2009-10,True,,Outside Australia,Vocational Education and Training Sector,Secondary,Crew and Transit,2
2009-10,2009-10,True,,In Australia,Higher Education Sector,Secondary,Other Temporary,6
2009-10,2009-10,True,,Outside Australia,Schools Sector,Primary,Crew and Transit,2
2009-10,2009-10,True,,In Australia,Non-Award Sector,Secondary,Other Temporary,1
2009-10,2009-10,True,,In Australia,Higher Education Sector,Primary,Other Temporary,2
2009-10,2009-10,True,,In Australia,Vocational Education and Training Sector,Secondary,Other Temporary,2
2009-10,2009-10,True,,In Australia,Vocational Education and Training Sector,Secondary,Temporary Resident (Other Employment),9
2009-10,2009-10,True,,Outside Australia,Higher Education Sector,Secondary,Temporary Resident (Other Employment),9
2009-10,2009-10,True,,In Australia,Higher Education Sector,Secondary,Temporary Graduate,6
2009-10,2009-10,True,,In Australia,Postgraduate Research Sector,Primary,Other visas / No Previous Visa,1
2009-10,2009-10,True,,Outside Australia,Non-Award Sector,Primary,Temporary Resident (Skilled Employment),7
2009-10,2009-10,True,,Outside Australia,Schools Sector,Secondary,Visitor,1
2009-10,2009-10,True,,Outside Australia,Non-Award Sector,Secondary,Working Holiday Maker,4
2009-10,2009-10,True,,Outside Australia,Schools Sector,Primary,Temporary Resident (Skilled Employment),7
2009-10,2009-10,True,,In Australia,Vocational Education and Training Sector,Primary,Other Temporary,1
2009-10,2009-10,True,,Outside Australia,Vocational Education and Training Sector,Primary,Temporary Graduate,1
2009-10,2009-10,True,,In Australia,Independent ELICOS Sector,Secondary,Temporary Resident (Skilled Employment),7
2009-10,2009-10,True,,In Australia,Non-Award Sector,Primary,Temporary Resident (Skilled Employment),1
2009-10,2009-10,True,,Outside Australia,Independent ELICOS Sector,Secondary,Crew and Transit,1
2009-10,2009-10,True,,In Australia,Postgraduate Research Sector,Primary,Temporary Graduate,6
2009-10,2009-10,True,,Outside Australia,Foreign Affairs or Defence Sector,Secondary,Other Temporary,3
2009-10,2009-10,True,,Outside Australia,Foreign Affairs or Defence Sector,Primary,Temporary Resident (Skilled Employment),2
2009-10,2009-10,True,,Outside Australia,Foreign Affairs or Defence Sector,Secondary,Temporary Resident (Other Employment),1
2009-10,2009-10,True,,In Australia,Vocational Education and Training Sector,Secondary,Crew and Transit,1
2009-10,2009-10,True,,In Australia,Vocational Education and Training Sector,Primary,Crew and Transit,1
2009-10,2009-10,True,,Outside Australia,Schools Sector,Secondary,Student,1
2009-10,2009-10,True,,In Australia,Vocational Education and Training Sector,Secondary,Temporary Graduate,3
2009-10,2009-10,True,,In Australia,Postgraduate Research Sector,Secondary,Other Temporary,1
2009-10,2009-10,True,,In Australia,Non-Award Sector,Secondary,Visitor,1
2009-10,2009-10,True,,Outside Australia,Higher Education Sector,Primary,Special Category,1
2009-10,2009-10,True,,In Australia,Foreign Affairs or Defence Sector,Primary,Visitor,1
2010-11,2010-11,True,,In Australia,Higher Education Sector,Primary,Student,45697
2010-11,2010-11,True,,In Australia,Higher Education Sector,Primary,Working Holiday Maker,716
2010-11,2010-11,True,,In Australia,Higher Education Sector,Primary,Visitor,1743
2010-11,2010-11,True,,In Australia,Higher Education Sector,Primary,Other visas / No Previous Visa,15
2010-11,2010-11,True,,In Australia,Higher Education Sector,Secondary,Student,6484
2010-11,2010-11,True,,In Australia,Higher Education Sector,Secondary,Visitor,374
2010-11,2010-11,True,,In Australia,Higher Education Sector,Secondary,Other visas / No Previous Visa,1042
2010-11,2010-11,True,,In Australia,Independent ELICOS Sector,Primary,Working Holiday Maker,437
2010-11,2010-11,True,,In Australia,Independent ELICOS Sector,Primary,Student,5907
2010-11,2010-11,True,,In Australia,Independent ELICOS Sector,Primary,Visitor,1094
2010-11,2010-11,True,,In Australia,Independent ELICOS Sector,Secondary,Student,1024
2010-11,2010-11,True,,In Australia,Independent ELICOS Sector,Secondary,Visitor,167
2010-11,2010-11,True,,In Australia,Non-Award Sector,Primary,Visitor,192
2010-11,2010-11,True,,In Australia,Non-Award Sector,Primary,Student,582
2010-11,2010-11,True,,In Australia,Non-Award Sector,Primary,Working Holiday Maker,30
2010-11,2010-11,True,,In Australia,Non-Award Sector,Secondary,Visitor,7
2010-11,2010-11,True,,In Australia,Postgraduate Research Sector,Primary,Student,2193
2010-11,2010-11,True,,In Australia,Postgraduate Research Sector,Secondary,Student,1256
2010-11,2010-11,True,,In Australia,Schools Sector,Primary,Visitor,495
2010-11,2010-11,True,,In Australia,Schools Sector,Primary,Student,1085
2010-11,2010-11,True,,In Australia,Vocational Education and Training Sector,Primary,Working Holiday Maker,1367
2010-11,2010-11,True,,In Australia,Vocational Education and Training Sector,Primary,Student,36816
2010-11,2010-11,True,,In Australia,Vocational Education and Training Sector,Primary,Visitor,1732
2010-11,2010-11,True,,In Australia,Independent ELICOS Sector,Primary,Temporary Resident (Other Employment),8
2010-11,2010-11,True,,In Australia,Postgraduate Research Sector,Primary,Visitor,86
2010-11,2010-11,True,,In Australia,Vocational Education and Training Sector,Secondary,Student,9740
2010-11,2010-11,True,,In Australia,Vocational Education and Training Sector,Secondary,Other visas / No Previous Visa,1426
2010-11,2010-11,True,,In Australia,Vocational Education and Training Sector,Secondary,Temporary Resident (Other Employment),12
2010-11,2010-11,True,,In Australia,Foreign Affairs or Defence Sector,Primary,Student,194
2010-11,2010-11,True,,In Australia,Foreign Affairs or Defence Sector,Secondary,Other visas / No Previous Visa,65
2010-11,2010-11,True,,In Australia,Higher Education Sector,Primary,Temporary Resident (Other Employment),73
2010-11,2010-11,True,,In Australia,Higher Education Sector,Primary,Temporary Resident (Skilled Employment),86
2010-11,2010-11,True,,In Australia,Vocational Education and Training Sector,Secondary,Visitor,339
2010-11,2010-11,True,,In Australia,Higher Education Sector,Primary,Temporary Graduate,203
2010-11,2010-11,True,,In Australia,Higher Education Sector,Secondary,Working Holiday Maker,131
2010-11,2010-11,True,,In Australia,Higher Education Sector,Secondary,Temporary Resident (Skilled Employment),26
2010-11,2010-11,True,,In Australia,Non-Award Sector,Secondary,Student,38
2010-11,2010-11,True,,In Australia,Postgraduate Research Sector,Primary,Temporary Resident (Other Employment),32
2010-11,2010-11,True,,In Australia,Postgraduate Research Sector,Secondary,Temporary Resident (Other Employment),19
2010-11,2010-11,True,,In Australia,Postgraduate Research Sector,Secondary,Other visas / No Previous Visa,289
2010-11,2010-11,True,,In Australia,Vocational Education and Training Sector,Primary,Temporary Resident (Skilled Employment),83
2010-11,2010-11,True,,In Australia,Vocational Education and Training Sector,Primary,Temporary Graduate,88
2010-11,2010-11,True,,In Australia,Vocational Education and Training Sector,Primary,Temporary Resident (Other Employment),26
2010-11,2010-11,True,,In Australia,Postgraduate Research Sector,Primary,Temporary Resident (Skilled Employment),37
2010-11,2010-11,True,,In Australia,Postgraduate Research Sector,Secondary,Visitor,54
2010-11,2010-11,True,,In Australia,Schools Sector,Primary,Temporary Resident (Skilled Employment),31
2010-11,2010-11,True,,In Australia,Vocational Education and Training Sector,Secondary,Working Holiday Maker,164
2010-11,2010-11,True,,In Australia,Vocational Education and Training Sector,Secondary,Temporary Resident (Skilled Employment),33
2010-11,2010-11,True,,Outside Australia,Higher Education Sector,Primary,Other visas / No Previous Visa,35983
2010-11,2010-11,True,,Outside Australia,Higher Education Sector,Primary,Student,5681
2010-11,2010-11,True,,Outside Australia,Higher Education Sector,Primary,Visitor,9003
2010-11,2010-11,True,,Outside Australia,Higher Education Sector,Primary,Working Holiday Maker,718
2010-11,2010-11,True,,Outside Australia,Higher Education Sector,Primary,Temporary Graduate,30
2010-11,2010-11,True,,Outside Australia,Higher Education Sector,Secondary,Visitor,489
2010-11,2010-11,True,,Outside Australia,Higher Education Sector,Secondary,Other visas / No Previous Visa,3365
2010-11,2010-11,True,,Outside Australia,Higher Education Sector,Secondary,Student,402
2010-11,2010-11,True,,Outside Australia,Independent ELICOS Sector,Primary,Other visas / No Previous Visa,15811
2010-11,2010-11,True,,Outside Australia,Independent ELICOS Sector,Primary,Visitor,2077
2010-11,2010-11,True,,Outside Australia,Independent ELICOS Sector,Primary,Student,486
2010-11,2010-11,True,,Outside Australia,Independent ELICOS Sector,Primary,Working Holiday Maker,525
2010-11,2010-11,True,,Outside Australia,Higher Education Sector,Primary,Temporary Resident (Other Employment),59
2010-11,2010-11,True,,Outside Australia,Independent ELICOS Sector,Secondary,Visitor,140
2010-11,2010-11,True,,Outside Australia,Independent ELICOS Sector,Secondary,Other visas / No Previous Visa,1120
2010-11,2010-11,True,,Outside Australia,Non-Award Sector,Primary,Other visas / No Previous Visa,13866
2010-11,2010-11,True,,Outside Australia,Non-Award Sector,Primary,Visitor,1863
2010-11,2010-11,True,,Outside Australia,Non-Award Sector,Primary,Working Holiday Maker,204
2010-11,2010-11,True,,Outside Australia,Non-Award Sector,Primary,Student,211
2010-11,2010-11,True,,Outside Australia,Non-Award Sector,Secondary,Other visas / No Previous Visa,59
2010-11,2010-11,True,,Outside Australia,Postgraduate Research Sector,Primary,Other visas / No Previous Visa,2018
2010-11,2010-11,True,,Outside Australia,Postgraduate Research Sector,Primary,Student,484
2010-11,2010-11,True,,Outside Australia,Postgraduate Research Sector,Secondary,Other visas / No Previous Visa,1640
2010-11,2010-11,True,,Outside Australia,Postgraduate Research Sector,Secondary,Working Holiday Maker,16
2010-11,2010-11,True,,Outside Australia,Postgraduate Research Sector,Secondary,Student,282
2010-11,2010-11,True,,Outside Australia,Schools Sector,Primary,Other visas / No Previous Visa,6601
2010-11,2010-11,True,,Outside Australia,Schools Sector,Primary,Visitor,1891
2010-11,2010-11,True,,Outside Australia,Non-Award Sector,Primary,Crew and Transit,6
2010-11,2010-11,True,,Outside Australia,Vocational Education and Training Sector,Primary,Other visas / No Previous Visa,8515
2010-11,2010-11,True,,Outside Australia,Vocational Education and Training Sector,Primary,Visitor,2303
2010-11,2010-11,True,,Outside Australia,Vocational Education and Training Sector,Primary,Student,1285
2010-11,2010-11,True,,Outside Australia,Vocational Education and Training Sector,Primary,Working Holiday Maker,1201
2010-11,2010-11,True,,Outside Australia,Vocational Education and Training Sector,Primary,Crew and Transit,32
2010-11,2010-11,True,,Outside Australia,Vocational Education and Training Sector,Secondary,Other visas / No Previous Visa,1508
2010-11,2010-11,True,,Outside Australia,Vocational Education and Training Sector,Secondary,Visitor,360
2010-11,2010-11,True,,Outside Australia,Foreign Affairs or Defence Sector,Primary,Other visas / No Previous Visa,2020
2010-11,2010-11,True,,Outside Australia,Foreign Affairs or Defence Sector,Primary,Crew and Transit,43
2010-11,2010-11,True,,Outside Australia,Foreign Affairs or Defence Sector,Primary,Visitor,362
2010-11,2010-11,True,,Outside Australia,Foreign Affairs or Defence Sector,Primary,Student,356
2010-11,2010-11,True,,Outside Australia,Postgraduate Research Sector,Primary,Working Holiday Maker,43
2010-11,2010-11,True,,Outside Australia,Foreign Affairs or Defence Sector,Secondary,Other visas / No Previous Visa,1191
2010-11,2010-11,True,,Outside Australia,Foreign Affairs or Defence Sector,Secondary,Student,108
2010-11,2010-11,True,,Outside Australia,Postgraduate Research Sector,Primary,Visitor,426
2010-11,2010-11,True,,Outside Australia,Postgraduate Research Sector,Secondary,Visitor,143
2010-11,2010-11,True,,Outside Australia,Schools Sector,Primary,Student,261
2010-11,2010-11,True,,Outside Australia,Vocational Education and Training Sector,Primary,Temporary Resident (Other Employment),26
2010-11,2010-11,True,,Outside Australia,Foreign Affairs or Defence Sector,Primary,Temporary Resident (Other Employment),10
2010-11,2010-11,True,,Outside Australia,Higher Education Sector,Primary,Crew and Transit,53
2010-11,2010-11,True,,Outside Australia,Higher Education Sector,Secondary,Working Holiday Maker,70
2010-11,2010-11,True,,Outside Australia,Independent ELICOS Sector,Secondary,Student,101
2010-11,2010-11,True,,Outside Australia,Postgraduate Research Sector,Primary,Temporary Resident (Other Employment),64
2010-11,2010-11,True,,Outside Australia,Independent ELICOS Sector,Secondary,Working Holiday Maker,32
2010-11,2010-11,True,,Outside Australia,Schools Sector,Secondary,Other visas / No Previous Visa,13
2010-11,2010-11,True,,Outside Australia,Vocational Education and Training Sector,Primary,Other Temporary,24
2010-11,2010-11,True,,Outside Australia,Schools Sector,Primary,Temporary Resident (Skilled Employment),4
2010-11,2010-11,True,,Outside Australia,Vocational Education and Training Sector,Secondary,Student,160
2010-11,2010-11,True,,Outside Australia,Vocational Education and Training Sector,Secondary,Crew and Transit,5
2010-11,2010-11,True,,Outside Australia,Vocational Education and Training Sector,Secondary,Working Holiday Maker,96
2010-11,2010-11,True,,In Australia,Foreign Affairs or Defence Sector,Secondary,Student,190
2010-11,2010-11,True,,In Australia,Higher Education Sector,Secondary,Temporary Graduate,37
2010-11,2010-11,True,,In Australia,Independent ELICOS Sector,Secondary,Other visas / No Previous Visa,49
2010-11,2010-11,True,,In Australia,Postgraduate Research Sector,Secondary,Working Holiday Maker,13
2010-11,2010-11,True,,In Australia,Schools Sector,Primary,Temporary Resident (Other Employment),22
2010-11,2010-11,True,,In Australia,Vocational Education and Training Sector,Secondary,Temporary Graduate,16
2010-11,2010-11,True,,Outside Australia,Higher Education Sector,Primary,Temporary Resident (Skilled Employment),41
2010-11,2010-11,True,,Outside Australia,Higher Education Sector,Secondary,Temporary Resident (Other Employment),2
2010-11,2010-11,True,,Outside Australia,Foreign Affairs or Defence Sector,Secondary,Visitor,74
2010-11,2010-11,True,,Outside Australia,Independent ELICOS Sector,Primary,Temporary Resident (Other Employment),8
2010-11,2010-11,True,,In Australia,Postgraduate Research Sector,Primary,Working Holiday Maker,31
2010-11,2010-11,True,,In Australia,Higher Education Sector,Secondary,Temporary Resident (Other Employment),12
2010-11,2010-11,True,,In Australia,Independent ELICOS Sector,Primary,Temporary Resident (Skilled Employment),10
2010-11,2010-11,True,,In Australia,Independent ELICOS Sector,Secondary,Working Holiday Maker,23
2010-11,2010-11,True,,In Australia,Schools Sector,Primary,Other visas / No Previous Visa,4
2010-11,2010-11,True,,Outside Australia,Vocational Education and Training Sector,Primary,Temporary Graduate,8
2010-11,2010-11,True,,Outside Australia,Foreign Affairs or Defence Sector,Primary,Special Category,1
2010-11,2010-11,True,,Outside Australia,Higher Education Sector,Secondary,Crew and Transit,8
2010-11,2010-11,True,,Outside Australia,Independent ELICOS Sector,Primary,Temporary Resident (Skilled Employment),5
2010-11,2010-11,True,,Outside Australia,Independent ELICOS Sector,Primary,Crew and Transit,14
2010-11,2010-11,True,,Outside Australia,Independent ELICOS Sector,Primary,Other Temporary,7
2010-11,2010-11,True,,Outside Australia,Vocational Education and Training Sector,Primary,Temporary Resident (Skilled Employment),20
2010-11,2010-11,True,,In Australia,Postgraduate Research Sector,Primary,Temporary Graduate,22
2010-11,2010-11,True,,In Australia,Schools Sector,Secondary,Student,6
2010-11,2010-11,True,,Outside Australia,Postgraduate Research Sector,Primary,Crew and Transit,8
2010-11,2010-11,True,,In Australia,Higher Education Sector,Primary,Other Temporary,1
2010-11,2010-11,True,,In Australia,Independent ELICOS Sector,Secondary,Temporary Resident (Skilled Employment),4
2010-11,2010-11,True,,In Australia,Postgraduate Research Sector,Secondary,Temporary Resident (Skilled Employment),15
2010-11,2010-11,True,,In Australia,Schools Sector,Primary,Other Temporary,22
2010-11,2010-11,True,,Outside Australia,Non-Award Sector,Primary,Temporary Resident (Other Employment),15
2010-11,2010-11,True,,Outside Australia,Non-Award Sector,Primary,Temporary Resident (Skilled Employment),14
2010-11,2010-11,True,,Outside Australia,Schools Sector,Primary,Temporary Resident (Other Employment),7
2010-11,2010-11,True,,Outside Australia,Foreign Affairs or Defence Sector,Secondary,Temporary Resident (Other Employment),5
2010-11,2010-11,True,,In Australia,Independent ELICOS Sector,Secondary,Temporary Resident (Other Employment),4
2010-11,2010-11,True,,In Australia,Non-Award Sector,Secondary,Other visas / No Previous Visa,1
2010-11,2010-11,True,,In Australia,Schools Sector,Primary,Working Holiday Maker,4
2010-11,2010-11,True,,Outside Australia,Higher Education Sector,Primary,Other Temporary,9
2010-11,2010-11,True,,Outside Australia,Higher Education Sector,Secondary,Temporary Graduate,2
2010-11,2010-11,True,,Outside Australia,Higher Education Sector,Secondary,Other Temporary,4
2010-11,2010-11,True,,Outside Australia,Postgraduate Research Sector,Primary,Temporary Resident (Skilled Employment),6
2010-11,2010-11,True,,Outside Australia,Postgraduate Research Sector,Secondary,Crew and Transit,6
2010-11,2010-11,True,,Outside Australia,Schools Sector,Primary,Other Temporary,4
2010-11,2010-11,True,,Outside Australia,Schools Sector,Primary,Special Category,1
2010-11,2010-11,True,,Outside Australia,Schools Sector,Secondary,Visitor,4
2010-11,2010-11,True,,In Australia,Vocational Education and Training Sector,Secondary,Other Temporary,1
2010-11,2010-11,True,,Outside Australia,Non-Award Sector,Secondary,Student,7
2010-11,2010-11,True,,Outside Australia,Foreign Affairs or Defence Sector,Primary,Other Temporary,1
2010-11,2010-11,True,,Outside Australia,Independent ELICOS Sector,Secondary,Crew and Transit,1
2010-11,2010-11,True,,Outside Australia,Non-Award Sector,Secondary,Visitor,9
2010-11,2010-11,True,,Outside Australia,Postgraduate Research Sector,Secondary,Temporary Resident (Other Employment),7
2010-11,2010-11,True,,Outside Australia,Schools Sector,Secondary,Student,2
2010-11,2010-11,True,,Outside Australia,Vocational Education and Training Sector,Secondary,Temporary Graduate,4
2010-11,2010-11,True,,In Australia,Non-Award Sector,Primary,Temporary Graduate,1
2010-11,2010-11,True,,In Australia,Independent ELICOS Sector,Primary,Other Temporary,2
2010-11,2010-11,True,,In Australia,Postgraduate Research Sector,Secondary,Temporary Graduate,6
2010-11,2010-11,True,,Outside Australia,Independent ELICOS Sector,Secondary,Other Temporary,3
2010-11,2010-11,True,,In Australia,Vocational Education and Training Sector,Primary,Other visas / No Previous Visa,6
2010-11,2010-11,True,,In Australia,Foreign Affairs or Defence Sector,Secondary,Working Holiday Maker,1
2010-11,2010-11,True,,In Australia,Postgraduate Research Sector,Primary,Other Temporary,1
2010-11,2010-11,True,,Outside Australia,Vocational Education and Training Sector,Secondary,Other Temporary,6
2010-11,2010-11,True,,Outside Australia,Foreign Affairs or Defence Sector,Secondary,Crew and Transit,7
2010-11,2010-11,True,,Outside Australia,Schools Sector,Primary,Crew and Transit,3
2010-11,2010-11,True,,Outside Australia,Vocational Education and Training Sector,Secondary,Temporary Resident (Skilled Employment),2
2010-11,2010-11,True,,In Australia,Vocational Education and Training Sector,Primary,Other Temporary,1
2010-11,2010-11,True,,Outside Australia,Independent ELICOS Sector,Secondary,Temporary Resident (Skilled Employment),1
2010-11,2010-11,True,,Outside Australia,Postgraduate Research Sector,Primary,Temporary Graduate,5
2010-11,2010-11,True,,In Australia,Independent ELICOS Sector,Primary,Crew and Transit,1
2010-11,2010-11,True,,Outside Australia,Higher Education Sector,Secondary,Temporary Resident (Skilled Employment),1
2010-11,2010-11,True,,Outside Australia,Foreign Affairs or Defence Sector,Primary,Working Holiday Maker,2
2010-11,2010-11,True,,Outside Australia,Foreign Affairs or Defence Sector,Primary,Temporary Resident (Skilled Employment),1
2010-11,2010-11,True,,In Australia,Foreign Affairs or Defence Sector,Secondary,Temporary Resident (Other Employment),1
2010-11,2010-11,True,,Outside Australia,Foreign Affairs or Defence Sector,Secondary,Special Category,1
2010-11,2010-11,True,,In Australia,Higher Education Sector,Primary,Crew and Transit,3
2010-11,2010-11,True,,In Australia,Non-Award Sector,Primary,Temporary Resident (Other Employment),2
2010-11,2010-11,True,,In Australia,Higher Education Sector,Secondary,Other Temporary,2
2010-11,2010-11,True,,Outside Australia,Postgraduate Research Sector,Secondary,Temporary Resident (Skilled Employment),1
2010-11,2010-11,True,,Outside Australia,Vocational Education and Training Sector,Secondary,Temporary Resident (Other Employment),1
2011-12,2011-12,True,,In Australia,Higher Education Sector,Primary,Student,46252
2011-12,2011-12,True,,In Australia,Higher Education Sector,Primary,Visitor,1693
2011-12,2011-12,True,,In Australia,Higher Education Sector,Primary,Working Holiday Maker,634
2011-12,2011-12,True,,In Australia,Higher Education Sector,Secondary,Student,6714
2011-12,2011-12,True,,In Australia,Higher Education Sector,Secondary,Working Holiday Maker,141
2011-12,2011-12,True,,In Australia,Higher Education Sector,Secondary,Other visas / No Previous Visa,881
2011-12,2011-12,True,,In Australia,Higher Education Sector,Primary,Other visas / No Previous Visa,20
2011-12,2011-12,True,,In Australia,Independent ELICOS Sector,Primary,Visitor,1524
2011-12,2011-12,True,,In Australia,Independent ELICOS Sector,Primary,Student,5449
2011-12,2011-12,True,,In Australia,Independent ELICOS Sector,Primary,Working Holiday Maker,499
2011-12,2011-12,True,,In Australia,Independent ELICOS Sector,Secondary,Student,892
2011-12,2011-12,True,,In Australia,Non-Award Sector,Primary,Working Holiday Maker,33
2011-12,2011-12,True,,In Australia,Non-Award Sector,Primary,Student,482
2011-12,2011-12,True,,In Australia,Non-Award Sector,Primary,Visitor,179
2011-12,2011-12,True,,In Australia,Postgraduate Research Sector,Primary,Student,2466
2011-12,2011-12,True,,In Australia,Postgraduate Research Sector,Secondary,Student,1697
2011-12,2011-12,True,,In Australia,Schools Sector,Primary,Student,906
2011-12,2011-12,True,,In Australia,Schools Sector,Primary,Visitor,453
2011-12,2011-12,True,,In Australia,Vocational Education and Training Sector,Primary,Student,36805
2011-12,2011-12,True,,In Australia,Vocational Education and Training Sector,Primary,Working Holiday Maker,1559
2011-12,2011-12,True,,In Australia,Vocational Education and Training Sector,Primary,Visitor,2259
2011-12,2011-12,True,,In Australia,Independent ELICOS Sector,Secondary,Visitor,229
2011-12,2011-12,True,,In Australia,Non-Award Sector,Secondary,Visitor,6
2011-12,2011-12,True,,In Australia,Postgraduate Research Sector,Primary,Temporary Resident (Other Employment),31
2011-12,2011-12,True,,In Australia,Vocational Education and Training Sector,Secondary,Student,10964
2011-12,2011-12,True,,In Australia,Vocational Education and Training Sector,Secondary,Visitor,482
2011-12,2011-12,True,,In Australia,Vocational Education and Training Sector,Secondary,Other visas / No Previous Visa,1442
2011-12,2011-12,True,,In Australia,Vocational Education and Training Sector,Secondary,Working Holiday Maker,145
2011-12,2011-12,True,,In Australia,Foreign Affairs or Defence Sector,Primary,Student,268
2011-12,2011-12,True,,In Australia,Foreign Affairs or Defence Sector,Secondary,Student,231
2011-12,2011-12,True,,In Australia,Higher Education Sector,Primary,Temporary Resident (Skilled Employment),86
2011-12,2011-12,True,,In Australia,Higher Education Sector,Secondary,Visitor,475
2011-12,2011-12,True,,In Australia,Higher Education Sector,Secondary,Temporary Graduate,63
2011-12,2011-12,True,,In Australia,Non-Award Sector,Secondary,Student,24
2011-12,2011-12,True,,In Australia,Postgraduate Research Sector,Primary,Temporary Resident (Skilled Employment),36
2011-12,2011-12,True,,In Australia,Postgraduate Research Sector,Primary,Temporary Graduate,21
2011-12,2011-12,True,,In Australia,Higher Education Sector,Secondary,Temporary Resident (Skilled Employment),27
2011-12,2011-12,True,,In Australia,Postgraduate Research Sector,Secondary,Other visas / No Previous Visa,291
2011-12,2011-12,True,,In Australia,Vocational Education and Training Sector,Primary,Temporary Graduate,430
2011-12,2011-12,True,,In Australia,Independent ELICOS Sector,Primary,Temporary Resident (Skilled Employment),11
2011-12,2011-12,True,,In Australia,Independent ELICOS Sector,Secondary,Other visas / No Previous Visa,44
2011-12,2011-12,True,,In Australia,Postgraduate Research Sector,Primary,Visitor,95
2011-12,2011-12,True,,In Australia,Vocational Education and Training Sector,Primary,Temporary Resident (Skilled Employment),104
2011-12,2011-12,True,,In Australia,Postgraduate Research Sector,Secondary,Visitor,105
2011-12,2011-12,True,,In Australia,Vocational Education and Training Sector,Secondary,Temporary Resident (Skilled Employment),31
2011-12,2011-12,True,,Outside Australia,Higher Education Sector,Primary,Other visas / No Previous Visa,35460
2011-12,2011-12,True,,Outside Australia,Higher Education Sector,Primary,Student,5712
2011-12,2011-12,True,,Outside Australia,Higher Education Sector,Primary,Working Holiday Maker,658
2011-12,2011-12,True,,Outside Australia,Higher Education Sector,Primary,Visitor,8385
2011-12,2011-12,True,,Outside Australia,Higher Education Sector,Primary,Temporary Resident (Other Employment),70
2011-12,2011-12,True,,Outside Australia,Higher Education Sector,Secondary,Other visas / No Previous Visa,4438
2011-12,2011-12,True,,Outside Australia,Higher Education Sector,Secondary,Visitor,490
2011-12,2011-12,True,,Outside Australia,Independent ELICOS Sector,Primary,Other visas / No Previous Visa,15126
2011-12,2011-12,True,,Outside Australia,Independent ELICOS Sector,Primary,Student,537
2011-12,2011-12,True,,Outside Australia,Independent ELICOS Sector,Primary,Visitor,1847
2011-12,2011-12,True,,Outside Australia,Independent ELICOS Sector,Primary,Working Holiday Maker,429
2011-12,2011-12,True,,Outside Australia,Independent ELICOS Sector,Primary,Crew and Transit,12
2011-12,2011-12,True,,Outside Australia,Independent ELICOS Sector,Secondary,Other visas / No Previous Visa,895
2011-12,2011-12,True,,Outside Australia,Higher Education Sector,Primary,Crew and Transit,68
2011-12,2011-12,True,,Outside Australia,Non-Award Sector,Primary,Other visas / No Previous Visa,13138
2011-12,2011-12,True,,Outside Australia,Non-Award Sector,Primary,Working Holiday Maker,208
2011-12,2011-12,True,,Outside Australia,Non-Award Sector,Primary,Student,195
2011-12,2011-12,True,,Outside Australia,Non-Award Sector,Primary,Visitor,1777
2011-12,2011-12,True,,Outside Australia,Higher Education Sector,Primary,Temporary Graduate,34
2011-12,2011-12,True,,Outside Australia,Higher Education Sector,Secondary,Crew and Transit,14
2011-12,2011-12,True,,Outside Australia,Non-Award Sector,Secondary,Other visas / No Previous Visa,68
2011-12,2011-12,True,,Outside Australia,Postgraduate Research Sector,Primary,Other visas / No Previous Visa,2167
2011-12,2011-12,True,,Outside Australia,Postgraduate Research Sector,Primary,Visitor,453
2011-12,2011-12,True,,Outside Australia,Postgraduate Research Sector,Primary,Temporary Resident (Other Employment),53
2011-12,2011-12,True,,Outside Australia,Postgraduate Research Sector,Primary,Student,600
2011-12,2011-12,True,,Outside Australia,Postgraduate Research Sector,Secondary,Other visas / No Previous Visa,1800
2011-12,2011-12,True,,Outside Australia,Postgraduate Research Sector,Secondary,Visitor,165
2011-12,2011-12,True,,Outside Australia,Postgraduate Research Sector,Secondary,Student,424
2011-12,2011-12,True,,Outside Australia,Independent ELICOS Sector,Primary,Temporary Resident (Other Employment),5
2011-12,2011-12,True,,Outside Australia,Schools Sector,Primary,Other visas / No Previous Visa,6065
2011-12,2011-12,True,,Outside Australia,Schools Sector,Primary,Visitor,1756
2011-12,2011-12,True,,Outside Australia,Schools Sector,Primary,Student,261
2011-12,2011-12,True,,Outside Australia,Vocational Education and Training Sector,Primary,Visitor,2256
2011-12,2011-12,True,,Outside Australia,Vocational Education and Training Sector,Primary,Student,1124
2011-12,2011-12,True,,Outside Australia,Vocational Education and Training Sector,Primary,Other visas / No Previous Visa,7726
2011-12,2011-12,True,,Outside Australia,Vocational Education and Training Sector,Primary,Working Holiday Maker,1214
2011-12,2011-12,True,,Outside Australia,Vocational Education and Training Sector,Secondary,Other visas / No Previous Visa,2253
2011-12,2011-12,True,,Outside Australia,Vocational Education and Training Sector,Secondary,Working Holiday Maker,75
2011-12,2011-12,True,,Outside Australia,Vocational Education and Training Sector,Secondary,Student,406
2011-12,2011-12,True,,Outside Australia,Foreign Affairs or Defence Sector,Primary,Other visas / No Previous Visa,2532
2011-12,2011-12,True,,Outside Australia,Foreign Affairs or Defence Sector,Primary,Visitor,437
2011-12,2011-12,True,,Outside Australia,Foreign Affairs or Defence Sector,Primary,Temporary Resident (Other Employment),18
2011-12,2011-12,True,,Outside Australia,Foreign Affairs or Defence Sector,Primary,Student,431
2011-12,2011-12,True,,Outside Australia,Foreign Affairs or Defence Sector,Secondary,Other visas / No Previous Visa,1586
2011-12,2011-12,True,,Outside Australia,Foreign Affairs or Defence Sector,Secondary,Other Temporary,3
2011-12,2011-12,True,,Outside Australia,Foreign Affairs or Defence Sector,Secondary,Visitor,89
2011-12,2011-12,True,,Outside Australia,Foreign Affairs or Defence Sector,Secondary,Student,125
2011-12,2011-12,True,,Outside Australia,Foreign Affairs or Defence Sector,Secondary,Crew and Transit,7
2011-12,2011-12,True,,Outside Australia,Foreign Affairs or Defence Sector,Primary,Special Category,3
2011-12,2011-12,True,,Outside Australia,Foreign Affairs or Defence Sector,Primary,Crew and Transit,51
2011-12,2011-12,True,,Outside Australia,Higher Education Sector,Primary,Other Temporary,20
2011-12,2011-12,True,,Outside Australia,Higher Education Sector,Secondary,Student,414
2011-12,2011-12,True,,Outside Australia,Independent ELICOS Sector,Secondary,Student,62
2011-12,2011-12,True,,Outside Australia,Independent ELICOS Sector,Secondary,Working Holiday Maker,22
2011-12,2011-12,True,,Outside Australia,Independent ELICOS Sector,Primary,Other Temporary,9
2011-12,2011-12,True,,Outside Australia,Postgraduate Research Sector,Primary,Crew and Transit,11
2011-12,2011-12,True,,Outside Australia,Postgraduate Research Sector,Secondary,Temporary Resident (Other Employment),16
2011-12,2011-12,True,,Outside Australia,Vocational Education and Training Sector,Primary,Crew and Transit,34
2011-12,2011-12,True,,Outside Australia,Vocational Education and Training Sector,Secondary,Visitor,361
2011-12,2011-12,True,,Outside Australia,Vocational Education and Training Sector,Secondary,Other Temporary,12
2011-12,2011-12,True,,In Australia,Higher Education Sector,Primary,Temporary Resident (Other Employment),66
2011-12,2011-12,True,,In Australia,Higher Education Sector,Secondary,Temporary Resident (Other Employment),11
2011-12,2011-12,True,,In Australia,Postgraduate Research Sector,Primary,Working Holiday Maker,44
2011-12,2011-12,True,,In Australia,Independent ELICOS Sector,Primary,Temporary Resident (Other Employment),14
2011-12,2011-12,True,,In Australia,Schools Sector,Primary,Temporary Resident (Skilled Employment),31
2011-12,2011-12,True,,In Australia,Foreign Affairs or Defence Sector,Secondary,Visitor,8
2011-12,2011-12,True,,In Australia,Foreign Affairs or Defence Sector,Secondary,Other visas / No Previous Visa,65
2011-12,2011-12,True,,In Australia,Higher Education Sector,Primary,Temporary Graduate,201
2011-12,2011-12,True,,In Australia,Higher Education Sector,Secondary,Other Temporary,9
2011-12,2011-12,True,,In Australia,Postgraduate Research Sector,Secondary,Working Holiday Maker,19
2011-12,2011-12,True,,Outside Australia,Independent ELICOS Sector,Primary,Temporary Resident (Skilled Employment),7
2011-12,2011-12,True,,Outside Australia,Vocational Education and Training Sector,Primary,Temporary Resident (Other Employment),17
2011-12,2011-12,True,,Outside Australia,Independent ELICOS Sector,Secondary,Visitor,145
2011-12,2011-12,True,,Outside Australia,Foreign Affairs or Defence Sector,Secondary,Temporary Resident (Other Employment),2
2011-12,2011-12,True,,Outside Australia,Vocational Education and Training Sector,Primary,Temporary Resident (Skilled Employment),19
2011-12,2011-12,True,,Outside Australia,Higher Education Sector,Primary,Temporary Resident (Skilled Employment),58
2011-12,2011-12,True,,Outside Australia,Independent ELICOS Sector,Secondary,Temporary Resident (Skilled Employment),1
2011-12,2011-12,True,,Outside Australia,Higher Education Sector,Secondary,Temporary Resident (Skilled Employment),9
2011-12,2011-12,True,,Outside Australia,Schools Sector,Secondary,Visitor,1
2011-12,2011-12,True,,In Australia,Schools Sector,Primary,Other Temporary,10
2011-12,2011-12,True,,In Australia,Vocational Education and Training Sector,Secondary,Temporary Graduate,132
2011-12,2011-12,True,,Outside Australia,Higher Education Sector,Secondary,Working Holiday Maker,44
2011-12,2011-12,True,,Outside Australia,Schools Sector,Primary,Temporary Graduate,1
2011-12,2011-12,True,,Outside Australia,Vocational Education and Training Sector,Primary,Temporary Graduate,13
2011-12,2011-12,True,,In Australia,Postgraduate Research Sector,Secondary,Temporary Resident (Skilled Employment),16
2011-12,2011-12,True,,In Australia,Schools Sector,Primary,Temporary Resident (Other Employment),12
2011-12,2011-12,True,,In Australia,Vocational Education and Training Sector,Primary,Other Temporary,3
2011-12,2011-12,True,,Outside Australia,Postgraduate Research Sector,Primary,Working Holiday Maker,49
2011-12,2011-12,True,,Outside Australia,Higher Education Sector,Secondary,Other Temporary,4
2011-12,2011-12,True,,Outside Australia,Postgraduate Research Sector,Secondary,Working Holiday Maker,13
2011-12,2011-12,True,,Outside Australia,Vocational Education and Training Sector,Primary,Other Temporary,38
2011-12,2011-12,True,,Outside Australia,Vocational Education and Training Sector,Primary,Special Category,1
2011-12,2011-12,True,,Outside Australia,Non-Award Sector,Primary,Temporary Resident (Skilled Employment),11
2011-12,2011-12,True,,Outside Australia,Non-Award Sector,Secondary,Visitor,13
2011-12,2011-12,True,,Outside Australia,Vocational Education and Training Sector,Secondary,Crew and Transit,4
2011-12,2011-12,True,,In Australia,Higher Education Sector,Primary,Other Temporary,2
2011-12,2011-12,True,,In Australia,Independent ELICOS Sector,Secondary,Temporary Resident (Skilled Employment),4
2011-12,2011-12,True,,In Australia,Postgraduate Research Sector,Secondary,Temporary Graduate,10
2011-12,2011-12,True,,Outside Australia,Foreign Affairs or Defence Sector,Primary,Working Holiday Maker,1
2011-12,2011-12,True,,Outside Australia,Vocational Education and Training Sector,Secondary,Temporary Resident (Other Employment),3
2011-12,2011-12,True,,In Australia,Postgraduate Research Sector,Secondary,Temporary Resident (Other Employment),8
2011-12,2011-12,True,,In Australia,Schools Sector,Primary,Working Holiday Maker,5
2011-12,2011-12,True,,In Australia,Schools Sector,Secondary,Student,2
2011-12,2011-12,True,,In Australia,Independent ELICOS Sector,Primary,Other Temporary,2
2011-12,2011-12,True,,Outside Australia,Postgraduate Research Sector,Primary,Temporary Resident (Skilled Employment),5
2011-12,2011-12,True,,Outside Australia,Higher Education Sector,Primary,Special Category,2
2011-12,2011-12,True,,Outside Australia,Non-Award Sector,Secondary,Temporary Resident (Skilled Employment),1
2011-12,2011-12,True,,Outside Australia,Schools Sector,Primary,Temporary Resident (Other Employment),5
2011-12,2011-12,True,,Outside Australia,Vocational Education and Training Sector,Secondary,Temporary Resident (Skilled Employment),3
2011-12,2011-12,True,,In Australia,Independent ELICOS Sector,Secondary,Working Holiday Maker,22
2011-12,2011-12,True,,Outside Australia,Postgraduate Research Sector,Primary,Temporary Graduate,5
2011-12,2011-12,True,,Outside Australia,Schools Sector,Primary,Temporary Resident (Skilled Employment),1
2011-12,2011-12,True,,In Australia,Vocational Education and Training Sector,Primary,Temporary Resident (Other Employment),23
2011-12,2011-12,True,,In Australia,Vocational Education and Training Sector,Secondary,Temporary Resident (Other Employment),2
2011-12,2011-12,True,,Outside Australia,Non-Award Sector,Primary,Temporary Resident (Other Employment),10
2011-12,2011-12,True,,In Australia,Independent ELICOS Sector,Primary,Temporary Graduate,7
2011-12,2011-12,True,,Outside Australia,Vocational Education and Training Sector,Secondary,Temporary Graduate,1
2011-12,2011-12,True,,Outside Australia,Schools Sector,Primary,Other Temporary,3
2011-12,2011-12,True,,Outside Australia,Non-Award Sector,Primary,Crew and Transit,3
2011-12,2011-12,True,,Outside Australia,Schools Sector,Primary,Special Category,1
2011-12,2011-12,True,,In Australia,Non-Award Sector,Primary,Temporary Resident (Other Employment),2
2011-12,2011-12,True,,In Australia,Non-Award Sector,Secondary,Other visas / No Previous Visa,2
2011-12,2011-12,True,,Outside Australia,Independent ELICOS Sector,Secondary,Temporary Resident (Other Employment),2
2011-12,2011-12,True,,Outside Australia,Postgraduate Research Sector,Primary,Other Temporary,1
2011-12,2011-12,True,,In Australia,Non-Award Sector,Primary,Temporary Resident (Skilled Employment),2
2011-12,2011-12,True,,In Australia,Schools Sector,Secondary,Other visas / No Previous Visa,1
2011-12,2011-12,True,,In Australia,Vocational Education and Training Sector,Primary,Crew and Transit,1
2011-12,2011-12,True,,In Australia,Schools Sector,Primary,Other visas / No Previous Visa,3
2011-12,2011-12,True,,Outside Australia,Foreign Affairs or Defence Sector,Primary,Other Temporary,2
2011-12,2011-12,True,,In Australia,Schools Sector,Primary,Temporary Graduate,1
2011-12,2011-12,True,,Outside Australia,Non-Award Sector,Secondary,Student,3
2011-12,2011-12,True,,Outside Australia,Schools Sector,Primary,Working Holiday Maker,1
2011-12,2011-12,True,,Outside Australia,Higher Education Sector,Secondary,Temporary Resident (Other Employment),3
2011-12,2011-12,True,,Outside Australia,Higher Education Sector,Secondary,Temporary Graduate,2
2011-12,2011-12,True,,Outside Australia,Non-Award Sector,Secondary,Working Holiday Maker,2
2011-12,2011-12,True,,In Australia,Non-Award Sector,Primary,Temporary Graduate,1
2011-12,2011-12,True,,In Australia,Foreign Affairs or Defence Sector,Primary,Visitor,1
2011-12,2011-12,True,,Outside Australia,Postgraduate Research Sector,Secondary,Temporary Graduate,1
2011-12,2011-12,True,,In Australia,Postgraduate Research Sector,Primary,Crew and Transit,2
2011-12,2011-12,True,,In Australia,Independent ELICOS Sector,Secondary,Temporary Resident (Other Employment),2
2011-12,2011-12,True,,In Australia,Vocational Education and Training Sector,Primary,Other visas / No Previous Visa,2
2011-12,2011-12,True,,Outside Australia,Postgraduate Research Sector,Secondary,Crew and Transit,1
2012-13,2012-13,True,,In Australia,Higher Education Sector,Primary,Student,44988
2012-13,2012-13,True,,In Australia,Higher Education Sector,Primary,Visitor,1647
2012-13,2012-13,True,,In Australia,Higher Education Sector,Primary,Working Holiday Maker,524
2012-13,2012-13,True,,In Australia,Higher Education Sector,Secondary,Student,6138
2012-13,2012-13,True,,In Australia,Higher Education Sector,Secondary,Working Holiday Maker,96
2012-13,2012-13,True,,In Australia,Higher Education Sector,Secondary,Other visas / No Previous Visa,440
2012-13,2012-13,True,,In Australia,Independent ELICOS Sector,Primary,Visitor,2061
2012-13,2012-13,True,,In Australia,Independent ELICOS Sector,Primary,Student,5738
2012-13,2012-13,True,,In Australia,Independent ELICOS Sector,Primary,Working Holiday Maker,1211
2012-13,2012-13,True,,In Australia,Higher Education Sector,Secondary,Visitor,559
2012-13,2012-13,True,,In Australia,Independent ELICOS Sector,Secondary,Student,875
2012-13,2012-13,True,,In Australia,Independent ELICOS Sector,Secondary,Visitor,361
2012-13,2012-13,True,,In Australia,Non-Award Sector,Primary,Visitor,161
2012-13,2012-13,True,,In Australia,Non-Award Sector,Primary,Student,383
2012-13,2012-13,True,,In Australia,Non-Award Sector,Primary,Working Holiday Maker,39
2012-13,2012-13,True,,In Australia,Postgraduate Research Sector,Primary,Visitor,102
2012-13,2012-13,True,,In Australia,Postgraduate Research Sector,Primary,Student,2355
2012-13,2012-13,True,,In Australia,Postgraduate Research Sector,Secondary,Student,1624
2012-13,2012-13,True,,In Australia,Schools Sector,Primary,Student,702
2012-13,2012-13,True,,In Australia,Schools Sector,Primary,Visitor,387
2012-13,2012-13,True,,In Australia,Vocational Education and Training Sector,Primary,Student,28186
2012-13,2012-13,True,,In Australia,Vocational Education and Training Sector,Primary,Working Holiday Maker,3130
2012-13,2012-13,True,,In Australia,Vocational Education and Training Sector,Primary,Visitor,3481
2012-13,2012-13,True,,In Australia,Independent ELICOS Sector,Secondary,Other visas / No Previous Visa,9
2012-13,2012-13,True,,In Australia,Independent ELICOS Sector,Secondary,Working Holiday Maker,51
2012-13,2012-13,True,,In Australia,Postgraduate Research Sector,Primary,Temporary Resident (Skilled Employment),41
2012-13,2012-13,True,,In Australia,Postgraduate Research Sector,Primary,Temporary Resident (Other Employment),28
2012-13,2012-13,True,,In Australia,Postgraduate Research Sector,Secondary,Other visas / No Previous Visa,188
2012-13,2012-13,True,,In Australia,Vocational Education and Training Sector,Primary,Temporary Resident (Skilled Employment),156
2012-13,2012-13,True,,In Australia,Vocational Education and Training Sector,Secondary,Student,7577
2012-13,2012-13,True,,In Australia,Vocational Education and Training Sector,Secondary,Visitor,692
2012-13,2012-13,True,,In Australia,Vocational Education and Training Sector,Secondary,Temporary Resident (Skilled Employment),48
2012-13,2012-13,True,,In Australia,Vocational Education and Training Sector,Secondary,Working Holiday Maker,290
2012-13,2012-13,True,,In Australia,Vocational Education and Training Sector,Secondary,Temporary Graduate,210
2012-13,2012-13,True,,In Australia,Foreign Affairs or Defence Sector,Primary,Student,278
2012-13,2012-13,True,,In Australia,Foreign Affairs or Defence Sector,Secondary,Student,228
2012-13,2012-13,True,,In Australia,Higher Education Sector,Primary,Temporary Resident (Other Employment),60
2012-13,2012-13,True,,In Australia,Higher Education Sector,Primary,Temporary Resident (Skilled Employment),107
2012-13,2012-13,True,,In Australia,Vocational Education and Training Sector,Secondary,Other visas / No Previous Visa,516
2012-13,2012-13,True,,In Australia,Higher Education Sector,Primary,Temporary Graduate,431
2012-13,2012-13,True,,In Australia,Higher Education Sector,Secondary,Temporary Graduate,163
2012-13,2012-13,True,,In Australia,Higher Education Sector,Secondary,Temporary Resident (Skilled Employment),37
2012-13,2012-13,True,,In Australia,Postgraduate Research Sector,Secondary,Visitor,109
2012-13,2012-13,True,,In Australia,Schools Sector,Primary,Temporary Resident (Skilled Employment),39
2012-13,2012-13,True,,In Australia,Vocational Education and Training Sector,Primary,Temporary Graduate,590
2012-13,2012-13,True,,In Australia,Vocational Education and Training Sector,Primary,Temporary Resident (Other Employment),30
2012-13,2012-13,True,,Outside Australia,Higher Education Sector,Primary,Other visas / No Previous Visa,49014
2012-13,2012-13,True,,Outside Australia,Higher Education Sector,Primary,Visitor,9251
2012-13,2012-13,True,,Outside Australia,Higher Education Sector,Primary,Student,5920
2012-13,2012-13,True,,Outside Australia,Higher Education Sector,Primary,Working Holiday Maker,589
2012-13,2012-13,True,,Outside Australia,Higher Education Sector,Primary,Temporary Resident (Other Employment),52
2012-13,2012-13,True,,Outside Australia,Higher Education Sector,Primary,Temporary Resident (Skilled Employment),60
2012-13,2012-13,True,,Outside Australia,Higher Education Sector,Secondary,Visitor,595
2012-13,2012-13,True,,Outside Australia,Higher Education Sector,Secondary,Other visas / No Previous Visa,5852
2012-13,2012-13,True,,Outside Australia,Higher Education Sector,Secondary,Working Holiday Maker,49
2012-13,2012-13,True,,Outside Australia,Independent ELICOS Sector,Primary,Other visas / No Previous Visa,15004
2012-13,2012-13,True,,Outside Australia,Independent ELICOS Sector,Primary,Student,590
2012-13,2012-13,True,,Outside Australia,Independent ELICOS Sector,Primary,Visitor,1875
2012-13,2012-13,True,,Outside Australia,Independent ELICOS Sector,Primary,Working Holiday Maker,416
2012-13,2012-13,True,,Outside Australia,Higher Education Sector,Secondary,Student,504
2012-13,2012-13,True,,Outside Australia,Independent ELICOS Sector,Secondary,Other visas / No Previous Visa,1084
2012-13,2012-13,True,,Outside Australia,Non-Award Sector,Primary,Other visas / No Previous Visa,14224
2012-13,2012-13,True,,Outside Australia,Non-Award Sector,Primary,Visitor,1680
2012-13,2012-13,True,,Outside Australia,Non-Award Sector,Primary,Student,155
2012-13,2012-13,True,,Outside Australia,Non-Award Sector,Secondary,Other visas / No Previous Visa,147
2012-13,2012-13,True,,Outside Australia,Postgraduate Research Sector,Primary,Temporary Resident (Skilled Employment),15
2012-13,2012-13,True,,Outside Australia,Postgraduate Research Sector,Primary,Other visas / No Previous Visa,2407
2012-13,2012-13,True,,Outside Australia,Postgraduate Research Sector,Primary,Student,550
2012-13,2012-13,True,,Outside Australia,Postgraduate Research Sector,Primary,Visitor,472
2012-13,2012-13,True,,Outside Australia,Postgraduate Research Sector,Secondary,Other visas / No Previous Visa,2018
2012-13,2012-13,True,,Outside Australia,Postgraduate Research Sector,Secondary,Student,313
2012-13,2012-13,True,,Outside Australia,Schools Sector,Primary,Other visas / No Previous Visa,6046
2012-13,2012-13,True,,Outside Australia,Schools Sector,Primary,Visitor,1736
2012-13,2012-13,True,,Outside Australia,Vocational Education and Training Sector,Primary,Student,1100
2012-13,2012-13,True,,Outside Australia,Vocational Education and Training Sector,Primary,Visitor,2060
2012-13,2012-13,True,,Outside Australia,Vocational Education and Training Sector,Primary,Other visas / No Previous Visa,6175
2012-13,2012-13,True,,Outside Australia,Vocational Education and Training Sector,Primary,Working Holiday Maker,1088
2012-13,2012-13,True,,Outside Australia,Non-Award Sector,Primary,Working Holiday Maker,226
2012-13,2012-13,True,,Outside Australia,Vocational Education and Training Sector,Secondary,Other visas / No Previous Visa,2369
2012-13,2012-13,True,,Outside Australia,Vocational Education and Training Sector,Secondary,Visitor,323
2012-13,2012-13,True,,Outside Australia,Vocational Education and Training Sector,Secondary,Student,340
2012-13,2012-13,True,,Outside Australia,Vocational Education and Training Sector,Secondary,Working Holiday Maker,61
2012-13,2012-13,True,,Outside Australia,Foreign Affairs or Defence Sector,Primary,Other visas / No Previous Visa,3362
2012-13,2012-13,True,,Outside Australia,Foreign Affairs or Defence Sector,Primary,Visitor,573
2012-13,2012-13,True,,Outside Australia,Foreign Affairs or Defence Sector,Primary,Student,434
2012-13,2012-13,True,,Outside Australia,Foreign Affairs or Defence Sector,Primary,Crew and Transit,65
2012-13,2012-13,True,,Outside Australia,Postgraduate Research Sector,Secondary,Visitor,142
2012-13,2012-13,True,,Outside Australia,Foreign Affairs or Defence Sector,Secondary,Other visas / No Previous Visa,1651
2012-13,2012-13,True,,Outside Australia,Foreign Affairs or Defence Sector,Secondary,Visitor,97
2012-13,2012-13,True,,Outside Australia,Schools Sector,Primary,Student,223
2012-13,2012-13,True,,Outside Australia,Vocational Education and Training Sector,Primary,Temporary Resident (Skilled Employment),19
2012-13,2012-13,True,,Outside Australia,Higher Education Sector,Primary,Other Temporary,15
2012-13,2012-13,True,,Outside Australia,Foreign Affairs or Defence Sector,Secondary,Student,87
2012-13,2012-13,True,,Outside Australia,Higher Education Sector,Primary,Crew and Transit,83
2012-13,2012-13,True,,Outside Australia,Foreign Affairs or Defence Sector,Secondary,Crew and Transit,7
2012-13,2012-13,True,,Outside Australia,Higher Education Sector,Primary,Temporary Graduate,29
2012-13,2012-13,True,,Outside Australia,Independent ELICOS Sector,Secondary,Visitor,138
2012-13,2012-13,True,,Outside Australia,Postgraduate Research Sector,Primary,Temporary Resident (Other Employment),67
2012-13,2012-13,True,,Outside Australia,Vocational Education and Training Sector,Primary,Crew and Transit,35
2012-13,2012-13,True,,Outside Australia,Postgraduate Research Sector,Primary,Working Holiday Maker,39
2012-13,2012-13,True,,Outside Australia,Postgraduate Research Sector,Secondary,Temporary Resident (Other Employment),12
2012-13,2012-13,True,,Outside Australia,Vocational Education and Training Sector,Primary,Temporary Resident (Other Employment),18
2012-13,2012-13,True,,In Australia,Non-Award Sector,Secondary,Student,19
2012-13,2012-13,True,,In Australia,Independent ELICOS Sector,Secondary,Temporary Graduate,4
2012-13,2012-13,True,,In Australia,Postgraduate Research Sector,Primary,Temporary Graduate,74
2012-13,2012-13,True,,In Australia,Postgraduate Research Sector,Secondary,Temporary Graduate,29
2012-13,2012-13,True,,In Australia,Postgraduate Research Sector,Secondary,Working Holiday Maker,22
2012-13,2012-13,True,,In Australia,Schools Sector,Primary,Temporary Resident (Other Employment),12
2012-13,2012-13,True,,Outside Australia,Independent ELICOS Sector,Secondary,Student,83
2012-13,2012-13,True,,Outside Australia,Higher Education Sector,Secondary,Temporary Graduate,5
2012-13,2012-13,True,,Outside Australia,Vocational Education and Training Sector,Primary,Other Temporary,19
2012-13,2012-13,True,,In Australia,Higher Education Sector,Primary,Other visas / No Previous Visa,18
2012-13,2012-13,True,,In Australia,Postgraduate Research Sector,Primary,Working Holiday Maker,62
2012-13,2012-13,True,,In Australia,Independent ELICOS Sector,Primary,Temporary Resident (Other Employment),6
2012-13,2012-13,True,,Outside Australia,Postgraduate Research Sector,Secondary,Working Holiday Maker,7
2012-13,2012-13,True,,Outside Australia,Vocational Education and Training Sector,Secondary,Temporary Resident (Skilled Employment),6
2012-13,2012-13,True,,Outside Australia,Foreign Affairs or Defence Sector,Primary,Temporary Resident (Other Employment),18
2012-13,2012-13,True,,Outside Australia,Schools Sector,Primary,Temporary Resident (Other Employment),8
2012-13,2012-13,True,,In Australia,Foreign Affairs or Defence Sector,Secondary,Other visas / No Previous Visa,33
2012-13,2012-13,True,,In Australia,Independent ELICOS Sector,Primary,Temporary Graduate,9
2012-13,2012-13,True,,In Australia,Postgraduate Research Sector,Secondary,Temporary Resident (Skilled Employment),14
2012-13,2012-13,True,,In Australia,Vocational Education and Training Sector,Primary,Other visas / No Previous Visa,6
2012-13,2012-13,True,,Outside Australia,Independent ELICOS Sector,Primary,Other Temporary,5
2012-13,2012-13,True,,Outside Australia,Postgraduate Research Sector,Primary,Crew and Transit,8
2012-13,2012-13,True,,Outside Australia,Independent ELICOS Sector,Primary,Crew and Transit,18
2012-13,2012-13,True,,Outside Australia,Vocational Education and Training Sector,Secondary,Crew and Transit,13
2012-13,2012-13,True,,In Australia,Postgraduate Research Sector,Secondary,Temporary Resident (Other Employment),8
2012-13,2012-13,True,,In Australia,Non-Award Sector,Secondary,Other visas / No Previous Visa,2
2012-13,2012-13,True,,Outside Australia,Higher Education Sector,Secondary,Temporary Resident (Skilled Employment),6
2012-13,2012-13,True,,Outside Australia,Independent ELICOS Sector,Primary,Temporary Resident (Skilled Employment),8
2012-13,2012-13,True,,Outside Australia,Non-Award Sector,Primary,Crew and Transit,10
2012-13,2012-13,True,,Outside Australia,Foreign Affairs or Defence Sector,Secondary,Temporary Resident (Other Employment),3
2012-13,2012-13,True,,Outside Australia,Higher Education Sector,Secondary,Crew and Transit,20
2012-13,2012-13,True,,Outside Australia,Independent ELICOS Sector,Secondary,Crew and Transit,2
2012-13,2012-13,True,,Outside Australia,Postgraduate Research Sector,Primary,Temporary Graduate,7
2012-13,2012-13,True,,In Australia,Foreign Affairs or Defence Sector,Primary,Temporary Resident (Other Employment),1
2012-13,2012-13,True,,In Australia,Foreign Affairs or Defence Sector,Secondary,Visitor,8
2012-13,2012-13,True,,In Australia,Schools Sector,Primary,Other Temporary,10
2012-13,2012-13,True,,Outside Australia,Non-Award Sector,Secondary,Visitor,6
2012-13,2012-13,True,,Outside Australia,Non-Award Sector,Primary,Other Temporary,1
2012-13,2012-13,True,,Outside Australia,Independent ELICOS Sector,Secondary,Working Holiday Maker,24
2012-13,2012-13,True,,Outside Australia,Non-Award Sector,Primary,Temporary Resident (Skilled Employment),5
2012-13,2012-13,True,,Outside Australia,Vocational Education and Training Sector,Secondary,Other Temporary,2
2012-13,2012-13,True,,Outside Australia,Foreign Affairs or Defence Sector,Secondary,Temporary Resident (Skilled Employment),2
2012-13,2012-13,True,,Outside Australia,Schools Sector,Primary,Temporary Graduate,1
2012-13,2012-13,True,,In Australia,Independent ELICOS Sector,Secondary,Temporary Resident (Skilled Employment),8
2012-13,2012-13,True,,In Australia,Non-Award Sector,Primary,Temporary Resident (Skilled Employment),2
2012-13,2012-13,True,,In Australia,Vocational Education and Training Sector,Secondary,Temporary Resident (Other Employment),7
2012-13,2012-13,True,,Outside Australia,Non-Award Sector,Secondary,Working Holiday Maker,4
2012-13,2012-13,True,,Outside Australia,Schools Sector,Primary,Crew and Transit,4
2012-13,2012-13,True,,In Australia,Independent ELICOS Sector,Primary,Temporary Resident (Skilled Employment),15
2012-13,2012-13,True,,Outside Australia,Higher Education Sector,Secondary,Temporary Resident (Other Employment),5
2012-13,2012-13,True,,In Australia,Non-Award Sector,Secondary,Visitor,4
2012-13,2012-13,True,,In Australia,Higher Education Sector,Secondary,Temporary Resident (Other Employment),9
2012-13,2012-13,True,,In Australia,Schools Sector,Primary,Temporary Graduate,3
2012-13,2012-13,True,,In Australia,Schools Sector,Secondary,Visitor,1
2012-13,2012-13,True,,Outside Australia,Foreign Affairs or Defence Sector,Primary,Temporary Resident (Skilled Employment),1
2012-13,2012-13,True,,Outside Australia,Schools Sector,Primary,Other Temporary,5
2012-13,2012-13,True,,In Australia,Foreign Affairs or Defence Sector,Primary,Visitor,3
2012-13,2012-13,True,,In Australia,Vocational Education and Training Sector,Primary,Other Temporary,3
2012-13,2012-13,True,,Outside Australia,Non-Award Sector,Primary,Temporary Resident (Other Employment),7
2012-13,2012-13,True,,Outside Australia,Higher Education Sector,Primary,Offshore Humanitarian,1
2012-13,2012-13,True,,Outside Australia,Independent ELICOS Sector,Secondary,Temporary Resident (Other Employment),1
2012-13,2012-13,True,,In Australia,Schools Sector,Secondary,Student,1
2012-13,2012-13,True,,In Australia,Higher Education Sector,Primary,Crew and Transit,1
2012-13,2012-13,True,,Outside Australia,Vocational Education and Training Sector,Secondary,Temporary Resident (Other Employment),3
2012-13,2012-13,True,,Outside Australia,Vocational Education and Training Sector,Primary,Temporary Graduate,4
2012-13,2012-13,True,,Outside Australia,Independent ELICOS Sector,Primary,Temporary Resident (Other Employment),3
2012-13,2012-13,True,,Outside Australia,Schools Sector,Primary,Temporary Resident (Skilled Employment),9
2012-13,2012-13,True,,Outside Australia,Independent ELICOS Sector,Secondary,Temporary Resident (Skilled Employment),4
2012-13,2012-13,True,,Outside Australia,Foreign Affairs or Defence Sector,Primary,Special Category,2
2012-13,2012-13,True,,In Australia,Non-Award Sector,Primary,Temporary Resident (Other Employment),2
2012-13,2012-13,True,,Outside Australia,Vocational Education and Training Sector,Secondary,Temporary Graduate,2
2012-13,2012-13,True,,In Australia,Non-Award Sector,Secondary,Working Holiday Maker,1
2012-13,2012-13,True,,Outside Australia,Independent ELICOS Sector,Secondary,Other Temporary,3
2012-13,2012-13,True,,Outside Australia,Foreign Affairs or Defence Sector,Primary,Other Temporary,2
2012-13,2012-13,True,,Outside Australia,Higher Education Sector,Secondary,Other Temporary,1
2012-13,2012-13,True,,In Australia,Vocational Education and Training Sector,Primary,Crew and Transit,1
2012-13,2012-13,True,,In Australia,Vocational Education and Training Sector,Secondary,Other Temporary,2
2012-13,2012-13,True,,Outside Australia,Postgraduate Research Sector,Secondary,Temporary Resident (Skilled Employment),2
2012-13,2012-13,True,,Outside Australia,Foreign Affairs or Defence Sector,Secondary,Working Holiday Maker,1
2012-13,2012-13,True,,Outside Australia,Vocational Education and Training Sector,Primary,Special Category,1
2012-13,2012-13,True,,Outside Australia,Schools Sector,Secondary,Other visas / No Previous Visa,1
2012-13,2012-13,True,,In Australia,Schools Sector,Primary,Other visas / No Previous Visa,1
2012-13,2012-13,True,,In Australia,Independent ELICOS Sector,Primary,Other Temporary,1
2012-13,2012-13,True,,Outside Australia,Non-Award Sector,Secondary,Student,1
2013-14,2013-14,True,,In Australia,Higher Education Sector,Primary,Student,41511
2013-14,2013-14,True,,In Australia,Higher Education Sector,Primary,Visitor,1595
2013-14,2013-14,True,,In Australia,Higher Education Sector,Primary,Working Holiday Maker,583
2013-14,2013-14,True,,In Australia,Higher Education Sector,Secondary,Student,5994
2013-14,2013-14,True,,In Australia,Higher Education Sector,Secondary,Other visas / No Previous Visa,245
2013-14,2013-14,True,,In Australia,Independent ELICOS Sector,Primary,Working Holiday Maker,1402
2013-14,2013-14,True,,In Australia,Independent ELICOS Sector,Primary,Student,4987
2013-14,2013-14,True,,In Australia,Independent ELICOS Sector,Primary,Visitor,1926
2013-14,2013-14,True,,In Australia,Independent ELICOS Sector,Secondary,Student,743
2013-14,2013-14,True,,In Australia,Independent ELICOS Sector,Secondary,Visitor,299
2013-14,2013-14,True,,In Australia,Non-Award Sector,Primary,Student,396
2013-14,2013-14,True,,In Australia,Non-Award Sector,Primary,Visitor,126
2013-14,2013-14,True,,In Australia,Non-Award Sector,Primary,Working Holiday Maker,40
2013-14,2013-14,True,,In Australia,Postgraduate Research Sector,Primary,Student,2244
2013-14,2013-14,True,,In Australia,Postgraduate Research Sector,Secondary,Student,1678
2013-14,2013-14,True,,In Australia,Higher Education Sector,Primary,Temporary Resident (Skilled Employment),141
2013-14,2013-14,True,,In Australia,Schools Sector,Primary,Student,614
2013-14,2013-14,True,,In Australia,Schools Sector,Primary,Other visas / No Previous Visa,1
2013-14,2013-14,True,,In Australia,Vocational Education and Training Sector,Primary,Student,25419
2013-14,2013-14,True,,In Australia,Vocational Education and Training Sector,Primary,Visitor,3690
2013-14,2013-14,True,,In Australia,Vocational Education and Training Sector,Primary,Temporary Resident (Skilled Employment),207
2013-14,2013-14,True,,In Australia,Vocational Education and Training Sector,Primary,Working Holiday Maker,4217
2013-14,2013-14,True,,In Australia,Higher Education Sector,Secondary,Visitor,521
2013-14,2013-14,True,,In Australia,Vocational Education and Training Sector,Primary,Temporary Resident (Other Employment),47
2013-14,2013-14,True,,In Australia,Independent ELICOS Sector,Secondary,Working Holiday Maker,81
2013-14,2013-14,True,,In Australia,Vocational Education and Training Sector,Secondary,Student,6511
2013-14,2013-14,True,,In Australia,Postgraduate Research Sector,Primary,Temporary Resident (Other Employment),36
2013-14,2013-14,True,,In Australia,Postgraduate Research Sector,Primary,Working Holiday Maker,47
2013-14,2013-14,True,,In Australia,Vocational Education and Training Sector,Secondary,Working Holiday Maker,381
2013-14,2013-14,True,,In Australia,Vocational Education and Training Sector,Secondary,Visitor,738
2013-14,2013-14,True,,In Australia,Foreign Affairs or Defence Sector,Primary,Student,226
2013-14,2013-14,True,,In Australia,Foreign Affairs or Defence Sector,Secondary,Student,178
2013-14,2013-14,True,,In Australia,Foreign Affairs or Defence Sector,Secondary,Other visas / No Previous Visa,25
2013-14,2013-14,True,,In Australia,Higher Education Sector,Primary,Other visas / No Previous Visa,13
2013-14,2013-14,True,,In Australia,Higher Education Sector,Primary,Temporary Graduate,1352
2013-14,2013-14,True,,In Australia,Higher Education Sector,Secondary,Temporary Graduate,532
2013-14,2013-14,True,,In Australia,Higher Education Sector,Secondary,Working Holiday Maker,96
2013-14,2013-14,True,,In Australia,Postgraduate Research Sector,Primary,Temporary Graduate,103
2013-14,2013-14,True,,In Australia,Vocational Education and Training Sector,Secondary,Temporary Resident (Skilled Employment),80
2013-14,2013-14,True,,In Australia,Postgraduate Research Sector,Secondary,Temporary Resident (Other Employment),14
2013-14,2013-14,True,,In Australia,Postgraduate Research Sector,Secondary,Other visas / No Previous Visa,122
2013-14,2013-14,True,,In Australia,Vocational Education and Training Sector,Secondary,Other visas / No Previous Visa,263
2013-14,2013-14,True,,In Australia,Schools Sector,Primary,Visitor,354
2013-14,2013-14,True,,In Australia,Schools Sector,Primary,Temporary Resident (Other Employment),14
2013-14,2013-14,True,,In Australia,Vocational Education and Training Sector,Primary,Temporary Graduate,1765
2013-14,2013-14,True,,In Australia,Higher Education Sector,Primary,Temporary Resident (Other Employment),91
2013-14,2013-14,True,,In Australia,Vocational Education and Training Sector,Secondary,Temporary Graduate,742
2013-14,2013-14,True,,In Australia,Independent ELICOS Sector,Primary,Temporary Graduate,14
2013-14,2013-14,True,,In Australia,Postgraduate Research Sector,Primary,Visitor,96
2013-14,2013-14,True,,Outside Australia,Higher Education Sector,Primary,Other visas / No Previous Visa,71319
2013-14,2013-14,True,,Outside Australia,Higher Education Sector,Primary,Visitor,10780
2013-14,2013-14,True,,Outside Australia,Higher Education Sector,Primary,Student,5772
2013-14,2013-14,True,,Outside Australia,Higher Education Sector,Primary,Working Holiday Maker,617
2013-14,2013-14,True,,In Australia,Schools Sector,Primary,Temporary Resident (Skilled Employment),26
2013-14,2013-14,True,,Outside Australia,Higher Education Sector,Primary,Crew and Transit,118
2013-14,2013-14,True,,Outside Australia,Higher Education Sector,Primary,Temporary Graduate,85
2013-14,2013-14,True,,Outside Australia,Higher Education Sector,Secondary,Other visas / No Previous Visa,9390
2013-14,2013-14,True,,Outside Australia,Higher Education Sector,Secondary,Student,570
2013-14,2013-14,True,,Outside Australia,Higher Education Sector,Secondary,Working Holiday Maker,53
2013-14,2013-14,True,,Outside Australia,Independent ELICOS Sector,Primary,Other visas / No Previous Visa,16939
2013-14,2013-14,True,,Outside Australia,Independent ELICOS Sector,Primary,Crew and Transit,10
2013-14,2013-14,True,,Outside Australia,Independent ELICOS Sector,Primary,Visitor,2113
2013-14,2013-14,True,,Outside Australia,Independent ELICOS Sector,Primary,Working Holiday Maker,578
2013-14,2013-14,True,,Outside Australia,Independent ELICOS Sector,Primary,Student,537
2013-14,2013-14,True,,Outside Australia,Independent ELICOS Sector,Secondary,Other visas / No Previous Visa,1011
2013-14,2013-14,True,,Outside Australia,Independent ELICOS Sector,Secondary,Visitor,129
2013-14,2013-14,True,,Outside Australia,Independent ELICOS Sector,Secondary,Student,77
2013-14,2013-14,True,,Outside Australia,Non-Award Sector,Primary,Other visas / No Previous Visa,16925
2013-14,2013-14,True,,Outside Australia,Non-Award Sector,Primary,Visitor,1875
2013-14,2013-14,True,,Outside Australia,Non-Award Sector,Primary,Student,197
2013-14,2013-14,True,,Outside Australia,Non-Award Sector,Primary,Working Holiday Maker,207
2013-14,2013-14,True,,Outside Australia,Higher Education Sector,Secondary,Visitor,685
2013-14,2013-14,True,,Outside Australia,Non-Award Sector,Secondary,Other visas / No Previous Visa,94
2013-14,2013-14,True,,Outside Australia,Postgraduate Research Sector,Primary,Other visas / No Previous Visa,2672
2013-14,2013-14,True,,Outside Australia,Postgraduate Research Sector,Primary,Visitor,440
2013-14,2013-14,True,,Outside Australia,Postgraduate Research Sector,Primary,Student,527
2013-14,2013-14,True,,Outside Australia,Postgraduate Research Sector,Primary,Working Holiday Maker,51
2013-14,2013-14,True,,Outside Australia,Postgraduate Research Sector,Secondary,Other visas / No Previous Visa,2464
2013-14,2013-14,True,,Outside Australia,Postgraduate Research Sector,Secondary,Student,308
2013-14,2013-14,True,,Outside Australia,Postgraduate Research Sector,Secondary,Visitor,164
2013-14,2013-14,True,,Outside Australia,Schools Sector,Primary,Visitor,2135
2013-14,2013-14,True,,Outside Australia,Schools Sector,Primary,Other visas / No Previous Visa,6566
2013-14,2013-14,True,,Outside Australia,Schools Sector,Primary,Student,197
2013-14,2013-14,True,,Outside Australia,Vocational Education and Training Sector,Primary,Other visas / No Previous Visa,7768
2013-14,2013-14,True,,Outside Australia,Vocational Education and Training Sector,Primary,Visitor,2386
2013-14,2013-14,True,,Outside Australia,Vocational Education and Training Sector,Primary,Working Holiday Maker,1578
2013-14,2013-14,True,,Outside Australia,Vocational Education and Training Sector,Primary,Student,1439
2013-14,2013-14,True,,Outside Australia,Vocational Education and Training Sector,Secondary,Other visas / No Previous Visa,2481
2013-14,2013-14,True,,Outside Australia,Vocational Education and Training Sector,Secondary,Visitor,339
2013-14,2013-14,True,,Outside Australia,Vocational Education and Training Sector,Secondary,Student,289
2013-14,2013-14,True,,Outside Australia,Vocational Education and Training Sector,Secondary,Working Holiday Maker,106
2013-14,2013-14,True,,Outside Australia,Foreign Affairs or Defence Sector,Primary,Student,510
2013-14,2013-14,True,,Outside Australia,Foreign Affairs or Defence Sector,Primary,Other visas / No Previous Visa,3185
2013-14,2013-14,True,,Outside Australia,Foreign Affairs or Defence Sector,Primary,Visitor,634
2013-14,2013-14,True,,Outside Australia,Foreign Affairs or Defence Sector,Secondary,Other visas / No Previous Visa,1778
2013-14,2013-14,True,,Outside Australia,Non-Award Sector,Primary,Temporary Resident (Skilled Employment),9
2013-14,2013-14,True,,Outside Australia,Postgraduate Research Sector,Primary,Temporary Resident (Other Employment),82
2013-14,2013-14,True,,Outside Australia,Vocational Education and Training Sector,Primary,Temporary Resident (Other Employment),26
2013-14,2013-14,True,,Outside Australia,Higher Education Sector,Primary,Other Temporary,8
2013-14,2013-14,True,,Outside Australia,Foreign Affairs or Defence Sector,Primary,Crew and Transit,66
2013-14,2013-14,True,,Outside Australia,Higher Education Sector,Primary,Temporary Resident (Skilled Employment),59
2013-14,2013-14,True,,Outside Australia,Foreign Affairs or Defence Sector,Secondary,Student,107
2013-14,2013-14,True,,Outside Australia,Higher Education Sector,Secondary,Crew and Transit,27
2013-14,2013-14,True,,Outside Australia,Non-Award Sector,Secondary,Student,2
2013-14,2013-14,True,,Outside Australia,Higher Education Sector,Primary,Offshore Humanitarian,2
2013-14,2013-14,True,,Outside Australia,Higher Education Sector,Secondary,Temporary Resident (Skilled Employment),10
2013-14,2013-14,True,,Outside Australia,Vocational Education and Training Sector,Primary,Temporary Resident (Skilled Employment),34
2013-14,2013-14,True,,Outside Australia,Vocational Education and Training Sector,Primary,Crew and Transit,37
2013-14,2013-14,True,,Outside Australia,Vocational Education and Training Sector,Secondary,Temporary Graduate,19
2013-14,2013-14,True,,Outside Australia,Postgraduate Research Sector,Primary,Crew and Transit,8
2013-14,2013-14,True,,Outside Australia,Vocational Education and Training Sector,Secondary,Crew and Transit,14
2013-14,2013-14,True,,Outside Australia,Vocational Education and Training Sector,Secondary,Temporary Resident (Skilled Employment),8
2013-14,2013-14,True,,In Australia,Non-Award Sector,Secondary,Student,16
2013-14,2013-14,True,,In Australia,Postgraduate Research Sector,Primary,Temporary Resident (Skilled Employment),35
2013-14,2013-14,True,,In Australia,Higher Education Sector,Secondary,Temporary Resident (Skilled Employment),36
2013-14,2013-14,True,,In Australia,Higher Education Sector,Secondary,Temporary Resident (Other Employment),16
2013-14,2013-14,True,,In Australia,Non-Award Sector,Primary,Temporary Resident (Other Employment),3
2013-14,2013-14,True,,In Australia,Postgraduate Research Sector,Secondary,Temporary Graduate,37
2013-14,2013-14,True,,In Australia,Postgraduate Research Sector,Secondary,Visitor,85
2013-14,2013-14,True,,Outside Australia,Foreign Affairs or Defence Sector,Secondary,Visitor,128
2013-14,2013-14,True,,Outside Australia,Independent ELICOS Sector,Secondary,Working Holiday Maker,51
2013-14,2013-14,True,,Outside Australia,Postgraduate Research Sector,Primary,Temporary Resident (Skilled Employment),10
2013-14,2013-14,True,,Outside Australia,Postgraduate Research Sector,Primary,Temporary Graduate,12
2013-14,2013-14,True,,Outside Australia,Vocational Education and Training Sector,Primary,Other Temporary,16
2013-14,2013-14,True,,Outside Australia,Postgraduate Research Sector,Secondary,Crew and Transit,2
2013-14,2013-14,True,,In Australia,Independent ELICOS Sector,Secondary,Temporary Resident (Other Employment),3
2013-14,2013-14,True,,In Australia,Postgraduate Research Sector,Secondary,Temporary Resident (Skilled Employment),21
2013-14,2013-14,True,,In Australia,Schools Sector,Primary,Other Temporary,15
2013-14,2013-14,True,,In Australia,Non-Award Sector,Secondary,Other visas / No Previous Visa,1
2013-14,2013-14,True,,Outside Australia,Higher Education Sector,Primary,Temporary Resident (Other Employment),87
2013-14,2013-14,True,,Outside Australia,Foreign Affairs or Defence Sector,Primary,Special Category,4
2013-14,2013-14,True,,Outside Australia,Higher Education Sector,Secondary,Temporary Graduate,18
2013-14,2013-14,True,,Outside Australia,Higher Education Sector,Secondary,Temporary Resident (Other Employment),9
2013-14,2013-14,True,,Outside Australia,Higher Education Sector,Secondary,Other Temporary,3
2013-14,2013-14,True,,Outside Australia,Schools Sector,Primary,Other Temporary,8
2013-14,2013-14,True,,In Australia,Independent ELICOS Sector,Primary,Temporary Resident (Other Employment),7
2013-14,2013-14,True,,In Australia,Higher Education Sector,Primary,Other Temporary,5
2013-14,2013-14,True,,In Australia,Postgraduate Research Sector,Secondary,Working Holiday Maker,26
2013-14,2013-14,True,,In Australia,Vocational Education and Training Sector,Secondary,Temporary Resident (Other Employment),15
2013-14,2013-14,True,,Outside Australia,Vocational Education and Training Sector,Primary,Temporary Graduate,17
2013-14,2013-14,True,,Outside Australia,Non-Award Sector,Secondary,Visitor,11
2013-14,2013-14,True,,Outside Australia,Postgraduate Research Sector,Secondary,Temporary Resident (Other Employment),19
2013-14,2013-14,True,,Outside Australia,Foreign Affairs or Defence Sector,Primary,Temporary Resident (Other Employment),25
2013-14,2013-14,True,,Outside Australia,Schools Sector,Secondary,Other visas / No Previous Visa,2
2013-14,2013-14,True,,In Australia,Independent ELICOS Sector,Primary,Temporary Resident (Skilled Employment),15
2013-14,2013-14,True,,In Australia,Independent ELICOS Sector,Primary,Other visas / No Previous Visa,1
2013-14,2013-14,True,,Outside Australia,Independent ELICOS Sector,Primary,Temporary Resident (Skilled Employment),2
2013-14,2013-14,True,,Outside Australia,Independent ELICOS Sector,Primary,Temporary Resident (Other Employment),9
2013-14,2013-14,True,,Outside Australia,Foreign Affairs or Defence Sector,Secondary,Crew and Transit,6
2013-14,2013-14,True,,Outside Australia,Non-Award Sector,Primary,Crew and Transit,4
2013-14,2013-14,True,,In Australia,Vocational Education and Training Sector,Primary,Other visas / No Previous Visa,5
2013-14,2013-14,True,,Outside Australia,Postgraduate Research Sector,Secondary,Working Holiday Maker,13
2013-14,2013-14,True,,Outside Australia,Non-Award Sector,Primary,Temporary Resident (Other Employment),16
2013-14,2013-14,True,,Outside Australia,Foreign Affairs or Defence Sector,Primary,Temporary Resident (Skilled Employment),1
2013-14,2013-14,True,,Outside Australia,Independent ELICOS Sector,Secondary,Temporary Resident (Other Employment),1
2013-14,2013-14,True,,Outside Australia,Vocational Education and Training Sector,Secondary,Other Temporary,2
2013-14,2013-14,True,,In Australia,Postgraduate Research Sector,Primary,Other visas / No Previous Visa,1
2013-14,2013-14,True,,In Australia,Schools Sector,Primary,Temporary Graduate,3
2013-14,2013-14,True,,Outside Australia,Foreign Affairs or Defence Sector,Secondary,Temporary Resident (Skilled Employment),3
2013-14,2013-14,True,,In Australia,Independent ELICOS Sector,Secondary,Temporary Resident (Skilled Employment),4
2013-14,2013-14,True,,In Australia,Independent ELICOS Sector,Secondary,Other visas / No Previous Visa,11
2013-14,2013-14,True,,In Australia,Postgraduate Research Sector,Primary,Other Temporary,1
2013-14,2013-14,True,,Outside Australia,Independent ELICOS Sector,Primary,Temporary Graduate,1
2013-14,2013-14,True,,Outside Australia,Independent ELICOS Sector,Secondary,Crew and Transit,3
2013-14,2013-14,True,,Outside Australia,Foreign Affairs or Defence Sector,Secondary,Temporary Resident (Other Employment),3
2013-14,2013-14,True,,In Australia,Vocational Education and Training Sector,Primary,Crew and Transit,1
2013-14,2013-14,True,,Outside Australia,Vocational Education and Training Sector,Secondary,Temporary Resident (Other Employment),7
2013-14,2013-14,True,,In Australia,Foreign Affairs or Defence Sector,Secondary,Visitor,6
2013-14,2013-14,True,,Outside Australia,Schools Sector,Primary,Temporary Resident (Skilled Employment),12
2013-14,2013-14,True,,Outside Australia,Schools Sector,Primary,Crew and Transit,4
2013-14,2013-14,True,,Outside Australia,Schools Sector,Primary,Temporary Resident (Other Employment),6
2013-14,2013-14,True,,In Australia,Schools Sector,Primary,Working Holiday Maker,1
2013-14,2013-14,True,,Outside Australia,Independent ELICOS Sector,Primary,Other Temporary,6
2013-14,2013-14,True,,In Australia,Foreign Affairs or Defence Sector,Primary,Visitor,2
2013-14,2013-14,True,,In Australia,Non-Award Sector,Secondary,Visitor,6
2013-14,2013-14,True,,Outside Australia,Postgraduate Research Sector,Secondary,Other Temporary,1
2013-14,2013-14,True,,In Australia,Non-Award Sector,Secondary,Working Holiday Maker,3
2013-14,2013-14,True,,In Australia,Independent ELICOS Sector,Secondary,Temporary Graduate,2
2013-14,2013-14,True,,Outside Australia,Postgraduate Research Sector,Secondary,Temporary Resident (Skilled Employment),2
2013-14,2013-14,True,,In Australia,Non-Award Sector,Primary,Temporary Graduate,1
2013-14,2013-14,True,,In Australia,Independent ELICOS Sector,Primary,Other Temporary,1
2013-14,2013-14,True,,In Australia,Vocational Education and Training Sector,Secondary,Other Temporary,1
2013-14,2013-14,True,,Outside Australia,Foreign Affairs or Defence Sector,Secondary,Other Temporary,2
2013-14,2013-14,True,,Outside Australia,Schools Sector,Secondary,Visitor,1
2013-14,2013-14,True,,Outside Australia,Foreign Affairs or Defence Sector,Primary,Other Temporary,2
2013-14,2013-14,True,,In Australia,Higher Education Sector,Primary,Crew and Transit,1
2013-14,2013-14,True,,Outside Australia,Non-Award Sector,Secondary,Working Holiday Maker,1
2013-14,2013-14,True,,Outside Australia,Independent ELICOS Sector,Secondary,Temporary Resident (Skilled Employment),1
2014-15,2014-15,True,,In Australia,Higher Education Sector,Primary,Student,39054
2014-15,2014-15,True,,In Australia,Higher Education Sector,Primary,Working Holiday Maker,560
2014-15,2014-15,True,,In Australia,Higher Education Sector,Primary,Visitor,1653
2014-15,2014-15,True,,In Australia,Higher Education Sector,Primary,Temporary Resident (Skilled Employment),168
2014-15,2014-15,True,,In Australia,Higher Education Sector,Secondary,Student,6279
2014-15,2014-15,True,,In Australia,Higher Education Sector,Secondary,Temporary Resident (Skilled Employment),69
2014-15,2014-15,True,,In Australia,Higher Education Sector,Secondary,Working Holiday Maker,133
2014-15,2014-15,True,,In Australia,Higher Education Sector,Secondary,Visitor,636
2014-15,2014-15,True,,In Australia,Higher Education Sector,Secondary,Other visas / No Previous Visa,254
2014-15,2014-15,True,,In Australia,Independent ELICOS Sector,Primary,Student,4483
2014-15,2014-15,True,,In Australia,Independent ELICOS Sector,Primary,Visitor,1923
2014-15,2014-15,True,,In Australia,Independent ELICOS Sector,Primary,Working Holiday Maker,1666
2014-15,2014-15,True,,In Australia,Independent ELICOS Sector,Secondary,Visitor,356
2014-15,2014-15,True,,In Australia,Independent ELICOS Sector,Secondary,Student,707
2014-15,2014-15,True,,In Australia,Non-Award Sector,Primary,Student,346
2014-15,2014-15,True,,In Australia,Non-Award Sector,Primary,Working Holiday Maker,16
2014-15,2014-15,True,,In Australia,Non-Award Sector,Primary,Visitor,129
2014-15,2014-15,True,,In Australia,Postgraduate Research Sector,Primary,Student,2271
2014-15,2014-15,True,,In Australia,Postgraduate Research Sector,Primary,Working Holiday Maker,54
2014-15,2014-15,True,,In Australia,Postgraduate Research Sector,Primary,Visitor,103
2014-15,2014-15,True,,In Australia,Postgraduate Research Sector,Primary,Temporary Resident (Other Employment),43
2014-15,2014-15,True,,In Australia,Postgraduate Research Sector,Primary,Temporary Resident (Skilled Employment),28
2014-15,2014-15,True,,In Australia,Postgraduate Research Sector,Secondary,Student,1703
2014-15,2014-15,True,,In Australia,Postgraduate Research Sector,Secondary,Temporary Resident (Skilled Employment),14
2014-15,2014-15,True,,In Australia,Schools Sector,Primary,Visitor,341
2014-15,2014-15,True,,In Australia,Schools Sector,Primary,Student,653
2014-15,2014-15,True,,In Australia,Schools Sector,Primary,Temporary Resident (Skilled Employment),40
2014-15,2014-15,True,,In Australia,Vocational Education and Training Sector,Primary,Working Holiday Maker,5528
2014-15,2014-15,True,,In Australia,Vocational Education and Training Sector,Primary,Student,26029
2014-15,2014-15,True,,In Australia,Vocational Education and Training Sector,Primary,Temporary Resident (Skilled Employment),248
2014-15,2014-15,True,,In Australia,Vocational Education and Training Sector,Primary,Visitor,4659
2014-15,2014-15,True,,In Australia,Vocational Education and Training Sector,Primary,Special Category,1
2014-15,2014-15,True,,In Australia,Vocational Education and Training Sector,Primary,Temporary Resident (Other Employment),64
2014-15,2014-15,True,,In Australia,Vocational Education and Training Sector,Secondary,Student,6123
2014-15,2014-15,True,,In Australia,Vocational Education and Training Sector,Secondary,Temporary Resident (Skilled Employment),88
2014-15,2014-15,True,,In Australia,Vocational Education and Training Sector,Secondary,Visitor,855
2014-15,2014-15,True,,In Australia,Vocational Education and Training Sector,Secondary,Working Holiday Maker,566
2014-15,2014-15,True,,In Australia,Independent ELICOS Sector,Secondary,Working Holiday Maker,98
2014-15,2014-15,True,,In Australia,Foreign Affairs or Defence Sector,Primary,Student,263
2014-15,2014-15,True,,In Australia,Foreign Affairs or Defence Sector,Secondary,Student,263
2014-15,2014-15,True,,In Australia,Higher Education Sector,Primary,Temporary Graduate,941
2014-15,2014-15,True,,In Australia,Higher Education Sector,Primary,Temporary Resident (Other Employment),79
2014-15,2014-15,True,,In Australia,Higher Education Sector,Secondary,Temporary Graduate,398
2014-15,2014-15,True,,In Australia,Postgraduate Research Sector,Secondary,Other visas / No Previous Visa,131
2014-15,2014-15,True,,In Australia,Postgraduate Research Sector,Secondary,Working Holiday Maker,30
2014-15,2014-15,True,,In Australia,Schools Sector,Primary,Temporary Resident (Other Employment),9
2014-15,2014-15,True,,In Australia,Schools Sector,Primary,Other Temporary,14
2014-15,2014-15,True,,In Australia,Vocational Education and Training Sector,Primary,Temporary Graduate,1260
2014-15,2014-15,True,,In Australia,Vocational Education and Training Sector,Secondary,Other visas / No Previous Visa,163
2014-15,2014-15,True,,In Australia,Vocational Education and Training Sector,Secondary,Temporary Graduate,420
2014-15,2014-15,True,,Outside Australia,Higher Education Sector,Primary,Student,5468
2014-15,2014-15,True,,Outside Australia,Higher Education Sector,Primary,Other visas / No Previous Visa,72042
2014-15,2014-15,True,,Outside Australia,Higher Education Sector,Primary,Working Holiday Maker,660
2014-15,2014-15,True,,Outside Australia,Higher Education Sector,Primary,Visitor,11875
2014-15,2014-15,True,,In Australia,Independent ELICOS Sector,Primary,Temporary Resident (Skilled Employment),18
2014-15,2014-15,True,,In Australia,Independent ELICOS Sector,Secondary,Temporary Graduate,14
2014-15,2014-15,True,,Outside Australia,Higher Education Sector,Primary,Temporary Graduate,81
2014-15,2014-15,True,,Outside Australia,Higher Education Sector,Secondary,Other visas / No Previous Visa,9770
2014-15,2014-15,True,,Outside Australia,Higher Education Sector,Secondary,Visitor,619
2014-15,2014-15,True,,Outside Australia,Higher Education Sector,Secondary,Student,525
2014-15,2014-15,True,,Outside Australia,Independent ELICOS Sector,Primary,Visitor,2209
2014-15,2014-15,True,,Outside Australia,Independent ELICOS Sector,Primary,Other visas / No Previous Visa,18762
2014-15,2014-15,True,,Outside Australia,Independent ELICOS Sector,Primary,Working Holiday Maker,866
2014-15,2014-15,True,,Outside Australia,Independent ELICOS Sector,Primary,Student,624
2014-15,2014-15,True,,Outside Australia,Higher Education Sector,Primary,Crew and Transit,121
2014-15,2014-15,True,,Outside Australia,Independent ELICOS Sector,Secondary,Other visas / No Previous Visa,1074
2014-15,2014-15,True,,Outside Australia,Independent ELICOS Sector,Secondary,Visitor,162
2014-15,2014-15,True,,Outside Australia,Higher Education Sector,Primary,Temporary Resident (Other Employment),89
2014-15,2014-15,True,,Outside Australia,Non-Award Sector,Primary,Other visas / No Previous Visa,16272
2014-15,2014-15,True,,Outside Australia,Non-Award Sector,Primary,Visitor,1923
2014-15,2014-15,True,,Outside Australia,Non-Award Sector,Primary,Working Holiday Maker,201
2014-15,2014-15,True,,Outside Australia,Non-Award Sector,Primary,Student,198
2014-15,2014-15,True,,Outside Australia,Postgraduate Research Sector,Primary,Other visas / No Previous Visa,2720
2014-15,2014-15,True,,Outside Australia,Postgraduate Research Sector,Primary,Visitor,459
2014-15,2014-15,True,,Outside Australia,Postgraduate Research Sector,Primary,Working Holiday Maker,65
2014-15,2014-15,True,,Outside Australia,Postgraduate Research Sector,Primary,Student,480
2014-15,2014-15,True,,Outside Australia,Postgraduate Research Sector,Primary,Temporary Graduate,13
2014-15,2014-15,True,,Outside Australia,Postgraduate Research Sector,Secondary,Other visas / No Previous Visa,2217
2014-15,2014-15,True,,Outside Australia,Postgraduate Research Sector,Secondary,Student,270
2014-15,2014-15,True,,Outside Australia,Schools Sector,Primary,Visitor,2834
2014-15,2014-15,True,,Outside Australia,Schools Sector,Primary,Other visas / No Previous Visa,7921
2014-15,2014-15,True,,Outside Australia,Higher Education Sector,Secondary,Working Holiday Maker,73
2014-15,2014-15,True,,Outside Australia,Vocational Education and Training Sector,Primary,Student,1815
2014-15,2014-15,True,,Outside Australia,Vocational Education and Training Sector,Primary,Other visas / No Previous Visa,9159
2014-15,2014-15,True,,Outside Australia,Vocational Education and Training Sector,Primary,Working Holiday Maker,2549
2014-15,2014-15,True,,Outside Australia,Vocational Education and Training Sector,Primary,Visitor,2787
2014-15,2014-15,True,,Outside Australia,Independent ELICOS Sector,Primary,Crew and Transit,23
2014-15,2014-15,True,,Outside Australia,Vocational Education and Training Sector,Secondary,Other visas / No Previous Visa,2220
2014-15,2014-15,True,,Outside Australia,Vocational Education and Training Sector,Secondary,Visitor,403
2014-15,2014-15,True,,Outside Australia,Vocational Education and Training Sector,Secondary,Student,331
2014-15,2014-15,True,,Outside Australia,Vocational Education and Training Sector,Secondary,Temporary Graduate,25
2014-15,2014-15,True,,Outside Australia,Foreign Affairs or Defence Sector,Primary,Other visas / No Previous Visa,3089
2014-15,2014-15,True,,Outside Australia,Foreign Affairs or Defence Sector,Primary,Visitor,591
2014-15,2014-15,True,,Outside Australia,Independent ELICOS Sector,Secondary,Working Holiday Maker,67
2014-15,2014-15,True,,Outside Australia,Foreign Affairs or Defence Sector,Primary,Crew and Transit,67
2014-15,2014-15,True,,Outside Australia,Foreign Affairs or Defence Sector,Primary,Student,458
2014-15,2014-15,True,,Outside Australia,Foreign Affairs or Defence Sector,Secondary,Other visas / No Previous Visa,1591
2014-15,2014-15,True,,Outside Australia,Foreign Affairs or Defence Sector,Secondary,Student,110
2014-15,2014-15,True,,Outside Australia,Foreign Affairs or Defence Sector,Secondary,Visitor,86
2014-15,2014-15,True,,Outside Australia,Foreign Affairs or Defence Sector,Secondary,Crew and Transit,7
2014-15,2014-15,True,,Outside Australia,Non-Award Sector,Secondary,Other visas / No Previous Visa,56
2014-15,2014-15,True,,Outside Australia,Postgraduate Research Sector,Primary,Temporary Resident (Other Employment),75
2014-15,2014-15,True,,Outside Australia,Postgraduate Research Sector,Secondary,Visitor,158
2014-15,2014-15,True,,Outside Australia,Higher Education Sector,Primary,Other Temporary,16
2014-15,2014-15,True,,Outside Australia,Schools Sector,Primary,Student,172
2014-15,2014-15,True,,Outside Australia,Higher Education Sector,Primary,Temporary Resident (Skilled Employment),52
2014-15,2014-15,True,,Outside Australia,Vocational Education and Training Sector,Secondary,Working Holiday Maker,195
2014-15,2014-15,True,,Outside Australia,Higher Education Sector,Secondary,Temporary Graduate,28
2014-15,2014-15,True,,Outside Australia,Higher Education Sector,Secondary,Temporary Resident (Other Employment),6
2014-15,2014-15,True,,Outside Australia,Independent ELICOS Sector,Primary,Temporary Resident (Other Employment),8
2014-15,2014-15,True,,Outside Australia,Independent ELICOS Sector,Secondary,Student,92
2014-15,2014-15,True,,Outside Australia,Schools Sector,Primary,Temporary Resident (Skilled Employment),5
2014-15,2014-15,True,,In Australia,Independent ELICOS Sector,Primary,Temporary Graduate,18
2014-15,2014-15,True,,In Australia,Postgraduate Research Sector,Primary,Temporary Graduate,55
2014-15,2014-15,True,,In Australia,Postgraduate Research Sector,Secondary,Temporary Resident (Other Employment),19
2014-15,2014-15,True,,In Australia,Vocational Education and Training Sector,Secondary,Other Temporary,1
2014-15,2014-15,True,,In Australia,Postgraduate Research Sector,Secondary,Visitor,129
2014-15,2014-15,True,,Outside Australia,Vocational Education and Training Sector,Primary,Temporary Graduate,21
2014-15,2014-15,True,,Outside Australia,Foreign Affairs or Defence Sector,Primary,Temporary Resident (Other Employment),40
2014-15,2014-15,True,,Outside Australia,Postgraduate Research Sector,Secondary,Working Holiday Maker,9
2014-15,2014-15,True,,Outside Australia,Vocational Education and Training Sector,Primary,Temporary Resident (Skilled Employment),37
2014-15,2014-15,True,,Outside Australia,Vocational Education and Training Sector,Secondary,Temporary Resident (Skilled Employment),4
2014-15,2014-15,True,,Outside Australia,Postgraduate Research Sector,Primary,Crew and Transit,9
2014-15,2014-15,True,,Outside Australia,Postgraduate Research Sector,Secondary,Crew and Transit,4
2014-15,2014-15,True,,Outside Australia,Vocational Education and Training Sector,Primary,Crew and Transit,60
2014-15,2014-15,True,,In Australia,Higher Education Sector,Primary,Other visas / No Previous Visa,8
2014-15,2014-15,True,,In Australia,Foreign Affairs or Defence Sector,Secondary,Visitor,8
2014-15,2014-15,True,,In Australia,Foreign Affairs or Defence Sector,Secondary,Other visas / No Previous Visa,12
2014-15,2014-15,True,,In Australia,Postgraduate Research Sector,Secondary,Temporary Graduate,17
2014-15,2014-15,True,,Outside Australia,Foreign Affairs or Defence Sector,Primary,Other Temporary,2
2014-15,2014-15,True,,Outside Australia,Higher Education Sector,Secondary,Crew and Transit,24
2014-15,2014-15,True,,Outside Australia,Schools Sector,Primary,Temporary Resident (Other Employment),11
2014-15,2014-15,True,,In Australia,Independent ELICOS Sector,Primary,Temporary Resident (Other Employment),6
2014-15,2014-15,True,,In Australia,Vocational Education and Training Sector,Secondary,Temporary Resident (Other Employment),11
2014-15,2014-15,True,,Outside Australia,Independent ELICOS Sector,Secondary,Temporary Resident (Skilled Employment),2
2014-15,2014-15,True,,Outside Australia,Vocational Education and Training Sector,Primary,Temporary Resident (Other Employment),27
2014-15,2014-15,True,,Outside Australia,Schools Sector,Primary,Crew and Transit,3
2014-15,2014-15,True,,Outside Australia,Vocational Education and Training Sector,Secondary,Crew and Transit,10
2014-15,2014-15,True,,Outside Australia,Vocational Education and Training Sector,Primary,Other Temporary,18
2014-15,2014-15,True,,In Australia,Independent ELICOS Sector,Secondary,Other visas / No Previous Visa,10
2014-15,2014-15,True,,Outside Australia,Higher Education Sector,Secondary,Temporary Resident (Skilled Employment),10
2014-15,2014-15,True,,Outside Australia,Non-Award Sector,Primary,Temporary Resident (Other Employment),16
2014-15,2014-15,True,,Outside Australia,Non-Award Sector,Primary,Temporary Resident (Skilled Employment),10
2014-15,2014-15,True,,Outside Australia,Non-Award Sector,Primary,Crew and Transit,9
2014-15,2014-15,True,,Outside Australia,Postgraduate Research Sector,Primary,Temporary Resident (Skilled Employment),11
2014-15,2014-15,True,,Outside Australia,Foreign Affairs or Defence Sector,Secondary,Temporary Resident (Skilled Employment),4
2014-15,2014-15,True,,In Australia,Independent ELICOS Sector,Secondary,Temporary Resident (Skilled Employment),10
2014-15,2014-15,True,,Outside Australia,Independent ELICOS Sector,Primary,Temporary Resident (Skilled Employment),5
2014-15,2014-15,True,,Outside Australia,Independent ELICOS Sector,Primary,Other Temporary,5
2014-15,2014-15,True,,Outside Australia,Independent ELICOS Sector,Secondary,Crew and Transit,4
2014-15,2014-15,True,,Outside Australia,Non-Award Sector,Secondary,Visitor,8
2014-15,2014-15,True,,Outside Australia,Postgraduate Research Sector,Secondary,Temporary Resident (Other Employment),12
2014-15,2014-15,True,,Outside Australia,Schools Sector,Secondary,Visitor,1
2014-15,2014-15,True,,Outside Australia,Vocational Education and Training Sector,Secondary,Other Temporary,4
2014-15,2014-15,True,,In Australia,Non-Award Sector,Secondary,Student,6
2014-15,2014-15,True,,Outside Australia,Postgraduate Research Sector,Secondary,Temporary Graduate,4
2014-15,2014-15,True,,In Australia,Schools Sector,Primary,Other visas / No Previous Visa,3
2014-15,2014-15,True,,In Australia,Non-Award Sector,Secondary,Visitor,6
2014-15,2014-15,True,,Outside Australia,Independent ELICOS Sector,Secondary,Other Temporary,1
2014-15,2014-15,True,,Outside Australia,Non-Award Sector,Primary,Special Category,1
2014-15,2014-15,True,,In Australia,Higher Education Sector,Primary,Other Temporary,3
2014-15,2014-15,True,,In Australia,Higher Education Sector,Secondary,Temporary Resident (Other Employment),16
2014-15,2014-15,True,,In Australia,Vocational Education and Training Sector,Secondary,Crew and Transit,1
2014-15,2014-15,True,,In Australia,Higher Education Sector,Secondary,Other Temporary,2
2014-15,2014-15,True,,Outside Australia,Higher Education Sector,Secondary,Other Temporary,1
2014-15,2014-15,True,,In Australia,Schools Sector,Secondary,Visitor,1
2014-15,2014-15,True,,Outside Australia,Foreign Affairs or Defence Sector,Secondary,Working Holiday Maker,1
2014-15,2014-15,True,,Outside Australia,Postgraduate Research Sector,Primary,Other Temporary,1
2014-15,2014-15,True,,Outside Australia,Non-Award Sector,Secondary,Student,2
2014-15,2014-15,True,,Outside Australia,Foreign Affairs or Defence Sector,Primary,Special Category,2
2014-15,2014-15,True,,Outside Australia,Schools Sector,Primary,Other Temporary,3
2014-15,2014-15,True,,Outside Australia,Vocational Education and Training Sector,Secondary,Temporary Resident (Other Employment),4
2014-15,2014-15,True,,In Australia,Foreign Affairs or Defence Sector,Primary,Visitor,1
2014-15,2014-15,True,,In Australia,Vocational Education and Training Sector,Primary,Other visas / No Previous Visa,2
2014-15,2014-15,True,,In Australia,Foreign Affairs or Defence Sector,Primary,Working Holiday Maker,1
2014-15,2014-15,True,,Outside Australia,Non-Award Sector,Primary,Temporary Graduate,1
2014-15,2014-15,True,,Outside Australia,Postgraduate Research Sector,Secondary,Temporary Resident (Skilled Employment),2
2014-15,2014-15,True,,Outside Australia,Foreign Affairs or Defence Sector,Primary,Temporary Resident (Skilled Employment),1
2014-15,2014-15,True,,In Australia,Non-Award Sector,Primary,Temporary Resident (Other Employment),2
2014-15,2014-15,True,,In Australia,Vocational Education and Training Sector,Primary,Other Temporary,1
2014-15,2014-15,True,,In Australia,Independent ELICOS Sector,Secondary,Temporary Resident (Other Employment),1
2014-15,2014-15,True,,Outside Australia,Independent ELICOS Sector,Secondary,Temporary Graduate,1
2014-15,2014-15,True,,Outside Australia,Non-Award Sector,Primary,Other Temporary,1
2014-15,2014-15,True,,In Australia,Vocational Education and Training Sector,Primary,Crew and Transit,1
2014-15,2014-15,True,,Outside Australia,Foreign Affairs or Defence Sector,Primary,Working Holiday Maker,1
2014-15,2014-15,True,,In Australia,Postgraduate Research Sector,Secondary,Other Temporary,1
2014-15,2014-15,True,,Outside Australia,Foreign Affairs or Defence Sector,Secondary,Temporary Resident (Other Employment),1
2014-15,2014-15,True,,In Australia,Postgraduate Research Sector,Primary,Other Temporary,1
2014-15,2014-15,True,,In Australia,Foreign Affairs or Defence Sector,Primary,Temporary Resident (Other Employment),1
2015-16,2015-16,True,,In Australia,Higher Education Sector,Primary,Student,37533
2015-16,2015-16,True,,In Australia,Higher Education Sector,Primary,Visitor,1641
2015-16,2015-16,True,,In Australia,Higher Education Sector,Primary,Working Holiday Maker,513
2015-16,2015-16,True,,In Australia,Higher Education Sector,Secondary,Student,5786
2015-16,2015-16,True,,In Australia,Higher Education Sector,Secondary,Working Holiday Maker,102
2015-16,2015-16,True,,In Australia,Higher Education Sector,Secondary,Visitor,635
2015-16,2015-16,True,,In Australia,Higher Education Sector,Secondary,Other visas / No Previous Visa,298
2015-16,2015-16,True,,In Australia,Independent ELICOS Sector,Primary,Student,3653
2015-16,2015-16,True,,In Australia,Independent ELICOS Sector,Primary,Visitor,1800
2015-16,2015-16,True,,In Australia,Independent ELICOS Sector,Primary,Working Holiday Maker,1427
2015-16,2015-16,True,,In Australia,Independent ELICOS Sector,Secondary,Student,594
2015-16,2015-16,True,,In Australia,Independent ELICOS Sector,Secondary,Visitor,248
2015-16,2015-16,True,,In Australia,Non-Award Sector,Primary,Student,300
2015-16,2015-16,True,,In Australia,Non-Award Sector,Primary,Working Holiday Maker,18
2015-16,2015-16,True,,In Australia,Postgraduate Research Sector,Primary,Student,1905
2015-16,2015-16,True,,In Australia,Postgraduate Research Sector,Primary,Temporary Resident (Other Employment),41
2015-16,2015-16,True,,In Australia,Postgraduate Research Sector,Primary,Visitor,109
2015-16,2015-16,True,,In Australia,Postgraduate Research Sector,Secondary,Student,1422
2015-16,2015-16,True,,In Australia,Postgraduate Research Sector,Secondary,Other visas / No Previous Visa,124
2015-16,2015-16,True,,In Australia,Postgraduate Research Sector,Secondary,Visitor,98
2015-16,2015-16,True,,In Australia,Schools Sector,Primary,Student,545
2015-16,2015-16,True,,In Australia,Schools Sector,Primary,Visitor,326
2015-16,2015-16,True,,In Australia,Vocational Education and Training Sector,Primary,Visitor,5915
2015-16,2015-16,True,,In Australia,Vocational Education and Training Sector,Primary,Student,24727
2015-16,2015-16,True,,In Australia,Vocational Education and Training Sector,Primary,Working Holiday Maker,5904
2015-16,2015-16,True,,In Australia,Vocational Education and Training Sector,Primary,Temporary Resident (Skilled Employment),246
2015-16,2015-16,True,,In Australia,Vocational Education and Training Sector,Secondary,Student,5309
2015-16,2015-16,True,,In Australia,Vocational Education and Training Sector,Secondary,Temporary Resident (Skilled Employment),101
2015-16,2015-16,True,,In Australia,Vocational Education and Training Sector,Secondary,Working Holiday Maker,517
2015-16,2015-16,True,,In Australia,Vocational Education and Training Sector,Secondary,Visitor,997
2015-16,2015-16,True,,In Australia,Vocational Education and Training Sector,Secondary,Other visas / No Previous Visa,149
2015-16,2015-16,True,,In Australia,Foreign Affairs or Defence Sector,Primary,Student,190
2015-16,2015-16,True,,In Australia,Foreign Affairs or Defence Sector,Secondary,Student,217
2015-16,2015-16,True,,In Australia,Higher Education Sector,Primary,Temporary Resident (Other Employment),64
2015-16,2015-16,True,,In Australia,Higher Education Sector,Primary,Temporary Graduate,678
2015-16,2015-16,True,,In Australia,Independent ELICOS Sector,Secondary,Working Holiday Maker,100
2015-16,2015-16,True,,In Australia,Non-Award Sector,Primary,Visitor,120
2015-16,2015-16,True,,In Australia,Higher Education Sector,Primary,Temporary Resident (Skilled Employment),165
2015-16,2015-16,True,,In Australia,Postgraduate Research Sector,Secondary,Temporary Resident (Skilled Employment),11
2015-16,2015-16,True,,In Australia,Higher Education Sector,Secondary,Temporary Graduate,335
2015-16,2015-16,True,,In Australia,Independent ELICOS Sector,Primary,Temporary Resident (Skilled Employment),12
2015-16,2015-16,True,,In Australia,Independent ELICOS Sector,Primary,Temporary Resident (Other Employment),12
2015-16,2015-16,True,,In Australia,Independent ELICOS Sector,Secondary,Temporary Resident (Skilled Employment),10
2015-16,2015-16,True,,In Australia,Vocational Education and Training Sector,Primary,Temporary Resident (Other Employment),95
2015-16,2015-16,True,,In Australia,Vocational Education and Training Sector,Primary,Temporary Graduate,1220
2015-16,2015-16,True,,In Australia,Vocational Education and Training Sector,Secondary,Temporary Graduate,331
2015-16,2015-16,True,,Outside Australia,Higher Education Sector,Primary,Other visas / No Previous Visa,78625
2015-16,2015-16,True,,Outside Australia,Higher Education Sector,Primary,Crew and Transit,157
2015-16,2015-16,True,,Outside Australia,Higher Education Sector,Primary,Student,5424
2015-16,2015-16,True,,Outside Australia,Higher Education Sector,Primary,Visitor,14122
2015-16,2015-16,True,,Outside Australia,Higher Education Sector,Primary,Working Holiday Maker,650
2015-16,2015-16,True,,Outside Australia,Higher Education Sector,Primary,Temporary Resident (Other Employment),132
2015-16,2015-16,True,,In Australia,Foreign Affairs or Defence Sector,Secondary,Other visas / No Previous Visa,15
2015-16,2015-16,True,,Outside Australia,Higher Education Sector,Primary,Temporary Graduate,64
2015-16,2015-16,True,,In Australia,Higher Education Sector,Primary,Other Temporary,4
2015-16,2015-16,True,,In Australia,Higher Education Sector,Secondary,Temporary Resident (Skilled Employment),73
2015-16,2015-16,True,,Outside Australia,Higher Education Sector,Secondary,Visitor,694
2015-16,2015-16,True,,Outside Australia,Higher Education Sector,Secondary,Other visas / No Previous Visa,9722
2015-16,2015-16,True,,Outside Australia,Higher Education Sector,Secondary,Student,499
2015-16,2015-16,True,,Outside Australia,Higher Education Sector,Secondary,Working Holiday Maker,58
2015-16,2015-16,True,,Outside Australia,Independent ELICOS Sector,Primary,Other visas / No Previous Visa,21173
2015-16,2015-16,True,,Outside Australia,Independent ELICOS Sector,Primary,Visitor,2343
2015-16,2015-16,True,,In Australia,Non-Award Sector,Primary,Temporary Resident (Skilled Employment),3
2015-16,2015-16,True,,Outside Australia,Independent ELICOS Sector,Primary,Student,587
2015-16,2015-16,True,,Outside Australia,Independent ELICOS Sector,Primary,Working Holiday Maker,876
2015-16,2015-16,True,,In Australia,Postgraduate Research Sector,Primary,Temporary Graduate,27
2015-16,2015-16,True,,In Australia,Schools Sector,Primary,Temporary Resident (Other Employment),28
2015-16,2015-16,True,,In Australia,Schools Sector,Primary,Temporary Resident (Skilled Employment),45
2015-16,2015-16,True,,Outside Australia,Independent ELICOS Sector,Secondary,Other visas / No Previous Visa,1106
2015-16,2015-16,True,,Outside Australia,Independent ELICOS Sector,Secondary,Student,100
2015-16,2015-16,True,,Outside Australia,Independent ELICOS Sector,Secondary,Visitor,181
2015-16,2015-16,True,,Outside Australia,Non-Award Sector,Primary,Other visas / No Previous Visa,17551
2015-16,2015-16,True,,In Australia,Vocational Education and Training Sector,Secondary,Temporary Resident (Other Employment),19
2015-16,2015-16,True,,Outside Australia,Non-Award Sector,Primary,Visitor,2205
2015-16,2015-16,True,,Outside Australia,Non-Award Sector,Primary,Student,165
2015-16,2015-16,True,,Outside Australia,Non-Award Sector,Primary,Working Holiday Maker,215
2015-16,2015-16,True,,Outside Australia,Non-Award Sector,Primary,Temporary Resident (Other Employment),22
2015-16,2015-16,True,,Outside Australia,Non-Award Sector,Secondary,Working Holiday Maker,5
2015-16,2015-16,True,,Outside Australia,Postgraduate Research Sector,Primary,Other visas / No Previous Visa,2745
2015-16,2015-16,True,,Outside Australia,Postgraduate Research Sector,Primary,Student,512
2015-16,2015-16,True,,Outside Australia,Postgraduate Research Sector,Primary,Visitor,481
2015-16,2015-16,True,,Outside Australia,Postgraduate Research Sector,Secondary,Other visas / No Previous Visa,1944
2015-16,2015-16,True,,Outside Australia,Postgraduate Research Sector,Secondary,Visitor,181
2015-16,2015-16,True,,Outside Australia,Postgraduate Research Sector,Secondary,Student,243
2015-16,2015-16,True,,Outside Australia,Schools Sector,Primary,Visitor,2978
2015-16,2015-16,True,,Outside Australia,Schools Sector,Primary,Other visas / No Previous Visa,7783
2015-16,2015-16,True,,Outside Australia,Schools Sector,Primary,Student,175
2015-16,2015-16,True,,Outside Australia,Higher Education Sector,Primary,Temporary Resident (Skilled Employment),68
2015-16,2015-16,True,,Outside Australia,Vocational Education and Training Sector,Primary,Other visas / No Previous Visa,12873
2015-16,2015-16,True,,Outside Australia,Vocational Education and Training Sector,Primary,Working Holiday Maker,3148
2015-16,2015-16,True,,Outside Australia,Vocational Education and Training Sector,Primary,Student,2142
2015-16,2015-16,True,,Outside Australia,Vocational Education and Training Sector,Primary,Visitor,3075
2015-16,2015-16,True,,Outside Australia,Vocational Education and Training Sector,Primary,Temporary Resident (Other Employment),42
2015-16,2015-16,True,,Outside Australia,Vocational Education and Training Sector,Secondary,Other visas / No Previous Visa,2291
2015-16,2015-16,True,,Outside Australia,Vocational Education and Training Sector,Secondary,Working Holiday Maker,214
2015-16,2015-16,True,,Outside Australia,Vocational Education and Training Sector,Secondary,Student,311
2015-16,2015-16,True,,Outside Australia,Vocational Education and Training Sector,Secondary,Visitor,372
2015-16,2015-16,True,,Outside Australia,Foreign Affairs or Defence Sector,Primary,Other visas / No Previous Visa,2301
2015-16,2015-16,True,,Outside Australia,Foreign Affairs or Defence Sector,Primary,Visitor,581
2015-16,2015-16,True,,Outside Australia,Foreign Affairs or Defence Sector,Primary,Student,578
2015-16,2015-16,True,,Outside Australia,Foreign Affairs or Defence Sector,Primary,Crew and Transit,62
2015-16,2015-16,True,,Outside Australia,Foreign Affairs or Defence Sector,Secondary,Other visas / No Previous Visa,1169
2015-16,2015-16,True,,Outside Australia,Independent ELICOS Sector,Secondary,Working Holiday Maker,58
2015-16,2015-16,True,,Outside Australia,Foreign Affairs or Defence Sector,Secondary,Student,70
2015-16,2015-16,True,,Outside Australia,Non-Award Sector,Secondary,Other visas / No Previous Visa,47
2015-16,2015-16,True,,Outside Australia,Postgraduate Research Sector,Primary,Temporary Resident (Other Employment),81
2015-16,2015-16,True,,Outside Australia,Postgraduate Research Sector,Primary,Working Holiday Maker,65
2015-16,2015-16,True,,Outside Australia,Vocational Education and Training Sector,Primary,Temporary Resident (Skilled Employment),34
2015-16,2015-16,True,,Outside Australia,Vocational Education and Training Sector,Primary,Other Temporary,11
2015-16,2015-16,True,,Outside Australia,Postgraduate Research Sector,Secondary,Temporary Resident (Other Employment),20
2015-16,2015-16,True,,Outside Australia,Higher Education Sector,Secondary,Temporary Resident (Skilled Employment),14
2015-16,2015-16,True,,Outside Australia,Vocational Education and Training Sector,Secondary,Temporary Resident (Other Employment),3
2015-16,2015-16,True,,Outside Australia,Vocational Education and Training Sector,Secondary,Crew and Transit,12
2015-16,2015-16,True,,In Australia,Higher Education Sector,Primary,Other visas / No Previous Visa,7
2015-16,2015-16,True,,In Australia,Postgraduate Research Sector,Primary,Working Holiday Maker,34
2015-16,2015-16,True,,In Australia,Non-Award Sector,Primary,Temporary Resident (Other Employment),5
2015-16,2015-16,True,,In Australia,Postgraduate Research Sector,Secondary,Working Holiday Maker,22
2015-16,2015-16,True,,In Australia,Non-Award Sector,Secondary,Other visas / No Previous Visa,3
2015-16,2015-16,True,,In Australia,Postgraduate Research Sector,Secondary,Temporary Graduate,13
2015-16,2015-16,True,,Outside Australia,Foreign Affairs or Defence Sector,Primary,Temporary Resident (Other Employment),57
2015-16,2015-16,True,,Outside Australia,Foreign Affairs or Defence Sector,Primary,Other Temporary,7
2015-16,2015-16,True,,Outside Australia,Postgraduate Research Sector,Primary,Temporary Resident (Skilled Employment),7
2015-16,2015-16,True,,Outside Australia,Vocational Education and Training Sector,Primary,Crew and Transit,65
2015-16,2015-16,True,,Outside Australia,Vocational Education and Training Sector,Secondary,Temporary Resident (Skilled Employment),12
2015-16,2015-16,True,,Outside Australia,Foreign Affairs or Defence Sector,Secondary,Crew and Transit,10
2015-16,2015-16,True,,Outside Australia,Foreign Affairs or Defence Sector,Secondary,Temporary Resident (Other Employment),9
2015-16,2015-16,True,,In Australia,Independent ELICOS Sector,Secondary,Other visas / No Previous Visa,6
2015-16,2015-16,True,,In Australia,Higher Education Sector,Secondary,Other Temporary,2
2015-16,2015-16,True,,In Australia,Independent ELICOS Sector,Secondary,Temporary Resident (Other Employment),3
2015-16,2015-16,True,,In Australia,Higher Education Sector,Primary,Crew and Transit,3
2015-16,2015-16,True,,In Australia,Vocational Education and Training Sector,Primary,Other visas / No Previous Visa,5
2015-16,2015-16,True,,Outside Australia,Foreign Affairs or Defence Sector,Secondary,Visitor,95
2015-16,2015-16,True,,Outside Australia,Higher Education Sector,Primary,Other Temporary,13
2015-16,2015-16,True,,Outside Australia,Higher Education Sector,Secondary,Crew and Transit,28
2015-16,2015-16,True,,Outside Australia,Independent ELICOS Sector,Secondary,Crew and Transit,3
2015-16,2015-16,True,,Outside Australia,Postgraduate Research Sector,Primary,Crew and Transit,10
2015-16,2015-16,True,,In Australia,Independent ELICOS Sector,Primary,Temporary Graduate,5
2015-16,2015-16,True,,In Australia,Non-Award Sector,Secondary,Student,15
2015-16,2015-16,True,,In Australia,Schools Sector,Primary,Other Temporary,14
2015-16,2015-16,True,,Outside Australia,Higher Education Sector,Secondary,Temporary Resident (Other Employment),11
2015-16,2015-16,True,,Outside Australia,Non-Award Sector,Secondary,Visitor,8
2015-16,2015-16,True,,Outside Australia,Schools Sector,Primary,Crew and Transit,7
2015-16,2015-16,True,,Outside Australia,Higher Education Sector,Secondary,Temporary Graduate,29
2015-16,2015-16,True,,In Australia,Postgraduate Research Sector,Primary,Temporary Resident (Skilled Employment),23
2015-16,2015-16,True,,Outside Australia,Independent ELICOS Sector,Primary,Temporary Resident (Other Employment),7
2015-16,2015-16,True,,In Australia,Postgraduate Research Sector,Secondary,Temporary Resident (Other Employment),15
2015-16,2015-16,True,,In Australia,Higher Education Sector,Secondary,Temporary Resident (Other Employment),7
2015-16,2015-16,True,,Outside Australia,Vocational Education and Training Sector,Primary,Temporary Graduate,17
2015-16,2015-16,True,,Outside Australia,Independent ELICOS Sector,Primary,Crew and Transit,29
2015-16,2015-16,True,,Outside Australia,Schools Sector,Primary,Other Temporary,4
2015-16,2015-16,True,,Outside Australia,Schools Sector,Primary,Temporary Resident (Skilled Employment),8
2015-16,2015-16,True,,In Australia,Foreign Affairs or Defence Sector,Primary,Crew and Transit,1
2015-16,2015-16,True,,Outside Australia,Non-Award Sector,Primary,Crew and Transit,2
2015-16,2015-16,True,,Outside Australia,Non-Award Sector,Primary,Temporary Resident (Skilled Employment),15
2015-16,2015-16,True,,Outside Australia,Postgraduate Research Sector,Primary,Temporary Graduate,13
2015-16,2015-16,True,,In Australia,Schools Sector,Primary,Other visas / No Previous Visa,2
2015-16,2015-16,True,,In Australia,Non-Award Sector,Secondary,Visitor,2
2015-16,2015-16,True,,In Australia,Foreign Affairs or Defence Sector,Secondary,Visitor,9
2015-16,2015-16,True,,Outside Australia,Higher Education Sector,Secondary,Other Temporary,3
2015-16,2015-16,True,,Outside Australia,Postgraduate Research Sector,Secondary,Other Temporary,1
2015-16,2015-16,True,,Outside Australia,Postgraduate Research Sector,Secondary,Working Holiday Maker,13
2015-16,2015-16,True,,Outside Australia,Non-Award Sector,Secondary,Student,4
2015-16,2015-16,True,,In Australia,Foreign Affairs or Defence Sector,Primary,Visitor,3
2015-16,2015-16,True,,Outside Australia,Vocational Education and Training Sector,Secondary,Temporary Graduate,6
2015-16,2015-16,True,,In Australia,Independent ELICOS Sector,Secondary,Temporary Graduate,2
2015-16,2015-16,True,,Outside Australia,Schools Sector,Primary,Temporary Resident (Other Employment),6
2015-16,2015-16,True,,Outside Australia,Foreign Affairs or Defence Sector,Primary,Special Category,6
2015-16,2015-16,True,,Outside Australia,Non-Award Sector,Secondary,Temporary Resident (Other Employment),2
2015-16,2015-16,True,,In Australia,Higher Education Sector,Secondary,Crew and Transit,1
2015-16,2015-16,True,,Outside Australia,Independent ELICOS Sector,Primary,Other Temporary,1
2015-16,2015-16,True,,Outside Australia,Postgraduate Research Sector,Secondary,Temporary Resident (Skilled Employment),2
2015-16,2015-16,True,,In Australia,Postgraduate Research Sector,Secondary,Other Temporary,1
2015-16,2015-16,True,,In Australia,Schools Sector,Primary,Working Holiday Maker,1
2015-16,2015-16,True,,Outside Australia,Independent ELICOS Sector,Primary,Temporary Resident (Skilled Employment),1
2015-16,2015-16,True,,In Australia,Schools Sector,Primary,Temporary Graduate,1
2015-16,2015-16,True,,In Australia,Non-Award Sector,Secondary,Working Holiday Maker,1
2015-16,2015-16,True,,In Australia,Foreign Affairs or Defence Sector,Secondary,Working Holiday Maker,1
2015-16,2015-16,True,,In Australia,Vocational Education and Training Sector,Secondary,Other Temporary,2
2015-16,2015-16,True,,Outside Australia,Higher Education Sector,Primary,Special Category,1
2015-16,2015-16,True,,In Australia,Schools Sector,Secondary,Other visas / No Previous Visa,1
2015-16,2015-16,True,,In Australia,Vocational Education and Training Sector,Secondary,Crew and Transit,1
2015-16,2015-16,True,,Outside Australia,Foreign Affairs or Defence Sector,Primary,Temporary Resident (Skilled Employment),1
2015-16,2015-16,True,,In Australia,Vocational Education and Training Sector,Primary,Other Temporary,1
2015-16,2015-16,True,,Outside Australia,Non-Award Sector,Primary,Special Category,1
2015-16,2015-16,True,,Outside Australia,Postgraduate Research Sector,Secondary,Crew and Transit,1
2015-16,2015-16,True,,Outside Australia,Foreign Affairs or Defence Sector,Secondary,Other Temporary,1
2016-17,2016-17,True,,In Australia,Higher Education Sector,Primary,Student,39351
2016-17,2016-17,True,,In Australia,Higher Education Sector,Primary,Visitor,2145
2016-17,2016-17,True,,In Australia,Higher Education Sector,Primary,Temporary Resident (Skilled Employment),171
2016-17,2016-17,True,,In Australia,Higher Education Sector,Primary,Temporary Graduate,1039
2016-17,2016-17,True,,In Australia,Higher Education Sector,Primary,Working Holiday Maker,847
2016-17,2016-17,True,,In Australia,Higher Education Sector,Secondary,Student,6421
2016-17,2016-17,True,,In Australia,Higher Education Sector,Secondary,Visitor,507
2016-17,2016-17,True,,In Australia,Independent ELICOS Sector,Primary,Student,3232
2016-17,2016-17,True,,In Australia,Independent ELICOS Sector,Primary,Visitor,2114
2016-17,2016-17,True,,In Australia,Independent ELICOS Sector,Primary,Working Holiday Maker,1503
2016-17,2016-17,True,,In Australia,Independent ELICOS Sector,Secondary,Student,545
2016-17,2016-17,True,,In Australia,Independent ELICOS Sector,Secondary,Working Holiday Maker,87
2016-17,2016-17,True,,In Australia,Independent ELICOS Sector,Secondary,Visitor,225
2016-17,2016-17,True,,In Australia,Non-Award Sector,Primary,Student,260
2016-17,2016-17,True,,In Australia,Non-Award Sector,Primary,Visitor,150
2016-17,2016-17,True,,In Australia,Postgraduate Research Sector,Primary,Student,1691
2016-17,2016-17,True,,In Australia,Postgraduate Research Sector,Primary,Working Holiday Maker,56
2016-17,2016-17,True,,In Australia,Postgraduate Research Sector,Secondary,Student,1050
2016-17,2016-17,True,,In Australia,Postgraduate Research Sector,Secondary,Working Holiday Maker,21
2016-17,2016-17,True,,In Australia,Postgraduate Research Sector,Secondary,Visitor,74
2016-17,2016-17,True,,In Australia,Schools Sector,Primary,Visitor,412
2016-17,2016-17,True,,In Australia,Schools Sector,Primary,Student,590
2016-17,2016-17,True,,In Australia,Vocational Education and Training Sector,Primary,Student,27099
2016-17,2016-17,True,,In Australia,Vocational Education and Training Sector,Primary,Visitor,7820
2016-17,2016-17,True,,In Australia,Vocational Education and Training Sector,Primary,Working Holiday Maker,7298
2016-17,2016-17,True,,In Australia,Vocational Education and Training Sector,Primary,Temporary Resident (Skilled Employment),298
2016-17,2016-17,True,,In Australia,Higher Education Sector,Primary,Other visas / No Previous Visa,99
2016-17,2016-17,True,,In Australia,Vocational Education and Training Sector,Secondary,Student,5156
2016-17,2016-17,True,,In Australia,Vocational Education and Training Sector,Secondary,Visitor,1181
2016-17,2016-17,True,,In Australia,Vocational Education and Training Sector,Secondary,Working Holiday Maker,586
2016-17,2016-17,True,,In Australia,Higher Education Sector,Secondary,Temporary Resident (Skilled Employment),73
2016-17,2016-17,True,,In Australia,Higher Education Sector,Secondary,Temporary Graduate,491
2016-17,2016-17,True,,In Australia,Higher Education Sector,Secondary,Other visas / No Previous Visa,223
2016-17,2016-17,True,,In Australia,Vocational Education and Training Sector,Secondary,Other visas / No Previous Visa,73
2016-17,2016-17,True,,In Australia,Vocational Education and Training Sector,Secondary,Temporary Graduate,394
2016-17,2016-17,True,,In Australia,Independent ELICOS Sector,Primary,Temporary Resident (Skilled Employment),24
2016-17,2016-17,True,,In Australia,Foreign Affairs or Defence Sector,Primary,Student,190
2016-17,2016-17,True,,In Australia,Foreign Affairs or Defence Sector,Secondary,Student,165
2016-17,2016-17,True,,In Australia,Independent ELICOS Sector,Secondary,Temporary Resident (Skilled Employment),18
2016-17,2016-17,True,,In Australia,Postgraduate Research Sector,Primary,Temporary Resident (Skilled Employment),19
2016-17,2016-17,True,,In Australia,Postgraduate Research Sector,Primary,Temporary Graduate,58
2016-17,2016-17,True,,In Australia,Higher Education Sector,Secondary,Working Holiday Maker,139
2016-17,2016-17,True,,In Australia,Higher Education Sector,Secondary,Temporary Resident (Other Employment),30
2016-17,2016-17,True,,In Australia,Vocational Education and Training Sector,Primary,Temporary Graduate,1468
2016-17,2016-17,True,,In Australia,Postgraduate Research Sector,Secondary,Other visas / No Previous Visa,99
2016-17,2016-17,True,,In Australia,Schools Sector,Primary,Temporary Resident (Skilled Employment),44
2016-17,2016-17,True,,In Australia,Vocational Education and Training Sector,Primary,Temporary Resident (Other Employment),162
2016-17,2016-17,True,,In Australia,Vocational Education and Training Sector,Secondary,Temporary Resident (Other Employment),41
2016-17,2016-17,True,,In Australia,Vocational Education and Training Sector,Secondary,Temporary Resident (Skilled Employment),102
2016-17,2016-17,True,,Outside Australia,Foreign Affairs or Defence Sector,Primary,Visitor,675
2016-17,2016-17,True,,Outside Australia,Foreign Affairs or Defence Sector,Primary,Other visas / No Previous Visa,3303
2016-17,2016-17,True,,Outside Australia,Foreign Affairs or Defence Sector,Primary,Student,653
2016-17,2016-17,True,,Outside Australia,Foreign Affairs or Defence Sector,Secondary,Other visas / No Previous Visa,1064
2016-17,2016-17,True,,Outside Australia,Higher Education Sector,Primary,Student,6447
2016-17,2016-17,True,,Outside Australia,Higher Education Sector,Primary,Other visas / No Previous Visa,87886
2016-17,2016-17,True,,Outside Australia,Higher Education Sector,Primary,Visitor,16194
2016-17,2016-17,True,,Outside Australia,Higher Education Sector,Primary,Crew and Transit,177
2016-17,2016-17,True,,Outside Australia,Higher Education Sector,Primary,Working Holiday Maker,545
2016-17,2016-17,True,,In Australia,Foreign Affairs or Defence Sector,Secondary,Other visas / No Previous Visa,16
2016-17,2016-17,True,,Outside Australia,Higher Education Sector,Secondary,Visitor,774
2016-17,2016-17,True,,Outside Australia,Higher Education Sector,Secondary,Other visas / No Previous Visa,11246
2016-17,2016-17,True,,In Australia,Postgraduate Research Sector,Primary,Temporary Resident (Other Employment),46
2016-17,2016-17,True,,Outside Australia,Higher Education Sector,Secondary,Student,611
2016-17,2016-17,True,,Outside Australia,Independent ELICOS Sector,Primary,Visitor,2515
2016-17,2016-17,True,,Outside Australia,Independent ELICOS Sector,Primary,Student,488
2016-17,2016-17,True,,Outside Australia,Independent ELICOS Sector,Primary,Working Holiday Maker,594
2016-17,2016-17,True,,Outside Australia,Independent ELICOS Sector,Primary,Other visas / No Previous Visa,26773
2016-17,2016-17,True,,Outside Australia,Independent ELICOS Sector,Primary,Other Temporary,2
2016-17,2016-17,True,,Outside Australia,Independent ELICOS Sector,Secondary,Other visas / No Previous Visa,1570
2016-17,2016-17,True,,Outside Australia,Independent ELICOS Sector,Secondary,Student,104
2016-17,2016-17,True,,Outside Australia,Non-Award Sector,Primary,Other visas / No Previous Visa,16824
2016-17,2016-17,True,,Outside Australia,Non-Award Sector,Primary,Visitor,2763
2016-17,2016-17,True,,Outside Australia,Non-Award Sector,Primary,Working Holiday Maker,231
2016-17,2016-17,True,,Outside Australia,Foreign Affairs or Defence Sector,Primary,Temporary Resident (Other Employment),49
2016-17,2016-17,True,,Outside Australia,Foreign Affairs or Defence Sector,Primary,Crew and Transit,65
2016-17,2016-17,True,,Outside Australia,Foreign Affairs or Defence Sector,Secondary,Student,73
2016-17,2016-17,True,,Outside Australia,Non-Award Sector,Primary,Student,154
2016-17,2016-17,True,,Outside Australia,Non-Award Sector,Secondary,Visitor,12
2016-17,2016-17,True,,Outside Australia,Postgraduate Research Sector,Primary,Visitor,579
2016-17,2016-17,True,,Outside Australia,Postgraduate Research Sector,Primary,Other visas / No Previous Visa,3280
2016-17,2016-17,True,,Outside Australia,Postgraduate Research Sector,Primary,Temporary Graduate,8
2016-17,2016-17,True,,Outside Australia,Postgraduate Research Sector,Primary,Student,541
2016-17,2016-17,True,,Outside Australia,Postgraduate Research Sector,Secondary,Other visas / No Previous Visa,2148
2016-17,2016-17,True,,Outside Australia,Postgraduate Research Sector,Secondary,Visitor,205
2016-17,2016-17,True,,Outside Australia,Postgraduate Research Sector,Secondary,Student,303
2016-17,2016-17,True,,Outside Australia,Postgraduate Research Sector,Secondary,Crew and Transit,8
2016-17,2016-17,True,,Outside Australia,Schools Sector,Primary,Other visas / No Previous Visa,8002
2016-17,2016-17,True,,Outside Australia,Schools Sector,Primary,Visitor,3651
2016-17,2016-17,True,,Outside Australia,Schools Sector,Primary,Temporary Resident (Skilled Employment),10
2016-17,2016-17,True,,Outside Australia,Vocational Education and Training Sector,Primary,Student,2086
2016-17,2016-17,True,,Outside Australia,Vocational Education and Training Sector,Primary,Other visas / No Previous Visa,13745
2016-17,2016-17,True,,Outside Australia,Vocational Education and Training Sector,Primary,Temporary Resident (Other Employment),38
2016-17,2016-17,True,,Outside Australia,Vocational Education and Training Sector,Primary,Visitor,3174
2016-17,2016-17,True,,Outside Australia,Vocational Education and Training Sector,Primary,Working Holiday Maker,2520
2016-17,2016-17,True,,Outside Australia,Higher Education Sector,Primary,Temporary Resident (Other Employment),104
2016-17,2016-17,True,,Outside Australia,Vocational Education and Training Sector,Primary,Crew and Transit,69
2016-17,2016-17,True,,Outside Australia,Higher Education Sector,Secondary,Working Holiday Maker,63
2016-17,2016-17,True,,Outside Australia,Vocational Education and Training Sector,Secondary,Visitor,453
2016-17,2016-17,True,,Outside Australia,Vocational Education and Training Sector,Secondary,Other visas / No Previous Visa,2151
2016-17,2016-17,True,,Outside Australia,Independent ELICOS Sector,Primary,Crew and Transit,26
2016-17,2016-17,True,,Outside Australia,Vocational Education and Training Sector,Secondary,Working Holiday Maker,197
2016-17,2016-17,True,,Outside Australia,Foreign Affairs or Defence Sector,Secondary,Visitor,91
2016-17,2016-17,True,,Outside Australia,Higher Education Sector,Primary,Temporary Resident (Skilled Employment),72
2016-17,2016-17,True,,Outside Australia,Non-Award Sector,Secondary,Other visas / No Previous Visa,52
2016-17,2016-17,True,,Outside Australia,Postgraduate Research Sector,Primary,Working Holiday Maker,50
2016-17,2016-17,True,,Outside Australia,Postgraduate Research Sector,Primary,Temporary Resident (Other Employment),89
2016-17,2016-17,True,,Outside Australia,Higher Education Sector,Primary,Temporary Graduate,74
2016-17,2016-17,True,,Outside Australia,Higher Education Sector,Secondary,Temporary Resident (Other Employment),12
2016-17,2016-17,True,,Outside Australia,Higher Education Sector,Secondary,Temporary Graduate,24
2016-17,2016-17,True,,Outside Australia,Higher Education Sector,Secondary,Crew and Transit,41
2016-17,2016-17,True,,Outside Australia,Vocational Education and Training Sector,Secondary,Student,331
2016-17,2016-17,True,,Outside Australia,Independent ELICOS Sector,Secondary,Visitor,172
2016-17,2016-17,True,,Outside Australia,Schools Sector,Primary,Student,200
2016-17,2016-17,True,,In Australia,Higher Education Sector,Primary,Temporary Resident (Other Employment),123
2016-17,2016-17,True,,In Australia,Non-Award Sector,Primary,Working Holiday Maker,32
2016-17,2016-17,True,,Outside Australia,Vocational Education and Training Sector,Secondary,Crew and Transit,18
2016-17,2016-17,True,,In Australia,Vocational Education and Training Sector,Primary,Other visas / No Previous Visa,34
2016-17,2016-17,True,,In Australia,Independent ELICOS Sector,Secondary,Other visas / No Previous Visa,5
2016-17,2016-17,True,,In Australia,Schools Sector,Primary,Other Temporary,14
2016-17,2016-17,True,,Outside Australia,Independent ELICOS Sector,Primary,Temporary Resident (Other Employment),18
2016-17,2016-17,True,,Outside Australia,Postgraduate Research Sector,Primary,Temporary Resident (Skilled Employment),8
2016-17,2016-17,True,,Outside Australia,Vocational Education and Training Sector,Primary,Temporary Resident (Skilled Employment),28
2016-17,2016-17,True,,Outside Australia,Vocational Education and Training Sector,Secondary,Temporary Resident (Skilled Employment),12
2016-17,2016-17,True,,Outside Australia,Vocational Education and Training Sector,Primary,Temporary Graduate,17
2016-17,2016-17,True,,Outside Australia,Vocational Education and Training Sector,Secondary,Temporary Resident (Other Employment),5
2016-17,2016-17,True,,In Australia,Independent ELICOS Sector,Primary,Temporary Resident (Other Employment),22
2016-17,2016-17,True,,In Australia,Postgraduate Research Sector,Primary,Visitor,93
2016-17,2016-17,True,,In Australia,Postgraduate Research Sector,Secondary,Temporary Resident (Skilled Employment),7
2016-17,2016-17,True,,In Australia,Schools Sector,Primary,Temporary Resident (Other Employment),23
2016-17,2016-17,True,,In Australia,Independent ELICOS Sector,Primary,Temporary Graduate,8
2016-17,2016-17,True,,Outside Australia,Higher Education Sector,Primary,Other Temporary,6
2016-17,2016-17,True,,Outside Australia,Non-Award Sector,Primary,Temporary Resident (Other Employment),19
2016-17,2016-17,True,,Outside Australia,Postgraduate Research Sector,Primary,Crew and Transit,16
2016-17,2016-17,True,,Outside Australia,Independent ELICOS Sector,Secondary,Working Holiday Maker,30
2016-17,2016-17,True,,Outside Australia,Non-Award Sector,Secondary,Student,1
2016-17,2016-17,True,,Outside Australia,Postgraduate Research Sector,Secondary,Temporary Resident (Other Employment),11
2016-17,2016-17,True,,In Australia,Higher Education Sector,Secondary,Other Temporary,3
2016-17,2016-17,True,,In Australia,Postgraduate Research Sector,Secondary,Temporary Graduate,23
2016-17,2016-17,True,,Outside Australia,Higher Education Sector,Secondary,Other Temporary,3
2016-17,2016-17,True,,Outside Australia,Higher Education Sector,Secondary,Temporary Resident (Skilled Employment),9
2016-17,2016-17,True,,Outside Australia,Independent ELICOS Sector,Primary,Temporary Resident (Skilled Employment),7
2016-17,2016-17,True,,In Australia,Independent ELICOS Sector,Secondary,Temporary Graduate,4
2016-17,2016-17,True,,In Australia,Independent ELICOS Sector,Secondary,Temporary Resident (Other Employment),2
2016-17,2016-17,True,,In Australia,Postgraduate Research Sector,Secondary,Temporary Resident (Other Employment),12
2016-17,2016-17,True,,Outside Australia,Independent ELICOS Sector,Secondary,Temporary Resident (Other Employment),5
2016-17,2016-17,True,,Outside Australia,Non-Award Sector,Primary,Temporary Resident (Skilled Employment),20
2016-17,2016-17,True,,Outside Australia,Vocational Education and Training Sector,Primary,Other Temporary,14
2016-17,2016-17,True,,Outside Australia,Schools Sector,Primary,Other Temporary,5
2016-17,2016-17,True,,In Australia,Schools Sector,Primary,Other visas / No Previous Visa,9
2016-17,2016-17,True,,Outside Australia,Non-Award Sector,Primary,Crew and Transit,6
2016-17,2016-17,True,,Outside Australia,Postgraduate Research Sector,Secondary,Temporary Graduate,3
2016-17,2016-17,True,,Outside Australia,Vocational Education and Training Sector,Secondary,Temporary Graduate,9
2016-17,2016-17,True,,Outside Australia,Schools Sector,Primary,Temporary Resident (Other Employment),8
2016-17,2016-17,True,,Outside Australia,Postgraduate Research Sector,Secondary,Working Holiday Maker,6
2016-17,2016-17,True,,Outside Australia,Schools Sector,Primary,Crew and Transit,5
2016-17,2016-17,True,,In Australia,Vocational Education and Training Sector,Secondary,Other Temporary,1
2016-17,2016-17,True,,Outside Australia,Foreign Affairs or Defence Sector,Primary,Special Category,6
2016-17,2016-17,True,,In Australia,Schools Sector,Primary,Special Category,1
2016-17,2016-17,True,,In Australia,Non-Award Sector,Secondary,Student,9
2016-17,2016-17,True,,In Australia,Independent ELICOS Sector,Primary,Other visas / No Previous Visa,2
2016-17,2016-17,True,,In Australia,Vocational Education and Training Sector,Primary,Other Temporary,6
2016-17,2016-17,True,,In Australia,Schools Sector,Primary,Temporary Graduate,1
2016-17,2016-17,True,,In Australia,Non-Award Sector,Primary,Temporary Resident (Other Employment),1
2016-17,2016-17,True,,Outside Australia,Schools Sector,Secondary,Other visas / No Previous Visa,2
2016-17,2016-17,True,,Outside Australia,Non-Award Sector,Secondary,Working Holiday Maker,2
2016-17,2016-17,True,,In Australia,Non-Award Sector,Primary,Temporary Resident (Skilled Employment),2
2016-17,2016-17,True,,Outside Australia,Postgraduate Research Sector,Secondary,Other Temporary,1
2016-17,2016-17,True,,In Australia,Foreign Affairs or Defence Sector,Secondary,Temporary Resident (Other Employment),1
2016-17,2016-17,True,,Outside Australia,Vocational Education and Training Sector,Secondary,Other Temporary,2
2016-17,2016-17,True,,Outside Australia,Foreign Affairs or Defence Sector,Primary,Other Temporary,6
2016-17,2016-17,True,,Outside Australia,Foreign Affairs or Defence Sector,Secondary,Temporary Resident (Other Employment),1
2016-17,2016-17,True,,In Australia,Foreign Affairs or Defence Sector,Secondary,Visitor,5
2016-17,2016-17,True,,In Australia,Non-Award Sector,Secondary,Temporary Resident (Skilled Employment),1
2016-17,2016-17,True,,In Australia,Higher Education Sector,Primary,Crew and Transit,1
2016-17,2016-17,True,,Outside Australia,Foreign Affairs or Defence Sector,Primary,Working Holiday Maker,2
2016-17,2016-17,True,,In Australia,Higher Education Sector,Primary,Other Temporary,3
2016-17,2016-17,True,,Outside Australia,Higher Education Sector,Primary,Special Category,1
2016-17,2016-17,True,,Outside Australia,Schools Sector,Primary,Special Category,1
2016-17,2016-17,True,,In Australia,Vocational Education and Training Sector,Primary,Crew and Transit,2
2016-17,2016-17,True,,Outside Australia,Schools Sector,Secondary,Visitor,1
2016-17,2016-17,True,,Outside Australia,Schools Sector,Primary,Temporary Graduate,1
2016-17,2016-17,True,,In Australia,Independent ELICOS Sector,Primary,Other Temporary,1
2016-17,2016-17,True,,In Australia,Schools Sector,Primary,Working Holiday Maker,1
2016-17,2016-17,True,,In Australia,Postgraduate Research Sector,Primary,Other visas / No Previous Visa,2
2016-17,2016-17,True,,In Australia,Foreign Affairs or Defence Sector,Primary,Temporary Resident (Other Employment),1
2016-17,2016-17,True,,Outside Australia,Foreign Affairs or Defence Sector,Secondary,Crew and Transit,1
2017-18,2017-18,True,,In Australia,Foreign Affairs or Defence Sector,Primary,Student,169
2017-18,2017-18,True,,In Australia,Foreign Affairs or Defence Sector,Secondary,Visitor,18
2017-18,2017-18,True,,In Australia,Foreign Affairs or Defence Sector,Secondary,Student,139
2017-18,2017-18,True,,In Australia,Higher Education Sector,Primary,Working Holiday Maker,947
2017-18,2017-18,True,,In Australia,Higher Education Sector,Primary,Student,48784
2017-18,2017-18,True,,In Australia,Higher Education Sector,Primary,Visitor,2798
2017-18,2017-18,True,,In Australia,Higher Education Sector,Primary,Temporary Graduate,2143
2017-18,2017-18,True,,In Australia,Higher Education Sector,Primary,Temporary Resident (Other Employment),182
2017-18,2017-18,True,,In Australia,Higher Education Sector,Primary,Other visas / No Previous Visa,119
2017-18,2017-18,True,,In Australia,Higher Education Sector,Primary,Temporary Resident (Skilled Employment),251
2017-18,2017-18,True,,In Australia,Higher Education Sector,Secondary,Other visas / No Previous Visa,519
2017-18,2017-18,True,,In Australia,Higher Education Sector,Secondary,Temporary Graduate,1085
2017-18,2017-18,True,,In Australia,Higher Education Sector,Secondary,Student,7864
2017-18,2017-18,True,,In Australia,Higher Education Sector,Secondary,Temporary Resident (Skilled Employment),106
2017-18,2017-18,True,,In Australia,Higher Education Sector,Secondary,Visitor,786
2017-18,2017-18,True,,In Australia,Independent ELICOS Sector,Primary,Visitor,2347
2017-18,2017-18,True,,In Australia,Independent ELICOS Sector,Primary,Working Holiday Maker,1304
2017-18,2017-18,True,,In Australia,Independent ELICOS Sector,Primary,Student,4268
2017-18,2017-18,True,,In Australia,Independent ELICOS Sector,Secondary,Visitor,237
2017-18,2017-18,True,,In Australia,Independent ELICOS Sector,Secondary,Student,667
2017-18,2017-18,True,,In Australia,Independent ELICOS Sector,Secondary,Working Holiday Maker,80
2017-18,2017-18,True,,In Australia,Non-Award Sector,Primary,Student,278
2017-18,2017-18,True,,In Australia,Non-Award Sector,Primary,Working Holiday Maker,16
2017-18,2017-18,True,,In Australia,Non-Award Sector,Primary,Visitor,135
2017-18,2017-18,True,,In Australia,Postgraduate Research Sector,Primary,Student,1703
2017-18,2017-18,True,,In Australia,Postgraduate Research Sector,Primary,Temporary Graduate,122
2017-18,2017-18,True,,In Australia,Postgraduate Research Sector,Secondary,Student,1177
2017-18,2017-18,True,,In Australia,Postgraduate Research Sector,Secondary,Other visas / No Previous Visa,195
2017-18,2017-18,True,,In Australia,Postgraduate Research Sector,Secondary,Visitor,101
2017-18,2017-18,True,,In Australia,Schools Sector,Primary,Student,649
2017-18,2017-18,True,,In Australia,Schools Sector,Primary,Temporary Resident (Other Employment),22
2017-18,2017-18,True,,In Australia,Schools Sector,Primary,Visitor,627
2017-18,2017-18,True,,In Australia,Vocational Education and Training Sector,Primary,Working Holiday Maker,7271
2017-18,2017-18,True,,In Australia,Vocational Education and Training Sector,Primary,Visitor,9810
2017-18,2017-18,True,,In Australia,Vocational Education and Training Sector,Primary,Student,33998
2017-18,2017-18,True,,In Australia,Vocational Education and Training Sector,Primary,Temporary Graduate,2269
2017-18,2017-18,True,,In Australia,Vocational Education and Training Sector,Primary,Temporary Resident (Skilled Employment),302
2017-18,2017-18,True,,In Australia,Vocational Education and Training Sector,Primary,Temporary Resident (Other Employment),310
2017-18,2017-18,True,,In Australia,Vocational Education and Training Sector,Secondary,Student,6417
2017-18,2017-18,True,,In Australia,Vocational Education and Training Sector,Secondary,Other visas / No Previous Visa,196
2017-18,2017-18,True,,In Australia,Vocational Education and Training Sector,Secondary,Visitor,1282
2017-18,2017-18,True,,In Australia,Vocational Education and Training Sector,Secondary,Temporary Graduate,698
2017-18,2017-18,True,,In Australia,Vocational Education and Training Sector,Secondary,Working Holiday Maker,686
2017-18,2017-18,True,,In Australia,Higher Education Sector,Secondary,Temporary Resident (Other Employment),35
2017-18,2017-18,True,,In Australia,Higher Education Sector,Secondary,Working Holiday Maker,189
2017-18,2017-18,True,,Outside Australia,Foreign Affairs or Defence Sector,Primary,Other visas / No Previous Visa,3228
2017-18,2017-18,True,,Outside Australia,Foreign Affairs or Defence Sector,Primary,Visitor,715
2017-18,2017-18,True,,Outside Australia,Foreign Affairs or Defence Sector,Primary,Student,638
2017-18,2017-18,True,,Outside Australia,Foreign Affairs or Defence Sector,Secondary,Other visas / No Previous Visa,1066
2017-18,2017-18,True,,Outside Australia,Foreign Affairs or Defence Sector,Secondary,Visitor,66
2017-18,2017-18,True,,Outside Australia,Higher Education Sector,Primary,Other visas / No Previous Visa,93528
2017-18,2017-18,True,,Outside Australia,Higher Education Sector,Primary,Student,7535
2017-18,2017-18,True,,Outside Australia,Higher Education Sector,Primary,Visitor,17557
2017-18,2017-18,True,,Outside Australia,Higher Education Sector,Primary,Working Holiday Maker,609
2017-18,2017-18,True,,In Australia,Independent ELICOS Sector,Primary,Temporary Resident (Skilled Employment),11
2017-18,2017-18,True,,Outside Australia,Higher Education Sector,Primary,Other Temporary,9
2017-18,2017-18,True,,Outside Australia,Higher Education Sector,Primary,Temporary Graduate,115
2017-18,2017-18,True,,In Australia,Postgraduate Research Sector,Primary,Working Holiday Maker,54
2017-18,2017-18,True,,In Australia,Postgraduate Research Sector,Primary,Visitor,131
2017-18,2017-18,True,,In Australia,Postgraduate Research Sector,Secondary,Working Holiday Maker,36
2017-18,2017-18,True,,Outside Australia,Higher Education Sector,Primary,Temporary Resident (Skilled Employment),84
2017-18,2017-18,True,,Outside Australia,Higher Education Sector,Primary,Temporary Resident (Other Employment),108
2017-18,2017-18,True,,In Australia,Postgraduate Research Sector,Secondary,Temporary Resident (Other Employment),9
2017-18,2017-18,True,,In Australia,Schools Sector,Primary,Other Temporary,17
2017-18,2017-18,True,,In Australia,Schools Sector,Primary,Temporary Resident (Skilled Employment),61
2017-18,2017-18,True,,Outside Australia,Higher Education Sector,Primary,Crew and Transit,160
2017-18,2017-18,True,,Outside Australia,Higher Education Sector,Secondary,Other visas / No Previous Visa,11861
2017-18,2017-18,True,,Outside Australia,Higher Education Sector,Secondary,Visitor,844
2017-18,2017-18,True,,Outside Australia,Higher Education Sector,Secondary,Student,686
2017-18,2017-18,True,,Outside Australia,Higher Education Sector,Secondary,Other Temporary,5
2017-18,2017-18,True,,Outside Australia,Higher Education Sector,Secondary,Crew and Transit,39
2017-18,2017-18,True,,Outside Australia,Independent ELICOS Sector,Primary,Visitor,2327
2017-18,2017-18,True,,Outside Australia,Independent ELICOS Sector,Primary,Other visas / No Previous Visa,24546
2017-18,2017-18,True,,Outside Australia,Independent ELICOS Sector,Primary,Student,379
2017-18,2017-18,True,,Outside Australia,Independent ELICOS Sector,Primary,Working Holiday Maker,404
2017-18,2017-18,True,,Outside Australia,Independent ELICOS Sector,Primary,Crew and Transit,29
2017-18,2017-18,True,,In Australia,Vocational Education and Training Sector,Secondary,Temporary Resident (Other Employment),70
2017-18,2017-18,True,,In Australia,Vocational Education and Training Sector,Secondary,Temporary Resident (Skilled Employment),94
2017-18,2017-18,True,,Outside Australia,Independent ELICOS Sector,Primary,Temporary Resident (Other Employment),8
2017-18,2017-18,True,,Outside Australia,Foreign Affairs or Defence Sector,Secondary,Student,67
2017-18,2017-18,True,,Outside Australia,Independent ELICOS Sector,Secondary,Other visas / No Previous Visa,1654
2017-18,2017-18,True,,Outside Australia,Independent ELICOS Sector,Secondary,Student,60
2017-18,2017-18,True,,Outside Australia,Independent ELICOS Sector,Secondary,Crew and Transit,3
2017-18,2017-18,True,,Outside Australia,Non-Award Sector,Primary,Other visas / No Previous Visa,16986
2017-18,2017-18,True,,Outside Australia,Non-Award Sector,Primary,Visitor,2907
2017-18,2017-18,True,,Outside Australia,Non-Award Sector,Primary,Working Holiday Maker,234
2017-18,2017-18,True,,Outside Australia,Non-Award Sector,Primary,Student,178
2017-18,2017-18,True,,Outside Australia,Non-Award Sector,Secondary,Other visas / No Previous Visa,74
2017-18,2017-18,True,,Outside Australia,Postgraduate Research Sector,Primary,Other visas / No Previous Visa,3186
2017-18,2017-18,True,,Outside Australia,Postgraduate Research Sector,Primary,Student,561
2017-18,2017-18,True,,Outside Australia,Postgraduate Research Sector,Primary,Visitor,566
2017-18,2017-18,True,,Outside Australia,Postgraduate Research Sector,Primary,Crew and Transit,10
2017-18,2017-18,True,,Outside Australia,Postgraduate Research Sector,Secondary,Other visas / No Previous Visa,2231
2017-18,2017-18,True,,Outside Australia,Postgraduate Research Sector,Secondary,Student,312
2017-18,2017-18,True,,Outside Australia,Postgraduate Research Sector,Secondary,Visitor,212
2017-18,2017-18,True,,Outside Australia,Postgraduate Research Sector,Secondary,Temporary Resident (Other Employment),11
2017-18,2017-18,True,,Outside Australia,Schools Sector,Primary,Other visas / No Previous Visa,6849
2017-18,2017-18,True,,Outside Australia,Schools Sector,Primary,Visitor,3395
2017-18,2017-18,True,,Outside Australia,Vocational Education and Training Sector,Primary,Other visas / No Previous Visa,18095
2017-18,2017-18,True,,Outside Australia,Vocational Education and Training Sector,Primary,Temporary Resident (Other Employment),38
2017-18,2017-18,True,,Outside Australia,Vocational Education and Training Sector,Primary,Student,1595
2017-18,2017-18,True,,Outside Australia,Vocational Education and Training Sector,Primary,Visitor,2823
2017-18,2017-18,True,,Outside Australia,Vocational Education and Training Sector,Primary,Working Holiday Maker,1660
2017-18,2017-18,True,,Outside Australia,Higher Education Sector,Secondary,Temporary Graduate,59
2017-18,2017-18,True,,Outside Australia,Higher Education Sector,Secondary,Working Holiday Maker,60
2017-18,2017-18,True,,Outside Australia,Vocational Education and Training Sector,Primary,Temporary Resident (Skilled Employment),32
2017-18,2017-18,True,,Outside Australia,Vocational Education and Training Sector,Secondary,Student,287
2017-18,2017-18,True,,Outside Australia,Vocational Education and Training Sector,Secondary,Other visas / No Previous Visa,2077
2017-18,2017-18,True,,Outside Australia,Vocational Education and Training Sector,Secondary,Visitor,347
2017-18,2017-18,True,,Outside Australia,Vocational Education and Training Sector,Secondary,Working Holiday Maker,105
2017-18,2017-18,True,,Outside Australia,Independent ELICOS Sector,Secondary,Visitor,129
2017-18,2017-18,True,,Outside Australia,Non-Award Sector,Primary,Crew and Transit,5
2017-18,2017-18,True,,Outside Australia,Non-Award Sector,Secondary,Visitor,14
2017-18,2017-18,True,,Outside Australia,Postgraduate Research Sector,Primary,Temporary Resident (Other Employment),83
2017-18,2017-18,True,,Outside Australia,Schools Sector,Primary,Temporary Resident (Skilled Employment),14
2017-18,2017-18,True,,Outside Australia,Schools Sector,Primary,Student,169
2017-18,2017-18,True,,In Australia,Independent ELICOS Sector,Primary,Temporary Resident (Other Employment),20
2017-18,2017-18,True,,Outside Australia,Vocational Education and Training Sector,Primary,Crew and Transit,58
2017-18,2017-18,True,,In Australia,Independent ELICOS Sector,Secondary,Temporary Graduate,15
2017-18,2017-18,True,,In Australia,Postgraduate Research Sector,Primary,Temporary Resident (Other Employment),63
2017-18,2017-18,True,,Outside Australia,Vocational Education and Training Sector,Secondary,Temporary Resident (Skilled Employment),17
2017-18,2017-18,True,,Outside Australia,Vocational Education and Training Sector,Secondary,Other Temporary,2
2017-18,2017-18,True,,Outside Australia,Vocational Education and Training Sector,Secondary,Crew and Transit,16
2017-18,2017-18,True,,Outside Australia,Vocational Education and Training Sector,Secondary,Temporary Graduate,29
2017-18,2017-18,True,,In Australia,Postgraduate Research Sector,Primary,Temporary Resident (Skilled Employment),25
2017-18,2017-18,True,,In Australia,Non-Award Sector,Primary,Temporary Resident (Skilled Employment),3
2017-18,2017-18,True,,In Australia,Postgraduate Research Sector,Primary,Other visas / No Previous Visa,6
2017-18,2017-18,True,,Outside Australia,Foreign Affairs or Defence Sector,Primary,Crew and Transit,55
2017-18,2017-18,True,,Outside Australia,Foreign Affairs or Defence Sector,Primary,Temporary Resident (Other Employment),44
2017-18,2017-18,True,,In Australia,Postgraduate Research Sector,Secondary,Temporary Graduate,73
2017-18,2017-18,True,,Outside Australia,Higher Education Sector,Secondary,Temporary Resident (Skilled Employment),27
2017-18,2017-18,True,,In Australia,Foreign Affairs or Defence Sector,Secondary,Other visas / No Previous Visa,18
2017-18,2017-18,True,,Outside Australia,Postgraduate Research Sector,Primary,Working Holiday Maker,48
2017-18,2017-18,True,,Outside Australia,Postgraduate Research Sector,Secondary,Working Holiday Maker,11
2017-18,2017-18,True,,Outside Australia,Schools Sector,Primary,Temporary Resident (Other Employment),10
2017-18,2017-18,True,,In Australia,Schools Sector,Primary,Other visas / No Previous Visa,15
2017-18,2017-18,True,,In Australia,Independent ELICOS Sector,Secondary,Other visas / No Previous Visa,6
2017-18,2017-18,True,,In Australia,Higher Education Sector,Primary,Other Temporary,3
2017-18,2017-18,True,,Outside Australia,Independent ELICOS Sector,Secondary,Working Holiday Maker,17
2017-18,2017-18,True,,Outside Australia,Vocational Education and Training Sector,Secondary,Temporary Resident (Other Employment),5
2017-18,2017-18,True,,In Australia,Postgraduate Research Sector,Secondary,Temporary Resident (Skilled Employment),21
2017-18,2017-18,True,,In Australia,Higher Education Sector,Secondary,Other Temporary,6
2017-18,2017-18,True,,In Australia,Independent ELICOS Sector,Secondary,Temporary Resident (Skilled Employment),11
2017-18,2017-18,True,,In Australia,Vocational Education and Training Sector,Primary,Other visas / No Previous Visa,59
2017-18,2017-18,True,,Outside Australia,Postgraduate Research Sector,Primary,Temporary Graduate,8
2017-18,2017-18,True,,Outside Australia,Foreign Affairs or Defence Sector,Primary,Temporary Resident (Skilled Employment),3
2017-18,2017-18,True,,Outside Australia,Non-Award Sector,Primary,Temporary Resident (Skilled Employment),10
2017-18,2017-18,True,,Outside Australia,Higher Education Sector,Secondary,Temporary Resident (Other Employment),11
2017-18,2017-18,True,,Outside Australia,Vocational Education and Training Sector,Primary,Other Temporary,14
2017-18,2017-18,True,,Outside Australia,Schools Sector,Primary,Other Temporary,3
2017-18,2017-18,True,,Outside Australia,Schools Sector,Primary,Crew and Transit,5
2017-18,2017-18,True,,Outside Australia,Independent ELICOS Sector,Secondary,Temporary Resident (Skilled Employment),3
2017-18,2017-18,True,,Outside Australia,Postgraduate Research Sector,Secondary,Temporary Graduate,4
2017-18,2017-18,True,,In Australia,Foreign Affairs or Defence Sector,Secondary,Temporary Resident (Other Employment),1
2017-18,2017-18,True,,In Australia,Independent ELICOS Sector,Primary,Temporary Graduate,16
2017-18,2017-18,True,,Outside Australia,Non-Award Sector,Primary,Temporary Resident (Other Employment),17
2017-18,2017-18,True,,In Australia,Independent ELICOS Sector,Primary,Other visas / No Previous Visa,3
2017-18,2017-18,True,,In Australia,Independent ELICOS Sector,Secondary,Temporary Resident (Other Employment),2
2017-18,2017-18,True,,Outside Australia,Non-Award Sector,Secondary,Student,2
2017-18,2017-18,True,,Outside Australia,Postgraduate Research Sector,Primary,Temporary Resident (Skilled Employment),6
2017-18,2017-18,True,,In Australia,Higher Education Sector,Primary,Crew and Transit,1
2017-18,2017-18,True,,Outside Australia,Postgraduate Research Sector,Secondary,Temporary Resident (Skilled Employment),3
2017-18,2017-18,True,,Outside Australia,Foreign Affairs or Defence Sector,Primary,Temporary Graduate,2
2017-18,2017-18,True,,Outside Australia,Foreign Affairs or Defence Sector,Primary,Other Temporary,2
2017-18,2017-18,True,,In Australia,Non-Award Sector,Secondary,Student,2
2017-18,2017-18,True,,In Australia,Schools Sector,Primary,Temporary Graduate,5
2017-18,2017-18,True,,Outside Australia,Independent ELICOS Sector,Primary,Other Temporary,3
2017-18,2017-18,True,,Outside Australia,Non-Award Sector,Primary,Special Category,2
2017-18,2017-18,True,,Outside Australia,Vocational Education and Training Sector,Primary,Temporary Graduate,16
2017-18,2017-18,True,,In Australia,Vocational Education and Training Sector,Primary,Crew and Transit,2
2017-18,2017-18,True,,In Australia,Schools Sector,Primary,Working Holiday Maker,2
2017-18,2017-18,True,,Outside Australia,Postgraduate Research Sector,Secondary,Crew and Transit,3
2017-18,2017-18,True,,Outside Australia,Schools Sector,Secondary,Visitor,1
2017-18,2017-18,True,,In Australia,Non-Award Sector,Secondary,Visitor,2
2017-18,2017-18,True,,Outside Australia,Independent ELICOS Sector,Primary,Temporary Resident (Skilled Employment),4
2017-18,2017-18,True,,In Australia,Foreign Affairs or Defence Sector,Primary,Other visas / No Previous Visa,1
2017-18,2017-18,True,,Outside Australia,Non-Award Sector,Primary,Temporary Graduate,1
2017-18,2017-18,True,,Outside Australia,Foreign Affairs or Defence Sector,Secondary,Temporary Resident (Other Employment),4
2017-18,2017-18,True,,Outside Australia,Foreign Affairs or Defence Sector,Secondary,Crew and Transit,3
2017-18,2017-18,True,,Outside Australia,Schools Sector,Primary,Working Holiday Maker,1
2017-18,2017-18,True,,In Australia,Non-Award Sector,Primary,Other visas / No Previous Visa,1
2017-18,2017-18,True,,In Australia,Vocational Education and Training Sector,Secondary,Crew and Transit,1
2017-18,2017-18,True,,In Australia,Foreign Affairs or Defence Sector,Primary,Visitor,2
2017-18,2017-18,True,,Outside Australia,Foreign Affairs or Defence Sector,Secondary,Special Category,2
2017-18,2017-18,True,,In Australia,Vocational Education and Training Sector,Secondary,Other Temporary,3
2017-18,2017-18,True,,In Australia,Foreign Affairs or Defence Sector,Primary,Temporary Resident (Other Employment),3
2017-18,2017-18,True,,Outside Australia,Higher Education Sector,Primary,Offshore Humanitarian,1
2017-18,2017-18,True,,Outside Australia,Independent ELICOS Sector,Secondary,Temporary Resident (Other Employment),1
2017-18,2017-18,True,,In Australia,Vocational Education and Training Sector,Primary,Other Temporary,5
2017-18,2017-18,True,,Outside Australia,Independent ELICOS Sector,Secondary,Other Temporary,1
2017-18,2017-18,True,,In Australia,Foreign Affairs or Defence Sector,Primary,Crew and Transit,1
2017-18,2017-18,True,,Outside Australia,Foreign Affairs or Defence Sector,Primary,Working Holiday Maker,1
2017-18,2017-18,True,,In Australia,Independent ELICOS Sector,Primary,Crew and Transit,1
2018-19,2018-19,True,,In Australia,Foreign Affairs or Defence Sector,Primary,Student,173
2018-19,2018-19,True,,In Australia,Foreign Affairs or Defence Sector,Secondary,Student,169
2018-19,2018-19,True,,In Australia,Higher Education Sector,Primary,Temporary Graduate,3027
2018-19,2018-19,True,,In Australia,Higher Education Sector,Primary,Visitor,3259
2018-19,2018-19,True,,In Australia,Higher Education Sector,Primary,Working Holiday Maker,977
2018-19,2018-19,True,,In Australia,Higher Education Sector,Primary,Student,54153
2018-19,2018-19,True,,In Australia,Higher Education Sector,Primary,Temporary Resident (Skilled Employment),272
2018-19,2018-19,True,,In Australia,Higher Education Sector,Primary,Temporary Resident (Other Employment),242
2018-19,2018-19,True,,In Australia,Higher Education Sector,Primary,Other visas / No Previous Visa,105
2018-19,2018-19,True,,In Australia,Higher Education Sector,Secondary,Temporary Graduate,1741
2018-19,2018-19,True,,In Australia,Higher Education Sector,Secondary,Temporary Resident (Skilled Employment),142
2018-19,2018-19,True,,In Australia,Higher Education Sector,Secondary,Student,8811
2018-19,2018-19,True,,In Australia,Higher Education Sector,Secondary,Visitor,1110
2018-19,2018-19,True,,In Australia,Higher Education Sector,Secondary,Other visas / No Previous Visa,490
2018-19,2018-19,True,,In Australia,Higher Education Sector,Secondary,Working Holiday Maker,194
2018-19,2018-19,True,,In Australia,Higher Education Sector,Secondary,Temporary Resident (Other Employment),90
2018-19,2018-19,True,,In Australia,Independent ELICOS Sector,Primary,Student,4153
2018-19,2018-19,True,,In Australia,Independent ELICOS Sector,Primary,Working Holiday Maker,1208
2018-19,2018-19,True,,In Australia,Independent ELICOS Sector,Primary,Visitor,2764
2018-19,2018-19,True,,In Australia,Independent ELICOS Sector,Primary,Temporary Graduate,20
2018-19,2018-19,True,,In Australia,Independent ELICOS Sector,Primary,Temporary Resident (Other Employment),31
2018-19,2018-19,True,,In Australia,Independent ELICOS Sector,Secondary,Student,710
2018-19,2018-19,True,,In Australia,Independent ELICOS Sector,Secondary,Other visas / No Previous Visa,14
2018-19,2018-19,True,,In Australia,Independent ELICOS Sector,Secondary,Working Holiday Maker,53
2018-19,2018-19,True,,In Australia,Independent ELICOS Sector,Secondary,Visitor,253
2018-19,2018-19,True,,In Australia,Non-Award Sector,Primary,Student,219
2018-19,2018-19,True,,In Australia,Non-Award Sector,Primary,Visitor,172
2018-19,2018-19,True,,In Australia,Postgraduate Research Sector,Primary,Student,1901
2018-19,2018-19,True,,In Australia,Postgraduate Research Sector,Primary,Temporary Graduate,252
2018-19,2018-19,True,,In Australia,Postgraduate Research Sector,Primary,Temporary Resident (Other Employment),69
2018-19,2018-19,True,,In Australia,Postgraduate Research Sector,Primary,Visitor,156
2018-19,2018-19,True,,In Australia,Postgraduate Research Sector,Primary,Temporary Resident (Skilled Employment),12
2018-19,2018-19,True,,In Australia,Postgraduate Research Sector,Secondary,Student,1057
2018-19,2018-19,True,,In Australia,Postgraduate Research Sector,Secondary,Other visas / No Previous Visa,162
2018-19,2018-19,True,,In Australia,Postgraduate Research Sector,Secondary,Temporary Graduate,132
2018-19,2018-19,True,,In Australia,Postgraduate Research Sector,Secondary,Visitor,134
2018-19,2018-19,True,,In Australia,Schools Sector,Primary,Temporary Resident (Skilled Employment),60
2018-19,2018-19,True,,In Australia,Schools Sector,Primary,Student,855
2018-19,2018-19,True,,In Australia,Schools Sector,Primary,Temporary Resident (Other Employment),14
2018-19,2018-19,True,,In Australia,Schools Sector,Primary,Visitor,589
2018-19,2018-19,True,,In Australia,Schools Sector,Primary,Other visas / No Previous Visa,8
2018-19,2018-19,True,,In Australia,Vocational Education and Training Sector,Primary,Visitor,12906
2018-19,2018-19,True,,In Australia,Vocational Education and Training Sector,Primary,Student,34927
2018-19,2018-19,True,,In Australia,Vocational Education and Training Sector,Primary,Temporary Graduate,3862
2018-19,2018-19,True,,In Australia,Vocational Education and Training Sector,Primary,Temporary Resident (Other Employment),616
2018-19,2018-19,True,,In Australia,Vocational Education and Training Sector,Primary,Working Holiday Maker,7601
2018-19,2018-19,True,,In Australia,Vocational Education and Training Sector,Primary,Temporary Resident (Skilled Employment),403
2018-19,2018-19,True,,In Australia,Higher Education Sector,Primary,Other Temporary,6
2018-19,2018-19,True,,In Australia,Vocational Education and Training Sector,Secondary,Student,6795
2018-19,2018-19,True,,In Australia,Vocational Education and Training Sector,Secondary,Temporary Graduate,1430
2018-19,2018-19,True,,In Australia,Vocational Education and Training Sector,Secondary,Visitor,1980
2018-19,2018-19,True,,In Australia,Vocational Education and Training Sector,Secondary,Temporary Resident (Other Employment),105
2018-19,2018-19,True,,In Australia,Vocational Education and Training Sector,Secondary,Other visas / No Previous Visa,241
2018-19,2018-19,True,,In Australia,Vocational Education and Training Sector,Secondary,Temporary Resident (Skilled Employment),166
2018-19,2018-19,True,,In Australia,Vocational Education and Training Sector,Secondary,Working Holiday Maker,683
2018-19,2018-19,True,,In Australia,Foreign Affairs or Defence Sector,Secondary,Other visas / No Previous Visa,13
2018-19,2018-19,True,,Outside Australia,Foreign Affairs or Defence Sector,Primary,Visitor,566
2018-19,2018-19,True,,Outside Australia,Foreign Affairs or Defence Sector,Primary,Other visas / No Previous Visa,2255
2018-19,2018-19,True,,Outside Australia,Foreign Affairs or Defence Sector,Primary,Student,649
2018-19,2018-19,True,,Outside Australia,Foreign Affairs or Defence Sector,Secondary,Other visas / No Previous Visa,1063
2018-19,2018-19,True,,Outside Australia,Higher Education Sector,Primary,Other visas / No Previous Visa,99020
2018-19,2018-19,True,,Outside Australia,Higher Education Sector,Primary,Student,9540
2018-19,2018-19,True,,Outside Australia,Higher Education Sector,Primary,Working Holiday Maker,619
2018-19,2018-19,True,,In Australia,Independent ELICOS Sector,Primary,Temporary Resident (Skilled Employment),16
2018-19,2018-19,True,,Outside Australia,Higher Education Sector,Primary,Visitor,17778
2018-19,2018-19,True,,In Australia,Independent ELICOS Sector,Secondary,Temporary Resident (Skilled Employment),4
2018-19,2018-19,True,,In Australia,Postgraduate Research Sector,Primary,Working Holiday Maker,41
2018-19,2018-19,True,,In Australia,Postgraduate Research Sector,Secondary,Working Holiday Maker,35
2018-19,2018-19,True,,Outside Australia,Higher Education Sector,Primary,Temporary Graduate,129
2018-19,2018-19,True,,Outside Australia,Higher Education Sector,Primary,Crew and Transit,140
2018-19,2018-19,True,,Outside Australia,Higher Education Sector,Secondary,Other visas / No Previous Visa,12807
2018-19,2018-19,True,,Outside Australia,Higher Education Sector,Secondary,Student,712
2018-19,2018-19,True,,Outside Australia,Higher Education Sector,Secondary,Visitor,918
2018-19,2018-19,True,,Outside Australia,Higher Education Sector,Secondary,Temporary Graduate,84
2018-19,2018-19,True,,Outside Australia,Higher Education Sector,Secondary,Temporary Resident (Skilled Employment),21
2018-19,2018-19,True,,Outside Australia,Independent ELICOS Sector,Primary,Other visas / No Previous Visa,26066
2018-19,2018-19,True,,Outside Australia,Independent ELICOS Sector,Primary,Crew and Transit,28
2018-19,2018-19,True,,Outside Australia,Independent ELICOS Sector,Primary,Visitor,2322
2018-19,2018-19,True,,In Australia,Vocational Education and Training Sector,Primary,Other visas / No Previous Visa,66
2018-19,2018-19,True,,Outside Australia,Independent ELICOS Sector,Primary,Student,369
2018-19,2018-19,True,,Outside Australia,Independent ELICOS Sector,Primary,Working Holiday Maker,285
2018-19,2018-19,True,,Outside Australia,Independent ELICOS Sector,Primary,Temporary Resident (Skilled Employment),4
2018-19,2018-19,True,,Outside Australia,Independent ELICOS Sector,Secondary,Visitor,162
2018-19,2018-19,True,,Outside Australia,Independent ELICOS Sector,Secondary,Other visas / No Previous Visa,1927
2018-19,2018-19,True,,Outside Australia,Non-Award Sector,Primary,Student,178
2018-19,2018-19,True,,Outside Australia,Non-Award Sector,Primary,Other visas / No Previous Visa,16533
2018-19,2018-19,True,,Outside Australia,Non-Award Sector,Primary,Visitor,2930
2018-19,2018-19,True,,Outside Australia,Non-Award Sector,Primary,Working Holiday Maker,226
2018-19,2018-19,True,,Outside Australia,Postgraduate Research Sector,Primary,Other visas / No Previous Visa,3058
2018-19,2018-19,True,,Outside Australia,Postgraduate Research Sector,Primary,Student,529
2018-19,2018-19,True,,Outside Australia,Postgraduate Research Sector,Primary,Visitor,606
2018-19,2018-19,True,,Outside Australia,Postgraduate Research Sector,Primary,Temporary Resident (Other Employment),92
2018-19,2018-19,True,,Outside Australia,Postgraduate Research Sector,Primary,Temporary Graduate,27
2018-19,2018-19,True,,Outside Australia,Foreign Affairs or Defence Sector,Primary,Crew and Transit,39
2018-19,2018-19,True,,Outside Australia,Foreign Affairs or Defence Sector,Secondary,Student,60
2018-19,2018-19,True,,Outside Australia,Postgraduate Research Sector,Secondary,Other visas / No Previous Visa,2243
2018-19,2018-19,True,,Outside Australia,Foreign Affairs or Defence Sector,Secondary,Visitor,78
2018-19,2018-19,True,,Outside Australia,Postgraduate Research Sector,Secondary,Visitor,219
2018-19,2018-19,True,,Outside Australia,Foreign Affairs or Defence Sector,Secondary,Crew and Transit,6
2018-19,2018-19,True,,Outside Australia,Postgraduate Research Sector,Secondary,Working Holiday Maker,10
2018-19,2018-19,True,,Outside Australia,Postgraduate Research Sector,Secondary,Student,349
2018-19,2018-19,True,,Outside Australia,Schools Sector,Primary,Other visas / No Previous Visa,5894
2018-19,2018-19,True,,Outside Australia,Schools Sector,Primary,Visitor,3143
2018-19,2018-19,True,,Outside Australia,Higher Education Sector,Primary,Temporary Resident (Skilled Employment),72
2018-19,2018-19,True,,Outside Australia,Schools Sector,Primary,Student,190
2018-19,2018-19,True,,Outside Australia,Vocational Education and Training Sector,Primary,Other visas / No Previous Visa,20026
2018-19,2018-19,True,,Outside Australia,Vocational Education and Training Sector,Primary,Student,1473
2018-19,2018-19,True,,Outside Australia,Higher Education Sector,Primary,Temporary Resident (Other Employment),125
2018-19,2018-19,True,,Outside Australia,Vocational Education and Training Sector,Primary,Visitor,2803
2018-19,2018-19,True,,Outside Australia,Vocational Education and Training Sector,Primary,Crew and Transit,77
2018-19,2018-19,True,,Outside Australia,Vocational Education and Training Sector,Primary,Temporary Resident (Other Employment),42
2018-19,2018-19,True,,Outside Australia,Vocational Education and Training Sector,Primary,Working Holiday Maker,1248
2018-19,2018-19,True,,Outside Australia,Vocational Education and Training Sector,Primary,Other Temporary,11
2018-19,2018-19,True,,Outside Australia,Vocational Education and Training Sector,Secondary,Other visas / No Previous Visa,2549
2018-19,2018-19,True,,Outside Australia,Vocational Education and Training Sector,Secondary,Visitor,378
2018-19,2018-19,True,,Outside Australia,Vocational Education and Training Sector,Secondary,Student,286
2018-19,2018-19,True,,Outside Australia,Vocational Education and Training Sector,Secondary,Working Holiday Maker,71
2018-19,2018-19,True,,Outside Australia,Vocational Education and Training Sector,Secondary,Temporary Resident (Skilled Employment),11
2018-19,2018-19,True,,Outside Australia,Higher Education Sector,Secondary,Working Holiday Maker,55
2018-19,2018-19,True,,Outside Australia,Independent ELICOS Sector,Primary,Temporary Resident (Other Employment),12
2018-19,2018-19,True,,Outside Australia,Independent ELICOS Sector,Secondary,Student,85
2018-19,2018-19,True,,Outside Australia,Postgraduate Research Sector,Primary,Working Holiday Maker,65
2018-19,2018-19,True,,In Australia,Independent ELICOS Sector,Secondary,Temporary Graduate,4
2018-19,2018-19,True,,Outside Australia,Postgraduate Research Sector,Secondary,Crew and Transit,6
2018-19,2018-19,True,,In Australia,Higher Education Sector,Primary,Crew and Transit,2
2018-19,2018-19,True,,Outside Australia,Foreign Affairs or Defence Sector,Primary,Temporary Resident (Other Employment),30
2018-19,2018-19,True,,In Australia,Postgraduate Research Sector,Secondary,Temporary Resident (Skilled Employment),10
2018-19,2018-19,True,,In Australia,Vocational Education and Training Sector,Primary,Other Temporary,7
2018-19,2018-19,True,,Outside Australia,Non-Award Sector,Secondary,Other visas / No Previous Visa,38
2018-19,2018-19,True,,Outside Australia,Postgraduate Research Sector,Secondary,Temporary Graduate,6
2018-19,2018-19,True,,Outside Australia,Schools Sector,Primary,Temporary Resident (Skilled Employment),22
2018-19,2018-19,True,,Outside Australia,Vocational Education and Training Sector,Secondary,Crew and Transit,28
2018-19,2018-19,True,,Outside Australia,Vocational Education and Training Sector,Secondary,Temporary Graduate,44
2018-19,2018-19,True,,Outside Australia,Higher Education Sector,Secondary,Crew and Transit,45
2018-19,2018-19,True,,Outside Australia,Non-Award Sector,Primary,Temporary Resident (Skilled Employment),23
2018-19,2018-19,True,,Outside Australia,Postgraduate Research Sector,Secondary,Temporary Resident (Other Employment),17
2018-19,2018-19,True,,In Australia,Vocational Education and Training Sector,Primary,Crew and Transit,6
2018-19,2018-19,True,,Outside Australia,Postgraduate Research Sector,Secondary,Other Temporary,3
2018-19,2018-19,True,,Outside Australia,Higher Education Sector,Primary,Offshore Humanitarian,1
2018-19,2018-19,True,,Outside Australia,Higher Education Sector,Secondary,Temporary Resident (Other Employment),19
2018-19,2018-19,True,,Outside Australia,Foreign Affairs or Defence Sector,Secondary,Temporary Resident (Other Employment),3
2018-19,2018-19,True,,Outside Australia,Postgraduate Research Sector,Primary,Crew and Transit,12
2018-19,2018-19,True,,Outside Australia,Foreign Affairs or Defence Sector,Primary,Other Temporary,8
2018-19,2018-19,True,,Outside Australia,Vocational Education and Training Sector,Primary,Temporary Graduate,20
2018-19,2018-19,True,,In Australia,Foreign Affairs or Defence Sector,Secondary,Visitor,14
2018-19,2018-19,True,,Outside Australia,Schools Sector,Primary,Crew and Transit,5
2018-19,2018-19,True,,In Australia,Schools Sector,Primary,Other Temporary,16
2018-19,2018-19,True,,In Australia,Postgraduate Research Sector,Secondary,Temporary Resident (Other Employment),21
2018-19,2018-19,True,,In Australia,Higher Education Sector,Secondary,Other Temporary,5
2018-19,2018-19,True,,Outside Australia,Independent ELICOS Sector,Secondary,Working Holiday Maker,9
2018-19,2018-19,True,,In Australia,Independent ELICOS Sector,Primary,Other visas / No Previous Visa,2
2018-19,2018-19,True,,In Australia,Non-Award Sector,Primary,Working Holiday Maker,19
2018-19,2018-19,True,,Outside Australia,Vocational Education and Training Sector,Primary,Temporary Resident (Skilled Employment),27
2018-19,2018-19,True,,Outside Australia,Non-Award Sector,Secondary,Visitor,12
2018-19,2018-19,True,,Outside Australia,Postgraduate Research Sector,Primary,Temporary Resident (Skilled Employment),6
2018-19,2018-19,True,,Outside Australia,Higher Education Sector,Primary,Other Temporary,10
2018-19,2018-19,True,,Outside Australia,Non-Award Sector,Primary,Temporary Resident (Other Employment),17
2018-19,2018-19,True,,In Australia,Independent ELICOS Sector,Secondary,Temporary Resident (Other Employment),7
2018-19,2018-19,True,,Outside Australia,Higher Education Sector,Secondary,Other Temporary,3
2018-19,2018-19,True,,Outside Australia,Independent ELICOS Sector,Primary,Offshore Humanitarian,1
2018-19,2018-19,True,,Outside Australia,Non-Award Sector,Primary,Special Category,1
2018-19,2018-19,True,,Outside Australia,Non-Award Sector,Primary,Crew and Transit,6
2018-19,2018-19,True,,In Australia,Non-Award Sector,Primary,Temporary Resident (Other Employment),4
2018-19,2018-19,True,,Outside Australia,Postgraduate Research Sector,Secondary,Temporary Resident (Skilled Employment),5
2018-19,2018-19,True,,In Australia,Vocational Education and Training Sector,Secondary,Other Temporary,5
2018-19,2018-19,True,,In Australia,Non-Award Sector,Secondary,Student,8
2018-19,2018-19,True,,Outside Australia,Schools Sector,Primary,Temporary Resident (Other Employment),10
2018-19,2018-19,True,,Outside Australia,Vocational Education and Training Sector,Secondary,Temporary Resident (Other Employment),11
2018-19,2018-19,True,,Outside Australia,Independent ELICOS Sector,Primary,Other Temporary,3
2018-19,2018-19,True,,In Australia,Schools Sector,Primary,Temporary Graduate,4
2018-19,2018-19,True,,Outside Australia,Schools Sector,Primary,Temporary Graduate,6
2018-19,2018-19,True,,In Australia,Schools Sector,Primary,Working Holiday Maker,2
2018-19,2018-19,True,,Outside Australia,Independent ELICOS Sector,Secondary,Crew and Transit,1
2018-19,2018-19,True,,In Australia,Foreign Affairs or Defence Sector,Primary,Temporary Resident (Other Employment),3
2018-19,2018-19,True,,In Australia,Postgraduate Research Sector,Primary,Other visas / No Previous Visa,2
2018-19,2018-19,True,,Outside Australia,Schools Sector,Primary,Other Temporary,4
2018-19,2018-19,True,,In Australia,Independent ELICOS Sector,Primary,Other Temporary,1
2018-19,2018-19,True,,In Australia,Non-Award Sector,Secondary,Visitor,6
2018-19,2018-19,True,,Outside Australia,Foreign Affairs or Defence Sector,Primary,Temporary Graduate,2
2018-19,2018-19,True,,Outside Australia,Schools Sector,Primary,Working Holiday Maker,1
2018-19,2018-19,True,,In Australia,Non-Award Sector,Primary,Other visas / No Previous Visa,1
2018-19,2018-19,True,,Outside Australia,Foreign Affairs or Defence Sector,Primary,Temporary Resident (Skilled Employment),1
2018-19,2018-19,True,,Outside Australia,Non-Award Sector,Secondary,Student,4
2018-19,2018-19,True,,Outside Australia,Postgraduate Research Sector,Primary,Other Temporary,1
2018-19,2018-19,True,,Outside Australia,Foreign Affairs or Defence Sector,Primary,Special Category,1
2018-19,2018-19,True,,Outside Australia,Schools Sector,Primary,Special Category,1
2018-19,2018-19,True,,In Australia,Non-Award Sector,Secondary,Working Holiday Maker,2
2018-19,2018-19,True,,Outside Australia,Vocational Education and Training Sector,Secondary,Other Temporary,1
2018-19,2018-19,True,,In Australia,Foreign Affairs or Defence Sector,Primary,Visitor,1
2018-19,2018-19,True,,Outside Australia,Foreign Affairs or Defence Sector,Primary,Working Holiday Maker,1
2018-19,2018-19,True,,Outside Australia,Independent ELICOS Sector,Secondary,Temporary Resident (Other Employment),2
2018-19,2018-19,True,,In Australia,Postgraduate Research Sector,Secondary,Other Temporary,1
2019-20,2019-20,True,,In Australia,Foreign Affairs or Defence Sector,Primary,Student,201
2019-20,2019-20,True,,In Australia,Foreign Affairs or Defence Sector,Secondary,Other visas / No Previous Visa,16
2019-20,2019-20,True,,In Australia,Foreign Affairs or Defence Sector,Secondary,Student,126
2019-20,2019-20,True,,In Australia,Higher Education Sector,Primary,Student,53467
2019-20,2019-20,True,,In Australia,Higher Education Sector,Primary,Visitor,3802
2019-20,2019-20,True,,In Australia,Higher Education Sector,Primary,Temporary Resident (Other Employment),197
2019-20,2019-20,True,,In Australia,Higher Education Sector,Primary,Temporary Graduate,3185
2019-20,2019-20,True,,In Australia,Higher Education Sector,Primary,Other visas / No Previous Visa,85
2019-20,2019-20,True,,In Australia,Higher Education Sector,Primary,Temporary Resident (Skilled Employment),238
2019-20,2019-20,True,,In Australia,Higher Education Sector,Primary,Working Holiday Maker,972
2019-20,2019-20,True,,In Australia,Higher Education Sector,Secondary,Temporary Graduate,2183
2019-20,2019-20,True,,In Australia,Higher Education Sector,Secondary,Student,9553
2019-20,2019-20,True,,In Australia,Higher Education Sector,Secondary,Other visas / No Previous Visa,587
2019-20,2019-20,True,,In Australia,Higher Education Sector,Secondary,Working Holiday Maker,201
2019-20,2019-20,True,,In Australia,Higher Education Sector,Secondary,Visitor,1346
2019-20,2019-20,True,,In Australia,Higher Education Sector,Secondary,Temporary Resident (Other Employment),83
2019-20,2019-20,True,,In Australia,Higher Education Sector,Secondary,Temporary Resident (Skilled Employment),140
2019-20,2019-20,True,,In Australia,Independent ELICOS Sector,Primary,Visitor,2926
2019-20,2019-20,True,,In Australia,Independent ELICOS Sector,Primary,Student,4336
2019-20,2019-20,True,,In Australia,Independent ELICOS Sector,Primary,Working Holiday Maker,1142
2019-20,2019-20,True,,In Australia,Independent ELICOS Sector,Primary,Other visas / No Previous Visa,7
2019-20,2019-20,True,,In Australia,Independent ELICOS Sector,Primary,Temporary Resident (Skilled Employment),22
2019-20,2019-20,True,,In Australia,Independent ELICOS Sector,Primary,Temporary Resident (Other Employment),74
2019-20,2019-20,True,,In Australia,Independent ELICOS Sector,Primary,Temporary Graduate,19
2019-20,2019-20,True,,In Australia,Independent ELICOS Sector,Secondary,Student,724
2019-20,2019-20,True,,In Australia,Independent ELICOS Sector,Secondary,Temporary Graduate,19
2019-20,2019-20,True,,In Australia,Independent ELICOS Sector,Secondary,Visitor,357
2019-20,2019-20,True,,In Australia,Independent ELICOS Sector,Secondary,Working Holiday Maker,48
2019-20,2019-20,True,,In Australia,Non-Award Sector,Primary,Student,210
2019-20,2019-20,True,,In Australia,Non-Award Sector,Primary,Working Holiday Maker,15
2019-20,2019-20,True,,In Australia,Postgraduate Research Sector,Primary,Student,2012
2019-20,2019-20,True,,In Australia,Postgraduate Research Sector,Primary,Visitor,188
2019-20,2019-20,True,,In Australia,Postgraduate Research Sector,Primary,Temporary Graduate,492
2019-20,2019-20,True,,In Australia,Postgraduate Research Sector,Primary,Working Holiday Maker,54
2019-20,2019-20,True,,In Australia,Postgraduate Research Sector,Secondary,Temporary Graduate,316
2019-20,2019-20,True,,In Australia,Postgraduate Research Sector,Secondary,Other visas / No Previous Visa,227
2019-20,2019-20,True,,In Australia,Postgraduate Research Sector,Secondary,Visitor,116
2019-20,2019-20,True,,In Australia,Postgraduate Research Sector,Secondary,Student,1181
2019-20,2019-20,True,,In Australia,Postgraduate Research Sector,Secondary,Temporary Resident (Other Employment),33
2019-20,2019-20,True,,In Australia,Schools Sector,Primary,Visitor,698
2019-20,2019-20,True,,In Australia,Schools Sector,Primary,Student,804
2019-20,2019-20,True,,In Australia,Schools Sector,Primary,Other visas / No Previous Visa,15
2019-20,2019-20,True,,In Australia,Schools Sector,Primary,Other Temporary,19
2019-20,2019-20,True,,In Australia,Vocational Education and Training Sector,Primary,Working Holiday Maker,7406
2019-20,2019-20,True,,In Australia,Vocational Education and Training Sector,Primary,Student,38896
2019-20,2019-20,True,,In Australia,Vocational Education and Training Sector,Primary,Temporary Graduate,5993
2019-20,2019-20,True,,In Australia,Vocational Education and Training Sector,Primary,Visitor,14553
2019-20,2019-20,True,,In Australia,Vocational Education and Training Sector,Primary,Temporary Resident (Skilled Employment),492
2019-20,2019-20,True,,In Australia,Vocational Education and Training Sector,Primary,Temporary Resident (Other Employment),929
2019-20,2019-20,True,,In Australia,Vocational Education and Training Sector,Primary,Other Temporary,13
2019-20,2019-20,True,,In Australia,Vocational Education and Training Sector,Primary,Other visas / No Previous Visa,56
2019-20,2019-20,True,,In Australia,Vocational Education and Training Sector,Secondary,Temporary Graduate,2144
2019-20,2019-20,True,,In Australia,Vocational Education and Training Sector,Secondary,Student,7877
2019-20,2019-20,True,,In Australia,Vocational Education and Training Sector,Secondary,Visitor,2714
2019-20,2019-20,True,,In Australia,Vocational Education and Training Sector,Secondary,Working Holiday Maker,708
2019-20,2019-20,True,,In Australia,Vocational Education and Training Sector,Secondary,Other visas / No Previous Visa,330
2019-20,2019-20,True,,In Australia,Vocational Education and Training Sector,Secondary,Temporary Resident (Other Employment),118
2019-20,2019-20,True,,In Australia,Vocational Education and Training Sector,Secondary,Temporary Resident (Skilled Employment),205
2019-20,2019-20,True,,In Australia,Independent ELICOS Sector,Secondary,Temporary Resident (Other Employment),5
2019-20,2019-20,True,,In Australia,Independent ELICOS Sector,Secondary,Other visas / No Previous Visa,24
2019-20,2019-20,True,,In Australia,Non-Award Sector,Primary,Visitor,87
2019-20,2019-20,True,,In Australia,Non-Award Sector,Secondary,Student,5
2019-20,2019-20,True,,Outside Australia,Foreign Affairs or Defence Sector,Primary,Other visas / No Previous Visa,1489
2019-20,2019-20,True,,Outside Australia,Foreign Affairs or Defence Sector,Primary,Visitor,376
2019-20,2019-20,True,,In Australia,Postgraduate Research Sector,Primary,Temporary Resident (Other Employment),86
2019-20,2019-20,True,,Outside Australia,Foreign Affairs or Defence Sector,Secondary,Other visas / No Previous Visa,755
2019-20,2019-20,True,,Outside Australia,Foreign Affairs or Defence Sector,Secondary,Visitor,74
2019-20,2019-20,True,,In Australia,Postgraduate Research Sector,Secondary,Working Holiday Maker,27
2019-20,2019-20,True,,Outside Australia,Foreign Affairs or Defence Sector,Secondary,Student,42
2019-20,2019-20,True,,In Australia,Schools Sector,Primary,Temporary Resident (Skilled Employment),36
2019-20,2019-20,True,,Outside Australia,Higher Education Sector,Primary,Other visas / No Previous Visa,64678
2019-20,2019-20,True,,Outside Australia,Higher Education Sector,Primary,Visitor,14023
2019-20,2019-20,True,,Outside Australia,Higher Education Sector,Primary,Student,10028
2019-20,2019-20,True,,In Australia,Schools Sector,Primary,Temporary Graduate,10
2019-20,2019-20,True,,Outside Australia,Higher Education Sector,Primary,Temporary Resident (Other Employment),78
2019-20,2019-20,True,,Outside Australia,Higher Education Sector,Primary,Working Holiday Maker,423
2019-20,2019-20,True,,Outside Australia,Higher Education Sector,Primary,Crew and Transit,106
2019-20,2019-20,True,,Outside Australia,Higher Education Sector,Primary,Temporary Graduate,129
2019-20,2019-20,True,,In Australia,Vocational Education and Training Sector,Primary,Crew and Transit,6
2019-20,2019-20,True,,Outside Australia,Higher Education Sector,Secondary,Other visas / No Previous Visa,7813
2019-20,2019-20,True,,Outside Australia,Higher Education Sector,Secondary,Visitor,677
2019-20,2019-20,True,,Outside Australia,Higher Education Sector,Secondary,Student,545
2019-20,2019-20,True,,Outside Australia,Higher Education Sector,Secondary,Temporary Graduate,80
2019-20,2019-20,True,,Outside Australia,Higher Education Sector,Secondary,Other Temporary,4
2019-20,2019-20,True,,Outside Australia,Higher Education Sector,Secondary,Crew and Transit,18
2019-20,2019-20,True,,Outside Australia,Independent ELICOS Sector,Primary,Other visas / No Previous Visa,20360
2019-20,2019-20,True,,Outside Australia,Independent ELICOS Sector,Primary,Visitor,1645
2019-20,2019-20,True,,Outside Australia,Independent ELICOS Sector,Primary,Student,265
2019-20,2019-20,True,,Outside Australia,Independent ELICOS Sector,Primary,Crew and Transit,15
2019-20,2019-20,True,,Outside Australia,Independent ELICOS Sector,Secondary,Other visas / No Previous Visa,1178
2019-20,2019-20,True,,Outside Australia,Independent ELICOS Sector,Secondary,Visitor,99
2019-20,2019-20,True,,Outside Australia,Non-Award Sector,Primary,Other visas / No Previous Visa,10001
2019-20,2019-20,True,,Outside Australia,Foreign Affairs or Defence Sector,Primary,Student,428
2019-20,2019-20,True,,Outside Australia,Non-Award Sector,Primary,Student,127
2019-20,2019-20,True,,Outside Australia,Non-Award Sector,Primary,Visitor,1856
2019-20,2019-20,True,,Outside Australia,Non-Award Sector,Primary,Working Holiday Maker,116
2019-20,2019-20,True,,Outside Australia,Foreign Affairs or Defence Sector,Primary,Crew and Transit,37
2019-20,2019-20,True,,Outside Australia,Foreign Affairs or Defence Sector,Primary,Temporary Resident (Other Employment),37
2019-20,2019-20,True,,Outside Australia,Non-Award Sector,Secondary,Visitor,17
2019-20,2019-20,True,,Outside Australia,Postgraduate Research Sector,Primary,Other visas / No Previous Visa,2265
2019-20,2019-20,True,,Outside Australia,Postgraduate Research Sector,Primary,Visitor,507
2019-20,2019-20,True,,Outside Australia,Postgraduate Research Sector,Primary,Student,467
2019-20,2019-20,True,,Outside Australia,Postgraduate Research Sector,Primary,Working Holiday Maker,51
2019-20,2019-20,True,,Outside Australia,Postgraduate Research Sector,Primary,Temporary Resident (Other Employment),83
2019-20,2019-20,True,,Outside Australia,Postgraduate Research Sector,Primary,Temporary Graduate,19
2019-20,2019-20,True,,Outside Australia,Postgraduate Research Sector,Primary,Crew and Transit,11
2019-20,2019-20,True,,Outside Australia,Postgraduate Research Sector,Secondary,Student,222
2019-20,2019-20,True,,Outside Australia,Postgraduate Research Sector,Secondary,Other visas / No Previous Visa,1690
2019-20,2019-20,True,,Outside Australia,Postgraduate Research Sector,Secondary,Temporary Graduate,20
2019-20,2019-20,True,,Outside Australia,Postgraduate Research Sector,Secondary,Visitor,183
2019-20,2019-20,True,,Outside Australia,Schools Sector,Primary,Other visas / No Previous Visa,3218
2019-20,2019-20,True,,Outside Australia,Schools Sector,Primary,Student,189
2019-20,2019-20,True,,Outside Australia,Schools Sector,Primary,Visitor,2138
2019-20,2019-20,True,,Outside Australia,Vocational Education and Training Sector,Primary,Student,1119
2019-20,2019-20,True,,Outside Australia,Vocational Education and Training Sector,Primary,Visitor,1970
2019-20,2019-20,True,,Outside Australia,Vocational Education and Training Sector,Primary,Other visas / No Previous Visa,8994
2019-20,2019-20,True,,Outside Australia,Vocational Education and Training Sector,Primary,Temporary Resident (Other Employment),16
2019-20,2019-20,True,,Outside Australia,Vocational Education and Training Sector,Primary,Working Holiday Maker,912
2019-20,2019-20,True,,Outside Australia,Vocational Education and Training Sector,Primary,Crew and Transit,51
2019-20,2019-20,True,,Outside Australia,Vocational Education and Training Sector,Primary,Temporary Graduate,16
2019-20,2019-20,True,,Outside Australia,Vocational Education and Training Sector,Secondary,Temporary Graduate,74
2019-20,2019-20,True,,Outside Australia,Vocational Education and Training Sector,Secondary,Student,293
2019-20,2019-20,True,,Outside Australia,Vocational Education and Training Sector,Secondary,Other visas / No Previous Visa,1839
2019-20,2019-20,True,,Outside Australia,Vocational Education and Training Sector,Secondary,Visitor,319
2019-20,2019-20,True,,In Australia,Foreign Affairs or Defence Sector,Secondary,Visitor,24
2019-20,2019-20,True,,Outside Australia,Independent ELICOS Sector,Primary,Working Holiday Maker,201
2019-20,2019-20,True,,Outside Australia,Independent ELICOS Sector,Secondary,Student,63
2019-20,2019-20,True,,Outside Australia,Non-Award Sector,Secondary,Other visas / No Previous Visa,25
2019-20,2019-20,True,,Outside Australia,Postgraduate Research Sector,Primary,Temporary Resident (Skilled Employment),9
2019-20,2019-20,True,,Outside Australia,Vocational Education and Training Sector,Primary,Other Temporary,7
2019-20,2019-20,True,,In Australia,Independent ELICOS Sector,Secondary,Temporary Resident (Skilled Employment),13
2019-20,2019-20,True,,Outside Australia,Vocational Education and Training Sector,Secondary,Working Holiday Maker,46
2019-20,2019-20,True,,Outside Australia,Vocational Education and Training Sector,Secondary,Crew and Transit,23
2019-20,2019-20,True,,Outside Australia,Higher Education Sector,Primary,Temporary Resident (Skilled Employment),80
2019-20,2019-20,True,,In Australia,Non-Award Sector,Secondary,Visitor,3
2019-20,2019-20,True,,Outside Australia,Independent ELICOS Sector,Secondary,Working Holiday Maker,9
2019-20,2019-20,True,,In Australia,Schools Sector,Primary,Temporary Resident (Other Employment),17
2019-20,2019-20,True,,Outside Australia,Postgraduate Research Sector,Secondary,Temporary Resident (Skilled Employment),6
2019-20,2019-20,True,,Outside Australia,Vocational Education and Training Sector,Secondary,Temporary Resident (Skilled Employment),10
2019-20,2019-20,True,,Outside Australia,Vocational Education and Training Sector,Secondary,Temporary Resident (Other Employment),8
2019-20,2019-20,True,,In Australia,Postgraduate Research Sector,Secondary,Temporary Resident (Skilled Employment),9
2019-20,2019-20,True,,In Australia,Schools Sector,Primary,Special Category,1
2019-20,2019-20,True,,Outside Australia,Independent ELICOS Sector,Secondary,Temporary Resident (Skilled Employment),3
2019-20,2019-20,True,,Outside Australia,Postgraduate Research Sector,Secondary,Working Holiday Maker,8
2019-20,2019-20,True,,Outside Australia,Vocational Education and Training Sector,Primary,Temporary Resident (Skilled Employment),17
2019-20,2019-20,True,,In Australia,Postgraduate Research Sector,Primary,Other visas / No Previous Visa,4
2019-20,2019-20,True,,Outside Australia,Higher Education Sector,Secondary,Temporary Resident (Skilled Employment),16
2019-20,2019-20,True,,Outside Australia,Higher Education Sector,Secondary,Temporary Resident (Other Employment),5
2019-20,2019-20,True,,Outside Australia,Postgraduate Research Sector,Secondary,Temporary Resident (Other Employment),7
2019-20,2019-20,True,,Outside Australia,Higher Education Sector,Secondary,Working Holiday Maker,37
2019-20,2019-20,True,,Outside Australia,Non-Award Sector,Primary,Temporary Resident (Skilled Employment),10
2019-20,2019-20,True,,In Australia,Vocational Education and Training Sector,Secondary,Other Temporary,6
2019-20,2019-20,True,,Outside Australia,Non-Award Sector,Primary,Temporary Resident (Other Employment),9
2019-20,2019-20,True,,Outside Australia,Foreign Affairs or Defence Sector,Secondary,Crew and Transit,4
2019-20,2019-20,True,,In Australia,Higher Education Sector,Secondary,Crew and Transit,1
2019-20,2019-20,True,,In Australia,Postgraduate Research Sector,Secondary,Other Temporary,1
2019-20,2019-20,True,,Outside Australia,Schools Sector,Primary,Temporary Resident (Other Employment),3
2019-20,2019-20,True,,Outside Australia,Higher Education Sector,Primary,Other Temporary,13
2019-20,2019-20,True,,Outside Australia,Independent ELICOS Sector,Primary,Other Temporary,5
2019-20,2019-20,True,,Outside Australia,Schools Sector,Primary,Temporary Resident (Skilled Employment),18
2019-20,2019-20,True,,Outside Australia,Postgraduate Research Sector,Secondary,Crew and Transit,4
2019-20,2019-20,True,,Outside Australia,Independent ELICOS Sector,Primary,Temporary Resident (Other Employment),4
2019-20,2019-20,True,,Outside Australia,Independent ELICOS Sector,Secondary,Crew and Transit,1
2019-20,2019-20,True,,Outside Australia,Non-Award Sector,Primary,Crew and Transit,3
2019-20,2019-20,True,,In Australia,Postgraduate Research Sector,Primary,Temporary Resident (Skilled Employment),13
2019-20,2019-20,True,,Outside Australia,Non-Award Sector,Secondary,Student,2
2019-20,2019-20,True,,Outside Australia,Foreign Affairs or Defence Sector,Secondary,Temporary Resident (Skilled Employment),2
2019-20,2019-20,True,,In Australia,Higher Education Sector,Primary,Other Temporary,16
2019-20,2019-20,True,,In Australia,Higher Education Sector,Secondary,Other Temporary,5
2019-20,2019-20,True,,Outside Australia,Vocational Education and Training Sector,Secondary,Other Temporary,3
2019-20,2019-20,True,,In Australia,Independent ELICOS Sector,Primary,Other Temporary,1
2019-20,2019-20,True,,In Australia,Schools Sector,Primary,Working Holiday Maker,1
2019-20,2019-20,True,,In Australia,Foreign Affairs or Defence Sector,Primary,Temporary Resident (Other Employment),1
2019-20,2019-20,True,,In Australia,Non-Award Sector,Primary,Temporary Resident (Other Employment),1
2019-20,2019-20,True,,Outside Australia,Foreign Affairs or Defence Sector,Secondary,Temporary Resident (Other Employment),8
2019-20,2019-20,True,,In Australia,Vocational Education and Training Sector,Secondary,Crew and Transit,2
2019-20,2019-20,True,,In Australia,Foreign Affairs or Defence Sector,Primary,Visitor,5
2019-20,2019-20,True,,Outside Australia,Independent ELICOS Sector,Secondary,Temporary Resident (Other Employment),2
2019-20,2019-20,True,,Outside Australia,Foreign Affairs or Defence Sector,Primary,Other Temporary,3
2019-20,2019-20,True,,In Australia,Schools Sector,Secondary,Other visas / No Previous Visa,1
2019-20,2019-20,True,,In Australia,Non-Award Sector,Primary,Temporary Graduate,1
2019-20,2019-20,True,,Outside Australia,Schools Sector,Primary,Crew and Transit,3
2019-20,2019-20,True,,Outside Australia,Non-Award Sector,Primary,Special Category,1
2019-20,2019-20,True,,In Australia,Non-Award Sector,Primary,Temporary Resident (Skilled Employment),1
2019-20,2019-20,True,,In Australia,Non-Award Sector,Primary,Other visas / No Previous Visa,1
2019-20,2019-20,True,,In Australia,Non-Award Sector,Secondary,Temporary Graduate,1
2019-20,2019-20,True,,Outside Australia,Independent ELICOS Sector,Primary,Temporary Resident (Skilled Employment),1
2019-20,2019-20,True,,Outside Australia,Foreign Affairs or Defence Sector,Primary,Temporary Resident (Skilled Employment),1
2019-20,2019-20,True,,Outside Australia,Schools Sector,Primary,Other Temporary,1
2019-20,2019-20,True,,In Australia,Foreign Affairs or Defence Sector,Primary,Crew and Transit,1
2020-21,2020-21,True,,In Australia,Foreign Affairs or Defence Sector,Secondary,Student,219
2020-21,2020-21,True,,In Australia,Higher Education Sector,Primary,Student,51784
2020-21,2020-21,True,,In Australia,Higher Education Sector,Primary,Temporary Resident (Other Employment),258
2020-21,2020-21,True,,In Australia,Higher Education Sector,Primary,Working Holiday Maker,679
2020-21,2020-21,True,,In Australia,Higher Education Sector,Primary,Temporary Resident (Skilled Employment),233
2020-21,2020-21,True,,In Australia,Higher Education Sector,Primary,Visitor,1110
2020-21,2020-21,True,,In Australia,Higher Education Sector,Primary,Temporary Graduate,2866
2020-21,2020-21,True,,In Australia,Higher Education Sector,Secondary,Other visas / No Previous Visa,607
2020-21,2020-21,True,,In Australia,Higher Education Sector,Secondary,Temporary Graduate,1946
2020-21,2020-21,True,,In Australia,Higher Education Sector,Secondary,Student,9275
2020-21,2020-21,True,,In Australia,Higher Education Sector,Secondary,Visitor,381
2020-21,2020-21,True,,In Australia,Higher Education Sector,Secondary,Working Holiday Maker,145
2020-21,2020-21,True,,In Australia,Higher Education Sector,Secondary,Temporary Resident (Skilled Employment),144
2020-21,2020-21,True,,In Australia,Higher Education Sector,Secondary,Temporary Resident (Other Employment),86
2020-21,2020-21,True,,In Australia,Independent ELICOS Sector,Primary,Student,2360
2020-21,2020-21,True,,In Australia,Independent ELICOS Sector,Primary,Visitor,628
2020-21,2020-21,True,,In Australia,Independent ELICOS Sector,Primary,Working Holiday Maker,850
2020-21,2020-21,True,,In Australia,Independent ELICOS Sector,Primary,Temporary Resident (Other Employment),58
2020-21,2020-21,True,,In Australia,Independent ELICOS Sector,Secondary,Visitor,87
2020-21,2020-21,True,,In Australia,Independent ELICOS Sector,Secondary,Student,443
2020-21,2020-21,True,,In Australia,Independent ELICOS Sector,Secondary,Other visas / No Previous Visa,10
2020-21,2020-21,True,,In Australia,Non-Award Sector,Primary,Visitor,15
2020-21,2020-21,True,,In Australia,Non-Award Sector,Primary,Student,159
2020-21,2020-21,True,,In Australia,Postgraduate Research Sector,Primary,Visitor,171
2020-21,2020-21,True,,In Australia,Postgraduate Research Sector,Primary,Student,2044
2020-21,2020-21,True,,In Australia,Postgraduate Research Sector,Primary,Temporary Graduate,396
2020-21,2020-21,True,,In Australia,Postgraduate Research Sector,Primary,Working Holiday Maker,39
2020-21,2020-21,True,,In Australia,Postgraduate Research Sector,Secondary,Student,1058
2020-21,2020-21,True,,In Australia,Postgraduate Research Sector,Secondary,Other visas / No Previous Visa,186
2020-21,2020-21,True,,In Australia,Postgraduate Research Sector,Secondary,Temporary Graduate,197
2020-21,2020-21,True,,In Australia,Postgraduate Research Sector,Secondary,Temporary Resident (Other Employment),33
2020-21,2020-21,True,,In Australia,Postgraduate Research Sector,Secondary,Visitor,42
2020-21,2020-21,True,,In Australia,Postgraduate Research Sector,Secondary,Working Holiday Maker,28
2020-21,2020-21,True,,In Australia,Schools Sector,Primary,Student,844
2020-21,2020-21,True,,In Australia,Schools Sector,Primary,Visitor,199
2020-21,2020-21,True,,In Australia,Vocational Education and Training Sector,Primary,Temporary Graduate,7657
2020-21,2020-21,True,,In Australia,Vocational Education and Training Sector,Primary,Student,41913
2020-21,2020-21,True,,In Australia,Vocational Education and Training Sector,Primary,Visitor,3657
2020-21,2020-21,True,,In Australia,Vocational Education and Training Sector,Primary,Other visas / No Previous Visa,33
2020-21,2020-21,True,,In Australia,Vocational Education and Training Sector,Primary,Temporary Resident (Other Employment),898
2020-21,2020-21,True,,In Australia,Vocational Education and Training Sector,Primary,Working Holiday Maker,5457
2020-21,2020-21,True,,In Australia,Vocational Education and Training Sector,Primary,Temporary Resident (Skilled Employment),565
2020-21,2020-21,True,,In Australia,Vocational Education and Training Sector,Secondary,Visitor,833
2020-21,2020-21,True,,In Australia,Vocational Education and Training Sector,Secondary,Student,8096
2020-21,2020-21,True,,In Australia,Vocational Education and Training Sector,Secondary,Temporary Graduate,2639
2020-21,2020-21,True,,In Australia,Vocational Education and Training Sector,Secondary,Other visas / No Previous Visa,525
2020-21,2020-21,True,,In Australia,Vocational Education and Training Sector,Secondary,Working Holiday Maker,531
2020-21,2020-21,True,,In Australia,Vocational Education and Training Sector,Secondary,Temporary Resident (Skilled Employment),187
2020-21,2020-21,True,,In Australia,Vocational Education and Training Sector,Secondary,Temporary Resident (Other Employment),123
2020-21,2020-21,True,,Outside Australia,Foreign Affairs or Defence Sector,Primary,Student,138
2020-21,2020-21,True,,Outside Australia,Foreign Affairs or Defence Sector,Primary,Visitor,65
2020-21,2020-21,True,,Outside Australia,Higher Education Sector,Primary,Student,12155
2020-21,2020-21,True,,Outside Australia,Higher Education Sector,Primary,Working Holiday Maker,253
2020-21,2020-21,True,,Outside Australia,Higher Education Sector,Primary,Other visas / No Previous Visa,37305
2020-21,2020-21,True,,Outside Australia,Higher Education Sector,Primary,Visitor,8637
2020-21,2020-21,True,,Outside Australia,Higher Education Sector,Primary,Crew and Transit,78
2020-21,2020-21,True,,Outside Australia,Higher Education Sector,Primary,Temporary Resident (Other Employment),43
2020-21,2020-21,True,,Outside Australia,Higher Education Sector,Primary,Temporary Graduate,142
2020-21,2020-21,True,,In Australia,Higher Education Sector,Primary,Other visas / No Previous Visa,54
2020-21,2020-21,True,,Outside Australia,Higher Education Sector,Secondary,Other visas / No Previous Visa,4215
2020-21,2020-21,True,,Outside Australia,Higher Education Sector,Secondary,Visitor,547
2020-21,2020-21,True,,Outside Australia,Higher Education Sector,Secondary,Student,817
2020-21,2020-21,True,,Outside Australia,Higher Education Sector,Secondary,Temporary Graduate,127
2020-21,2020-21,True,,Outside Australia,Independent ELICOS Sector,Primary,Other visas / No Previous Visa,915
2020-21,2020-21,True,,Outside Australia,Independent ELICOS Sector,Primary,Visitor,87
2020-21,2020-21,True,,Outside Australia,Independent ELICOS Sector,Primary,Working Holiday Maker,11
2020-21,2020-21,True,,Outside Australia,Independent ELICOS Sector,Primary,Student,94
2020-21,2020-21,True,,Outside Australia,Independent ELICOS Sector,Secondary,Other visas / No Previous Visa,69
2020-21,2020-21,True,,Outside Australia,Non-Award Sector,Primary,Visitor,50
2020-21,2020-21,True,,Outside Australia,Non-Award Sector,Primary,Other visas / No Previous Visa,168
2020-21,2020-21,True,,Outside Australia,Postgraduate Research Sector,Primary,Student,471
2020-21,2020-21,True,,Outside Australia,Postgraduate Research Sector,Primary,Visitor,391
2020-21,2020-21,True,,Outside Australia,Postgraduate Research Sector,Primary,Other visas / No Previous Visa,2206
2020-21,2020-21,True,,Outside Australia,Postgraduate Research Sector,Secondary,Student,193
2020-21,2020-21,True,,Outside Australia,Postgraduate Research Sector,Secondary,Other visas / No Previous Visa,1197
2020-21,2020-21,True,,Outside Australia,Postgraduate Research Sector,Secondary,Visitor,125
2020-21,2020-21,True,,Outside Australia,Schools Sector,Primary,Other visas / No Previous Visa,693
2020-21,2020-21,True,,Outside Australia,Schools Sector,Primary,Visitor,743
2020-21,2020-21,True,,Outside Australia,Vocational Education and Training Sector,Primary,Student,550
2020-21,2020-21,True,,Outside Australia,Vocational Education and Training Sector,Primary,Other visas / No Previous Visa,3114
2020-21,2020-21,True,,Outside Australia,Vocational Education and Training Sector,Primary,Working Holiday Maker,164
2020-21,2020-21,True,,Outside Australia,Vocational Education and Training Sector,Primary,Visitor,556
2020-21,2020-21,True,,Outside Australia,Vocational Education and Training Sector,Primary,Temporary Graduate,37
2020-21,2020-21,True,,Outside Australia,Vocational Education and Training Sector,Secondary,Other visas / No Previous Visa,1233
2020-21,2020-21,True,,Outside Australia,Vocational Education and Training Sector,Secondary,Student,354
2020-21,2020-21,True,,Outside Australia,Vocational Education and Training Sector,Secondary,Temporary Graduate,188
2020-21,2020-21,True,,Outside Australia,Vocational Education and Training Sector,Secondary,Working Holiday Maker,19
2020-21,2020-21,True,,Outside Australia,Vocational Education and Training Sector,Secondary,Visitor,149
2020-21,2020-21,True,,In Australia,Foreign Affairs or Defence Sector,Primary,Student,307
2020-21,2020-21,True,,In Australia,Independent ELICOS Sector,Primary,Temporary Resident (Skilled Employment),10
2020-21,2020-21,True,,In Australia,Postgraduate Research Sector,Primary,Temporary Resident (Other Employment),86
2020-21,2020-21,True,,In Australia,Higher Education Sector,Primary,Other Temporary,14
2020-21,2020-21,True,,In Australia,Postgraduate Research Sector,Secondary,Temporary Resident (Skilled Employment),16
2020-21,2020-21,True,,In Australia,Independent ELICOS Sector,Primary,Temporary Graduate,32
2020-21,2020-21,True,,In Australia,Non-Award Sector,Primary,Working Holiday Maker,7
2020-21,2020-21,True,,In Australia,Postgraduate Research Sector,Primary,Other visas / No Previous Visa,1
2020-21,2020-21,True,,In Australia,Schools Sector,Primary,Temporary Resident (Other Employment),19
2020-21,2020-21,True,,In Australia,Schools Sector,Primary,Temporary Resident (Skilled Employment),37
2020-21,2020-21,True,,Outside Australia,Non-Award Sector,Primary,Student,13
2020-21,2020-21,True,,Outside Australia,Non-Award Sector,Secondary,Other visas / No Previous Visa,12
2020-21,2020-21,True,,Outside Australia,Postgraduate Research Sector,Primary,Temporary Resident (Other Employment),72
2020-21,2020-21,True,,Outside Australia,Postgraduate Research Sector,Primary,Temporary Graduate,45
2020-21,2020-21,True,,Outside Australia,Vocational Education and Training Sector,Primary,Temporary Resident (Skilled Employment),7
2020-21,2020-21,True,,Outside Australia,Foreign Affairs or Defence Sector,Primary,Other visas / No Previous Visa,170
2020-21,2020-21,True,,Outside Australia,Higher Education Sector,Primary,Temporary Resident (Skilled Employment),48
2020-21,2020-21,True,,Outside Australia,Higher Education Sector,Secondary,Working Holiday Maker,26
2020-21,2020-21,True,,Outside Australia,Non-Award Sector,Primary,Working Holiday Maker,1
2020-21,2020-21,True,,In Australia,Independent ELICOS Sector,Secondary,Temporary Resident (Other Employment),15
2020-21,2020-21,True,,Outside Australia,Postgraduate Research Sector,Secondary,Temporary Resident (Other Employment),12
2020-21,2020-21,True,,Outside Australia,Schools Sector,Primary,Temporary Resident (Skilled Employment),7
2020-21,2020-21,True,,Outside Australia,Schools Sector,Primary,Student,81
2020-21,2020-21,True,,In Australia,Schools Sector,Primary,Other Temporary,17
2020-21,2020-21,True,,In Australia,Foreign Affairs or Defence Sector,Secondary,Other visas / No Previous Visa,10
2020-21,2020-21,True,,In Australia,Vocational Education and Training Sector,Secondary,Other Temporary,8
2020-21,2020-21,True,,Outside Australia,Independent ELICOS Sector,Secondary,Student,20
2020-21,2020-21,True,,Outside Australia,Independent ELICOS Sector,Secondary,Visitor,7
2020-21,2020-21,True,,Outside Australia,Postgraduate Research Sector,Primary,Working Holiday Maker,36
2020-21,2020-21,True,,In Australia,Foreign Affairs or Defence Sector,Secondary,Visitor,3
2020-21,2020-21,True,,In Australia,Independent ELICOS Sector,Secondary,Working Holiday Maker,46
2020-21,2020-21,True,,In Australia,Vocational Education and Training Sector,Primary,Other Temporary,51
2020-21,2020-21,True,,In Australia,Independent ELICOS Sector,Secondary,Temporary Graduate,15
2020-21,2020-21,True,,Outside Australia,Postgraduate Research Sector,Secondary,Temporary Graduate,18
2020-21,2020-21,True,,Outside Australia,Foreign Affairs or Defence Sector,Secondary,Other visas / No Previous Visa,174
2020-21,2020-21,True,,Outside Australia,Foreign Affairs or Defence Sector,Secondary,Visitor,19
2020-21,2020-21,True,,In Australia,Non-Award Sector,Secondary,Working Holiday Maker,1
2020-21,2020-21,True,,In Australia,Postgraduate Research Sector,Primary,Temporary Resident (Skilled Employment),13
2020-21,2020-21,True,,Outside Australia,Vocational Education and Training Sector,Secondary,Temporary Resident (Skilled Employment),16
2020-21,2020-21,True,,In Australia,Schools Sector,Primary,Temporary Graduate,2
2020-21,2020-21,True,,Outside Australia,Higher Education Sector,Secondary,Temporary Resident (Skilled Employment),20
2020-21,2020-21,True,,Outside Australia,Schools Sector,Primary,Crew and Transit,2
2020-21,2020-21,True,,Outside Australia,Vocational Education and Training Sector,Secondary,Crew and Transit,15
2020-21,2020-21,True,,Outside Australia,Higher Education Sector,Secondary,Crew and Transit,12
2020-21,2020-21,True,,Outside Australia,Independent ELICOS Sector,Primary,Temporary Resident (Other Employment),2
2020-21,2020-21,True,,Outside Australia,Postgraduate Research Sector,Primary,Crew and Transit,4
2020-21,2020-21,True,,Outside Australia,Foreign Affairs or Defence Sector,Secondary,Student,14
2020-21,2020-21,True,,In Australia,Independent ELICOS Sector,Primary,Other Temporary,11
2020-21,2020-21,True,,In Australia,Independent ELICOS Sector,Secondary,Temporary Resident (Skilled Employment),5
2020-21,2020-21,True,,Outside Australia,Non-Award Sector,Secondary,Visitor,1
2020-21,2020-21,True,,Outside Australia,Vocational Education and Training Sector,Primary,Crew and Transit,21
2020-21,2020-21,True,,In Australia,Higher Education Sector,Secondary,Other Temporary,5
2020-21,2020-21,True,,Outside Australia,Foreign Affairs or Defence Sector,Primary,Temporary Resident (Other Employment),18
2020-21,2020-21,True,,In Australia,Non-Award Sector,Primary,Temporary Graduate,1
2020-21,2020-21,True,,In Australia,Schools Sector,Primary,Other visas / No Previous Visa,6
2020-21,2020-21,True,,Outside Australia,Higher Education Sector,Secondary,Temporary Resident (Other Employment),16
2020-21,2020-21,True,,Outside Australia,Independent ELICOS Sector,Primary,Temporary Resident (Skilled Employment),1
2020-21,2020-21,True,,Outside Australia,Vocational Education and Training Sector,Primary,Temporary Resident (Other Employment),6
2020-21,2020-21,True,,Outside Australia,Postgraduate Research Sector,Secondary,Crew and Transit,1
2020-21,2020-21,True,,Outside Australia,Schools Sector,Primary,Temporary Resident (Other Employment),1
2020-21,2020-21,True,,Outside Australia,Schools Sector,Primary,Other Temporary,3
2020-21,2020-21,True,,Outside Australia,Foreign Affairs or Defence Sector,Primary,Crew and Transit,3
2020-21,2020-21,True,,In Australia,Non-Award Sector,Primary,Temporary Resident (Other Employment),3
2020-21,2020-21,True,,In Australia,Non-Award Sector,Secondary,Student,4
2020-21,2020-21,True,,In Australia,Higher Education Sector,Primary,Crew and Transit,1
2020-21,2020-21,True,,Outside Australia,Postgraduate Research Sector,Secondary,Working Holiday Maker,7
2020-21,2020-21,True,,Outside Australia,Vocational Education and Training Sector,Secondary,Temporary Resident (Other Employment),7
2020-21,2020-21,True,,In Australia,Independent ELICOS Sector,Primary,Other visas / No Previous Visa,1
2020-21,2020-21,True,,In Australia,Vocational Education and Training Sector,Primary,Crew and Transit,2
2020-21,2020-21,True,,Outside Australia,Vocational Education and Training Sector,Primary,Other Temporary,1
2020-21,2020-21,True,,In Australia,Non-Award Sector,Secondary,Visitor,1
2020-21,2020-21,True,,In Australia,Foreign Affairs or Defence Sector,Primary,Visitor,1
2020-21,2020-21,True,,In Australia,Schools Sector,Secondary,Visitor,1
2020-21,2020-21,True,,Outside Australia,Non-Award Sector,Primary,Temporary Resident (Skilled Employment),1
2020-21,2020-21,True,,In Australia,Postgraduate Research Sector,Secondary,Other Temporary,1
2020-21,2020-21,True,,In Australia,Non-Award Sector,Primary,Other visas / No Previous Visa,1
2020-21,2020-21,True,,Outside Australia,Foreign Affairs or Defence Sector,Secondary,Crew and Transit,1
2020-21,2020-21,True,,Outside Australia,Postgraduate Research Sector,Primary,Temporary Resident (Skilled Employment),2
2020-21,2020-21,True,,In Australia,Vocational Education and Training Sector,Secondary,Crew and Transit,1
2020-21,2020-21,True,,Outside Australia,Higher Education Sector,Primary,Other Temporary,1
2020-21,2020-21,True,,Outside Australia,Independent ELICOS Sector,Secondary,Working Holiday Maker,1
2020-21,2020-21,True,,Outside Australia,Non-Award Sector,Primary,Crew and Transit,2
2020-21,2020-21,True,,In Australia,Vocational Education and Training Sector,Secondary,Temporary Protection,1
2021-22,2021-22,True,,In Australia,Foreign Affairs or Defence Sector,Primary,Student,256
2021-22,2021-22,True,,In Australia,Foreign Affairs or Defence Sector,Secondary,Student,152
2021-22,2021-22,True,,In Australia,Higher Education Sector,Primary,Student,38372
2021-22,2021-22,True,,In Australia,Higher Education Sector,Primary,Temporary Graduate,1731
2021-22,2021-22,True,,In Australia,Higher Education Sector,Primary,Working Holiday Maker,395
2021-22,2021-22,True,,In Australia,Higher Education Sector,Primary,Temporary Resident (Skilled Employment),130
2021-22,2021-22,True,,In Australia,Higher Education Sector,Primary,Visitor,600
2021-22,2021-22,True,,In Australia,Higher Education Sector,Primary,Other visas / No Previous Visa,57
2021-22,2021-22,True,,In Australia,Higher Education Sector,Primary,Temporary Resident (Other Employment),293
2021-22,2021-22,True,,In Australia,Higher Education Sector,Primary,Other Temporary,18
2021-22,2021-22,True,,In Australia,Higher Education Sector,Secondary,Student,5496
2021-22,2021-22,True,,In Australia,Higher Education Sector,Secondary,Temporary Graduate,1129
2021-22,2021-22,True,,In Australia,Higher Education Sector,Secondary,Other visas / No Previous Visa,410
2021-22,2021-22,True,,In Australia,Higher Education Sector,Secondary,Working Holiday Maker,63
2021-22,2021-22,True,,In Australia,Higher Education Sector,Secondary,Temporary Resident (Other Employment),84
2021-22,2021-22,True,,In Australia,Higher Education Sector,Secondary,Temporary Resident (Skilled Employment),58
2021-22,2021-22,True,,In Australia,Independent ELICOS Sector,Primary,Visitor,167
2021-22,2021-22,True,,In Australia,Independent ELICOS Sector,Primary,Student,566
2021-22,2021-22,True,,In Australia,Independent ELICOS Sector,Primary,Temporary Resident (Skilled Employment),4
2021-22,2021-22,True,,In Australia,Independent ELICOS Sector,Primary,Working Holiday Maker,186
2021-22,2021-22,True,,In Australia,Independent ELICOS Sector,Primary,Temporary Graduate,27
2021-22,2021-22,True,,In Australia,Independent ELICOS Sector,Primary,Temporary Resident (Other Employment),20
2021-22,2021-22,True,,In Australia,Independent ELICOS Sector,Secondary,Student,138
2021-22,2021-22,True,,In Australia,Independent ELICOS Sector,Secondary,Working Holiday Maker,7
2021-22,2021-22,True,,In Australia,Non-Award Sector,Primary,Student,36
2021-22,2021-22,True,,In Australia,Postgraduate Research Sector,Primary,Temporary Graduate,304
2021-22,2021-22,True,,In Australia,Postgraduate Research Sector,Primary,Visitor,164
2021-22,2021-22,True,,In Australia,Postgraduate Research Sector,Primary,Temporary Resident (Other Employment),57
2021-22,2021-22,True,,In Australia,Postgraduate Research Sector,Primary,Student,1743
2021-22,2021-22,True,,In Australia,Postgraduate Research Sector,Primary,Working Holiday Maker,16
2021-22,2021-22,True,,In Australia,Postgraduate Research Sector,Secondary,Student,945
2021-22,2021-22,True,,In Australia,Postgraduate Research Sector,Secondary,Temporary Graduate,102
2021-22,2021-22,True,,In Australia,Postgraduate Research Sector,Secondary,Other visas / No Previous Visa,172
2021-22,2021-22,True,,In Australia,Postgraduate Research Sector,Secondary,Visitor,18
2021-22,2021-22,True,,In Australia,Schools Sector,Primary,Student,656
2021-22,2021-22,True,,In Australia,Vocational Education and Training Sector,Primary,Student,33239
2021-22,2021-22,True,,In Australia,Vocational Education and Training Sector,Primary,Temporary Graduate,5749
2021-22,2021-22,True,,In Australia,Vocational Education and Training Sector,Primary,Temporary Resident (Other Employment),786
2021-22,2021-22,True,,In Australia,Vocational Education and Training Sector,Primary,Working Holiday Maker,2236
2021-22,2021-22,True,,In Australia,Vocational Education and Training Sector,Primary,Temporary Resident (Skilled Employment),292
2021-22,2021-22,True,,In Australia,Vocational Education and Training Sector,Primary,Visitor,1974
2021-22,2021-22,True,,In Australia,Vocational Education and Training Sector,Primary,Other Temporary,72
2021-22,2021-22,True,,In Australia,Vocational Education and Training Sector,Secondary,Student,5879
2021-22,2021-22,True,,In Australia,Vocational Education and Training Sector,Secondary,Temporary Graduate,1426
2021-22,2021-22,True,,In Australia,Vocational Education and Training Sector,Secondary,Temporary Resident (Skilled Employment),119
2021-22,2021-22,True,,In Australia,Vocational Education and Training Sector,Secondary,Other visas / No Previous Visa,507
2021-22,2021-22,True,,In Australia,Vocational Education and Training Sector,Secondary,Working Holiday Maker,219
2021-22,2021-22,True,,In Australia,Vocational Education and Training Sector,Secondary,Visitor,467
2021-22,2021-22,True,,In Australia,Vocational Education and Training Sector,Secondary,Temporary Resident (Other Employment),76
2021-22,2021-22,True,,Outside Australia,Foreign Affairs or Defence Sector,Primary,Visitor,297
2021-22,2021-22,True,,Outside Australia,Foreign Affairs or Defence Sector,Primary,Student,452
2021-22,2021-22,True,,Outside Australia,Foreign Affairs or Defence Sector,Secondary,Other visas / No Previous Visa,593
2021-22,2021-22,True,,Outside Australia,Higher Education Sector,Primary,Visitor,14237
2021-22,2021-22,True,,Outside Australia,Higher Education Sector,Primary,Other visas / No Previous Visa,58422
2021-22,2021-22,True,,Outside Australia,Higher Education Sector,Primary,Temporary Graduate,128
2021-22,2021-22,True,,Outside Australia,Higher Education Sector,Primary,Student,19594
2021-22,2021-22,True,,Outside Australia,Higher Education Sector,Primary,Crew and Transit,137
2021-22,2021-22,True,,Outside Australia,Higher Education Sector,Primary,Temporary Resident (Other Employment),98
2021-22,2021-22,True,,Outside Australia,Higher Education Sector,Primary,Working Holiday Maker,325
2021-22,2021-22,True,,In Australia,Higher Education Sector,Secondary,Visitor,127
2021-22,2021-22,True,,Outside Australia,Higher Education Sector,Secondary,Crew and Transit,23
2021-22,2021-22,True,,Outside Australia,Higher Education Sector,Secondary,Student,1103
2021-22,2021-22,True,,Outside Australia,Higher Education Sector,Secondary,Other visas / No Previous Visa,6455
2021-22,2021-22,True,,Outside Australia,Higher Education Sector,Secondary,Visitor,806
2021-22,2021-22,True,,Outside Australia,Higher Education Sector,Secondary,Temporary Graduate,128
2021-22,2021-22,True,,Outside Australia,Higher Education Sector,Secondary,Temporary Resident (Skilled Employment),16
2021-22,2021-22,True,,Outside Australia,Independent ELICOS Sector,Primary,Other visas / No Previous Visa,12088
2021-22,2021-22,True,,Outside Australia,Independent ELICOS Sector,Primary,Student,1200
2021-22,2021-22,True,,Outside Australia,Non-Award Sector,Primary,Other visas / No Previous Visa,5802
2021-22,2021-22,True,,Outside Australia,Postgraduate Research Sector,Primary,Visitor,356
2021-22,2021-22,True,,Outside Australia,Postgraduate Research Sector,Primary,Other visas / No Previous Visa,2088
2021-22,2021-22,True,,Outside Australia,Postgraduate Research Sector,Primary,Student,583
2021-22,2021-22,True,,Outside Australia,Postgraduate Research Sector,Primary,Temporary Graduate,27
2021-22,2021-22,True,,Outside Australia,Postgraduate Research Sector,Primary,Temporary Resident (Other Employment),53
2021-22,2021-22,True,,Outside Australia,Postgraduate Research Sector,Primary,Working Holiday Maker,31
2021-22,2021-22,True,,Outside Australia,Postgraduate Research Sector,Secondary,Other visas / No Previous Visa,1632
2021-22,2021-22,True,,Outside Australia,Postgraduate Research Sector,Secondary,Student,279
2021-22,2021-22,True,,Outside Australia,Postgraduate Research Sector,Secondary,Visitor,136
2021-22,2021-22,True,,Outside Australia,Schools Sector,Primary,Visitor,1094
2021-22,2021-22,True,,Outside Australia,Schools Sector,Primary,Other visas / No Previous Visa,2067
2021-22,2021-22,True,,In Australia,Postgraduate Research Sector,Secondary,Temporary Resident (Other Employment),18
2021-22,2021-22,True,,Outside Australia,Schools Sector,Primary,Student,127
2021-22,2021-22,True,,Outside Australia,Vocational Education and Training Sector,Primary,Other visas / No Previous Visa,12987
2021-22,2021-22,True,,Outside Australia,Vocational Education and Training Sector,Primary,Student,2111
2021-22,2021-22,True,,Outside Australia,Vocational Education and Training Sector,Primary,Temporary Graduate,58
2021-22,2021-22,True,,Outside Australia,Vocational Education and Training Sector,Primary,Working Holiday Maker,541
2021-22,2021-22,True,,Outside Australia,Vocational Education and Training Sector,Primary,Visitor,1741
2021-22,2021-22,True,,Outside Australia,Vocational Education and Training Sector,Primary,Temporary Resident (Other Employment),30
2021-22,2021-22,True,,Outside Australia,Vocational Education and Training Sector,Secondary,Student,744
2021-22,2021-22,True,,Outside Australia,Vocational Education and Training Sector,Secondary,Temporary Graduate,345
2021-22,2021-22,True,,Outside Australia,Vocational Education and Training Sector,Secondary,Other visas / No Previous Visa,1453
2021-22,2021-22,True,,Outside Australia,Vocational Education and Training Sector,Secondary,Visitor,295
2021-22,2021-22,True,,Outside Australia,Vocational Education and Training Sector,Secondary,Temporary Resident (Other Employment),14
2021-22,2021-22,True,,In Australia,Independent ELICOS Sector,Secondary,Visitor,22
2021-22,2021-22,True,,In Australia,Non-Award Sector,Primary,Visitor,9
2021-22,2021-22,True,,In Australia,Non-Award Sector,Primary,Working Holiday Maker,3
2021-22,2021-22,True,,Outside Australia,Foreign Affairs or Defence Sector,Primary,Other visas / No Previous Visa,1007
2021-22,2021-22,True,,In Australia,Schools Sector,Primary,Temporary Resident (Other Employment),19
2021-22,2021-22,True,,Outside Australia,Higher Education Sector,Secondary,Working Holiday Maker,43
2021-22,2021-22,True,,Outside Australia,Independent ELICOS Sector,Primary,Crew and Transit,15
2021-22,2021-22,True,,Outside Australia,Independent ELICOS Sector,Primary,Visitor,1079
2021-22,2021-22,True,,Outside Australia,Independent ELICOS Sector,Secondary,Student,94
2021-22,2021-22,True,,Outside Australia,Vocational Education and Training Sector,Secondary,Working Holiday Maker,34
2021-22,2021-22,True,,Outside Australia,Foreign Affairs or Defence Sector,Secondary,Student,62
2021-22,2021-22,True,,Outside Australia,Higher Education Sector,Primary,Temporary Resident (Skilled Employment),82
2021-22,2021-22,True,,In Australia,Independent ELICOS Sector,Primary,Other Temporary,5
2021-22,2021-22,True,,In Australia,Independent ELICOS Sector,Secondary,Other visas / No Previous Visa,5
2021-22,2021-22,True,,In Australia,Schools Sector,Primary,Temporary Resident (Skilled Employment),16
2021-22,2021-22,True,,In Australia,Vocational Education and Training Sector,Primary,Other visas / No Previous Visa,61
2021-22,2021-22,True,,Outside Australia,Independent ELICOS Sector,Secondary,Other visas / No Previous Visa,665
2021-22,2021-22,True,,Outside Australia,Non-Award Sector,Primary,Visitor,1180
2021-22,2021-22,True,,Outside Australia,Non-Award Sector,Primary,Student,65
2021-22,2021-22,True,,Outside Australia,Vocational Education and Training Sector,Primary,Crew and Transit,47
2021-22,2021-22,True,,In Australia,Schools Sector,Primary,Visitor,38
2021-22,2021-22,True,,In Australia,Schools Sector,Secondary,Temporary Resident (Skilled Employment),1
2021-22,2021-22,True,,Outside Australia,Foreign Affairs or Defence Sector,Secondary,Visitor,49
2021-22,2021-22,True,,In Australia,Vocational Education and Training Sector,Secondary,Other Temporary,8
2021-22,2021-22,True,,Outside Australia,Foreign Affairs or Defence Sector,Primary,Temporary Resident (Other Employment),35
2021-22,2021-22,True,,In Australia,Foreign Affairs or Defence Sector,Secondary,Other visas / No Previous Visa,6
2021-22,2021-22,True,,Outside Australia,Higher Education Sector,Secondary,Temporary Resident (Other Employment),20
2021-22,2021-22,True,,In Australia,Independent ELICOS Sector,Secondary,Temporary Resident (Other Employment),2
2021-22,2021-22,True,,In Australia,Postgraduate Research Sector,Primary,Temporary Resident (Skilled Employment),15
2021-22,2021-22,True,,In Australia,Postgraduate Research Sector,Secondary,Temporary Resident (Skilled Employment),16
2021-22,2021-22,True,,Outside Australia,Higher Education Sector,Primary,Other Temporary,11
2021-22,2021-22,True,,In Australia,Independent ELICOS Sector,Secondary,Temporary Graduate,4
2021-22,2021-22,True,,Outside Australia,Postgraduate Research Sector,Primary,Crew and Transit,5
2021-22,2021-22,True,,In Australia,Higher Education Sector,Secondary,Other Temporary,4
2021-22,2021-22,True,,Outside Australia,Independent ELICOS Sector,Primary,Working Holiday Maker,102
2021-22,2021-22,True,,Outside Australia,Non-Award Sector,Primary,Working Holiday Maker,113
2021-22,2021-22,True,,Outside Australia,Postgraduate Research Sector,Secondary,Temporary Resident (Other Employment),9
2021-22,2021-22,True,,In Australia,Schools Sector,Primary,Other Temporary,7
2021-22,2021-22,True,,Outside Australia,Vocational Education and Training Sector,Primary,Other Temporary,4
2021-22,2021-22,True,,Outside Australia,Foreign Affairs or Defence Sector,Secondary,Temporary Resident (Other Employment),4
2021-22,2021-22,True,,Outside Australia,Vocational Education and Training Sector,Primary,Temporary Resident (Skilled Employment),22
2021-22,2021-22,True,,In Australia,Postgraduate Research Sector,Secondary,Other Temporary,2
2021-22,2021-22,True,,Outside Australia,Independent ELICOS Sector,Secondary,Visitor,93
2021-22,2021-22,True,,Outside Australia,Postgraduate Research Sector,Secondary,Crew and Transit,2
2021-22,2021-22,True,,Outside Australia,Schools Sector,Primary,Crew and Transit,6
2021-22,2021-22,True,,Outside Australia,Independent ELICOS Sector,Primary,Temporary Resident (Other Employment),8
2021-22,2021-22,True,,In Australia,Postgraduate Research Sector,Primary,Other visas / No Previous Visa,3
2021-22,2021-22,True,,Outside Australia,Vocational Education and Training Sector,Secondary,Temporary Resident (Skilled Employment),7
2021-22,2021-22,True,,Outside Australia,Vocational Education and Training Sector,Secondary,Crew and Transit,13
2021-22,2021-22,True,,In Australia,Postgraduate Research Sector,Secondary,Working Holiday Maker,7
2021-22,2021-22,True,,Outside Australia,Postgraduate Research Sector,Secondary,Working Holiday Maker,4
2021-22,2021-22,True,,Outside Australia,Schools Sector,Primary,Special Category,1
2021-22,2021-22,True,,Outside Australia,Foreign Affairs or Defence Sector,Primary,Crew and Transit,28
2021-22,2021-22,True,,Outside Australia,Independent ELICOS Sector,Secondary,Working Holiday Maker,3
2021-22,2021-22,True,,Outside Australia,Non-Award Sector,Secondary,Visitor,4
2021-22,2021-22,True,,In Australia,Independent ELICOS Sector,Secondary,Other Temporary,2
2021-22,2021-22,True,,Outside Australia,Independent ELICOS Sector,Secondary,Temporary Resident (Skilled Employment),1
2021-22,2021-22,True,,Outside Australia,Independent ELICOS Sector,Secondary,Other Temporary,1
2021-22,2021-22,True,,Outside Australia,Foreign Affairs or Defence Sector,Primary,Temporary Graduate,2
2021-22,2021-22,True,,Outside Australia,Foreign Affairs or Defence Sector,Primary,Temporary Resident (Skilled Employment),1
2021-22,2021-22,True,,Outside Australia,Non-Award Sector,Primary,Crew and Transit,6
2021-22,2021-22,True,,Outside Australia,Non-Award Sector,Primary,Temporary Resident (Skilled Employment),13
2021-22,2021-22,True,,Outside Australia,Schools Sector,Primary,Temporary Resident (Other Employment),3
2021-22,2021-22,True,,In Australia,Foreign Affairs or Defence Sector,Primary,Visitor,2
2021-22,2021-22,True,,Outside Australia,Non-Award Sector,Secondary,Other visas / No Previous Visa,10
2021-22,2021-22,True,,Outside Australia,Schools Sector,Primary,Temporary Resident (Skilled Employment),4
2021-22,2021-22,True,,Outside Australia,Foreign Affairs or Defence Sector,Secondary,Crew and Transit,5
2021-22,2021-22,True,,Outside Australia,Postgraduate Research Sector,Secondary,Temporary Graduate,14
2021-22,2021-22,True,,In Australia,Non-Award Sector,Secondary,Student,4
2021-22,2021-22,True,,In Australia,Schools Sector,Primary,Temporary Graduate,4
2021-22,2021-22,True,,In Australia,Higher Education Sector,Primary,Crew and Transit,1
2021-22,2021-22,True,,Outside Australia,Non-Award Sector,Primary,Temporary Resident (Other Employment),9
2021-22,2021-22,True,,In Australia,Foreign Affairs or Defence Sector,Secondary,Visitor,1
2021-22,2021-22,True,,In Australia,Postgraduate Research Sector,Primary,Other Temporary,4
2021-22,2021-22,True,,Outside Australia,Schools Sector,Secondary,Other visas / No Previous Visa,1
2021-22,2021-22,True,,Outside Australia,Schools Sector,Primary,Other Temporary,2
2021-22,2021-22,True,,In Australia,Schools Sector,Primary,Other visas / No Previous Visa,3
2021-22,2021-22,True,,Outside Australia,Foreign Affairs or Defence Sector,Primary,Other Temporary,1
2021-22,2021-22,True,,Outside Australia,Independent ELICOS Sector,Secondary,Temporary Resident (Other Employment),1
2021-22,2021-22,True,,In Australia,Non-Award Sector,Primary,Temporary Resident (Skilled Employment),1
2021-22,2021-22,True,,In Australia,Non-Award Sector,Primary,Temporary Resident (Other Employment),1
2021-22,2021-22,True,,In Australia,Foreign Affairs or Defence Sector,Primary,Other visas / No Previous Visa,2
2021-22,2021-22,True,,In Australia,Vocational Education and Training Sector,Primary,Crew and Transit,1
2021-22,2021-22,True,,Outside Australia,Independent ELICOS Sector,Primary,Temporary Resident (Skilled Employment),3
2021-22,2021-22,True,,Outside Australia,Independent ELICOS Sector,Primary,Other Temporary,2
2021-22,2021-22,True,,Outside Australia,Schools Sector,Primary,Temporary Graduate,2
2021-22,2021-22,True,,In Australia,Foreign Affairs or Defence Sector,Primary,Temporary Resident (Other Employment),1
2021-22,2021-22,True,,Outside Australia,Non-Award Sector,Primary,Temporary Graduate,1
2021-22,2021-22,True,,Outside Australia,Postgraduate Research Sector,Secondary,Temporary Resident (Skilled Employment),1
2021-22,2021-22,True,,Outside Australia,Higher Education Sector,Secondary,Other Temporary,1
2021-22,2021-22,True,,Outside Australia,Non-Award Sector,Secondary,Student,1
2021-22,2021-22,True,,Outside Australia,Independent ELICOS Sector,Secondary,Crew and Transit,1
2021-22,2021-22,True,,Outside Australia,Non-Award Sector,Secondary,Temporary Resident (Other Employment),1
2022-23,2022-23,True,,In Australia,Foreign Affairs or Defence Sector,Primary,Student,248
2022-23,2022-23,True,,In Australia,Foreign Affairs or Defence Sector,Secondary,Student,159
2022-23,2022-23,True,,In Australia,Higher Education Sector,Primary,Student,61827
2022-23,2022-23,True,,In Australia,Higher Education Sector,Primary,Temporary Graduate,1732
2022-23,2022-23,True,,In Australia,Higher Education Sector,Primary,Temporary Resident (Skilled Employment),160
2022-23,2022-23,True,,In Australia,Higher Education Sector,Primary,Visitor,4097
2022-23,2022-23,True,,In Australia,Higher Education Sector,Primary,Working Holiday Maker,605
2022-23,2022-23,True,,In Australia,Higher Education Sector,Primary,Temporary Resident (Other Employment),742
2022-23,2022-23,True,,In Australia,Higher Education Sector,Secondary,Student,8229
2022-23,2022-23,True,,In Australia,Higher Education Sector,Secondary,Other visas / No Previous Visa,589
2022-23,2022-23,True,,In Australia,Higher Education Sector,Secondary,Temporary Graduate,986
2022-23,2022-23,True,,In Australia,Independent ELICOS Sector,Primary,Visitor,3792
2022-23,2022-23,True,,In Australia,Independent ELICOS Sector,Primary,Student,3833
2022-23,2022-23,True,,In Australia,Independent ELICOS Sector,Primary,Temporary Resident (Other Employment),155
2022-23,2022-23,True,,In Australia,Postgraduate Research Sector,Primary,Student,3872
2022-23,2022-23,True,,In Australia,Postgraduate Research Sector,Primary,Temporary Graduate,380
2022-23,2022-23,True,,In Australia,Postgraduate Research Sector,Secondary,Other visas / No Previous Visa,216
2022-23,2022-23,True,,In Australia,Postgraduate Research Sector,Secondary,Student,2025
2022-23,2022-23,True,,In Australia,Postgraduate Research Sector,Secondary,Temporary Graduate,148
2022-23,2022-23,True,,In Australia,Schools Sector,Primary,Student,950
2022-23,2022-23,True,,In Australia,Schools Sector,Primary,Visitor,495
2022-23,2022-23,True,,In Australia,Vocational Education and Training Sector,Primary,Student,59123
2022-23,2022-23,True,,In Australia,Vocational Education and Training Sector,Primary,Temporary Graduate,4921
2022-23,2022-23,True,,In Australia,Vocational Education and Training Sector,Primary,Working Holiday Maker,1779
2022-23,2022-23,True,,In Australia,Vocational Education and Training Sector,Primary,Temporary Resident (Other Employment),1797
2022-23,2022-23,True,,In Australia,Vocational Education and Training Sector,Primary,Visitor,21728
2022-23,2022-23,True,,In Australia,Vocational Education and Training Sector,Primary,Temporary Resident (Skilled Employment),313
2022-23,2022-23,True,,In Australia,Vocational Education and Training Sector,Secondary,Temporary Graduate,1410
2022-23,2022-23,True,,In Australia,Vocational Education and Training Sector,Secondary,Student,9632
2022-23,2022-23,True,,In Australia,Vocational Education and Training Sector,Secondary,Visitor,5301
2022-23,2022-23,True,,In Australia,Vocational Education and Training Sector,Secondary,Other visas / No Previous Visa,771
2022-23,2022-23,True,,In Australia,Vocational Education and Training Sector,Secondary,Temporary Resident (Other Employment),215
2022-23,2022-23,True,,In Australia,Vocational Education and Training Sector,Secondary,Temporary Resident (Skilled Employment),135
2022-23,2022-23,True,,Outside Australia,Foreign Affairs or Defence Sector,Primary,Other visas / No Previous Visa,1752
2022-23,2022-23,True,,Outside Australia,Foreign Affairs or Defence Sector,Primary,Visitor,516
2022-23,2022-23,True,,Outside Australia,Foreign Affairs or Defence Sector,Primary,Student,747
2022-23,2022-23,True,,Outside Australia,Foreign Affairs or Defence Sector,Primary,Crew and Transit,55
2022-23,2022-23,True,,Outside Australia,Foreign Affairs or Defence Sector,Secondary,Other visas / No Previous Visa,851
2022-23,2022-23,True,,Outside Australia,Foreign Affairs or Defence Sector,Secondary,Visitor,114
2022-23,2022-23,True,,Outside Australia,Higher Education Sector,Primary,Other visas / No Previous Visa,153317
2022-23,2022-23,True,,Outside Australia,Higher Education Sector,Primary,Visitor,18077
2022-23,2022-23,True,,Outside Australia,Higher Education Sector,Primary,Student,19512
2022-23,2022-23,True,,Outside Australia,Higher Education Sector,Primary,Working Holiday Maker,388
2022-23,2022-23,True,,Outside Australia,Higher Education Sector,Primary,Crew and Transit,204
2022-23,2022-23,True,,Outside Australia,Higher Education Sector,Primary,Temporary Resident (Other Employment),157
2022-23,2022-23,True,,Outside Australia,Higher Education Sector,Primary,Temporary Graduate,159
2022-23,2022-23,True,,In Australia,Higher Education Sector,Secondary,Visitor,1770
2022-23,2022-23,True,,In Australia,Higher Education Sector,Secondary,Temporary Resident (Other Employment),145
2022-23,2022-23,True,,In Australia,Independent ELICOS Sector,Primary,Working Holiday Maker,144
2022-23,2022-23,True,,In Australia,Independent ELICOS Sector,Secondary,Visitor,677
2022-23,2022-23,True,,In Australia,Independent ELICOS Sector,Secondary,Student,465
2022-23,2022-23,True,,In Australia,Non-Award Sector,Primary,Student,162
2022-23,2022-23,True,,In Australia,Postgraduate Research Sector,Primary,Visitor,253
2022-23,2022-23,True,,Outside Australia,Higher Education Sector,Primary,Temporary Resident (Skilled Employment),129
2022-23,2022-23,True,,Outside Australia,Higher Education Sector,Secondary,Other visas / No Previous Visa,24013
2022-23,2022-23,True,,Outside Australia,Higher Education Sector,Secondary,Visitor,1574
2022-23,2022-23,True,,Outside Australia,Higher Education Sector,Secondary,Student,1037
2022-23,2022-23,True,,Outside Australia,Higher Education Sector,Secondary,Temporary Resident (Skilled Employment),25
2022-23,2022-23,True,,Outside Australia,Higher Education Sector,Secondary,Crew and Transit,77
2022-23,2022-23,True,,Outside Australia,Higher Education Sector,Secondary,Temporary Graduate,125
2022-23,2022-23,True,,Outside Australia,Independent ELICOS Sector,Primary,Visitor,2511
2022-23,2022-23,True,,Outside Australia,Independent ELICOS Sector,Primary,Other visas / No Previous Visa,56382
2022-23,2022-23,True,,Outside Australia,Independent ELICOS Sector,Primary,Working Holiday Maker,188
2022-23,2022-23,True,,Outside Australia,Independent ELICOS Sector,Primary,Student,1134
2022-23,2022-23,True,,Outside Australia,Independent ELICOS Sector,Secondary,Student,257
2022-23,2022-23,True,,Outside Australia,Independent ELICOS Sector,Secondary,Other visas / No Previous Visa,4611
2022-23,2022-23,True,,Outside Australia,Independent ELICOS Sector,Secondary,Visitor,257
2022-23,2022-23,True,,Outside Australia,Non-Award Sector,Primary,Other visas / No Previous Visa,13872
2022-23,2022-23,True,,Outside Australia,Non-Award Sector,Primary,Visitor,2789
2022-23,2022-23,True,,Outside Australia,Non-Award Sector,Primary,Student,182
2022-23,2022-23,True,,Outside Australia,Non-Award Sector,Primary,Working Holiday Maker,193
2022-23,2022-23,True,,Outside Australia,Non-Award Sector,Secondary,Other visas / No Previous Visa,48
2022-23,2022-23,True,,Outside Australia,Postgraduate Research Sector,Primary,Visitor,525
2022-23,2022-23,True,,Outside Australia,Postgraduate Research Sector,Primary,Other visas / No Previous Visa,4156
2022-23,2022-23,True,,Outside Australia,Postgraduate Research Sector,Primary,Student,873
2022-23,2022-23,True,,Outside Australia,Postgraduate Research Sector,Primary,Temporary Resident (Other Employment),52
2022-23,2022-23,True,,Outside Australia,Postgraduate Research Sector,Secondary,Other visas / No Previous Visa,3176
2022-23,2022-23,True,,Outside Australia,Postgraduate Research Sector,Secondary,Student,445
2022-23,2022-23,True,,Outside Australia,Postgraduate Research Sector,Secondary,Visitor,235
2022-23,2022-23,True,,Outside Australia,Schools Sector,Primary,Other visas / No Previous Visa,6397
2022-23,2022-23,True,,Outside Australia,Schools Sector,Primary,Visitor,2628
2022-23,2022-23,True,,Outside Australia,Schools Sector,Primary,Student,141
2022-23,2022-23,True,,Outside Australia,Vocational Education and Training Sector,Primary,Other visas / No Previous Visa,31616
2022-23,2022-23,True,,Outside Australia,Vocational Education and Training Sector,Primary,Visitor,3730
2022-23,2022-23,True,,Outside Australia,Vocational Education and Training Sector,Primary,Student,1971
2022-23,2022-23,True,,Outside Australia,Vocational Education and Training Sector,Primary,Working Holiday Maker,755
2022-23,2022-23,True,,Outside Australia,Vocational Education and Training Sector,Primary,Temporary Resident (Other Employment),87
2022-23,2022-23,True,,Outside Australia,Vocational Education and Training Sector,Primary,Temporary Graduate,19
2022-23,2022-23,True,,Outside Australia,Vocational Education and Training Sector,Primary,Crew and Transit,182
2022-23,2022-23,True,,Outside Australia,Vocational Education and Training Sector,Secondary,Other visas / No Previous Visa,5311
2022-23,2022-23,True,,Outside Australia,Vocational Education and Training Sector,Secondary,Student,808
2022-23,2022-23,True,,Outside Australia,Vocational Education and Training Sector,Secondary,Temporary Resident (Other Employment),23
2022-23,2022-23,True,,Outside Australia,Vocational Education and Training Sector,Secondary,Visitor,665
2022-23,2022-23,True,,Outside Australia,Independent ELICOS Sector,Primary,Temporary Resident (Other Employment),32
2022-23,2022-23,True,,In Australia,Foreign Affairs or Defence Sector,Secondary,Other visas / No Previous Visa,5
2022-23,2022-23,True,,In Australia,Higher Education Sector,Primary,Other visas / No Previous Visa,172
2022-23,2022-23,True,,Outside Australia,Non-Award Sector,Secondary,Visitor,18
2022-23,2022-23,True,,Outside Australia,Vocational Education and Training Sector,Primary,Other Temporary,8
2022-23,2022-23,True,,Outside Australia,Vocational Education and Training Sector,Primary,Temporary Resident (Skilled Employment),47
2022-23,2022-23,True,,Outside Australia,Foreign Affairs or Defence Sector,Secondary,Student,54
2022-23,2022-23,True,,Outside Australia,Vocational Education and Training Sector,Secondary,Temporary Graduate,178
2022-23,2022-23,True,,Outside Australia,Vocational Education and Training Sector,Secondary,Working Holiday Maker,67
2022-23,2022-23,True,,In Australia,Higher Education Sector,Secondary,Other Temporary,3
2022-23,2022-23,True,,In Australia,Non-Award Sector,Primary,Visitor,97
2022-23,2022-23,True,,In Australia,Postgraduate Research Sector,Primary,Temporary Resident (Other Employment),126
2022-23,2022-23,True,,In Australia,Postgraduate Research Sector,Primary,Working Holiday Maker,32
2022-23,2022-23,True,,In Australia,Postgraduate Research Sector,Secondary,Visitor,103
2022-23,2022-23,True,,Outside Australia,Higher Education Sector,Secondary,Working Holiday Maker,61
2022-23,2022-23,True,,In Australia,Vocational Education and Training Sector,Secondary,Working Holiday Maker,111
2022-23,2022-23,True,,In Australia,Vocational Education and Training Sector,Secondary,Other Temporary,20
2022-23,2022-23,True,,Outside Australia,Independent ELICOS Sector,Primary,Crew and Transit,45
2022-23,2022-23,True,,Outside Australia,Non-Award Sector,Secondary,Student,3
2022-23,2022-23,True,,Outside Australia,Postgraduate Research Sector,Primary,Working Holiday Maker,35
2022-23,2022-23,True,,Outside Australia,Postgraduate Research Sector,Secondary,Working Holiday Maker,6
2022-23,2022-23,True,,Outside Australia,Independent ELICOS Sector,Primary,Temporary Resident (Skilled Employment),5
2022-23,2022-23,True,,Outside Australia,Postgraduate Research Sector,Primary,Temporary Graduate,31
2022-23,2022-23,True,,Outside Australia,Postgraduate Research Sector,Primary,Crew and Transit,14
2022-23,2022-23,True,,In Australia,Schools Sector,Primary,Temporary Resident (Other Employment),13
2022-23,2022-23,True,,Outside Australia,Schools Sector,Primary,Other Temporary,3
2022-23,2022-23,True,,Outside Australia,Foreign Affairs or Defence Sector,Primary,Temporary Resident (Other Employment),24
2022-23,2022-23,True,,Outside Australia,Vocational Education and Training Sector,Secondary,Temporary Resident (Skilled Employment),11
2022-23,2022-23,True,,Outside Australia,Vocational Education and Training Sector,Secondary,Crew and Transit,47
2022-23,2022-23,True,,Outside Australia,Higher Education Sector,Secondary,Temporary Resident (Other Employment),66
2022-23,2022-23,True,,Outside Australia,Independent ELICOS Sector,Secondary,Temporary Resident (Skilled Employment),9
2022-23,2022-23,True,,Outside Australia,Foreign Affairs or Defence Sector,Primary,Working Holiday Maker,3
2022-23,2022-23,True,,In Australia,Independent ELICOS Sector,Primary,Temporary Resident (Skilled Employment),7
2022-23,2022-23,True,,In Australia,Independent ELICOS Sector,Secondary,Temporary Resident (Skilled Employment),4
2022-23,2022-23,True,,In Australia,Independent ELICOS Sector,Secondary,Temporary Resident (Other Employment),9
2022-23,2022-23,True,,In Australia,Vocational Education and Training Sector,Primary,Other Temporary,64
2022-23,2022-23,True,,In Australia,Schools Sector,Secondary,Visitor,1
2022-23,2022-23,True,,In Australia,Foreign Affairs or Defence Sector,Primary,Other visas / No Previous Visa,2
2022-23,2022-23,True,,Outside Australia,Independent ELICOS Sector,Secondary,Crew and Transit,8
2022-23,2022-23,True,,Outside Australia,Postgraduate Research Sector,Secondary,Temporary Resident (Skilled Employment),3
2022-23,2022-23,True,,Outside Australia,Schools Sector,Primary,Temporary Resident (Other Employment),4
2022-23,2022-23,True,,In Australia,Higher Education Sector,Secondary,Working Holiday Maker,87
2022-23,2022-23,True,,In Australia,Non-Award Sector,Primary,Working Holiday Maker,11
2022-23,2022-23,True,,In Australia,Postgraduate Research Sector,Secondary,Temporary Resident (Other Employment),32
2022-23,2022-23,True,,In Australia,Schools Sector,Primary,Other visas / No Previous Visa,10
2022-23,2022-23,True,,In Australia,Vocational Education and Training Sector,Primary,Other visas / No Previous Visa,156
2022-23,2022-23,True,,In Australia,Independent ELICOS Sector,Primary,Crew and Transit,4
2022-23,2022-23,True,,In Australia,Independent ELICOS Sector,Primary,Other Temporary,4
2022-23,2022-23,True,,In Australia,Non-Award Sector,Primary,Temporary Resident (Other Employment),2
2022-23,2022-23,True,,In Australia,Vocational Education and Training Sector,Primary,Crew and Transit,38
2022-23,2022-23,True,,Outside Australia,Higher Education Sector,Primary,Other Temporary,15
2022-23,2022-23,True,,Outside Australia,Non-Award Sector,Primary,Temporary Resident (Skilled Employment),17
2022-23,2022-23,True,,In Australia,Higher Education Sector,Primary,Other Temporary,21
2022-23,2022-23,True,,Outside Australia,Schools Sector,Primary,Temporary Resident (Skilled Employment),14
2022-23,2022-23,True,,In Australia,Foreign Affairs or Defence Sector,Primary,Visitor,5
2022-23,2022-23,True,,In Australia,Higher Education Sector,Secondary,Temporary Resident (Skilled Employment),38
2022-23,2022-23,True,,In Australia,Independent ELICOS Sector,Secondary,Other visas / No Previous Visa,15
2022-23,2022-23,True,,In Australia,Postgraduate Research Sector,Secondary,Working Holiday Maker,14
2022-23,2022-23,True,,In Australia,Schools Sector,Primary,Temporary Resident (Skilled Employment),18
2022-23,2022-23,True,,In Australia,Independent ELICOS Sector,Primary,Temporary Graduate,43
2022-23,2022-23,True,,In Australia,Independent ELICOS Sector,Secondary,Working Holiday Maker,3
2022-23,2022-23,True,,In Australia,Non-Award Sector,Secondary,Student,5
2022-23,2022-23,True,,In Australia,Postgraduate Research Sector,Primary,Temporary Resident (Skilled Employment),5
2022-23,2022-23,True,,In Australia,Postgraduate Research Sector,Primary,Other visas / No Previous Visa,8
2022-23,2022-23,True,,In Australia,Postgraduate Research Sector,Secondary,Temporary Resident (Skilled Employment),4
2022-23,2022-23,True,,In Australia,Schools Sector,Primary,Other Temporary,15
2022-23,2022-23,True,,Outside Australia,Foreign Affairs or Defence Sector,Secondary,Temporary Resident (Other Employment),3
2022-23,2022-23,True,,Outside Australia,Postgraduate Research Sector,Secondary,Temporary Resident (Other Employment),13
2022-23,2022-23,True,,Outside Australia,Postgraduate Research Sector,Secondary,Temporary Graduate,7
2022-23,2022-23,True,,In Australia,Non-Award Sector,Secondary,Visitor,6
2022-23,2022-23,True,,In Australia,Non-Award Sector,Primary,Temporary Resident (Skilled Employment),1
2022-23,2022-23,True,,Outside Australia,Foreign Affairs or Defence Sector,Primary,Temporary Resident (Skilled Employment),1
2022-23,2022-23,True,,Outside Australia,Independent ELICOS Sector,Secondary,Temporary Resident (Other Employment),4
2022-23,2022-23,True,,In Australia,Higher Education Sector,Primary,Crew and Transit,1
2022-23,2022-23,True,,In Australia,Schools Sector,Secondary,Student,1
2022-23,2022-23,True,,Outside Australia,Foreign Affairs or Defence Sector,Secondary,Crew and Transit,6
2022-23,2022-23,True,,Outside Australia,Postgraduate Research Sector,Primary,Temporary Resident (Skilled Employment),4
2022-23,2022-23,True,,In Australia,Foreign Affairs or Defence Sector,Secondary,Visitor,9
2022-23,2022-23,True,,Outside Australia,Independent ELICOS Sector,Secondary,Working Holiday Maker,20
2022-23,2022-23,True,,In Australia,Independent ELICOS Sector,Primary,Other visas / No Previous Visa,6
2022-23,2022-23,True,,In Australia,Schools Sector,Primary,Temporary Graduate,1
2022-23,2022-23,True,,Outside Australia,Non-Award Sector,Primary,Temporary Resident (Other Employment),17
2022-23,2022-23,True,,Outside Australia,Non-Award Sector,Primary,Crew and Transit,4
2022-23,2022-23,True,,Outside Australia,Higher Education Sector,Primary,Special Category,1
2022-23,2022-23,True,,Outside Australia,Non-Award Sector,Secondary,Working Holiday Maker,4
2022-23,2022-23,True,,Outside Australia,Higher Education Sector,Secondary,Other Temporary,2
2022-23,2022-23,True,,Outside Australia,Independent ELICOS Sector,Secondary,Other Temporary,1
2022-23,2022-23,True,,Outside Australia,Foreign Affairs or Defence Sector,Secondary,Working Holiday Maker,2
2022-23,2022-23,True,,Outside Australia,Foreign Affairs or Defence Sector,Secondary,Special Category,1
2022-23,2022-23,True,,Outside Australia,Foreign Affairs or Defence Sector,Secondary,Other Temporary,2
2022-23,2022-23,True,,Outside Australia,Postgraduate Research Sector,Secondary,Crew and Transit,4
2022-23,2022-23,True,,Outside Australia,Independent ELICOS Sector,Primary,Other Temporary,2
2022-23,2022-23,True,,Outside Australia,Foreign Affairs or Defence Sector,Primary,Other Temporary,1
2022-23,2022-23,True,,In Australia,Postgraduate Research Sector,Primary,Other Temporary,1
2022-23,2022-23,True,,In Australia,Non-Award Sector,Primary,Temporary Graduate,1
2022-23,2022-23,True,,Outside Australia,Vocational Education and Training Sector,Secondary,Other Temporary,4
2022-23,2022-23,True,,In Australia,Higher Education Sector,Primary,Temporary Protection,1
2023-24,2023-24,True,,In Australia,Higher Education Sector,Primary,Student,35990
2023-24,2023-24,True,,In Australia,Higher Education Sector,Primary,Temporary Resident (Other Employment),1319
2023-24,2023-24,True,,In Australia,Higher Education Sector,Primary,Visitor,3625
2023-24,2023-24,True,,In Australia,Higher Education Sector,Primary,Working Holiday Maker,965
2023-24,2023-24,True,,In Australia,Higher Education Sector,Primary,Other visas / No Previous Visa,81
2023-24,2023-24,True,,In Australia,Higher Education Sector,Primary,Temporary Graduate,502
2023-24,2023-24,True,,In Australia,Higher Education Sector,Secondary,Other visas / No Previous Visa,579
2023-24,2023-24,True,,In Australia,Higher Education Sector,Secondary,Student,3880
2023-24,2023-24,True,,In Australia,Higher Education Sector,Secondary,Temporary Graduate,267
2023-24,2023-24,True,,In Australia,Higher Education Sector,Secondary,Visitor,1400
2023-24,2023-24,True,,In Australia,Higher Education Sector,Secondary,Working Holiday Maker,137
2023-24,2023-24,True,,In Australia,Independent ELICOS Sector,Primary,Visitor,1799
2023-24,2023-24,True,,In Australia,Independent ELICOS Sector,Primary,Student,4131
2023-24,2023-24,True,,In Australia,Independent ELICOS Sector,Primary,Temporary Resident (Other Employment),61
2023-24,2023-24,True,,In Australia,Independent ELICOS Sector,Secondary,Visitor,377
2023-24,2023-24,True,,In Australia,Independent ELICOS Sector,Secondary,Student,458
2023-24,2023-24,True,,In Australia,Non-Award Sector,Primary,Visitor,75
2023-24,2023-24,True,,In Australia,Non-Award Sector,Primary,Student,117
2023-24,2023-24,True,,In Australia,Postgraduate Research Sector,Primary,Student,2159
2023-24,2023-24,True,,In Australia,Postgraduate Research Sector,Primary,Visitor,218
2023-24,2023-24,True,,In Australia,Postgraduate Research Sector,Primary,Temporary Resident (Other Employment),214
2023-24,2023-24,True,,In Australia,Postgraduate Research Sector,Secondary,Student,1061
2023-24,2023-24,True,,In Australia,Postgraduate Research Sector,Secondary,Other visas / No Previous Visa,181
2023-24,2023-24,True,,In Australia,Postgraduate Research Sector,Secondary,Visitor,96
2023-24,2023-24,True,,In Australia,Postgraduate Research Sector,Secondary,Temporary Resident (Other Employment),60
2023-24,2023-24,True,,In Australia,Postgraduate Research Sector,Secondary,Working Holiday Maker,31
2023-24,2023-24,True,,In Australia,Postgraduate Research Sector,Secondary,Temporary Graduate,29
2023-24,2023-24,True,,In Australia,Schools Sector,Primary,Student,696
2023-24,2023-24,True,,In Australia,Schools Sector,Primary,Visitor,769
2023-24,2023-24,True,,In Australia,Vocational Education and Training Sector,Primary,Student,24330
2023-24,2023-24,True,,In Australia,Vocational Education and Training Sector,Primary,Visitor,9127
2023-24,2023-24,True,,In Australia,Vocational Education and Training Sector,Primary,Temporary Resident (Other Employment),910
2023-24,2023-24,True,,In Australia,Vocational Education and Training Sector,Primary,Working Holiday Maker,3298
2023-24,2023-24,True,,In Australia,Vocational Education and Training Sector,Primary,Temporary Graduate,404
2023-24,2023-24,True,,In Australia,Vocational Education and Training Sector,Primary,Crew and Transit,26
2023-24,2023-24,True,,In Australia,Vocational Education and Training Sector,Secondary,Other visas / No Previous Visa,508
2023-24,2023-24,True,,In Australia,Vocational Education and Training Sector,Secondary,Visitor,2595
2023-24,2023-24,True,,In Australia,Vocational Education and Training Sector,Secondary,Student,3268
2023-24,2023-24,True,,In Australia,Vocational Education and Training Sector,Secondary,Temporary Resident (Other Employment),150
2023-24,2023-24,True,,In Australia,Vocational Education and Training Sector,Secondary,Working Holiday Maker,187
2023-24,2023-24,True,,Outside Australia,Foreign Affairs or Defence Sector,Primary,Other visas / No Previous Visa,2097
2023-24,2023-24,True,,Outside Australia,Foreign Affairs or Defence Sector,Primary,Visitor,578
2023-24,2023-24,True,,Outside Australia,Foreign Affairs or Defence Sector,Primary,Student,684
2023-24,2023-24,True,,Outside Australia,Foreign Affairs or Defence Sector,Secondary,Other visas / No Previous Visa,734
2023-24,2023-24,True,,Outside Australia,Foreign Affairs or Defence Sector,Secondary,Visitor,84
2023-24,2023-24,True,,Outside Australia,Higher Education Sector,Primary,Other visas / No Previous Visa,129557
2023-24,2023-24,True,,Outside Australia,Higher Education Sector,Primary,Student,11606
2023-24,2023-24,True,,Outside Australia,Higher Education Sector,Primary,Visitor,17284
2023-24,2023-24,True,,Outside Australia,Higher Education Sector,Primary,Temporary Graduate,84
2023-24,2023-24,True,,Outside Australia,Higher Education Sector,Primary,Other Temporary,14
2023-24,2023-24,True,,Outside Australia,Higher Education Sector,Primary,Working Holiday Maker,338
2023-24,2023-24,True,,Outside Australia,Higher Education Sector,Primary,Temporary Resident (Other Employment),194
2023-24,2023-24,True,,Outside Australia,Higher Education Sector,Primary,Crew and Transit,135
2023-24,2023-24,True,,In Australia,Higher Education Sector,Secondary,Temporary Resident (Other Employment),321
2023-24,2023-24,True,,In Australia,Higher Education Sector,Secondary,Temporary Resident (Skilled Employment),60
2023-24,2023-24,True,,In Australia,Independent ELICOS Sector,Primary,Working Holiday Maker,482
2023-24,2023-24,True,,In Australia,Independent ELICOS Sector,Secondary,Other visas / No Previous Visa,18
2023-24,2023-24,True,,In Australia,Non-Award Sector,Primary,Temporary Resident (Skilled Employment),2
2023-24,2023-24,True,,In Australia,Postgraduate Research Sector,Primary,Temporary Graduate,114
2023-24,2023-24,True,,In Australia,Schools Sector,Primary,Other Temporary,15
2023-24,2023-24,True,,In Australia,Schools Sector,Primary,Temporary Resident (Skilled Employment),18
2023-24,2023-24,True,,In Australia,Schools Sector,Primary,Other visas / No Previous Visa,13
2023-24,2023-24,True,,In Australia,Vocational Education and Training Sector,Primary,Other visas / No Previous Visa,43
2023-24,2023-24,True,,In Australia,Vocational Education and Training Sector,Primary,Other Temporary,9
2023-24,2023-24,True,,Outside Australia,Higher Education Sector,Secondary,Other visas / No Previous Visa,17006
2023-24,2023-24,True,,Outside Australia,Higher Education Sector,Secondary,Visitor,1008
2023-24,2023-24,True,,Outside Australia,Higher Education Sector,Secondary,Working Holiday Maker,37
2023-24,2023-24,True,,Outside Australia,Higher Education Sector,Secondary,Temporary Resident (Other Employment),42
2023-24,2023-24,True,,Outside Australia,Higher Education Sector,Secondary,Student,482
2023-24,2023-24,True,,In Australia,Vocational Education and Training Sector,Primary,Temporary Resident (Skilled Employment),103
2023-24,2023-24,True,,Outside Australia,Independent ELICOS Sector,Primary,Other visas / No Previous Visa,26889
2023-24,2023-24,True,,Outside Australia,Independent ELICOS Sector,Primary,Student,303
2023-24,2023-24,True,,Outside Australia,Independent ELICOS Sector,Primary,Visitor,1697
2023-24,2023-24,True,,Outside Australia,Independent ELICOS Sector,Primary,Crew and Transit,24
2023-24,2023-24,True,,Outside Australia,Independent ELICOS Sector,Primary,Working Holiday Maker,79
2023-24,2023-24,True,,In Australia,Vocational Education and Training Sector,Secondary,Temporary Graduate,89
2023-24,2023-24,True,,In Australia,Vocational Education and Training Sector,Secondary,Temporary Resident (Skilled Employment),16
2023-24,2023-24,True,,Outside Australia,Independent ELICOS Sector,Secondary,Other visas / No Previous Visa,2448
2023-24,2023-24,True,,Outside Australia,Independent ELICOS Sector,Secondary,Visitor,115
2023-24,2023-24,True,,Outside Australia,Non-Award Sector,Primary,Other visas / No Previous Visa,14438
2023-24,2023-24,True,,Outside Australia,Non-Award Sector,Primary,Visitor,2655
2023-24,2023-24,True,,Outside Australia,Foreign Affairs or Defence Sector,Primary,Crew and Transit,55
2023-24,2023-24,True,,Outside Australia,Non-Award Sector,Primary,Working Holiday Maker,116
2023-24,2023-24,True,,Outside Australia,Foreign Affairs or Defence Sector,Secondary,Student,52
2023-24,2023-24,True,,Outside Australia,Non-Award Sector,Primary,Temporary Resident (Other Employment),12
2023-24,2023-24,True,,Outside Australia,Postgraduate Research Sector,Primary,Working Holiday Maker,28
2023-24,2023-24,True,,Outside Australia,Postgraduate Research Sector,Primary,Other visas / No Previous Visa,4298
2023-24,2023-24,True,,Outside Australia,Postgraduate Research Sector,Primary,Visitor,536
2023-24,2023-24,True,,Outside Australia,Postgraduate Research Sector,Primary,Student,599
2023-24,2023-24,True,,Outside Australia,Postgraduate Research Sector,Primary,Temporary Graduate,29
2023-24,2023-24,True,,Outside Australia,Postgraduate Research Sector,Secondary,Student,224
2023-24,2023-24,True,,Outside Australia,Postgraduate Research Sector,Secondary,Other visas / No Previous Visa,2585
2023-24,2023-24,True,,Outside Australia,Higher Education Sector,Primary,Temporary Resident (Skilled Employment),80
2023-24,2023-24,True,,Outside Australia,Postgraduate Research Sector,Secondary,Visitor,168
2023-24,2023-24,True,,Outside Australia,Schools Sector,Primary,Other visas / No Previous Visa,5787
2023-24,2023-24,True,,Outside Australia,Schools Sector,Primary,Visitor,2278
2023-24,2023-24,True,,Outside Australia,Schools Sector,Primary,Crew and Transit,7
2023-24,2023-24,True,,Outside Australia,Vocational Education and Training Sector,Primary,Other visas / No Previous Visa,14073
2023-24,2023-24,True,,Outside Australia,Vocational Education and Training Sector,Primary,Visitor,1727
2023-24,2023-24,True,,Outside Australia,Vocational Education and Training Sector,Primary,Student,567
2023-24,2023-24,True,,Outside Australia,Vocational Education and Training Sector,Primary,Working Holiday Maker,297
2023-24,2023-24,True,,Outside Australia,Vocational Education and Training Sector,Primary,Temporary Resident (Other Employment),43
2023-24,2023-24,True,,Outside Australia,Vocational Education and Training Sector,Primary,Crew and Transit,63
2023-24,2023-24,True,,Outside Australia,Vocational Education and Training Sector,Secondary,Visitor,305
2023-24,2023-24,True,,Outside Australia,Vocational Education and Training Sector,Secondary,Other visas / No Previous Visa,3177
2023-24,2023-24,True,,Outside Australia,Vocational Education and Training Sector,Secondary,Temporary Graduate,12
2023-24,2023-24,True,,Outside Australia,Vocational Education and Training Sector,Secondary,Student,171
2023-24,2023-24,True,,Outside Australia,Vocational Education and Training Sector,Secondary,Working Holiday Maker,30
2023-24,2023-24,True,,Outside Australia,Vocational Education and Training Sector,Secondary,Temporary Resident (Other Employment),13
2023-24,2023-24,True,,Outside Australia,Vocational Education and Training Sector,Secondary,Temporary Resident (Skilled Employment),6
2023-24,2023-24,True,,In Australia,Foreign Affairs or Defence Sector,Primary,Student,146
2023-24,2023-24,True,,In Australia,Foreign Affairs or Defence Sector,Secondary,Student,129
2023-24,2023-24,True,,Outside Australia,Higher Education Sector,Secondary,Temporary Graduate,28
2023-24,2023-24,True,,Outside Australia,Higher Education Sector,Secondary,Crew and Transit,52
2023-24,2023-24,True,,In Australia,Higher Education Sector,Primary,Temporary Resident (Skilled Employment),123
2023-24,2023-24,True,,Outside Australia,Independent ELICOS Sector,Primary,Temporary Resident (Other Employment),11
2023-24,2023-24,True,,Outside Australia,Independent ELICOS Sector,Secondary,Student,78
2023-24,2023-24,True,,Outside Australia,Independent ELICOS Sector,Secondary,Working Holiday Maker,7
2023-24,2023-24,True,,Outside Australia,Non-Award Sector,Primary,Student,173
2023-24,2023-24,True,,In Australia,Independent ELICOS Sector,Primary,Temporary Resident (Skilled Employment),4
2023-24,2023-24,True,,In Australia,Postgraduate Research Sector,Primary,Working Holiday Maker,42
2023-24,2023-24,True,,Outside Australia,Non-Award Sector,Primary,Temporary Resident (Skilled Employment),21
2023-24,2023-24,True,,Outside Australia,Non-Award Sector,Secondary,Other visas / No Previous Visa,25
2023-24,2023-24,True,,Outside Australia,Postgraduate Research Sector,Primary,Temporary Resident (Other Employment),66
2023-24,2023-24,True,,Outside Australia,Postgraduate Research Sector,Secondary,Temporary Resident (Other Employment),12
2023-24,2023-24,True,,Outside Australia,Schools Sector,Primary,Student,156
2023-24,2023-24,True,,Outside Australia,Schools Sector,Secondary,Visitor,1
2023-24,2023-24,True,,Outside Australia,Vocational Education and Training Sector,Secondary,Crew and Transit,32
2023-24,2023-24,True,,Outside Australia,Postgraduate Research Sector,Primary,Temporary Resident (Skilled Employment),3
2023-24,2023-24,True,,Outside Australia,Foreign Affairs or Defence Sector,Secondary,Crew and Transit,8
2023-24,2023-24,True,,In Australia,Independent ELICOS Sector,Primary,Temporary Graduate,6
2023-24,2023-24,True,,In Australia,Postgraduate Research Sector,Primary,Temporary Resident (Skilled Employment),10
2023-24,2023-24,True,,Outside Australia,Schools Sector,Primary,Temporary Resident (Skilled Employment),13
2023-24,2023-24,True,,In Australia,Foreign Affairs or Defence Sector,Primary,Visitor,3
2023-24,2023-24,True,,In Australia,Foreign Affairs or Defence Sector,Secondary,Other visas / No Previous Visa,8
2023-24,2023-24,True,,In Australia,Independent ELICOS Sector,Primary,Other Temporary,1
2023-24,2023-24,True,,Outside Australia,Independent ELICOS Sector,Secondary,Crew and Transit,2
2023-24,2023-24,True,,In Australia,Postgraduate Research Sector,Secondary,Temporary Resident (Skilled Employment),4
2023-24,2023-24,True,,Outside Australia,Vocational Education and Training Sector,Primary,Temporary Resident (Skilled Employment),13
2023-24,2023-24,True,,Outside Australia,Vocational Education and Training Sector,Secondary,Other Temporary,5
2023-24,2023-24,True,,In Australia,Vocational Education and Training Sector,Secondary,Other Temporary,6
2023-24,2023-24,True,,Outside Australia,Foreign Affairs or Defence Sector,Secondary,Temporary Resident (Other Employment),6
2023-24,2023-24,True,,Outside Australia,Schools Sector,Primary,Temporary Resident (Other Employment),9
2023-24,2023-24,True,,Outside Australia,Vocational Education and Training Sector,Primary,Temporary Graduate,6
2023-24,2023-24,True,,In Australia,Foreign Affairs or Defence Sector,Secondary,Visitor,5
2023-24,2023-24,True,,In Australia,Independent ELICOS Sector,Secondary,Temporary Graduate,1
2023-24,2023-24,True,,In Australia,Non-Award Sector,Secondary,Student,2
2023-24,2023-24,True,,In Australia,Schools Sector,Primary,Temporary Resident (Other Employment),7
2023-24,2023-24,True,,Outside Australia,Foreign Affairs or Defence Sector,Primary,Temporary Resident (Other Employment),25
2023-24,2023-24,True,,Outside Australia,Postgraduate Research Sector,Primary,Crew and Transit,6
2023-24,2023-24,True,,Outside Australia,Independent ELICOS Sector,Secondary,Temporary Resident (Other Employment),2
2023-24,2023-24,True,,Outside Australia,Non-Award Sector,Primary,Special Category,2
2023-24,2023-24,True,,Outside Australia,Non-Award Sector,Primary,Crew and Transit,9
2023-24,2023-24,True,,Outside Australia,Postgraduate Research Sector,Secondary,Working Holiday Maker,7
2023-24,2023-24,True,,Outside Australia,Postgraduate Research Sector,Secondary,Crew and Transit,9
2023-24,2023-24,True,,Outside Australia,Higher Education Sector,Secondary,Temporary Resident (Skilled Employment),18
2023-24,2023-24,True,,In Australia,Independent ELICOS Sector,Primary,Other visas / No Previous Visa,5
2023-24,2023-24,True,,In Australia,Independent ELICOS Sector,Secondary,Working Holiday Maker,9
2023-24,2023-24,True,,Outside Australia,Foreign Affairs or Defence Sector,Primary,Other Temporary,5
2023-24,2023-24,True,,In Australia,Higher Education Sector,Primary,Other Temporary,7
2023-24,2023-24,True,,Outside Australia,Higher Education Sector,Secondary,Other Temporary,2
2023-24,2023-24,True,,In Australia,Independent ELICOS Sector,Secondary,Temporary Resident (Other Employment),8
2023-24,2023-24,True,,Outside Australia,Schools Sector,Primary,Other Temporary,3
2023-24,2023-24,True,,Outside Australia,Foreign Affairs or Defence Sector,Primary,Temporary Graduate,3
2023-24,2023-24,True,,Outside Australia,Vocational Education and Training Sector,Primary,Special Category,1
2023-24,2023-24,True,,Outside Australia,Non-Award Sector,Secondary,Visitor,6
2023-24,2023-24,True,,In Australia,Schools Sector,Secondary,Other visas / No Previous Visa,2
2023-24,2023-24,True,,In Australia,Vocational Education and Training Sector,Secondary,Crew and Transit,2
2023-24,2023-24,True,,In Australia,Foreign Affairs or Defence Sector,Primary,Other visas / No Previous Visa,1
2023-24,2023-24,True,,Outside Australia,Postgraduate Research Sector,Secondary,Temporary Graduate,3
2023-24,2023-24,True,,In Australia,Higher Education Sector,Primary,Crew and Transit,1
2023-24,2023-24,True,,Outside Australia,Foreign Affairs or Defence Sector,Primary,Special Category,3
2023-24,2023-24,True,,Outside Australia,Independent ELICOS Sector,Primary,Other Temporary,3
2023-24,2023-24,True,,In Australia,Independent ELICOS Sector,Secondary,Other Temporary,1
2023-24,2023-24,True,,Outside Australia,Foreign Affairs or Defence Sector,Primary,Temporary Resident (Skilled Employment),2
2023-24,2023-24,True,,In Australia,Higher Education Sector,Secondary,Special Category,1
2023-24,2023-24,True,,In Australia,Non-Award Sector,Primary,Working Holiday Maker,5
2023-24,2023-24,True,,In Australia,Non-Award Sector,Primary,Temporary Resident (Other Employment),4
2023-24,2023-24,True,,Outside Australia,Higher Education Sector,Primary,Special Category,2
2023-24,2023-24,True,,Outside Australia,Schools Sector,Secondary,Other visas / No Previous Visa,4
2023-24,2023-24,True,,Outside Australia,Vocational Education and Training Sector,Primary,Other Temporary,4
2023-24,2023-24,True,,In Australia,Higher Education Sector,Secondary,Other Temporary,1
2023-24,2023-24,True,,In Australia,Higher Education Sector,Secondary,Crew and Transit,2
2023-24,2023-24,True,,Outside Australia,Independent ELICOS Sector,Primary,Temporary Resident (Skilled Employment),1
2023-24,2023-24,True,,In Australia,Postgraduate Research Sector,Primary,Other visas / No Previous Visa,4
2023-24,2023-24,True,,In Australia,Non-Award Sector,Secondary,Visitor,1
2024-25,2024-25,True,,In Australia,Higher Education Sector,Primary,Student,45720
2024-25,2024-25,True,,In Australia,Higher Education Sector,Primary,Temporary Graduate,1930
2024-25,2024-25,True,,In Australia,Higher Education Sector,Primary,Temporary Resident (Other Employment),3548
2024-25,2024-25,True,,In Australia,Higher Education Sector,Primary,Working Holiday Maker,1410
2024-25,2024-25,True,,In Australia,Higher Education Sector,Primary,Visitor,1241
2024-25,2024-25,True,,In Australia,Higher Education Sector,Primary,Temporary Resident (Skilled Employment),123
2024-25,2024-25,True,,In Australia,Higher Education Sector,Primary,Other visas / No Previous Visa,74
2024-25,2024-25,True,,In Australia,Higher Education Sector,Secondary,Temporary Graduate,1060
2024-25,2024-25,True,,In Australia,Higher Education Sector,Secondary,Student,6793
2024-25,2024-25,True,,In Australia,Higher Education Sector,Secondary,Temporary Resident (Skilled Employment),28
2024-25,2024-25,True,,In Australia,Higher Education Sector,Secondary,Other visas / No Previous Visa,762
2024-25,2024-25,True,,In Australia,Higher Education Sector,Secondary,Visitor,586
2024-25,2024-25,True,,In Australia,Higher Education Sector,Secondary,Temporary Resident (Other Employment),1836
2024-25,2024-25,True,,In Australia,Higher Education Sector,Secondary,Working Holiday Maker,220
2024-25,2024-25,True,,In Australia,Independent ELICOS Sector,Primary,Student,6190
2024-25,2024-25,True,,In Australia,Independent ELICOS Sector,Primary,Visitor,1134
2024-25,2024-25,True,,In Australia,Independent ELICOS Sector,Primary,Temporary Resident (Other Employment),804
2024-25,2024-25,True,,In Australia,Independent ELICOS Sector,Primary,Working Holiday Maker,1124
2024-25,2024-25,True,,In Australia,Independent ELICOS Sector,Secondary,Student,1267
2024-25,2024-25,True,,In Australia,Independent ELICOS Sector,Secondary,Visitor,190
2024-25,2024-25,True,,In Australia,Non-Award Sector,Primary,Student,136
2024-25,2024-25,True,,In Australia,Postgraduate Research Sector,Primary,Temporary Graduate,93
2024-25,2024-25,True,,In Australia,Postgraduate Research Sector,Primary,Student,2625
2024-25,2024-25,True,,In Australia,Postgraduate Research Sector,Primary,Visitor,45
2024-25,2024-25,True,,In Australia,Postgraduate Research Sector,Primary,Temporary Resident (Other Employment),161
2024-25,2024-25,True,,In Australia,Postgraduate Research Sector,Secondary,Student,1382
2024-25,2024-25,True,,In Australia,Postgraduate Research Sector,Secondary,Other visas / No Previous Visa,175
2024-25,2024-25,True,,In Australia,Postgraduate Research Sector,Secondary,Temporary Resident (Skilled Employment),10
2024-25,2024-25,True,,In Australia,Schools Sector,Primary,Visitor,222
2024-25,2024-25,True,,In Australia,Schools Sector,Primary,Temporary Resident (Other Employment),29
2024-25,2024-25,True,,In Australia,Schools Sector,Primary,Student,652
2024-25,2024-25,True,,In Australia,Vocational Education and Training Sector,Primary,Temporary Graduate,1640
2024-25,2024-25,True,,In Australia,Vocational Education and Training Sector,Primary,Student,26097
2024-25,2024-25,True,,In Australia,Vocational Education and Training Sector,Primary,Visitor,3171
2024-25,2024-25,True,,In Australia,Vocational Education and Training Sector,Primary,Temporary Resident (Other Employment),9428
2024-25,2024-25,True,,In Australia,Vocational Education and Training Sector,Primary,Working Holiday Maker,4312
2024-25,2024-25,True,,In Australia,Foreign Affairs or Defence Sector,Secondary,Other visas / No Previous Visa,15
2024-25,2024-25,True,,In Australia,Vocational Education and Training Sector,Primary,Temporary Resident (Skilled Employment),101
2024-25,2024-25,True,,In Australia,Vocational Education and Training Sector,Secondary,Student,4952
2024-25,2024-25,True,,In Australia,Vocational Education and Training Sector,Secondary,Temporary Resident (Other Employment),2656
2024-25,2024-25,True,,In Australia,Vocational Education and Training Sector,Secondary,Working Holiday Maker,373
2024-25,2024-25,True,,In Australia,Vocational Education and Training Sector,Secondary,Other visas / No Previous Visa,615
2024-25,2024-25,True,,In Australia,Vocational Education and Training Sector,Secondary,Visitor,939
2024-25,2024-25,True,,In Australia,Vocational Education and Training Sector,Secondary,Temporary Graduate,698
2024-25,2024-25,True,,Outside Australia,Foreign Affairs or Defence Sector,Primary,Student,635
2024-25,2024-25,True,,Outside Australia,Foreign Affairs or Defence Sector,Primary,Other visas / No Previous Visa,2323
2024-25,2024-25,True,,Outside Australia,Foreign Affairs or Defence Sector,Primary,Visitor,596
2024-25,2024-25,True,,Outside Australia,Foreign Affairs or Defence Sector,Primary,Crew and Transit,82
2024-25,2024-25,True,,Outside Australia,Foreign Affairs or Defence Sector,Primary,Temporary Resident (Other Employment),23
2024-25,2024-25,True,,Outside Australia,Foreign Affairs or Defence Sector,Secondary,Other visas / No Previous Visa,841
2024-25,2024-25,True,,Outside Australia,Foreign Affairs or Defence Sector,Secondary,Student,45
2024-25,2024-25,True,,Outside Australia,Foreign Affairs or Defence Sector,Secondary,Crew and Transit,8
2024-25,2024-25,True,,Outside Australia,Foreign Affairs or Defence Sector,Secondary,Visitor,96
2024-25,2024-25,True,,Outside Australia,Higher Education Sector,Primary,Other visas / No Previous Visa,120757
2024-25,2024-25,True,,Outside Australia,Higher Education Sector,Primary,Visitor,19938
2024-25,2024-25,True,,Outside Australia,Higher Education Sector,Primary,Student,10046
2024-25,2024-25,True,,Outside Australia,Higher Education Sector,Primary,Temporary Resident (Other Employment),273
2024-25,2024-25,True,,Outside Australia,Higher Education Sector,Primary,Working Holiday Maker,566
2024-25,2024-25,True,,Outside Australia,Higher Education Sector,Primary,Crew and Transit,147
2024-25,2024-25,True,,In Australia,Postgraduate Research Sector,Secondary,Temporary Resident (Other Employment),97
2024-25,2024-25,True,,In Australia,Postgraduate Research Sector,Secondary,Working Holiday Maker,26
2024-25,2024-25,True,,Outside Australia,Higher Education Sector,Secondary,Other visas / No Previous Visa,13952
2024-25,2024-25,True,,Outside Australia,Higher Education Sector,Secondary,Visitor,1214
2024-25,2024-25,True,,Outside Australia,Higher Education Sector,Secondary,Student,440
2024-25,2024-25,True,,Outside Australia,Higher Education Sector,Secondary,Temporary Graduate,178
2024-25,2024-25,True,,Outside Australia,Independent ELICOS Sector,Primary,Other visas / No Previous Visa,13092
2024-25,2024-25,True,,Outside Australia,Independent ELICOS Sector,Primary,Student,186
2024-25,2024-25,True,,Outside Australia,Independent ELICOS Sector,Primary,Crew and Transit,16
2024-25,2024-25,True,,Outside Australia,Independent ELICOS Sector,Primary,Visitor,1529
2024-25,2024-25,True,,In Australia,Vocational Education and Training Sector,Primary,Other visas / No Previous Visa,25
2024-25,2024-25,True,,Outside Australia,Independent ELICOS Sector,Primary,Temporary Resident (Other Employment),33
2024-25,2024-25,True,,Outside Australia,Independent ELICOS Sector,Secondary,Other visas / No Previous Visa,823
2024-25,2024-25,True,,Outside Australia,Independent ELICOS Sector,Secondary,Student,48
2024-25,2024-25,True,,Outside Australia,Non-Award Sector,Primary,Other visas / No Previous Visa,14298
2024-25,2024-25,True,,Outside Australia,Non-Award Sector,Primary,Temporary Resident (Skilled Employment),20
2024-25,2024-25,True,,Outside Australia,Non-Award Sector,Primary,Visitor,2454
2024-25,2024-25,True,,Outside Australia,Non-Award Sector,Primary,Student,164
2024-25,2024-25,True,,Outside Australia,Non-Award Sector,Primary,Working Holiday Maker,115
2024-25,2024-25,True,,Outside Australia,Postgraduate Research Sector,Primary,Other visas / No Previous Visa,3824
2024-25,2024-25,True,,Outside Australia,Postgraduate Research Sector,Primary,Visitor,681
2024-25,2024-25,True,,Outside Australia,Postgraduate Research Sector,Primary,Student,633
2024-25,2024-25,True,,Outside Australia,Postgraduate Research Sector,Primary,Temporary Resident (Other Employment),78
2024-25,2024-25,True,,Outside Australia,Postgraduate Research Sector,Primary,Working Holiday Maker,56
2024-25,2024-25,True,,Outside Australia,Postgraduate Research Sector,Secondary,Other visas / No Previous Visa,2350
2024-25,2024-25,True,,Outside Australia,Postgraduate Research Sector,Secondary,Student,275
2024-25,2024-25,True,,Outside Australia,Postgraduate Research Sector,Secondary,Visitor,214
2024-25,2024-25,True,,Outside Australia,Schools Sector,Primary,Other visas / No Previous Visa,4887
2024-25,2024-25,True,,Outside Australia,Schools Sector,Primary,Visitor,3100
2024-25,2024-25,True,,Outside Australia,Vocational Education and Training Sector,Primary,Student,398
2024-25,2024-25,True,,Outside Australia,Vocational Education and Training Sector,Primary,Other visas / No Previous Visa,6252
2024-25,2024-25,True,,Outside Australia,Vocational Education and Training Sector,Primary,Visitor,1621
2024-25,2024-25,True,,Outside Australia,Vocational Education and Training Sector,Primary,Temporary Resident (Other Employment),132
2024-25,2024-25,True,,Outside Australia,Vocational Education and Training Sector,Primary,Working Holiday Maker,369
2024-25,2024-25,True,,Outside Australia,Higher Education Sector,Primary,Temporary Graduate,422
2024-25,2024-25,True,,Outside Australia,Vocational Education and Training Sector,Secondary,Student,154
2024-25,2024-25,True,,Outside Australia,Vocational Education and Training Sector,Secondary,Other visas / No Previous Visa,1992
2024-25,2024-25,True,,Outside Australia,Vocational Education and Training Sector,Secondary,Visitor,325
2024-25,2024-25,True,,Outside Australia,Vocational Education and Training Sector,Secondary,Working Holiday Maker,25
2024-25,2024-25,True,,In Australia,Foreign Affairs or Defence Sector,Secondary,Student,92
2024-25,2024-25,True,,Outside Australia,Higher Education Sector,Secondary,Crew and Transit,44
2024-25,2024-25,True,,Outside Australia,Higher Education Sector,Secondary,Working Holiday Maker,57
2024-25,2024-25,True,,In Australia,Higher Education Sector,Secondary,Other Temporary,2
2024-25,2024-25,True,,Outside Australia,Independent ELICOS Sector,Secondary,Visitor,119
2024-25,2024-25,True,,In Australia,Independent ELICOS Sector,Secondary,Working Holiday Maker,28
2024-25,2024-25,True,,Outside Australia,Non-Award Sector,Primary,Crew and Transit,7
2024-25,2024-25,True,,In Australia,Non-Award Sector,Primary,Visitor,12
2024-25,2024-25,True,,Outside Australia,Non-Award Sector,Secondary,Other visas / No Previous Visa,27
2024-25,2024-25,True,,Outside Australia,Postgraduate Research Sector,Primary,Temporary Graduate,90
2024-25,2024-25,True,,In Australia,Postgraduate Research Sector,Secondary,Temporary Graduate,49
2024-25,2024-25,True,,In Australia,Schools Sector,Primary,Temporary Resident (Skilled Employment),10
2024-25,2024-25,True,,Outside Australia,Postgraduate Research Sector,Secondary,Crew and Transit,6
2024-25,2024-25,True,,In Australia,Foreign Affairs or Defence Sector,Primary,Student,137
2024-25,2024-25,True,,Outside Australia,Higher Education Sector,Primary,Temporary Resident (Skilled Employment),94
2024-25,2024-25,True,,In Australia,Independent ELICOS Sector,Primary,Temporary Graduate,23
2024-25,2024-25,True,,In Australia,Independent ELICOS Sector,Secondary,Temporary Resident (Other Employment),235
2024-25,2024-25,True,,In Australia,Non-Award Sector,Primary,Working Holiday Maker,12
2024-25,2024-25,True,,In Australia,Postgraduate Research Sector,Primary,Temporary Resident (Skilled Employment),14
2024-25,2024-25,True,,In Australia,Postgraduate Research Sector,Secondary,Visitor,43
2024-25,2024-25,True,,In Australia,Schools Sector,Primary,Temporary Graduate,1
2024-25,2024-25,True,,Outside Australia,Higher Education Sector,Secondary,Temporary Resident (Other Employment),84
2024-25,2024-25,True,,Outside Australia,Independent ELICOS Sector,Primary,Working Holiday Maker,161
2024-25,2024-25,True,,Outside Australia,Postgraduate Research Sector,Secondary,Temporary Resident (Other Employment),19
2024-25,2024-25,True,,In Australia,Foreign Affairs or Defence Sector,Primary,Visitor,1
2024-25,2024-25,True,,In Australia,Independent ELICOS Sector,Secondary,Temporary Graduate,7
2024-25,2024-25,True,,In Australia,Postgraduate Research Sector,Primary,Working Holiday Maker,43
2024-25,2024-25,True,,Outside Australia,Schools Sector,Primary,Temporary Resident (Skilled Employment),7
2024-25,2024-25,True,,Outside Australia,Schools Sector,Primary,Student,126
2024-25,2024-25,True,,Outside Australia,Vocational Education and Training Sector,Primary,Crew and Transit,35
2024-25,2024-25,True,,Outside Australia,Independent ELICOS Sector,Secondary,Working Holiday Maker,6
2024-25,2024-25,True,,Outside Australia,Postgraduate Research Sector,Primary,Crew and Transit,9
2024-25,2024-25,True,,Outside Australia,Postgraduate Research Sector,Secondary,Temporary Graduate,26
2024-25,2024-25,True,,In Australia,Non-Award Sector,Primary,Temporary Resident (Other Employment),4
2024-25,2024-25,True,,Outside Australia,Vocational Education and Training Sector,Secondary,Crew and Transit,20
2024-25,2024-25,True,,In Australia,Foreign Affairs or Defence Sector,Secondary,Temporary Resident (Other Employment),2
2024-25,2024-25,True,,In Australia,Independent ELICOS Sector,Primary,Other visas / No Previous Visa,7
2024-25,2024-25,True,,In Australia,Schools Sector,Primary,Other Temporary,13
2024-25,2024-25,True,,Outside Australia,Higher Education Sector,Secondary,Temporary Resident (Skilled Employment),9
2024-25,2024-25,True,,Outside Australia,Non-Award Sector,Primary,Temporary Resident (Other Employment),18
2024-25,2024-25,True,,In Australia,Vocational Education and Training Sector,Primary,Crew and Transit,5
2024-25,2024-25,True,,Outside Australia,Vocational Education and Training Sector,Primary,Temporary Resident (Skilled Employment),4
2024-25,2024-25,True,,Outside Australia,Vocational Education and Training Sector,Secondary,Temporary Resident (Other Employment),68
2024-25,2024-25,True,,Outside Australia,Vocational Education and Training Sector,Secondary,Temporary Graduate,95
2024-25,2024-25,True,,In Australia,Schools Sector,Primary,Other visas / No Previous Visa,6
2024-25,2024-25,True,,Outside Australia,Vocational Education and Training Sector,Primary,Temporary Graduate,75
2024-25,2024-25,True,,In Australia,Independent ELICOS Sector,Secondary,Other visas / No Previous Visa,15
2024-25,2024-25,True,,In Australia,Non-Award Sector,Secondary,Visitor,1
2024-25,2024-25,True,,Outside Australia,Higher Education Sector,Primary,Other Temporary,9
2024-25,2024-25,True,,Outside Australia,Postgraduate Research Sector,Secondary,Temporary Resident (Skilled Employment),2
2024-25,2024-25,True,,In Australia,Foreign Affairs or Defence Sector,Secondary,Visitor,2
2024-25,2024-25,True,,Outside Australia,Independent ELICOS Sector,Secondary,Temporary Resident (Other Employment),11
2024-25,2024-25,True,,Outside Australia,Postgraduate Research Sector,Primary,Temporary Resident (Skilled Employment),5
2024-25,2024-25,True,,In Australia,Foreign Affairs or Defence Sector,Primary,Other visas / No Previous Visa,8
2024-25,2024-25,True,,Outside Australia,Foreign Affairs or Defence Sector,Primary,Temporary Graduate,2
2024-25,2024-25,True,,In Australia,Independent ELICOS Sector,Primary,Temporary Resident (Skilled Employment),7
2024-25,2024-25,True,,Outside Australia,Foreign Affairs or Defence Sector,Secondary,Temporary Resident (Other Employment),14
2024-25,2024-25,True,,Outside Australia,Schools Sector,Primary,Other Temporary,4
2024-25,2024-25,True,,Outside Australia,Schools Sector,Primary,Temporary Graduate,5
2024-25,2024-25,True,,In Australia,Vocational Education and Training Sector,Secondary,Other Temporary,2
2024-25,2024-25,True,,Outside Australia,Foreign Affairs or Defence Sector,Primary,Special Category,1
2024-25,2024-25,True,,Outside Australia,Non-Award Sector,Secondary,Visitor,7
2024-25,2024-25,True,,Outside Australia,Postgraduate Research Sector,Secondary,Working Holiday Maker,7
2024-25,2024-25,True,,Outside Australia,Schools Sector,Primary,Temporary Resident (Other Employment),10
2024-25,2024-25,True,,Outside Australia,Independent ELICOS Sector,Primary,Other Temporary,2
2024-25,2024-25,True,,Outside Australia,Higher Education Sector,Secondary,Other Temporary,5
2024-25,2024-25,True,,In Australia,Postgraduate Research Sector,Primary,Other visas / No Previous Visa,3
2024-25,2024-25,True,,In Australia,Vocational Education and Training Sector,Secondary,Temporary Resident (Skilled Employment),13
2024-25,2024-25,True,,Outside Australia,Vocational Education and Training Sector,Primary,Other Temporary,1
2024-25,2024-25,True,,In Australia,Vocational Education and Training Sector,Secondary,Offshore Humanitarian,1
2024-25,2024-25,True,,Outside Australia,Independent ELICOS Sector,Primary,Temporary Resident (Skilled Employment),1
2024-25,2024-25,True,,Outside Australia,Foreign Affairs or Defence Sector,Primary,Other Temporary,4
2024-25,2024-25,True,,In Australia,Higher Education Sector,Primary,Crew and Transit,1
2024-25,2024-25,True,,Outside Australia,Schools Sector,Primary,Crew and Transit,2
2024-25,2024-25,True,,Outside Australia,Vocational Education and Training Sector,Secondary,Other Temporary,3
2024-25,2024-25,True,,In Australia,Vocational Education and Training Sector,Primary,Other Temporary,4
2024-25,2024-25,True,,In Australia,Higher Education Sector,Primary,Other Temporary,1
2024-25,2024-25,True,,Outside Australia,Vocational Education and Training Sector,Secondary,Temporary Resident (Skilled Employment),3
2024-25,2024-25,True,,In Australia,Vocational Education and Training Sector,Secondary,Crew and Transit,1
2024-25,2024-25,True,,Outside Australia,Foreign Affairs or Defence Sector,Primary,Temporary Resident (Skilled Employment),2
2024-25,2024-25,True,,Outside Australia,Non-Award Sector,Secondary,Student,1
2024-25,2024-25,True,,Outside Australia,Independent ELICOS Sector,Secondary,Other Temporary,1
2024-25,2024-25,True,,Outside Australia,Non-Award Sector,Primary,Temporary Graduate,1
2024-25,2024-25,True,,Outside Australia,Independent ELICOS Sector,Secondary,Temporary Graduate,1
2024-25,2024-25,True,,In Australia,Schools Sector,Secondary,Student,1
2024-25,2024-25,True,,In Australia,Foreign Affairs or Defence Sector,Primary,Crew and Transit,1
2024-25,2024-25,True,,In Australia,Independent ELICOS Sector,Primary,Crew and Transit,1
2024-25,2024-25,True,,Outside Australia,Non-Award Sector,Secondary,Temporary Resident (Other Employment),2
2024-25,2024-25,True,,Outside Australia,Foreign Affairs or Defence Sector,Primary,Working Holiday Maker,1
2024-25,2024-25,True,,In Australia,Vocational Education and Training Sector,Primary,Offshore Humanitarian,1
2024-25,2024-25,True,,Outside Australia,Postgraduate Research Sector,Primary,Other Temporary,1
2025-26,2025-26,True,,In Australia,Foreign Affairs or Defence Sector,Primary,Student,139
2025-26,2025-26,True,,In Australia,Foreign Affairs or Defence Sector,Secondary,Other visas / No Previous Visa,8
2025-26,2025-26,True,,In Australia,Higher Education Sector,Primary,Student,64322
2025-26,2025-26,True,,In Australia,Higher Education Sector,Primary,Temporary Resident (Other Employment),809
2025-26,2025-26,True,,In Australia,Higher Education Sector,Primary,Working Holiday Maker,2101
2025-26,2025-26,True,,In Australia,Higher Education Sector,Primary,Temporary Resident (Skilled Employment),168
2025-26,2025-26,True,,In Australia,Higher Education Sector,Primary,Temporary Graduate,28
2025-26,2025-26,True,,In Australia,Higher Education Sector,Secondary,Other visas / No Previous Visa,1029
2025-26,2025-26,True,,In Australia,Higher Education Sector,Secondary,Student,12211
2025-26,2025-26,True,,In Australia,Higher Education Sector,Secondary,Temporary Resident (Other Employment),451
2025-26,2025-26,True,,In Australia,Higher Education Sector,Secondary,Temporary Resident (Skilled Employment),64
2025-26,2025-26,True,,In Australia,Higher Education Sector,Secondary,Temporary Graduate,39
2025-26,2025-26,True,,In Australia,Higher Education Sector,Secondary,Visitor,74
2025-26,2025-26,True,,In Australia,Higher Education Sector,Secondary,Working Holiday Maker,388
2025-26,2025-26,True,,In Australia,Independent ELICOS Sector,Primary,Student,3958
2025-26,2025-26,True,,In Australia,Independent ELICOS Sector,Primary,Working Holiday Maker,1218
2025-26,2025-26,True,,In Australia,Independent ELICOS Sector,Primary,Temporary Resident (Other Employment),54
2025-26,2025-26,True,,In Australia,Independent ELICOS Sector,Primary,Visitor,66
2025-26,2025-26,True,,In Australia,Independent ELICOS Sector,Secondary,Student,875
2025-26,2025-26,True,,In Australia,Postgraduate Research Sector,Primary,Student,4876
2025-26,2025-26,True,,In Australia,Postgraduate Research Sector,Primary,Temporary Resident (Other Employment),100
2025-26,2025-26,True,,In Australia,Postgraduate Research Sector,Primary,Working Holiday Maker,67
2025-26,2025-26,True,,In Australia,Postgraduate Research Sector,Secondary,Student,3059
2025-26,2025-26,True,,In Australia,Postgraduate Research Sector,Secondary,Other visas / No Previous Visa,277
2025-26,2025-26,True,,In Australia,Schools Sector,Primary,Student,860
2025-26,2025-26,True,,In Australia,Schools Sector,Primary,Visitor,24
2025-26,2025-26,True,,In Australia,Schools Sector,Primary,Temporary Resident (Other Employment),15
2025-26,2025-26,True,,In Australia,Vocational Education and Training Sector,Primary,Working Holiday Maker,5312
2025-26,2025-26,True,,In Australia,Vocational Education and Training Sector,Primary,Student,22427
2025-26,2025-26,True,,In Australia,Vocational Education and Training Sector,Primary,Visitor,1137
2025-26,2025-26,True,,In Australia,Vocational Education and Training Sector,Primary,Temporary Resident (Other Employment),928
2025-26,2025-26,True,,In Australia,Vocational Education and Training Sector,Primary,Crew and Transit,6
2025-26,2025-26,True,,In Australia,Vocational Education and Training Sector,Primary,Temporary Graduate,89
2025-26,2025-26,True,,In Australia,Vocational Education and Training Sector,Primary,Other visas / No Previous Visa,22
2025-26,2025-26,True,,In Australia,Vocational Education and Training Sector,Secondary,Student,4157
2025-26,2025-26,True,,In Australia,Vocational Education and Training Sector,Secondary,Temporary Resident (Other Employment),266
2025-26,2025-26,True,,In Australia,Vocational Education and Training Sector,Secondary,Other visas / No Previous Visa,630
2025-26,2025-26,True,,In Australia,Vocational Education and Training Sector,Secondary,Working Holiday Maker,516
2025-26,2025-26,True,,In Australia,Vocational Education and Training Sector,Secondary,Visitor,336
2025-26,2025-26,True,,In Australia,Vocational Education and Training Sector,Secondary,Temporary Graduate,49
2025-26,2025-26,True,,Outside Australia,Foreign Affairs or Defence Sector,Primary,Other visas / No Previous Visa,1978
2025-26,2025-26,True,,Outside Australia,Foreign Affairs or Defence Sector,Primary,Visitor,567
2025-26,2025-26,True,,Outside Australia,Foreign Affairs or Defence Sector,Primary,Student,605
2025-26,2025-26,True,,Outside Australia,Foreign Affairs or Defence Sector,Secondary,Other visas / No Previous Visa,820
2025-26,2025-26,True,,Outside Australia,Foreign Affairs or Defence Sector,Secondary,Visitor,93
2025-26,2025-26,True,,Outside Australia,Foreign Affairs or Defence Sector,Secondary,Student,39
2025-26,2025-26,True,,Outside Australia,Higher Education Sector,Primary,Other visas / No Previous Visa,96402
2025-26,2025-26,True,,Outside Australia,Higher Education Sector,Primary,Student,8692
2025-26,2025-26,True,,Outside Australia,Higher Education Sector,Primary,Temporary Resident (Other Employment),169
2025-26,2025-26,True,,Outside Australia,Higher Education Sector,Primary,Visitor,20981
2025-26,2025-26,True,,Outside Australia,Higher Education Sector,Primary,Working Holiday Maker,621
2025-26,2025-26,True,,Outside Australia,Higher Education Sector,Primary,Crew and Transit,119
2025-26,2025-26,True,,Outside Australia,Higher Education Sector,Primary,Temporary Resident (Skilled Employment),83
2025-26,2025-26,True,,Outside Australia,Higher Education Sector,Primary,Temporary Graduate,783
2025-26,2025-26,True,,In Australia,Foreign Affairs or Defence Sector,Secondary,Student,80
2025-26,2025-26,True,,In Australia,Higher Education Sector,Primary,Visitor,211
2025-26,2025-26,True,,Outside Australia,Higher Education Sector,Secondary,Other visas / No Previous Visa,12432
2025-26,2025-26,True,,Outside Australia,Higher Education Sector,Secondary,Temporary Graduate,391
2025-26,2025-26,True,,Outside Australia,Higher Education Sector,Secondary,Visitor,1105
2025-26,2025-26,True,,Outside Australia,Higher Education Sector,Secondary,Student,488
2025-26,2025-26,True,,Outside Australia,Higher Education Sector,Secondary,Temporary Resident (Other Employment),65
2025-26,2025-26,True,,In Australia,Higher Education Sector,Primary,Other visas / No Previous Visa,101
2025-26,2025-26,True,,Outside Australia,Independent ELICOS Sector,Primary,Other visas / No Previous Visa,11039
2025-26,2025-26,True,,Outside Australia,Independent ELICOS Sector,Primary,Student,189
2025-26,2025-26,True,,Outside Australia,Independent ELICOS Sector,Primary,Visitor,1449
2025-26,2025-26,True,,Outside Australia,Independent ELICOS Sector,Primary,Temporary Resident (Other Employment),18
2025-26,2025-26,True,,Outside Australia,Independent ELICOS Sector,Primary,Working Holiday Maker,174
2025-26,2025-26,True,,In Australia,Independent ELICOS Sector,Secondary,Temporary Resident (Other Employment),8
2025-26,2025-26,True,,In Australia,Independent ELICOS Sector,Secondary,Working Holiday Maker,48
2025-26,2025-26,True,,Outside Australia,Independent ELICOS Sector,Secondary,Other visas / No Previous Visa,521
2025-26,2025-26,True,,Outside Australia,Independent ELICOS Sector,Secondary,Temporary Resident (Other Employment),8
2025-26,2025-26,True,,In Australia,Non-Award Sector,Primary,Working Holiday Maker,20
2025-26,2025-26,True,,Outside Australia,Independent ELICOS Sector,Secondary,Crew and Transit,1
2025-26,2025-26,True,,Outside Australia,Independent ELICOS Sector,Secondary,Student,39
2025-26,2025-26,True,,Outside Australia,Independent ELICOS Sector,Secondary,Visitor,89
2025-26,2025-26,True,,Outside Australia,Non-Award Sector,Primary,Other visas / No Previous Visa,14310
2025-26,2025-26,True,,Outside Australia,Non-Award Sector,Primary,Visitor,2541
2025-26,2025-26,True,,In Australia,Postgraduate Research Sector,Primary,Visitor,9
2025-26,2025-26,True,,Outside Australia,Non-Award Sector,Primary,Student,128
2025-26,2025-26,True,,In Australia,Postgraduate Research Sector,Secondary,Temporary Resident (Other Employment),62
2025-26,2025-26,True,,In Australia,Postgraduate Research Sector,Secondary,Temporary Resident (Skilled Employment),12
2025-26,2025-26,True,,In Australia,Postgraduate Research Sector,Secondary,Working Holiday Maker,34
2025-26,2025-26,True,,In Australia,Postgraduate Research Sector,Secondary,Temporary Graduate,7
2025-26,2025-26,True,,Outside Australia,Non-Award Sector,Primary,Working Holiday Maker,140
2025-26,2025-26,True,,Outside Australia,Non-Award Sector,Secondary,Other visas / No Previous Visa,27
2025-26,2025-26,True,,Outside Australia,Postgraduate Research Sector,Primary,Visitor,727
2025-26,2025-26,True,,Outside Australia,Postgraduate Research Sector,Primary,Other visas / No Previous Visa,3934
2025-26,2025-26,True,,Outside Australia,Postgraduate Research Sector,Primary,Student,636
2025-26,2025-26,True,,Outside Australia,Postgraduate Research Sector,Primary,Temporary Resident (Other Employment),80
2025-26,2025-26,True,,In Australia,Schools Sector,Primary,Other Temporary,18
2025-26,2025-26,True,,Outside Australia,Postgraduate Research Sector,Primary,Temporary Graduate,225
2025-26,2025-26,True,,Outside Australia,Postgraduate Research Sector,Secondary,Other visas / No Previous Visa,2470
2025-26,2025-26,True,,Outside Australia,Postgraduate Research Sector,Secondary,Student,230
2025-26,2025-26,True,,In Australia,Vocational Education and Training Sector,Primary,Temporary Resident (Skilled Employment),107
2025-26,2025-26,True,,Outside Australia,Postgraduate Research Sector,Secondary,Temporary Graduate,79
2025-26,2025-26,True,,Outside Australia,Schools Sector,Primary,Other visas / No Previous Visa,4677
2025-26,2025-26,True,,Outside Australia,Schools Sector,Primary,Visitor,2419
2025-26,2025-26,True,,Outside Australia,Schools Sector,Primary,Crew and Transit,3
2025-26,2025-26,True,,Outside Australia,Schools Sector,Primary,Student,85
2025-26,2025-26,True,,Outside Australia,Vocational Education and Training Sector,Primary,Student,376
2025-26,2025-26,True,,Outside Australia,Vocational Education and Training Sector,Primary,Temporary Graduate,260
2025-26,2025-26,True,,Outside Australia,Vocational Education and Training Sector,Primary,Visitor,1569
2025-26,2025-26,True,,Outside Australia,Vocational Education and Training Sector,Primary,Other visas / No Previous Visa,5433
2025-26,2025-26,True,,Outside Australia,Vocational Education and Training Sector,Primary,Temporary Resident (Other Employment),55
2025-26,2025-26,True,,Outside Australia,Vocational Education and Training Sector,Primary,Working Holiday Maker,433
2025-26,2025-26,True,,Outside Australia,Vocational Education and Training Sector,Primary,Crew and Transit,15
2025-26,2025-26,True,,Outside Australia,Vocational Education and Training Sector,Secondary,Temporary Graduate,155
2025-26,2025-26,True,,Outside Australia,Vocational Education and Training Sector,Secondary,Other visas / No Previous Visa,1194
2025-26,2025-26,True,,Outside Australia,Vocational Education and Training Sector,Secondary,Visitor,273
2025-26,2025-26,True,,Outside Australia,Vocational Education and Training Sector,Secondary,Student,149
2025-26,2025-26,True,,In Australia,Independent ELICOS Sector,Secondary,Other visas / No Previous Visa,22
2025-26,2025-26,True,,Outside Australia,Higher Education Sector,Secondary,Crew and Transit,30
2025-26,2025-26,True,,Outside Australia,Higher Education Sector,Secondary,Working Holiday Maker,55
2025-26,2025-26,True,,Outside Australia,Postgraduate Research Sector,Secondary,Visitor,288
2025-26,2025-26,True,,Outside Australia,Vocational Education and Training Sector,Secondary,Working Holiday Maker,33
2025-26,2025-26,True,,Outside Australia,Vocational Education and Training Sector,Secondary,Temporary Resident (Other Employment),34
2025-26,2025-26,True,,Outside Australia,Non-Award Sector,Primary,Temporary Resident (Other Employment),19
2025-26,2025-26,True,,Outside Australia,Postgraduate Research Sector,Secondary,Temporary Resident (Other Employment),17
2025-26,2025-26,True,,In Australia,Independent ELICOS Sector,Secondary,Visitor,20
2025-26,2025-26,True,,In Australia,Non-Award Sector,Primary,Student,104
2025-26,2025-26,True,,Outside Australia,Non-Award Sector,Primary,Crew and Transit,6
2025-26,2025-26,True,,In Australia,Vocational Education and Training Sector,Secondary,Temporary Resident (Skilled Employment),27
2025-26,2025-26,True,,Outside Australia,Postgraduate Research Sector,Primary,Working Holiday Maker,37
2025-26,2025-26,True,,Outside Australia,Schools Sector,Primary,Temporary Resident (Skilled Employment),8
2025-26,2025-26,True,,Outside Australia,Higher Education Sector,Primary,Other Temporary,16
2025-26,2025-26,True,,In Australia,Non-Award Sector,Secondary,Temporary Resident (Other Employment),3
2025-26,2025-26,True,,Outside Australia,Vocational Education and Training Sector,Secondary,Other Temporary,3
2025-26,2025-26,True,,In Australia,Schools Sector,Primary,Temporary Resident (Skilled Employment),13
2025-26,2025-26,True,,In Australia,Independent ELICOS Sector,Primary,Temporary Resident (Skilled Employment),10
2025-26,2025-26,True,,Outside Australia,Foreign Affairs or Defence Sector,Primary,Temporary Resident (Other Employment),27
2025-26,2025-26,True,,Outside Australia,Foreign Affairs or Defence Sector,Secondary,Crew and Transit,4
2025-26,2025-26,True,,Outside Australia,Foreign Affairs or Defence Sector,Primary,Working Holiday Maker,3
2025-26,2025-26,True,,Outside Australia,Foreign Affairs or Defence Sector,Primary,Crew and Transit,66
2025-26,2025-26,True,,Outside Australia,Foreign Affairs or Defence Sector,Secondary,Temporary Resident (Skilled Employment),1
2025-26,2025-26,True,,Outside Australia,Foreign Affairs or Defence Sector,Secondary,Temporary Resident (Other Employment),13
2025-26,2025-26,True,,Outside Australia,Schools Sector,Primary,Temporary Resident (Other Employment),6
2025-26,2025-26,True,,Outside Australia,Vocational Education and Training Sector,Secondary,Crew and Transit,18
2025-26,2025-26,True,,In Australia,Foreign Affairs or Defence Sector,Secondary,Visitor,1
2025-26,2025-26,True,,In Australia,Postgraduate Research Sector,Primary,Temporary Resident (Skilled Employment),19
2025-26,2025-26,True,,Outside Australia,Non-Award Sector,Primary,Temporary Resident (Skilled Employment),21
2025-26,2025-26,True,,Outside Australia,Non-Award Sector,Secondary,Visitor,9
2025-26,2025-26,True,,In Australia,Non-Award Sector,Primary,Visitor,1
2025-26,2025-26,True,,Outside Australia,Postgraduate Research Sector,Secondary,Crew and Transit,5
2025-26,2025-26,True,,In Australia,Non-Award Sector,Secondary,Visitor,3
2025-26,2025-26,True,,Outside Australia,Foreign Affairs or Defence Sector,Primary,Other Temporary,7
2025-26,2025-26,True,,In Australia,Foreign Affairs or Defence Sector,Primary,Temporary Resident (Other Employment),1
2025-26,2025-26,True,,In Australia,Foreign Affairs or Defence Sector,Secondary,Temporary Resident (Other Employment),6
2025-26,2025-26,True,,In Australia,Postgraduate Research Sector,Secondary,Visitor,6
2025-26,2025-26,True,,Outside Australia,Schools Sector,Primary,Other Temporary,2
2025-26,2025-26,True,,Outside Australia,Postgraduate Research Sector,Secondary,Other Temporary,4
2025-26,2025-26,True,,Outside Australia,Independent ELICOS Sector,Secondary,Temporary Graduate,3
2025-26,2025-26,True,,In Australia,Non-Award Sector,Secondary,Student,2
2025-26,2025-26,True,,Outside Australia,Independent ELICOS Sector,Primary,Temporary Resident (Skilled Employment),2
2025-26,2025-26,True,,In Australia,Independent ELICOS Sector,Secondary,Temporary Graduate,2
2025-26,2025-26,True,,Outside Australia,Postgraduate Research Sector,Primary,Temporary Resident (Skilled Employment),3
2025-26,2025-26,True,,Outside Australia,Postgraduate Research Sector,Secondary,Working Holiday Maker,10
2025-26,2025-26,True,,Outside Australia,Independent ELICOS Sector,Primary,Crew and Transit,8
2025-26,2025-26,True,,Outside Australia,Vocational Education and Training Sector,Primary,Temporary Resident (Skilled Employment),5
2025-26,2025-26,True,,In Australia,Postgraduate Research Sector,Primary,Temporary Graduate,5
2025-26,2025-26,True,,Outside Australia,Non-Award Sector,Secondary,Working Holiday Maker,2
2025-26,2025-26,True,,Outside Australia,Independent ELICOS Sector,Secondary,Working Holiday Maker,3
2025-26,2025-26,True,,In Australia,Schools Sector,Primary,Other visas / No Previous Visa,7
2025-26,2025-26,True,,Outside Australia,Vocational Education and Training Sector,Primary,Other Temporary,4
2025-26,2025-26,True,,Outside Australia,Higher Education Sector,Secondary,Temporary Resident (Skilled Employment),7
2025-26,2025-26,True,,Outside Australia,Higher Education Sector,Primary,Special Category,1
2025-26,2025-26,True,,In Australia,Independent ELICOS Sector,Secondary,Other Temporary,1
2025-26,2025-26,True,,In Australia,Postgraduate Research Sector,Primary,Offshore Humanitarian,1
2025-26,2025-26,True,,Outside Australia,Independent ELICOS Sector,Primary,Other Temporary,1
2025-26,2025-26,True,,Outside Australia,Postgraduate Research Sector,Primary,Crew and Transit,8
2025-26,2025-26,True,,In Australia,Vocational Education and Training Sector,Secondary,Crew and Transit,1
2025-26,2025-26,True,,Outside Australia,Foreign Affairs or Defence Sector,Secondary,Working Holiday Maker,1
2025-26,2025-26,True,,In Australia,Independent ELICOS Sector,Secondary,Temporary Resident (Skilled Employment),2
2025-26,2025-26,True,,In Australia,Non-Award Sector,Primary,Temporary Resident (Skilled Employment),1
2025-26,2025-26,True,,In Australia,Postgraduate Research Sector,Primary,Other visas / No Previous Visa,5
2025-26,2025-26,True,,In Australia,Independent ELICOS Sector,Primary,Temporary Graduate,1
2025-26,2025-26,True,,In Australia,Non-Award Sector,Primary,Temporary Resident (Other Employment),2
2025-26,2025-26,True,,In Australia,Non-Award Sector,Secondary,Working Holiday Maker,1
2025-26,2025-26,True,,Outside Australia,Foreign Affairs or Defence Sector,Primary,Temporary Resident (Skilled Employment),2
2025-26,2025-26,True,,Outside Australia,Postgraduate Research Sector,Primary,Other Temporary,2
2025-26,2025-26,True,,Outside Australia,Foreign Affairs or Defence Sector,Primary,Temporary Graduate,1
2025-26,2025-26,True,,Outside Australia,Higher Education Sector,Secondary,Other Temporary,2
2025-26,2025-26,True,,In Australia,Foreign Affairs or Defence Sector,Primary,Other visas / No Previous Visa,1
2025-26,2025-26,True,,Outside Australia,Schools Sector,Primary,Temporary Graduate,2
2025-26,2025-26,True,,In Australia,Non-Award Sector,Secondary,Other visas / No Previous Visa,1
2025-26,2025-26,True,,Outside Australia,Vocational Education and Training Sector,Secondary,Temporary Resident (Skilled Employment),1
2025-26,2025-26,True,,In Australia,Postgraduate Research Sector,Secondary,Crew and Transit,1
2025-26,2025-26,True,,Outside Australia,Postgraduate Research Sector,Secondary,Temporary Resident (Skilled Employment),1
2025-26,2025-26,True,,In Australia,Independent ELICOS Sector,Primary,Other visas / No Previous Visa,1
2026-27 to 31 August 2026,2026-27,False,31 August 2026,In Australia,Foreign Affairs or Defence Sector,Secondary,Student,6
2026-27 to 31 August 2026,2026-27,False,31 August 2026,In Australia,Higher Education Sector,Primary,Student,6554
2026-27 to 31 August 2026,2026-27,False,31 August 2026,In Australia,Higher Education Sector,Primary,Working Holiday Maker,338
2026-27 to 31 August 2026,2026-27,False,31 August 2026,In Australia,Higher Education Sector,Primary,Temporary Resident (Skilled Employment),32
2026-27 to 31 August 2026,2026-27,False,31 August 2026,In Australia,Higher Education Sector,Primary,Visitor,27
2026-27 to 31 August 2026,2026-27,False,31 August 2026,In Australia,Higher Education Sector,Primary,Temporary Resident (Other Employment),34
2026-27 to 31 August 2026,2026-27,False,31 August 2026,In Australia,Higher Education Sector,Secondary,Student,753
2026-27 to 31 August 2026,2026-27,False,31 August 2026,In Australia,Higher Education Sector,Secondary,Other visas / No Previous Visa,47
2026-27 to 31 August 2026,2026-27,False,31 August 2026,In Australia,Higher Education Sector,Secondary,Temporary Resident (Other Employment),15
2026-27 to 31 August 2026,2026-27,False,31 August 2026,In Australia,Higher Education Sector,Secondary,Working Holiday Maker,54
2026-27 to 31 August 2026,2026-27,False,31 August 2026,In Australia,Higher Education Sector,Secondary,Temporary Resident (Skilled Employment),9
2026-27 to 31 August 2026,2026-27,False,31 August 2026,In Australia,Higher Education Sector,Secondary,Visitor,7
2026-27 to 31 August 2026,2026-27,False,31 August 2026,In Australia,Independent ELICOS Sector,Primary,Student,445
2026-27 to 31 August 2026,2026-27,False,31 August 2026,In Australia,Independent ELICOS Sector,Primary,Working Holiday Maker,202
2026-27 to 31 August 2026,2026-27,False,31 August 2026,In Australia,Independent ELICOS Sector,Primary,Temporary Resident (Other Employment),8
2026-27 to 31 August 2026,2026-27,False,31 August 2026,In Australia,Independent ELICOS Sector,Primary,Visitor,6
2026-27 to 31 August 2026,2026-27,False,31 August 2026,In Australia,Independent ELICOS Sector,Primary,Temporary Resident (Skilled Employment),3
2026-27 to 31 August 2026,2026-27,False,31 August 2026,In Australia,Independent ELICOS Sector,Secondary,Student,98
2026-27 to 31 August 2026,2026-27,False,31 August 2026,In Australia,Independent ELICOS Sector,Secondary,Working Holiday Maker,7
2026-27 to 31 August 2026,2026-27,False,31 August 2026,In Australia,Non-Award Sector,Primary,Student,21
2026-27 to 31 August 2026,2026-27,False,31 August 2026,In Australia,Postgraduate Research Sector,Primary,Student,322
2026-27 to 31 August 2026,2026-27,False,31 August 2026,In Australia,Postgraduate Research Sector,Primary,Temporary Resident (Other Employment),9
2026-27 to 31 August 2026,2026-27,False,31 August 2026,In Australia,Postgraduate Research Sector,Primary,Working Holiday Maker,12
2026-27 to 31 August 2026,2026-27,False,31 August 2026,In Australia,Postgraduate Research Sector,Secondary,Student,130
2026-27 to 31 August 2026,2026-27,False,31 August 2026,In Australia,Postgraduate Research Sector,Secondary,Other visas / No Previous Visa,10
2026-27 to 31 August 2026,2026-27,False,31 August 2026,In Australia,Schools Sector,Primary,Student,165
2026-27 to 31 August 2026,2026-27,False,31 August 2026,In Australia,Schools Sector,Primary,Temporary Resident (Other Employment),3
2026-27 to 31 August 2026,2026-27,False,31 August 2026,In Australia,Vocational Education and Training Sector,Primary,Student,2493
2026-27 to 31 August 2026,2026-27,False,31 August 2026,In Australia,Vocational Education and Training Sector,Primary,Working Holiday Maker,988
2026-27 to 31 August 2026,2026-27,False,31 August 2026,In Australia,Vocational Education and Training Sector,Primary,Temporary Graduate,25
2026-27 to 31 August 2026,2026-27,False,31 August 2026,In Australia,Vocational Education and Training Sector,Primary,Temporary Resident (Other Employment),77
2026-27 to 31 August 2026,2026-27,False,31 August 2026,In Australia,Vocational Education and Training Sector,Primary,Visitor,134
2026-27 to 31 August 2026,2026-27,False,31 August 2026,In Australia,Vocational Education and Training Sector,Primary,Temporary Resident (Skilled Employment),19
2026-27 to 31 August 2026,2026-27,False,31 August 2026,In Australia,Vocational Education and Training Sector,Secondary,Other visas / No Previous Visa,28
2026-27 to 31 August 2026,2026-27,False,31 August 2026,In Australia,Vocational Education and Training Sector,Secondary,Working Holiday Maker,56
2026-27 to 31 August 2026,2026-27,False,31 August 2026,In Australia,Vocational Education and Training Sector,Secondary,Student,352
2026-27 to 31 August 2026,2026-27,False,31 August 2026,In Australia,Vocational Education and Training Sector,Secondary,Visitor,15
2026-27 to 31 August 2026,2026-27,False,31 August 2026,In Australia,Vocational Education and Training Sector,Secondary,Temporary Resident (Other Employment),27
2026-27 to 31 August 2026,2026-27,False,31 August 2026,In Australia,Vocational Education and Training Sector,Secondary,Temporary Graduate,4
2026-27 to 31 August 2026,2026-27,False,31 August 2026,Outside Australia,Foreign Affairs or Defence Sector,Primary,Other visas / No Previous Visa,316
2026-27 to 31 August 2026,2026-27,False,31 August 2026,Outside Australia,Foreign Affairs or Defence Sector,Primary,Visitor,84
2026-27 to 31 August 2026,2026-27,False,31 August 2026,Outside Australia,Foreign Affairs or Defence Sector,Primary,Student,136
2026-27 to 31 August 2026,2026-27,False,31 August 2026,Outside Australia,Foreign Affairs or Defence Sector,Primary,Temporary Resident (Other Employment),4
2026-27 to 31 August 2026,2026-27,False,31 August 2026,Outside Australia,Foreign Affairs or Defence Sector,Secondary,Visitor,19
2026-27 to 31 August 2026,2026-27,False,31 August 2026,Outside Australia,Foreign Affairs or Defence Sector,Secondary,Other visas / No Previous Visa,165
2026-27 to 31 August 2026,2026-27,False,31 August 2026,Outside Australia,Higher Education Sector,Primary,Other visas / No Previous Visa,9860
2026-27 to 31 August 2026,2026-27,False,31 August 2026,Outside Australia,Higher Education Sector,Primary,Visitor,2852
2026-27 to 31 August 2026,2026-27,False,31 August 2026,Outside Australia,Higher Education Sector,Primary,Student,1258
2026-27 to 31 August 2026,2026-27,False,31 August 2026,Outside Australia,Higher Education Sector,Primary,Temporary Graduate,119
2026-27 to 31 August 2026,2026-27,False,31 August 2026,Outside Australia,Higher Education Sector,Primary,Working Holiday Maker,88
2026-27 to 31 August 2026,2026-27,False,31 August 2026,Outside Australia,Higher Education Sector,Primary,Crew and Transit,12
2026-27 to 31 August 2026,2026-27,False,31 August 2026,Outside Australia,Higher Education Sector,Primary,Temporary Resident (Skilled Employment),14
2026-27 to 31 August 2026,2026-27,False,31 August 2026,Outside Australia,Higher Education Sector,Primary,Temporary Resident (Other Employment),10
2026-27 to 31 August 2026,2026-27,False,31 August 2026,Outside Australia,Higher Education Sector,Secondary,Other visas / No Previous Visa,779
2026-27 to 31 August 2026,2026-27,False,31 August 2026,Outside Australia,Higher Education Sector,Secondary,Visitor,143
2026-27 to 31 August 2026,2026-27,False,31 August 2026,Outside Australia,Higher Education Sector,Secondary,Temporary Resident (Skilled Employment),1
2026-27 to 31 August 2026,2026-27,False,31 August 2026,Outside Australia,Higher Education Sector,Secondary,Student,55
2026-27 to 31 August 2026,2026-27,False,31 August 2026,Outside Australia,Higher Education Sector,Secondary,Temporary Graduate,52
2026-27 to 31 August 2026,2026-27,False,31 August 2026,Outside Australia,Higher Education Sector,Secondary,Temporary Resident (Other Employment),4
2026-27 to 31 August 2026,2026-27,False,31 August 2026,Outside Australia,Independent ELICOS Sector,Primary,Visitor,234
2026-27 to 31 August 2026,2026-27,False,31 August 2026,Outside Australia,Independent ELICOS Sector,Primary,Other visas / No Previous Visa,1726
2026-27 to 31 August 2026,2026-27,False,31 August 2026,Outside Australia,Independent ELICOS Sector,Primary,Working Holiday Maker,27
2026-27 to 31 August 2026,2026-27,False,31 August 2026,Outside Australia,Independent ELICOS Sector,Primary,Student,21
2026-27 to 31 August 2026,2026-27,False,31 August 2026,Outside Australia,Independent ELICOS Sector,Secondary,Other visas / No Previous Visa,89
2026-27 to 31 August 2026,2026-27,False,31 August 2026,Outside Australia,Independent ELICOS Sector,Secondary,Visitor,23
2026-27 to 31 August 2026,2026-27,False,31 August 2026,Outside Australia,Non-Award Sector,Primary,Other visas / No Previous Visa,801
2026-27 to 31 August 2026,2026-27,False,31 August 2026,Outside Australia,Non-Award Sector,Primary,Visitor,209
2026-27 to 31 August 2026,2026-27,False,31 August 2026,In Australia,Higher Education Sector,Primary,Other visas / No Previous Visa,8
2026-27 to 31 August 2026,2026-27,False,31 August 2026,Outside Australia,Non-Award Sector,Primary,Working Holiday Maker,23
2026-27 to 31 August 2026,2026-27,False,31 August 2026,Outside Australia,Non-Award Sector,Primary,Student,16
2026-27 to 31 August 2026,2026-27,False,31 August 2026,Outside Australia,Postgraduate Research Sector,Primary,Other visas / No Previous Visa,698
2026-27 to 31 August 2026,2026-27,False,31 August 2026,Outside Australia,Postgraduate Research Sector,Primary,Visitor,155
2026-27 to 31 August 2026,2026-27,False,31 August 2026,Outside Australia,Postgraduate Research Sector,Primary,Temporary Graduate,52
2026-27 to 31 August 2026,2026-27,False,31 August 2026,Outside Australia,Postgraduate Research Sector,Primary,Temporary Resident (Other Employment),13
2026-27 to 31 August 2026,2026-27,False,31 August 2026,Outside Australia,Postgraduate Research Sector,Primary,Student,107
2026-27 to 31 August 2026,2026-27,False,31 August 2026,Outside Australia,Postgraduate Research Sector,Primary,Working Holiday Maker,9
2026-27 to 31 August 2026,2026-27,False,31 August 2026,In Australia,Higher Education Sector,Secondary,Temporary Graduate,4
2026-27 to 31 August 2026,2026-27,False,31 August 2026,Outside Australia,Postgraduate Research Sector,Secondary,Other visas / No Previous Visa,392
2026-27 to 31 August 2026,2026-27,False,31 August 2026,Outside Australia,Postgraduate Research Sector,Secondary,Temporary Resident (Other Employment),9
2026-27 to 31 August 2026,2026-27,False,31 August 2026,Outside Australia,Postgraduate Research Sector,Secondary,Visitor,62
2026-27 to 31 August 2026,2026-27,False,31 August 2026,Outside Australia,Postgraduate Research Sector,Secondary,Student,38
2026-27 to 31 August 2026,2026-27,False,31 August 2026,Outside Australia,Schools Sector,Primary,Other visas / No Previous Visa,441
2026-27 to 31 August 2026,2026-27,False,31 August 2026,Outside Australia,Schools Sector,Primary,Visitor,303
2026-27 to 31 August 2026,2026-27,False,31 August 2026,Outside Australia,Schools Sector,Primary,Student,13
2026-27 to 31 August 2026,2026-27,False,31 August 2026,Outside Australia,Vocational Education and Training Sector,Primary,Working Holiday Maker,64
2026-27 to 31 August 2026,2026-27,False,31 August 2026,Outside Australia,Vocational Education and Training Sector,Primary,Other visas / No Previous Visa,445
2026-27 to 31 August 2026,2026-27,False,31 August 2026,Outside Australia,Vocational Education and Training Sector,Primary,Student,27
2026-27 to 31 August 2026,2026-27,False,31 August 2026,Outside Australia,Vocational Education and Training Sector,Primary,Visitor,190
2026-27 to 31 August 2026,2026-27,False,31 August 2026,Outside Australia,Vocational Education and Training Sector,Primary,Temporary Graduate,10
2026-27 to 31 August 2026,2026-27,False,31 August 2026,Outside Australia,Vocational Education and Training Sector,Secondary,Other visas / No Previous Visa,67
2026-27 to 31 August 2026,2026-27,False,31 August 2026,Outside Australia,Vocational Education and Training Sector,Secondary,Visitor,25
2026-27 to 31 August 2026,2026-27,False,31 August 2026,Outside Australia,Vocational Education and Training Sector,Secondary,Working Holiday Maker,5
2026-27 to 31 August 2026,2026-27,False,31 August 2026,Outside Australia,Vocational Education and Training Sector,Secondary,Student,16
2026-27 to 31 August 2026,2026-27,False,31 August 2026,In Australia,Foreign Affairs or Defence Sector,Primary,Student,10
2026-27 to 31 August 2026,2026-27,False,31 August 2026,Outside Australia,Foreign Affairs or Defence Sector,Secondary,Student,8
2026-27 to 31 August 2026,2026-27,False,31 August 2026,In Australia,Postgraduate Research Sector,Primary,Temporary Resident (Skilled Employment),5
2026-27 to 31 August 2026,2026-27,False,31 August 2026,Outside Australia,Foreign Affairs or Defence Sector,Secondary,Other Temporary,1
2026-27 to 31 August 2026,2026-27,False,31 August 2026,Outside Australia,Higher Education Sector,Secondary,Working Holiday Maker,8
2026-27 to 31 August 2026,2026-27,False,31 August 2026,Outside Australia,Independent ELICOS Sector,Primary,Temporary Resident (Other Employment),2
2026-27 to 31 August 2026,2026-27,False,31 August 2026,Outside Australia,Independent ELICOS Sector,Secondary,Working Holiday Maker,3
2026-27 to 31 August 2026,2026-27,False,31 August 2026,Outside Australia,Postgraduate Research Sector,Secondary,Temporary Graduate,20
2026-27 to 31 August 2026,2026-27,False,31 August 2026,Outside Australia,Schools Sector,Primary,Temporary Resident (Other Employment),2
2026-27 to 31 August 2026,2026-27,False,31 August 2026,Outside Australia,Vocational Education and Training Sector,Primary,Temporary Resident (Other Employment),6
2026-27 to 31 August 2026,2026-27,False,31 August 2026,Outside Australia,Postgraduate Research Sector,Secondary,Working Holiday Maker,3
2026-27 to 31 August 2026,2026-27,False,31 August 2026,In Australia,Higher Education Sector,Primary,Temporary Graduate,3
2026-27 to 31 August 2026,2026-27,False,31 August 2026,Outside Australia,Vocational Education and Training Sector,Primary,Crew and Transit,3
2026-27 to 31 August 2026,2026-27,False,31 August 2026,Outside Australia,Vocational Education and Training Sector,Secondary,Temporary Graduate,2
2026-27 to 31 August 2026,2026-27,False,31 August 2026,Outside Australia,Foreign Affairs or Defence Sector,Primary,Crew and Transit,5
2026-27 to 31 August 2026,2026-27,False,31 August 2026,Outside Australia,Foreign Affairs or Defence Sector,Secondary,Temporary Resident (Other Employment),1
2026-27 to 31 August 2026,2026-27,False,31 August 2026,Outside Australia,Independent ELICOS Sector,Primary,Crew and Transit,3
2026-27 to 31 August 2026,2026-27,False,31 August 2026,Outside Australia,Postgraduate Research Sector,Secondary,Temporary Resident (Skilled Employment),2
2026-27 to 31 August 2026,2026-27,False,31 August 2026,In Australia,Independent ELICOS Sector,Secondary,Other visas / No Previous Visa,1
2026-27 to 31 August 2026,2026-27,False,31 August 2026,In Australia,Independent ELICOS Sector,Secondary,Temporary Resident (Skilled Employment),2
2026-27 to 31 August 2026,2026-27,False,31 August 2026,In Australia,Non-Award Sector,Primary,Working Holiday Maker,1
2026-27 to 31 August 2026,2026-27,False,31 August 2026,In Australia,Postgraduate Research Sector,Secondary,Temporary Resident (Other Employment),4
2026-27 to 31 August 2026,2026-27,False,31 August 2026,Outside Australia,Non-Award Sector,Secondary,Visitor,5
2026-27 to 31 August 2026,2026-27,False,31 August 2026,In Australia,Independent ELICOS Sector,Secondary,Visitor,2
2026-27 to 31 August 2026,2026-27,False,31 August 2026,Outside Australia,Independent ELICOS Sector,Secondary,Student,5
2026-27 to 31 August 2026,2026-27,False,31 August 2026,Outside Australia,Non-Award Sector,Primary,Temporary Resident (Skilled Employment),1
2026-27 to 31 August 2026,2026-27,False,31 August 2026,In Australia,Vocational Education and Training Sector,Primary,Crew and Transit,1
2026-27 to 31 August 2026,2026-27,False,31 August 2026,Outside Australia,Foreign Affairs or Defence Sector,Secondary,Crew and Transit,2
2026-27 to 31 August 2026,2026-27,False,31 August 2026,Outside Australia,Postgraduate Research Sector,Primary,Temporary Resident (Skilled Employment),2
2026-27 to 31 August 2026,2026-27,False,31 August 2026,In Australia,Postgraduate Research Sector,Secondary,Working Holiday Maker,2
2026-27 to 31 August 2026,2026-27,False,31 August 2026,In Australia,Postgraduate Research Sector,Secondary,Temporary Resident (Skilled Employment),1
2026-27 to 31 August 2026,2026-27,False,31 August 2026,In Australia,Schools Sector,Primary,Other Temporary,1
2026-27 to 31 August 2026,2026-27,False,31 August 2026,Outside Australia,Schools Sector,Primary,Temporary Resident (Skilled Employment),1
2026-27 to 31 August 2026,2026-27,False,31 August 2026,Outside Australia,Non-Award Sector,Primary,Temporary Resident (Other Employment),1
2026-27 to 31 August 2026,2026-27,False,31 August 2026,Outside Australia,Vocational Education and Training Sector,Secondary,Temporary Resident (Other Employment),3
2026-27 to 31 August 2026,2026-27,False,31 August 2026,In Australia,Schools Sector,Primary,Visitor,2
2026-27 to 31 August 2026,2026-27,False,31 August 2026,Outside Australia,Higher Education Sector,Secondary,Crew and Transit,2
2026-27 to 31 August 2026,2026-27,False,31 August 2026,Outside Australia,Independent ELICOS Sector,Secondary,Temporary Resident (Other Employment),1
2026-27 to 31 August 2026,2026-27,False,31 August 2026,Outside Australia,Vocational Education and Training Sector,Secondary,Crew and Transit,1
2026-27 to 31 August 2026,2026-27,False,31 August 2026,In Australia,Foreign Affairs or Defence Sector,Secondary,Other visas / No Previous Visa,1
2026-27 to 31 August 2026,2026-27,False,31 August 2026,In Australia,Non-Award Sector,Primary,Temporary Resident (Other Employment),1
2026-27 to 31 August 2026,2026-27,False,31 August 2026,In Australia,Higher Education Sector,Primary,Crew and Transit,1
2026-27 to 31 August 2026,2026-27,False,31 August 2026,Outside Australia,Independent ELICOS Sector,Primary,Temporary Resident (Skilled Employment),1
2026-27 to 31 August 2026,2026-27,False,31 August 2026,Outside Australia,Schools Sector,Primary,Other Temporary,1
2026-27 to 31 August 2026,2026-27,False,31 August 2026,Outside Australia,Schools Sector,Primary,Crew and Transit,1
2026-27 to 31 August 2026,2026-27,False,31 August 2026,Outside Australia,Schools Sector,Primary,Temporary Graduate,1
2026-27 to 31 August 2026,2026-27,False,31 August 2026,Outside Australia,Postgraduate Research Sector,Secondary,Crew and Transit,1
