geo,year,measure,value,period
United States,2020,births,894123.0,1 April to 30 June 2020
United States,2021,births,3584459.0,1 July of the previous year to 30 June of year
United States,2022,births,3680380.0,1 July of the previous year to 30 June of year
United States,2023,births,3648896.0,1 July of the previous year to 30 June of year
United States,2024,births,3608217.0,1 July of the previous year to 30 June of year
United States,2025,births,3620461.0,1 July of the previous year to 30 June of year
United States,2020,deaths,852024.0,1 April to 30 June 2020
United States,2021,deaths,3438423.0,1 July of the previous year to 30 June of year
United States,2022,deaths,3456354.0,1 July of the previous year to 30 June of year
United States,2023,deaths,3154285.0,1 July of the previous year to 30 June of year
United States,2024,deaths,3093940.0,1 July of the previous year to 30 June of year
United States,2025,deaths,3101603.0,1 July of the previous year to 30 June of year
United States,2020,natural_change,42099.0,1 April to 30 June 2020
United States,2021,natural_change,146036.0,1 July of the previous year to 30 June of year
United States,2022,natural_change,224026.0,1 July of the previous year to 30 June of year
United States,2023,natural_change,494611.0,1 July of the previous year to 30 June of year
United States,2024,natural_change,514277.0,1 July of the previous year to 30 June of year
United States,2025,natural_change,518858.0,1 July of the previous year to 30 June of year
United States,2020,net_domestic_migration,0.0,1 April to 30 June 2020
United States,2021,net_domestic_migration,0.0,1 July of the previous year to 30 June of year
United States,2022,net_domestic_migration,0.0,1 July of the previous year to 30 June of year
United States,2023,net_domestic_migration,0.0,1 July of the previous year to 30 June of year
United States,2024,net_domestic_migration,0.0,1 July of the previous year to 30 June of year
United States,2025,net_domestic_migration,0.0,1 July of the previous year to 30 June of year
United States,2020,net_international_migration,19892.0,1 April to 30 June 2020
United States,2021,net_international_migration,376026.0,1 July of the previous year to 30 June of year
United States,2022,net_international_migration,1672112.0,1 July of the previous year to 30 June of year
United States,2023,net_international_migration,2264137.0,1 July of the previous year to 30 June of year
United States,2024,net_international_migration,2734468.0,1 July of the previous year to 30 June of year
United States,2025,net_international_migration,1262202.0,1 July of the previous year to 30 June of year
United States,2020,net_migration,19892.0,1 April to 30 June 2020
United States,2021,net_migration,376026.0,1 July of the previous year to 30 June of year
United States,2022,net_migration,1672112.0,1 July of the previous year to 30 June of year
United States,2023,net_migration,2264137.0,1 July of the previous year to 30 June of year
United States,2024,net_migration,2734468.0,1 July of the previous year to 30 June of year
United States,2025,net_migration,1262202.0,1 July of the previous year to 30 June of year
United States,2020,population_change,61991.0,1 April to 30 June 2020
United States,2021,population_change,522062.0,1 July of the previous year to 30 June of year
United States,2022,population_change,1896138.0,1 July of the previous year to 30 June of year
United States,2023,population_change,2758748.0,1 July of the previous year to 30 June of year
United States,2024,population_change,3248745.0,1 July of the previous year to 30 June of year
United States,2025,population_change,1781060.0,1 July of the previous year to 30 June of year
United States,2020,population_july1,331578104.0,1 July of year
United States,2021,population_july1,332100166.0,1 July of year
United States,2022,population_july1,333996304.0,1 July of year
United States,2023,population_july1,336755052.0,1 July of year
United States,2024,population_july1,340003797.0,1 July of year
United States,2025,population_july1,341784857.0,1 July of year
United States,2020,residual,0.0,1 April to 30 June 2020
United States,2021,residual,0.0,1 July of the previous year to 30 June of year
United States,2022,residual,0.0,1 July of the previous year to 30 June of year
United States,2023,residual,0.0,1 July of the previous year to 30 June of year
United States,2024,residual,0.0,1 July of the previous year to 30 June of year
United States,2025,residual,0.0,1 July of the previous year to 30 June of year
Alabama,2020,births,13899.0,1 April to 30 June 2020
Alabama,2021,births,57327.0,1 July of the previous year to 30 June of year
Alabama,2022,births,58251.0,1 July of the previous year to 30 June of year
Alabama,2023,births,58640.0,1 July of the previous year to 30 June of year
Alabama,2024,births,57648.0,1 July of the previous year to 30 June of year
Alabama,2025,births,57680.0,1 July of the previous year to 30 June of year
Alabama,2020,deaths,15121.0,1 April to 30 June 2020
Alabama,2021,deaths,69137.0,1 July of the previous year to 30 June of year
Alabama,2022,deaths,67263.0,1 July of the previous year to 30 June of year
Alabama,2023,deaths,60111.0,1 July of the previous year to 30 June of year
Alabama,2024,deaths,59508.0,1 July of the previous year to 30 June of year
Alabama,2025,deaths,59868.0,1 July of the previous year to 30 June of year
Alabama,2020,natural_change,-1222.0,1 April to 30 June 2020
Alabama,2021,natural_change,-11810.0,1 July of the previous year to 30 June of year
Alabama,2022,natural_change,-9012.0,1 July of the previous year to 30 June of year
Alabama,2023,natural_change,-1471.0,1 July of the previous year to 30 June of year
Alabama,2024,natural_change,-1860.0,1 July of the previous year to 30 June of year
Alabama,2025,natural_change,-2188.0,1 July of the previous year to 30 June of year
Alabama,2020,net_domestic_migration,9450.0,1 April to 30 June 2020
Alabama,2021,net_domestic_migration,25795.0,1 July of the previous year to 30 June of year
Alabama,2022,net_domestic_migration,27718.0,1 July of the previous year to 30 June of year
Alabama,2023,net_domestic_migration,29774.0,1 July of the previous year to 30 June of year
Alabama,2024,net_domestic_migration,24953.0,1 July of the previous year to 30 June of year
Alabama,2025,net_domestic_migration,23358.0,1 July of the previous year to 30 June of year
Alabama,2020,net_international_migration,134.0,1 April to 30 June 2020
Alabama,2021,net_international_migration,1808.0,1 July of the previous year to 30 June of year
Alabama,2022,net_international_migration,8391.0,1 July of the previous year to 30 June of year
Alabama,2023,net_international_migration,12621.0,1 July of the previous year to 30 June of year
Alabama,2024,net_international_migration,22102.0,1 July of the previous year to 30 June of year
Alabama,2025,net_international_migration,8946.0,1 July of the previous year to 30 June of year
Alabama,2020,net_migration,9584.0,1 April to 30 June 2020
Alabama,2021,net_migration,27603.0,1 July of the previous year to 30 June of year
Alabama,2022,net_migration,36109.0,1 July of the previous year to 30 June of year
Alabama,2023,net_migration,42395.0,1 July of the previous year to 30 June of year
Alabama,2024,net_migration,47055.0,1 July of the previous year to 30 June of year
Alabama,2025,net_migration,32304.0,1 July of the previous year to 30 June of year
Alabama,2020,population_change,7525.0,1 April to 30 June 2020
Alabama,2021,population_change,17096.0,1 July of the previous year to 30 June of year
Alabama,2022,population_change,26810.0,1 July of the previous year to 30 June of year
Alabama,2023,population_change,40982.0,1 July of the previous year to 30 June of year
Alabama,2024,population_change,45205.0,1 July of the previous year to 30 June of year
Alabama,2025,population_change,30033.0,1 July of the previous year to 30 June of year
Alabama,2020,population_july1,5032962.0,1 July of year
Alabama,2021,population_july1,5050058.0,1 July of year
Alabama,2022,population_july1,5076868.0,1 July of year
Alabama,2023,population_july1,5117850.0,1 July of year
Alabama,2024,population_july1,5163055.0,1 July of year
Alabama,2025,population_july1,5193088.0,1 July of year
Alabama,2020,residual,-837.0,1 April to 30 June 2020
Alabama,2021,residual,1303.0,1 July of the previous year to 30 June of year
Alabama,2022,residual,-287.0,1 July of the previous year to 30 June of year
Alabama,2023,residual,58.0,1 July of the previous year to 30 June of year
Alabama,2024,residual,10.0,1 July of the previous year to 30 June of year
Alabama,2025,residual,-83.0,1 July of the previous year to 30 June of year
Alaska,2020,births,2408.0,1 April to 30 June 2020
Alaska,2021,births,9460.0,1 July of the previous year to 30 June of year
Alaska,2022,births,9392.0,1 July of the previous year to 30 June of year
Alaska,2023,births,9130.0,1 July of the previous year to 30 June of year
Alaska,2024,births,9037.0,1 July of the previous year to 30 June of year
Alaska,2025,births,8867.0,1 July of the previous year to 30 June of year
Alaska,2020,deaths,1193.0,1 April to 30 June 2020
Alaska,2021,deaths,5431.0,1 July of the previous year to 30 June of year
Alaska,2022,deaths,6470.0,1 July of the previous year to 30 June of year
Alaska,2023,deaths,5616.0,1 July of the previous year to 30 June of year
Alaska,2024,deaths,5620.0,1 July of the previous year to 30 June of year
Alaska,2025,deaths,5559.0,1 July of the previous year to 30 June of year
Alaska,2020,natural_change,1215.0,1 April to 30 June 2020
Alaska,2021,natural_change,4029.0,1 July of the previous year to 30 June of year
Alaska,2022,natural_change,2922.0,1 July of the previous year to 30 June of year
Alaska,2023,natural_change,3514.0,1 July of the previous year to 30 June of year
Alaska,2024,natural_change,3417.0,1 July of the previous year to 30 June of year
Alaska,2025,natural_change,3308.0,1 July of the previous year to 30 June of year
Alaska,2020,net_domestic_migration,-1697.0,1 April to 30 June 2020
Alaska,2021,net_domestic_migration,-3043.0,1 July of the previous year to 30 June of year
Alaska,2022,net_domestic_migration,-5909.0,1 July of the previous year to 30 June of year
Alaska,2023,net_domestic_migration,-4913.0,1 July of the previous year to 30 June of year
Alaska,2024,net_domestic_migration,-4183.0,1 July of the previous year to 30 June of year
Alaska,2025,net_domestic_migration,-4525.0,1 July of the previous year to 30 June of year
Alaska,2020,net_international_migration,63.0,1 April to 30 June 2020
Alaska,2021,net_international_migration,873.0,1 July of the previous year to 30 June of year
Alaska,2022,net_international_migration,1976.0,1 July of the previous year to 30 June of year
Alaska,2023,net_international_migration,2335.0,1 July of the previous year to 30 June of year
Alaska,2024,net_international_migration,2608.0,1 July of the previous year to 30 June of year
Alaska,2025,net_international_migration,1959.0,1 July of the previous year to 30 June of year
Alaska,2020,net_migration,-1634.0,1 April to 30 June 2020
Alaska,2021,net_migration,-2170.0,1 July of the previous year to 30 June of year
Alaska,2022,net_migration,-3933.0,1 July of the previous year to 30 June of year
Alaska,2023,net_migration,-2578.0,1 July of the previous year to 30 June of year
Alaska,2024,net_migration,-1575.0,1 July of the previous year to 30 June of year
Alaska,2025,net_migration,-2566.0,1 July of the previous year to 30 June of year
Alaska,2020,population_change,-477.0,1 April to 30 June 2020
Alaska,2021,population_change,1684.0,1 July of the previous year to 30 June of year
Alaska,2022,population_change,-931.0,1 July of the previous year to 30 June of year
Alaska,2023,population_change,995.0,1 July of the previous year to 30 June of year
Alaska,2024,population_change,1883.0,1 July of the previous year to 30 June of year
Alaska,2025,population_change,733.0,1 July of the previous year to 30 June of year
Alaska,2020,population_july1,732906.0,1 July of year
Alaska,2021,population_july1,734590.0,1 July of year
Alaska,2022,population_july1,733659.0,1 July of year
Alaska,2023,population_july1,734654.0,1 July of year
Alaska,2024,population_july1,736537.0,1 July of year
Alaska,2025,population_july1,737270.0,1 July of year
Alaska,2020,residual,-58.0,1 April to 30 June 2020
Alaska,2021,residual,-175.0,1 July of the previous year to 30 June of year
Alaska,2022,residual,80.0,1 July of the previous year to 30 June of year
Alaska,2023,residual,59.0,1 July of the previous year to 30 June of year
Alaska,2024,residual,41.0,1 July of the previous year to 30 June of year
Alaska,2025,residual,-9.0,1 July of the previous year to 30 June of year
Arizona,2020,births,18108.0,1 April to 30 June 2020
Arizona,2021,births,75661.0,1 July of the previous year to 30 June of year
Arizona,2022,births,79135.0,1 July of the previous year to 30 June of year
Arizona,2023,births,78678.0,1 July of the previous year to 30 June of year
Arizona,2024,births,78372.0,1 July of the previous year to 30 June of year
Arizona,2025,births,78926.0,1 July of the previous year to 30 June of year
Arizona,2020,deaths,18083.0,1 April to 30 June 2020
Arizona,2021,deaths,80332.0,1 July of the previous year to 30 June of year
Arizona,2022,deaths,79842.0,1 July of the previous year to 30 June of year
Arizona,2023,deaths,70826.0,1 July of the previous year to 30 June of year
Arizona,2024,deaths,69279.0,1 July of the previous year to 30 June of year
Arizona,2025,deaths,71277.0,1 July of the previous year to 30 June of year
Arizona,2020,natural_change,25.0,1 April to 30 June 2020
Arizona,2021,natural_change,-4671.0,1 July of the previous year to 30 June of year
Arizona,2022,natural_change,-707.0,1 July of the previous year to 30 June of year
Arizona,2023,natural_change,7852.0,1 July of the previous year to 30 June of year
Arizona,2024,natural_change,9093.0,1 July of the previous year to 30 June of year
Arizona,2025,natural_change,7649.0,1 July of the previous year to 30 June of year
Arizona,2020,net_domestic_migration,29864.0,1 April to 30 June 2020
Arizona,2021,net_domestic_migration,84233.0,1 July of the previous year to 30 June of year
Arizona,2022,net_domestic_migration,68315.0,1 July of the previous year to 30 June of year
Arizona,2023,net_domestic_migration,34804.0,1 July of the previous year to 30 June of year
Arizona,2024,net_domestic_migration,34303.0,1 July of the previous year to 30 June of year
Arizona,2025,net_domestic_migration,31107.0,1 July of the previous year to 30 June of year
Arizona,2020,net_international_migration,249.0,1 April to 30 June 2020
Arizona,2021,net_international_migration,8016.0,1 July of the previous year to 30 June of year
Arizona,2022,net_international_migration,26676.0,1 July of the previous year to 30 June of year
Arizona,2023,net_international_migration,39747.0,1 July of the previous year to 30 June of year
Arizona,2024,net_international_migration,60743.0,1 July of the previous year to 30 June of year
Arizona,2025,net_international_migration,28219.0,1 July of the previous year to 30 June of year
Arizona,2020,net_migration,30113.0,1 April to 30 June 2020
Arizona,2021,net_migration,92249.0,1 July of the previous year to 30 June of year
Arizona,2022,net_migration,94991.0,1 July of the previous year to 30 June of year
Arizona,2023,net_migration,74551.0,1 July of the previous year to 30 June of year
Arizona,2024,net_migration,95046.0,1 July of the previous year to 30 June of year
Arizona,2025,net_migration,59326.0,1 July of the previous year to 30 June of year
Arizona,2020,population_change,28543.0,1 April to 30 June 2020
Arizona,2021,population_change,87375.0,1 July of the previous year to 30 June of year
Arizona,2022,population_change,96043.0,1 July of the previous year to 30 June of year
Arizona,2023,population_change,82008.0,1 July of the previous year to 30 June of year
Arizona,2024,population_change,104351.0,1 July of the previous year to 30 June of year
Arizona,2025,population_change,67394.0,1 July of the previous year to 30 June of year
Arizona,2020,population_july1,7186647.0,1 July of year
Arizona,2021,population_july1,7274022.0,1 July of year
Arizona,2022,population_july1,7370065.0,1 July of year
Arizona,2023,population_july1,7452073.0,1 July of year
Arizona,2024,population_july1,7556424.0,1 July of year
Arizona,2025,population_july1,7623818.0,1 July of year
Arizona,2020,residual,-1595.0,1 April to 30 June 2020
Arizona,2021,residual,-203.0,1 July of the previous year to 30 June of year
Arizona,2022,residual,1759.0,1 July of the previous year to 30 June of year
Arizona,2023,residual,-395.0,1 July of the previous year to 30 June of year
Arizona,2024,residual,212.0,1 July of the previous year to 30 June of year
Arizona,2025,residual,419.0,1 July of the previous year to 30 June of year
Arkansas,2020,births,8518.0,1 April to 30 June 2020
Arkansas,2021,births,34950.0,1 July of the previous year to 30 June of year
Arkansas,2022,births,36160.0,1 July of the previous year to 30 June of year
Arkansas,2023,births,35330.0,1 July of the previous year to 30 June of year
Arkansas,2024,births,35272.0,1 July of the previous year to 30 June of year
Arkansas,2025,births,35414.0,1 July of the previous year to 30 June of year
Arkansas,2020,deaths,8462.0,1 April to 30 June 2020
Arkansas,2021,deaths,40142.0,1 July of the previous year to 30 June of year
Arkansas,2022,deaths,40393.0,1 July of the previous year to 30 June of year
Arkansas,2023,deaths,36406.0,1 July of the previous year to 30 June of year
Arkansas,2024,deaths,36294.0,1 July of the previous year to 30 June of year
Arkansas,2025,deaths,36638.0,1 July of the previous year to 30 June of year
Arkansas,2020,natural_change,56.0,1 April to 30 June 2020
Arkansas,2021,natural_change,-5192.0,1 July of the previous year to 30 June of year
Arkansas,2022,natural_change,-4233.0,1 July of the previous year to 30 June of year
Arkansas,2023,natural_change,-1076.0,1 July of the previous year to 30 June of year
Arkansas,2024,natural_change,-1022.0,1 July of the previous year to 30 June of year
Arkansas,2025,natural_change,-1224.0,1 July of the previous year to 30 June of year
Arkansas,2020,net_domestic_migration,2524.0,1 April to 30 June 2020
Arkansas,2021,net_domestic_migration,16218.0,1 July of the previous year to 30 June of year
Arkansas,2022,net_domestic_migration,18583.0,1 July of the previous year to 30 June of year
Arkansas,2023,net_domestic_migration,17825.0,1 July of the previous year to 30 June of year
Arkansas,2024,net_domestic_migration,13919.0,1 July of the previous year to 30 June of year
Arkansas,2025,net_domestic_migration,14475.0,1 July of the previous year to 30 June of year
Arkansas,2020,net_international_migration,95.0,1 April to 30 June 2020
Arkansas,2021,net_international_migration,1348.0,1 July of the previous year to 30 June of year
Arkansas,2022,net_international_migration,6017.0,1 July of the previous year to 30 June of year
Arkansas,2023,net_international_migration,5592.0,1 July of the previous year to 30 June of year
Arkansas,2024,net_international_migration,13244.0,1 July of the previous year to 30 June of year
Arkansas,2025,net_international_migration,5470.0,1 July of the previous year to 30 June of year
Arkansas,2020,net_migration,2619.0,1 April to 30 June 2020
Arkansas,2021,net_migration,17566.0,1 July of the previous year to 30 June of year
Arkansas,2022,net_migration,24600.0,1 July of the previous year to 30 June of year
Arkansas,2023,net_migration,23417.0,1 July of the previous year to 30 June of year
Arkansas,2024,net_migration,27163.0,1 July of the previous year to 30 June of year
Arkansas,2025,net_migration,19945.0,1 July of the previous year to 30 June of year
Arkansas,2020,population_change,2869.0,1 April to 30 June 2020
Arkansas,2021,population_change,12728.0,1 July of the previous year to 30 June of year
Arkansas,2022,population_change,20302.0,1 July of the previous year to 30 June of year
Arkansas,2023,population_change,22427.0,1 July of the previous year to 30 June of year
Arkansas,2024,population_change,26224.0,1 July of the previous year to 30 June of year
Arkansas,2025,population_change,18711.0,1 July of the previous year to 30 June of year
Arkansas,2020,population_july1,3014399.0,1 July of year
Arkansas,2021,population_july1,3027127.0,1 July of year
Arkansas,2022,population_july1,3047429.0,1 July of year
Arkansas,2023,population_july1,3069856.0,1 July of year
Arkansas,2024,population_july1,3096080.0,1 July of year
Arkansas,2025,population_july1,3114791.0,1 July of year
Arkansas,2020,residual,194.0,1 April to 30 June 2020
Arkansas,2021,residual,354.0,1 July of the previous year to 30 June of year
Arkansas,2022,residual,-65.0,1 July of the previous year to 30 June of year
Arkansas,2023,residual,86.0,1 July of the previous year to 30 June of year
Arkansas,2024,residual,83.0,1 July of the previous year to 30 June of year
Arkansas,2025,residual,-10.0,1 July of the previous year to 30 June of year
California,2020,births,103116.0,1 April to 30 June 2020
California,2021,births,412508.0,1 July of the previous year to 30 June of year
California,2022,births,424110.0,1 July of the previous year to 30 June of year
California,2023,births,410395.0,1 July of the previous year to 30 June of year
California,2024,births,400854.0,1 July of the previous year to 30 June of year
California,2025,births,398632.0,1 July of the previous year to 30 June of year
California,2020,deaths,74350.0,1 April to 30 June 2020
California,2021,deaths,344771.0,1 July of the previous year to 30 June of year
California,2022,deaths,318097.0,1 July of the previous year to 30 June of year
California,2023,deaths,303116.0,1 July of the previous year to 30 June of year
California,2024,deaths,289060.0,1 July of the previous year to 30 June of year
California,2025,deaths,288917.0,1 July of the previous year to 30 June of year
California,2020,natural_change,28766.0,1 April to 30 June 2020
California,2021,natural_change,67737.0,1 July of the previous year to 30 June of year
California,2022,natural_change,106013.0,1 July of the previous year to 30 June of year
California,2023,natural_change,107279.0,1 July of the previous year to 30 June of year
California,2024,natural_change,111794.0,1 July of the previous year to 30 June of year
California,2025,natural_change,109715.0,1 July of the previous year to 30 June of year
California,2020,net_domestic_migration,-62399.0,1 April to 30 June 2020
California,2021,net_domestic_migration,-470759.0,1 July of the previous year to 30 June of year
California,2022,net_domestic_migration,-344130.0,1 July of the previous year to 30 June of year
California,2023,net_domestic_migration,-343891.0,1 July of the previous year to 30 June of year
California,2024,net_domestic_migration,-241611.0,1 July of the previous year to 30 June of year
California,2025,net_domestic_migration,-229077.0,1 July of the previous year to 30 June of year
California,2020,net_international_migration,1388.0,1 April to 30 June 2020
California,2021,net_international_migration,44122.0,1 July of the previous year to 30 June of year
California,2022,net_international_migration,214150.0,1 July of the previous year to 30 June of year
California,2023,net_international_migration,292113.0,1 July of the previous year to 30 June of year
California,2024,net_international_migration,312761.0,1 July of the previous year to 30 June of year
California,2025,net_international_migration,109278.0,1 July of the previous year to 30 June of year
California,2020,net_migration,-61011.0,1 April to 30 June 2020
California,2021,net_migration,-426637.0,1 July of the previous year to 30 June of year
California,2022,net_migration,-129980.0,1 July of the previous year to 30 June of year
California,2023,net_migration,-51778.0,1 July of the previous year to 30 June of year
California,2024,net_migration,71150.0,1 July of the previous year to 30 June of year
California,2025,net_migration,-119799.0,1 July of the previous year to 30 June of year
California,2020,population_change,-27895.0,1 April to 30 June 2020
California,2021,population_change,-374881.0,1 July of the previous year to 30 June of year
California,2022,population_change,-27580.0,1 July of the previous year to 30 June of year
California,2023,population_change,56320.0,1 July of the previous year to 30 June of year
California,2024,population_change,183107.0,1 July of the previous year to 30 June of year
California,2025,population_change,-9465.0,1 July of the previous year to 30 June of year
California,2020,population_july1,39527808.0,1 July of year
California,2021,population_july1,39152927.0,1 July of year
California,2022,population_july1,39125347.0,1 July of year
California,2023,population_july1,39181667.0,1 July of year
California,2024,population_july1,39364774.0,1 July of year
California,2025,population_july1,39355309.0,1 July of year
California,2020,residual,4350.0,1 April to 30 June 2020
California,2021,residual,-15981.0,1 July of the previous year to 30 June of year
California,2022,residual,-3613.0,1 July of the previous year to 30 June of year
California,2023,residual,819.0,1 July of the previous year to 30 June of year
California,2024,residual,163.0,1 July of the previous year to 30 June of year
California,2025,residual,619.0,1 July of the previous year to 30 June of year
Colorado,2020,births,15563.0,1 April to 30 June 2020
Colorado,2021,births,62064.0,1 July of the previous year to 30 June of year
Colorado,2022,births,62598.0,1 July of the previous year to 30 June of year
Colorado,2023,births,62233.0,1 July of the previous year to 30 June of year
Colorado,2024,births,62517.0,1 July of the previous year to 30 June of year
Colorado,2025,births,65380.0,1 July of the previous year to 30 June of year
Colorado,2020,deaths,11888.0,1 April to 30 June 2020
Colorado,2021,deaths,46505.0,1 July of the previous year to 30 June of year
Colorado,2022,deaths,49604.0,1 July of the previous year to 30 June of year
Colorado,2023,deaths,45204.0,1 July of the previous year to 30 June of year
Colorado,2024,deaths,44713.0,1 July of the previous year to 30 June of year
Colorado,2025,deaths,44772.0,1 July of the previous year to 30 June of year
Colorado,2020,natural_change,3675.0,1 April to 30 June 2020
Colorado,2021,natural_change,15559.0,1 July of the previous year to 30 June of year
Colorado,2022,natural_change,12994.0,1 July of the previous year to 30 June of year
Colorado,2023,natural_change,17029.0,1 July of the previous year to 30 June of year
Colorado,2024,natural_change,17804.0,1 July of the previous year to 30 June of year
Colorado,2025,natural_change,20608.0,1 July of the previous year to 30 June of year
Colorado,2020,net_domestic_migration,7201.0,1 April to 30 June 2020
Colorado,2021,net_domestic_migration,6200.0,1 July of the previous year to 30 June of year
Colorado,2022,net_domestic_migration,5425.0,1 July of the previous year to 30 June of year
Colorado,2023,net_domestic_migration,6008.0,1 July of the previous year to 30 June of year
Colorado,2024,net_domestic_migration,4995.0,1 July of the previous year to 30 June of year
Colorado,2025,net_domestic_migration,-12100.0,1 July of the previous year to 30 June of year
Colorado,2020,net_international_migration,239.0,1 April to 30 June 2020
Colorado,2021,net_international_migration,3917.0,1 July of the previous year to 30 June of year
Colorado,2022,net_international_migration,21473.0,1 July of the previous year to 30 June of year
Colorado,2023,net_international_migration,35920.0,1 July of the previous year to 30 June of year
Colorado,2024,net_international_migration,53313.0,1 July of the previous year to 30 June of year
Colorado,2025,net_international_migration,15356.0,1 July of the previous year to 30 June of year
Colorado,2020,net_migration,7440.0,1 April to 30 June 2020
Colorado,2021,net_migration,10117.0,1 July of the previous year to 30 June of year
Colorado,2022,net_migration,26898.0,1 July of the previous year to 30 June of year
Colorado,2023,net_migration,41928.0,1 July of the previous year to 30 June of year
Colorado,2024,net_migration,58308.0,1 July of the previous year to 30 June of year
Colorado,2025,net_migration,3256.0,1 July of the previous year to 30 June of year
Colorado,2020,population_change,11547.0,1 April to 30 June 2020
Colorado,2021,population_change,27495.0,1 July of the previous year to 30 June of year
Colorado,2022,population_change,38987.0,1 July of the previous year to 30 June of year
Colorado,2023,population_change,58885.0,1 July of the previous year to 30 June of year
Colorado,2024,population_change,76262.0,1 July of the previous year to 30 June of year
Colorado,2025,population_change,24059.0,1 July of the previous year to 30 June of year
Colorado,2020,population_july1,5786873.0,1 July of year
Colorado,2021,population_july1,5814368.0,1 July of year
Colorado,2022,population_july1,5853355.0,1 July of year
Colorado,2023,population_july1,5912240.0,1 July of year
Colorado,2024,population_july1,5988502.0,1 July of year
Colorado,2025,population_july1,6012561.0,1 July of year
Colorado,2020,residual,432.0,1 April to 30 June 2020
Colorado,2021,residual,1819.0,1 July of the previous year to 30 June of year
Colorado,2022,residual,-905.0,1 July of the previous year to 30 June of year
Colorado,2023,residual,-72.0,1 July of the previous year to 30 June of year
Colorado,2024,residual,150.0,1 July of the previous year to 30 June of year
Colorado,2025,residual,195.0,1 July of the previous year to 30 June of year
Connecticut,2020,births,8460.0,1 April to 30 June 2020
Connecticut,2021,births,33924.0,1 July of the previous year to 30 June of year
Connecticut,2022,births,35611.0,1 July of the previous year to 30 June of year
Connecticut,2023,births,35082.0,1 July of the previous year to 30 June of year
Connecticut,2024,births,34584.0,1 July of the previous year to 30 June of year
Connecticut,2025,births,34700.0,1 July of the previous year to 30 June of year
Connecticut,2020,deaths,11936.0,1 April to 30 June 2020
Connecticut,2021,deaths,34598.0,1 July of the previous year to 30 June of year
Connecticut,2022,deaths,34903.0,1 July of the previous year to 30 June of year
Connecticut,2023,deaths,33014.0,1 July of the previous year to 30 June of year
Connecticut,2024,deaths,32883.0,1 July of the previous year to 30 June of year
Connecticut,2025,deaths,32417.0,1 July of the previous year to 30 June of year
Connecticut,2020,natural_change,-3476.0,1 April to 30 June 2020
Connecticut,2021,natural_change,-674.0,1 July of the previous year to 30 June of year
Connecticut,2022,natural_change,708.0,1 July of the previous year to 30 June of year
Connecticut,2023,natural_change,2068.0,1 July of the previous year to 30 June of year
Connecticut,2024,natural_change,1701.0,1 July of the previous year to 30 June of year
Connecticut,2025,natural_change,2283.0,1 July of the previous year to 30 June of year
Connecticut,2020,net_domestic_migration,-21208.0,1 April to 30 June 2020
Connecticut,2021,net_domestic_migration,20664.0,1 July of the previous year to 30 June of year
Connecticut,2022,net_domestic_migration,-11105.0,1 July of the previous year to 30 June of year
Connecticut,2023,net_domestic_migration,-6498.0,1 July of the previous year to 30 June of year
Connecticut,2024,net_domestic_migration,-3827.0,1 July of the previous year to 30 June of year
Connecticut,2025,net_domestic_migration,-5945.0,1 July of the previous year to 30 June of year
Connecticut,2020,net_international_migration,409.0,1 April to 30 June 2020
Connecticut,2021,net_international_migration,6216.0,1 July of the previous year to 30 June of year
Connecticut,2022,net_international_migration,22859.0,1 July of the previous year to 30 June of year
Connecticut,2023,net_international_migration,27669.0,1 July of the previous year to 30 June of year
Connecticut,2024,net_international_migration,35456.0,1 July of the previous year to 30 June of year
Connecticut,2025,net_international_migration,17534.0,1 July of the previous year to 30 June of year
Connecticut,2020,net_migration,-20799.0,1 April to 30 June 2020
Connecticut,2021,net_migration,26880.0,1 July of the previous year to 30 June of year
Connecticut,2022,net_migration,11754.0,1 July of the previous year to 30 June of year
Connecticut,2023,net_migration,21171.0,1 July of the previous year to 30 June of year
Connecticut,2024,net_migration,31629.0,1 July of the previous year to 30 June of year
Connecticut,2025,net_migration,11589.0,1 July of the previous year to 30 June of year
Connecticut,2020,population_change,-28107.0,1 April to 30 June 2020
Connecticut,2021,population_change,28122.0,1 July of the previous year to 30 June of year
Connecticut,2022,population_change,10942.0,1 July of the previous year to 30 June of year
Connecticut,2023,population_change,22662.0,1 July of the previous year to 30 June of year
Connecticut,2024,population_change,33080.0,1 July of the previous year to 30 June of year
Connecticut,2025,population_change,14047.0,1 July of the previous year to 30 June of year
Connecticut,2020,population_july1,3579643.0,1 July of year
Connecticut,2021,population_july1,3607765.0,1 July of year
Connecticut,2022,population_july1,3618707.0,1 July of year
Connecticut,2023,population_july1,3641369.0,1 July of year
Connecticut,2024,population_july1,3674449.0,1 July of year
Connecticut,2025,population_july1,3688496.0,1 July of year
Connecticut,2020,residual,-3832.0,1 April to 30 June 2020
Connecticut,2021,residual,1916.0,1 July of the previous year to 30 June of year
Connecticut,2022,residual,-1520.0,1 July of the previous year to 30 June of year
Connecticut,2023,residual,-577.0,1 July of the previous year to 30 June of year
Connecticut,2024,residual,-250.0,1 July of the previous year to 30 June of year
Connecticut,2025,residual,175.0,1 July of the previous year to 30 June of year
Delaware,2020,births,2577.0,1 April to 30 June 2020
Delaware,2021,births,10162.0,1 July of the previous year to 30 June of year
Delaware,2022,births,10844.0,1 July of the previous year to 30 June of year
Delaware,2023,births,10721.0,1 July of the previous year to 30 June of year
Delaware,2024,births,10422.0,1 July of the previous year to 30 June of year
Delaware,2025,births,10328.0,1 July of the previous year to 30 June of year
Delaware,2020,deaths,2966.0,1 April to 30 June 2020
Delaware,2021,deaths,11246.0,1 July of the previous year to 30 June of year
Delaware,2022,deaths,11508.0,1 July of the previous year to 30 June of year
Delaware,2023,deaths,10983.0,1 July of the previous year to 30 June of year
Delaware,2024,deaths,10619.0,1 July of the previous year to 30 June of year
Delaware,2025,deaths,10882.0,1 July of the previous year to 30 June of year
Delaware,2020,natural_change,-389.0,1 April to 30 June 2020
Delaware,2021,natural_change,-1084.0,1 July of the previous year to 30 June of year
Delaware,2022,natural_change,-664.0,1 July of the previous year to 30 June of year
Delaware,2023,natural_change,-262.0,1 July of the previous year to 30 June of year
Delaware,2024,natural_change,-197.0,1 July of the previous year to 30 June of year
Delaware,2025,natural_change,-554.0,1 July of the previous year to 30 June of year
Delaware,2020,net_domestic_migration,2235.0,1 April to 30 June 2020
Delaware,2021,net_domestic_migration,13680.0,1 July of the previous year to 30 June of year
Delaware,2022,net_domestic_migration,12530.0,1 July of the previous year to 30 June of year
Delaware,2023,net_domestic_migration,9872.0,1 July of the previous year to 30 June of year
Delaware,2024,net_domestic_migration,8040.0,1 July of the previous year to 30 June of year
Delaware,2025,net_domestic_migration,6855.0,1 July of the previous year to 30 June of year
Delaware,2020,net_international_migration,64.0,1 April to 30 June 2020
Delaware,2021,net_international_migration,939.0,1 July of the previous year to 30 June of year
Delaware,2022,net_international_migration,3090.0,1 July of the previous year to 30 June of year
Delaware,2023,net_international_migration,5322.0,1 July of the previous year to 30 June of year
Delaware,2024,net_international_migration,6799.0,1 July of the previous year to 30 June of year
Delaware,2025,net_international_migration,3473.0,1 July of the previous year to 30 June of year
Delaware,2020,net_migration,2299.0,1 April to 30 June 2020
Delaware,2021,net_migration,14619.0,1 July of the previous year to 30 June of year
Delaware,2022,net_migration,15620.0,1 July of the previous year to 30 June of year
Delaware,2023,net_migration,15194.0,1 July of the previous year to 30 June of year
Delaware,2024,net_migration,14839.0,1 July of the previous year to 30 June of year
Delaware,2025,net_migration,10328.0,1 July of the previous year to 30 June of year
Delaware,2020,population_change,1940.0,1 April to 30 June 2020
Delaware,2021,population_change,13240.0,1 July of the previous year to 30 June of year
Delaware,2022,population_change,15149.0,1 July of the previous year to 30 June of year
Delaware,2023,population_change,15075.0,1 July of the previous year to 30 June of year
Delaware,2024,population_change,14769.0,1 July of the previous year to 30 June of year
Delaware,2025,population_change,9829.0,1 July of the previous year to 30 June of year
Delaware,2020,population_july1,991890.0,1 July of year
Delaware,2021,population_july1,1005130.0,1 July of year
Delaware,2022,population_july1,1020279.0,1 July of year
Delaware,2023,population_july1,1035354.0,1 July of year
Delaware,2024,population_july1,1050123.0,1 July of year
Delaware,2025,population_july1,1059952.0,1 July of year
Delaware,2020,residual,30.0,1 April to 30 June 2020
Delaware,2021,residual,-295.0,1 July of the previous year to 30 June of year
Delaware,2022,residual,193.0,1 July of the previous year to 30 June of year
Delaware,2023,residual,143.0,1 July of the previous year to 30 June of year
Delaware,2024,residual,127.0,1 July of the previous year to 30 June of year
Delaware,2025,residual,55.0,1 July of the previous year to 30 June of year
District of Columbia,2020,births,2189.0,1 April to 30 June 2020
District of Columbia,2021,births,8504.0,1 July of the previous year to 30 June of year
District of Columbia,2022,births,8495.0,1 July of the previous year to 30 June of year
District of Columbia,2023,births,8055.0,1 July of the previous year to 30 June of year
District of Columbia,2024,births,7747.0,1 July of the previous year to 30 June of year
District of Columbia,2025,births,7336.0,1 July of the previous year to 30 June of year
District of Columbia,2020,deaths,2002.0,1 April to 30 June 2020
District of Columbia,2021,deaths,5810.0,1 July of the previous year to 30 June of year
District of Columbia,2022,deaths,5567.0,1 July of the previous year to 30 June of year
District of Columbia,2023,deaths,5050.0,1 July of the previous year to 30 June of year
District of Columbia,2024,deaths,4920.0,1 July of the previous year to 30 June of year
District of Columbia,2025,deaths,4820.0,1 July of the previous year to 30 June of year
District of Columbia,2020,natural_change,187.0,1 April to 30 June 2020
District of Columbia,2021,natural_change,2694.0,1 July of the previous year to 30 June of year
District of Columbia,2022,natural_change,2928.0,1 July of the previous year to 30 June of year
District of Columbia,2023,natural_change,3005.0,1 July of the previous year to 30 June of year
District of Columbia,2024,natural_change,2827.0,1 July of the previous year to 30 June of year
District of Columbia,2025,natural_change,2516.0,1 July of the previous year to 30 June of year
District of Columbia,2020,net_domestic_migration,-15396.0,1 April to 30 June 2020
District of Columbia,2021,net_domestic_migration,-6258.0,1 July of the previous year to 30 June of year
District of Columbia,2022,net_domestic_migration,-5029.0,1 July of the previous year to 30 June of year
District of Columbia,2023,net_domestic_migration,-2706.0,1 July of the previous year to 30 June of year
District of Columbia,2024,net_domestic_migration,-386.0,1 July of the previous year to 30 June of year
District of Columbia,2025,net_domestic_migration,-4128.0,1 July of the previous year to 30 June of year
District of Columbia,2020,net_international_migration,52.0,1 April to 30 June 2020
District of Columbia,2021,net_international_migration,1745.0,1 July of the previous year to 30 June of year
District of Columbia,2022,net_international_migration,7513.0,1 July of the previous year to 30 June of year
District of Columbia,2023,net_international_migration,7870.0,1 July of the previous year to 30 June of year
District of Columbia,2024,net_international_migration,6307.0,1 July of the previous year to 30 June of year
District of Columbia,2025,net_international_migration,3915.0,1 July of the previous year to 30 June of year
District of Columbia,2020,net_migration,-15344.0,1 April to 30 June 2020
District of Columbia,2021,net_migration,-4513.0,1 July of the previous year to 30 June of year
District of Columbia,2022,net_migration,2484.0,1 July of the previous year to 30 June of year
District of Columbia,2023,net_migration,5164.0,1 July of the previous year to 30 June of year
District of Columbia,2024,net_migration,5921.0,1 July of the previous year to 30 June of year
District of Columbia,2025,net_migration,-213.0,1 July of the previous year to 30 June of year
District of Columbia,2020,population_change,-18586.0,1 April to 30 June 2020
District of Columbia,2021,population_change,-1321.0,1 July of the previous year to 30 June of year
District of Columbia,2022,population_change,4864.0,1 July of the previous year to 30 June of year
District of Columbia,2023,population_change,8058.0,1 July of the previous year to 30 June of year
District of Columbia,2024,population_change,8751.0,1 July of the previous year to 30 June of year
District of Columbia,2025,population_change,2335.0,1 July of the previous year to 30 June of year
District of Columbia,2020,population_july1,670958.0,1 July of year
District of Columbia,2021,population_july1,669637.0,1 July of year
District of Columbia,2022,population_july1,674501.0,1 July of year
District of Columbia,2023,population_july1,682559.0,1 July of year
District of Columbia,2024,population_july1,691310.0,1 July of year
District of Columbia,2025,population_july1,693645.0,1 July of year
District of Columbia,2020,residual,-3429.0,1 April to 30 June 2020
District of Columbia,2021,residual,498.0,1 July of the previous year to 30 June of year
District of Columbia,2022,residual,-548.0,1 July of the previous year to 30 June of year
District of Columbia,2023,residual,-111.0,1 July of the previous year to 30 June of year
District of Columbia,2024,residual,3.0,1 July of the previous year to 30 June of year
District of Columbia,2025,residual,32.0,1 July of the previous year to 30 June of year
Florida,2020,births,50409.0,1 April to 30 June 2020
Florida,2021,births,208256.0,1 July of the previous year to 30 June of year
Florida,2022,births,222202.0,1 July of the previous year to 30 June of year
Florida,2023,births,224378.0,1 July of the previous year to 30 June of year
Florida,2024,births,221213.0,1 July of the previous year to 30 June of year
Florida,2025,births,225971.0,1 July of the previous year to 30 June of year
Florida,2020,deaths,56364.0,1 April to 30 June 2020
Florida,2021,deaths,250266.0,1 July of the previous year to 30 June of year
Florida,2022,deaths,260264.0,1 July of the previous year to 30 June of year
Florida,2023,deaths,231949.0,1 July of the previous year to 30 June of year
Florida,2024,deaths,229252.0,1 July of the previous year to 30 June of year
Florida,2025,deaths,227304.0,1 July of the previous year to 30 June of year
Florida,2020,natural_change,-5955.0,1 April to 30 June 2020
Florida,2021,natural_change,-42010.0,1 July of the previous year to 30 June of year
Florida,2022,natural_change,-38062.0,1 July of the previous year to 30 June of year
Florida,2023,natural_change,-7571.0,1 July of the previous year to 30 June of year
Florida,2024,natural_change,-8039.0,1 July of the previous year to 30 June of year
Florida,2025,natural_change,-1333.0,1 July of the previous year to 30 June of year
Florida,2020,net_domestic_migration,61662.0,1 April to 30 June 2020
Florida,2021,net_domestic_migration,253220.0,1 July of the previous year to 30 June of year
Florida,2022,net_domestic_migration,310892.0,1 July of the previous year to 30 June of year
Florida,2023,net_domestic_migration,183646.0,1 July of the previous year to 30 June of year
Florida,2024,net_domestic_migration,58411.0,1 July of the previous year to 30 June of year
Florida,2025,net_domestic_migration,22517.0,1 July of the previous year to 30 June of year
Florida,2020,net_international_migration,2838.0,1 April to 30 June 2020
Florida,2021,net_international_migration,46857.0,1 July of the previous year to 30 June of year
Florida,2022,net_international_migration,287845.0,1 July of the previous year to 30 June of year
Florida,2023,net_international_migration,333449.0,1 July of the previous year to 30 June of year
Florida,2024,net_international_migration,283664.0,1 July of the previous year to 30 June of year
Florida,2025,net_international_migration,178674.0,1 July of the previous year to 30 June of year
Florida,2020,net_migration,64500.0,1 April to 30 June 2020
Florida,2021,net_migration,300077.0,1 July of the previous year to 30 June of year
Florida,2022,net_migration,598737.0,1 July of the previous year to 30 June of year
Florida,2023,net_migration,517095.0,1 July of the previous year to 30 June of year
Florida,2024,net_migration,342075.0,1 July of the previous year to 30 June of year
Florida,2025,net_migration,201191.0,1 July of the previous year to 30 June of year
Florida,2020,population_change,53118.0,1 April to 30 June 2020
Florida,2021,population_change,245373.0,1 July of the previous year to 30 June of year
Florida,2022,population_change,577291.0,1 July of the previous year to 30 June of year
Florida,2023,population_change,515259.0,1 July of the previous year to 30 June of year
Florida,2024,population_change,336590.0,1 July of the previous year to 30 June of year
Florida,2025,population_change,196680.0,1 July of the previous year to 30 June of year
Florida,2020,population_july1,21591325.0,1 July of year
Florida,2021,population_july1,21836698.0,1 July of year
Florida,2022,population_july1,22413989.0,1 July of year
Florida,2023,population_july1,22929248.0,1 July of year
Florida,2024,population_july1,23265838.0,1 July of year
Florida,2025,population_july1,23462518.0,1 July of year
Florida,2020,residual,-5427.0,1 April to 30 June 2020
Florida,2021,residual,-12694.0,1 July of the previous year to 30 June of year
Florida,2022,residual,16616.0,1 July of the previous year to 30 June of year
Florida,2023,residual,5735.0,1 July of the previous year to 30 June of year
Florida,2024,residual,2554.0,1 July of the previous year to 30 June of year
Florida,2025,residual,-3178.0,1 July of the previous year to 30 June of year
Georgia,2020,births,29838.0,1 April to 30 June 2020
Georgia,2021,births,121375.0,1 July of the previous year to 30 June of year
Georgia,2022,births,125747.0,1 July of the previous year to 30 June of year
Georgia,2023,births,126265.0,1 July of the previous year to 30 June of year
Georgia,2024,births,125708.0,1 July of the previous year to 30 June of year
Georgia,2025,births,126446.0,1 July of the previous year to 30 June of year
Georgia,2020,deaths,24705.0,1 April to 30 June 2020
Georgia,2021,deaths,109407.0,1 July of the previous year to 30 June of year
Georgia,2022,deaths,110519.0,1 July of the previous year to 30 June of year
Georgia,2023,deaths,98375.0,1 July of the previous year to 30 June of year
Georgia,2024,deaths,97476.0,1 July of the previous year to 30 June of year
Georgia,2025,deaths,97815.0,1 July of the previous year to 30 June of year
Georgia,2020,natural_change,5133.0,1 April to 30 June 2020
Georgia,2021,natural_change,11968.0,1 July of the previous year to 30 June of year
Georgia,2022,natural_change,15228.0,1 July of the previous year to 30 June of year
Georgia,2023,natural_change,27890.0,1 July of the previous year to 30 June of year
Georgia,2024,natural_change,28232.0,1 July of the previous year to 30 June of year
Georgia,2025,natural_change,28631.0,1 July of the previous year to 30 June of year
Georgia,2020,net_domestic_migration,11584.0,1 April to 30 June 2020
Georgia,2021,net_domestic_migration,37079.0,1 July of the previous year to 30 June of year
Georgia,2022,net_domestic_migration,79102.0,1 July of the previous year to 30 June of year
Georgia,2023,net_domestic_migration,52348.0,1 July of the previous year to 30 June of year
Georgia,2024,net_domestic_migration,25403.0,1 July of the previous year to 30 June of year
Georgia,2025,net_domestic_migration,27333.0,1 July of the previous year to 30 June of year
Georgia,2020,net_international_migration,732.0,1 April to 30 June 2020
Georgia,2021,net_international_migration,10163.0,1 July of the previous year to 30 June of year
Georgia,2022,net_international_migration,42619.0,1 July of the previous year to 30 June of year
Georgia,2023,net_international_migration,52726.0,1 July of the previous year to 30 June of year
Georgia,2024,net_international_migration,86526.0,1 July of the previous year to 30 June of year
Georgia,2025,net_international_migration,42579.0,1 July of the previous year to 30 June of year
Georgia,2020,net_migration,12316.0,1 April to 30 June 2020
Georgia,2021,net_migration,47242.0,1 July of the previous year to 30 June of year
Georgia,2022,net_migration,121721.0,1 July of the previous year to 30 June of year
Georgia,2023,net_migration,105074.0,1 July of the previous year to 30 June of year
Georgia,2024,net_migration,111929.0,1 July of the previous year to 30 June of year
Georgia,2025,net_migration,69912.0,1 July of the previous year to 30 June of year
Georgia,2020,population_change,18734.0,1 April to 30 June 2020
Georgia,2021,population_change,60443.0,1 July of the previous year to 30 June of year
Georgia,2022,population_change,136954.0,1 July of the previous year to 30 June of year
Georgia,2023,population_change,133677.0,1 July of the previous year to 30 June of year
Georgia,2024,population_change,140539.0,1 July of the previous year to 30 June of year
Georgia,2025,population_change,98540.0,1 July of the previous year to 30 June of year
Georgia,2020,population_july1,10732595.0,1 July of year
Georgia,2021,population_july1,10793038.0,1 July of year
Georgia,2022,population_july1,10929992.0,1 July of year
Georgia,2023,population_july1,11063669.0,1 July of year
Georgia,2024,population_july1,11204208.0,1 July of year
Georgia,2025,population_july1,11302748.0,1 July of year
Georgia,2020,residual,1285.0,1 April to 30 June 2020
Georgia,2021,residual,1233.0,1 July of the previous year to 30 June of year
Georgia,2022,residual,5.0,1 July of the previous year to 30 June of year
Georgia,2023,residual,713.0,1 July of the previous year to 30 June of year
Georgia,2024,residual,378.0,1 July of the previous year to 30 June of year
Georgia,2025,residual,-3.0,1 July of the previous year to 30 June of year
Hawaii,2020,births,3825.0,1 April to 30 June 2020
Hawaii,2021,births,15525.0,1 July of the previous year to 30 June of year
Hawaii,2022,births,15726.0,1 July of the previous year to 30 June of year
Hawaii,2023,births,15245.0,1 July of the previous year to 30 June of year
Hawaii,2024,births,14737.0,1 July of the previous year to 30 June of year
Hawaii,2025,births,14631.0,1 July of the previous year to 30 June of year
Hawaii,2020,deaths,2858.0,1 April to 30 June 2020
Hawaii,2021,deaths,12239.0,1 July of the previous year to 30 June of year
Hawaii,2022,deaths,13490.0,1 July of the previous year to 30 June of year
Hawaii,2023,deaths,12979.0,1 July of the previous year to 30 June of year
Hawaii,2024,deaths,12704.0,1 July of the previous year to 30 June of year
Hawaii,2025,deaths,12607.0,1 July of the previous year to 30 June of year
Hawaii,2020,natural_change,967.0,1 April to 30 June 2020
Hawaii,2021,natural_change,3286.0,1 July of the previous year to 30 June of year
Hawaii,2022,natural_change,2236.0,1 July of the previous year to 30 June of year
Hawaii,2023,natural_change,2266.0,1 July of the previous year to 30 June of year
Hawaii,2024,natural_change,2033.0,1 July of the previous year to 30 June of year
Hawaii,2025,natural_change,2024.0,1 July of the previous year to 30 June of year
Hawaii,2020,net_domestic_migration,-4865.0,1 April to 30 June 2020
Hawaii,2021,net_domestic_migration,-9849.0,1 July of the previous year to 30 June of year
Hawaii,2022,net_domestic_migration,-15999.0,1 July of the previous year to 30 June of year
Hawaii,2023,net_domestic_migration,-11327.0,1 July of the previous year to 30 June of year
Hawaii,2024,net_domestic_migration,-8486.0,1 July of the previous year to 30 June of year
Hawaii,2025,net_domestic_migration,-8876.0,1 July of the previous year to 30 June of year
Hawaii,2020,net_international_migration,123.0,1 April to 30 June 2020
Hawaii,2021,net_international_migration,2052.0,1 July of the previous year to 30 June of year
Hawaii,2022,net_international_migration,4598.0,1 July of the previous year to 30 June of year
Hawaii,2023,net_international_migration,6350.0,1 July of the previous year to 30 June of year
Hawaii,2024,net_international_migration,6588.0,1 July of the previous year to 30 June of year
Hawaii,2025,net_international_migration,4768.0,1 July of the previous year to 30 June of year
Hawaii,2020,net_migration,-4742.0,1 April to 30 June 2020
Hawaii,2021,net_migration,-7797.0,1 July of the previous year to 30 June of year
Hawaii,2022,net_migration,-11401.0,1 July of the previous year to 30 June of year
Hawaii,2023,net_migration,-4977.0,1 July of the previous year to 30 June of year
Hawaii,2024,net_migration,-1898.0,1 July of the previous year to 30 June of year
Hawaii,2025,net_migration,-4108.0,1 July of the previous year to 30 June of year
Hawaii,2020,population_change,-4137.0,1 April to 30 June 2020
Hawaii,2021,population_change,-4221.0,1 July of the previous year to 30 June of year
Hawaii,2022,population_change,-9097.0,1 July of the previous year to 30 June of year
Hawaii,2023,population_change,-2862.0,1 July of the previous year to 30 June of year
Hawaii,2024,population_change,2.0,1 July of the previous year to 30 June of year
Hawaii,2025,population_change,-2132.0,1 July of the previous year to 30 June of year
Hawaii,2020,population_july1,1451130.0,1 July of year
Hawaii,2021,population_july1,1446909.0,1 July of year
Hawaii,2022,population_july1,1437812.0,1 July of year
Hawaii,2023,population_july1,1434950.0,1 July of year
Hawaii,2024,population_july1,1434952.0,1 July of year
Hawaii,2025,population_july1,1432820.0,1 July of year
Hawaii,2020,residual,-362.0,1 April to 30 June 2020
Hawaii,2021,residual,290.0,1 July of the previous year to 30 June of year
Hawaii,2022,residual,68.0,1 July of the previous year to 30 June of year
Hawaii,2023,residual,-151.0,1 July of the previous year to 30 June of year
Hawaii,2024,residual,-133.0,1 July of the previous year to 30 June of year
Hawaii,2025,residual,-48.0,1 July of the previous year to 30 June of year
Idaho,2020,births,5459.0,1 April to 30 June 2020
Idaho,2021,births,21845.0,1 July of the previous year to 30 June of year
Idaho,2022,births,22375.0,1 July of the previous year to 30 June of year
Idaho,2023,births,22357.0,1 July of the previous year to 30 June of year
Idaho,2024,births,22868.0,1 July of the previous year to 30 June of year
Idaho,2025,births,23695.0,1 July of the previous year to 30 June of year
Idaho,2020,deaths,3630.0,1 April to 30 June 2020
Idaho,2021,deaths,17114.0,1 July of the previous year to 30 June of year
Idaho,2022,deaths,18939.0,1 July of the previous year to 30 June of year
Idaho,2023,deaths,16829.0,1 July of the previous year to 30 June of year
Idaho,2024,deaths,16782.0,1 July of the previous year to 30 June of year
Idaho,2025,deaths,16795.0,1 July of the previous year to 30 June of year
Idaho,2020,natural_change,1829.0,1 April to 30 June 2020
Idaho,2021,natural_change,4731.0,1 July of the previous year to 30 June of year
Idaho,2022,natural_change,3436.0,1 July of the previous year to 30 June of year
Idaho,2023,natural_change,5528.0,1 July of the previous year to 30 June of year
Idaho,2024,natural_change,6086.0,1 July of the previous year to 30 June of year
Idaho,2025,natural_change,6900.0,1 July of the previous year to 30 June of year
Idaho,2020,net_domestic_migration,8812.0,1 April to 30 June 2020
Idaho,2021,net_domestic_migration,52350.0,1 July of the previous year to 30 June of year
Idaho,2022,net_domestic_migration,28019.0,1 July of the previous year to 30 June of year
Idaho,2023,net_domestic_migration,14713.0,1 July of the previous year to 30 June of year
Idaho,2024,net_domestic_migration,15975.0,1 July of the previous year to 30 June of year
Idaho,2025,net_domestic_migration,19915.0,1 July of the previous year to 30 June of year
Idaho,2020,net_international_migration,58.0,1 April to 30 June 2020
Idaho,2021,net_international_migration,699.0,1 July of the previous year to 30 June of year
Idaho,2022,net_international_migration,5908.0,1 July of the previous year to 30 June of year
Idaho,2023,net_international_migration,7179.0,1 July of the previous year to 30 June of year
Idaho,2024,net_international_migration,8154.0,1 July of the previous year to 30 June of year
Idaho,2025,net_international_migration,2148.0,1 July of the previous year to 30 June of year
Idaho,2020,net_migration,8870.0,1 April to 30 June 2020
Idaho,2021,net_migration,53049.0,1 July of the previous year to 30 June of year
Idaho,2022,net_migration,33927.0,1 July of the previous year to 30 June of year
Idaho,2023,net_migration,21892.0,1 July of the previous year to 30 June of year
Idaho,2024,net_migration,24129.0,1 July of the previous year to 30 June of year
Idaho,2025,net_migration,22063.0,1 July of the previous year to 30 June of year
Idaho,2020,population_change,10205.0,1 April to 30 June 2020
Idaho,2021,population_change,55527.0,1 July of the previous year to 30 June of year
Idaho,2022,population_change,38096.0,1 July of the previous year to 30 June of year
Idaho,2023,population_change,27546.0,1 July of the previous year to 30 June of year
Idaho,2024,population_change,30375.0,1 July of the previous year to 30 June of year
Idaho,2025,population_change,28861.0,1 July of the previous year to 30 June of year
Idaho,2020,population_july1,1849328.0,1 July of year
Idaho,2021,population_july1,1904855.0,1 July of year
Idaho,2022,population_july1,1942951.0,1 July of year
Idaho,2023,population_july1,1970497.0,1 July of year
Idaho,2024,population_july1,2000872.0,1 July of year
Idaho,2025,population_july1,2029733.0,1 July of year
Idaho,2020,residual,-494.0,1 April to 30 June 2020
Idaho,2021,residual,-2253.0,1 July of the previous year to 30 June of year
Idaho,2022,residual,733.0,1 July of the previous year to 30 June of year
Idaho,2023,residual,126.0,1 July of the previous year to 30 June of year
Idaho,2024,residual,160.0,1 July of the previous year to 30 June of year
Idaho,2025,residual,-102.0,1 July of the previous year to 30 June of year
Illinois,2020,births,33452.0,1 April to 30 June 2020
Illinois,2021,births,131839.0,1 July of the previous year to 30 June of year
Illinois,2022,births,129746.0,1 July of the previous year to 30 June of year
Illinois,2023,births,127000.0,1 July of the previous year to 30 June of year
Illinois,2024,births,125470.0,1 July of the previous year to 30 June of year
Illinois,2025,births,125129.0,1 July of the previous year to 30 June of year
Illinois,2020,deaths,35327.0,1 April to 30 June 2020
Illinois,2021,deaths,128445.0,1 July of the previous year to 30 June of year
Illinois,2022,deaths,127075.0,1 July of the previous year to 30 June of year
Illinois,2023,deaths,116926.0,1 July of the previous year to 30 June of year
Illinois,2024,deaths,113529.0,1 July of the previous year to 30 June of year
Illinois,2025,deaths,114226.0,1 July of the previous year to 30 June of year
Illinois,2020,natural_change,-1875.0,1 April to 30 June 2020
Illinois,2021,natural_change,3394.0,1 July of the previous year to 30 June of year
Illinois,2022,natural_change,2671.0,1 July of the previous year to 30 June of year
Illinois,2023,natural_change,10074.0,1 July of the previous year to 30 June of year
Illinois,2024,natural_change,11941.0,1 July of the previous year to 30 June of year
Illinois,2025,natural_change,10903.0,1 July of the previous year to 30 June of year
Illinois,2020,net_domestic_migration,-25229.0,1 April to 30 June 2020
Illinois,2021,net_domestic_migration,-108364.0,1 July of the previous year to 30 June of year
Illinois,2022,net_domestic_migration,-149904.0,1 July of the previous year to 30 June of year
Illinois,2023,net_domestic_migration,-79784.0,1 July of the previous year to 30 June of year
Illinois,2024,net_domestic_migration,-53080.0,1 July of the previous year to 30 June of year
Illinois,2025,net_domestic_migration,-40017.0,1 July of the previous year to 30 June of year
Illinois,2020,net_international_migration,507.0,1 April to 30 June 2020
Illinois,2021,net_international_migration,11432.0,1 July of the previous year to 30 June of year
Illinois,2022,net_international_migration,51733.0,1 July of the previous year to 30 June of year
Illinois,2023,net_international_migration,94146.0,1 July of the previous year to 30 June of year
Illinois,2024,net_international_migration,111121.0,1 July of the previous year to 30 June of year
Illinois,2025,net_international_migration,44752.0,1 July of the previous year to 30 June of year
Illinois,2020,net_migration,-24722.0,1 April to 30 June 2020
Illinois,2021,net_migration,-96932.0,1 July of the previous year to 30 June of year
Illinois,2022,net_migration,-98171.0,1 July of the previous year to 30 June of year
Illinois,2023,net_migration,14362.0,1 July of the previous year to 30 June of year
Illinois,2024,net_migration,58041.0,1 July of the previous year to 30 June of year
Illinois,2025,net_migration,4735.0,1 July of the previous year to 30 June of year
Illinois,2020,population_change,-26393.0,1 April to 30 June 2020
Illinois,2021,population_change,-91994.0,1 July of the previous year to 30 June of year
Illinois,2022,population_change,-93777.0,1 July of the previous year to 30 June of year
Illinois,2023,population_change,23812.0,1 July of the previous year to 30 June of year
Illinois,2024,population_change,69644.0,1 July of the previous year to 30 June of year
Illinois,2025,population_change,16108.0,1 July of the previous year to 30 June of year
Illinois,2020,population_july1,12795348.0,1 July of year
Illinois,2021,population_july1,12703354.0,1 July of year
Illinois,2022,population_july1,12609577.0,1 July of year
Illinois,2023,population_july1,12633389.0,1 July of year
Illinois,2024,population_july1,12703033.0,1 July of year
Illinois,2025,population_july1,12719141.0,1 July of year
Illinois,2020,residual,204.0,1 April to 30 June 2020
Illinois,2021,residual,1544.0,1 July of the previous year to 30 June of year
Illinois,2022,residual,1723.0,1 July of the previous year to 30 June of year
Illinois,2023,residual,-624.0,1 July of the previous year to 30 June of year
Illinois,2024,residual,-338.0,1 July of the previous year to 30 June of year
Illinois,2025,residual,470.0,1 July of the previous year to 30 June of year
Indiana,2020,births,19425.0,1 April to 30 June 2020
Indiana,2021,births,77620.0,1 July of the previous year to 30 June of year
Indiana,2022,births,80451.0,1 July of the previous year to 30 June of year
Indiana,2023,births,79708.0,1 July of the previous year to 30 June of year
Indiana,2024,births,79448.0,1 July of the previous year to 30 June of year
Indiana,2025,births,79648.0,1 July of the previous year to 30 June of year
Indiana,2020,deaths,19147.0,1 April to 30 June 2020
Indiana,2021,deaths,77873.0,1 July of the previous year to 30 June of year
Indiana,2022,deaths,79703.0,1 July of the previous year to 30 June of year
Indiana,2023,deaths,72091.0,1 July of the previous year to 30 June of year
Indiana,2024,deaths,70277.0,1 July of the previous year to 30 June of year
Indiana,2025,deaths,71087.0,1 July of the previous year to 30 June of year
Indiana,2020,natural_change,278.0,1 April to 30 June 2020
Indiana,2021,natural_change,-253.0,1 July of the previous year to 30 June of year
Indiana,2022,natural_change,748.0,1 July of the previous year to 30 June of year
Indiana,2023,natural_change,7617.0,1 July of the previous year to 30 June of year
Indiana,2024,natural_change,9171.0,1 July of the previous year to 30 June of year
Indiana,2025,natural_change,8561.0,1 July of the previous year to 30 June of year
Indiana,2020,net_domestic_migration,1635.0,1 April to 30 June 2020
Indiana,2021,net_domestic_migration,15069.0,1 July of the previous year to 30 June of year
Indiana,2022,net_domestic_migration,3966.0,1 July of the previous year to 30 June of year
Indiana,2023,net_domestic_migration,3077.0,1 July of the previous year to 30 June of year
Indiana,2024,net_domestic_migration,6024.0,1 July of the previous year to 30 June of year
Indiana,2025,net_domestic_migration,12197.0,1 July of the previous year to 30 June of year
Indiana,2020,net_international_migration,342.0,1 April to 30 June 2020
Indiana,2021,net_international_migration,6065.0,1 July of the previous year to 30 June of year
Indiana,2022,net_international_migration,25501.0,1 July of the previous year to 30 June of year
Indiana,2023,net_international_migration,29749.0,1 July of the previous year to 30 June of year
Indiana,2024,net_international_migration,38414.0,1 July of the previous year to 30 June of year
Indiana,2025,net_international_migration,17852.0,1 July of the previous year to 30 June of year
Indiana,2020,net_migration,1977.0,1 April to 30 June 2020
Indiana,2021,net_migration,21134.0,1 July of the previous year to 30 June of year
Indiana,2022,net_migration,29467.0,1 July of the previous year to 30 June of year
Indiana,2023,net_migration,32826.0,1 July of the previous year to 30 June of year
Indiana,2024,net_migration,44438.0,1 July of the previous year to 30 June of year
Indiana,2025,net_migration,30049.0,1 July of the previous year to 30 June of year
Indiana,2020,population_change,3685.0,1 April to 30 June 2020
Indiana,2021,population_change,23933.0,1 July of the previous year to 30 June of year
Indiana,2022,population_change,27268.0,1 July of the previous year to 30 June of year
Indiana,2023,population_change,39882.0,1 July of the previous year to 30 June of year
Indiana,2024,population_change,53381.0,1 July of the previous year to 30 June of year
Indiana,2025,population_change,38579.0,1 July of the previous year to 30 June of year
Indiana,2020,population_july1,6790290.0,1 July of year
Indiana,2021,population_july1,6814223.0,1 July of year
Indiana,2022,population_july1,6841491.0,1 July of year
Indiana,2023,population_july1,6881373.0,1 July of year
Indiana,2024,population_july1,6934754.0,1 July of year
Indiana,2025,population_july1,6973333.0,1 July of year
Indiana,2020,residual,1430.0,1 April to 30 June 2020
Indiana,2021,residual,3052.0,1 July of the previous year to 30 June of year
Indiana,2022,residual,-2947.0,1 July of the previous year to 30 June of year
Indiana,2023,residual,-561.0,1 July of the previous year to 30 June of year
Indiana,2024,residual,-228.0,1 July of the previous year to 30 June of year
Indiana,2025,residual,-31.0,1 July of the previous year to 30 June of year
Iowa,2020,births,9091.0,1 April to 30 June 2020
Iowa,2021,births,35845.0,1 July of the previous year to 30 June of year
Iowa,2022,births,36774.0,1 July of the previous year to 30 June of year
Iowa,2023,births,36415.0,1 July of the previous year to 30 June of year
Iowa,2024,births,36280.0,1 July of the previous year to 30 June of year
Iowa,2025,births,36470.0,1 July of the previous year to 30 June of year
Iowa,2020,deaths,8032.0,1 April to 30 June 2020
Iowa,2021,deaths,35466.0,1 July of the previous year to 30 June of year
Iowa,2022,deaths,35685.0,1 July of the previous year to 30 June of year
Iowa,2023,deaths,32987.0,1 July of the previous year to 30 June of year
Iowa,2024,deaths,32751.0,1 July of the previous year to 30 June of year
Iowa,2025,deaths,33521.0,1 July of the previous year to 30 June of year
Iowa,2020,natural_change,1059.0,1 April to 30 June 2020
Iowa,2021,natural_change,379.0,1 July of the previous year to 30 June of year
Iowa,2022,natural_change,1089.0,1 July of the previous year to 30 June of year
Iowa,2023,natural_change,3428.0,1 July of the previous year to 30 June of year
Iowa,2024,natural_change,3529.0,1 July of the previous year to 30 June of year
Iowa,2025,natural_change,2949.0,1 July of the previous year to 30 June of year
Iowa,2020,net_domestic_migration,-1242.0,1 April to 30 June 2020
Iowa,2021,net_domestic_migration,2294.0,1 July of the previous year to 30 June of year
Iowa,2022,net_domestic_migration,-6301.0,1 July of the previous year to 30 June of year
Iowa,2023,net_domestic_migration,-3502.0,1 July of the previous year to 30 June of year
Iowa,2024,net_domestic_migration,-427.0,1 July of the previous year to 30 June of year
Iowa,2025,net_domestic_migration,-970.0,1 July of the previous year to 30 June of year
Iowa,2020,net_international_migration,199.0,1 April to 30 June 2020
Iowa,2021,net_international_migration,3701.0,1 July of the previous year to 30 June of year
Iowa,2022,net_international_migration,9235.0,1 July of the previous year to 30 June of year
Iowa,2023,net_international_migration,13275.0,1 July of the previous year to 30 June of year
Iowa,2024,net_international_migration,12701.0,1 July of the previous year to 30 June of year
Iowa,2025,net_international_migration,5903.0,1 July of the previous year to 30 June of year
Iowa,2020,net_migration,-1043.0,1 April to 30 June 2020
Iowa,2021,net_migration,5995.0,1 July of the previous year to 30 June of year
Iowa,2022,net_migration,2934.0,1 July of the previous year to 30 June of year
Iowa,2023,net_migration,9773.0,1 July of the previous year to 30 June of year
Iowa,2024,net_migration,12274.0,1 July of the previous year to 30 June of year
Iowa,2025,net_migration,4933.0,1 July of the previous year to 30 June of year
Iowa,2020,population_change,499.0,1 April to 30 June 2020
Iowa,2021,population_change,7956.0,1 July of the previous year to 30 June of year
Iowa,2022,population_change,2853.0,1 July of the previous year to 30 June of year
Iowa,2023,population_change,12849.0,1 July of the previous year to 30 June of year
Iowa,2024,population_change,15715.0,1 July of the previous year to 30 June of year
Iowa,2025,population_change,7933.0,1 July of the previous year to 30 June of year
Iowa,2020,population_july1,3191081.0,1 July of year
Iowa,2021,population_july1,3199037.0,1 July of year
Iowa,2022,population_july1,3201890.0,1 July of year
Iowa,2023,population_july1,3214739.0,1 July of year
Iowa,2024,population_july1,3230454.0,1 July of year
Iowa,2025,population_july1,3238387.0,1 July of year
Iowa,2020,residual,483.0,1 April to 30 June 2020
Iowa,2021,residual,1582.0,1 July of the previous year to 30 June of year
Iowa,2022,residual,-1170.0,1 July of the previous year to 30 June of year
Iowa,2023,residual,-352.0,1 July of the previous year to 30 June of year
Iowa,2024,residual,-88.0,1 July of the previous year to 30 June of year
Iowa,2025,residual,51.0,1 July of the previous year to 30 June of year
Kansas,2020,births,8501.0,1 April to 30 June 2020
Kansas,2021,births,34178.0,1 July of the previous year to 30 June of year
Kansas,2022,births,34404.0,1 July of the previous year to 30 June of year
Kansas,2023,births,34681.0,1 July of the previous year to 30 June of year
Kansas,2024,births,33957.0,1 July of the previous year to 30 June of year
Kansas,2025,births,34416.0,1 July of the previous year to 30 June of year
Kansas,2020,deaths,6984.0,1 April to 30 June 2020
Kansas,2021,deaths,32781.0,1 July of the previous year to 30 June of year
Kansas,2022,deaths,33232.0,1 July of the previous year to 30 June of year
Kansas,2023,deaths,30221.0,1 July of the previous year to 30 June of year
Kansas,2024,deaths,29122.0,1 July of the previous year to 30 June of year
Kansas,2025,deaths,29465.0,1 July of the previous year to 30 June of year
Kansas,2020,natural_change,1517.0,1 April to 30 June 2020
Kansas,2021,natural_change,1397.0,1 July of the previous year to 30 June of year
Kansas,2022,natural_change,1172.0,1 July of the previous year to 30 June of year
Kansas,2023,natural_change,4460.0,1 July of the previous year to 30 June of year
Kansas,2024,natural_change,4835.0,1 July of the previous year to 30 June of year
Kansas,2025,natural_change,4951.0,1 July of the previous year to 30 June of year
Kansas,2020,net_domestic_migration,-1904.0,1 April to 30 June 2020
Kansas,2021,net_domestic_migration,-4610.0,1 July of the previous year to 30 June of year
Kansas,2022,net_domestic_migration,-7185.0,1 July of the previous year to 30 June of year
Kansas,2023,net_domestic_migration,-5284.0,1 July of the previous year to 30 June of year
Kansas,2024,net_domestic_migration,-4775.0,1 July of the previous year to 30 June of year
Kansas,2025,net_domestic_migration,-519.0,1 July of the previous year to 30 June of year
Kansas,2020,net_international_migration,136.0,1 April to 30 June 2020
Kansas,2021,net_international_migration,2068.0,1 July of the previous year to 30 June of year
Kansas,2022,net_international_migration,6270.0,1 July of the previous year to 30 June of year
Kansas,2023,net_international_migration,12815.0,1 July of the previous year to 30 June of year
Kansas,2024,net_international_migration,15548.0,1 July of the previous year to 30 June of year
Kansas,2025,net_international_migration,7440.0,1 July of the previous year to 30 June of year
Kansas,2020,net_migration,-1768.0,1 April to 30 June 2020
Kansas,2021,net_migration,-2542.0,1 July of the previous year to 30 June of year
Kansas,2022,net_migration,-915.0,1 July of the previous year to 30 June of year
Kansas,2023,net_migration,7531.0,1 July of the previous year to 30 June of year
Kansas,2024,net_migration,10773.0,1 July of the previous year to 30 June of year
Kansas,2025,net_migration,6921.0,1 July of the previous year to 30 June of year
Kansas,2020,population_change,288.0,1 April to 30 June 2020
Kansas,2021,population_change,692.0,1 July of the previous year to 30 June of year
Kansas,2022,population_change,-932.0,1 July of the previous year to 30 June of year
Kansas,2023,population_change,11715.0,1 July of the previous year to 30 June of year
Kansas,2024,population_change,15503.0,1 July of the previous year to 30 June of year
Kansas,2025,population_change,11968.0,1 July of the previous year to 30 June of year
Kansas,2020,population_july1,2938274.0,1 July of year
Kansas,2021,population_july1,2938966.0,1 July of year
Kansas,2022,population_july1,2938034.0,1 July of year
Kansas,2023,population_july1,2949749.0,1 July of year
Kansas,2024,population_july1,2965252.0,1 July of year
Kansas,2025,population_july1,2977220.0,1 July of year
Kansas,2020,residual,539.0,1 April to 30 June 2020
Kansas,2021,residual,1837.0,1 July of the previous year to 30 June of year
Kansas,2022,residual,-1189.0,1 July of the previous year to 30 June of year
Kansas,2023,residual,-276.0,1 July of the previous year to 30 June of year
Kansas,2024,residual,-105.0,1 July of the previous year to 30 June of year
Kansas,2025,residual,96.0,1 July of the previous year to 30 June of year
Kentucky,2020,births,12636.0,1 April to 30 June 2020
Kentucky,2021,births,51493.0,1 July of the previous year to 30 June of year
Kentucky,2022,births,52462.0,1 July of the previous year to 30 June of year
Kentucky,2023,births,52597.0,1 July of the previous year to 30 June of year
Kentucky,2024,births,52350.0,1 July of the previous year to 30 June of year
Kentucky,2025,births,52982.0,1 July of the previous year to 30 June of year
Kentucky,2020,deaths,12754.0,1 April to 30 June 2020
Kentucky,2021,deaths,58343.0,1 July of the previous year to 30 June of year
Kentucky,2022,deaths,61378.0,1 July of the previous year to 30 June of year
Kentucky,2023,deaths,54273.0,1 July of the previous year to 30 June of year
Kentucky,2024,deaths,53307.0,1 July of the previous year to 30 June of year
Kentucky,2025,deaths,53065.0,1 July of the previous year to 30 June of year
Kentucky,2020,natural_change,-118.0,1 April to 30 June 2020
Kentucky,2021,natural_change,-6850.0,1 July of the previous year to 30 June of year
Kentucky,2022,natural_change,-8916.0,1 July of the previous year to 30 June of year
Kentucky,2023,natural_change,-1676.0,1 July of the previous year to 30 June of year
Kentucky,2024,natural_change,-957.0,1 July of the previous year to 30 June of year
Kentucky,2025,natural_change,-83.0,1 July of the previous year to 30 June of year
Kentucky,2020,net_domestic_migration,1029.0,1 April to 30 June 2020
Kentucky,2021,net_domestic_migration,3010.0,1 July of the previous year to 30 June of year
Kentucky,2022,net_domestic_migration,10343.0,1 July of the previous year to 30 June of year
Kentucky,2023,net_domestic_migration,7154.0,1 July of the previous year to 30 June of year
Kentucky,2024,net_domestic_migration,7013.0,1 July of the previous year to 30 June of year
Kentucky,2025,net_domestic_migration,7269.0,1 July of the previous year to 30 June of year
Kentucky,2020,net_international_migration,119.0,1 April to 30 June 2020
Kentucky,2021,net_international_migration,1756.0,1 July of the previous year to 30 June of year
Kentucky,2022,net_international_migration,12538.0,1 July of the previous year to 30 June of year
Kentucky,2023,net_international_migration,23457.0,1 July of the previous year to 30 June of year
Kentucky,2024,net_international_migration,28210.0,1 July of the previous year to 30 June of year
Kentucky,2025,net_international_migration,15709.0,1 July of the previous year to 30 June of year
Kentucky,2020,net_migration,1148.0,1 April to 30 June 2020
Kentucky,2021,net_migration,4766.0,1 July of the previous year to 30 June of year
Kentucky,2022,net_migration,22881.0,1 July of the previous year to 30 June of year
Kentucky,2023,net_migration,30611.0,1 July of the previous year to 30 June of year
Kentucky,2024,net_migration,35223.0,1 July of the previous year to 30 June of year
Kentucky,2025,net_migration,22978.0,1 July of the previous year to 30 June of year
Kentucky,2020,population_change,1984.0,1 April to 30 June 2020
Kentucky,2021,population_change,77.0,1 July of the previous year to 30 June of year
Kentucky,2022,population_change,12890.0,1 July of the previous year to 30 June of year
Kentucky,2023,population_change,28715.0,1 July of the previous year to 30 June of year
Kentucky,2024,population_change,34093.0,1 July of the previous year to 30 June of year
Kentucky,2025,population_change,22818.0,1 July of the previous year to 30 June of year
Kentucky,2020,population_july1,4508271.0,1 July of year
Kentucky,2021,population_july1,4508348.0,1 July of year
Kentucky,2022,population_july1,4521238.0,1 July of year
Kentucky,2023,population_july1,4549953.0,1 July of year
Kentucky,2024,population_july1,4584046.0,1 July of year
Kentucky,2025,population_july1,4606864.0,1 July of year
Kentucky,2020,residual,954.0,1 April to 30 June 2020
Kentucky,2021,residual,2161.0,1 July of the previous year to 30 June of year
Kentucky,2022,residual,-1075.0,1 July of the previous year to 30 June of year
Kentucky,2023,residual,-220.0,1 July of the previous year to 30 June of year
Kentucky,2024,residual,-173.0,1 July of the previous year to 30 June of year
Kentucky,2025,residual,-77.0,1 July of the previous year to 30 June of year
Louisiana,2020,births,13562.0,1 April to 30 June 2020
Louisiana,2021,births,57077.0,1 July of the previous year to 30 June of year
Louisiana,2022,births,56554.0,1 July of the previous year to 30 June of year
Louisiana,2023,births,56694.0,1 July of the previous year to 30 June of year
Louisiana,2024,births,53942.0,1 July of the previous year to 30 June of year
Louisiana,2025,births,51886.0,1 July of the previous year to 30 June of year
Louisiana,2020,deaths,14807.0,1 April to 30 June 2020
Louisiana,2021,deaths,56899.0,1 July of the previous year to 30 June of year
Louisiana,2022,deaths,56822.0,1 July of the previous year to 30 June of year
Louisiana,2023,deaths,50219.0,1 July of the previous year to 30 June of year
Louisiana,2024,deaths,49783.0,1 July of the previous year to 30 June of year
Louisiana,2025,deaths,49112.0,1 July of the previous year to 30 June of year
Louisiana,2020,natural_change,-1245.0,1 April to 30 June 2020
Louisiana,2021,natural_change,178.0,1 July of the previous year to 30 June of year
Louisiana,2022,natural_change,-268.0,1 July of the previous year to 30 June of year
Louisiana,2023,natural_change,6475.0,1 July of the previous year to 30 June of year
Louisiana,2024,natural_change,4159.0,1 July of the previous year to 30 June of year
Louisiana,2025,natural_change,2774.0,1 July of the previous year to 30 June of year
Louisiana,2020,net_domestic_migration,-5162.0,1 April to 30 June 2020
Louisiana,2021,net_domestic_migration,-27184.0,1 July of the previous year to 30 June of year
Louisiana,2022,net_domestic_migration,-48131.0,1 July of the previous year to 30 June of year
Louisiana,2023,net_domestic_migration,-31283.0,1 July of the previous year to 30 June of year
Louisiana,2024,net_domestic_migration,-17659.0,1 July of the previous year to 30 June of year
Louisiana,2025,net_domestic_migration,-14387.0,1 July of the previous year to 30 June of year
Louisiana,2020,net_international_migration,192.0,1 April to 30 June 2020
Louisiana,2021,net_international_migration,3182.0,1 July of the previous year to 30 June of year
Louisiana,2022,net_international_migration,19957.0,1 July of the previous year to 30 June of year
Louisiana,2023,net_international_migration,22784.0,1 July of the previous year to 30 June of year
Louisiana,2024,net_international_migration,29740.0,1 July of the previous year to 30 June of year
Louisiana,2025,net_international_migration,14900.0,1 July of the previous year to 30 June of year
Louisiana,2020,net_migration,-4970.0,1 April to 30 June 2020
Louisiana,2021,net_migration,-24002.0,1 July of the previous year to 30 June of year
Louisiana,2022,net_migration,-28174.0,1 July of the previous year to 30 June of year
Louisiana,2023,net_migration,-8499.0,1 July of the previous year to 30 June of year
Louisiana,2024,net_migration,12081.0,1 July of the previous year to 30 June of year
Louisiana,2025,net_migration,513.0,1 July of the previous year to 30 June of year
Louisiana,2020,population_change,-5749.0,1 April to 30 June 2020
Louisiana,2021,population_change,-23550.0,1 July of the previous year to 30 June of year
Louisiana,2022,population_change,-27703.0,1 July of the previous year to 30 June of year
Louisiana,2023,population_change,-2115.0,1 July of the previous year to 30 June of year
Louisiana,2024,population_change,16101.0,1 July of the previous year to 30 June of year
Louisiana,2025,population_change,3311.0,1 July of the previous year to 30 June of year
Louisiana,2020,population_july1,4652145.0,1 July of year
Louisiana,2021,population_july1,4628595.0,1 July of year
Louisiana,2022,population_july1,4600892.0,1 July of year
Louisiana,2023,population_july1,4598777.0,1 July of year
Louisiana,2024,population_july1,4614878.0,1 July of year
Louisiana,2025,population_july1,4618189.0,1 July of year
Louisiana,2020,residual,466.0,1 April to 30 June 2020
Louisiana,2021,residual,274.0,1 July of the previous year to 30 June of year
Louisiana,2022,residual,739.0,1 July of the previous year to 30 June of year
Louisiana,2023,residual,-91.0,1 July of the previous year to 30 June of year
Louisiana,2024,residual,-139.0,1 July of the previous year to 30 June of year
Louisiana,2025,residual,24.0,1 July of the previous year to 30 June of year
Maine,2020,births,2994.0,1 April to 30 June 2020
Maine,2021,births,11592.0,1 July of the previous year to 30 June of year
Maine,2022,births,12056.0,1 July of the previous year to 30 June of year
Maine,2023,births,11925.0,1 July of the previous year to 30 June of year
Maine,2024,births,11615.0,1 July of the previous year to 30 June of year
Maine,2025,births,11783.0,1 July of the previous year to 30 June of year
Maine,2020,deaths,3713.0,1 April to 30 June 2020
Maine,2021,deaths,16133.0,1 July of the previous year to 30 June of year
Maine,2022,deaths,17964.0,1 July of the previous year to 30 June of year
Maine,2023,deaths,17066.0,1 July of the previous year to 30 June of year
Maine,2024,deaths,16801.0,1 July of the previous year to 30 June of year
Maine,2025,deaths,16802.0,1 July of the previous year to 30 June of year
Maine,2020,natural_change,-719.0,1 April to 30 June 2020
Maine,2021,natural_change,-4541.0,1 July of the previous year to 30 June of year
Maine,2022,natural_change,-5908.0,1 July of the previous year to 30 June of year
Maine,2023,natural_change,-5141.0,1 July of the previous year to 30 June of year
Maine,2024,natural_change,-5186.0,1 July of the previous year to 30 June of year
Maine,2025,natural_change,-5019.0,1 July of the previous year to 30 June of year
Maine,2020,net_domestic_migration,1798.0,1 April to 30 June 2020
Maine,2021,net_domestic_migration,18101.0,1 July of the previous year to 30 June of year
Maine,2022,net_domestic_migration,14422.0,1 July of the previous year to 30 June of year
Maine,2023,net_domestic_migration,9859.0,1 July of the previous year to 30 June of year
Maine,2024,net_domestic_migration,5189.0,1 July of the previous year to 30 June of year
Maine,2025,net_domestic_migration,7406.0,1 July of the previous year to 30 June of year
Maine,2020,net_international_migration,60.0,1 April to 30 June 2020
Maine,2021,net_international_migration,1012.0,1 July of the previous year to 30 June of year
Maine,2022,net_international_migration,3806.0,1 July of the previous year to 30 June of year
Maine,2023,net_international_migration,5713.0,1 July of the previous year to 30 June of year
Maine,2024,net_international_migration,6512.0,1 July of the previous year to 30 June of year
Maine,2025,net_international_migration,4040.0,1 July of the previous year to 30 June of year
Maine,2020,net_migration,1858.0,1 April to 30 June 2020
Maine,2021,net_migration,19113.0,1 July of the previous year to 30 June of year
Maine,2022,net_migration,18228.0,1 July of the previous year to 30 June of year
Maine,2023,net_migration,15572.0,1 July of the previous year to 30 June of year
Maine,2024,net_migration,11701.0,1 July of the previous year to 30 June of year
Maine,2025,net_migration,11446.0,1 July of the previous year to 30 June of year
Maine,2020,population_change,1328.0,1 April to 30 June 2020
Maine,2021,population_change,14463.0,1 July of the previous year to 30 June of year
Maine,2022,population_change,12576.0,1 July of the previous year to 30 June of year
Maine,2023,population_change,10407.0,1 July of the previous year to 30 June of year
Maine,2024,population_change,6446.0,1 July of the previous year to 30 June of year
Maine,2025,population_change,6436.0,1 July of the previous year to 30 June of year
Maine,2020,population_july1,1364546.0,1 July of year
Maine,2021,population_july1,1379009.0,1 July of year
Maine,2022,population_july1,1391585.0,1 July of year
Maine,2023,population_july1,1401992.0,1 July of year
Maine,2024,population_july1,1408438.0,1 July of year
Maine,2025,population_july1,1414874.0,1 July of year
Maine,2020,residual,189.0,1 April to 30 June 2020
Maine,2021,residual,-109.0,1 July of the previous year to 30 June of year
Maine,2022,residual,256.0,1 July of the previous year to 30 June of year
Maine,2023,residual,-24.0,1 July of the previous year to 30 June of year
Maine,2024,residual,-69.0,1 July of the previous year to 30 June of year
Maine,2025,residual,9.0,1 July of the previous year to 30 June of year
Maryland,2020,births,17173.0,1 April to 30 June 2020
Maryland,2021,births,67473.0,1 July of the previous year to 30 June of year
Maryland,2022,births,69100.0,1 July of the previous year to 30 June of year
Maryland,2023,births,67632.0,1 July of the previous year to 30 June of year
Maryland,2024,births,65678.0,1 July of the previous year to 30 June of year
Maryland,2025,births,65090.0,1 July of the previous year to 30 June of year
Maryland,2020,deaths,16944.0,1 April to 30 June 2020
Maryland,2021,deaths,59034.0,1 July of the previous year to 30 June of year
Maryland,2022,deaths,57669.0,1 July of the previous year to 30 June of year
Maryland,2023,deaths,54005.0,1 July of the previous year to 30 June of year
Maryland,2024,deaths,54060.0,1 July of the previous year to 30 June of year
Maryland,2025,deaths,53646.0,1 July of the previous year to 30 June of year
Maryland,2020,natural_change,229.0,1 April to 30 June 2020
Maryland,2021,natural_change,8439.0,1 July of the previous year to 30 June of year
Maryland,2022,natural_change,11431.0,1 July of the previous year to 30 June of year
Maryland,2023,natural_change,13627.0,1 July of the previous year to 30 June of year
Maryland,2024,natural_change,11618.0,1 July of the previous year to 30 June of year
Maryland,2025,natural_change,11444.0,1 July of the previous year to 30 June of year
Maryland,2020,net_domestic_migration,-5036.0,1 April to 30 June 2020
Maryland,2021,net_domestic_migration,-21803.0,1 July of the previous year to 30 June of year
Maryland,2022,net_domestic_migration,-45953.0,1 July of the previous year to 30 June of year
Maryland,2023,net_domestic_migration,-31484.0,1 July of the previous year to 30 June of year
Maryland,2024,net_domestic_migration,-18367.0,1 July of the previous year to 30 June of year
Maryland,2025,net_domestic_migration,-12127.0,1 July of the previous year to 30 June of year
Maryland,2020,net_international_migration,500.0,1 April to 30 June 2020
Maryland,2021,net_international_migration,9033.0,1 July of the previous year to 30 June of year
Maryland,2022,net_international_migration,42021.0,1 July of the previous year to 30 June of year
Maryland,2023,net_international_migration,39681.0,1 July of the previous year to 30 June of year
Maryland,2024,net_international_migration,47375.0,1 July of the previous year to 30 June of year
Maryland,2025,net_international_migration,20503.0,1 July of the previous year to 30 June of year
Maryland,2020,net_migration,-4536.0,1 April to 30 June 2020
Maryland,2021,net_migration,-12770.0,1 July of the previous year to 30 June of year
Maryland,2022,net_migration,-3932.0,1 July of the previous year to 30 June of year
Maryland,2023,net_migration,8197.0,1 July of the previous year to 30 June of year
Maryland,2024,net_migration,29008.0,1 July of the previous year to 30 June of year
Maryland,2025,net_migration,8376.0,1 July of the previous year to 30 June of year
Maryland,2020,population_change,-3253.0,1 April to 30 June 2020
Maryland,2021,population_change,-2352.0,1 July of the previous year to 30 June of year
Maryland,2022,population_change,7222.0,1 July of the previous year to 30 June of year
Maryland,2023,population_change,21670.0,1 July of the previous year to 30 June of year
Maryland,2024,population_change,40387.0,1 July of the previous year to 30 June of year
Maryland,2025,population_change,20033.0,1 July of the previous year to 30 June of year
Maryland,2020,population_july1,6178387.0,1 July of year
Maryland,2021,population_july1,6176035.0,1 July of year
Maryland,2022,population_july1,6183257.0,1 July of year
Maryland,2023,population_july1,6204927.0,1 July of year
Maryland,2024,population_july1,6245314.0,1 July of year
Maryland,2025,population_july1,6265347.0,1 July of year
Maryland,2020,residual,1054.0,1 April to 30 June 2020
Maryland,2021,residual,1979.0,1 July of the previous year to 30 June of year
Maryland,2022,residual,-277.0,1 July of the previous year to 30 June of year
Maryland,2023,residual,-154.0,1 July of the previous year to 30 June of year
Maryland,2024,residual,-239.0,1 July of the previous year to 30 June of year
Maryland,2025,residual,213.0,1 July of the previous year to 30 June of year
Massachusetts,2020,births,17109.0,1 April to 30 June 2020
Massachusetts,2021,births,66440.0,1 July of the previous year to 30 June of year
Massachusetts,2022,births,68943.0,1 July of the previous year to 30 June of year
Massachusetts,2023,births,68137.0,1 July of the previous year to 30 June of year
Massachusetts,2024,births,67857.0,1 July of the previous year to 30 June of year
Massachusetts,2025,births,68055.0,1 July of the previous year to 30 June of year
Massachusetts,2020,deaths,22152.0,1 April to 30 June 2020
Massachusetts,2021,deaths,61619.0,1 July of the previous year to 30 June of year
Massachusetts,2022,deaths,63685.0,1 July of the previous year to 30 June of year
Massachusetts,2023,deaths,61772.0,1 July of the previous year to 30 June of year
Massachusetts,2024,deaths,61060.0,1 July of the previous year to 30 June of year
Massachusetts,2025,deaths,59636.0,1 July of the previous year to 30 June of year
Massachusetts,2020,natural_change,-5043.0,1 April to 30 June 2020
Massachusetts,2021,natural_change,4821.0,1 July of the previous year to 30 June of year
Massachusetts,2022,natural_change,5258.0,1 July of the previous year to 30 June of year
Massachusetts,2023,natural_change,6365.0,1 July of the previous year to 30 June of year
Massachusetts,2024,natural_change,6797.0,1 July of the previous year to 30 June of year
Massachusetts,2025,natural_change,8419.0,1 July of the previous year to 30 June of year
Massachusetts,2020,net_domestic_migration,-36863.0,1 April to 30 June 2020
Massachusetts,2021,net_domestic_migration,-9433.0,1 July of the previous year to 30 June of year
Massachusetts,2022,net_domestic_migration,-47954.0,1 July of the previous year to 30 June of year
Massachusetts,2023,net_domestic_migration,-35360.0,1 July of the previous year to 30 June of year
Massachusetts,2024,net_domestic_migration,-19195.0,1 July of the previous year to 30 June of year
Massachusetts,2025,net_domestic_migration,-33340.0,1 July of the previous year to 30 June of year
Massachusetts,2020,net_international_migration,908.0,1 April to 30 June 2020
Massachusetts,2021,net_international_migration,16475.0,1 July of the previous year to 30 June of year
Massachusetts,2022,net_international_migration,73597.0,1 July of the previous year to 30 June of year
Massachusetts,2023,net_international_migration,77588.0,1 July of the previous year to 30 June of year
Massachusetts,2024,net_international_migration,77957.0,1 July of the previous year to 30 June of year
Massachusetts,2025,net_international_migration,40240.0,1 July of the previous year to 30 June of year
Massachusetts,2020,net_migration,-35955.0,1 April to 30 June 2020
Massachusetts,2021,net_migration,7042.0,1 July of the previous year to 30 June of year
Massachusetts,2022,net_migration,25643.0,1 July of the previous year to 30 June of year
Massachusetts,2023,net_migration,42228.0,1 July of the previous year to 30 June of year
Massachusetts,2024,net_migration,58762.0,1 July of the previous year to 30 June of year
Massachusetts,2025,net_migration,6900.0,1 July of the previous year to 30 June of year
Massachusetts,2020,population_change,-47792.0,1 April to 30 June 2020
Massachusetts,2021,population_change,11401.0,1 July of the previous year to 30 June of year
Massachusetts,2022,population_change,28744.0,1 July of the previous year to 30 June of year
Massachusetts,2023,population_change,48014.0,1 July of the previous year to 30 June of year
Massachusetts,2024,population_change,65081.0,1 July of the previous year to 30 June of year
Massachusetts,2025,population_change,15524.0,1 July of the previous year to 30 June of year
Massachusetts,2020,population_july1,6985320.0,1 July of year
Massachusetts,2021,population_july1,6996721.0,1 July of year
Massachusetts,2022,population_july1,7025465.0,1 July of year
Massachusetts,2023,population_july1,7073479.0,1 July of year
Massachusetts,2024,population_july1,7138560.0,1 July of year
Massachusetts,2025,population_july1,7154084.0,1 July of year
Massachusetts,2020,residual,-6794.0,1 April to 30 June 2020
Massachusetts,2021,residual,-462.0,1 July of the previous year to 30 June of year
Massachusetts,2022,residual,-2157.0,1 July of the previous year to 30 June of year
Massachusetts,2023,residual,-579.0,1 July of the previous year to 30 June of year
Massachusetts,2024,residual,-478.0,1 July of the previous year to 30 June of year
Massachusetts,2025,residual,205.0,1 July of the previous year to 30 June of year
Michigan,2020,births,26565.0,1 April to 30 June 2020
Michigan,2021,births,102703.0,1 July of the previous year to 30 June of year
Michigan,2022,births,104377.0,1 July of the previous year to 30 June of year
Michigan,2023,births,100955.0,1 July of the previous year to 30 June of year
Michigan,2024,births,99603.0,1 July of the previous year to 30 June of year
Michigan,2025,births,99680.0,1 July of the previous year to 30 June of year
Michigan,2020,deaths,31059.0,1 April to 30 June 2020
Michigan,2021,deaths,115213.0,1 July of the previous year to 30 June of year
Michigan,2022,deaths,117925.0,1 July of the previous year to 30 June of year
Michigan,2023,deaths,106173.0,1 July of the previous year to 30 June of year
Michigan,2024,deaths,103436.0,1 July of the previous year to 30 June of year
Michigan,2025,deaths,104678.0,1 July of the previous year to 30 June of year
Michigan,2020,natural_change,-4494.0,1 April to 30 June 2020
Michigan,2021,natural_change,-12510.0,1 July of the previous year to 30 June of year
Michigan,2022,natural_change,-13548.0,1 July of the previous year to 30 June of year
Michigan,2023,natural_change,-5218.0,1 July of the previous year to 30 June of year
Michigan,2024,natural_change,-3833.0,1 July of the previous year to 30 June of year
Michigan,2025,natural_change,-4998.0,1 July of the previous year to 30 June of year
Michigan,2020,net_domestic_migration,-4896.0,1 April to 30 June 2020
Michigan,2021,net_domestic_migration,-28290.0,1 July of the previous year to 30 June of year
Michigan,2022,net_domestic_migration,-9107.0,1 July of the previous year to 30 June of year
Michigan,2023,net_domestic_migration,-17137.0,1 July of the previous year to 30 June of year
Michigan,2024,net_domestic_migration,-8065.0,1 July of the previous year to 30 June of year
Michigan,2025,net_domestic_migration,1796.0,1 July of the previous year to 30 June of year
Michigan,2020,net_international_migration,409.0,1 April to 30 June 2020
Michigan,2021,net_international_migration,7044.0,1 July of the previous year to 30 June of year
Michigan,2022,net_international_migration,26316.0,1 July of the previous year to 30 June of year
Michigan,2023,net_international_migration,41616.0,1 July of the previous year to 30 June of year
Michigan,2024,net_international_migration,50486.0,1 July of the previous year to 30 June of year
Michigan,2025,net_international_migration,30706.0,1 July of the previous year to 30 June of year
Michigan,2020,net_migration,-4487.0,1 April to 30 June 2020
Michigan,2021,net_migration,-21246.0,1 July of the previous year to 30 June of year
Michigan,2022,net_migration,17209.0,1 July of the previous year to 30 June of year
Michigan,2023,net_migration,24479.0,1 July of the previous year to 30 June of year
Michigan,2024,net_migration,42421.0,1 July of the previous year to 30 June of year
Michigan,2025,net_migration,32502.0,1 July of the previous year to 30 June of year
Michigan,2020,population_change,-7068.0,1 April to 30 June 2020
Michigan,2021,population_change,-29932.0,1 July of the previous year to 30 June of year
Michigan,2022,population_change,1544.0,1 July of the previous year to 30 June of year
Michigan,2023,population_change,18218.0,1 July of the previous year to 30 June of year
Michigan,2024,population_change,37838.0,1 July of the previous year to 30 June of year
Michigan,2025,population_change,27922.0,1 July of the previous year to 30 June of year
Michigan,2020,population_july1,10072294.0,1 July of year
Michigan,2021,population_july1,10042362.0,1 July of year
Michigan,2022,population_july1,10043906.0,1 July of year
Michigan,2023,population_july1,10062124.0,1 July of year
Michigan,2024,population_july1,10099962.0,1 July of year
Michigan,2025,population_july1,10127884.0,1 July of year
Michigan,2020,residual,1913.0,1 April to 30 June 2020
Michigan,2021,residual,3824.0,1 July of the previous year to 30 June of year
Michigan,2022,residual,-2117.0,1 July of the previous year to 30 June of year
Michigan,2023,residual,-1043.0,1 July of the previous year to 30 June of year
Michigan,2024,residual,-750.0,1 July of the previous year to 30 June of year
Michigan,2025,residual,418.0,1 July of the previous year to 30 June of year
Minnesota,2020,births,16435.0,1 April to 30 June 2020
Minnesota,2021,births,62936.0,1 July of the previous year to 30 June of year
Minnesota,2022,births,64525.0,1 July of the previous year to 30 June of year
Minnesota,2023,births,62997.0,1 July of the previous year to 30 June of year
Minnesota,2024,births,61344.0,1 July of the previous year to 30 June of year
Minnesota,2025,births,62576.0,1 July of the previous year to 30 June of year
Minnesota,2020,deaths,12761.0,1 April to 30 June 2020
Minnesota,2021,deaths,51365.0,1 July of the previous year to 30 June of year
Minnesota,2022,deaths,53415.0,1 July of the previous year to 30 June of year
Minnesota,2023,deaths,49962.0,1 July of the previous year to 30 June of year
Minnesota,2024,deaths,49730.0,1 July of the previous year to 30 June of year
Minnesota,2025,deaths,50505.0,1 July of the previous year to 30 June of year
Minnesota,2020,natural_change,3674.0,1 April to 30 June 2020
Minnesota,2021,natural_change,11571.0,1 July of the previous year to 30 June of year
Minnesota,2022,natural_change,11110.0,1 July of the previous year to 30 June of year
Minnesota,2023,natural_change,13035.0,1 July of the previous year to 30 June of year
Minnesota,2024,natural_change,11614.0,1 July of the previous year to 30 June of year
Minnesota,2025,natural_change,12071.0,1 July of the previous year to 30 June of year
Minnesota,2020,net_domestic_migration,-1445.0,1 April to 30 June 2020
Minnesota,2021,net_domestic_migration,-14970.0,1 July of the previous year to 30 June of year
Minnesota,2022,net_domestic_migration,-17106.0,1 July of the previous year to 30 June of year
Minnesota,2023,net_domestic_migration,-11777.0,1 July of the previous year to 30 June of year
Minnesota,2024,net_domestic_migration,-204.0,1 July of the previous year to 30 June of year
Minnesota,2025,net_domestic_migration,8300.0,1 July of the previous year to 30 June of year
Minnesota,2020,net_international_migration,295.0,1 April to 30 June 2020
Minnesota,2021,net_international_migration,5523.0,1 July of the previous year to 30 June of year
Minnesota,2022,net_international_migration,20302.0,1 July of the previous year to 30 June of year
Minnesota,2023,net_international_migration,24846.0,1 July of the previous year to 30 June of year
Minnesota,2024,net_international_migration,33360.0,1 July of the previous year to 30 June of year
Minnesota,2025,net_international_migration,12486.0,1 July of the previous year to 30 June of year
Minnesota,2020,net_migration,-1150.0,1 April to 30 June 2020
Minnesota,2021,net_migration,-9447.0,1 July of the previous year to 30 June of year
Minnesota,2022,net_migration,3196.0,1 July of the previous year to 30 June of year
Minnesota,2023,net_migration,13069.0,1 July of the previous year to 30 June of year
Minnesota,2024,net_migration,33156.0,1 July of the previous year to 30 June of year
Minnesota,2025,net_migration,20786.0,1 July of the previous year to 30 June of year
Minnesota,2020,population_change,3829.0,1 April to 30 June 2020
Minnesota,2021,population_change,3493.0,1 July of the previous year to 30 June of year
Minnesota,2022,population_change,13510.0,1 July of the previous year to 30 June of year
Minnesota,2023,population_change,25433.0,1 July of the previous year to 30 June of year
Minnesota,2024,population_change,44407.0,1 July of the previous year to 30 June of year
Minnesota,2025,population_change,33000.0,1 July of the previous year to 30 June of year
Minnesota,2020,population_july1,5710562.0,1 July of year
Minnesota,2021,population_july1,5714055.0,1 July of year
Minnesota,2022,population_july1,5727565.0,1 July of year
Minnesota,2023,population_july1,5752998.0,1 July of year
Minnesota,2024,population_july1,5797405.0,1 July of year
Minnesota,2025,population_july1,5830405.0,1 July of year
Minnesota,2020,residual,1305.0,1 April to 30 June 2020
Minnesota,2021,residual,1369.0,1 July of the previous year to 30 June of year
Minnesota,2022,residual,-796.0,1 July of the previous year to 30 June of year
Minnesota,2023,residual,-671.0,1 July of the previous year to 30 June of year
Minnesota,2024,residual,-363.0,1 July of the previous year to 30 June of year
Minnesota,2025,residual,143.0,1 July of the previous year to 30 June of year
Mississippi,2020,births,8509.0,1 April to 30 June 2020
Mississippi,2021,births,35080.0,1 July of the previous year to 30 June of year
Mississippi,2022,births,34994.0,1 July of the previous year to 30 June of year
Mississippi,2023,births,35099.0,1 July of the previous year to 30 June of year
Mississippi,2024,births,33926.0,1 July of the previous year to 30 June of year
Mississippi,2025,births,33168.0,1 July of the previous year to 30 June of year
Mississippi,2020,deaths,9674.0,1 April to 30 June 2020
Mississippi,2021,deaths,41695.0,1 July of the previous year to 30 June of year
Mississippi,2022,deaths,40681.0,1 July of the previous year to 30 June of year
Mississippi,2023,deaths,35712.0,1 July of the previous year to 30 June of year
Mississippi,2024,deaths,35909.0,1 July of the previous year to 30 June of year
Mississippi,2025,deaths,35775.0,1 July of the previous year to 30 June of year
Mississippi,2020,natural_change,-1165.0,1 April to 30 June 2020
Mississippi,2021,natural_change,-6615.0,1 July of the previous year to 30 June of year
Mississippi,2022,natural_change,-5687.0,1 July of the previous year to 30 June of year
Mississippi,2023,natural_change,-613.0,1 July of the previous year to 30 June of year
Mississippi,2024,natural_change,-1983.0,1 July of the previous year to 30 June of year
Mississippi,2025,natural_change,-2607.0,1 July of the previous year to 30 June of year
Mississippi,2020,net_domestic_migration,-2102.0,1 April to 30 June 2020
Mississippi,2021,net_domestic_migration,-5392.0,1 July of the previous year to 30 June of year
Mississippi,2022,net_domestic_migration,-6015.0,1 July of the previous year to 30 June of year
Mississippi,2023,net_domestic_migration,-3356.0,1 July of the previous year to 30 June of year
Mississippi,2024,net_domestic_migration,-5106.0,1 July of the previous year to 30 June of year
Mississippi,2025,net_domestic_migration,-917.0,1 July of the previous year to 30 June of year
Mississippi,2020,net_international_migration,61.0,1 April to 30 June 2020
Mississippi,2021,net_international_migration,633.0,1 July of the previous year to 30 June of year
Mississippi,2022,net_international_migration,5945.0,1 July of the previous year to 30 June of year
Mississippi,2023,net_international_migration,5371.0,1 July of the previous year to 30 June of year
Mississippi,2024,net_international_migration,14743.0,1 July of the previous year to 30 June of year
Mississippi,2025,net_international_migration,7451.0,1 July of the previous year to 30 June of year
Mississippi,2020,net_migration,-2041.0,1 April to 30 June 2020
Mississippi,2021,net_migration,-4759.0,1 July of the previous year to 30 June of year
Mississippi,2022,net_migration,-70.0,1 July of the previous year to 30 June of year
Mississippi,2023,net_migration,2015.0,1 July of the previous year to 30 June of year
Mississippi,2024,net_migration,9637.0,1 July of the previous year to 30 June of year
Mississippi,2025,net_migration,6534.0,1 July of the previous year to 30 June of year
Mississippi,2020,population_change,-2879.0,1 April to 30 June 2020
Mississippi,2021,population_change,-10782.0,1 July of the previous year to 30 June of year
Mississippi,2022,population_change,-6366.0,1 July of the previous year to 30 June of year
Mississippi,2023,population_change,1233.0,1 July of the previous year to 30 June of year
Mississippi,2024,population_change,7702.0,1 July of the previous year to 30 June of year
Mississippi,2025,population_change,3988.0,1 July of the previous year to 30 June of year
Mississippi,2020,population_july1,2958385.0,1 July of year
Mississippi,2021,population_july1,2947603.0,1 July of year
Mississippi,2022,population_july1,2941237.0,1 July of year
Mississippi,2023,population_july1,2942470.0,1 July of year
Mississippi,2024,population_july1,2950172.0,1 July of year
Mississippi,2025,population_july1,2954160.0,1 July of year
Mississippi,2020,residual,327.0,1 April to 30 June 2020
Mississippi,2021,residual,592.0,1 July of the previous year to 30 June of year
Mississippi,2022,residual,-609.0,1 July of the previous year to 30 June of year
Mississippi,2023,residual,-169.0,1 July of the previous year to 30 June of year
Mississippi,2024,residual,48.0,1 July of the previous year to 30 June of year
Mississippi,2025,residual,61.0,1 July of the previous year to 30 June of year
Missouri,2020,births,17212.0,1 April to 30 June 2020
Missouri,2021,births,68744.0,1 July of the previous year to 30 June of year
Missouri,2022,births,68867.0,1 July of the previous year to 30 June of year
Missouri,2023,births,68355.0,1 July of the previous year to 30 June of year
Missouri,2024,births,67693.0,1 July of the previous year to 30 June of year
Missouri,2025,births,68377.0,1 July of the previous year to 30 June of year
Missouri,2020,deaths,16738.0,1 April to 30 June 2020
Missouri,2021,deaths,75371.0,1 July of the previous year to 30 June of year
Missouri,2022,deaths,75703.0,1 July of the previous year to 30 June of year
Missouri,2023,deaths,68565.0,1 July of the previous year to 30 June of year
Missouri,2024,deaths,66472.0,1 July of the previous year to 30 June of year
Missouri,2025,deaths,68200.0,1 July of the previous year to 30 June of year
Missouri,2020,natural_change,474.0,1 April to 30 June 2020
Missouri,2021,natural_change,-6627.0,1 July of the previous year to 30 June of year
Missouri,2022,natural_change,-6836.0,1 July of the previous year to 30 June of year
Missouri,2023,natural_change,-210.0,1 July of the previous year to 30 June of year
Missouri,2024,natural_change,1221.0,1 July of the previous year to 30 June of year
Missouri,2025,natural_change,177.0,1 July of the previous year to 30 June of year
Missouri,2020,net_domestic_migration,-783.0,1 April to 30 June 2020
Missouri,2021,net_domestic_migration,17735.0,1 July of the previous year to 30 June of year
Missouri,2022,net_domestic_migration,3624.0,1 July of the previous year to 30 June of year
Missouri,2023,net_domestic_migration,9682.0,1 July of the previous year to 30 June of year
Missouri,2024,net_domestic_migration,12385.0,1 July of the previous year to 30 June of year
Missouri,2025,net_domestic_migration,14028.0,1 July of the previous year to 30 June of year
Missouri,2020,net_international_migration,271.0,1 April to 30 June 2020
Missouri,2021,net_international_migration,3860.0,1 July of the previous year to 30 June of year
Missouri,2022,net_international_migration,11263.0,1 July of the previous year to 30 June of year
Missouri,2023,net_international_migration,17573.0,1 July of the previous year to 30 June of year
Missouri,2024,net_international_migration,24076.0,1 July of the previous year to 30 June of year
Missouri,2025,net_international_migration,12665.0,1 July of the previous year to 30 June of year
Missouri,2020,net_migration,-512.0,1 April to 30 June 2020
Missouri,2021,net_migration,21595.0,1 July of the previous year to 30 June of year
Missouri,2022,net_migration,14887.0,1 July of the previous year to 30 June of year
Missouri,2023,net_migration,27255.0,1 July of the previous year to 30 June of year
Missouri,2024,net_migration,36461.0,1 July of the previous year to 30 June of year
Missouri,2025,net_migration,26693.0,1 July of the previous year to 30 June of year
Missouri,2020,population_change,161.0,1 April to 30 June 2020
Missouri,2021,population_change,17477.0,1 July of the previous year to 30 June of year
Missouri,2022,population_change,6734.0,1 July of the previous year to 30 June of year
Missouri,2023,population_change,26671.0,1 July of the previous year to 30 June of year
Missouri,2024,population_change,37588.0,1 July of the previous year to 30 June of year
Missouri,2025,population_change,26997.0,1 July of the previous year to 30 June of year
Missouri,2020,population_july1,6155074.0,1 July of year
Missouri,2021,population_july1,6172551.0,1 July of year
Missouri,2022,population_july1,6179285.0,1 July of year
Missouri,2023,population_july1,6205956.0,1 July of year
Missouri,2024,population_july1,6243544.0,1 July of year
Missouri,2025,population_july1,6270541.0,1 July of year
Missouri,2020,residual,199.0,1 April to 30 June 2020
Missouri,2021,residual,2509.0,1 July of the previous year to 30 June of year
Missouri,2022,residual,-1317.0,1 July of the previous year to 30 June of year
Missouri,2023,residual,-374.0,1 July of the previous year to 30 June of year
Missouri,2024,residual,-94.0,1 July of the previous year to 30 June of year
Missouri,2025,residual,127.0,1 July of the previous year to 30 June of year
Montana,2020,births,2824.0,1 April to 30 June 2020
Montana,2021,births,10851.0,1 July of the previous year to 30 June of year
Montana,2022,births,11210.0,1 July of the previous year to 30 June of year
Montana,2023,births,11027.0,1 July of the previous year to 30 June of year
Montana,2024,births,11294.0,1 July of the previous year to 30 June of year
Montana,2025,births,11348.0,1 July of the previous year to 30 June of year
Montana,2020,deaths,2535.0,1 April to 30 June 2020
Montana,2021,deaths,12271.0,1 July of the previous year to 30 June of year
Montana,2022,deaths,12991.0,1 July of the previous year to 30 June of year
Montana,2023,deaths,11433.0,1 July of the previous year to 30 June of year
Montana,2024,deaths,11517.0,1 July of the previous year to 30 June of year
Montana,2025,deaths,11438.0,1 July of the previous year to 30 June of year
Montana,2020,natural_change,289.0,1 April to 30 June 2020
Montana,2021,natural_change,-1420.0,1 July of the previous year to 30 June of year
Montana,2022,natural_change,-1781.0,1 July of the previous year to 30 June of year
Montana,2023,natural_change,-406.0,1 July of the previous year to 30 June of year
Montana,2024,natural_change,-223.0,1 July of the previous year to 30 June of year
Montana,2025,natural_change,-90.0,1 July of the previous year to 30 June of year
Montana,2020,net_domestic_migration,2715.0,1 April to 30 June 2020
Montana,2021,net_domestic_migration,20693.0,1 July of the previous year to 30 June of year
Montana,2022,net_domestic_migration,15474.0,1 July of the previous year to 30 June of year
Montana,2023,net_domestic_migration,9017.0,1 July of the previous year to 30 June of year
Montana,2024,net_domestic_migration,5263.0,1 July of the previous year to 30 June of year
Montana,2025,net_domestic_migration,6348.0,1 July of the previous year to 30 June of year
Montana,2020,net_international_migration,42.0,1 April to 30 June 2020
Montana,2021,net_international_migration,712.0,1 July of the previous year to 30 June of year
Montana,2022,net_international_migration,798.0,1 July of the previous year to 30 June of year
Montana,2023,net_international_migration,412.0,1 July of the previous year to 30 June of year
Montana,2024,net_international_migration,1929.0,1 July of the previous year to 30 June of year
Montana,2025,net_international_migration,899.0,1 July of the previous year to 30 June of year
Montana,2020,net_migration,2757.0,1 April to 30 June 2020
Montana,2021,net_migration,21405.0,1 July of the previous year to 30 June of year
Montana,2022,net_migration,16272.0,1 July of the previous year to 30 June of year
Montana,2023,net_migration,9429.0,1 July of the previous year to 30 June of year
Montana,2024,net_migration,7192.0,1 July of the previous year to 30 June of year
Montana,2025,net_migration,7247.0,1 July of the previous year to 30 June of year
Montana,2020,population_change,2935.0,1 April to 30 June 2020
Montana,2021,population_change,19260.0,1 July of the previous year to 30 June of year
Montana,2022,population_change,15117.0,1 July of the previous year to 30 June of year
Montana,2023,population_change,9079.0,1 July of the previous year to 30 June of year
Montana,2024,population_change,6945.0,1 July of the previous year to 30 June of year
Montana,2025,population_change,7137.0,1 July of the previous year to 30 June of year
Montana,2020,population_july1,1087156.0,1 July of year
Montana,2021,population_july1,1106416.0,1 July of year
Montana,2022,population_july1,1121533.0,1 July of year
Montana,2023,population_july1,1130612.0,1 July of year
Montana,2024,population_july1,1137557.0,1 July of year
Montana,2025,population_july1,1144694.0,1 July of year
Montana,2020,residual,-111.0,1 April to 30 June 2020
Montana,2021,residual,-725.0,1 July of the previous year to 30 June of year
Montana,2022,residual,626.0,1 July of the previous year to 30 June of year
Montana,2023,residual,56.0,1 July of the previous year to 30 June of year
Montana,2024,residual,-24.0,1 July of the previous year to 30 June of year
Montana,2025,residual,-20.0,1 July of the previous year to 30 June of year
Nebraska,2020,births,6056.0,1 April to 30 June 2020
Nebraska,2021,births,24399.0,1 July of the previous year to 30 June of year
Nebraska,2022,births,24223.0,1 July of the previous year to 30 June of year
Nebraska,2023,births,24579.0,1 July of the previous year to 30 June of year
Nebraska,2024,births,24446.0,1 July of the previous year to 30 June of year
Nebraska,2025,births,24396.0,1 July of the previous year to 30 June of year
Nebraska,2020,deaths,4464.0,1 April to 30 June 2020
Nebraska,2021,deaths,19547.0,1 July of the previous year to 30 June of year
Nebraska,2022,deaths,19432.0,1 July of the previous year to 30 June of year
Nebraska,2023,deaths,18435.0,1 July of the previous year to 30 June of year
Nebraska,2024,deaths,18438.0,1 July of the previous year to 30 June of year
Nebraska,2025,deaths,18260.0,1 July of the previous year to 30 June of year
Nebraska,2020,natural_change,1592.0,1 April to 30 June 2020
Nebraska,2021,natural_change,4852.0,1 July of the previous year to 30 June of year
Nebraska,2022,natural_change,4791.0,1 July of the previous year to 30 June of year
Nebraska,2023,natural_change,6144.0,1 July of the previous year to 30 June of year
Nebraska,2024,natural_change,6008.0,1 July of the previous year to 30 June of year
Nebraska,2025,natural_change,6136.0,1 July of the previous year to 30 June of year
Nebraska,2020,net_domestic_migration,-762.0,1 April to 30 June 2020
Nebraska,2021,net_domestic_migration,-5817.0,1 July of the previous year to 30 June of year
Nebraska,2022,net_domestic_migration,-4533.0,1 July of the previous year to 30 June of year
Nebraska,2023,net_domestic_migration,-1074.0,1 July of the previous year to 30 June of year
Nebraska,2024,net_domestic_migration,-1540.0,1 July of the previous year to 30 June of year
Nebraska,2025,net_domestic_migration,-366.0,1 July of the previous year to 30 June of year
Nebraska,2020,net_international_migration,97.0,1 April to 30 June 2020
Nebraska,2021,net_international_migration,1581.0,1 July of the previous year to 30 June of year
Nebraska,2022,net_international_migration,8356.0,1 July of the previous year to 30 June of year
Nebraska,2023,net_international_migration,10738.0,1 July of the previous year to 30 June of year
Nebraska,2024,net_international_migration,13082.0,1 July of the previous year to 30 June of year
Nebraska,2025,net_international_migration,6599.0,1 July of the previous year to 30 June of year
Nebraska,2020,net_migration,-665.0,1 April to 30 June 2020
Nebraska,2021,net_migration,-4236.0,1 July of the previous year to 30 June of year
Nebraska,2022,net_migration,3823.0,1 July of the previous year to 30 June of year
Nebraska,2023,net_migration,9664.0,1 July of the previous year to 30 June of year
Nebraska,2024,net_migration,11542.0,1 July of the previous year to 30 June of year
Nebraska,2025,net_migration,6233.0,1 July of the previous year to 30 June of year
Nebraska,2020,population_change,1338.0,1 April to 30 June 2020
Nebraska,2021,population_change,1379.0,1 July of the previous year to 30 June of year
Nebraska,2022,population_change,7898.0,1 July of the previous year to 30 June of year
Nebraska,2023,population_change,15577.0,1 July of the previous year to 30 June of year
Nebraska,2024,population_change,17419.0,1 July of the previous year to 30 June of year
Nebraska,2025,population_change,12415.0,1 July of the previous year to 30 June of year
Nebraska,2020,population_july1,1963318.0,1 July of year
Nebraska,2021,population_july1,1964697.0,1 July of year
Nebraska,2022,population_july1,1972595.0,1 July of year
Nebraska,2023,population_july1,1988172.0,1 July of year
Nebraska,2024,population_july1,2005591.0,1 July of year
Nebraska,2025,population_july1,2018006.0,1 July of year
Nebraska,2020,residual,411.0,1 April to 30 June 2020
Nebraska,2021,residual,763.0,1 July of the previous year to 30 June of year
Nebraska,2022,residual,-716.0,1 July of the previous year to 30 June of year
Nebraska,2023,residual,-231.0,1 July of the previous year to 30 June of year
Nebraska,2024,residual,-131.0,1 July of the previous year to 30 June of year
Nebraska,2025,residual,46.0,1 July of the previous year to 30 June of year
Nevada,2020,births,8153.0,1 April to 30 June 2020
Nevada,2021,births,33340.0,1 July of the previous year to 30 June of year
Nevada,2022,births,33523.0,1 July of the previous year to 30 June of year
Nevada,2023,births,32747.0,1 July of the previous year to 30 June of year
Nevada,2024,births,31894.0,1 July of the previous year to 30 June of year
Nevada,2025,births,32511.0,1 July of the previous year to 30 June of year
Nevada,2020,deaths,6990.0,1 April to 30 June 2020
Nevada,2021,deaths,32360.0,1 July of the previous year to 30 June of year
Nevada,2022,deaths,33461.0,1 July of the previous year to 30 June of year
Nevada,2023,deaths,29391.0,1 July of the previous year to 30 June of year
Nevada,2024,deaths,29163.0,1 July of the previous year to 30 June of year
Nevada,2025,deaths,29460.0,1 July of the previous year to 30 June of year
Nevada,2020,natural_change,1163.0,1 April to 30 June 2020
Nevada,2021,natural_change,980.0,1 July of the previous year to 30 June of year
Nevada,2022,natural_change,62.0,1 July of the previous year to 30 June of year
Nevada,2023,natural_change,3356.0,1 July of the previous year to 30 June of year
Nevada,2024,natural_change,2731.0,1 July of the previous year to 30 June of year
Nevada,2025,natural_change,3051.0,1 July of the previous year to 30 June of year
Nevada,2020,net_domestic_migration,10328.0,1 April to 30 June 2020
Nevada,2021,net_domestic_migration,26050.0,1 July of the previous year to 30 June of year
Nevada,2022,net_domestic_migration,20116.0,1 July of the previous year to 30 June of year
Nevada,2023,net_domestic_migration,8165.0,1 July of the previous year to 30 June of year
Nevada,2024,net_domestic_migration,16473.0,1 July of the previous year to 30 June of year
Nevada,2025,net_domestic_migration,14914.0,1 July of the previous year to 30 June of year
Nevada,2020,net_international_migration,137.0,1 April to 30 June 2020
Nevada,2021,net_international_migration,3613.0,1 July of the previous year to 30 June of year
Nevada,2022,net_international_migration,9198.0,1 July of the previous year to 30 June of year
Nevada,2023,net_international_migration,22304.0,1 July of the previous year to 30 June of year
Nevada,2024,net_international_migration,23171.0,1 July of the previous year to 30 June of year
Nevada,2025,net_international_migration,10551.0,1 July of the previous year to 30 June of year
Nevada,2020,net_migration,10465.0,1 April to 30 June 2020
Nevada,2021,net_migration,29663.0,1 July of the previous year to 30 June of year
Nevada,2022,net_migration,29314.0,1 July of the previous year to 30 June of year
Nevada,2023,net_migration,30469.0,1 July of the previous year to 30 June of year
Nevada,2024,net_migration,39644.0,1 July of the previous year to 30 June of year
Nevada,2025,net_migration,25465.0,1 July of the previous year to 30 June of year
Nevada,2020,population_change,11258.0,1 April to 30 June 2020
Nevada,2021,population_change,31621.0,1 July of the previous year to 30 June of year
Nevada,2022,population_change,29200.0,1 July of the previous year to 30 June of year
Nevada,2023,population_change,33405.0,1 July of the previous year to 30 June of year
Nevada,2024,population_change,42466.0,1 July of the previous year to 30 June of year
Nevada,2025,population_change,28645.0,1 July of the previous year to 30 June of year
Nevada,2020,population_july1,3116851.0,1 July of year
Nevada,2021,population_july1,3148472.0,1 July of year
Nevada,2022,population_july1,3177672.0,1 July of year
Nevada,2023,population_july1,3211077.0,1 July of year
Nevada,2024,population_july1,3253543.0,1 July of year
Nevada,2025,population_july1,3282188.0,1 July of year
Nevada,2020,residual,-370.0,1 April to 30 June 2020
Nevada,2021,residual,978.0,1 July of the previous year to 30 June of year
Nevada,2022,residual,-176.0,1 July of the previous year to 30 June of year
Nevada,2023,residual,-420.0,1 July of the previous year to 30 June of year
Nevada,2024,residual,91.0,1 July of the previous year to 30 June of year
Nevada,2025,residual,129.0,1 July of the previous year to 30 June of year
New Hampshire,2020,births,2993.0,1 April to 30 June 2020
New Hampshire,2021,births,12067.0,1 July of the previous year to 30 June of year
New Hampshire,2022,births,12328.0,1 July of the previous year to 30 June of year
New Hampshire,2023,births,12098.0,1 July of the previous year to 30 June of year
New Hampshire,2024,births,11794.0,1 July of the previous year to 30 June of year
New Hampshire,2025,births,11911.0,1 July of the previous year to 30 June of year
New Hampshire,2020,deaths,3492.0,1 April to 30 June 2020
New Hampshire,2021,deaths,13729.0,1 July of the previous year to 30 June of year
New Hampshire,2022,deaths,14712.0,1 July of the previous year to 30 June of year
New Hampshire,2023,deaths,14334.0,1 July of the previous year to 30 June of year
New Hampshire,2024,deaths,14214.0,1 July of the previous year to 30 June of year
New Hampshire,2025,deaths,14078.0,1 July of the previous year to 30 June of year
New Hampshire,2020,natural_change,-499.0,1 April to 30 June 2020
New Hampshire,2021,natural_change,-1662.0,1 July of the previous year to 30 June of year
New Hampshire,2022,natural_change,-2384.0,1 July of the previous year to 30 June of year
New Hampshire,2023,natural_change,-2236.0,1 July of the previous year to 30 June of year
New Hampshire,2024,natural_change,-2420.0,1 July of the previous year to 30 June of year
New Hampshire,2025,natural_change,-2167.0,1 July of the previous year to 30 June of year
New Hampshire,2020,net_domestic_migration,1285.0,1 April to 30 June 2020
New Hampshire,2021,net_domestic_migration,8626.0,1 July of the previous year to 30 June of year
New Hampshire,2022,net_domestic_migration,9899.0,1 July of the previous year to 30 June of year
New Hampshire,2023,net_domestic_migration,4458.0,1 July of the previous year to 30 June of year
New Hampshire,2024,net_domestic_migration,5425.0,1 July of the previous year to 30 June of year
New Hampshire,2025,net_domestic_migration,6554.0,1 July of the previous year to 30 June of year
New Hampshire,2020,net_international_migration,88.0,1 April to 30 June 2020
New Hampshire,2021,net_international_migration,1542.0,1 July of the previous year to 30 June of year
New Hampshire,2022,net_international_migration,1395.0,1 July of the previous year to 30 June of year
New Hampshire,2023,net_international_migration,2847.0,1 July of the previous year to 30 June of year
New Hampshire,2024,net_international_migration,4028.0,1 July of the previous year to 30 June of year
New Hampshire,2025,net_international_migration,2403.0,1 July of the previous year to 30 June of year
New Hampshire,2020,net_migration,1373.0,1 April to 30 June 2020
New Hampshire,2021,net_migration,10168.0,1 July of the previous year to 30 June of year
New Hampshire,2022,net_migration,11294.0,1 July of the previous year to 30 June of year
New Hampshire,2023,net_migration,7305.0,1 July of the previous year to 30 June of year
New Hampshire,2024,net_migration,9453.0,1 July of the previous year to 30 June of year
New Hampshire,2025,net_migration,8957.0,1 July of the previous year to 30 June of year
New Hampshire,2020,population_change,1179.0,1 April to 30 June 2020
New Hampshire,2021,population_change,9155.0,1 July of the previous year to 30 June of year
New Hampshire,2022,population_change,8740.0,1 July of the previous year to 30 June of year
New Hampshire,2023,population_change,4883.0,1 July of the previous year to 30 June of year
New Hampshire,2024,population_change,6988.0,1 July of the previous year to 30 June of year
New Hampshire,2025,population_change,6824.0,1 July of the previous year to 30 June of year
New Hampshire,2020,population_july1,1378752.0,1 July of year
New Hampshire,2021,population_july1,1387907.0,1 July of year
New Hampshire,2022,population_july1,1396647.0,1 July of year
New Hampshire,2023,population_july1,1401530.0,1 July of year
New Hampshire,2024,population_july1,1408518.0,1 July of year
New Hampshire,2025,population_july1,1415342.0,1 July of year
New Hampshire,2020,residual,305.0,1 April to 30 June 2020
New Hampshire,2021,residual,649.0,1 July of the previous year to 30 June of year
New Hampshire,2022,residual,-170.0,1 July of the previous year to 30 June of year
New Hampshire,2023,residual,-186.0,1 July of the previous year to 30 June of year
New Hampshire,2024,residual,-45.0,1 July of the previous year to 30 June of year
New Hampshire,2025,residual,34.0,1 July of the previous year to 30 June of year
New Jersey,2020,births,24693.0,1 April to 30 June 2020
New Jersey,2021,births,97972.0,1 July of the previous year to 30 June of year
New Jersey,2022,births,102595.0,1 July of the previous year to 30 June of year
New Jersey,2023,births,102445.0,1 July of the previous year to 30 June of year
New Jersey,2024,births,101187.0,1 July of the previous year to 30 June of year
New Jersey,2025,births,100999.0,1 July of the previous year to 30 June of year
New Jersey,2020,deaths,34022.0,1 April to 30 June 2020
New Jersey,2021,deaths,84115.0,1 July of the previous year to 30 June of year
New Jersey,2022,deaths,82755.0,1 July of the previous year to 30 June of year
New Jersey,2023,deaths,77211.0,1 July of the previous year to 30 June of year
New Jersey,2024,deaths,75593.0,1 July of the previous year to 30 June of year
New Jersey,2025,deaths,74976.0,1 July of the previous year to 30 June of year
New Jersey,2020,natural_change,-9329.0,1 April to 30 June 2020
New Jersey,2021,natural_change,13857.0,1 July of the previous year to 30 June of year
New Jersey,2022,natural_change,19840.0,1 July of the previous year to 30 June of year
New Jersey,2023,natural_change,25234.0,1 July of the previous year to 30 June of year
New Jersey,2024,natural_change,25594.0,1 July of the previous year to 30 June of year
New Jersey,2025,natural_change,26023.0,1 July of the previous year to 30 June of year
New Jersey,2020,net_domestic_migration,-11063.0,1 April to 30 June 2020
New Jersey,2021,net_domestic_migration,-34314.0,1 July of the previous year to 30 June of year
New Jersey,2022,net_domestic_migration,-62174.0,1 July of the previous year to 30 June of year
New Jersey,2023,net_domestic_migration,-41714.0,1 July of the previous year to 30 June of year
New Jersey,2024,net_domestic_migration,-35501.0,1 July of the previous year to 30 June of year
New Jersey,2025,net_domestic_migration,-37428.0,1 July of the previous year to 30 June of year
New Jersey,2020,net_international_migration,903.0,1 April to 30 June 2020
New Jersey,2021,net_international_migration,14747.0,1 July of the previous year to 30 June of year
New Jersey,2022,net_international_migration,76031.0,1 July of the previous year to 30 June of year
New Jersey,2023,net_international_migration,114014.0,1 July of the previous year to 30 June of year
New Jersey,2024,net_international_migration,121069.0,1 July of the previous year to 30 June of year
New Jersey,2025,net_international_migration,53064.0,1 July of the previous year to 30 June of year
New Jersey,2020,net_migration,-10160.0,1 April to 30 June 2020
New Jersey,2021,net_migration,-19567.0,1 July of the previous year to 30 June of year
New Jersey,2022,net_migration,13857.0,1 July of the previous year to 30 June of year
New Jersey,2023,net_migration,72300.0,1 July of the previous year to 30 June of year
New Jersey,2024,net_migration,85568.0,1 July of the previous year to 30 June of year
New Jersey,2025,net_migration,15636.0,1 July of the previous year to 30 June of year
New Jersey,2020,population_change,-18548.0,1 April to 30 June 2020
New Jersey,2021,population_change,-3967.0,1 July of the previous year to 30 June of year
New Jersey,2022,population_change,31893.0,1 July of the previous year to 30 June of year
New Jersey,2023,population_change,96913.0,1 July of the previous year to 30 June of year
New Jersey,2024,population_change,111039.0,1 July of the previous year to 30 June of year
New Jersey,2025,population_change,41861.0,1 July of the previous year to 30 June of year
New Jersey,2020,population_july1,9270476.0,1 July of year
New Jersey,2021,population_july1,9266509.0,1 July of year
New Jersey,2022,population_july1,9298402.0,1 July of year
New Jersey,2023,population_july1,9395315.0,1 July of year
New Jersey,2024,population_july1,9506354.0,1 July of year
New Jersey,2025,population_july1,9548215.0,1 July of year
New Jersey,2020,residual,941.0,1 April to 30 June 2020
New Jersey,2021,residual,1743.0,1 July of the previous year to 30 June of year
New Jersey,2022,residual,-1804.0,1 July of the previous year to 30 June of year
New Jersey,2023,residual,-621.0,1 July of the previous year to 30 June of year
New Jersey,2024,residual,-123.0,1 July of the previous year to 30 June of year
New Jersey,2025,residual,202.0,1 July of the previous year to 30 June of year
New Mexico,2020,births,5331.0,1 April to 30 June 2020
New Mexico,2021,births,21417.0,1 July of the previous year to 30 June of year
New Mexico,2022,births,21427.0,1 July of the previous year to 30 June of year
New Mexico,2023,births,21582.0,1 July of the previous year to 30 June of year
New Mexico,2024,births,20942.0,1 July of the previous year to 30 June of year
New Mexico,2025,births,20235.0,1 July of the previous year to 30 June of year
New Mexico,2020,deaths,5559.0,1 April to 30 June 2020
New Mexico,2021,deaths,24722.0,1 July of the previous year to 30 June of year
New Mexico,2022,deaths,25472.0,1 July of the previous year to 30 June of year
New Mexico,2023,deaths,22367.0,1 July of the previous year to 30 June of year
New Mexico,2024,deaths,22167.0,1 July of the previous year to 30 June of year
New Mexico,2025,deaths,22120.0,1 July of the previous year to 30 June of year
New Mexico,2020,natural_change,-228.0,1 April to 30 June 2020
New Mexico,2021,natural_change,-3305.0,1 July of the previous year to 30 June of year
New Mexico,2022,natural_change,-4045.0,1 July of the previous year to 30 June of year
New Mexico,2023,natural_change,-785.0,1 July of the previous year to 30 June of year
New Mexico,2024,natural_change,-1225.0,1 July of the previous year to 30 June of year
New Mexico,2025,natural_change,-1885.0,1 July of the previous year to 30 June of year
New Mexico,2020,net_domestic_migration,718.0,1 April to 30 June 2020
New Mexico,2021,net_domestic_migration,-978.0,1 July of the previous year to 30 June of year
New Mexico,2022,net_domestic_migration,-4615.0,1 July of the previous year to 30 June of year
New Mexico,2023,net_domestic_migration,-1524.0,1 July of the previous year to 30 June of year
New Mexico,2024,net_domestic_migration,-1874.0,1 July of the previous year to 30 June of year
New Mexico,2025,net_domestic_migration,-2267.0,1 July of the previous year to 30 June of year
New Mexico,2020,net_international_migration,159.0,1 April to 30 June 2020
New Mexico,2021,net_international_migration,2260.0,1 July of the previous year to 30 June of year
New Mexico,2022,net_international_migration,4826.0,1 July of the previous year to 30 June of year
New Mexico,2023,net_international_migration,9044.0,1 July of the previous year to 30 June of year
New Mexico,2024,net_international_migration,10577.0,1 July of the previous year to 30 June of year
New Mexico,2025,net_international_migration,2879.0,1 July of the previous year to 30 June of year
New Mexico,2020,net_migration,877.0,1 April to 30 June 2020
New Mexico,2021,net_migration,1282.0,1 July of the previous year to 30 June of year
New Mexico,2022,net_migration,211.0,1 July of the previous year to 30 June of year
New Mexico,2023,net_migration,7520.0,1 July of the previous year to 30 June of year
New Mexico,2024,net_migration,8703.0,1 July of the previous year to 30 June of year
New Mexico,2025,net_migration,612.0,1 July of the previous year to 30 June of year
New Mexico,2020,population_change,954.0,1 April to 30 June 2020
New Mexico,2021,population_change,-1146.0,1 July of the previous year to 30 June of year
New Mexico,2022,population_change,-4441.0,1 July of the previous year to 30 June of year
New Mexico,2023,population_change,6490.0,1 July of the previous year to 30 June of year
New Mexico,2024,population_change,7425.0,1 July of the previous year to 30 June of year
New Mexico,2025,population_change,-1276.0,1 July of the previous year to 30 June of year
New Mexico,2020,population_july1,2118446.0,1 July of year
New Mexico,2021,population_july1,2117300.0,1 July of year
New Mexico,2022,population_july1,2112859.0,1 July of year
New Mexico,2023,population_july1,2119349.0,1 July of year
New Mexico,2024,population_july1,2126774.0,1 July of year
New Mexico,2025,population_july1,2125498.0,1 July of year
New Mexico,2020,residual,305.0,1 April to 30 June 2020
New Mexico,2021,residual,877.0,1 July of the previous year to 30 June of year
New Mexico,2022,residual,-607.0,1 July of the previous year to 30 June of year
New Mexico,2023,residual,-245.0,1 July of the previous year to 30 June of year
New Mexico,2024,residual,-53.0,1 July of the previous year to 30 June of year
New Mexico,2025,residual,-3.0,1 July of the previous year to 30 June of year
New York,2020,births,53088.0,1 April to 30 June 2020
New York,2021,births,205539.0,1 July of the previous year to 30 June of year
New York,2022,births,209944.0,1 July of the previous year to 30 June of year
New York,2023,births,205879.0,1 July of the previous year to 30 June of year
New York,2024,births,205405.0,1 July of the previous year to 30 June of year
New York,2025,births,203078.0,1 July of the previous year to 30 June of year
New York,2020,deaths,72825.0,1 April to 30 June 2020
New York,2021,deaths,177237.0,1 July of the previous year to 30 June of year
New York,2022,deaths,176586.0,1 July of the previous year to 30 June of year
New York,2023,deaths,166689.0,1 July of the previous year to 30 June of year
New York,2024,deaths,161811.0,1 July of the previous year to 30 June of year
New York,2025,deaths,160263.0,1 July of the previous year to 30 June of year
New York,2020,natural_change,-19737.0,1 April to 30 June 2020
New York,2021,natural_change,28302.0,1 July of the previous year to 30 June of year
New York,2022,natural_change,33358.0,1 July of the previous year to 30 June of year
New York,2023,natural_change,39190.0,1 July of the previous year to 30 June of year
New York,2024,natural_change,43594.0,1 July of the previous year to 30 June of year
New York,2025,natural_change,42815.0,1 July of the previous year to 30 June of year
New York,2020,net_domestic_migration,-60244.0,1 April to 30 June 2020
New York,2021,net_domestic_migration,-326190.0,1 July of the previous year to 30 June of year
New York,2022,net_domestic_migration,-284910.0,1 July of the previous year to 30 June of year
New York,2023,net_domestic_migration,-177852.0,1 July of the previous year to 30 June of year
New York,2024,net_domestic_migration,-119231.0,1 July of the previous year to 30 June of year
New York,2025,net_domestic_migration,-137586.0,1 July of the previous year to 30 June of year
New York,2020,net_international_migration,1341.0,1 April to 30 June 2020
New York,2021,net_international_migration,28772.0,1 July of the previous year to 30 June of year
New York,2022,net_international_migration,121570.0,1 July of the previous year to 30 June of year
New York,2023,net_international_migration,211383.0,1 July of the previous year to 30 June of year
New York,2024,net_international_migration,290637.0,1 July of the previous year to 30 June of year
New York,2025,net_international_migration,95634.0,1 July of the previous year to 30 June of year
New York,2020,net_migration,-58903.0,1 April to 30 June 2020
New York,2021,net_migration,-297418.0,1 July of the previous year to 30 June of year
New York,2022,net_migration,-163340.0,1 July of the previous year to 30 June of year
New York,2023,net_migration,33531.0,1 July of the previous year to 30 June of year
New York,2024,net_migration,171406.0,1 July of the previous year to 30 June of year
New York,2025,net_migration,-41952.0,1 July of the previous year to 30 June of year
New York,2020,population_change,-81434.0,1 April to 30 June 2020
New York,2021,population_change,-286917.0,1 July of the previous year to 30 June of year
New York,2022,population_change,-122320.0,1 July of the previous year to 30 June of year
New York,2023,population_change,73518.0,1 July of the previous year to 30 June of year
New York,2024,population_change,214876.0,1 July of the previous year to 30 June of year
New York,2025,population_change,1008.0,1 July of the previous year to 30 June of year
New York,2020,population_july1,20122262.0,1 July of year
New York,2021,population_july1,19835345.0,1 July of year
New York,2022,population_july1,19713025.0,1 July of year
New York,2023,population_july1,19786543.0,1 July of year
New York,2024,population_july1,20001419.0,1 July of year
New York,2025,population_july1,20002427.0,1 July of year
New York,2020,residual,-2794.0,1 April to 30 June 2020
New York,2021,residual,-17801.0,1 July of the previous year to 30 June of year
New York,2022,residual,7662.0,1 July of the previous year to 30 June of year
New York,2023,residual,797.0,1 July of the previous year to 30 June of year
New York,2024,residual,-124.0,1 July of the previous year to 30 June of year
New York,2025,residual,145.0,1 July of the previous year to 30 June of year
North Carolina,2020,births,28679.0,1 April to 30 June 2020
North Carolina,2021,births,116720.0,1 July of the previous year to 30 June of year
North Carolina,2022,births,121548.0,1 July of the previous year to 30 June of year
North Carolina,2023,births,121274.0,1 July of the previous year to 30 June of year
North Carolina,2024,births,121444.0,1 July of the previous year to 30 June of year
North Carolina,2025,births,123046.0,1 July of the previous year to 30 June of year
North Carolina,2020,deaths,25884.0,1 April to 30 June 2020
North Carolina,2021,deaths,115540.0,1 July of the previous year to 30 June of year
North Carolina,2022,deaths,118289.0,1 July of the previous year to 30 June of year
North Carolina,2023,deaths,108957.0,1 July of the previous year to 30 June of year
North Carolina,2024,deaths,107905.0,1 July of the previous year to 30 June of year
North Carolina,2025,deaths,107917.0,1 July of the previous year to 30 June of year
North Carolina,2020,natural_change,2795.0,1 April to 30 June 2020
North Carolina,2021,natural_change,1180.0,1 July of the previous year to 30 June of year
North Carolina,2022,natural_change,3259.0,1 July of the previous year to 30 June of year
North Carolina,2023,natural_change,12317.0,1 July of the previous year to 30 June of year
North Carolina,2024,natural_change,13539.0,1 July of the previous year to 30 June of year
North Carolina,2025,natural_change,15129.0,1 July of the previous year to 30 June of year
North Carolina,2020,net_domestic_migration,8788.0,1 April to 30 June 2020
North Carolina,2021,net_domestic_migration,103627.0,1 July of the previous year to 30 June of year
North Carolina,2022,net_domestic_migration,98454.0,1 July of the previous year to 30 June of year
North Carolina,2023,net_domestic_migration,98929.0,1 July of the previous year to 30 June of year
North Carolina,2024,net_domestic_migration,83059.0,1 July of the previous year to 30 June of year
North Carolina,2025,net_domestic_migration,84064.0,1 July of the previous year to 30 June of year
North Carolina,2020,net_international_migration,680.0,1 April to 30 June 2020
North Carolina,2021,net_international_migration,9926.0,1 July of the previous year to 30 June of year
North Carolina,2022,net_international_migration,37814.0,1 July of the previous year to 30 June of year
North Carolina,2023,net_international_migration,53771.0,1 July of the previous year to 30 June of year
North Carolina,2024,net_international_migration,82899.0,1 July of the previous year to 30 June of year
North Carolina,2025,net_international_migration,46890.0,1 July of the previous year to 30 June of year
North Carolina,2020,net_migration,9468.0,1 April to 30 June 2020
North Carolina,2021,net_migration,113553.0,1 July of the previous year to 30 June of year
North Carolina,2022,net_migration,136268.0,1 July of the previous year to 30 June of year
North Carolina,2023,net_migration,152700.0,1 July of the previous year to 30 June of year
North Carolina,2024,net_migration,165958.0,1 July of the previous year to 30 June of year
North Carolina,2025,net_migration,130954.0,1 July of the previous year to 30 June of year
North Carolina,2020,population_change,8823.0,1 April to 30 June 2020
North Carolina,2021,population_change,115288.0,1 July of the previous year to 30 June of year
North Carolina,2022,population_change,140265.0,1 July of the previous year to 30 June of year
North Carolina,2023,population_change,166081.0,1 July of the previous year to 30 June of year
North Carolina,2024,population_change,180212.0,1 July of the previous year to 30 June of year
North Carolina,2025,population_change,145907.0,1 July of the previous year to 30 June of year
North Carolina,2020,population_july1,10450215.0,1 July of year
North Carolina,2021,population_july1,10565503.0,1 July of year
North Carolina,2022,population_july1,10705768.0,1 July of year
North Carolina,2023,population_july1,10871849.0,1 July of year
North Carolina,2024,population_july1,11052061.0,1 July of year
North Carolina,2025,population_july1,11197968.0,1 July of year
North Carolina,2020,residual,-3440.0,1 April to 30 June 2020
North Carolina,2021,residual,555.0,1 July of the previous year to 30 June of year
North Carolina,2022,residual,738.0,1 July of the previous year to 30 June of year
North Carolina,2023,residual,1064.0,1 July of the previous year to 30 June of year
North Carolina,2024,residual,715.0,1 July of the previous year to 30 June of year
North Carolina,2025,residual,-176.0,1 July of the previous year to 30 June of year
North Dakota,2020,births,2560.0,1 April to 30 June 2020
North Dakota,2021,births,10010.0,1 July of the previous year to 30 June of year
North Dakota,2022,births,9761.0,1 July of the previous year to 30 June of year
North Dakota,2023,births,9729.0,1 July of the previous year to 30 June of year
North Dakota,2024,births,9583.0,1 July of the previous year to 30 June of year
North Dakota,2025,births,9760.0,1 July of the previous year to 30 June of year
North Dakota,2020,deaths,1768.0,1 April to 30 June 2020
North Dakota,2021,deaths,7831.0,1 July of the previous year to 30 June of year
North Dakota,2022,deaths,7368.0,1 July of the previous year to 30 June of year
North Dakota,2023,deaths,6936.0,1 July of the previous year to 30 June of year
North Dakota,2024,deaths,6905.0,1 July of the previous year to 30 June of year
North Dakota,2025,deaths,7130.0,1 July of the previous year to 30 June of year
North Dakota,2020,natural_change,792.0,1 April to 30 June 2020
North Dakota,2021,natural_change,2179.0,1 July of the previous year to 30 June of year
North Dakota,2022,natural_change,2393.0,1 July of the previous year to 30 June of year
North Dakota,2023,natural_change,2793.0,1 July of the previous year to 30 June of year
North Dakota,2024,natural_change,2678.0,1 July of the previous year to 30 June of year
North Dakota,2025,natural_change,2630.0,1 July of the previous year to 30 June of year
North Dakota,2020,net_domestic_migration,-447.0,1 April to 30 June 2020
North Dakota,2021,net_domestic_migration,-3878.0,1 July of the previous year to 30 June of year
North Dakota,2022,net_domestic_migration,-2744.0,1 July of the previous year to 30 June of year
North Dakota,2023,net_domestic_migration,930.0,1 July of the previous year to 30 June of year
North Dakota,2024,net_domestic_migration,-423.0,1 July of the previous year to 30 June of year
North Dakota,2025,net_domestic_migration,512.0,1 July of the previous year to 30 June of year
North Dakota,2020,net_international_migration,30.0,1 April to 30 June 2020
North Dakota,2021,net_international_migration,453.0,1 July of the previous year to 30 June of year
North Dakota,2022,net_international_migration,2554.0,1 July of the previous year to 30 June of year
North Dakota,2023,net_international_migration,3158.0,1 July of the previous year to 30 June of year
North Dakota,2024,net_international_migration,4083.0,1 July of the previous year to 30 June of year
North Dakota,2025,net_international_migration,2810.0,1 July of the previous year to 30 June of year
North Dakota,2020,net_migration,-417.0,1 April to 30 June 2020
North Dakota,2021,net_migration,-3425.0,1 July of the previous year to 30 June of year
North Dakota,2022,net_migration,-190.0,1 July of the previous year to 30 June of year
North Dakota,2023,net_migration,4088.0,1 July of the previous year to 30 June of year
North Dakota,2024,net_migration,3660.0,1 July of the previous year to 30 June of year
North Dakota,2025,net_migration,3322.0,1 July of the previous year to 30 June of year
North Dakota,2020,population_change,476.0,1 April to 30 June 2020
North Dakota,2021,population_change,-1635.0,1 July of the previous year to 30 June of year
North Dakota,2022,population_change,2214.0,1 July of the previous year to 30 June of year
North Dakota,2023,population_change,6880.0,1 July of the previous year to 30 June of year
North Dakota,2024,population_change,6316.0,1 July of the previous year to 30 June of year
North Dakota,2025,population_change,5971.0,1 July of the previous year to 30 June of year
North Dakota,2020,population_july1,779612.0,1 July of year
North Dakota,2021,population_july1,777977.0,1 July of year
North Dakota,2022,population_july1,780191.0,1 July of year
North Dakota,2023,population_july1,787071.0,1 July of year
North Dakota,2024,population_july1,793387.0,1 July of year
North Dakota,2025,population_july1,799358.0,1 July of year
North Dakota,2020,residual,101.0,1 April to 30 June 2020
North Dakota,2021,residual,-389.0,1 July of the previous year to 30 June of year
North Dakota,2022,residual,11.0,1 July of the previous year to 30 June of year
North Dakota,2023,residual,-1.0,1 July of the previous year to 30 June of year
North Dakota,2024,residual,-22.0,1 July of the previous year to 30 June of year
North Dakota,2025,residual,19.0,1 July of the previous year to 30 June of year
Ohio,2020,births,32332.0,1 April to 30 June 2020
Ohio,2021,births,128188.0,1 July of the previous year to 30 June of year
Ohio,2022,births,128825.0,1 July of the previous year to 30 June of year
Ohio,2023,births,128738.0,1 July of the previous year to 30 June of year
Ohio,2024,births,126625.0,1 July of the previous year to 30 June of year
Ohio,2025,births,126825.0,1 July of the previous year to 30 June of year
Ohio,2020,deaths,33790.0,1 April to 30 June 2020
Ohio,2021,deaths,146978.0,1 July of the previous year to 30 June of year
Ohio,2022,deaths,149201.0,1 July of the previous year to 30 June of year
Ohio,2023,deaths,131764.0,1 July of the previous year to 30 June of year
Ohio,2024,deaths,127985.0,1 July of the previous year to 30 June of year
Ohio,2025,deaths,127554.0,1 July of the previous year to 30 June of year
Ohio,2020,natural_change,-1458.0,1 April to 30 June 2020
Ohio,2021,natural_change,-18790.0,1 July of the previous year to 30 June of year
Ohio,2022,natural_change,-20376.0,1 July of the previous year to 30 June of year
Ohio,2023,natural_change,-3026.0,1 July of the previous year to 30 June of year
Ohio,2024,natural_change,-1360.0,1 July of the previous year to 30 June of year
Ohio,2025,natural_change,-729.0,1 July of the previous year to 30 June of year
Ohio,2020,net_domestic_migration,-2750.0,1 April to 30 June 2020
Ohio,2021,net_domestic_migration,-32482.0,1 July of the previous year to 30 June of year
Ohio,2022,net_domestic_migration,-6882.0,1 July of the previous year to 30 June of year
Ohio,2023,net_domestic_migration,1045.0,1 July of the previous year to 30 June of year
Ohio,2024,net_domestic_migration,-1339.0,1 July of the previous year to 30 June of year
Ohio,2025,net_domestic_migration,11926.0,1 July of the previous year to 30 June of year
Ohio,2020,net_international_migration,518.0,1 April to 30 June 2020
Ohio,2021,net_international_migration,9281.0,1 July of the previous year to 30 June of year
Ohio,2022,net_international_migration,35678.0,1 July of the previous year to 30 June of year
Ohio,2023,net_international_migration,47116.0,1 July of the previous year to 30 June of year
Ohio,2024,net_international_migration,55855.0,1 July of the previous year to 30 June of year
Ohio,2025,net_international_migration,28505.0,1 July of the previous year to 30 June of year
Ohio,2020,net_migration,-2232.0,1 April to 30 June 2020
Ohio,2021,net_migration,-23201.0,1 July of the previous year to 30 June of year
Ohio,2022,net_migration,28796.0,1 July of the previous year to 30 June of year
Ohio,2023,net_migration,48161.0,1 July of the previous year to 30 June of year
Ohio,2024,net_migration,54516.0,1 July of the previous year to 30 June of year
Ohio,2025,net_migration,40431.0,1 July of the previous year to 30 June of year
Ohio,2020,population_change,-911.0,1 April to 30 June 2020
Ohio,2021,population_change,-37091.0,1 July of the previous year to 30 June of year
Ohio,2022,population_change,3507.0,1 July of the previous year to 30 June of year
Ohio,2023,population_change,43440.0,1 July of the previous year to 30 June of year
Ohio,2024,population_change,52231.0,1 July of the previous year to 30 June of year
Ohio,2025,population_change,39889.0,1 July of the previous year to 30 June of year
Ohio,2020,population_july1,11798534.0,1 July of year
Ohio,2021,population_july1,11761443.0,1 July of year
Ohio,2022,population_july1,11764950.0,1 July of year
Ohio,2023,population_july1,11808390.0,1 July of year
Ohio,2024,population_july1,11860621.0,1 July of year
Ohio,2025,population_july1,11900510.0,1 July of year
Ohio,2020,residual,2779.0,1 April to 30 June 2020
Ohio,2021,residual,4900.0,1 July of the previous year to 30 June of year
Ohio,2022,residual,-4913.0,1 July of the previous year to 30 June of year
Ohio,2023,residual,-1695.0,1 July of the previous year to 30 June of year
Ohio,2024,residual,-925.0,1 July of the previous year to 30 June of year
Ohio,2025,residual,187.0,1 July of the previous year to 30 June of year
Oklahoma,2020,births,11614.0,1 April to 30 June 2020
Oklahoma,2021,births,47619.0,1 July of the previous year to 30 June of year
Oklahoma,2022,births,48353.0,1 July of the previous year to 30 June of year
Oklahoma,2023,births,48864.0,1 July of the previous year to 30 June of year
Oklahoma,2024,births,47829.0,1 July of the previous year to 30 June of year
Oklahoma,2025,births,48603.0,1 July of the previous year to 30 June of year
Oklahoma,2020,deaths,10355.0,1 April to 30 June 2020
Oklahoma,2021,deaths,50871.0,1 July of the previous year to 30 June of year
Oklahoma,2022,deaths,51596.0,1 July of the previous year to 30 June of year
Oklahoma,2023,deaths,45126.0,1 July of the previous year to 30 June of year
Oklahoma,2024,deaths,44917.0,1 July of the previous year to 30 June of year
Oklahoma,2025,deaths,46044.0,1 July of the previous year to 30 June of year
Oklahoma,2020,natural_change,1259.0,1 April to 30 June 2020
Oklahoma,2021,natural_change,-3252.0,1 July of the previous year to 30 June of year
Oklahoma,2022,natural_change,-3243.0,1 July of the previous year to 30 June of year
Oklahoma,2023,natural_change,3738.0,1 July of the previous year to 30 June of year
Oklahoma,2024,natural_change,2912.0,1 July of the previous year to 30 June of year
Oklahoma,2025,natural_change,2559.0,1 July of the previous year to 30 June of year
Oklahoma,2020,net_domestic_migration,3848.0,1 April to 30 June 2020
Oklahoma,2021,net_domestic_migration,26921.0,1 July of the previous year to 30 June of year
Oklahoma,2022,net_domestic_migration,25770.0,1 July of the previous year to 30 June of year
Oklahoma,2023,net_domestic_migration,22671.0,1 July of the previous year to 30 June of year
Oklahoma,2024,net_domestic_migration,13542.0,1 July of the previous year to 30 June of year
Oklahoma,2025,net_domestic_migration,14492.0,1 July of the previous year to 30 June of year
Oklahoma,2020,net_international_migration,178.0,1 April to 30 June 2020
Oklahoma,2021,net_international_migration,2179.0,1 July of the previous year to 30 June of year
Oklahoma,2022,net_international_migration,11013.0,1 July of the previous year to 30 June of year
Oklahoma,2023,net_international_migration,11204.0,1 July of the previous year to 30 June of year
Oklahoma,2024,net_international_migration,18700.0,1 July of the previous year to 30 June of year
Oklahoma,2025,net_international_migration,8420.0,1 July of the previous year to 30 June of year
Oklahoma,2020,net_migration,4026.0,1 April to 30 June 2020
Oklahoma,2021,net_migration,29100.0,1 July of the previous year to 30 June of year
Oklahoma,2022,net_migration,36783.0,1 July of the previous year to 30 June of year
Oklahoma,2023,net_migration,33875.0,1 July of the previous year to 30 June of year
Oklahoma,2024,net_migration,32242.0,1 July of the previous year to 30 June of year
Oklahoma,2025,net_migration,22912.0,1 July of the previous year to 30 June of year
Oklahoma,2020,population_change,5889.0,1 April to 30 June 2020
Oklahoma,2021,population_change,27517.0,1 July of the previous year to 30 June of year
Oklahoma,2022,population_change,32567.0,1 July of the previous year to 30 June of year
Oklahoma,2023,population_change,37389.0,1 July of the previous year to 30 June of year
Oklahoma,2024,population_change,35042.0,1 July of the previous year to 30 June of year
Oklahoma,2025,population_change,25530.0,1 July of the previous year to 30 June of year
Oklahoma,2020,population_july1,3965243.0,1 July of year
Oklahoma,2021,population_july1,3992760.0,1 July of year
Oklahoma,2022,population_july1,4025327.0,1 July of year
Oklahoma,2023,population_july1,4062716.0,1 July of year
Oklahoma,2024,population_july1,4097758.0,1 July of year
Oklahoma,2025,population_july1,4123288.0,1 July of year
Oklahoma,2020,residual,604.0,1 April to 30 June 2020
Oklahoma,2021,residual,1669.0,1 July of the previous year to 30 June of year
Oklahoma,2022,residual,-973.0,1 July of the previous year to 30 June of year
Oklahoma,2023,residual,-224.0,1 July of the previous year to 30 June of year
Oklahoma,2024,residual,-112.0,1 July of the previous year to 30 June of year
Oklahoma,2025,residual,59.0,1 July of the previous year to 30 June of year
Oregon,2020,births,10277.0,1 April to 30 June 2020
Oregon,2021,births,39632.0,1 July of the previous year to 30 June of year
Oregon,2022,births,40461.0,1 July of the previous year to 30 June of year
Oregon,2023,births,38822.0,1 July of the previous year to 30 June of year
Oregon,2024,births,38840.0,1 July of the previous year to 30 June of year
Oregon,2025,births,38334.0,1 July of the previous year to 30 June of year
Oregon,2020,deaths,9543.0,1 April to 30 June 2020
Oregon,2021,deaths,41866.0,1 July of the previous year to 30 June of year
Oregon,2022,deaths,46314.0,1 July of the previous year to 30 June of year
Oregon,2023,deaths,43482.0,1 July of the previous year to 30 June of year
Oregon,2024,deaths,42526.0,1 July of the previous year to 30 June of year
Oregon,2025,deaths,42098.0,1 July of the previous year to 30 June of year
Oregon,2020,natural_change,734.0,1 April to 30 June 2020
Oregon,2021,natural_change,-2234.0,1 July of the previous year to 30 June of year
Oregon,2022,natural_change,-5853.0,1 July of the previous year to 30 June of year
Oregon,2023,natural_change,-4660.0,1 July of the previous year to 30 June of year
Oregon,2024,natural_change,-3686.0,1 July of the previous year to 30 June of year
Oregon,2025,natural_change,-3764.0,1 July of the previous year to 30 June of year
Oregon,2020,net_domestic_migration,5484.0,1 April to 30 June 2020
Oregon,2021,net_domestic_migration,9670.0,1 July of the previous year to 30 June of year
Oregon,2022,net_domestic_migration,-8946.0,1 July of the previous year to 30 June of year
Oregon,2023,net_domestic_migration,-7370.0,1 July of the previous year to 30 June of year
Oregon,2024,net_domestic_migration,-1736.0,1 July of the previous year to 30 June of year
Oregon,2025,net_domestic_migration,2228.0,1 July of the previous year to 30 June of year
Oregon,2020,net_international_migration,177.0,1 April to 30 June 2020
Oregon,2021,net_international_migration,2610.0,1 July of the previous year to 30 June of year
Oregon,2022,net_international_migration,6900.0,1 July of the previous year to 30 June of year
Oregon,2023,net_international_migration,16833.0,1 July of the previous year to 30 June of year
Oregon,2024,net_international_migration,20580.0,1 July of the previous year to 30 June of year
Oregon,2025,net_international_migration,9636.0,1 July of the previous year to 30 June of year
Oregon,2020,net_migration,5661.0,1 April to 30 June 2020
Oregon,2021,net_migration,12280.0,1 July of the previous year to 30 June of year
Oregon,2022,net_migration,-2046.0,1 July of the previous year to 30 June of year
Oregon,2023,net_migration,9463.0,1 July of the previous year to 30 June of year
Oregon,2024,net_migration,18844.0,1 July of the previous year to 30 June of year
Oregon,2025,net_migration,11864.0,1 July of the previous year to 30 June of year
Oregon,2020,population_change,6262.0,1 April to 30 June 2020
Oregon,2021,population_change,11147.0,1 July of the previous year to 30 June of year
Oregon,2022,population_change,-8727.0,1 July of the previous year to 30 June of year
Oregon,2023,population_change,4428.0,1 July of the previous year to 30 June of year
Oregon,2024,population_change,14932.0,1 July of the previous year to 30 June of year
Oregon,2025,population_change,8262.0,1 July of the previous year to 30 June of year
Oregon,2020,population_july1,4243544.0,1 July of year
Oregon,2021,population_july1,4254691.0,1 July of year
Oregon,2022,population_july1,4245964.0,1 July of year
Oregon,2023,population_july1,4250392.0,1 July of year
Oregon,2024,population_july1,4265324.0,1 July of year
Oregon,2025,population_july1,4273586.0,1 July of year
Oregon,2020,residual,-133.0,1 April to 30 June 2020
Oregon,2021,residual,1101.0,1 July of the previous year to 30 June of year
Oregon,2022,residual,-828.0,1 July of the previous year to 30 June of year
Oregon,2023,residual,-375.0,1 July of the previous year to 30 June of year
Oregon,2024,residual,-226.0,1 July of the previous year to 30 June of year
Oregon,2025,residual,162.0,1 July of the previous year to 30 June of year
Pennsylvania,2020,births,32886.0,1 April to 30 June 2020
Pennsylvania,2021,births,130148.0,1 July of the previous year to 30 June of year
Pennsylvania,2022,births,131590.0,1 July of the previous year to 30 June of year
Pennsylvania,2023,births,129053.0,1 July of the previous year to 30 June of year
Pennsylvania,2024,births,127537.0,1 July of the previous year to 30 June of year
Pennsylvania,2025,births,126981.0,1 July of the previous year to 30 June of year
Pennsylvania,2020,deaths,40353.0,1 April to 30 June 2020
Pennsylvania,2021,deaths,155831.0,1 July of the previous year to 30 June of year
Pennsylvania,2022,deaths,155234.0,1 July of the previous year to 30 June of year
Pennsylvania,2023,deaths,141231.0,1 July of the previous year to 30 June of year
Pennsylvania,2024,deaths,137190.0,1 July of the previous year to 30 June of year
Pennsylvania,2025,deaths,137689.0,1 July of the previous year to 30 June of year
Pennsylvania,2020,natural_change,-7467.0,1 April to 30 June 2020
Pennsylvania,2021,natural_change,-25683.0,1 July of the previous year to 30 June of year
Pennsylvania,2022,natural_change,-23644.0,1 July of the previous year to 30 June of year
Pennsylvania,2023,natural_change,-12178.0,1 July of the previous year to 30 June of year
Pennsylvania,2024,natural_change,-9653.0,1 July of the previous year to 30 June of year
Pennsylvania,2025,natural_change,-10708.0,1 July of the previous year to 30 June of year
Pennsylvania,2020,net_domestic_migration,-3544.0,1 April to 30 June 2020
Pennsylvania,2021,net_domestic_migration,28598.0,1 July of the previous year to 30 June of year
Pennsylvania,2022,net_domestic_migration,-40586.0,1 July of the previous year to 30 June of year
Pennsylvania,2023,net_domestic_migration,-24570.0,1 July of the previous year to 30 June of year
Pennsylvania,2024,net_domestic_migration,-11252.0,1 July of the previous year to 30 June of year
Pennsylvania,2025,net_domestic_migration,-2936.0,1 July of the previous year to 30 June of year
Pennsylvania,2020,net_international_migration,626.0,1 April to 30 June 2020
Pennsylvania,2021,net_international_migration,10199.0,1 July of the previous year to 30 June of year
Pennsylvania,2022,net_international_migration,37147.0,1 July of the previous year to 30 June of year
Pennsylvania,2023,net_international_migration,63364.0,1 July of the previous year to 30 June of year
Pennsylvania,2024,net_international_migration,58464.0,1 July of the previous year to 30 June of year
Pennsylvania,2025,net_international_migration,26921.0,1 July of the previous year to 30 June of year
Pennsylvania,2020,net_migration,-2918.0,1 April to 30 June 2020
Pennsylvania,2021,net_migration,38797.0,1 July of the previous year to 30 June of year
Pennsylvania,2022,net_migration,-3439.0,1 July of the previous year to 30 June of year
Pennsylvania,2023,net_migration,38794.0,1 July of the previous year to 30 June of year
Pennsylvania,2024,net_migration,47212.0,1 July of the previous year to 30 June of year
Pennsylvania,2025,net_migration,23985.0,1 July of the previous year to 30 June of year
Pennsylvania,2020,population_change,-7177.0,1 April to 30 June 2020
Pennsylvania,2021,population_change,21052.0,1 July of the previous year to 30 June of year
Pennsylvania,2022,population_change,-31973.0,1 July of the previous year to 30 June of year
Pennsylvania,2023,population_change,24751.0,1 July of the previous year to 30 June of year
Pennsylvania,2024,population_change,36442.0,1 July of the previous year to 30 June of year
Pennsylvania,2025,population_change,13584.0,1 July of the previous year to 30 June of year
Pennsylvania,2020,population_july1,12995576.0,1 July of year
Pennsylvania,2021,population_july1,13016628.0,1 July of year
Pennsylvania,2022,population_july1,12984655.0,1 July of year
Pennsylvania,2023,population_july1,13009406.0,1 July of year
Pennsylvania,2024,population_july1,13045848.0,1 July of year
Pennsylvania,2025,population_july1,13059432.0,1 July of year
Pennsylvania,2020,residual,3208.0,1 April to 30 June 2020
Pennsylvania,2021,residual,7938.0,1 July of the previous year to 30 June of year
Pennsylvania,2022,residual,-4890.0,1 July of the previous year to 30 June of year
Pennsylvania,2023,residual,-1865.0,1 July of the previous year to 30 June of year
Pennsylvania,2024,residual,-1117.0,1 July of the previous year to 30 June of year
Pennsylvania,2025,residual,307.0,1 July of the previous year to 30 June of year
Puerto Rico,2020,births,4545.0,1 April to 30 June 2020
Puerto Rico,2021,births,18794.0,1 July of the previous year to 30 June of year
Puerto Rico,2022,births,19704.0,1 July of the previous year to 30 June of year
Puerto Rico,2023,births,18886.0,1 July of the previous year to 30 June of year
Puerto Rico,2024,births,18291.0,1 July of the previous year to 30 June of year
Puerto Rico,2025,births,17950.0,1 July of the previous year to 30 June of year
Puerto Rico,2020,deaths,7300.0,1 April to 30 June 2020
Puerto Rico,2021,deaths,33337.0,1 July of the previous year to 30 June of year
Puerto Rico,2022,deaths,34146.0,1 July of the previous year to 30 June of year
Puerto Rico,2023,deaths,35186.0,1 July of the previous year to 30 June of year
Puerto Rico,2024,deaths,33989.0,1 July of the previous year to 30 June of year
Puerto Rico,2025,deaths,32857.0,1 July of the previous year to 30 June of year
Puerto Rico,2020,natural_change,-2755.0,1 April to 30 June 2020
Puerto Rico,2021,natural_change,-14543.0,1 July of the previous year to 30 June of year
Puerto Rico,2022,natural_change,-14442.0,1 July of the previous year to 30 June of year
Puerto Rico,2023,natural_change,-16300.0,1 July of the previous year to 30 June of year
Puerto Rico,2024,natural_change,-15698.0,1 July of the previous year to 30 June of year
Puerto Rico,2025,natural_change,-14907.0,1 July of the previous year to 30 June of year
Puerto Rico,2020,net_domestic_migration,0.0,1 April to 30 June 2020
Puerto Rico,2021,net_domestic_migration,0.0,1 July of the previous year to 30 June of year
Puerto Rico,2022,net_domestic_migration,0.0,1 July of the previous year to 30 June of year
Puerto Rico,2023,net_domestic_migration,0.0,1 July of the previous year to 30 June of year
Puerto Rico,2024,net_domestic_migration,0.0,1 July of the previous year to 30 June of year
Puerto Rico,2025,net_domestic_migration,0.0,1 July of the previous year to 30 June of year
Puerto Rico,2020,net_international_migration,-1528.0,1 April to 30 June 2020
Puerto Rico,2021,net_international_migration,-4317.0,1 July of the previous year to 30 June of year
Puerto Rico,2022,net_international_migration,-28141.0,1 July of the previous year to 30 June of year
Puerto Rico,2023,net_international_migration,-54.0,1 July of the previous year to 30 June of year
Puerto Rico,2024,net_international_migration,14425.0,1 July of the previous year to 30 June of year
Puerto Rico,2025,net_international_migration,-2779.0,1 July of the previous year to 30 June of year
Puerto Rico,2020,net_migration,-1528.0,1 April to 30 June 2020
Puerto Rico,2021,net_migration,-4317.0,1 July of the previous year to 30 June of year
Puerto Rico,2022,net_migration,-28141.0,1 July of the previous year to 30 June of year
Puerto Rico,2023,net_migration,-54.0,1 July of the previous year to 30 June of year
Puerto Rico,2024,net_migration,14425.0,1 July of the previous year to 30 June of year
Puerto Rico,2025,net_migration,-2779.0,1 July of the previous year to 30 June of year
Puerto Rico,2020,population_change,-4283.0,1 April to 30 June 2020
Puerto Rico,2021,population_change,-18860.0,1 July of the previous year to 30 June of year
Puerto Rico,2022,population_change,-42583.0,1 July of the previous year to 30 June of year
Puerto Rico,2023,population_change,-16354.0,1 July of the previous year to 30 June of year
Puerto Rico,2024,population_change,-1273.0,1 July of the previous year to 30 June of year
Puerto Rico,2025,population_change,-17686.0,1 July of the previous year to 30 June of year
Puerto Rico,2020,population_july1,3281591.0,1 July of year
Puerto Rico,2021,population_july1,3262731.0,1 July of year
Puerto Rico,2022,population_july1,3220148.0,1 July of year
Puerto Rico,2023,population_july1,3203794.0,1 July of year
Puerto Rico,2024,population_july1,3202521.0,1 July of year
Puerto Rico,2025,population_july1,3184835.0,1 July of year
Puerto Rico,2020,residual,0.0,1 April to 30 June 2020
Puerto Rico,2021,residual,0.0,1 July of the previous year to 30 June of year
Puerto Rico,2022,residual,0.0,1 July of the previous year to 30 June of year
Puerto Rico,2023,residual,0.0,1 July of the previous year to 30 June of year
Puerto Rico,2024,residual,0.0,1 July of the previous year to 30 June of year
Puerto Rico,2025,residual,0.0,1 July of the previous year to 30 June of year
Rhode Island,2020,births,2544.0,1 April to 30 June 2020
Rhode Island,2021,births,10025.0,1 July of the previous year to 30 June of year
Rhode Island,2022,births,10449.0,1 July of the previous year to 30 June of year
Rhode Island,2023,births,10049.0,1 July of the previous year to 30 June of year
Rhode Island,2024,births,9908.0,1 July of the previous year to 30 June of year
Rhode Island,2025,births,10021.0,1 July of the previous year to 30 June of year
Rhode Island,2020,deaths,3379.0,1 April to 30 June 2020
Rhode Island,2021,deaths,11305.0,1 July of the previous year to 30 June of year
Rhode Island,2022,deaths,11068.0,1 July of the previous year to 30 June of year
Rhode Island,2023,deaths,10543.0,1 July of the previous year to 30 June of year
Rhode Island,2024,deaths,10299.0,1 July of the previous year to 30 June of year
Rhode Island,2025,deaths,10325.0,1 July of the previous year to 30 June of year
Rhode Island,2020,natural_change,-835.0,1 April to 30 June 2020
Rhode Island,2021,natural_change,-1280.0,1 July of the previous year to 30 June of year
Rhode Island,2022,natural_change,-619.0,1 July of the previous year to 30 June of year
Rhode Island,2023,natural_change,-494.0,1 July of the previous year to 30 June of year
Rhode Island,2024,natural_change,-391.0,1 July of the previous year to 30 June of year
Rhode Island,2025,natural_change,-304.0,1 July of the previous year to 30 June of year
Rhode Island,2020,net_domestic_migration,-394.0,1 April to 30 June 2020
Rhode Island,2021,net_domestic_migration,405.0,1 July of the previous year to 30 June of year
Rhode Island,2022,net_domestic_migration,-4992.0,1 July of the previous year to 30 June of year
Rhode Island,2023,net_domestic_migration,-3254.0,1 July of the previous year to 30 June of year
Rhode Island,2024,net_domestic_migration,-364.0,1 July of the previous year to 30 June of year
Rhode Island,2025,net_domestic_migration,-1551.0,1 July of the previous year to 30 June of year
Rhode Island,2020,net_international_migration,77.0,1 April to 30 June 2020
Rhode Island,2021,net_international_migration,1070.0,1 July of the previous year to 30 June of year
Rhode Island,2022,net_international_migration,6948.0,1 July of the previous year to 30 June of year
Rhode Island,2023,net_international_migration,6846.0,1 July of the previous year to 30 June of year
Rhode Island,2024,net_international_migration,10063.0,1 July of the previous year to 30 June of year
Rhode Island,2025,net_international_migration,5923.0,1 July of the previous year to 30 June of year
Rhode Island,2020,net_migration,-317.0,1 April to 30 June 2020
Rhode Island,2021,net_migration,1475.0,1 July of the previous year to 30 June of year
Rhode Island,2022,net_migration,1956.0,1 July of the previous year to 30 June of year
Rhode Island,2023,net_migration,3592.0,1 July of the previous year to 30 June of year
Rhode Island,2024,net_migration,9699.0,1 July of the previous year to 30 June of year
Rhode Island,2025,net_migration,4372.0,1 July of the previous year to 30 June of year
Rhode Island,2020,population_change,-870.0,1 April to 30 June 2020
Rhode Island,2021,population_change,894.0,1 July of the previous year to 30 June of year
Rhode Island,2022,population_change,894.0,1 July of the previous year to 30 June of year
Rhode Island,2023,population_change,2908.0,1 July of the previous year to 30 June of year
Rhode Island,2024,population_change,9232.0,1 July of the previous year to 30 June of year
Rhode Island,2025,population_change,4106.0,1 July of the previous year to 30 June of year
Rhode Island,2020,population_july1,1096487.0,1 July of year
Rhode Island,2021,population_july1,1097381.0,1 July of year
Rhode Island,2022,population_july1,1098275.0,1 July of year
Rhode Island,2023,population_july1,1101183.0,1 July of year
Rhode Island,2024,population_july1,1110415.0,1 July of year
Rhode Island,2025,population_july1,1114521.0,1 July of year
Rhode Island,2020,residual,282.0,1 April to 30 June 2020
Rhode Island,2021,residual,699.0,1 July of the previous year to 30 June of year
Rhode Island,2022,residual,-443.0,1 July of the previous year to 30 June of year
Rhode Island,2023,residual,-190.0,1 July of the previous year to 30 June of year
Rhode Island,2024,residual,-76.0,1 July of the previous year to 30 June of year
Rhode Island,2025,residual,38.0,1 July of the previous year to 30 June of year
South Carolina,2020,births,13527.0,1 April to 30 June 2020
South Carolina,2021,births,55879.0,1 July of the previous year to 30 June of year
South Carolina,2022,births,57655.0,1 July of the previous year to 30 June of year
South Carolina,2023,births,58198.0,1 July of the previous year to 30 June of year
South Carolina,2024,births,58035.0,1 July of the previous year to 30 June of year
South Carolina,2025,births,59681.0,1 July of the previous year to 30 June of year
South Carolina,2020,deaths,14085.0,1 April to 30 June 2020
South Carolina,2021,deaths,65049.0,1 July of the previous year to 30 June of year
South Carolina,2022,deaths,64806.0,1 July of the previous year to 30 June of year
South Carolina,2023,deaths,59063.0,1 July of the previous year to 30 June of year
South Carolina,2024,deaths,58560.0,1 July of the previous year to 30 June of year
South Carolina,2025,deaths,59117.0,1 July of the previous year to 30 June of year
South Carolina,2020,natural_change,-558.0,1 April to 30 June 2020
South Carolina,2021,natural_change,-9170.0,1 July of the previous year to 30 June of year
South Carolina,2022,natural_change,-7151.0,1 July of the previous year to 30 June of year
South Carolina,2023,natural_change,-865.0,1 July of the previous year to 30 June of year
South Carolina,2024,natural_change,-525.0,1 July of the previous year to 30 June of year
South Carolina,2025,natural_change,564.0,1 July of the previous year to 30 June of year
South Carolina,2020,net_domestic_migration,14790.0,1 April to 30 June 2020
South Carolina,2021,net_domestic_migration,68406.0,1 July of the previous year to 30 June of year
South Carolina,2022,net_domestic_migration,83341.0,1 July of the previous year to 30 June of year
South Carolina,2023,net_domestic_migration,79536.0,1 July of the previous year to 30 June of year
South Carolina,2024,net_domestic_migration,66367.0,1 July of the previous year to 30 June of year
South Carolina,2025,net_domestic_migration,66622.0,1 July of the previous year to 30 June of year
South Carolina,2020,net_international_migration,337.0,1 April to 30 June 2020
South Carolina,2021,net_international_migration,4026.0,1 July of the previous year to 30 June of year
South Carolina,2022,net_international_migration,15365.0,1 July of the previous year to 30 June of year
South Carolina,2023,net_international_migration,21668.0,1 July of the previous year to 30 June of year
South Carolina,2024,net_international_migration,32760.0,1 July of the previous year to 30 June of year
South Carolina,2025,net_international_migration,12930.0,1 July of the previous year to 30 June of year
South Carolina,2020,net_migration,15127.0,1 April to 30 June 2020
South Carolina,2021,net_migration,72432.0,1 July of the previous year to 30 June of year
South Carolina,2022,net_migration,98706.0,1 July of the previous year to 30 June of year
South Carolina,2023,net_migration,101204.0,1 July of the previous year to 30 June of year
South Carolina,2024,net_migration,99127.0,1 July of the previous year to 30 June of year
South Carolina,2025,net_migration,79552.0,1 July of the previous year to 30 June of year
South Carolina,2020,population_change,13742.0,1 April to 30 June 2020
South Carolina,2021,population_change,62354.0,1 July of the previous year to 30 June of year
South Carolina,2022,population_change,94611.0,1 July of the previous year to 30 June of year
South Carolina,2023,population_change,101841.0,1 July of the previous year to 30 June of year
South Carolina,2024,population_change,99518.0,1 July of the previous year to 30 June of year
South Carolina,2025,population_change,79958.0,1 July of the previous year to 30 June of year
South Carolina,2020,population_july1,5131992.0,1 July of year
South Carolina,2021,population_july1,5194346.0,1 July of year
South Carolina,2022,population_july1,5288957.0,1 July of year
South Carolina,2023,population_july1,5390798.0,1 July of year
South Carolina,2024,population_july1,5490316.0,1 July of year
South Carolina,2025,population_july1,5570274.0,1 July of year
South Carolina,2020,residual,-827.0,1 April to 30 June 2020
South Carolina,2021,residual,-908.0,1 July of the previous year to 30 June of year
South Carolina,2022,residual,3056.0,1 July of the previous year to 30 June of year
South Carolina,2023,residual,1502.0,1 July of the previous year to 30 June of year
South Carolina,2024,residual,916.0,1 July of the previous year to 30 June of year
South Carolina,2025,residual,-158.0,1 July of the previous year to 30 June of year
South Dakota,2020,births,2841.0,1 April to 30 June 2020
South Dakota,2021,births,11064.0,1 July of the previous year to 30 June of year
South Dakota,2022,births,11244.0,1 July of the previous year to 30 June of year
South Dakota,2023,births,11183.0,1 July of the previous year to 30 June of year
South Dakota,2024,births,11309.0,1 July of the previous year to 30 June of year
South Dakota,2025,births,11299.0,1 July of the previous year to 30 June of year
South Dakota,2020,deaths,2054.0,1 April to 30 June 2020
South Dakota,2021,deaths,9872.0,1 July of the previous year to 30 June of year
South Dakota,2022,deaths,9282.0,1 July of the previous year to 30 June of year
South Dakota,2023,deaths,8586.0,1 July of the previous year to 30 June of year
South Dakota,2024,deaths,8687.0,1 July of the previous year to 30 June of year
South Dakota,2025,deaths,8694.0,1 July of the previous year to 30 June of year
South Dakota,2020,natural_change,787.0,1 April to 30 June 2020
South Dakota,2021,natural_change,1192.0,1 July of the previous year to 30 June of year
South Dakota,2022,natural_change,1962.0,1 July of the previous year to 30 June of year
South Dakota,2023,natural_change,2597.0,1 July of the previous year to 30 June of year
South Dakota,2024,natural_change,2622.0,1 July of the previous year to 30 June of year
South Dakota,2025,natural_change,2605.0,1 July of the previous year to 30 June of year
South Dakota,2020,net_domestic_migration,298.0,1 April to 30 June 2020
South Dakota,2021,net_domestic_migration,6178.0,1 July of the previous year to 30 June of year
South Dakota,2022,net_domestic_migration,8168.0,1 July of the previous year to 30 June of year
South Dakota,2023,net_domestic_migration,4514.0,1 July of the previous year to 30 June of year
South Dakota,2024,net_domestic_migration,1930.0,1 July of the previous year to 30 June of year
South Dakota,2025,net_domestic_migration,2169.0,1 July of the previous year to 30 June of year
South Dakota,2020,net_international_migration,64.0,1 April to 30 June 2020
South Dakota,2021,net_international_migration,1100.0,1 July of the previous year to 30 June of year
South Dakota,2022,net_international_migration,2380.0,1 July of the previous year to 30 June of year
South Dakota,2023,net_international_migration,1361.0,1 July of the previous year to 30 June of year
South Dakota,2024,net_international_migration,4754.0,1 July of the previous year to 30 June of year
South Dakota,2025,net_international_migration,3183.0,1 July of the previous year to 30 June of year
South Dakota,2020,net_migration,362.0,1 April to 30 June 2020
South Dakota,2021,net_migration,7278.0,1 July of the previous year to 30 June of year
South Dakota,2022,net_migration,10548.0,1 July of the previous year to 30 June of year
South Dakota,2023,net_migration,5875.0,1 July of the previous year to 30 June of year
South Dakota,2024,net_migration,6684.0,1 July of the previous year to 30 June of year
South Dakota,2025,net_migration,5352.0,1 July of the previous year to 30 June of year
South Dakota,2020,population_change,1152.0,1 April to 30 June 2020
South Dakota,2021,population_change,8495.0,1 July of the previous year to 30 June of year
South Dakota,2022,population_change,12853.0,1 July of the previous year to 30 June of year
South Dakota,2023,population_change,8583.0,1 July of the previous year to 30 June of year
South Dakota,2024,population_change,9371.0,1 July of the previous year to 30 June of year
South Dakota,2025,population_change,7984.0,1 July of the previous year to 30 June of year
South Dakota,2020,population_july1,887808.0,1 July of year
South Dakota,2021,population_july1,896303.0,1 July of year
South Dakota,2022,population_july1,909156.0,1 July of year
South Dakota,2023,population_july1,917739.0,1 July of year
South Dakota,2024,population_july1,927110.0,1 July of year
South Dakota,2025,population_july1,935094.0,1 July of year
South Dakota,2020,residual,3.0,1 April to 30 June 2020
South Dakota,2021,residual,25.0,1 July of the previous year to 30 June of year
South Dakota,2022,residual,343.0,1 July of the previous year to 30 June of year
South Dakota,2023,residual,111.0,1 July of the previous year to 30 June of year
South Dakota,2024,residual,65.0,1 July of the previous year to 30 June of year
South Dakota,2025,residual,27.0,1 July of the previous year to 30 June of year
Tennessee,2020,births,19280.0,1 April to 30 June 2020
Tennessee,2021,births,79603.0,1 July of the previous year to 30 June of year
Tennessee,2022,births,82228.0,1 July of the previous year to 30 June of year
Tennessee,2023,births,83201.0,1 July of the previous year to 30 June of year
Tennessee,2024,births,83396.0,1 July of the previous year to 30 June of year
Tennessee,2025,births,84408.0,1 July of the previous year to 30 June of year
Tennessee,2020,deaths,18918.0,1 April to 30 June 2020
Tennessee,2021,deaths,89394.0,1 July of the previous year to 30 June of year
Tennessee,2022,deaths,91620.0,1 July of the previous year to 30 June of year
Tennessee,2023,deaths,81142.0,1 July of the previous year to 30 June of year
Tennessee,2024,deaths,80107.0,1 July of the previous year to 30 June of year
Tennessee,2025,deaths,80811.0,1 July of the previous year to 30 June of year
Tennessee,2020,natural_change,362.0,1 April to 30 June 2020
Tennessee,2021,natural_change,-9791.0,1 July of the previous year to 30 June of year
Tennessee,2022,natural_change,-9392.0,1 July of the previous year to 30 June of year
Tennessee,2023,natural_change,2059.0,1 July of the previous year to 30 June of year
Tennessee,2024,natural_change,3289.0,1 July of the previous year to 30 June of year
Tennessee,2025,natural_change,3597.0,1 July of the previous year to 30 June of year
Tennessee,2020,net_domestic_migration,14728.0,1 April to 30 June 2020
Tennessee,2021,net_domestic_migration,46401.0,1 July of the previous year to 30 June of year
Tennessee,2022,net_domestic_migration,82316.0,1 July of the previous year to 30 June of year
Tennessee,2023,net_domestic_migration,60397.0,1 July of the previous year to 30 June of year
Tennessee,2024,net_domestic_migration,46496.0,1 July of the previous year to 30 June of year
Tennessee,2025,net_domestic_migration,42389.0,1 July of the previous year to 30 June of year
Tennessee,2020,net_international_migration,208.0,1 April to 30 June 2020
Tennessee,2021,net_international_migration,3111.0,1 July of the previous year to 30 June of year
Tennessee,2022,net_international_migration,20127.0,1 July of the previous year to 30 June of year
Tennessee,2023,net_international_migration,26129.0,1 July of the previous year to 30 June of year
Tennessee,2024,net_international_migration,47976.0,1 July of the previous year to 30 June of year
Tennessee,2025,net_international_migration,17990.0,1 July of the previous year to 30 June of year
Tennessee,2020,net_migration,14936.0,1 April to 30 June 2020
Tennessee,2021,net_migration,49512.0,1 July of the previous year to 30 June of year
Tennessee,2022,net_migration,102443.0,1 July of the previous year to 30 June of year
Tennessee,2023,net_migration,86526.0,1 July of the previous year to 30 June of year
Tennessee,2024,net_migration,94472.0,1 July of the previous year to 30 June of year
Tennessee,2025,net_migration,60379.0,1 July of the previous year to 30 June of year
Tennessee,2020,population_change,15417.0,1 April to 30 June 2020
Tennessee,2021,population_change,38951.0,1 July of the previous year to 30 June of year
Tennessee,2022,population_change,96638.0,1 July of the previous year to 30 June of year
Tennessee,2023,population_change,89704.0,1 July of the previous year to 30 June of year
Tennessee,2024,population_change,98262.0,1 July of the previous year to 30 June of year
Tennessee,2025,population_change,63785.0,1 July of the previous year to 30 June of year
Tennessee,2020,population_july1,6927736.0,1 July of year
Tennessee,2021,population_july1,6966687.0,1 July of year
Tennessee,2022,population_july1,7063325.0,1 July of year
Tennessee,2023,population_july1,7153029.0,1 July of year
Tennessee,2024,population_july1,7251291.0,1 July of year
Tennessee,2025,population_july1,7315076.0,1 July of year
Tennessee,2020,residual,119.0,1 April to 30 June 2020
Tennessee,2021,residual,-770.0,1 July of the previous year to 30 June of year
Tennessee,2022,residual,3587.0,1 July of the previous year to 30 June of year
Tennessee,2023,residual,1119.0,1 July of the previous year to 30 June of year
Tennessee,2024,residual,501.0,1 July of the previous year to 30 June of year
Tennessee,2025,residual,-191.0,1 July of the previous year to 30 June of year
Texas,2020,births,88105.0,1 April to 30 June 2020
Texas,2021,births,364360.0,1 July of the previous year to 30 June of year
Texas,2022,births,383791.0,1 July of the previous year to 30 June of year
Texas,2023,births,390308.0,1 July of the previous year to 30 June of year
Texas,2024,births,387626.0,1 July of the previous year to 30 June of year
Texas,2025,births,390203.0,1 July of the previous year to 30 June of year
Texas,2020,deaths,55689.0,1 April to 30 June 2020
Texas,2021,deaths,269979.0,1 July of the previous year to 30 June of year
Texas,2022,deaths,260655.0,1 July of the previous year to 30 June of year
Texas,2023,deaths,231625.0,1 July of the previous year to 30 June of year
Texas,2024,deaths,230260.0,1 July of the previous year to 30 June of year
Texas,2025,deaths,232492.0,1 July of the previous year to 30 June of year
Texas,2020,natural_change,32416.0,1 April to 30 June 2020
Texas,2021,natural_change,94381.0,1 July of the previous year to 30 June of year
Texas,2022,natural_change,123136.0,1 July of the previous year to 30 June of year
Texas,2023,natural_change,158683.0,1 July of the previous year to 30 June of year
Texas,2024,natural_change,157366.0,1 July of the previous year to 30 June of year
Texas,2025,natural_change,157711.0,1 July of the previous year to 30 June of year
Texas,2020,net_domestic_migration,52502.0,1 April to 30 June 2020
Texas,2021,net_domestic_migration,199360.0,1 July of the previous year to 30 June of year
Texas,2022,net_domestic_migration,218840.0,1 July of the previous year to 30 June of year
Texas,2023,net_domestic_migration,188667.0,1 July of the previous year to 30 June of year
Texas,2024,net_domestic_migration,86067.0,1 July of the previous year to 30 June of year
Texas,2025,net_domestic_migration,67299.0,1 July of the previous year to 30 June of year
Texas,2020,net_international_migration,1955.0,1 April to 30 June 2020
Texas,2021,net_international_migration,43481.0,1 July of the previous year to 30 June of year
Texas,2022,net_international_migration,198371.0,1 July of the previous year to 30 June of year
Texas,2023,net_international_migration,251690.0,1 July of the previous year to 30 June of year
Texas,2024,net_international_migration,354864.0,1 July of the previous year to 30 June of year
Texas,2025,net_international_migration,167475.0,1 July of the previous year to 30 June of year
Texas,2020,net_migration,54457.0,1 April to 30 June 2020
Texas,2021,net_migration,242841.0,1 July of the previous year to 30 June of year
Texas,2022,net_migration,417211.0,1 July of the previous year to 30 June of year
Texas,2023,net_migration,440357.0,1 July of the previous year to 30 June of year
Texas,2024,net_migration,440931.0,1 July of the previous year to 30 June of year
Texas,2025,net_migration,234774.0,1 July of the previous year to 30 June of year
Texas,2020,population_change,88397.0,1 April to 30 June 2020
Texas,2021,population_change,334777.0,1 July of the previous year to 30 June of year
Texas,2022,population_change,545330.0,1 July of the previous year to 30 June of year
Texas,2023,population_change,601245.0,1 July of the previous year to 30 June of year
Texas,2024,population_change,599331.0,1 July of the previous year to 30 June of year
Texas,2025,population_change,391243.0,1 July of the previous year to 30 June of year
Texas,2020,population_july1,29237895.0,1 July of year
Texas,2021,population_july1,29572672.0,1 July of year
Texas,2022,population_july1,30118002.0,1 July of year
Texas,2023,population_july1,30719247.0,1 July of year
Texas,2024,population_july1,31318578.0,1 July of year
Texas,2025,population_july1,31709821.0,1 July of year
Texas,2020,residual,1524.0,1 April to 30 June 2020
Texas,2021,residual,-2445.0,1 July of the previous year to 30 June of year
Texas,2022,residual,4983.0,1 July of the previous year to 30 June of year
Texas,2023,residual,2205.0,1 July of the previous year to 30 June of year
Texas,2024,residual,1034.0,1 July of the previous year to 30 June of year
Texas,2025,residual,-1242.0,1 July of the previous year to 30 June of year
Utah,2020,births,11868.0,1 April to 30 June 2020
Utah,2021,births,45687.0,1 July of the previous year to 30 June of year
Utah,2022,births,46261.0,1 July of the previous year to 30 June of year
Utah,2023,births,45440.0,1 July of the previous year to 30 June of year
Utah,2024,births,45668.0,1 July of the previous year to 30 June of year
Utah,2025,births,46948.0,1 July of the previous year to 30 June of year
Utah,2020,deaths,4967.0,1 April to 30 June 2020
Utah,2021,deaths,22007.0,1 July of the previous year to 30 June of year
Utah,2022,deaths,23362.0,1 July of the previous year to 30 June of year
Utah,2023,deaths,21147.0,1 July of the previous year to 30 June of year
Utah,2024,deaths,21529.0,1 July of the previous year to 30 June of year
Utah,2025,deaths,21987.0,1 July of the previous year to 30 June of year
Utah,2020,natural_change,6901.0,1 April to 30 June 2020
Utah,2021,natural_change,23680.0,1 July of the previous year to 30 June of year
Utah,2022,natural_change,22899.0,1 July of the previous year to 30 June of year
Utah,2023,natural_change,24293.0,1 July of the previous year to 30 June of year
Utah,2024,natural_change,24139.0,1 July of the previous year to 30 June of year
Utah,2025,natural_change,24961.0,1 July of the previous year to 30 June of year
Utah,2020,net_domestic_migration,4652.0,1 April to 30 June 2020
Utah,2021,net_domestic_migration,30249.0,1 July of the previous year to 30 June of year
Utah,2022,net_domestic_migration,13235.0,1 July of the previous year to 30 June of year
Utah,2023,net_domestic_migration,547.0,1 July of the previous year to 30 June of year
Utah,2024,net_domestic_migration,2867.0,1 July of the previous year to 30 June of year
Utah,2025,net_domestic_migration,3343.0,1 July of the previous year to 30 June of year
Utah,2020,net_international_migration,119.0,1 April to 30 June 2020
Utah,2021,net_international_migration,2056.0,1 July of the previous year to 30 June of year
Utah,2022,net_international_migration,18314.0,1 July of the previous year to 30 June of year
Utah,2023,net_international_migration,30456.0,1 July of the previous year to 30 June of year
Utah,2024,net_international_migration,26691.0,1 July of the previous year to 30 June of year
Utah,2025,net_international_migration,7501.0,1 July of the previous year to 30 June of year
Utah,2020,net_migration,4771.0,1 April to 30 June 2020
Utah,2021,net_migration,32305.0,1 July of the previous year to 30 June of year
Utah,2022,net_migration,31549.0,1 July of the previous year to 30 June of year
Utah,2023,net_migration,31003.0,1 July of the previous year to 30 June of year
Utah,2024,net_migration,29558.0,1 July of the previous year to 30 June of year
Utah,2025,net_migration,10844.0,1 July of the previous year to 30 June of year
Utah,2020,population_change,12369.0,1 April to 30 June 2020
Utah,2021,population_change,55904.0,1 July of the previous year to 30 June of year
Utah,2022,population_change,54054.0,1 July of the previous year to 30 June of year
Utah,2023,population_change,55331.0,1 July of the previous year to 30 June of year
Utah,2024,population_change,53724.0,1 July of the previous year to 30 June of year
Utah,2025,population_change,35921.0,1 July of the previous year to 30 June of year
Utah,2020,population_july1,3283970.0,1 July of year
Utah,2021,population_july1,3339874.0,1 July of year
Utah,2022,population_july1,3393928.0,1 July of year
Utah,2023,population_july1,3449259.0,1 July of year
Utah,2024,population_july1,3502983.0,1 July of year
Utah,2025,population_july1,3538904.0,1 July of year
Utah,2020,residual,697.0,1 April to 30 June 2020
Utah,2021,residual,-81.0,1 July of the previous year to 30 June of year
Utah,2022,residual,-394.0,1 July of the previous year to 30 June of year
Utah,2023,residual,35.0,1 July of the previous year to 30 June of year
Utah,2024,residual,27.0,1 July of the previous year to 30 June of year
Utah,2025,residual,116.0,1 July of the previous year to 30 June of year
Vermont,2020,births,1303.0,1 April to 30 June 2020
Vermont,2021,births,5156.0,1 July of the previous year to 30 June of year
Vermont,2022,births,5409.0,1 July of the previous year to 30 June of year
Vermont,2023,births,5089.0,1 July of the previous year to 30 June of year
Vermont,2024,births,5039.0,1 July of the previous year to 30 June of year
Vermont,2025,births,4979.0,1 July of the previous year to 30 June of year
Vermont,2020,deaths,1555.0,1 April to 30 June 2020
Vermont,2021,deaths,6435.0,1 July of the previous year to 30 June of year
Vermont,2022,deaths,7202.0,1 July of the previous year to 30 June of year
Vermont,2023,deaths,6833.0,1 July of the previous year to 30 June of year
Vermont,2024,deaths,6871.0,1 July of the previous year to 30 June of year
Vermont,2025,deaths,6748.0,1 July of the previous year to 30 June of year
Vermont,2020,natural_change,-252.0,1 April to 30 June 2020
Vermont,2021,natural_change,-1279.0,1 July of the previous year to 30 June of year
Vermont,2022,natural_change,-1793.0,1 July of the previous year to 30 June of year
Vermont,2023,natural_change,-1744.0,1 July of the previous year to 30 June of year
Vermont,2024,natural_change,-1832.0,1 July of the previous year to 30 June of year
Vermont,2025,natural_change,-1769.0,1 July of the previous year to 30 June of year
Vermont,2020,net_domestic_migration,-52.0,1 April to 30 June 2020
Vermont,2021,net_domestic_migration,4838.0,1 July of the previous year to 30 June of year
Vermont,2022,net_domestic_migration,1111.0,1 July of the previous year to 30 June of year
Vermont,2023,net_domestic_migration,782.0,1 July of the previous year to 30 June of year
Vermont,2024,net_domestic_migration,-568.0,1 July of the previous year to 30 June of year
Vermont,2025,net_domestic_migration,-726.0,1 July of the previous year to 30 June of year
Vermont,2020,net_international_migration,21.0,1 April to 30 June 2020
Vermont,2021,net_international_migration,415.0,1 July of the previous year to 30 June of year
Vermont,2022,net_international_migration,1401.0,1 July of the previous year to 30 June of year
Vermont,2023,net_international_migration,1185.0,1 July of the previous year to 30 June of year
Vermont,2024,net_international_migration,1249.0,1 July of the previous year to 30 June of year
Vermont,2025,net_international_migration,623.0,1 July of the previous year to 30 June of year
Vermont,2020,net_migration,-31.0,1 April to 30 June 2020
Vermont,2021,net_migration,5253.0,1 July of the previous year to 30 June of year
Vermont,2022,net_migration,2512.0,1 July of the previous year to 30 June of year
Vermont,2023,net_migration,1967.0,1 July of the previous year to 30 June of year
Vermont,2024,net_migration,681.0,1 July of the previous year to 30 June of year
Vermont,2025,net_migration,-103.0,1 July of the previous year to 30 June of year
Vermont,2020,population_change,-112.0,1 April to 30 June 2020
Vermont,2021,population_change,4273.0,1 July of the previous year to 30 June of year
Vermont,2022,population_change,376.0,1 July of the previous year to 30 June of year
Vermont,2023,population_change,108.0,1 July of the previous year to 30 June of year
Vermont,2024,population_change,-1201.0,1 July of the previous year to 30 June of year
Vermont,2025,population_change,-1858.0,1 July of the previous year to 30 June of year
Vermont,2020,population_july1,642965.0,1 July of year
Vermont,2021,population_july1,647238.0,1 July of year
Vermont,2022,population_july1,647614.0,1 July of year
Vermont,2023,population_july1,647722.0,1 July of year
Vermont,2024,population_july1,646521.0,1 July of year
Vermont,2025,population_july1,644663.0,1 July of year
Vermont,2020,residual,171.0,1 April to 30 June 2020
Vermont,2021,residual,299.0,1 July of the previous year to 30 June of year
Vermont,2022,residual,-343.0,1 July of the previous year to 30 June of year
Vermont,2023,residual,-115.0,1 July of the previous year to 30 June of year
Vermont,2024,residual,-50.0,1 July of the previous year to 30 June of year
Vermont,2025,residual,14.0,1 July of the previous year to 30 June of year
Virginia,2020,births,23617.0,1 April to 30 June 2020
Virginia,2021,births,94434.0,1 July of the previous year to 30 June of year
Virginia,2022,births,95761.0,1 July of the previous year to 30 June of year
Virginia,2023,births,94600.0,1 July of the previous year to 30 June of year
Virginia,2024,births,93837.0,1 July of the previous year to 30 June of year
Virginia,2025,births,92070.0,1 July of the previous year to 30 June of year
Virginia,2020,deaths,19727.0,1 April to 30 June 2020
Virginia,2021,deaths,83773.0,1 July of the previous year to 30 June of year
Virginia,2022,deaths,86290.0,1 July of the previous year to 30 June of year
Virginia,2023,deaths,79649.0,1 July of the previous year to 30 June of year
Virginia,2024,deaths,78487.0,1 July of the previous year to 30 June of year
Virginia,2025,deaths,78253.0,1 July of the previous year to 30 June of year
Virginia,2020,natural_change,3890.0,1 April to 30 June 2020
Virginia,2021,natural_change,10661.0,1 July of the previous year to 30 June of year
Virginia,2022,natural_change,9471.0,1 July of the previous year to 30 June of year
Virginia,2023,natural_change,14951.0,1 July of the previous year to 30 June of year
Virginia,2024,natural_change,15350.0,1 July of the previous year to 30 June of year
Virginia,2025,natural_change,13817.0,1 July of the previous year to 30 June of year
Virginia,2020,net_domestic_migration,-26.0,1 April to 30 June 2020
Virginia,2021,net_domestic_migration,-3666.0,1 July of the previous year to 30 June of year
Virginia,2022,net_domestic_migration,-26089.0,1 July of the previous year to 30 June of year
Virginia,2023,net_domestic_migration,-8117.0,1 July of the previous year to 30 June of year
Virginia,2024,net_domestic_migration,2461.0,1 July of the previous year to 30 June of year
Virginia,2025,net_domestic_migration,6268.0,1 July of the previous year to 30 June of year
Virginia,2020,net_international_migration,756.0,1 April to 30 June 2020
Virginia,2021,net_international_migration,14313.0,1 July of the previous year to 30 June of year
Virginia,2022,net_international_migration,38044.0,1 July of the previous year to 30 June of year
Virginia,2023,net_international_migration,44282.0,1 July of the previous year to 30 June of year
Virginia,2024,net_international_migration,69854.0,1 July of the previous year to 30 June of year
Virginia,2025,net_international_migration,40436.0,1 July of the previous year to 30 June of year
Virginia,2020,net_migration,730.0,1 April to 30 June 2020
Virginia,2021,net_migration,10647.0,1 July of the previous year to 30 June of year
Virginia,2022,net_migration,11955.0,1 July of the previous year to 30 June of year
Virginia,2023,net_migration,36165.0,1 July of the previous year to 30 June of year
Virginia,2024,net_migration,72315.0,1 July of the previous year to 30 June of year
Virginia,2025,net_migration,46704.0,1 July of the previous year to 30 June of year
Virginia,2020,population_change,5884.0,1 April to 30 June 2020
Virginia,2021,population_change,22704.0,1 July of the previous year to 30 June of year
Virginia,2022,population_change,21031.0,1 July of the previous year to 30 June of year
Virginia,2023,population_change,50996.0,1 July of the previous year to 30 June of year
Virginia,2024,population_change,87608.0,1 July of the previous year to 30 June of year
Virginia,2025,population_change,60465.0,1 July of the previous year to 30 June of year
Virginia,2020,population_july1,8637303.0,1 July of year
Virginia,2021,population_july1,8660007.0,1 July of year
Virginia,2022,population_july1,8681038.0,1 July of year
Virginia,2023,population_july1,8732034.0,1 July of year
Virginia,2024,population_july1,8819642.0,1 July of year
Virginia,2025,population_july1,8880107.0,1 July of year
Virginia,2020,residual,1264.0,1 April to 30 June 2020
Virginia,2021,residual,1396.0,1 July of the previous year to 30 June of year
Virginia,2022,residual,-395.0,1 July of the previous year to 30 June of year
Virginia,2023,residual,-120.0,1 July of the previous year to 30 June of year
Virginia,2024,residual,-57.0,1 July of the previous year to 30 June of year
Virginia,2025,residual,-56.0,1 July of the previous year to 30 June of year
Washington,2020,births,21080.0,1 April to 30 June 2020
Washington,2021,births,82557.0,1 July of the previous year to 30 June of year
Washington,2022,births,83955.0,1 July of the previous year to 30 June of year
Washington,2023,births,82165.0,1 July of the previous year to 30 June of year
Washington,2024,births,82149.0,1 July of the previous year to 30 June of year
Washington,2025,births,83368.0,1 July of the previous year to 30 June of year
Washington,2020,deaths,15110.0,1 April to 30 June 2020
Washington,2021,deaths,64741.0,1 July of the previous year to 30 June of year
Washington,2022,deaths,70619.0,1 July of the previous year to 30 June of year
Washington,2023,deaths,67733.0,1 July of the previous year to 30 June of year
Washington,2024,deaths,65455.0,1 July of the previous year to 30 June of year
Washington,2025,deaths,66138.0,1 July of the previous year to 30 June of year
Washington,2020,natural_change,5970.0,1 April to 30 June 2020
Washington,2021,natural_change,17816.0,1 July of the previous year to 30 June of year
Washington,2022,natural_change,13336.0,1 July of the previous year to 30 June of year
Washington,2023,natural_change,14432.0,1 July of the previous year to 30 June of year
Washington,2024,natural_change,16694.0,1 July of the previous year to 30 June of year
Washington,2025,natural_change,17230.0,1 July of the previous year to 30 June of year
Washington,2020,net_domestic_migration,11879.0,1 April to 30 June 2020
Washington,2021,net_domestic_migration,-14999.0,1 July of the previous year to 30 June of year
Washington,2022,net_domestic_migration,-3314.0,1 July of the previous year to 30 June of year
Washington,2023,net_domestic_migration,-17511.0,1 July of the previous year to 30 June of year
Washington,2024,net_domestic_migration,1728.0,1 July of the previous year to 30 June of year
Washington,2025,net_domestic_migration,9238.0,1 July of the previous year to 30 June of year
Washington,2020,net_international_migration,669.0,1 April to 30 June 2020
Washington,2021,net_international_migration,13990.0,1 July of the previous year to 30 June of year
Washington,2022,net_international_migration,35528.0,1 July of the previous year to 30 June of year
Washington,2023,net_international_migration,55706.0,1 July of the previous year to 30 June of year
Washington,2024,net_international_migration,71161.0,1 July of the previous year to 30 June of year
Washington,2025,net_international_migration,46202.0,1 July of the previous year to 30 June of year
Washington,2020,net_migration,12548.0,1 April to 30 June 2020
Washington,2021,net_migration,-1009.0,1 July of the previous year to 30 June of year
Washington,2022,net_migration,32214.0,1 July of the previous year to 30 June of year
Washington,2023,net_migration,38195.0,1 July of the previous year to 30 June of year
Washington,2024,net_migration,72889.0,1 July of the previous year to 30 June of year
Washington,2025,net_migration,55440.0,1 July of the previous year to 30 June of year
Washington,2020,population_change,19293.0,1 April to 30 June 2020
Washington,2021,population_change,17504.0,1 July of the previous year to 30 June of year
Washington,2022,population_change,42512.0,1 July of the previous year to 30 June of year
Washington,2023,population_change,51827.0,1 July of the previous year to 30 June of year
Washington,2024,population_change,89303.0,1 July of the previous year to 30 June of year
Washington,2025,population_change,73062.0,1 July of the previous year to 30 June of year
Washington,2020,population_july1,7726812.0,1 July of year
Washington,2021,population_july1,7744316.0,1 July of year
Washington,2022,population_july1,7786828.0,1 July of year
Washington,2023,population_july1,7838655.0,1 July of year
Washington,2024,population_july1,7927958.0,1 July of year
Washington,2025,population_july1,8001020.0,1 July of year
Washington,2020,residual,775.0,1 April to 30 June 2020
Washington,2021,residual,697.0,1 July of the previous year to 30 June of year
Washington,2022,residual,-3038.0,1 July of the previous year to 30 June of year
Washington,2023,residual,-800.0,1 July of the previous year to 30 June of year
Washington,2024,residual,-280.0,1 July of the previous year to 30 June of year
Washington,2025,residual,392.0,1 July of the previous year to 30 June of year
West Virginia,2020,births,4318.0,1 April to 30 June 2020
West Virginia,2021,births,17133.0,1 July of the previous year to 30 June of year
West Virginia,2022,births,17115.0,1 July of the previous year to 30 June of year
West Virginia,2023,births,16983.0,1 July of the previous year to 30 June of year
West Virginia,2024,births,16818.0,1 July of the previous year to 30 June of year
West Virginia,2025,births,16954.0,1 July of the previous year to 30 June of year
West Virginia,2020,deaths,5860.0,1 April to 30 June 2020
West Virginia,2021,deaths,27581.0,1 July of the previous year to 30 June of year
West Virginia,2022,deaths,29938.0,1 July of the previous year to 30 June of year
West Virginia,2023,deaths,25805.0,1 July of the previous year to 30 June of year
West Virginia,2024,deaths,24758.0,1 July of the previous year to 30 June of year
West Virginia,2025,deaths,24841.0,1 July of the previous year to 30 June of year
West Virginia,2020,natural_change,-1542.0,1 April to 30 June 2020
West Virginia,2021,natural_change,-10448.0,1 July of the previous year to 30 June of year
West Virginia,2022,natural_change,-12823.0,1 July of the previous year to 30 June of year
West Virginia,2023,natural_change,-8822.0,1 July of the previous year to 30 June of year
West Virginia,2024,natural_change,-7940.0,1 July of the previous year to 30 June of year
West Virginia,2025,natural_change,-7887.0,1 July of the previous year to 30 June of year
West Virginia,2020,net_domestic_migration,-796.0,1 April to 30 June 2020
West Virginia,2021,net_domestic_migration,3028.0,1 July of the previous year to 30 June of year
West Virginia,2022,net_domestic_migration,253.0,1 July of the previous year to 30 June of year
West Virginia,2023,net_domestic_migration,3348.0,1 July of the previous year to 30 June of year
West Virginia,2024,net_domestic_migration,4312.0,1 July of the previous year to 30 June of year
West Virginia,2025,net_domestic_migration,6408.0,1 July of the previous year to 30 June of year
West Virginia,2020,net_international_migration,36.0,1 April to 30 June 2020
West Virginia,2021,net_international_migration,727.0,1 July of the previous year to 30 June of year
West Virginia,2022,net_international_migration,1272.0,1 July of the previous year to 30 June of year
West Virginia,2023,net_international_migration,1750.0,1 July of the previous year to 30 June of year
West Virginia,2024,net_international_migration,1109.0,1 July of the previous year to 30 June of year
West Virginia,2025,net_international_migration,244.0,1 July of the previous year to 30 June of year
West Virginia,2020,net_migration,-760.0,1 April to 30 June 2020
West Virginia,2021,net_migration,3755.0,1 July of the previous year to 30 June of year
West Virginia,2022,net_migration,1525.0,1 July of the previous year to 30 June of year
West Virginia,2023,net_migration,5098.0,1 July of the previous year to 30 June of year
West Virginia,2024,net_migration,5421.0,1 July of the previous year to 30 June of year
West Virginia,2025,net_migration,6652.0,1 July of the previous year to 30 June of year
West Virginia,2020,population_change,-2089.0,1 April to 30 June 2020
West Virginia,2021,population_change,-5749.0,1 July of the previous year to 30 June of year
West Virginia,2022,population_change,-11918.0,1 July of the previous year to 30 June of year
West Virginia,2023,population_change,-3967.0,1 July of the previous year to 30 June of year
West Virginia,2024,population_change,-2634.0,1 July of the previous year to 30 June of year
West Virginia,2025,population_change,-1255.0,1 July of the previous year to 30 June of year
West Virginia,2020,population_july1,1791670.0,1 July of year
West Virginia,2021,population_july1,1785921.0,1 July of year
West Virginia,2022,population_july1,1774003.0,1 July of year
West Virginia,2023,population_july1,1770036.0,1 July of year
West Virginia,2024,population_july1,1767402.0,1 July of year
West Virginia,2025,population_july1,1766147.0,1 July of year
West Virginia,2020,residual,213.0,1 April to 30 June 2020
West Virginia,2021,residual,944.0,1 July of the previous year to 30 June of year
West Virginia,2022,residual,-620.0,1 July of the previous year to 30 June of year
West Virginia,2023,residual,-243.0,1 July of the previous year to 30 June of year
West Virginia,2024,residual,-115.0,1 July of the previous year to 30 June of year
West Virginia,2025,residual,-20.0,1 July of the previous year to 30 June of year
Wisconsin,2020,births,15536.0,1 April to 30 June 2020
Wisconsin,2021,births,59947.0,1 July of the previous year to 30 June of year
Wisconsin,2022,births,60704.0,1 July of the previous year to 30 June of year
Wisconsin,2023,births,60074.0,1 July of the previous year to 30 June of year
Wisconsin,2024,births,59434.0,1 July of the previous year to 30 June of year
Wisconsin,2025,births,59167.0,1 July of the previous year to 30 June of year
Wisconsin,2020,deaths,14146.0,1 April to 30 June 2020
Wisconsin,2021,deaths,61969.0,1 July of the previous year to 30 June of year
Wisconsin,2022,deaths,63557.0,1 July of the previous year to 30 June of year
Wisconsin,2023,deaths,58672.0,1 July of the previous year to 30 June of year
Wisconsin,2024,deaths,57490.0,1 July of the previous year to 30 June of year
Wisconsin,2025,deaths,58006.0,1 July of the previous year to 30 June of year
Wisconsin,2020,natural_change,1390.0,1 April to 30 June 2020
Wisconsin,2021,natural_change,-2022.0,1 July of the previous year to 30 June of year
Wisconsin,2022,natural_change,-2853.0,1 July of the previous year to 30 June of year
Wisconsin,2023,natural_change,1402.0,1 July of the previous year to 30 June of year
Wisconsin,2024,natural_change,1944.0,1 July of the previous year to 30 June of year
Wisconsin,2025,natural_change,1161.0,1 July of the previous year to 30 June of year
Wisconsin,2020,net_domestic_migration,67.0,1 April to 30 June 2020
Wisconsin,2021,net_domestic_migration,-18299.0,1 July of the previous year to 30 June of year
Wisconsin,2022,net_domestic_migration,7343.0,1 July of the previous year to 30 June of year
Wisconsin,2023,net_domestic_migration,7744.0,1 July of the previous year to 30 June of year
Wisconsin,2024,net_domestic_migration,5828.0,1 July of the previous year to 30 June of year
Wisconsin,2025,net_domestic_migration,6984.0,1 July of the previous year to 30 June of year
Wisconsin,2020,net_international_migration,214.0,1 April to 30 June 2020
Wisconsin,2021,net_international_migration,3189.0,1 July of the previous year to 30 June of year
Wisconsin,2022,net_international_migration,19050.0,1 July of the previous year to 30 June of year
Wisconsin,2023,net_international_migration,18553.0,1 July of the previous year to 30 June of year
Wisconsin,2024,net_international_migration,19395.0,1 July of the previous year to 30 June of year
Wisconsin,2025,net_international_migration,7260.0,1 July of the previous year to 30 June of year
Wisconsin,2020,net_migration,281.0,1 April to 30 June 2020
Wisconsin,2021,net_migration,-15110.0,1 July of the previous year to 30 June of year
Wisconsin,2022,net_migration,26393.0,1 July of the previous year to 30 June of year
Wisconsin,2023,net_migration,26297.0,1 July of the previous year to 30 June of year
Wisconsin,2024,net_migration,25223.0,1 July of the previous year to 30 June of year
Wisconsin,2025,net_migration,14244.0,1 July of the previous year to 30 June of year
Wisconsin,2020,population_change,3048.0,1 April to 30 June 2020
Wisconsin,2021,population_change,-15243.0,1 July of the previous year to 30 June of year
Wisconsin,2022,population_change,21344.0,1 July of the previous year to 30 June of year
Wisconsin,2023,population_change,26878.0,1 July of the previous year to 30 June of year
Wisconsin,2024,population_change,26818.0,1 July of the previous year to 30 June of year
Wisconsin,2025,population_change,15619.0,1 July of the previous year to 30 June of year
Wisconsin,2020,population_july1,5897371.0,1 July of year
Wisconsin,2021,population_july1,5882128.0,1 July of year
Wisconsin,2022,population_july1,5903472.0,1 July of year
Wisconsin,2023,population_july1,5930350.0,1 July of year
Wisconsin,2024,population_july1,5957168.0,1 July of year
Wisconsin,2025,population_july1,5972787.0,1 July of year
Wisconsin,2020,residual,1377.0,1 April to 30 June 2020
Wisconsin,2021,residual,1889.0,1 July of the previous year to 30 June of year
Wisconsin,2022,residual,-2196.0,1 July of the previous year to 30 June of year
Wisconsin,2023,residual,-821.0,1 July of the previous year to 30 June of year
Wisconsin,2024,residual,-349.0,1 July of the previous year to 30 June of year
Wisconsin,2025,residual,214.0,1 July of the previous year to 30 June of year
Wyoming,2020,births,1585.0,1 April to 30 June 2020
Wyoming,2021,births,6131.0,1 July of the previous year to 30 June of year
Wyoming,2022,births,6121.0,1 July of the previous year to 30 June of year
Wyoming,2023,births,6065.0,1 July of the previous year to 30 June of year
Wyoming,2024,births,6036.0,1 July of the previous year to 30 June of year
Wyoming,2025,births,6070.0,1 July of the previous year to 30 June of year
Wyoming,2020,deaths,1304.0,1 April to 30 June 2020
Wyoming,2021,deaths,6185.0,1 July of the previous year to 30 June of year
Wyoming,2022,deaths,6748.0,1 July of the previous year to 30 June of year
Wyoming,2023,deaths,5701.0,1 July of the previous year to 30 June of year
Wyoming,2024,deaths,5759.0,1 July of the previous year to 30 June of year
Wyoming,2025,deaths,5775.0,1 July of the previous year to 30 June of year
Wyoming,2020,natural_change,281.0,1 April to 30 June 2020
Wyoming,2021,natural_change,-54.0,1 July of the previous year to 30 June of year
Wyoming,2022,natural_change,-627.0,1 July of the previous year to 30 June of year
Wyoming,2023,natural_change,364.0,1 July of the previous year to 30 June of year
Wyoming,2024,natural_change,277.0,1 July of the previous year to 30 June of year
Wyoming,2025,natural_change,295.0,1 July of the previous year to 30 June of year
Wyoming,2020,net_domestic_migration,429.0,1 April to 30 June 2020
Wyoming,2021,net_domestic_migration,1880.0,1 July of the previous year to 30 June of year
Wyoming,2022,net_domestic_migration,2354.0,1 July of the previous year to 30 June of year
Wyoming,2023,net_domestic_migration,1776.0,1 July of the previous year to 30 June of year
Wyoming,2024,net_domestic_migration,771.0,1 July of the previous year to 30 June of year
Wyoming,2025,net_domestic_migration,1474.0,1 July of the previous year to 30 June of year
Wyoming,2020,net_international_migration,17.0,1 April to 30 June 2020
Wyoming,2021,net_international_migration,134.0,1 July of the previous year to 30 June of year
Wyoming,2022,net_international_migration,433.0,1 July of the previous year to 30 June of year
Wyoming,2023,net_international_migration,816.0,1 July of the previous year to 30 June of year
Wyoming,2024,net_international_migration,1010.0,1 July of the previous year to 30 June of year
Wyoming,2025,net_international_migration,258.0,1 July of the previous year to 30 June of year
Wyoming,2020,net_migration,446.0,1 April to 30 June 2020
Wyoming,2021,net_migration,2014.0,1 July of the previous year to 30 June of year
Wyoming,2022,net_migration,2787.0,1 July of the previous year to 30 June of year
Wyoming,2023,net_migration,2592.0,1 July of the previous year to 30 June of year
Wyoming,2024,net_migration,1781.0,1 July of the previous year to 30 June of year
Wyoming,2025,net_migration,1732.0,1 July of the previous year to 30 June of year
Wyoming,2020,population_change,797.0,1 April to 30 June 2020
Wyoming,2021,population_change,1993.0,1 July of the previous year to 30 June of year
Wyoming,2022,population_change,2080.0,1 July of the previous year to 30 June of year
Wyoming,2023,population_change,2924.0,1 July of the previous year to 30 June of year
Wyoming,2024,population_change,2056.0,1 July of the previous year to 30 June of year
Wyoming,2025,population_change,2031.0,1 July of the previous year to 30 June of year
Wyoming,2020,population_july1,577669.0,1 July of year
Wyoming,2021,population_july1,579662.0,1 July of year
Wyoming,2022,population_july1,581742.0,1 July of year
Wyoming,2023,population_july1,584666.0,1 July of year
Wyoming,2024,population_july1,586722.0,1 July of year
Wyoming,2025,population_july1,588753.0,1 July of year
Wyoming,2020,residual,70.0,1 April to 30 June 2020
Wyoming,2021,residual,33.0,1 July of the previous year to 30 June of year
Wyoming,2022,residual,-80.0,1 July of the previous year to 30 June of year
Wyoming,2023,residual,-32.0,1 July of the previous year to 30 June of year
Wyoming,2024,residual,-2.0,1 July of the previous year to 30 June of year
Wyoming,2025,residual,4.0,1 July of the previous year to 30 June of year
