year_ending,financial_year,state,nom,natural_increase,net_interstate_migration,growth,erp_start,erp_end,growth_pct,nom_per_1000_pop,nom_share_of_growth_pct
1982-06,1981-82,ACT,1225.0,3261.0,-170.0,5464.0,227581.0,233045,2.4,5.38,22.4
1982-06,1981-82,AUS,128117.0,126086.0,0.0,260987.0,14923260.0,15184247,1.75,8.59,49.1
1982-06,1981-82,NSW,49393.0,40918.0,-19584.0,68691.0,5234889.0,5303580,1.31,9.44,71.9
1982-06,1981-82,NT,1183.0,2378.0,2069.0,7698.0,122616.0,130314,6.28,9.65,15.4
1982-06,1981-82,QLD,17565.0,22088.0,35453.0,79378.0,2345208.0,2424586,3.38,7.49,22.1
1982-06,1981-82,SA,8520.0,9182.0,-4875.0,12339.0,1318769.0,1331108,0.94,6.46,69.0
1982-06,1981-82,TAS,930.0,3769.0,-2022.0,2621.0,427224.0,429845,0.61,2.18,35.5
1982-06,1981-82,VIC,31144.0,30346.0,-14429.0,45953.0,3946917.0,3992870,1.16,7.89,67.8
1982-06,1981-82,WA,18157.0,14144.0,3558.0,38843.0,1300056.0,1338899,2.99,13.97,46.7
1982-09,,ACT,1153.0,3269.0,-585.0,4996.0,228782.0,233778,2.18,5.04,23.1
1982-09,,AUS,120869.0,122873.0,0.0,250601.0,14988677.0,15239278,1.67,8.06,48.2
1982-09,,NSW,45702.0,39629.0,-16910.0,66391.0,5249455.0,5315846,1.26,8.71,68.8
1982-09,,NT,997.0,2485.0,758.0,6331.0,125186.0,131517,5.06,7.96,15.7
1982-09,,QLD,17268.0,21995.0,31897.0,75435.0,2367477.0,2442912,3.19,7.29,22.9
1982-09,,SA,8191.0,8913.0,-3751.0,12855.0,1321235.0,1334090,0.97,6.2,63.7
1982-09,,TAS,847.0,3686.0,-2097.0,2383.0,427925.0,430308,0.56,1.98,35.5
1982-09,,VIC,29071.0,28801.0,-11372.0,45398.0,3957333.0,4002731,1.15,7.35,64.0
1982-09,,WA,17640.0,14095.0,2060.0,36812.0,1311284.0,1348096,2.81,13.45,47.9
1982-12,,ACT,979.0,3222.0,141.0,5512.0,229484.0,234996,2.4,4.27,17.8
1982-12,,AUS,102708.0,125132.0,0.0,234774.0,15054117.0,15288891,1.56,6.82,43.7
1982-12,,NSW,38545.0,41381.0,-16575.0,61327.0,5266894.0,5328221,1.16,7.32,62.9
1982-12,,NT,603.0,2352.0,-3.0,5066.0,127718.0,132784,3.97,4.72,11.9
1982-12,,QLD,14166.0,22589.0,27499.0,68532.0,2387943.0,2456475,2.87,5.93,20.7
1982-12,,SA,7067.0,8751.0,-2703.0,12607.0,1325176.0,1337783,0.95,5.33,56.1
1982-12,,TAS,761.0,3595.0,-1615.0,2691.0,428283.0,430974,0.63,1.78,28.3
1982-12,,VIC,24960.0,29182.0,-8757.0,44289.0,3968398.0,4012687,1.12,6.29,56.4
1982-12,,WA,15627.0,14060.0,2013.0,34750.0,1320221.0,1354971,2.63,11.84,45.0
1983-03,,ACT,843.0,3191.0,786.0,6001.0,230990.0,236991,2.6,3.65,14.0
1983-03,,AUS,90546.0,126989.0,0.0,224544.0,15121698.0,15346242,1.48,5.99,40.3
1983-03,,NSW,32551.0,42935.0,-15560.0,57908.0,5286119.0,5344027,1.1,6.16,56.2
1983-03,,NT,632.0,2353.0,-186.0,4936.0,129593.0,134529,3.81,4.88,12.8
1983-03,,QLD,12034.0,23115.0,23924.0,63354.0,2406355.0,2469709,2.63,5.0,19.0
1983-03,,SA,7006.0,8996.0,-1961.0,13523.0,1328670.0,1342193,1.02,5.27,51.8
1983-03,,TAS,742.0,3521.0,-1996.0,2220.0,429445.0,431665,0.52,1.73,33.4
1983-03,,VIC,23306.0,28772.0,-6560.0,44428.0,3980826.0,4025254,1.12,5.85,52.5
1983-03,,WA,13432.0,14106.0,1553.0,32174.0,1329700.0,1361874,2.42,10.1,41.7
1983-06,1982-83,ACT,541.0,3217.0,988.0,5938.0,233045.0,238983,2.55,2.32,9.1
1983-06,1982-83,AUS,73295.0,128846.0,0.0,209225.0,15184247.0,15393472,1.38,4.83,35.0
1983-06,1982-83,NSW,25740.0,42832.0,-17181.0,49379.0,5303580.0,5352959,0.93,4.85,52.1
1983-06,1982-83,NT,482.0,2430.0,530.0,5602.0,130314.0,135916,4.3,3.7,8.6
1983-06,1982-83,QLD,8621.0,23960.0,20831.0,57696.0,2424586.0,2482282,2.38,3.56,14.9
1983-06,1982-83,SA,6417.0,9106.0,-328.0,14667.0,1331108.0,1345775,1.1,4.82,43.8
1983-06,1982-83,TAS,611.0,3607.0,-1214.0,2960.0,429845.0,432805,0.69,1.42,20.6
1983-06,1982-83,VIC,19674.0,29378.0,-5136.0,42832.0,3992870.0,4035702,1.07,4.93,45.9
1983-06,1982-83,WA,11209.0,14316.0,1510.0,30151.0,1338899.0,1369050,2.25,8.37,37.2
1983-09,,ACT,660.0,3227.0,1189.0,6277.0,233778.0,240055,2.69,2.82,10.5
1983-09,,AUS,60046.0,132577.0,0.0,199727.0,15239278.0,15439005,1.31,3.94,30.1
1983-09,,NSW,21321.0,43609.0,-15042.0,47898.0,5315846.0,5363744,0.9,4.01,44.5
1983-09,,NT,821.0,2301.0,1146.0,6425.0,131517.0,137942,4.89,6.24,12.8
1983-09,,QLD,5564.0,25039.0,15579.0,50461.0,2442912.0,2493373,2.07,2.28,11.0
1983-09,,SA,5720.0,9481.0,800.0,15463.0,1334090.0,1349553,1.16,4.29,37.0
1983-09,,TAS,554.0,3701.0,-605.0,3601.0,430308.0,433909,0.84,1.29,15.4
1983-09,,VIC,17174.0,30909.0,-4517.0,42454.0,4002731.0,4045185,1.06,4.29,40.5
1983-09,,WA,8232.0,14310.0,1450.0,27148.0,1348096.0,1375244,2.01,6.11,30.3
1983-12,,ACT,571.0,3312.0,1871.0,6964.0,234996.0,241960,2.96,2.43,8.2
1983-12,,AUS,54995.0,132486.0,0.0,194605.0,15288891.0,15483496,1.27,3.6,28.3
1983-12,,NSW,20084.0,42760.0,-14182.0,46694.0,5328221.0,5374915,0.88,3.77,43.0
1983-12,,NT,815.0,2400.0,1366.0,6735.0,132784.0,139519,5.07,6.14,12.1
1983-12,,QLD,4578.0,25029.0,12929.0,46810.0,2456475.0,2503285,1.91,1.86,9.8
1983-12,,SA,5184.0,9961.0,828.0,15425.0,1337783.0,1353208,1.15,3.88,33.6
1983-12,,TAS,609.0,3743.0,-172.0,4126.0,430974.0,435100,0.96,1.41,14.8
1983-12,,VIC,16305.0,30563.0,-3917.0,41811.0,4012687.0,4054498,1.04,4.06,39.0
1983-12,,WA,6849.0,14718.0,1277.0,26040.0,1354971.0,1381011,1.92,5.05,26.3
1984-03,,ACT,634.0,3280.0,1352.0,6485.0,236991.0,243476,2.74,2.68,9.8
1984-03,,AUS,46798.0,131357.0,0.0,185299.0,15346242.0,15531541,1.21,3.05,25.3
1984-03,,NSW,18349.0,41688.0,-12938.0,45153.0,5344027.0,5389180,0.84,3.43,40.6
1984-03,,NT,658.0,2468.0,860.0,6137.0,134529.0,140666,4.56,4.89,10.7
1984-03,,QLD,3093.0,24563.0,11809.0,43734.0,2469709.0,2513443,1.77,1.25,7.1
1984-03,,SA,4230.0,10143.0,503.0,14318.0,1342193.0,1356511,1.07,3.15,29.5
1984-03,,TAS,552.0,3710.0,310.0,4513.0,431665.0,436178,1.05,1.28,12.2
1984-03,,VIC,13976.0,31023.0,-2876.0,40955.0,4025254.0,4066209,1.02,3.47,34.1
1984-03,,WA,5306.0,14482.0,980.0,24004.0,1361874.0,1385878,1.76,3.9,22.1
1984-06,1983-84,ACT,675.0,3284.0,942.0,6129.0,238983.0,245112,2.56,2.82,11.0
1984-06,1983-84,AUS,49098.0,129657.0,0.0,185919.0,15393472.0,15579391,1.21,3.19,26.4
1984-06,1983-84,NSW,20698.0,41263.0,-10267.0,49770.0,5352959.0,5402729,0.93,3.87,41.6
1984-06,1983-84,NT,832.0,2532.0,726.0,6238.0,135916.0,142154,4.59,6.12,13.3
1984-06,1983-84,QLD,3267.0,24087.0,9959.0,41577.0,2482282.0,2523859,1.67,1.32,7.9
1984-06,1983-84,SA,3969.0,10319.0,553.0,14273.0,1345775.0,1360048,1.06,2.95,27.8
1984-06,1983-84,TAS,659.0,3665.0,695.0,4955.0,432805.0,437760,1.14,1.52,13.3
1984-06,1983-84,VIC,14730.0,30596.0,-3340.0,40790.0,4035702.0,4076492,1.01,3.65,36.1
1984-06,1983-84,WA,4268.0,13911.0,732.0,22187.0,1369050.0,1391237,1.62,3.12,19.2
1984-09,,ACT,669.0,3278.0,1018.0,6204.0,240055.0,246259,2.58,2.79,10.8
1984-09,,AUS,53925.0,128346.0,0.0,189543.0,15439005.0,15628548,1.23,3.49,28.5
1984-09,,NSW,23491.0,41214.0,-9952.0,52792.0,5363744.0,5416536,0.98,4.38,44.5
1984-09,,NT,642.0,2611.0,574.0,5992.0,137942.0,143934,4.34,4.65,10.7
1984-09,,QLD,4276.0,23294.0,10710.0,42603.0,2493373.0,2535976,1.71,1.71,10.0
1984-09,,SA,3664.0,10414.0,-454.0,13058.0,1349553.0,1362611,0.97,2.71,28.1
1984-09,,TAS,732.0,3540.0,747.0,4957.0,433909.0,438866,1.14,1.69,14.8
1984-09,,VIC,16117.0,29781.0,-3374.0,41364.0,4045185.0,4086549,1.02,3.98,39.0
1984-09,,WA,4334.0,14214.0,731.0,22573.0,1375244.0,1397817,1.64,3.15,19.2
1984-12,,ACT,497.0,3178.0,199.0,5124.0,241960.0,247084,2.12,2.05,9.7
1984-12,,AUS,59823.0,126583.0,0.0,193786.0,15483496.0,15677282,1.25,3.86,30.9
1984-12,,NSW,25966.0,41134.0,-8265.0,56837.0,5374915.0,5431752,1.06,4.83,45.7
1984-12,,NT,766.0,2644.0,182.0,5774.0,139519.0,145293,4.14,5.49,13.3
1984-12,,QLD,5091.0,23051.0,11269.0,43793.0,2503285.0,2547078,1.75,2.03,11.6
1984-12,,SA,3952.0,9952.0,-1215.0,12125.0,1353208.0,1365333,0.9,2.92,32.6
1984-12,,TAS,704.0,3537.0,789.0,4970.0,435100.0,440070,1.14,1.62,14.2
1984-12,,VIC,17704.0,29964.0,-3402.0,43142.0,4054498.0,4097640,1.06,4.37,41.0
1984-12,,WA,5143.0,13123.0,443.0,22021.0,1381011.0,1403032,1.59,3.72,23.4
1985-03,,ACT,646.0,3186.0,270.0,5363.0,243476.0,248839,2.2,2.65,12.0
1985-03,,AUS,70665.0,126971.0,0.0,205124.0,15531541.0,15736665,1.32,4.55,34.4
1985-03,,NSW,30251.0,42072.0,-7919.0,62369.0,5389180.0,5451549,1.16,5.61,48.5
1985-03,,NT,1029.0,2602.0,166.0,5996.0,140666.0,146662,4.26,7.32,17.2
1985-03,,QLD,6781.0,22427.0,12360.0,46009.0,2513443.0,2559452,1.83,2.7,14.7
1985-03,,SA,4241.0,9717.0,-1186.0,12210.0,1356511.0,1368721,0.9,3.13,34.7
1985-03,,TAS,760.0,3636.0,808.0,5146.0,436178.0,441324,1.18,1.74,14.8
1985-03,,VIC,20314.0,29881.0,-5575.0,43532.0,4066209.0,4109741,1.07,5.0,46.7
1985-03,,WA,6643.0,13450.0,1076.0,24499.0,1385878.0,1410377,1.77,4.79,27.1
1985-06,1984-85,ACT,658.0,3178.0,1169.0,6277.0,245112.0,251389,2.56,2.68,10.5
1985-06,1984-85,AUS,73708.0,127617.0,0.0,208921.0,15579391.0,15788312,1.34,4.73,35.3
1985-06,1984-85,NSW,31279.0,41904.0,-9328.0,61783.0,5402729.0,5464512,1.14,5.79,50.6
1985-06,1984-85,NT,1056.0,2502.0,608.0,6382.0,142154.0,148536,4.49,7.43,16.5
1985-06,1984-85,QLD,7665.0,22274.0,12920.0,47359.0,2523859.0,2571218,1.88,3.04,16.2
1985-06,1984-85,SA,4329.0,9697.0,-2317.0,11149.0,1360048.0,1371197,0.82,3.18,38.8
1985-06,1984-85,TAS,769.0,3578.0,777.0,5068.0,437760.0,442828,1.16,1.76,15.2
1985-06,1984-85,VIC,20158.0,30269.0,-5799.0,43576.0,4076492.0,4120068,1.07,4.94,46.3
1985-06,1984-85,WA,7794.0,14215.0,1970.0,27327.0,1391237.0,1418564,1.96,5.6,28.5
1985-09,,ACT,768.0,3164.0,1986.0,7187.0,246259.0,253446,2.92,3.12,10.7
1985-09,,AUS,78811.0,124602.0,0.0,211154.0,15628548.0,15839702,1.35,5.04,37.3
1985-09,,NSW,32784.0,40840.0,-10237.0,61718.0,5416536.0,5478254,1.14,6.05,53.1
1985-09,,NT,1200.0,2658.0,657.0,6662.0,143934.0,150596,4.63,8.34,18.0
1985-09,,QLD,8108.0,21661.0,13249.0,47392.0,2535976.0,2583368,1.87,3.2,17.1
1985-09,,SA,4653.0,9034.0,-2375.0,10713.0,1362611.0,1373324,0.79,3.41,43.4
1985-09,,TAS,747.0,3594.0,387.0,4682.0,438866.0,443548,1.07,1.7,16.0
1985-09,,VIC,21610.0,29990.0,-7298.0,43247.0,4086549.0,4129796,1.06,5.29,50.0
1985-09,,WA,8941.0,13661.0,3631.0,29553.0,1397817.0,1427370,2.11,6.4,30.3
1985-12,,ACT,1159.0,3212.0,3187.0,8824.0,247084.0,255908,3.57,4.69,13.1
1985-12,,AUS,89321.0,126077.0,0.0,223284.0,15677282.0,15900566,1.42,5.7,40.0
1985-12,,NSW,37133.0,41080.0,-12232.0,64715.0,5431752.0,5496467,1.19,6.84,57.4
1985-12,,NT,1285.0,2674.0,1026.0,7063.0,145293.0,152356,4.86,8.84,18.2
1985-12,,QLD,9759.0,21798.0,14217.0,50022.0,2547078.0,2597100,1.96,3.83,19.5
1985-12,,SA,4747.0,9295.0,-1899.0,11505.0,1365333.0,1376838,0.84,3.48,41.3
1985-12,,TAS,726.0,3555.0,261.0,4506.0,440070.0,444576,1.02,1.65,16.1
1985-12,,VIC,23938.0,30191.0,-10290.0,42781.0,4097640.0,4140421,1.04,5.84,56.0
1985-12,,WA,10574.0,14272.0,5730.0,33868.0,1403032.0,1436900,2.41,7.54,31.2
1986-03,,ACT,1175.0,3114.0,2894.0,8446.0,248839.0,257285,3.39,4.72,13.9
1986-03,,AUS,93212.0,123590.0,0.0,224833.0,15736665.0,15961498,1.43,5.92,41.5
1986-03,,NSW,38623.0,40208.0,-13140.0,64828.0,5451549.0,5516377,1.19,7.08,59.6
1986-03,,NT,1202.0,2691.0,720.0,6622.0,146662.0,153284,4.52,8.2,18.2
1986-03,,QLD,10411.0,21543.0,14677.0,50753.0,2559452.0,2610205,1.98,4.07,20.5
1986-03,,SA,4830.0,9277.0,-1834.0,11596.0,1368721.0,1380317,0.85,3.53,41.7
1986-03,,TAS,880.0,3324.0,221.0,4399.0,441324.0,445723,1.0,1.99,20.0
1986-03,,VIC,24630.0,29163.0,-11420.0,41312.0,4109741.0,4151053,1.01,5.99,59.6
1986-03,,WA,11461.0,14270.0,7882.0,36877.0,1410377.0,1447254,2.61,8.13,31.1
1986-06,1985-86,ACT,1420.0,3108.0,1783.0,7521.0,251389.0,258910,2.99,5.65,18.9
1986-06,1985-86,AUS,100359.0,123046.0,0.0,230038.0,15788312.0,16018350,1.46,6.36,43.6
1986-06,1985-86,NSW,40922.0,39430.0,-12462.0,67014.0,5464512.0,5531526,1.23,7.49,61.1
1986-06,1985-86,NT,1205.0,2795.0,-493.0,5885.0,148536.0,154421,3.96,8.11,20.5
1986-06,1985-86,QLD,11382.0,21779.0,16500.0,53377.0,2571218.0,2624595,2.08,4.43,21.3
1986-06,1985-86,SA,5084.0,9230.0,-1417.0,11353.0,1371197.0,1382550,0.83,3.71,44.8
1986-06,1985-86,TAS,890.0,3318.0,-138.0,3645.0,442828.0,446473,0.82,2.01,24.4
1986-06,1985-86,VIC,26420.0,29094.0,-13201.0,40788.0,4120068.0,4160856,0.99,6.41,64.8
1986-06,1985-86,WA,13036.0,14292.0,9428.0,40455.0,1418564.0,1459019,2.85,9.19,32.2
1986-09,,ACT,1423.0,3056.0,1746.0,7099.0,253446.0,260545,2.8,5.61,20.0
1986-09,,AUS,106377.0,126089.0,0.0,235339.0,15839702.0,16075041,1.49,6.72,45.2
1986-09,,NSW,43740.0,39899.0,-11389.0,71674.0,5478254.0,5549928,1.31,7.98,61.0
1986-09,,NT,1097.0,2757.0,-817.0,4975.0,150596.0,155571,3.3,7.28,22.1
1986-09,,QLD,12161.0,22624.0,16645.0,53109.0,2583368.0,2636477,2.06,4.71,22.9
1986-09,,SA,5372.0,9626.0,-1852.0,11516.0,1373324.0,1384840,0.84,3.91,46.6
1986-09,,TAS,919.0,3393.0,-83.0,3777.0,443548.0,447325,0.85,2.07,24.3
1986-09,,VIC,27238.0,30067.0,-13642.0,42146.0,4129796.0,4171942,1.02,6.6,64.6
1986-09,,WA,14427.0,14667.0,9392.0,41043.0,1427370.0,1468413,2.88,10.11,35.2
1986-12,,ACT,1526.0,3074.0,1142.0,6280.0,255908.0,262188,2.45,5.96,24.3
1986-12,,AUS,110663.0,128427.0,0.0,238203.0,15900566.0,16138769,1.5,6.96,46.5
1986-12,,NSW,44841.0,42364.0,-9145.0,77784.0,5496467.0,5574251,1.42,8.16,57.6
1986-12,,NT,1057.0,2654.0,-987.0,4222.0,152356.0,156578,2.77,6.94,25.0
1986-12,,QLD,12519.0,22510.0,17007.0,51678.0,2597100.0,2648778,1.99,4.82,24.2
1986-12,,SA,5963.0,9413.0,-2999.0,10661.0,1376838.0,1387499,0.77,4.33,55.9
1986-12,,TAS,1006.0,3496.0,-364.0,3659.0,444576.0,448235,0.82,2.26,27.5
1986-12,,VIC,28238.0,29987.0,-13295.0,43421.0,4140421.0,4183842,1.05,6.82,65.0
1986-12,,WA,15513.0,14929.0,8641.0,40498.0,1436900.0,1477398,2.82,10.8,38.3
1987-03,,ACT,1724.0,3163.0,1679.0,6768.0,257285.0,264053,2.63,6.7,25.5
1987-03,,AUS,119971.0,127219.0,0.0,242543.0,15961498.0,16204041,1.52,7.52,49.5
1987-03,,NSW,49137.0,40574.0,-9905.0,79830.0,5516377.0,5596207,1.45,8.91,61.6
1987-03,,NT,1105.0,2757.0,-429.0,4491.0,153284.0,157775,2.93,7.21,24.6
1987-03,,QLD,12852.0,22554.0,19438.0,52449.0,2610205.0,2662654,2.01,4.92,24.5
1987-03,,SA,6192.0,9431.0,-3702.0,10119.0,1380317.0,1390436,0.73,4.49,61.2
1987-03,,TAS,855.0,3551.0,-1026.0,2874.0,445723.0,448597,0.64,1.92,29.7
1987-03,,VIC,31028.0,30592.0,-13758.0,46361.0,4151053.0,4197414,1.12,7.47,66.9
1987-03,,WA,17078.0,14597.0,7703.0,39651.0,1447254.0,1486905,2.74,11.8,43.1
1987-06,1986-87,ACT,1624.0,3087.0,1940.0,6567.0,258910.0,265477,2.54,6.27,24.7
1987-06,1986-87,AUS,125730.0,126658.0,0.0,245524.0,16018350.0,16263874,1.53,7.85,51.2
1987-06,1986-87,NSW,52693.0,41301.0,-9524.0,85210.0,5531526.0,5616736,1.54,9.53,61.8
1987-06,1986-87,NT,1022.0,2702.0,-120.0,3784.0,154421.0,158205,2.45,6.62,27.0
1987-06,1986-87,QLD,13171.0,21775.0,19718.0,50512.0,2624595.0,2675107,1.92,5.02,26.1
1987-06,1986-87,SA,6200.0,9051.0,-3977.0,10214.0,1382550.0,1392764,0.74,4.48,60.7
1987-06,1986-87,TAS,870.0,3515.0,-1508.0,2753.0,446473.0,449226,0.62,1.95,31.6
1987-06,1986-87,VIC,32836.0,30556.0,-13105.0,49255.0,4160856.0,4210111,1.18,7.89,66.7
1987-06,1986-87,WA,17314.0,14671.0,6576.0,37229.0,1459019.0,1496248,2.55,11.87,46.5
1987-09,,ACT,1863.0,3137.0,1899.0,6830.0,260545.0,267375,2.62,7.15,27.3
1987-09,,AUS,133572.0,127098.0,0.0,253825.0,16075041.0,16328866,1.58,8.31,52.6
1987-09,,NSW,55975.0,42407.0,-9051.0,89971.0,5549928.0,5639899,1.62,10.09,62.2
1987-09,,NT,1074.0,2767.0,-447.0,3571.0,155571.0,159142,2.3,6.9,30.1
1987-09,,QLD,14140.0,21070.0,20511.0,51652.0,2636477.0,2688129,1.96,5.36,27.4
1987-09,,SA,6104.0,8993.0,-2931.0,11107.0,1384840.0,1395947,0.8,4.41,55.0
1987-09,,TAS,953.0,3339.0,-2126.0,2048.0,447325.0,449373,0.46,2.13,46.5
1987-09,,VIC,35603.0,30456.0,-13281.0,51765.0,4171942.0,4223707,1.24,8.53,68.8
1987-09,,WA,17860.0,14929.0,5426.0,36881.0,1468413.0,1505294,2.51,12.16,48.4
1987-12,,ACT,1453.0,3110.0,2090.0,6599.0,262188.0,268787,2.52,5.54,22.0
1987-12,,AUS,136060.0,126638.0,0.0,255872.0,16138769.0,16394641,1.59,8.43,53.2
1987-12,,NSW,58319.0,43904.0,-10795.0,91968.0,5574251.0,5666219,1.65,10.46,63.4
1987-12,,NT,987.0,2853.0,-1552.0,2462.0,156578.0,159040,1.57,6.3,40.1
1987-12,,QLD,15349.0,20504.0,22871.0,54738.0,2648778.0,2703516,2.07,5.79,28.0
1987-12,,SA,5545.0,8704.0,-1731.0,11460.0,1387499.0,1398959,0.83,4.0,48.4
1987-12,,TAS,850.0,3153.0,-2306.0,1585.0,448235.0,449820,0.35,1.9,53.6
1987-12,,VIC,36004.0,29958.0,-13865.0,51103.0,4183842.0,4234945,1.22,8.61,70.5
1987-12,,WA,17553.0,14452.0,5288.0,35957.0,1477398.0,1513355,2.43,11.88,48.8
1988-03,,ACT,1532.0,3158.0,2253.0,6904.0,264053.0,270957,2.61,5.8,22.2
1988-03,,AUS,148264.0,126269.0,0.0,267726.0,16204041.0,16471767,1.65,9.15,55.4
1988-03,,NSW,62075.0,42612.0,-11937.0,93190.0,5596207.0,5689397,1.67,11.09,66.6
1988-03,,NT,1028.0,2645.0,-2660.0,1184.0,157775.0,158959,0.75,6.52,86.8
1988-03,,QLD,18926.0,20639.0,25676.0,61338.0,2662654.0,2723992,2.3,7.11,30.9
1988-03,,SA,5956.0,8390.0,-1396.0,11893.0,1390436.0,1402329,0.86,4.28,50.1
1988-03,,TAS,995.0,3053.0,-1967.0,1975.0,448597.0,450572,0.44,2.22,50.4
1988-03,,VIC,38097.0,30216.0,-14767.0,52571.0,4197414.0,4249985,1.25,9.08,72.5
1988-03,,WA,19655.0,15556.0,4798.0,38671.0,1486905.0,1525576,2.6,13.22,50.8
1988-06,1987-88,ACT,1442.0,3172.0,2062.0,6652.0,265477.0,272129,2.51,5.43,21.7
1988-06,1987-88,AUS,149341.0,125737.0,0.0,268290.0,16263874.0,16532164,1.65,9.18,55.7
1988-06,1987-88,NSW,61490.0,42083.0,-13340.0,90573.0,5616736.0,5707309,1.61,10.95,67.9
1988-06,1987-88,NT,1027.0,2755.0,-3129.0,821.0,158205.0,159026,0.52,6.49,125.1
1988-06,1987-88,QLD,20442.0,20458.0,27720.0,64800.0,2675107.0,2739907,2.42,7.64,31.5
1988-06,1987-88,SA,5952.0,8489.0,-1240.0,12145.0,1392764.0,1404909,0.87,4.27,49.0
1988-06,1987-88,TAS,891.0,3055.0,-1924.0,1922.0,449226.0,451148,0.43,1.98,46.4
1988-06,1987-88,VIC,37252.0,30585.0,-14423.0,52458.0,4210111.0,4262569,1.25,8.85,71.0
1988-06,1987-88,WA,20845.0,15140.0,4274.0,38919.0,1496248.0,1535167,2.6,13.93,53.6
1988-09,,ACT,1374.0,3212.0,1135.0,5712.0,267375.0,273087,2.14,5.14,24.1
1988-09,,AUS,165494.0,125013.0,0.0,283773.0,16328866.0,16612639,1.74,10.14,58.3
1988-09,,NSW,67413.0,41627.0,-18832.0,90432.0,5639899.0,5730331,1.6,11.95,74.5
1988-09,,NT,1013.0,2565.0,-3087.0,662.0,159142.0,159804,0.42,6.37,153.0
1988-09,,QLD,23562.0,20661.0,31762.0,72260.0,2688129.0,2760389,2.69,8.77,32.6
1988-09,,SA,7077.0,8245.0,-1525.0,12758.0,1395947.0,1408705,0.91,5.07,55.5
1988-09,,TAS,884.0,3004.0,-1271.0,2532.0,449373.0,451905,0.56,1.97,34.9
1988-09,,VIC,40026.0,30720.0,-13128.0,56669.0,4223707.0,4280376,1.34,9.48,70.6
1988-09,,WA,24145.0,14979.0,4946.0,42748.0,1505294.0,1548042,2.84,16.04,56.5
1988-12,,ACT,1668.0,3319.0,325.0,5318.0,268787.0,274105,1.98,6.21,31.4
1988-12,,AUS,172794.0,126327.0,0.0,292441.0,16394641.0,16687082,1.78,10.54,59.1
1988-12,,NSW,69241.0,39971.0,-23285.0,86035.0,5666219.0,5752254,1.52,12.22,80.5
1988-12,,NT,1083.0,2563.0,-2324.0,1496.0,159040.0,160536,0.94,6.81,72.4
1988-12,,QLD,24964.0,21758.0,34261.0,77353.0,2703516.0,2780869,2.86,9.23,32.3
1988-12,,SA,7164.0,8465.0,-1243.0,13364.0,1398959.0,1412323,0.96,5.12,53.6
1988-12,,TAS,862.0,3232.0,-1063.0,2961.0,449820.0,452781,0.66,1.92,29.1
1988-12,,VIC,41788.0,31408.0,-11899.0,60355.0,4234945.0,4295300,1.43,9.87,69.2
1988-12,,WA,26024.0,15611.0,5228.0,45559.0,1513355.0,1558914,3.01,17.2,57.1
1989-03,,ACT,1319.0,3335.0,235.0,4910.0,270957.0,275867,1.81,4.87,26.9
1989-03,,AUS,168520.0,130381.0,0.0,292275.0,16471767.0,16764042,1.77,10.23,57.7
1989-03,,NSW,67260.0,43669.0,-30598.0,80323.0,5689397.0,5769720,1.41,11.82,83.7
1989-03,,NT,1109.0,2494.0,-1689.0,2091.0,158959.0,161050,1.32,6.98,53.0
1989-03,,QLD,23958.0,21939.0,40491.0,82853.0,2723992.0,2806845,3.04,8.8,28.9
1989-03,,SA,7031.0,8794.0,-211.0,14609.0,1402329.0,1416938,1.04,5.01,48.1
1989-03,,TAS,791.0,3246.0,-622.0,3360.0,450572.0,453932,0.75,1.76,23.5
1989-03,,VIC,41171.0,31958.0,-12201.0,59993.0,4249985.0,4309978,1.41,9.69,68.6
1989-03,,WA,25881.0,14946.0,4595.0,44136.0,1525576.0,1569712,2.89,16.96,58.6
1989-06,1988-89,ACT,1080.0,3301.0,-114.0,4303.0,272129.0,276432,1.58,3.97,25.1
1989-06,1988-89,AUS,157436.0,131388.0,0.0,282252.0,16532164.0,16814416,1.71,9.52,55.8
1989-06,1988-89,NSW,62636.0,44436.0,-37974.0,68974.0,5707309.0,5776283,1.21,10.97,90.8
1989-06,1988-89,NT,944.0,2498.0,-1469.0,2153.0,159026.0,161179,1.35,5.94,43.8
1989-06,1988-89,QLD,21776.0,22332.0,47062.0,87730.0,2739907.0,2827637,3.2,7.95,24.8
1989-06,1988-89,SA,6665.0,8664.0,-221.0,14120.0,1404909.0,1419029,1.01,4.74,47.2
1989-06,1988-89,TAS,756.0,3191.0,203.0,4110.0,451148.0,455258,0.91,1.68,18.4
1989-06,1988-89,VIC,39414.0,31613.0,-12504.0,57595.0,4262569.0,4320164,1.35,9.25,68.4
1989-06,1988-89,WA,24165.0,15353.0,5017.0,43267.0,1535167.0,1578434,2.82,15.74,55.9
1989-09,,ACT,814.0,3265.0,262.0,4383.0,273087.0,277470,1.6,2.98,18.6
1989-09,,AUS,138037.0,127877.0,0.0,259399.0,16612639.0,16872038,1.56,8.31,53.2
1989-09,,NSW,55233.0,41091.0,-40906.0,55294.0,5730331.0,5785625,0.96,9.64,99.9
1989-09,,NT,894.0,2549.0,-1732.0,1870.0,159804.0,161674,1.17,5.59,47.8
1989-09,,QLD,18293.0,22387.0,49359.0,86656.0,2760389.0,2847045,3.14,6.63,21.1
1989-09,,SA,5582.0,8367.0,-58.0,12966.0,1408705.0,1421671,0.92,3.96,43.1
1989-09,,TAS,631.0,3239.0,1078.0,4925.0,451905.0,456830,1.09,1.4,12.8
1989-09,,VIC,35510.0,31477.0,-12768.0,53161.0,4280376.0,4333537,1.24,8.3,66.8
1989-09,,WA,21080.0,15502.0,4765.0,40144.0,1548042.0,1588186,2.59,13.62,52.5
1989-12,,ACT,746.0,3157.0,1163.0,5114.0,274105.0,279219,1.87,2.72,14.6
1989-12,,AUS,129478.0,126621.0,0.0,249641.0,16687082.0,16936723,1.5,7.76,51.9
1989-12,,NSW,52694.0,40730.0,-42475.0,50825.0,5752254.0,5803079,0.88,9.16,103.7
1989-12,,NT,832.0,2592.0,-2001.0,1561.0,160536.0,162097,0.97,5.18,53.3
1989-12,,QLD,15866.0,21626.0,48972.0,83138.0,2780869.0,2864007,2.99,5.71,19.1
1989-12,,SA,5798.0,8262.0,-60.0,13138.0,1412323.0,1425461,0.93,4.11,44.1
1989-12,,TAS,756.0,3123.0,1756.0,5629.0,452781.0,458410,1.24,1.67,13.4
1989-12,,VIC,34057.0,31623.0,-11567.0,52925.0,4295300.0,4348225,1.23,7.93,64.3
1989-12,,WA,18729.0,15508.0,4212.0,37311.0,1558914.0,1596225,2.39,12.01,50.2
1990-03,,ACT,884.0,3269.0,585.0,4792.0,275867.0,280659,1.74,3.2,18.4
1990-03,,AUS,121140.0,126855.0,0.0,241594.0,16764042.0,17005636,1.44,7.23,50.1
1990-03,,NSW,49947.0,38625.0,-40017.0,48431.0,5769720.0,5818151,0.84,8.66,103.1
1990-03,,NT,730.0,2686.0,-2045.0,1488.0,161050.0,162538,0.92,4.53,49.1
1990-03,,QLD,13266.0,22516.0,44812.0,77325.0,2806845.0,2884170,2.75,4.73,17.2
1990-03,,SA,5630.0,8138.0,-366.0,12603.0,1416938.0,1429541,0.89,3.97,44.7
1990-03,,TAS,730.0,3252.0,2145.0,6138.0,453932.0,460070,1.35,1.61,11.9
1990-03,,VIC,33092.0,32377.0,-9581.0,54570.0,4309978.0,4364548,1.27,7.68,60.6
1990-03,,WA,16861.0,15992.0,4467.0,36247.0,1569712.0,1605959,2.31,10.74,46.5
1990-06,1989-90,ACT,1015.0,3374.0,1330.0,5779.0,276432.0,282211,2.09,3.67,17.6
1990-06,1989-90,AUS,124647.0,132409.0,0.0,250712.0,16814416.0,17065128,1.49,7.41,49.7
1990-06,1989-90,NSW,52199.0,41646.0,-35983.0,57738.0,5776283.0,5834021,1.0,9.04,90.4
1990-06,1989-90,NT,918.0,2705.0,-1170.0,2549.0,161179.0,163728,1.58,5.7,36.0
1990-06,1989-90,QLD,13142.0,23614.0,38102.0,71646.0,2827637.0,2899283,2.53,4.65,18.3
1990-06,1989-90,SA,5762.0,8253.0,-252.0,13027.0,1419029.0,1432056,0.92,4.06,44.2
1990-06,1989-90,TAS,760.0,3352.0,2790.0,6930.0,455258.0,462188,1.52,1.67,11.0
1990-06,1989-90,VIC,34013.0,33692.0,-7829.0,58428.0,4320164.0,4378592,1.35,7.87,58.2
1990-06,1989-90,WA,16838.0,15773.0,3012.0,34615.0,1578434.0,1613049,2.19,10.67,48.6
1990-09,,ACT,1028.0,3296.0,1790.0,6201.0,277470.0,283671,2.23,3.7,16.6
1990-09,,AUS,115315.0,140287.0,0.0,249094.0,16872038.0,17121132,1.48,6.83,46.3
1990-09,,NSW,48756.0,46277.0,-30697.0,63909.0,5785625.0,5849534,1.1,8.43,76.3
1990-09,,NT,920.0,2861.0,-1096.0,2718.0,161674.0,164392,1.68,5.69,33.8
1990-09,,QLD,11714.0,24727.0,32988.0,66493.0,2847045.0,2913538,2.34,4.11,17.6
1990-09,,SA,5424.0,8761.0,364.0,13826.0,1421671.0,1435497,0.97,3.82,39.2
1990-09,,TAS,717.0,3315.0,2521.0,6639.0,456830.0,463469,1.45,1.57,10.8
1990-09,,VIC,31939.0,35048.0,-7811.0,57646.0,4333537.0,4391183,1.33,7.37,55.4
1990-09,,WA,14817.0,16002.0,1941.0,31662.0,1588186.0,1619848,1.99,9.33,46.8
1990-12,,ACT,542.0,3355.0,1782.0,5793.0,279219.0,285012,2.07,1.94,9.4
1990-12,,AUS,97131.0,142586.0,0.0,233045.0,16936723.0,17169768,1.38,5.73,41.7
1990-12,,NSW,41350.0,46721.0,-27923.0,59418.0,5803079.0,5862497,1.02,7.13,69.6
1990-12,,NT,842.0,2775.0,-637.0,2950.0,162097.0,165047,1.82,5.19,28.5
1990-12,,QLD,9270.0,25547.0,32549.0,64706.0,2864007.0,2928713,2.26,3.24,14.3
1990-12,,SA,4691.0,8925.0,515.0,13421.0,1425461.0,1438882,0.94,3.29,35.0
1990-12,,TAS,467.0,3330.0,2169.0,6110.0,458410.0,464520,1.33,1.02,7.6
1990-12,,VIC,27163.0,35984.0,-9053.0,52482.0,4348225.0,4400707,1.21,6.25,51.8
1990-12,,WA,12806.0,15949.0,598.0,28165.0,1596225.0,1624390,1.76,8.02,45.5
1991-03,,ACT,541.0,3313.0,2646.0,6641.0,280659.0,287300,2.37,1.93,8.1
1991-03,,AUS,95598.0,143026.0,0.0,231788.0,17005636.0,17237424,1.36,5.62,41.2
1991-03,,NSW,40381.0,48160.0,-22411.0,65097.0,5818151.0,5883248,1.12,6.94,62.0
1991-03,,NT,777.0,2806.0,-672.0,2818.0,162538.0,165356,1.73,4.78,27.6
1991-03,,QLD,10315.0,25162.0,30249.0,63342.0,2884170.0,2947512,2.2,3.58,16.3
1991-03,,SA,4691.0,9013.0,823.0,13830.0,1429541.0,1443371,0.97,3.28,33.9
1991-03,,TAS,501.0,3254.0,1843.0,5800.0,460070.0,465870,1.26,1.09,8.6
1991-03,,VIC,26273.0,35532.0,-11249.0,48862.0,4364548.0,4413410,1.12,6.02,53.8
1991-03,,WA,12119.0,15786.0,-1229.0,25398.0,1605959.0,1631357,1.58,7.55,47.7
1991-06,1990-91,ACT,427.0,3463.0,2932.0,7109.0,282211.0,289320,2.52,1.51,6.0
1991-06,1990-91,AUS,86432.0,141586.0,0.0,218908.0,17065128.0,17284036,1.28,5.06,39.5
1991-06,1990-91,NSW,36496.0,47092.0,-17206.0,64710.0,5834021.0,5898731,1.11,6.26,56.4
1991-06,1990-91,NT,621.0,2843.0,-1152.0,1765.0,163728.0,165493,1.08,3.79,35.2
1991-06,1990-91,QLD,9743.0,25047.0,29709.0,61668.0,2899283.0,2960951,2.13,3.36,15.8
1991-06,1990-91,SA,4619.0,8767.0,1545.0,14243.0,1432056.0,1446299,0.99,3.23,32.4
1991-06,1990-91,TAS,408.0,3260.0,816.0,4614.0,462188.0,466802,1.0,0.88,8.8
1991-06,1990-91,VIC,23513.0,34950.0,-14853.0,41781.0,4378592.0,4420373,0.95,5.37,56.3
1991-06,1990-91,WA,10605.0,16164.0,-1791.0,23018.0,1613049.0,1636067,1.43,6.57,46.1
1991-09,,ACT,313.0,3583.0,2516.0,6846.0,283671.0,290517,2.41,1.1,4.6
1991-09,,AUS,87388.0,140899.0,0.0,217727.0,17121132.0,17338859,1.27,5.1,40.1
1991-09,,NSW,37356.0,47279.0,-15054.0,67180.0,5849534.0,5916714,1.15,6.39,55.6
1991-09,,NT,563.0,2764.0,-730.0,2324.0,164392.0,166716,1.41,3.42,24.2
1991-09,,QLD,10357.0,24965.0,30918.0,62446.0,2913538.0,2975984,2.14,3.55,16.6
1991-09,,SA,4554.0,8677.0,1255.0,13540.0,1435497.0,1449037,0.94,3.17,33.6
1991-09,,TAS,343.0,3311.0,495.0,4267.0,463469.0,467736,0.92,0.74,8.0
1991-09,,VIC,23266.0,34409.0,-17157.0,38226.0,4391183.0,4429409,0.87,5.3,60.9
1991-09,,WA,10636.0,15911.0,-2243.0,22898.0,1619848.0,1642746,1.41,6.57,46.4
1991-12,,ACT,337.0,3686.0,1919.0,6511.0,285012.0,291523,2.28,1.18,5.2
1991-12,,AUS,81669.0,139554.0,0.0,209213.0,17169768.0,17378981,1.22,4.76,39.0
1991-12,,NSW,35141.0,45951.0,-12384.0,65575.0,5862497.0,5928072,1.12,5.99,53.6
1991-12,,NT,405.0,2791.0,-1198.0,1996.0,165047.0,167043,1.21,2.45,20.3
1991-12,,QLD,10179.0,25341.0,30963.0,61728.0,2928713.0,2990441,2.11,3.48,16.5
1991-12,,SA,4015.0,8519.0,643.0,11980.0,1438882.0,1450862,0.83,2.79,33.5
1991-12,,TAS,286.0,3269.0,371.0,4029.0,464520.0,468549,0.87,0.62,7.1
1991-12,,VIC,21478.0,34100.0,-18455.0,34376.0,4400707.0,4435083,0.78,4.88,62.5
1991-12,,WA,9828.0,15897.0,-1859.0,23018.0,1624390.0,1647408,1.42,6.05,42.7
1992-03,,ACT,145.0,3625.0,1704.0,6184.0,287300.0,293484,2.15,0.5,2.3
1992-03,,AUS,75624.0,141698.0,0.0,203863.0,17237424.0,17441287,1.18,4.39,37.1
1992-03,,NSW,33706.0,47477.0,-14176.0,63138.0,5883248.0,5946386,1.07,5.73,53.4
1992-03,,NT,350.0,2857.0,-717.0,2761.0,165356.0,168117,1.67,2.12,12.7
1992-03,,QLD,9388.0,26010.0,33124.0,62810.0,2947512.0,3010322,2.13,3.19,14.9
1992-03,,SA,3602.0,8518.0,118.0,10789.0,1443371.0,1454160,0.75,2.5,33.4
1992-03,,TAS,74.0,3340.0,62.0,3563.0,465870.0,469433,0.76,0.16,2.1
1992-03,,VIC,19883.0,34127.0,-19074.0,31731.0,4413410.0,4445141,0.72,4.51,62.7
1992-03,,WA,8476.0,15744.0,-1041.0,22887.0,1631357.0,1654244,1.4,5.2,37.0
1992-06,1991-92,ACT,28.0,3445.0,1365.0,5567.0,289320.0,294887,1.92,0.1,0.5
1992-06,1991-92,AUS,68580.0,138817.0,0.0,194599.0,17284036.0,17478635,1.13,3.97,35.2
1992-06,1991-92,NSW,31178.0,45990.0,-13807.0,59091.0,5898731.0,5957822,1.0,5.29,52.8
1992-06,1991-92,NT,164.0,2926.0,-969.0,3053.0,165493.0,168546,1.84,0.99,5.4
1992-06,1991-92,QLD,8250.0,25846.0,34099.0,62247.0,2960951.0,3023198,2.1,2.79,13.3
1992-06,1991-92,SA,2897.0,8595.0,-658.0,9143.0,1446299.0,1455442,0.63,2.0,31.7
1992-06,1991-92,TAS,36.0,3226.0,-289.0,3177.0,466802.0,469979,0.68,0.08,1.1
1992-06,1991-92,VIC,18362.0,33519.0,-18427.0,29844.0,4420373.0,4450217,0.68,4.15,61.5
1992-06,1991-92,WA,7665.0,15270.0,-1314.0,22477.0,1636067.0,1658544,1.37,4.69,34.1
1992-09,,ACT,-120.0,3512.0,1460.0,5570.0,290517.0,296087,1.92,-0.41,-2.2
1992-09,,AUS,57861.0,139436.0,0.0,184444.0,17338859.0,17523303,1.06,3.34,31.4
1992-09,,NSW,26092.0,46514.0,-14225.0,54040.0,5916714.0,5970754,0.91,4.41,48.3
1992-09,,NT,35.0,2906.0,-1490.0,2385.0,166716.0,169101,1.43,0.21,1.5
1992-09,,QLD,7209.0,25723.0,38182.0,65165.0,2975984.0,3041149,2.19,2.42,11.1
1992-09,,SA,2428.0,8520.0,-2138.0,7141.0,1449037.0,1456178,0.49,1.68,34.0
1992-09,,TAS,80.0,3210.0,-797.0,2707.0,467736.0,470443,0.58,0.17,3.0
1992-09,,VIC,15639.0,33814.0,-20397.0,25427.0,4429409.0,4454836,0.57,3.53,61.5
1992-09,,WA,6498.0,15237.0,-595.0,22009.0,1642746.0,1664755,1.34,3.96,29.5
1992-12,,ACT,-237.0,3386.0,1124.0,4996.0,291523.0,296519,1.71,-0.81,-4.7
1992-12,,AUS,51358.0,139703.0,0.0,178152.0,17378981.0,17557133,1.03,2.96,28.8
1992-12,,NSW,23144.0,46780.0,-15756.0,49751.0,5928072.0,5977823,0.84,3.9,46.5
1992-12,,NT,79.0,2968.0,-609.0,3377.0,167043.0,170420,2.02,0.47,2.3
1992-12,,QLD,6284.0,25938.0,40424.0,66697.0,2990441.0,3057138,2.23,2.1,9.4
1992-12,,SA,2135.0,8513.0,-2623.0,6379.0,1450862.0,1457241,0.44,1.47,33.5
1992-12,,TAS,40.0,3254.0,-811.0,2709.0,468549.0,471258,0.58,0.09,1.5
1992-12,,VIC,13988.0,33819.0,-21011.0,23136.0,4435083.0,4458219,0.52,3.15,60.5
1992-12,,WA,5925.0,15045.0,-738.0,21107.0,1647408.0,1668515,1.28,3.6,28.1
1993-03,,ACT,-375.0,3384.0,1991.0,5720.0,293484.0,299204,1.95,-1.28,-6.6
1993-03,,AUS,42788.0,138443.0,0.0,168265.0,17441287.0,17609552,0.96,2.45,25.4
1993-03,,NSW,18513.0,46391.0,-16376.0,44038.0,5946386.0,5990424,0.74,3.11,42.0
1993-03,,NT,19.0,2973.0,-735.0,3202.0,168117.0,171319,1.9,0.11,0.6
1993-03,,QLD,5469.0,25949.0,45549.0,71009.0,3010322.0,3081331,2.36,1.82,7.7
1993-03,,SA,1953.0,8218.0,-4809.0,3735.0,1454160.0,1457895,0.26,1.34,52.3
1993-03,,TAS,162.0,3155.0,-1128.0,2431.0,469433.0,471864,0.52,0.35,6.7
1993-03,,VIC,11129.0,33472.0,-22795.0,18124.0,4445141.0,4463265,0.41,2.5,61.4
1993-03,,WA,5918.0,14901.0,-1697.0,20006.0,1654244.0,1674250,1.21,3.58,29.6
1993-06,1992-93,ACT,-603.0,3438.0,1316.0,4866.0,294887.0,299753,1.65,-2.04,-12.4
1993-06,1992-93,AUS,30042.0,139156.0,0.0,156173.0,17478635.0,17634808,0.89,1.72,19.2
1993-06,1992-93,NSW,12628.0,46701.0,-17535.0,37233.0,5957822.0,5995055,0.62,2.12,33.9
1993-06,1992-93,NT,44.0,2857.0,-699.0,3162.0,168546.0,171708,1.88,0.26,1.4
1993-06,1992-93,QLD,3719.0,26069.0,49162.0,72987.0,3023198.0,3096185,2.41,1.23,5.1
1993-06,1992-93,SA,1546.0,8468.0,-5210.0,3190.0,1455442.0,1458632,0.22,1.06,48.5
1993-06,1992-93,TAS,103.0,3138.0,-1494.0,2008.0,469979.0,471987,0.43,0.22,5.1
1993-06,1992-93,VIC,7965.0,33681.0,-25388.0,12549.0,4450217.0,4462766,0.28,1.79,63.5
1993-06,1992-93,WA,4640.0,14804.0,-152.0,20178.0,1658544.0,1678722,1.22,2.8,23.0
1993-09,,ACT,-468.0,3342.0,1097.0,3943.0,296087.0,300030,1.33,-1.58,-11.9
1993-09,,AUS,32750.0,138832.0,0.0,160410.0,17523303.0,17683713,0.92,1.87,20.4
1993-09,,NSW,14327.0,46316.0,-17126.0,38905.0,5970754.0,6009659,0.65,2.4,36.8
1993-09,,NT,79.0,2877.0,-142.0,3783.0,169101.0,172884,2.24,0.47,2.1
1993-09,,QLD,3935.0,26766.0,49962.0,74694.0,3041149.0,3115843,2.46,1.29,5.3
1993-09,,SA,1849.0,8545.0,-4672.0,4128.0,1456178.0,1460306,0.28,1.27,44.8
1993-09,,TAS,107.0,3176.0,-1428.0,2131.0,470443.0,472574,0.45,0.23,5.0
1993-09,,VIC,7875.0,33187.0,-27365.0,9958.0,4454836.0,4464794,0.22,1.77,79.1
1993-09,,WA,5046.0,14609.0,-326.0,20217.0,1664755.0,1684972,1.21,3.03,25.0
1993-12,,ACT,-592.0,3305.0,1281.0,3971.0,296519.0,300490,1.34,-2.0,-14.9
1993-12,,AUS,34822.0,138339.0,0.0,161957.0,17557133.0,17719090,0.92,1.98,21.5
1993-12,,NSW,15636.0,46144.0,-14771.0,42348.0,5977823.0,6020171,0.71,2.62,36.9
1993-12,,NT,108.0,2897.0,-819.0,3170.0,170420.0,173590,1.86,0.63,3.4
1993-12,,QLD,4166.0,26843.0,48816.0,73848.0,3057138.0,3130986,2.42,1.36,5.6
1993-12,,SA,1828.0,8283.0,-4661.0,3861.0,1457241.0,1461102,0.26,1.25,47.3
1993-12,,TAS,119.0,3184.0,-1874.0,1725.0,471258.0,472983,0.37,0.25,6.9
1993-12,,VIC,7997.0,33017.0,-28718.0,8519.0,4458219.0,4466738,0.19,1.79,93.9
1993-12,,WA,5560.0,14644.0,746.0,21833.0,1668515.0,1690348,1.31,3.33,25.5
1994-03,,ACT,-668.0,3308.0,-413.0,2209.0,299204.0,301413,0.74,-2.23,-30.2
1994-03,,AUS,35859.0,137900.0,0.0,162526.0,17609552.0,17772078,0.92,2.04,22.1
1994-03,,NSW,16921.0,45778.0,-11317.0,46672.0,5990424.0,6037096,0.78,2.82,36.3
1994-03,,NT,86.0,2899.0,-1062.0,2918.0,171319.0,174237,1.7,0.5,2.9
1994-03,,QLD,3969.0,26589.0,45456.0,70034.0,3081331.0,3151365,2.27,1.29,5.7
1994-03,,SA,1782.0,8427.0,-3970.0,4662.0,1457895.0,1462557,0.32,1.22,38.2
1994-03,,TAS,55.0,3178.0,-2265.0,1279.0,471864.0,473143,0.27,0.12,4.3
1994-03,,VIC,8061.0,33029.0,-29523.0,7745.0,4463265.0,4471010,0.17,1.81,104.1
1994-03,,WA,5653.0,14658.0,3094.0,24284.0,1674250.0,1698534,1.45,3.38,23.3
1994-06,1993-94,ACT,-418.0,3290.0,-426.0,2441.0,299753.0,302194,0.81,-1.39,-17.1
1994-06,1993-94,AUS,46549.0,135367.0,0.0,170660.0,17634808.0,17805468,0.97,2.64,27.3
1994-06,1993-94,NSW,21929.0,44773.0,-12180.0,49764.0,5995055.0,6044819,0.83,3.66,44.1
1994-06,1993-94,NT,195.0,2880.0,-875.0,3200.0,171708.0,174908,1.86,1.14,6.1
1994-06,1993-94,QLD,5241.0,26185.0,44936.0,70381.0,3096185.0,3166566,2.27,1.69,7.4
1994-06,1993-94,SA,1994.0,8007.0,-3978.0,4457.0,1458632.0,1463089,0.31,1.37,44.7
1994-06,1993-94,TAS,192.0,3116.0,-2107.0,1512.0,471987.0,473499,0.32,0.41,12.7
1994-06,1993-94,VIC,10698.0,32578.0,-29195.0,10223.0,4462766.0,4472989,0.23,2.4,104.6
1994-06,1993-94,WA,6718.0,14499.0,3825.0,25927.0,1678722.0,1704649,1.54,4.0,25.9
1994-09,,ACT,-299.0,3324.0,-669.0,3104.0,300030.0,303134,1.03,-1.0,-9.6
1994-09,,AUS,56515.0,132153.0,0.0,175544.0,17683713.0,17859257,0.99,3.2,32.2
1994-09,,NSW,26176.0,43592.0,-11594.0,53399.0,6009659.0,6063058,0.89,4.36,49.0
1994-09,,NT,344.0,2834.0,-1520.0,2659.0,172884.0,175543,1.54,1.99,12.9
1994-09,,QLD,6987.0,25298.0,42008.0,68305.0,3115843.0,3184148,2.19,2.24,10.2
1994-09,,SA,1994.0,7669.0,-4696.0,3408.0,1460306.0,1463714,0.23,1.37,58.5
1994-09,,TAS,268.0,2972.0,-2165.0,1398.0,472574.0,473972,0.3,0.57,19.2
1994-09,,VIC,12985.0,31803.0,-26316.0,14584.0,4464794.0,4479378,0.33,2.91,89.0
1994-09,,WA,8060.0,14628.0,4952.0,28548.0,1684972.0,1713520,1.69,4.78,28.2
1994-12,,ACT,-472.0,3259.0,-743.0,2799.0,300490.0,303289,0.93,-1.57,-16.9
1994-12,,AUS,55506.0,131945.0,0.0,174343.0,17719090.0,17893433,0.98,3.13,31.8
1994-12,,NSW,25579.0,43275.0,-12357.0,51701.0,6020171.0,6071872,0.86,4.25,49.5
1994-12,,NT,315.0,2801.0,-938.0,3171.0,173590.0,176761,1.83,1.81,9.9
1994-12,,QLD,6709.0,25366.0,41819.0,67891.0,3130986.0,3198877,2.17,2.14,9.9
1994-12,,SA,1869.0,7801.0,-5254.0,2875.0,1461102.0,1463977,0.2,1.28,65.0
1994-12,,TAS,212.0,2974.0,-2428.0,1093.0,472983.0,474076,0.23,0.45,19.4
1994-12,,VIC,13333.0,31786.0,-24750.0,16467.0,4466738.0,4483205,0.37,2.98,81.0
1994-12,,WA,7961.0,14649.0,4651.0,28201.0,1690348.0,1718549,1.67,4.71,28.2
1995-03,,ACT,-205.0,3255.0,170.0,3975.0,301413.0,305388,1.32,-0.68,-5.2
1995-03,,AUS,60663.0,131908.0,0.0,179472.0,17772078.0,17951550,1.01,3.41,33.8
1995-03,,NSW,27258.0,42832.0,-14474.0,50814.0,6037096.0,6087910,0.84,4.52,53.6
1995-03,,NT,354.0,2861.0,265.0,4455.0,174237.0,178692,2.56,2.03,7.9
1995-03,,QLD,7479.0,25806.0,39685.0,66949.0,3151365.0,3218314,2.12,2.37,11.2
1995-03,,SA,1913.0,7848.0,-6023.0,2206.0,1462557.0,1464763,0.15,1.31,86.7
1995-03,,TAS,284.0,2942.0,-2312.0,1268.0,473143.0,474411,0.27,0.6,22.4
1995-03,,VIC,15302.0,31464.0,-22564.0,20279.0,4471010.0,4491289,0.45,3.42,75.5
1995-03,,WA,8278.0,14863.0,5253.0,29373.0,1698534.0,1727907,1.73,4.87,28.2
1995-06,1994-95,ACT,130.0,3250.0,-486.0,3644.0,302194.0,305838,1.21,0.43,3.6
1995-06,1994-95,AUS,80125.0,132383.0,0.0,199414.0,17805468.0,18004882,1.12,4.5,40.2
1995-06,1994-95,NSW,35952.0,43083.0,-13478.0,60741.0,6044819.0,6105560,1.0,5.95,59.2
1995-06,1994-95,NT,467.0,2882.0,384.0,4694.0,174908.0,179602,2.68,2.67,9.9
1995-06,1994-95,QLD,10580.0,26054.0,40224.0,70814.0,3166566.0,3237380,2.24,3.34,14.9
1995-06,1994-95,SA,2883.0,7953.0,-7069.0,2251.0,1463089.0,1465340,0.15,1.97,128.1
1995-06,1994-95,TAS,310.0,2976.0,-2656.0,1016.0,473499.0,474515,0.21,0.65,30.5
1995-06,1994-95,VIC,19295.0,31348.0,-22020.0,24671.0,4472989.0,4497660,0.55,4.31,78.2
1995-06,1994-95,WA,10508.0,14794.0,5101.0,31417.0,1704649.0,1736066,1.84,6.16,33.4
1995-09,,ACT,107.0,3230.0,-394.0,3746.0,303134.0,306880,1.24,0.35,2.9
1995-09,,AUS,81500.0,133430.0,0.0,202919.0,17859257.0,18062176,1.14,4.56,40.2
1995-09,,NSW,36380.0,43201.0,-13593.0,61590.0,6063058.0,6124648,1.02,6.0,59.1
1995-09,,NT,440.0,2994.0,715.0,5155.0,175543.0,180698,2.94,2.51,8.5
1995-09,,QLD,10583.0,26686.0,39528.0,70969.0,3184148.0,3255117,2.23,3.32,14.9
1995-09,,SA,2970.0,8220.0,-7709.0,2045.0,1463714.0,1465759,0.14,2.03,145.2
1995-09,,TAS,278.0,3073.0,-2870.0,969.0,473972.0,474941,0.2,0.59,28.7
1995-09,,VIC,20146.0,31263.0,-20414.0,27008.0,4479378.0,4506386,0.6,4.5,74.6
1995-09,,WA,10596.0,14721.0,4737.0,31268.0,1713520.0,1744788,1.82,6.18,33.9
1995-12,,ACT,778.0,3278.0,-1179.0,3733.0,303289.0,307022,1.23,2.57,20.8
1995-12,,AUS,106864.0,130244.0,0.0,226183.0,17893433.0,18119616,1.26,5.97,47.2
1995-12,,NSW,48162.0,42353.0,-14441.0,72099.0,6071872.0,6143971,1.19,7.93,66.8
1995-12,,NT,672.0,2927.0,1416.0,6068.0,176761.0,182829,3.43,3.8,11.1
1995-12,,QLD,13710.0,26287.0,38472.0,72866.0,3198877.0,3271743,2.28,4.29,18.8
1995-12,,SA,3912.0,7931.0,-7845.0,2628.0,1463977.0,1466605,0.18,2.67,148.9
1995-12,,TAS,406.0,2811.0,-2731.0,1072.0,474076.0,475148,0.23,0.86,37.9
1995-12,,VIC,26176.0,30195.0,-18205.0,34148.0,4483205.0,4517353,0.76,5.84,76.7
1995-12,,WA,13048.0,14414.0,4513.0,33384.0,1718549.0,1751933,1.94,7.59,39.1
1996-03,,ACT,383.0,3189.0,-1371.0,3124.0,305388.0,308512,1.02,1.25,12.3
1996-03,,AUS,107310.0,126959.0,0.0,224436.0,17951550.0,18175986,1.25,5.98,47.8
1996-03,,NSW,49558.0,41424.0,-15516.0,71896.0,6087910.0,6159806,1.18,8.14,68.9
1996-03,,NT,616.0,2842.0,592.0,5167.0,178692.0,183859,2.89,3.45,11.9
1996-03,,QLD,13563.0,25702.0,37308.0,71193.0,3218314.0,3289507,2.21,4.21,19.1
1996-03,,SA,3865.0,7703.0,-7096.0,3180.0,1464763.0,1467943,0.22,2.64,121.5
1996-03,,TAS,331.0,2732.0,-2869.0,871.0,474411.0,475282,0.18,0.7,38.0
1996-03,,VIC,26033.0,29344.0,-15051.0,36284.0,4491289.0,4527573,0.81,5.8,71.7
1996-03,,WA,12961.0,13980.0,4003.0,32538.0,1727907.0,1760445,1.88,7.5,39.8
1996-06,1995-96,ACT,390.0,3062.0,-656.0,3791.0,305838.0,309629,1.24,1.28,10.3
1996-06,1995-96,AUS,104137.0,124484.0,0.0,219885.0,18004882.0,18224767,1.22,5.78,47.4
1996-06,1995-96,NSW,48045.0,40784.0,-14770.0,70901.0,6105560.0,6176461,1.16,7.87,67.8
1996-06,1995-96,NT,569.0,2829.0,328.0,4914.0,179602.0,184516,2.74,3.17,11.6
1996-06,1995-96,QLD,13051.0,25301.0,32614.0,65812.0,3237380.0,3303192,2.03,4.03,19.8
1996-06,1995-96,SA,3653.0,7500.0,-6192.0,3739.0,1465340.0,1469079,0.26,2.49,97.7
1996-06,1995-96,TAS,398.0,2521.0,-2590.0,1090.0,474515.0,475605,0.23,0.84,36.5
1996-06,1995-96,VIC,25692.0,28500.0,-12800.0,37324.0,4497660.0,4534984,0.83,5.71,68.8
1996-06,1995-96,WA,12339.0,13953.0,4066.0,32140.0,1736066.0,1768206,1.85,7.11,38.4
1996-09,,ACT,376.0,3040.0,-927.0,3347.0,306880.0,310227,1.09,1.23,11.2
1996-09,,AUS,107282.0,122343.0,0.0,219147.0,18062176.0,18281323,1.21,5.94,49.0
1996-09,,NSW,49230.0,40409.0,-15644.0,71603.0,6124648.0,6196251,1.17,8.04,68.8
1996-09,,NT,652.0,2767.0,1163.0,5531.0,180698.0,186229,3.06,3.61,11.8
1996-09,,QLD,13731.0,24628.0,30380.0,63482.0,3255117.0,3318599,1.95,4.22,21.6
1996-09,,SA,3698.0,7093.0,-5257.0,4575.0,1465759.0,1470334,0.31,2.52,80.8
1996-09,,TAS,419.0,2440.0,-2617.0,790.0,474941.0,475731,0.17,0.88,53.0
1996-09,,VIC,26524.0,28233.0,-11318.0,38094.0,4506386.0,4544480,0.85,5.89,69.6
1996-09,,WA,12655.0,13697.0,4232.0,31666.0,1744788.0,1776454,1.81,7.25,40.0
1996-12,,ACT,133.0,3033.0,-247.0,3633.0,307022.0,310655,1.18,0.43,3.7
1996-12,,AUS,97444.0,125240.0,0.0,210463.0,18119616.0,18330079,1.16,5.38,46.3
1996-12,,NSW,44330.0,42255.0,-14379.0,70577.0,6143971.0,6214548,1.15,7.22,62.8
1996-12,,NT,573.0,2770.0,460.0,4513.0,182829.0,187342,2.47,3.13,12.7
1996-12,,QLD,12710.0,24695.0,26803.0,58836.0,3271743.0,3330579,1.8,3.88,21.6
1996-12,,SA,3476.0,7220.0,-4619.0,5392.0,1466605.0,1471997,0.37,2.37,64.5
1996-12,,TAS,455.0,2511.0,-2922.0,381.0,475148.0,475529,0.08,0.96,119.4
1996-12,,VIC,23432.0,28735.0,-9981.0,35551.0,4517353.0,4552904,0.79,5.19,65.9
1996-12,,WA,12340.0,13980.0,4909.0,31623.0,1751933.0,1783556,1.81,7.04,39.0
1997-03,,ACT,223.0,2986.0,-1372.0,2398.0,308512.0,310910,0.78,0.72,9.3
1997-03,,AUS,101656.0,125033.0,0.0,212724.0,18175986.0,18388710,1.17,5.59,47.8
1997-03,,NSW,44292.0,42443.0,-11376.0,74497.0,6159806.0,6234303,1.21,7.19,59.5
1997-03,,NT,637.0,2759.0,504.0,4364.0,183859.0,188223,2.37,3.46,14.6
1997-03,,QLD,14314.0,24564.0,20869.0,54270.0,3289507.0,3343777,1.65,4.35,26.4
1997-03,,SA,3723.0,7059.0,-3864.0,6499.0,1467943.0,1474442,0.44,2.54,57.3
1997-03,,TAS,372.0,2438.0,-2778.0,162.0,475282.0,475444,0.03,0.78,229.6
1997-03,,VIC,24642.0,28540.0,-7462.0,37783.0,4527573.0,4565356,0.83,5.44,65.2
1997-03,,WA,13467.0,14204.0,5516.0,32900.0,1760445.0,1793345,1.87,7.65,40.9
1997-06,1996-97,ACT,-70.0,3043.0,-2470.0,904.0,309629.0,310533,0.29,-0.23,-7.7
1997-06,1996-97,AUS,87079.0,126906.0,0.0,198270.0,18224767.0,18423037,1.09,4.78,43.9
1997-06,1996-97,NSW,37291.0,43277.0,-10661.0,69806.0,6176461.0,6246267,1.13,6.04,53.4
1997-06,1996-97,NT,541.0,2733.0,1754.0,5239.0,184516.0,189755,2.84,2.93,10.3
1997-06,1996-97,QLD,12620.0,25586.0,19605.0,52225.0,3303192.0,3355417,1.58,3.82,24.2
1997-06,1996-97,SA,3106.0,6951.0,-3318.0,6579.0,1469079.0,1475658,0.45,2.11,47.2
1997-06,1996-97,TAS,254.0,2444.0,-3325.0,-697.0,475605.0,474908,-0.15,0.53,
1997-06,1996-97,VIC,21078.0,28663.0,-6195.0,34313.0,4534984.0,4569297,0.76,4.65,61.4
1997-06,1996-97,WA,12280.0,14158.0,4660.0,30135.0,1768206.0,1798341,1.7,6.94,40.7
1997-09,,ACT,-328.0,2907.0,-2937.0,31.0,310227.0,310258,0.01,-1.06,-1058.1
1997-09,,AUS,77734.0,125235.0,0.0,187395.0,18281323.0,18468718,1.03,4.25,41.5
1997-09,,NSW,32531.0,42584.0,-10404.0,64616.0,6196251.0,6260867,1.04,5.25,50.3
1997-09,,NT,482.0,2725.0,1045.0,4465.0,186229.0,190694,2.4,2.59,10.8
1997-09,,QLD,11922.0,25761.0,18470.0,50585.0,3318599.0,3369184,1.52,3.59,23.6
1997-09,,SA,2850.0,6926.0,-2577.0,7037.0,1470334.0,1477371,0.48,1.94,40.5
1997-09,,TAS,70.0,2244.0,-3466.0,-1203.0,475731.0,474528,-0.25,0.15,
1997-09,,VIC,18877.0,28150.0,-4128.0,33695.0,4544480.0,4578175,0.74,4.15,56.0
1997-09,,WA,11334.0,13886.0,4047.0,28346.0,1776454.0,1804800,1.6,6.38,40.0
1997-12,,ACT,-385.0,2811.0,-3181.0,-374.0,310655.0,310281,-0.12,-1.24,
1997-12,,AUS,72402.0,122956.0,0.0,179925.0,18330079.0,18510004,0.98,3.95,40.2
1997-12,,NSW,29715.0,41513.0,-10718.0,60418.0,6214548.0,6274966,0.97,4.78,49.2
1997-12,,NT,413.0,2744.0,541.0,3917.0,187342.0,191259,2.09,2.2,10.5
1997-12,,QLD,11807.0,25401.0,18144.0,49815.0,3330579.0,3380394,1.5,3.55,23.7
1997-12,,SA,2850.0,6780.0,-2465.0,7006.0,1471997.0,1479003,0.48,1.94,40.7
1997-12,,TAS,-3.0,2137.0,-3411.0,-1314.0,475529.0,474215,-0.28,-0.01,
1997-12,,VIC,17217.0,27852.0,-2641.0,33252.0,4552904.0,4586156,0.73,3.78,51.8
1997-12,,WA,10801.0,13675.0,3780.0,27372.0,1783556.0,1810928,1.53,6.06,39.5
1998-03,,ACT,-157.0,2865.0,-2970.0,116.0,310910.0,311026,0.04,-0.5,-135.3
1998-03,,AUS,76756.0,122242.0,0.0,183706.0,18388710.0,18572416,1.0,4.17,41.8
1998-03,,NSW,30873.0,40807.0,-10624.0,60957.0,6234303.0,6295260,0.98,4.95,50.6
1998-03,,NT,479.0,2792.0,340.0,3838.0,188223.0,192061,2.04,2.54,12.5
1998-03,,QLD,12202.0,25509.0,17508.0,49706.0,3343777.0,3393483,1.49,3.65,24.5
1998-03,,SA,3089.0,6803.0,-2038.0,7695.0,1474442.0,1482137,0.52,2.1,40.1
1998-03,,TAS,53.0,2122.0,-3623.0,-1462.0,475444.0,473982,-0.31,0.11,
1998-03,,VIC,18699.0,27790.0,-1840.0,35516.0,4565356.0,4600872,0.78,4.1,52.6
1998-03,,WA,11511.0,13513.0,3297.0,27467.0,1793345.0,1820812,1.53,6.42,41.9
1998-06,1997-98,ACT,-242.0,2836.0,-1982.0,999.0,310533.0,311532,0.32,-0.78,-24.2
1998-06,1997-98,AUS,79162.0,120534.0,0.0,184547.0,18423037.0,18607584,1.0,4.3,42.9
1998-06,1997-98,NSW,31843.0,40045.0,-12249.0,59532.0,6246267.0,6305799,0.95,5.1,53.5
1998-06,1997-98,NT,560.0,2825.0,-472.0,3150.0,189755.0,192905,1.66,2.95,17.8
1998-06,1997-98,QLD,12490.0,24647.0,17424.0,49067.0,3355417.0,3404484,1.46,3.72,25.5
1998-06,1997-98,SA,3160.0,6602.0,-1996.0,7612.0,1475658.0,1483270,0.52,2.14,41.5
1998-06,1997-98,TAS,39.0,2104.0,-3633.0,-1478.0,474908.0,473430,-0.31,0.08,
1998-06,1997-98,VIC,19313.0,27722.0,-270.0,37673.0,4569297.0,4606970,0.82,4.23,51.3
1998-06,1997-98,WA,11993.0,13716.0,3227.0,28099.0,1798341.0,1826440,1.56,6.67,42.7
1998-09,,ACT,-324.0,2872.0,-1475.0,1474.0,310258.0,311732,0.48,-1.04,-22.0
1998-09,,AUS,82756.0,121824.0,0.0,189663.0,18468718.0,18658381,1.03,4.48,43.6
1998-09,,NSW,34398.0,40704.0,-11768.0,63244.0,6260867.0,6324111,1.01,5.49,54.4
1998-09,,NT,465.0,2750.0,-464.0,3009.0,190694.0,193703,1.58,2.44,15.5
1998-09,,QLD,11853.0,24718.0,15788.0,46892.0,3369184.0,3416076,1.39,3.52,25.3
1998-09,,SA,2556.0,6474.0,-1672.0,7209.0,1477371.0,1484580,0.49,1.73,35.5
1998-09,,TAS,179.0,2276.0,-3592.0,-1098.0,474528.0,473430,-0.23,0.38,
1998-09,,VIC,20473.0,27842.0,-158.0,39133.0,4578175.0,4617308,0.85,4.47,52.3
1998-09,,WA,13162.0,14154.0,3389.0,29903.0,1804800.0,1834703,1.66,7.29,44.0
1998-12,,ACT,-33.0,2931.0,-1292.0,2019.0,310281.0,312300,0.65,-0.11,-1.6
1998-12,,AUS,88781.0,121521.0,0.0,195616.0,18510004.0,18705620,1.06,4.8,45.4
1998-12,,NSW,35228.0,40635.0,-11963.0,63824.0,6274966.0,6338790,1.02,5.61,55.2
1998-12,,NT,841.0,2699.0,-688.0,3131.0,191259.0,194390,1.64,4.4,26.9
1998-12,,QLD,12482.0,24639.0,15433.0,47111.0,3380394.0,3427505,1.39,3.69,26.5
1998-12,,SA,3128.0,6544.0,-1481.0,8039.0,1479003.0,1487042,0.54,2.11,38.9
1998-12,,TAS,513.0,2389.0,-3735.0,-765.0,474215.0,473450,-0.16,1.08,
1998-12,,VIC,23548.0,27194.0,1394.0,43189.0,4586156.0,4629345,0.94,5.13,54.5
1998-12,,WA,13078.0,14459.0,2381.0,29150.0,1810928.0,1840078,1.61,7.22,44.9
1999-03,,ACT,-154.0,2924.0,-761.0,2440.0,311026.0,313466,0.78,-0.5,-6.3
1999-03,,AUS,90156.0,122417.0,0.0,198109.0,18572416.0,18770525,1.07,4.85,45.5
1999-03,,NSW,36707.0,41089.0,-12447.0,65292.0,6295260.0,6360552,1.04,5.83,56.2
1999-03,,NT,868.0,2686.0,-659.0,3190.0,192061.0,195251,1.66,4.52,27.2
1999-03,,QLD,13116.0,24822.0,16190.0,48713.0,3393483.0,3442196,1.44,3.87,26.9
1999-03,,SA,2746.0,6570.0,-1579.0,7592.0,1482137.0,1489729,0.51,1.85,36.2
1999-03,,TAS,327.0,2444.0,-3645.0,-793.0,473982.0,473189,-0.17,0.69,
1999-03,,VIC,23887.0,27466.0,1803.0,44280.0,4600872.0,4645152,0.96,5.19,53.9
1999-03,,WA,12693.0,14386.0,1146.0,27491.0,1820812.0,1848303,1.51,6.97,46.2
1999-06,1998-99,ACT,-225.0,2933.0,-506.0,2639.0,311532.0,314171,0.85,-0.72,-8.5
1999-06,1998-99,AUS,96483.0,122442.0,0.0,204680.0,18607584.0,18812264,1.1,5.19,47.1
1999-06,1998-99,NSW,41088.0,41305.0,-13050.0,69304.0,6305799.0,6375103,1.1,6.52,59.3
1999-06,1998-99,NT,1006.0,2749.0,-953.0,3107.0,192905.0,196012,1.61,5.22,32.4
1999-06,1998-99,QLD,13710.0,24436.0,16682.0,49452.0,3404484.0,3453936,1.45,4.03,27.7
1999-06,1998-99,SA,2682.0,6751.0,-1631.0,7664.0,1483270.0,1490934,0.52,1.81,35.0
1999-06,1998-99,TAS,171.0,2658.0,-3317.0,-400.0,473430.0,473030,-0.08,0.36,
1999-06,1998-99,VIC,24691.0,27077.0,2527.0,45492.0,4606970.0,4652462,0.99,5.36,54.3
1999-06,1998-99,WA,13381.0,14509.0,296.0,27496.0,1826440.0,1853936,1.51,7.33,48.7
1999-09,,ACT,-179.0,2946.0,-105.0,3101.0,311732.0,314833,0.99,-0.57,-5.8
1999-09,,AUS,99661.0,123529.0,0.0,209299.0,18658381.0,18867680,1.12,5.34,47.6
1999-09,,NSW,40569.0,41788.0,-13357.0,68989.0,6324111.0,6393100,1.09,6.41,58.8
1999-09,,NT,1268.0,2777.0,-1263.0,3104.0,193703.0,196807,1.6,6.55,40.9
1999-09,,QLD,14134.0,24389.0,17101.0,50323.0,3416076.0,3466399,1.47,4.14,28.1
1999-09,,SA,3491.0,6891.0,-1813.0,8450.0,1484580.0,1493030,0.57,2.35,41.3
1999-09,,TAS,230.0,2565.0,-3167.0,-249.0,473430.0,473181,-0.05,0.49,
1999-09,,VIC,25482.0,27883.0,3643.0,48318.0,4617308.0,4665626,1.05,5.52,52.7
1999-09,,WA,14693.0,14260.0,-990.0,27330.0,1834703.0,1862033,1.49,8.01,53.8
1999-12,,ACT,-487.0,2798.0,378.0,3131.0,312300.0,315431,1.0,-1.56,-15.6
1999-12,,AUS,104210.0,122915.0,0.0,213590.0,18705620.0,18919210,1.14,5.57,48.8
1999-12,,NSW,43834.0,41217.0,-13902.0,71181.0,6338790.0,6409971,1.12,6.92,61.6
1999-12,,NT,1067.0,2779.0,-817.0,3367.0,194390.0,197757,1.73,5.49,31.7
1999-12,,QLD,17171.0,24557.0,17033.0,53529.0,3427505.0,3481034,1.56,5.01,32.1
1999-12,,SA,3689.0,6782.0,-2204.0,8176.0,1487042.0,1495218,0.55,2.48,45.1
1999-12,,TAS,115.0,2423.0,-2846.0,-156.0,473450.0,473294,-0.03,0.24,
1999-12,,VIC,24846.0,28081.0,3883.0,48236.0,4629345.0,4677581,1.04,5.37,51.5
1999-12,,WA,13992.0,14249.0,-1476.0,26187.0,1840078.0,1866265,1.42,7.6,53.4
2000-03,,ACT,-422.0,2725.0,513.0,3265.0,313466.0,316731,1.04,-1.35,-12.9
2000-03,,AUS,106552.0,122809.0,0.0,216186.0,18770525.0,18986711,1.15,5.68,49.3
2000-03,,NSW,44086.0,41677.0,-14573.0,71274.0,6360552.0,6431826,1.12,6.93,61.9
2000-03,,NT,1027.0,2781.0,-1115.0,3053.0,195251.0,198304,1.56,5.26,33.6
2000-03,,QLD,16894.0,24739.0,18484.0,54951.0,3442196.0,3497147,1.6,4.91,30.7
2000-03,,SA,3902.0,6510.0,-3248.0,7099.0,1489729.0,1496828,0.48,2.62,55.0
2000-03,,TAS,297.0,2312.0,-2671.0,114.0,473189.0,473303,0.02,0.63,260.5
2000-03,,VIC,26298.0,27678.0,4886.0,50408.0,4645152.0,4695560,1.09,5.66,52.2
2000-03,,WA,14471.0,14352.0,-2227.0,26068.0,1848303.0,1874371,1.41,7.83,55.5
2000-06,1999-00,ACT,-99.0,2796.0,-91.0,3064.0,314171.0,317235,0.98,-0.32,-3.2
2000-06,1999-00,AUS,107275.0,122077.0,0.0,216538.0,18812264.0,19028802,1.15,5.7,49.5
2000-06,1999-00,NSW,43689.0,41902.0,-14274.0,71455.0,6375103.0,6446558,1.12,6.85,61.1
2000-06,1999-00,NT,942.0,2722.0,-907.0,3137.0,196012.0,199149,1.6,4.81,30.0
2000-06,1999-00,QLD,17514.0,24652.0,18453.0,55522.0,3453936.0,3509458,1.61,5.07,31.5
2000-06,1999-00,SA,3829.0,6306.0,-3531.0,6569.0,1490934.0,1497503,0.44,2.57,58.3
2000-06,1999-00,TAS,435.0,2089.0,-2632.0,93.0,473030.0,473123,0.02,0.92,467.7
2000-06,1999-00,VIC,26982.0,27742.0,5219.0,51603.0,4652462.0,4704065,1.11,5.8,52.3
2000-06,1999-00,WA,13993.0,13829.0,-2187.0,25157.0,1853936.0,1879093,1.36,7.55,55.6
2000-09,,ACT,220.0,2763.0,-210.0,3246.0,314833.0,318079,1.03,0.7,6.8
2000-09,,AUS,109456.0,121035.0,0.0,218360.0,18867680.0,19086040,1.16,5.8,50.1
2000-09,,NSW,45760.0,41363.0,-14731.0,72514.0,6393100.0,6465614,1.13,7.16,63.1
2000-09,,NT,792.0,2728.0,-917.0,3009.0,196807.0,199816,1.53,4.02,26.3
2000-09,,QLD,18032.0,24890.0,19049.0,57047.0,3466399.0,3523446,1.65,5.2,31.6
2000-09,,SA,3688.0,6034.0,-3823.0,5904.0,1493030.0,1498934,0.4,2.47,62.5
2000-09,,TAS,208.0,2053.0,-2681.0,-146.0,473181.0,473035,-0.03,0.44,
2000-09,,VIC,28182.0,26964.0,5756.0,52810.0,4665626.0,4718436,1.13,6.04,53.4
2000-09,,WA,12589.0,14208.0,-2399.0,24051.0,1862033.0,1886084,1.29,6.76,52.3
2000-12,,ACT,351.0,2888.0,-218.0,3510.0,315431.0,318941,1.11,1.11,10.0
2000-12,,AUS,111441.0,121831.0,0.0,221826.0,18919210.0,19141036,1.17,5.89,50.2
2000-12,,NSW,47345.0,42355.0,-14708.0,75110.0,6409971.0,6485081,1.17,7.39,63.0
2000-12,,NT,700.0,2783.0,-1621.0,2288.0,197757.0,200045,1.16,3.54,30.6
2000-12,,QLD,15917.0,25102.0,20367.0,56636.0,3481034.0,3537670,1.63,4.57,28.1
2000-12,,SA,2726.0,5808.0,-3669.0,4911.0,1495218.0,1500129,0.33,1.82,55.5
2000-12,,TAS,-8.0,2098.0,-2533.0,-94.0,473294.0,473200,-0.02,-0.02,
2000-12,,VIC,29463.0,26749.0,4920.0,53274.0,4677581.0,4730855,1.14,6.3,55.3
2000-12,,WA,14965.0,14013.0,-2501.0,26266.0,1866265.0,1892531,1.41,8.02,57.0
2001-03,,ACT,658.0,2894.0,-249.0,3795.0,316731.0,320526,1.2,2.08,17.3
2001-03,,AUS,128796.0,120435.0,0.0,238470.0,18986711.0,19225181,1.26,6.78,54.0
2001-03,,NSW,55358.0,41864.0,-15310.0,82018.0,6431826.0,6513844,1.28,8.61,67.5
2001-03,,NT,762.0,2802.0,-1523.0,2485.0,198304.0,200789,1.25,3.84,30.7
2001-03,,QLD,19532.0,24826.0,19535.0,59319.0,3497147.0,3556466,1.7,5.59,32.9
2001-03,,SA,2789.0,5671.0,-3065.0,5471.0,1496828.0,1502299,0.37,1.86,51.0
2001-03,,TAS,37.0,2118.0,-2239.0,359.0,473303.0,473662,0.08,0.08,10.3
2001-03,,VIC,34108.0,26304.0,5377.0,58165.0,4695560.0,4753725,1.24,7.26,58.6
2001-03,,WA,15567.0,13927.0,-2496.0,26924.0,1874371.0,1901295,1.44,8.31,57.8
2001-06,2000-01,ACT,719.0,2682.0,407.0,4303.0,317235.0,321538,1.36,2.27,16.7
2001-06,2000-01,AUS,135673.0,120306.0,0.0,245899.0,19028802.0,19274701,1.29,7.13,55.2
2001-06,2000-01,NSW,58619.0,41401.0,-16315.0,83791.0,6446558.0,6530349,1.3,9.09,70.0
2001-06,2000-01,NT,878.0,2852.0,-1592.0,2594.0,199149.0,201743,1.3,4.41,33.8
2001-06,2000-01,QLD,21003.0,25388.0,20024.0,62011.0,3509458.0,3571469,1.77,5.98,33.9
2001-06,2000-01,SA,2765.0,5495.0,-2418.0,5958.0,1497503.0,1503461,0.4,1.85,46.4
2001-06,2000-01,TAS,101.0,2047.0,-2136.0,545.0,473123.0,473668,0.12,0.21,18.5
2001-06,2000-01,VIC,35336.0,26436.0,5163.0,59550.0,4704065.0,4763615,1.27,7.51,59.3
2001-06,2000-01,WA,16263.0,13966.0,-3110.0,27181.0,1879093.0,1906274,1.45,8.65,59.8
2001-09,,ACT,626.0,2638.0,210.0,3863.0,318079.0,321942,1.21,1.97,16.2
2001-09,,AUS,131490.0,121430.0,0.0,243067.0,19086040.0,19329107,1.27,6.89,54.1
2001-09,,NSW,56666.0,41739.0,-16980.0,79277.0,6465614.0,6544891,1.23,8.76,71.5
2001-09,,NT,816.0,2902.0,-1632.0,2179.0,199816.0,201995,1.09,4.08,37.4
2001-09,,QLD,24414.0,25611.0,20734.0,67523.0,3523446.0,3590969,1.92,6.93,36.2
2001-09,,SA,2408.0,5664.0,-2309.0,6058.0,1498934.0,1504992,0.4,1.61,39.7
2001-09,,TAS,120.0,1957.0,-1879.0,495.0,473035.0,473530,0.1,0.25,24.2
2001-09,,VIC,30351.0,27224.0,4957.0,57616.0,4718436.0,4776052,1.22,6.43,52.7
2001-09,,WA,16097.0,13656.0,-3077.0,26130.0,1886084.0,1912214,1.39,8.53,61.6
2001-12,,ACT,835.0,2475.0,353.0,3933.0,318941.0,322874,1.23,2.62,21.2
2001-12,,AUS,136076.0,118978.0,0.0,245425.0,19141036.0,19386461,1.28,7.11,55.4
2001-12,,NSW,57190.0,40135.0,-19522.0,73403.0,6485081.0,6558484,1.13,8.82,77.9
2001-12,,NT,796.0,2929.0,-1751.0,1706.0,200045.0,201751,0.85,3.98,46.7
2001-12,,QLD,27523.0,25398.0,22677.0,73533.0,3537670.0,3611203,2.08,7.78,37.4
2001-12,,SA,3310.0,5474.0,-1552.0,7696.0,1500129.0,1507825,0.51,2.21,43.0
2001-12,,TAS,529.0,1928.0,-1844.0,690.0,473200.0,473890,0.15,1.12,76.7
2001-12,,VIC,29562.0,27131.0,5104.0,59357.0,4730855.0,4790212,1.25,6.25,49.8
2001-12,,WA,16347.0,13468.0,-3437.0,25221.0,1892531.0,1917752,1.33,8.64,64.8
2002-03,,ACT,667.0,2491.0,356.0,3661.0,320526.0,324187,1.14,2.08,18.2
2002-03,,AUS,117651.0,119918.0,0.0,228169.0,19225181.0,19453350,1.19,6.12,51.6
2002-03,,NSW,49384.0,40691.0,-21971.0,61452.0,6513844.0,6575296,0.94,7.58,80.4
2002-03,,NT,852.0,2908.0,-2040.0,1091.0,200789.0,201880,0.54,4.24,78.1
2002-03,,QLD,25610.0,25145.0,25122.0,74985.0,3556466.0,3631451,2.11,7.2,34.2
2002-03,,SA,2533.0,5659.0,-1127.0,7714.0,1502299.0,1510013,0.51,1.69,32.8
2002-03,,TAS,465.0,1922.0,-1677.0,556.0,473662.0,474218,0.12,0.98,83.6
2002-03,,VIC,22579.0,27686.0,4914.0,55215.0,4753725.0,4808940,1.16,4.75,40.9
2002-03,,WA,15579.0,13377.0,-3546.0,23640.0,1901295.0,1924935,1.24,8.19,65.9
2002-06,2001-02,ACT,698.0,2561.0,-197.0,3089.0,321538.0,324627,0.96,2.17,22.6
2002-06,2001-02,AUS,110556.0,119120.0,0.0,220509.0,19274701.0,19495210,1.14,5.74,50.1
2002-06,2001-02,NSW,44411.0,40048.0,-25102.0,50458.0,6530349.0,6580807,0.77,6.8,88.0
2002-06,2001-02,NT,655.0,2839.0,-1998.0,508.0,201743.0,202251,0.25,3.25,128.9
2002-06,2001-02,QLD,26488.0,24854.0,30035.0,81654.0,3571469.0,3653123,2.29,7.42,32.4
2002-06,2001-02,SA,2798.0,5794.0,-1308.0,8106.0,1503461.0,1511567,0.54,1.86,34.5
2002-06,2001-02,TAS,307.0,1982.0,-1423.0,484.0,473668.0,474152,0.1,0.65,63.4
2002-06,2001-02,VIC,20252.0,27782.0,3609.0,54159.0,4763615.0,4817774,1.14,4.25,37.4
2002-06,2001-02,WA,14970.0,13233.0,-3582.0,22238.0,1906274.0,1928512,1.17,7.85,67.3
2002-09,,ACT,829.0,2621.0,-148.0,3313.0,321942.0,325255,1.03,2.57,25.0
2002-09,,AUS,112733.0,115874.0,0.0,219764.0,19329107.0,19548871,1.14,5.83,51.3
2002-09,,NSW,43879.0,39023.0,-28327.0,45768.0,6544891.0,6590659,0.7,6.7,95.9
2002-09,,NT,630.0,2862.0,-2411.0,74.0,201995.0,202069,0.04,3.12,851.4
2002-09,,QLD,27433.0,23887.0,34237.0,85901.0,3590969.0,3676870,2.39,7.64,31.9
2002-09,,SA,2984.0,5538.0,-692.0,8670.0,1504992.0,1513662,0.58,1.98,34.4
2002-09,,TAS,376.0,2076.0,-991.0,1096.0,473530.0,474626,0.23,0.79,34.3
2002-09,,VIC,22637.0,26984.0,2100.0,54331.0,4776052.0,4830383,1.14,4.74,41.7
2002-09,,WA,13989.0,12857.0,-3733.0,20763.0,1912214.0,1932977,1.09,7.32,67.4
2002-12,,ACT,774.0,2668.0,-378.0,3076.0,322874.0,325950,0.95,2.4,25.2
2002-12,,AUS,110475.0,117024.0,0.0,218980.0,19386461.0,19605441,1.13,5.7,50.4
2002-12,,NSW,40892.0,39853.0,-31074.0,40957.0,6558484.0,6599441,0.62,6.23,99.8
2002-12,,NT,408.0,2853.0,-2440.0,-202.0,201751.0,201549,-0.1,2.02,
2002-12,,QLD,27933.0,23801.0,37437.0,89588.0,3611203.0,3700791,2.48,7.74,31.2
2002-12,,SA,2669.0,5597.0,-1228.0,7898.0,1507825.0,1515723,0.52,1.77,33.8
2002-12,,TAS,525.0,1973.0,-22.0,2108.0,473890.0,475998,0.44,1.11,24.9
2002-12,,VIC,23629.0,27340.0,1144.0,54812.0,4790212.0,4845024,1.14,4.93,43.1
2002-12,,WA,13658.0,12919.0,-3403.0,20858.0,1917752.0,1938610,1.09,7.12,65.5
2003-03,,ACT,961.0,2653.0,-734.0,2896.0,324187.0,327083,0.89,2.96,33.2
2003-03,,AUS,115694.0,115779.0,0.0,223278.0,19453350.0,19676628,1.15,5.95,51.8
2003-03,,NSW,41693.0,39201.0,-31860.0,40416.0,6575296.0,6615712,0.61,6.34,103.2
2003-03,,NT,99.0,2907.0,-2788.0,-812.0,201880.0,201068,-0.4,0.49,
2003-03,,QLD,28670.0,23997.0,38634.0,91788.0,3631451.0,3723239,2.53,7.89,31.2
2003-03,,SA,3656.0,5249.0,-1217.0,8557.0,1510013.0,1518570,0.57,2.42,42.7
2003-03,,TAS,809.0,1877.0,1046.0,3358.0,474218.0,477576,0.71,1.71,24.1
2003-03,,VIC,25403.0,27221.0,-135.0,55274.0,4808940.0,4864214,1.15,5.28,46.0
2003-03,,WA,14428.0,12652.0,-2911.0,21896.0,1924935.0,1946831,1.14,7.5,65.9
2003-06,2002-03,ACT,885.0,2620.0,-802.0,2730.0,324627.0,327357,0.84,2.73,32.4
2003-06,2002-03,AUS,116498.0,116899.0,0.0,225527.0,19495210.0,19720737,1.16,5.98,51.7
2003-06,2002-03,NSW,40919.0,39973.0,-32467.0,39908.0,6580807.0,6620715,0.61,6.22,102.5
2003-06,2002-03,NT,325.0,2946.0,-2768.0,-526.0,202251.0,201725,-0.26,1.61,
2003-06,2002-03,QLD,27122.0,24335.0,37984.0,89998.0,3653123.0,3743121,2.46,7.42,30.1
2003-06,2002-03,SA,3904.0,5243.0,-1191.0,8832.0,1511567.0,1520399,0.58,2.58,44.2
2003-06,2002-03,TAS,1014.0,1749.0,1993.0,4382.0,474152.0,478534,0.92,2.14,23.1
2003-06,2002-03,VIC,26777.0,27145.0,-743.0,56035.0,4817774.0,4873809,1.16,5.56,47.8
2003-06,2002-03,WA,15575.0,12864.0,-1972.0,24229.0,1928512.0,1952741,1.26,8.08,64.3
2003-09,,ACT,692.0,2600.0,-1200.0,2132.0,325255.0,327387,0.66,2.13,32.5
2003-09,,AUS,113833.0,118327.0,0.0,224558.0,19548871.0,19773429,1.15,5.82,50.7
2003-09,,NSW,37797.0,40401.0,-32891.0,36879.0,6590659.0,6627538,0.56,5.73,102.5
2003-09,,NT,399.0,2898.0,-2565.0,-288.0,202069.0,201781,-0.14,1.97,
2003-09,,QLD,25304.0,25059.0,37285.0,88239.0,3676870.0,3765109,2.4,6.88,28.7
2003-09,,SA,4180.0,5336.0,-1886.0,8531.0,1513662.0,1522193,0.56,2.76,49.0
2003-09,,TAS,1136.0,1646.0,2804.0,5203.0,474626.0,479829,1.1,2.39,21.8
2003-09,,VIC,27740.0,27548.0,-729.0,57443.0,4830383.0,4887826,1.19,5.74,48.3
2003-09,,WA,16607.0,12816.0,-784.0,26453.0,1932977.0,1959430,1.37,8.59,62.8
2003-12,,ACT,729.0,2688.0,-1814.0,1646.0,325950.0,327596,0.5,2.24,44.3
2003-12,,AUS,110104.0,118944.0,0.0,221714.0,19605441.0,19827155,1.13,5.62,49.7
2003-12,,NSW,35393.0,39965.0,-31946.0,35068.0,6599441.0,6634509,0.53,5.36,100.9
2003-12,,NT,564.0,2884.0,-2283.0,159.0,201549.0,201708,0.08,2.8,354.7
2003-12,,QLD,25060.0,25742.0,36353.0,87769.0,3700791.0,3788560,2.37,6.77,28.6
2003-12,,SA,4244.0,5490.0,-1652.0,9004.0,1515723.0,1524727,0.59,2.8,47.1
2003-12,,TAS,860.0,1791.0,3137.0,5413.0,475998.0,481411,1.14,1.81,15.9
2003-12,,VIC,26569.0,27883.0,-2221.0,55152.0,4845024.0,4900176,1.14,5.48,48.2
2003-12,,WA,16719.0,12480.0,459.0,27520.0,1938610.0,1966130,1.42,8.62,60.8
2004-03,,ACT,507.0,2698.0,-1774.0,1477.0,327083.0,328560,0.45,1.55,34.3
2004-03,,AUS,104002.0,120541.0,0.0,217477.0,19676628.0,19894105,1.11,5.29,47.8
2004-03,,NSW,32002.0,40591.0,-31768.0,32568.0,6615712.0,6648280,0.49,4.84,98.3
2004-03,,NT,803.0,2828.0,-1697.0,941.0,201068.0,202009,0.47,3.99,85.3
2004-03,,QLD,25145.0,25822.0,36085.0,87682.0,3723239.0,3810921,2.35,6.75,28.7
2004-03,,SA,4238.0,5451.0,-2213.0,8424.0,1518570.0,1526994,0.55,2.79,50.3
2004-03,,TAS,716.0,1772.0,3074.0,5202.0,477576.0,482778,1.09,1.5,13.8
2004-03,,VIC,25618.0,28377.0,-3103.0,53856.0,4864214.0,4918070,1.11,5.27,47.6
2004-03,,WA,14992.0,12983.0,1431.0,27314.0,1946831.0,1974145,1.4,7.7,54.9
2004-06,2003-04,ACT,456.0,2675.0,-1586.0,1583.0,327357.0,328940,0.48,1.39,28.8
2004-06,2003-04,AUS,99966.0,118817.0,0.0,211985.0,19720737.0,19932722,1.07,5.07,47.2
2004-06,2003-04,NSW,29820.0,39465.0,-31098.0,30020.0,6620715.0,6650735,0.45,4.5,99.3
2004-06,2003-04,NT,648.0,2755.0,-1487.0,938.0,201725.0,202663,0.46,3.21,69.1
2004-06,2003-04,QLD,25399.0,25301.0,35498.0,86849.0,3743121.0,3829970,2.32,6.79,29.2
2004-06,2003-04,SA,4305.0,5408.0,-2910.0,7790.0,1520399.0,1528189,0.51,2.83,55.3
2004-06,2003-04,TAS,700.0,1730.0,2574.0,4644.0,478534.0,483178,0.97,1.46,15.1
2004-06,2003-04,VIC,25020.0,28351.0,-3051.0,53340.0,4873809.0,4927149,1.09,5.13,46.9
2004-06,2003-04,WA,13634.0,13114.0,2095.0,26801.0,1952741.0,1979542,1.37,6.98,50.9
2004-09,,ACT,538.0,2728.0,-1558.0,1744.0,327387.0,329131,0.53,1.64,30.8
2004-09,,AUS,103135.0,119865.0,0.0,216248.0,19773429.0,19989677,1.09,5.22,47.7
2004-09,,NSW,31249.0,39179.0,-29473.0,32878.0,6627538.0,6660416,0.5,4.72,95.0
2004-09,,NT,846.0,2725.0,-874.0,1746.0,201781.0,203527,0.87,4.19,48.5
2004-09,,QLD,24592.0,25591.0,33947.0,84743.0,3765109.0,3849852,2.25,6.53,29.0
2004-09,,SA,4806.0,5333.0,-2790.0,8328.0,1522193.0,1530521,0.55,3.16,57.7
2004-09,,TAS,781.0,1873.0,1881.0,4166.0,479829.0,483995,0.87,1.63,18.7
2004-09,,VIC,26805.0,28964.0,-3248.0,55533.0,4887826.0,4943359,1.14,5.48,48.3
2004-09,,WA,13527.0,13457.0,2148.0,27083.0,1959430.0,1986513,1.38,6.9,49.9
2004-12,,ACT,301.0,2698.0,-1131.0,1902.0,327596.0,329498,0.58,0.92,15.8
2004-12,,AUS,106425.0,119133.0,0.0,218848.0,19827155.0,20046003,1.1,5.37,48.6
2004-12,,NSW,31669.0,38938.0,-27928.0,34697.0,6634509.0,6669206,0.52,4.77,91.3
2004-12,,NT,922.0,2645.0,-482.0,2149.0,201708.0,203857,1.07,4.57,42.9
2004-12,,QLD,25754.0,25098.0,32352.0,83791.0,3788560.0,3872351,2.21,6.8,30.7
2004-12,,SA,5071.0,5311.0,-3519.0,7835.0,1524727.0,1532562,0.51,3.33,64.7
2004-12,,TAS,927.0,1817.0,1011.0,3367.0,481411.0,484778,0.7,1.93,27.5
2004-12,,VIC,27808.0,28744.0,-2583.0,56971.0,4900176.0,4957147,1.16,5.67,48.8
2004-12,,WA,13974.0,13868.0,2312.0,28111.0,1966130.0,1994241,1.43,7.11,49.7
2005-03,,ACT,477.0,2714.0,-868.0,2356.0,328560.0,330916,0.72,1.45,20.2
2005-03,,AUS,118020.0,121098.0,0.0,232448.0,19894105.0,20126553,1.17,5.93,50.8
2005-03,,NSW,33797.0,39202.0,-27517.0,37595.0,6648280.0,6685875,0.57,5.08,89.9
2005-03,,NT,968.0,2565.0,285.0,2888.0,202009.0,204897,1.43,4.79,33.5
2005-03,,QLD,27237.0,26087.0,32144.0,86030.0,3810921.0,3896951,2.26,7.15,31.7
2005-03,,SA,6729.0,5701.0,-3590.0,9804.0,1526994.0,1536798,0.64,4.41,68.6
2005-03,,TAS,1152.0,1898.0,339.0,2977.0,482778.0,485755,0.62,2.39,38.7
2005-03,,VIC,31550.0,28863.0,-3128.0,60272.0,4918070.0,4978342,1.23,6.42,52.3
2005-03,,WA,16115.0,14051.0,2365.0,30499.0,1974145.0,2004644,1.54,8.16,52.8
2005-06,2004-05,ACT,486.0,2775.0,-842.0,2459.0,328940.0,331399,0.75,1.48,19.8
2005-06,2004-05,AUS,123763.0,126994.0,0.0,244122.0,19932722.0,20176844,1.22,6.21,50.7
2005-06,2004-05,NSW,35205.0,41380.0,-26321.0,42471.0,6650735.0,6693206,0.64,5.29,82.9
2005-06,2004-05,NT,1004.0,2558.0,610.0,3242.0,202663.0,205905,1.6,4.95,31.0
2005-06,2004-05,QLD,29555.0,28067.0,30371.0,88524.0,3829970.0,3918494,2.31,7.72,33.4
2005-06,2004-05,SA,7020.0,5879.0,-3226.0,10615.0,1528189.0,1538804,0.69,4.59,66.1
2005-06,2004-05,TAS,1045.0,2139.0,267.0,3024.0,483178.0,486202,0.63,2.16,34.6
2005-06,2004-05,VIC,32292.0,29908.0,-3070.0,62097.0,4927149.0,4989246,1.26,6.55,52.0
2005-06,2004-05,WA,17160.0,14273.0,2241.0,31665.0,1979542.0,2011207,1.6,8.67,54.2
2005-09,,ACT,424.0,2743.0,-168.0,3046.0,329131.0,332177,0.93,1.29,13.9
2005-09,,AUS,130819.0,130362.0,0.0,255050.0,19989677.0,20244727,1.28,6.54,51.3
2005-09,,NSW,36840.0,43281.0,-25768.0,47013.0,6660416.0,6707429,0.71,5.53,78.4
2005-09,,NT,905.0,2624.0,641.0,3232.0,203527.0,206759,1.59,4.45,28.0
2005-09,,QLD,31809.0,28978.0,29369.0,90642.0,3849852.0,3940494,2.35,8.26,35.1
2005-09,,SA,8087.0,5982.0,-3482.0,11483.0,1530521.0,1542004,0.75,5.28,70.4
2005-09,,TAS,1019.0,2204.0,103.0,2898.0,483995.0,486893,0.6,2.11,35.2
2005-09,,VIC,33355.0,29837.0,-3431.0,62882.0,4943359.0,5006241,1.27,6.75,53.0
2005-09,,WA,18392.0,14694.0,2770.0,33846.0,1986513.0,2020359,1.7,9.26,54.3
2005-12,,ACT,674.0,2803.0,470.0,4007.0,329498.0,333505,1.22,2.05,16.8
2005-12,,AUS,137009.0,134156.0,0.0,265540.0,20046003.0,20311543,1.32,6.83,51.6
2005-12,,NSW,37580.0,44607.0,-26484.0,48817.0,6669206.0,6718023,0.73,5.63,77.0
2005-12,,NT,1087.0,2659.0,726.0,3528.0,203857.0,207385,1.73,5.33,30.8
2005-12,,QLD,32177.0,30070.0,29141.0,91824.0,3872351.0,3964175,2.37,8.31,35.0
2005-12,,SA,8735.0,6067.0,-3366.0,12290.0,1532562.0,1544852,0.8,5.7,71.1
2005-12,,TAS,1042.0,2396.0,306.0,3320.0,484778.0,488098,0.68,2.15,31.4
2005-12,,VIC,35809.0,30543.0,-3571.0,66056.0,4957147.0,5023203,1.33,7.22,54.2
2005-12,,WA,19920.0,14985.0,2818.0,35695.0,1994241.0,2029936,1.79,9.99,55.8
2006-03,,ACT,503.0,2899.0,-101.0,3383.0,330916.0,334299,1.02,1.52,14.9
2006-03,,AUS,143153.0,133543.0,0.0,271579.0,20126553.0,20398132,1.35,7.11,52.7
2006-03,,NSW,38972.0,42963.0,-25844.0,49653.0,6685875.0,6735528,0.74,5.83,78.5
2006-03,,NT,1583.0,2723.0,89.0,3450.0,204897.0,208347,1.68,7.73,45.9
2006-03,,QLD,32989.0,30185.0,27138.0,90702.0,3896951.0,3987653,2.33,8.47,36.4
2006-03,,SA,9029.0,6056.0,-2554.0,13337.0,1536798.0,1550135,0.87,5.88,67.7
2006-03,,TAS,995.0,2595.0,212.0,3385.0,485755.0,489140,0.7,2.05,29.4
2006-03,,VIC,37796.0,31003.0,-2363.0,69865.0,4978342.0,5048207,1.4,7.59,54.1
2006-03,,WA,21299.0,15096.0,3466.0,37806.0,2004644.0,2042450,1.89,10.62,56.3
2006-06,2005-06,ACT,501.0,2908.0,258.0,3771.0,331399.0,335170,1.14,1.51,13.3
2006-06,2005-06,AUS,146753.0,131973.0,0.0,274122.0,20176844.0,20450966,1.36,7.27,53.5
2006-06,2005-06,NSW,38523.0,42525.0,-25576.0,49484.0,6693206.0,6742690,0.74,5.76,77.8
2006-06,2005-06,NT,1891.0,2764.0,-553.0,3152.0,205905.0,209057,1.53,9.18,60.0
2006-06,2005-06,QLD,32952.0,29579.0,26607.0,89498.0,3918494.0,4007992,2.28,8.41,36.8
2006-06,2005-06,SA,9813.0,5858.0,-2711.0,13725.0,1538804.0,1552529,0.89,6.38,71.5
2006-06,2005-06,TAS,1166.0,2427.0,-82.0,3100.0,486202.0,489302,0.64,2.4,37.6
2006-06,2005-06,VIC,39561.0,30707.0,-1831.0,72020.0,4989246.0,5061266,1.44,7.93,54.9
2006-06,2005-06,WA,22355.0,15185.0,3933.0,39374.0,2011207.0,2050581,1.96,11.12,56.8
2006-09,,ACT,795.0,3074.0,405.0,4370.0,332177.0,336547,1.32,2.39,18.2
2006-09,,AUS,166253.0,136595.0,0.0,297555.0,20244727.0,20542282,1.47,8.21,55.9
2006-09,,NSW,46642.0,43621.0,-25536.0,58704.0,6707429.0,6766133,0.88,6.95,79.5
2006-09,,NT,1757.0,2710.0,-306.0,3525.0,206759.0,210284,1.7,8.5,49.8
2006-09,,QLD,35360.0,30222.0,25147.0,91086.0,3940494.0,4031580,2.31,8.97,38.8
2006-09,,SA,10966.0,6329.0,-2487.0,15328.0,1542004.0,1557332,0.99,7.11,71.5
2006-09,,TAS,1341.0,2595.0,-235.0,3461.0,486893.0,490354,0.71,2.75,38.7
2006-09,,VIC,44459.0,32085.0,-1001.0,77352.0,5006241.0,5083593,1.55,8.88,57.5
2006-09,,WA,24934.0,15942.0,4017.0,43673.0,2020359.0,2064032,2.16,12.34,57.1
2006-12,,ACT,1031.0,3024.0,751.0,4876.0,333505.0,338381,1.46,3.09,21.1
2006-12,,AUS,182196.0,139793.0,0.0,316004.0,20311543.0,20627547,1.56,8.97,57.7
2006-12,,NSW,55011.0,44731.0,-25545.0,68137.0,6718023.0,6786160,1.01,8.19,80.7
2006-12,,NT,1520.0,2770.0,-331.0,3644.0,207385.0,211029,1.76,7.33,41.7
2006-12,,QLD,36253.0,30915.0,24153.0,91670.0,3964175.0,4055845,2.31,9.15,39.5
2006-12,,SA,12311.0,6450.0,-2593.0,16448.0,1544852.0,1561300,1.06,7.97,74.8
2006-12,,TAS,1284.0,2685.0,-485.0,3417.0,488098.0,491515,0.7,2.63,37.6
2006-12,,VIC,48578.0,32758.0,-613.0,80762.0,5023203.0,5103965,1.61,9.67,60.1
2006-12,,WA,26203.0,16447.0,4613.0,46931.0,2029936.0,2076867,2.31,12.91,55.8
2007-03,,ACT,1531.0,2956.0,1720.0,6245.0,334299.0,340544,1.87,4.58,24.5
2007-03,,AUS,205033.0,146327.0,0.0,344685.0,20398132.0,20742817,1.69,10.05,59.5
2007-03,,NSW,62873.0,48407.0,-25408.0,79831.0,6735528.0,6815359,1.19,9.33,78.8
2007-03,,NT,1229.0,2808.0,7.0,4025.0,208347.0,212372,1.93,5.9,30.5
2007-03,,QLD,40223.0,31991.0,24308.0,96878.0,3987653.0,4084531,2.43,10.09,41.5
2007-03,,SA,13699.0,6758.0,-3421.0,17071.0,1550135.0,1567206,1.1,8.84,80.2
2007-03,,TAS,1348.0,2588.0,-553.0,3485.0,489140.0,492625,0.71,2.76,38.7
2007-03,,VIC,55154.0,33880.0,-1467.0,85867.0,5048207.0,5134074,1.7,10.93,64.2
2007-03,,WA,28970.0,16929.0,4716.0,51183.0,2042450.0,2093633,2.51,14.18,56.6
2007-06,2006-07,ACT,1936.0,3067.0,2465.0,7474.0,335170.0,342644,2.23,5.78,25.9
2007-06,2006-07,AUS,232796.0,151225.0,0.0,376656.0,20450966.0,20827622,1.84,11.38,61.8
2007-06,2006-07,NSW,73570.0,50214.0,-26271.0,91466.0,6742690.0,6834156,1.36,10.91,80.4
2007-06,2006-07,NT,1153.0,2822.0,443.0,4691.0,209057.0,213748,2.24,5.52,24.6
2007-06,2006-07,QLD,46145.0,33143.0,23381.0,103026.0,4007992.0,4111018,2.57,11.51,44.8
2007-06,2006-07,SA,14633.0,7048.0,-3371.0,18090.0,1552529.0,1570619,1.17,9.43,80.9
2007-06,2006-07,TAS,1437.0,2788.0,-537.0,3960.0,489302.0,493262,0.81,2.94,36.3
2007-06,2006-07,VIC,62539.0,34793.0,-1617.0,92256.0,5061266.0,5153522,1.82,12.36,67.8
2007-06,2006-07,WA,31381.0,17335.0,5362.0,55558.0,2050581.0,2106139,2.71,15.3,56.5
2007-09,,ACT,1980.0,2994.0,1822.0,6794.0,336547.0,343341,2.02,5.88,29.1
2007-09,,AUS,238660.0,151295.0,0.0,381878.0,20542282.0,20924160,1.86,11.62,62.5
2007-09,,NSW,75568.0,49944.0,-25640.0,93603.0,6766133.0,6859736,1.38,11.17,80.7
2007-09,,NT,1188.0,2837.0,602.0,4896.0,210284.0,215180,2.33,5.65,24.3
2007-09,,QLD,46081.0,33818.0,23303.0,103378.0,4031580.0,4134958,2.56,11.43,44.6
2007-09,,SA,14275.0,6954.0,-3759.0,17205.0,1557332.0,1574537,1.1,9.17,83.0
2007-09,,TAS,1467.0,2617.0,-131.0,4193.0,490354.0,494547,0.86,2.99,35.0
2007-09,,VIC,65195.0,34911.0,-1562.0,94922.0,5083593.0,5178515,1.87,12.82,68.7
2007-09,,WA,32905.0,17202.0,5218.0,56744.0,2064032.0,2120776,2.75,15.94,58.0
2007-12,,ACT,1877.0,3035.0,892.0,5795.0,338381.0,344176,1.71,5.55,32.4
2007-12,,AUS,244030.0,153327.0,0.0,388574.0,20627547.0,21016121,1.88,11.83,62.8
2007-12,,NSW,76897.0,50199.0,-22914.0,97692.0,6786160.0,6883852,1.44,11.33,78.7
2007-12,,NT,1377.0,2870.0,1077.0,5589.0,211029.0,216618,2.65,6.53,24.6
2007-12,,QLD,47681.0,34528.0,21953.0,104145.0,4055845.0,4159990,2.57,11.76,45.8
2007-12,,SA,13829.0,7337.0,-3664.0,17189.0,1561300.0,1578489,1.1,8.86,80.5
2007-12,,TAS,1469.0,2453.0,212.0,4343.0,491515.0,495858,0.88,2.99,33.8
2007-12,,VIC,66472.0,35395.0,-2558.0,95538.0,5103965.0,5199503,1.87,13.02,69.6
2007-12,,WA,34427.0,17492.0,4855.0,58139.0,2076867.0,2135006,2.8,16.58,59.2
2008-03,,ACT,2224.0,3028.0,695.0,5933.0,340544.0,346477,1.74,6.53,37.5
2008-03,,AUS,261444.0,154155.0,0.0,406111.0,20742817.0,21148928,1.96,12.6,64.4
2008-03,,NSW,83291.0,50165.0,-22193.0,104548.0,6815359.0,6919907,1.53,12.22,79.7
2008-03,,NT,1383.0,2844.0,1053.0,5540.0,212372.0,217912,2.61,6.51,25.0
2008-03,,QLD,51587.0,34983.0,20582.0,106948.0,4084531.0,4191479,2.62,12.63,48.2
2008-03,,SA,14245.0,7292.0,-3982.0,17202.0,1567206.0,1584408,1.1,9.09,82.8
2008-03,,TAS,1756.0,2537.0,460.0,4927.0,492625.0,497552,1.0,3.56,35.6
2008-03,,VIC,69357.0,35389.0,-1884.0,98926.0,5134074.0,5233000,1.93,13.51,70.1
2008-03,,WA,37599.0,17892.0,5122.0,61919.0,2093633.0,2155552,2.96,17.96,60.7
2008-06,2007-08,ACT,2518.0,2963.0,260.0,5724.0,342644.0,348368,1.67,7.35,44.0
2008-06,2007-08,AUS,277338.0,154432.0,0.0,421577.0,20827622.0,21249199,2.02,13.32,65.8
2008-06,2007-08,NSW,87389.0,49636.0,-20780.0,109305.0,6834156.0,6943461,1.6,12.79,79.9
2008-06,2007-08,NT,1623.0,2850.0,1389.0,6126.0,213748.0,219874,2.87,7.59,26.5
2008-06,2007-08,QLD,53907.0,35558.0,19409.0,108487.0,4111018.0,4219505,2.64,13.11,49.7
2008-06,2007-08,SA,15327.0,7333.0,-4221.0,18046.0,1570619.0,1588665,1.15,9.76,84.9
2008-06,2007-08,TAS,1835.0,2595.0,730.0,5306.0,493262.0,498568,1.08,3.72,34.6
2008-06,2007-08,VIC,73562.0,35318.0,-1924.0,102853.0,5153522.0,5256375,2.0,14.27,71.5
2008-06,2007-08,WA,41176.0,18156.0,4991.0,65561.0,2106139.0,2171700,3.11,19.55,62.8
2008-09,,ACT,2994.0,2997.0,239.0,6202.0,343341.0,349543,1.81,8.72,48.3
2008-09,,AUS,298648.0,154320.0,0.0,441889.0,20924160.0,21366049,2.11,14.27,67.6
2008-09,,NSW,91522.0,49629.0,-21211.0,112659.0,6859736.0,6972395,1.64,13.34,81.2
2008-09,,NT,1862.0,2905.0,1262.0,6284.0,215180.0,221464,2.92,8.65,29.6
2008-09,,QLD,59030.0,35534.0,19081.0,113033.0,4134958.0,4247991,2.73,14.28,52.2
2008-09,,SA,16691.0,7396.0,-4460.0,19188.0,1574537.0,1593725,1.22,10.6,87.0
2008-09,,TAS,2010.0,2561.0,838.0,5515.0,494547.0,500062,1.12,4.06,36.4
2008-09,,VIC,78829.0,35109.0,-1638.0,108034.0,5178515.0,5286549,2.09,15.22,73.0
2008-09,,WA,45709.0,18167.0,5743.0,70806.0,2120776.0,2191582,3.34,21.55,64.6
2008-12,,ACT,3325.0,3081.0,548.0,6925.0,344176.0,351101,2.01,9.66,48.0
2008-12,,AUS,315687.0,155794.0,0.0,459504.0,21016121.0,21475625,2.19,15.02,68.7
2008-12,,NSW,96427.0,50655.0,-21527.0,117930.0,6883852.0,7001782,1.71,14.01,81.8
2008-12,,NT,1970.0,2819.0,881.0,5908.0,216618.0,222526,2.73,9.09,33.3
2008-12,,QLD,62840.0,36033.0,17516.0,115561.0,4159990.0,4275551,2.78,15.11,54.4
2008-12,,SA,17617.0,7179.0,-4920.0,19391.0,1578489.0,1597880,1.23,11.16,90.9
2008-12,,TAS,2089.0,2629.0,1126.0,5916.0,495858.0,501774,1.19,4.21,35.3
2008-12,,VIC,83225.0,35212.0,-225.0,113782.0,5199503.0,5313285,2.19,16.01,73.1
2008-12,,WA,48189.0,18165.0,6453.0,73922.0,2135006.0,2208928,3.46,22.57,65.2
2009-03,,ACT,3637.0,3064.0,212.0,6874.0,346477.0,353351,1.98,10.5,52.9
2009-03,,AUS,310921.0,154693.0,0.0,452748.0,21148928.0,21601676,2.14,14.7,68.7
2009-03,,NSW,90910.0,50313.0,-20734.0,112516.0,6919907.0,7032423,1.63,13.14,80.8
2009-03,,NT,1934.0,2827.0,1018.0,6010.0,217912.0,223922,2.76,8.88,32.2
2009-03,,QLD,62530.0,36346.0,16299.0,114126.0,4191479.0,4305605,2.72,14.92,54.8
2009-03,,SA,17944.0,7035.0,-4716.0,19734.0,1584408.0,1604142,1.25,11.33,90.9
2009-03,,TAS,2088.0,2566.0,1194.0,5879.0,497552.0,503431,1.18,4.2,35.5
2009-03,,VIC,84162.0,34582.0,529.0,114672.0,5233000.0,5347672,2.19,16.08,73.4
2009-03,,WA,47711.0,17945.0,6052.0,72765.0,2155552.0,2228317,3.38,22.13,65.6
2009-06,2008-09,ACT,3608.0,3166.0,-309.0,6417.0,348368.0,354785,1.84,10.36,56.2
2009-06,2008-09,AUS,299866.0,156343.0,0.0,442454.0,21249199.0,21691653,2.08,14.11,67.8
2009-06,2008-09,NSW,86743.0,50538.0,-18667.0,110294.0,6943461.0,7053755,1.59,12.49,78.6
2009-06,2008-09,NT,2099.0,2890.0,934.0,6153.0,219874.0,226027,2.8,9.55,34.1
2009-06,2008-09,QLD,59319.0,36519.0,14702.0,109266.0,4219505.0,4328771,2.59,14.06,54.3
2009-06,2008-09,SA,18005.0,7201.0,-4402.0,20237.0,1588665.0,1608902,1.27,11.33,89.0
2009-06,2008-09,TAS,2127.0,2599.0,1063.0,5785.0,498568.0,504353,1.16,4.27,36.8
2009-06,2008-09,VIC,83616.0,35194.0,1523.0,115559.0,5256375.0,5371934,2.2,15.91,72.4
2009-06,2008-09,WA,44328.0,18222.0,5012.0,68550.0,2171700.0,2240250,3.16,20.41,64.7
2009-09,,ACT,3705.0,3245.0,-111.0,6767.0,349543.0,356310,1.94,10.6,54.8
2009-09,,AUS,278259.0,158728.0,0.0,422039.0,21366049.0,21788088,1.98,13.02,65.9
2009-09,,NSW,79414.0,51692.0,-15541.0,106780.0,6972395.0,7079175,1.53,11.39,74.4
2009-09,,NT,1968.0,2884.0,710.0,5791.0,221464.0,227255,2.61,8.89,34.0
2009-09,,QLD,54646.0,36771.0,12337.0,102144.0,4247991.0,4350135,2.4,12.86,53.5
2009-09,,SA,17901.0,7287.0,-3681.0,20868.0,1593725.0,1614593,1.31,11.23,85.8
2009-09,,TAS,2003.0,2644.0,795.0,5406.0,500062.0,505468,1.08,4.01,37.1
2009-09,,VIC,79838.0,35635.0,1804.0,112325.0,5286549.0,5398874,2.12,15.1,71.1
2009-09,,WA,38763.0,18557.0,3546.0,61773.0,2191582.0,2253355,2.82,17.69,62.8
2009-12,,ACT,3668.0,3281.0,-101.0,6758.0,351101.0,357859,1.92,10.45,54.3
2009-12,,AUS,246900.0,159237.0,0.0,389998.0,21475625.0,21865623,1.82,11.5,63.3
2009-12,,NSW,70164.0,51500.0,-12691.0,99722.0,7001782.0,7101504,1.42,10.02,70.4
2009-12,,NT,1690.0,2983.0,367.0,5257.0,222526.0,227783,2.36,7.59,32.1
2009-12,,QLD,47325.0,36528.0,9991.0,91903.0,4275551.0,4367454,2.15,11.07,51.5
2009-12,,SA,17173.0,7286.0,-3051.0,20698.0,1597880.0,1618578,1.3,10.75,83.0
2009-12,,TAS,1926.0,2526.0,312.0,4687.0,501774.0,506461,0.93,3.84,41.1
2009-12,,VIC,72087.0,36413.0,2592.0,105964.0,5313285.0,5419249,1.99,13.57,68.0
2009-12,,WA,32841.0,18707.0,2445.0,54819.0,2208928.0,2263747,2.48,14.87,59.9
2010-03,,ACT,3378.0,3520.0,223.0,7010.0,353351.0,360361,1.98,9.56,48.2
2010-03,,AUS,218063.0,161691.0,0.0,362421.0,21601676.0,21964097,1.68,10.09,60.2
2010-03,,NSW,63821.0,52048.0,-10219.0,95933.0,7032423.0,7128356,1.36,9.08,66.5
2010-03,,NT,1582.0,3001.0,-118.0,4678.0,223922.0,228600,2.09,7.06,33.8
2010-03,,QLD,40320.0,36600.0,7549.0,82196.0,4305605.0,4387801,1.91,9.36,49.1
2010-03,,SA,15965.0,7468.0,-2752.0,19891.0,1604142.0,1624033,1.24,9.95,80.3
2010-03,,TAS,1887.0,2472.0,507.0,4751.0,503431.0,508182,0.94,3.75,39.7
2010-03,,VIC,62447.0,37592.0,2777.0,97500.0,5347672.0,5445172,1.82,11.68,64.0
2010-03,,WA,28639.0,18979.0,1899.0,50272.0,2228317.0,2278589,2.26,12.85,57.0
2010-06,2009-10,ACT,3085.0,3593.0,427.0,6981.0,354785.0,361766,1.97,8.7,44.2
2010-06,2009-10,AUS,196058.0,162566.0,0.0,340097.0,21691653.0,22031750,1.57,9.04,57.6
2010-06,2009-10,NSW,57152.0,53036.0,-9458.0,90537.0,7053755.0,7144292,1.28,8.1,63.1
2010-06,2009-10,NT,1231.0,2964.0,-661.0,3751.0,226027.0,229778,1.66,5.45,32.8
2010-06,2009-10,QLD,35820.0,36598.0,6172.0,75973.0,4328771.0,4404744,1.76,8.27,47.1
2010-06,2009-10,SA,14537.0,7456.0,-2709.0,18420.0,1608902.0,1627322,1.14,9.04,78.9
2010-06,2009-10,TAS,1679.0,2309.0,664.0,4494.0,504353.0,508847,0.89,3.33,37.4
2010-06,2009-10,VIC,53679.0,37664.0,3314.0,89167.0,5371934.0,5461101,1.66,9.99,60.2
2010-06,2009-10,WA,28866.0,18934.0,2119.0,50595.0,2240250.0,2290845,2.26,12.89,57.1
2010-09,,ACT,2441.0,3505.0,739.0,6528.0,356310.0,362838,1.83,6.85,37.4
2010-09,,AUS,175318.0,161846.0,0.0,316314.0,21788088.0,22104402,1.45,8.05,55.4
2010-09,,NSW,51415.0,52817.0,-9554.0,83551.0,7079175.0,7162726,1.18,7.26,61.5
2010-09,,NT,1104.0,2954.0,-1024.0,3205.0,227255.0,230460,1.41,4.86,34.4
2010-09,,QLD,32161.0,36739.0,5698.0,71335.0,4350135.0,4421470,1.64,7.39,45.1
2010-09,,SA,12444.0,7284.0,-3111.0,15637.0,1614593.0,1630230,0.97,7.71,79.6
2010-09,,TAS,1428.0,2210.0,626.0,4013.0,505468.0,509481,0.79,2.83,35.6
2010-09,,VIC,44950.0,37426.0,3229.0,79836.0,5398874.0,5478710,1.48,8.33,56.3
2010-09,,WA,29365.0,18899.0,3298.0,52060.0,2253355.0,2305415,2.31,13.03,56.4
2010-12,,ACT,2001.0,3422.0,1740.0,6974.0,357859.0,364833,1.95,5.59,28.7
2010-12,,AUS,172038.0,157978.0,0.0,306846.0,21865623.0,22172469,1.4,7.87,56.1
2010-12,,NSW,50044.0,51258.0,-10849.0,78387.0,7101504.0,7179891,1.1,7.05,63.8
2010-12,,NT,1087.0,2903.0,-1599.0,2516.0,227783.0,230299,1.1,4.77,43.2
2010-12,,QLD,31670.0,36282.0,5384.0,69428.0,4367454.0,4436882,1.59,7.25,45.6
2010-12,,SA,10894.0,7143.0,-3038.0,13904.0,1618578.0,1632482,0.86,6.73,78.4
2010-12,,TAS,1230.0,2157.0,714.0,3758.0,506461.0,510219,0.74,2.43,32.7
2010-12,,VIC,43214.0,36168.0,3131.0,76462.0,5419249.0,5495711,1.41,7.97,56.5
2010-12,,WA,31897.0,18636.0,4457.0,55316.0,2263747.0,2319063,2.44,14.09,57.7
2011-03,,ACT,1752.0,3413.0,1427.0,6376.0,360361.0,366737,1.77,4.86,27.5
2011-03,,AUS,173149.0,157003.0,0.0,304661.0,21964097.0,22268758,1.39,7.88,56.8
2011-03,,NSW,50449.0,51080.0,-12144.0,76381.0,7128356.0,7204737,1.07,7.08,66.0
2011-03,,NT,1019.0,2886.0,-2347.0,1624.0,228600.0,230224,0.71,4.46,62.7
2011-03,,QLD,32418.0,36018.0,6285.0,70170.0,4387801.0,4457971,1.6,7.39,46.2
2011-03,,SA,9471.0,7057.0,-2590.0,12726.0,1624033.0,1636759,0.78,5.83,74.4
2011-03,,TAS,1022.0,2210.0,259.0,3066.0,508182.0,511248,0.6,2.01,33.3
2011-03,,VIC,42670.0,35474.0,3401.0,75206.0,5445172.0,5520378,1.38,7.84,56.7
2011-03,,WA,34334.0,18854.0,5685.0,59022.0,2278589.0,2337611,2.59,15.07,58.2
2011-06,2010-11,ACT,1738.0,3382.0,1354.0,6219.0,361766.0,367985,1.72,4.8,27.9
2011-06,2010-11,AUS,180372.0,155714.0,0.0,308274.0,22031750.0,22340024,1.4,8.19,58.5
2011-06,2010-11,NSW,51675.0,49998.0,-13496.0,74237.0,7144292.0,7218529,1.04,7.23,69.6
2011-06,2010-11,NT,1100.0,2945.0,-2549.0,1514.0,229778.0,231292,0.66,4.79,72.7
2011-06,2010-11,QLD,34629.0,35804.0,6795.0,72034.0,4404744.0,4476778,1.64,7.86,48.1
2011-06,2010-11,SA,9168.0,7070.0,-2614.0,12292.0,1627322.0,1639614,0.76,5.63,74.6
2011-06,2010-11,TAS,993.0,2202.0,-47.0,2636.0,508847.0,511483,0.52,1.95,37.7
2011-06,2010-11,VIC,44631.0,35172.0,3534.0,76716.0,5461101.0,5537817,1.4,8.17,58.2
2011-06,2010-11,WA,36425.0,19128.0,7033.0,62564.0,2290845.0,2353409,2.73,15.9,58.2
2011-09,,ACT,2364.0,3426.0,1489.0,7050.0,362838.0,369888,1.94,6.52,33.5
2011-09,,AUS,194040.0,154518.0,0.0,328369.0,22104402.0,22432771,1.49,8.78,59.1
2011-09,,NSW,53803.0,48814.0,-14901.0,76802.0,7162726.0,7239528,1.07,7.51,70.1
2011-09,,NT,1634.0,2963.0,-2224.0,2121.0,230460.0,232581,0.92,7.09,77.0
2011-09,,QLD,38314.0,34842.0,7825.0,76634.0,4421470.0,4498104,1.73,8.67,50.0
2011-09,,SA,9427.0,7288.0,-2661.0,13172.0,1630230.0,1643402,0.81,5.78,71.6
2011-09,,TAS,1163.0,2271.0,-305.0,2399.0,509481.0,511880,0.47,2.28,48.5
2011-09,,VIC,47653.0,35613.0,3705.0,85952.0,5478710.0,5564662,1.57,8.7,55.4
2011-09,,WA,39669.0,19284.0,7080.0,64197.0,2305415.0,2369612,2.78,17.21,61.8
2011-12,,ACT,3051.0,3551.0,837.0,7237.0,364833.0,372070,1.98,8.36,42.2
2011-12,,AUS,206240.0,156050.0,0.0,349728.0,22172469.0,22522197,1.58,9.3,59.0
2011-12,,NSW,54165.0,48622.0,-16069.0,78831.0,7179891.0,7258722,1.1,7.54,68.7
2011-12,,NT,2069.0,2909.0,-1823.0,2653.0,230299.0,232952,1.15,8.98,78.0
2011-12,,QLD,40922.0,34955.0,9387.0,81767.0,4436882.0,4518649,1.84,9.22,50.0
2011-12,,SA,10432.0,7501.0,-2804.0,14701.0,1632482.0,1647183,0.9,6.39,71.0
2011-12,,TAS,1247.0,2300.0,-1063.0,1520.0,510219.0,511739,0.3,2.44,82.0
2011-12,,VIC,51062.0,36594.0,3882.0,96107.0,5495711.0,5591818,1.75,9.29,53.1
2011-12,,WA,43277.0,19593.0,7660.0,66884.0,2319063.0,2385947,2.88,18.66,64.7
2012-03,,ACT,3734.0,3581.0,978.0,8116.0,366737.0,374853,2.21,10.18,46.0
2012-03,,AUS,219276.0,157854.0,0.0,372185.0,22268758.0,22640943,1.67,9.85,58.9
2012-03,,NSW,54106.0,48648.0,-17657.0,80245.0,7204737.0,7284982,1.11,7.51,67.4
2012-03,,NT,2917.0,2964.0,-1086.0,4051.0,230224.0,234275,1.76,12.67,72.0
2012-03,,QLD,43693.0,35536.0,11094.0,87642.0,4457971.0,4545613,1.97,9.8,49.9
2012-03,,SA,11771.0,7512.0,-3347.0,15957.0,1636759.0,1652716,0.97,7.19,73.8
2012-03,,TAS,1384.0,2137.0,-1586.0,745.0,511248.0,511993,0.15,2.71,185.8
2012-03,,VIC,53775.0,37683.0,3314.0,104976.0,5520378.0,5625354,1.9,9.74,51.2
2012-03,,WA,47893.0,19767.0,8294.0,70497.0,2337611.0,2408108,3.02,20.49,67.9
2012-06,2011-12,ACT,4019.0,3564.0,1145.0,8554.0,367985.0,376539,2.32,10.92,47.0
2012-06,2011-12,AUS,231947.0,158822.0,0.0,393441.0,22340024.0,22733465,1.76,10.38,59.0
2012-06,2011-12,NSW,57226.0,48421.0,-18115.0,85715.0,7218529.0,7304244,1.19,7.93,66.8
2012-06,2011-12,NT,3326.0,2994.0,-691.0,4623.0,231292.0,235915,2.0,14.38,71.9
2012-06,2011-12,QLD,46538.0,35433.0,11782.0,91909.0,4476778.0,4568687,2.05,10.4,50.6
2012-06,2011-12,SA,12358.0,7494.0,-3220.0,17111.0,1639614.0,1656725,1.04,7.54,72.2
2012-06,2011-12,TAS,1524.0,2066.0,-1925.0,241.0,511483.0,511724,0.05,2.98,632.4
2012-06,2011-12,VIC,56174.0,38850.0,2417.0,113274.0,5537817.0,5651091,2.05,10.14,49.6
2012-06,2011-12,WA,50780.0,19970.0,8609.0,72098.0,2353409.0,2425507,3.06,21.58,70.4
2012-09,,ACT,4003.0,3682.0,1192.0,8698.0,369888.0,378586,2.35,10.82,46.0
2012-09,,AUS,239848.0,158708.0,0.0,401151.0,22432771.0,22833922,1.79,10.69,59.8
2012-09,,NSW,59664.0,48472.0,-18203.0,88086.0,7239528.0,7327614,1.22,8.24,67.7
2012-09,,NT,3642.0,2989.0,-690.0,4936.0,232581.0,237517,2.12,15.66,73.8
2012-09,,QLD,48158.0,35614.0,12127.0,93996.0,4498104.0,4592100,2.09,10.71,51.2
2012-09,,SA,12448.0,7278.0,-3403.0,16796.0,1643402.0,1660198,1.02,7.57,74.1
2012-09,,TAS,1439.0,1862.0,-2166.0,-298.0,511880.0,511582,-0.06,2.81,
2012-09,,VIC,58548.0,38799.0,2494.0,115758.0,5564662.0,5680420,2.08,10.52,50.6
2012-09,,WA,51945.0,19978.0,8649.0,73264.0,2369612.0,2442876,3.09,21.92,70.9
2012-12,,ACT,3555.0,3754.0,616.0,7742.0,372070.0,379812,2.08,9.55,45.9
2012-12,,AUS,240248.0,163064.0,0.0,405826.0,22522197.0,22928023,1.8,10.67,59.2
2012-12,,NSW,63135.0,50146.0,-16922.0,94467.0,7258722.0,7353189,1.3,8.7,66.8
2012-12,,NT,4119.0,3039.0,-381.0,5776.0,232952.0,238728,2.48,17.68,71.3
2012-12,,QLD,47264.0,36437.0,10925.0,92655.0,4518649.0,4611304,2.05,10.46,51.0
2012-12,,SA,11874.0,7369.0,-3816.0,15899.0,1647183.0,1663082,0.97,7.21,74.7
2012-12,,TAS,1582.0,1706.0,-1775.0,74.0,511739.0,511813,0.01,3.09,2137.8
2012-12,,VIC,58753.0,39763.0,3248.0,117768.0,5591818.0,5709586,2.11,10.51,49.9
2012-12,,WA,49965.0,20820.0,8104.0,71542.0,2385947.0,2457489,3.0,20.94,69.8
2013-03,,ACT,3146.0,3722.0,556.0,7229.0,374853.0,382082,1.93,8.39,43.5
2013-03,,AUS,237462.0,162153.0,0.0,402061.0,22640943.0,23043004,1.78,10.49,59.1
2013-03,,NSW,65937.0,49672.0,-15699.0,97975.0,7284982.0,7382957,1.34,9.05,67.3
2013-03,,NT,4169.0,2996.0,-332.0,5832.0,234275.0,240107,2.49,17.8,71.5
2013-03,,QLD,45357.0,35776.0,9718.0,88817.0,4545613.0,4634430,1.95,9.98,51.1
2013-03,,SA,11589.0,7413.0,-4142.0,15340.0,1652716.0,1668056,0.93,7.01,75.5
2013-03,,TAS,1523.0,1687.0,-1506.0,247.0,511993.0,512240,0.05,2.97,616.6
2013-03,,VIC,59258.0,39850.0,4371.0,119561.0,5625354.0,5744915,2.13,10.53,49.6
2013-03,,WA,46482.0,21005.0,7033.0,67134.0,2408108.0,2475242,2.79,19.3,69.2
2013-06,2012-13,ACT,2915.0,3798.0,202.0,6718.0,376539.0,383257,1.78,7.74,43.4
2013-06,2012-13,AUS,230329.0,161958.0,0.0,394664.0,22733465.0,23128129,1.74,10.13,58.4
2013-06,2012-13,NSW,66763.0,49645.0,-14645.0,99788.0,7304244.0,7404032,1.37,9.14,66.9
2013-06,2012-13,NT,4354.0,2942.0,-481.0,5807.0,235915.0,241722,2.46,18.46,75.0
2013-06,2012-13,QLD,41831.0,35527.0,8874.0,84137.0,4568687.0,4652824,1.84,9.16,49.7
2013-06,2012-13,SA,11678.0,7363.0,-4761.0,14763.0,1656725.0,1671488,0.89,7.05,79.1
2013-06,2012-13,TAS,1614.0,1648.0,-1286.0,507.0,511724.0,512231,0.1,3.15,318.3
2013-06,2012-13,VIC,59034.0,39954.0,6420.0,121578.0,5651091.0,5772669,2.15,10.45,48.6
2013-06,2012-13,WA,42138.0,21051.0,5676.0,61437.0,2425507.0,2486944,2.53,17.37,68.6
2013-09,,ACT,2773.0,3835.0,-305.0,6104.0,378586.0,384690,1.61,7.32,45.4
2013-09,,AUS,221214.0,162611.0,0.0,386309.0,22833922.0,23220231,1.69,9.69,57.3
2013-09,,NSW,68856.0,48806.0,-12572.0,103290.0,7327614.0,7430904,1.41,9.4,66.7
2013-09,,NT,3682.0,2903.0,-789.0,4784.0,237517.0,242301,2.01,15.5,77.0
2013-09,,QLD,37242.0,36180.0,7406.0,78684.0,4592100.0,4670784,1.71,8.11,47.3
2013-09,,SA,11973.0,7347.0,-4697.0,15115.0,1660198.0,1675313,0.91,7.21,79.2
2013-09,,TAS,1823.0,1680.0,-1092.0,928.0,511582.0,512510,0.18,3.56,196.4
2013-09,,VIC,59512.0,40452.0,7889.0,124079.0,5680420.0,5804499,2.18,10.48,48.0
2013-09,,WA,35351.0,21384.0,4160.0,53409.0,2442876.0,2496285,2.19,14.47,66.2
2013-12,,ACT,2648.0,3840.0,230.0,6506.0,379812.0,386318,1.71,6.97,40.7
2013-12,,AUS,208379.0,158791.0,0.0,369754.0,22928023.0,23297777,1.61,9.09,56.4
2013-12,,NSW,67583.0,47102.0,-11320.0,101749.0,7353189.0,7454938,1.38,9.19,66.4
2013-12,,NT,3193.0,2936.0,-1536.0,3576.0,238728.0,242304,1.5,13.38,89.3
2013-12,,QLD,33462.0,35448.0,7426.0,74135.0,4611304.0,4685439,1.61,7.26,45.1
2013-12,,SA,12134.0,7082.0,-4745.0,14970.0,1663082.0,1678052,0.9,7.3,81.1
2013-12,,TAS,1791.0,1663.0,-760.0,1202.0,511813.0,513015,0.23,3.5,149.0
2013-12,,VIC,58503.0,39622.0,8596.0,122999.0,5709586.0,5832585,2.15,10.25,47.6
2013-12,,WA,29061.0,21076.0,2109.0,44699.0,2457489.0,2502188,1.82,11.83,65.0
2014-03,,ACT,2804.0,3896.0,-371.0,6108.0,382082.0,388190,1.6,7.34,45.9
2014-03,,AUS,202191.0,158305.0,0.0,363189.0,23043004.0,23406193,1.58,8.77,55.7
2014-03,,NSW,68684.0,46188.0,-8552.0,104877.0,7382957.0,7487834,1.42,9.3,65.5
2014-03,,NT,2669.0,2899.0,-1867.0,2683.0,240107.0,242790,1.12,11.12,99.5
2014-03,,QLD,30966.0,35690.0,6347.0,70757.0,4634430.0,4705187,1.53,6.68,43.8
2014-03,,SA,12209.0,7084.0,-4313.0,15488.0,1668056.0,1683544,0.93,7.32,78.8
2014-03,,TAS,1816.0,1681.0,-551.0,1441.0,512240.0,513681,0.28,3.55,126.0
2014-03,,VIC,59175.0,39723.0,9369.0,124596.0,5744915.0,5869511,2.17,10.3,47.5
2014-03,,WA,23865.0,21120.0,-62.0,37314.0,2475242.0,2512556,1.51,9.64,64.0
2014-06,2013-14,ACT,2715.0,3863.0,-812.0,5542.0,383257.0,388799,1.45,7.08,49.0
2014-06,2013-14,AUS,187778.0,156976.0,0.0,347557.0,23128129.0,23475686,1.5,8.12,54.0
2014-06,2013-14,NSW,66992.0,45343.0,-6751.0,104321.0,7404032.0,7508353,1.41,9.05,64.2
2014-06,2013-14,NT,1752.0,2864.0,-2421.0,1172.0,241722.0,242894,0.48,7.25,149.5
2014-06,2013-14,QLD,27217.0,35621.0,6294.0,66829.0,4652824.0,4719653,1.44,5.85,40.7
2014-06,2013-14,SA,11640.0,7192.0,-3890.0,15457.0,1671488.0,1686945,0.92,6.96,75.3
2014-06,2013-14,TAS,1801.0,1540.0,-435.0,1390.0,512231.0,513621,0.27,3.52,129.6
2014-06,2013-14,VIC,56906.0,39219.0,9739.0,122248.0,5772669.0,5894917,2.12,9.86,46.5
2014-06,2013-14,WA,18750.0,21308.0,-1724.0,30664.0,2486944.0,2517608,1.23,7.54,61.1
2014-09,,ACT,3055.0,3795.0,-671.0,5964.0,384690.0,390654,1.55,7.94,51.2
2014-09,,AUS,183735.0,155718.0,0.0,342670.0,23220231.0,23562901,1.48,7.91,53.6
2014-09,,NSW,67666.0,45046.0,-6222.0,105373.0,7430904.0,7536277,1.42,9.11,64.2
2014-09,,NT,1563.0,2829.0,-2456.0,900.0,242301.0,243201,0.37,6.45,173.7
2014-09,,QLD,24700.0,35022.0,6432.0,63829.0,4670784.0,4734613,1.37,5.29,38.7
2014-09,,SA,11057.0,7051.0,-3842.0,14820.0,1675313.0,1690133,0.88,6.6,74.6
2014-09,,TAS,1661.0,1481.0,-244.0,1388.0,512510.0,513898,0.27,3.24,119.7
2014-09,,VIC,57642.0,39006.0,9391.0,122700.0,5804499.0,5927199,2.11,9.93,47.0
2014-09,,WA,16386.0,21467.0,-2388.0,27757.0,2496285.0,2524042,1.11,6.56,59.0
2014-12,,ACT,3213.0,3794.0,-1131.0,5663.0,386318.0,391981,1.47,8.32,56.7
2014-12,,AUS,182345.0,156565.0,0.0,342554.0,23297777.0,23640331,1.47,7.83,53.2
2014-12,,NSW,68352.0,45421.0,-5582.0,107233.0,7454938.0,7562171,1.44,9.17,63.7
2014-12,,NT,1141.0,2792.0,-2439.0,449.0,242304.0,242753,0.19,4.71,254.1
2014-12,,QLD,23033.0,34953.0,6179.0,61824.0,4685439.0,4747263,1.32,4.92,37.3
2014-12,,SA,10974.0,7152.0,-3657.0,15055.0,1678052.0,1693107,0.9,6.54,72.9
2014-12,,TAS,1725.0,1420.0,-624.0,1025.0,513015.0,514040,0.2,3.36,168.3
2014-12,,VIC,58393.0,39357.0,10241.0,124927.0,5832585.0,5957512,2.14,10.01,46.7
2014-12,,WA,15512.0,21650.0,-2987.0,26431.0,2502188.0,2528619,1.06,6.2,58.7
2015-03,,ACT,3305.0,3754.0,-548.0,6301.0,388190.0,394491,1.62,8.51,52.5
2015-03,,AUS,181080.0,154285.0,0.0,339436.0,23406193.0,23745629,1.45,7.74,53.3
2015-03,,NSW,69444.0,45541.0,-6287.0,107897.0,7487834.0,7595731,1.44,9.27,64.4
2015-03,,NT,1211.0,2835.0,-2713.0,269.0,242790.0,243059,0.11,4.99,450.2
2015-03,,QLD,21257.0,33700.0,6650.0,59252.0,4705187.0,4764439,1.26,4.52,35.9
2015-03,,SA,11210.0,6807.0,-3757.0,14889.0,1683544.0,1698433,0.88,6.66,75.3
2015-03,,TAS,1737.0,1313.0,-432.0,1131.0,513681.0,514812,0.22,3.38,153.6
2015-03,,VIC,58925.0,38860.0,10691.0,125694.0,5869511.0,5995205,2.14,10.04,46.9
2015-03,,WA,13989.0,21452.0,-3605.0,24048.0,2512556.0,2536604,0.96,5.57,58.2
2015-06,2014-15,ACT,3496.0,3819.0,-103.0,7014.0,388799.0,395813,1.8,8.99,49.8
2015-06,2014-15,AUS,184033.0,151779.0,0.0,340309.0,23475686.0,23815995,1.45,7.84,54.1
2015-06,2014-15,NSW,70309.0,44923.0,-6776.0,107815.0,7508353.0,7616168,1.44,9.36,65.2
2015-06,2014-15,NT,2354.0,2857.0,-2341.0,1798.0,242894.0,244692,0.74,9.69,130.9
2015-06,2014-15,QLD,20434.0,33117.0,6861.0,58039.0,4719653.0,4777692,1.23,4.33,35.2
2015-06,2014-15,SA,11152.0,6472.0,-4570.0,13723.0,1686945.0,1700668,0.81,6.61,81.3
2015-06,2014-15,TAS,1523.0,1329.0,127.0,1496.0,513621.0,515117,0.29,2.97,101.8
2015-06,2014-15,VIC,60694.0,38143.0,11079.0,127405.0,5894917.0,6022322,2.16,10.3,47.6
2015-06,2014-15,WA,14071.0,21096.0,-4278.0,23064.0,2517608.0,2540672,0.92,5.59,61.0
2015-09,,ACT,3304.0,3787.0,-19.0,6886.0,390654.0,397540,1.76,8.46,48.0
2015-09,,AUS,184227.0,150622.0,0.0,341370.0,23562901.0,23904271,1.45,7.82,54.0
2015-09,,NSW,71477.0,45130.0,-7598.0,109047.0,7536277.0,7645324,1.45,9.48,65.5
2015-09,,NT,1834.0,2888.0,-2334.0,1369.0,243201.0,244570,0.56,7.54,134.0
2015-09,,QLD,19288.0,32540.0,7327.0,56907.0,4734613.0,4791520,1.2,4.07,33.9
2015-09,,SA,11288.0,6297.0,-4916.0,13570.0,1690133.0,1703703,0.8,6.68,83.2
2015-09,,TAS,1633.0,1114.0,507.0,1799.0,513898.0,515697,0.35,3.18,90.8
2015-09,,VIC,61962.0,38026.0,12037.0,130359.0,5927199.0,6057558,2.2,10.45,47.5
2015-09,,WA,13439.0,20817.0,-5007.0,21467.0,2524042.0,2545509,0.85,5.32,62.6
2015-12,,ACT,3270.0,3771.0,25.0,6893.0,391981.0,398874,1.76,8.34,47.4
2015-12,,AUS,186730.0,148985.0,0.0,344250.0,23640331.0,23984581,1.46,7.9,54.2
2015-12,,NSW,72838.0,44580.0,-8903.0,109230.0,7562171.0,7671401,1.44,9.63,66.7
2015-12,,NT,1544.0,2851.0,-2081.0,1337.0,242753.0,244090,0.55,6.36,115.5
2015-12,,QLD,19480.0,31575.0,8741.0,57670.0,4747263.0,4804933,1.21,4.1,33.8
2015-12,,SA,11251.0,6212.0,-5754.0,12830.0,1693107.0,1705937,0.76,6.65,87.7
2015-12,,TAS,1413.0,1032.0,619.0,1654.0,514040.0,515694,0.32,2.75,85.4
2015-12,,VIC,64191.0,38220.0,13945.0,135537.0,5957512.0,6093049,2.28,10.77,47.4
2015-12,,WA,12741.0,20724.0,-6600.0,19126.0,2528619.0,2547745,0.76,5.04,66.6
2016-03,,ACT,3358.0,3802.0,192.0,7182.0,394491.0,401673,1.82,8.51,46.8
2016-03,,AUS,195976.0,151267.0,0.0,357796.0,23745629.0,24103425,1.51,8.25,54.8
2016-03,,NSW,75996.0,44796.0,-10503.0,111681.0,7595731.0,7707412,1.47,10.01,68.0
2016-03,,NT,1444.0,2842.0,-1797.0,1568.0,243059.0,244627,0.65,5.94,92.1
2016-03,,QLD,21376.0,32175.0,10546.0,62099.0,4764439.0,4826538,1.3,4.49,34.4
2016-03,,SA,10852.0,6387.0,-6682.0,11901.0,1698433.0,1710334,0.7,6.39,91.2
2016-03,,TAS,1583.0,1131.0,711.0,2049.0,514812.0,516861,0.4,3.07,77.3
2016-03,,VIC,68880.0,39071.0,15442.0,143422.0,5995205.0,6138627,2.39,11.49,48.0
2016-03,,WA,12483.0,21044.0,-7923.0,17902.0,2536604.0,2554506,0.71,4.92,69.7
2016-06,2015-16,ACT,3330.0,3734.0,383.0,7291.0,395813.0,403104,1.84,8.41,45.7
2016-06,2015-16,AUS,206233.0,154351.0,0.0,374912.0,23815995.0,24190907,1.57,8.66,55.0
2016-06,2015-16,NSW,80007.0,46155.0,-11539.0,116690.0,7616168.0,7732858,1.53,10.5,68.6
2016-06,2015-16,NT,1048.0,2837.0,-2029.0,986.0,244692.0,245678,0.4,4.28,106.3
2016-06,2015-16,QLD,24952.0,32386.0,11986.0,67460.0,4777692.0,4845152,1.41,5.22,37.0
2016-06,2015-16,SA,11283.0,6539.0,-7212.0,12175.0,1700668.0,1712843,0.72,6.63,92.7
2016-06,2015-16,TAS,1771.0,1194.0,760.0,2397.0,515117.0,517514,0.47,3.44,73.9
2016-06,2015-16,VIC,72215.0,40125.0,17639.0,150850.0,6022322.0,6173172,2.5,11.99,47.9
2016-06,2015-16,WA,11621.0,21362.0,-10010.0,15306.0,2540672.0,2555978,0.6,4.57,75.9
2016-09,,ACT,3700.0,3750.0,846.0,8500.0,397540.0,406040,2.14,9.31,43.5
2016-09,,AUS,229509.0,154883.0,0.0,393259.0,23904271.0,24297530,1.65,9.6,58.4
2016-09,,NSW,89662.0,46302.0,-11987.0,122591.0,7645324.0,7767915,1.6,11.73,73.1
2016-09,,NT,1892.0,2853.0,-1949.0,1873.0,244570.0,246443,0.77,7.74,101.0
2016-09,,QLD,29711.0,32467.0,13246.0,73783.0,4791520.0,4865303,1.54,6.2,40.3
2016-09,,SA,11992.0,6704.0,-7360.0,13572.0,1703703.0,1717275,0.8,7.04,88.4
2016-09,,TAS,1839.0,1319.0,754.0,3909.0,515697.0,519606,0.76,3.57,47.0
2016-09,,VIC,78585.0,40248.0,17410.0,148294.0,6057558.0,6205852,2.45,12.97,53.0
2016-09,,WA,12120.0,21213.0,-10980.0,18983.0,2545509.0,2564492,0.75,4.76,63.8
2016-12,,ACT,3847.0,3671.0,1911.0,10004.0,398874.0,408878,2.51,9.64,38.5
2016-12,,AUS,243829.0,153212.0,0.0,400483.0,23984581.0,24385064,1.67,10.17,60.9
2016-12,,NSW,96202.0,46167.0,-13318.0,124224.0,7671401.0,7795625,1.62,12.54,77.4
2016-12,,NT,2087.0,2930.0,-2069.0,1975.0,244090.0,246065,0.81,8.55,105.7
2016-12,,QLD,32427.0,32353.0,14622.0,78006.0,4804933.0,4882939,1.62,6.75,41.6
2016-12,,SA,12107.0,6316.0,-7693.0,13643.0,1705937.0,1719580,0.8,7.1,88.7
2016-12,,TAS,2277.0,1285.0,1424.0,6287.0,515694.0,521981,1.22,4.42,36.2
2016-12,,VIC,82908.0,39506.0,17106.0,142732.0,6093049.0,6235781,2.34,13.61,58.1
2016-12,,WA,11963.0,20961.0,-11998.0,21861.0,2547745.0,2569606,0.86,4.7,54.7
2017-03,,ACT,4134.0,3614.0,2634.0,11344.0,401673.0,413017,2.82,10.29,36.4
2017-03,,AUS,259585.0,150436.0,0.0,407984.0,24103425.0,24511409,1.69,10.77,63.6
2017-03,,NSW,103198.0,45856.0,-14664.0,126051.0,7707412.0,7833463,1.64,13.39,81.9
2017-03,,NT,1906.0,2863.0,-2154.0,1604.0,244627.0,246231,0.66,7.79,118.8
2017-03,,QLD,33923.0,31290.0,15786.0,79832.0,4826538.0,4906370,1.65,7.03,42.5
2017-03,,SA,12428.0,6072.0,-7174.0,14919.0,1710334.0,1725253,0.87,7.27,83.3
2017-03,,TAS,2334.0,1065.0,1690.0,7713.0,516861.0,524574,1.49,4.52,30.3
2017-03,,VIC,89909.0,39255.0,16449.0,139928.0,6138627.0,6278555,2.28,14.65,64.3
2017-03,,WA,11742.0,20400.0,-12575.0,24770.0,2554506.0,2579276,0.97,4.6,47.4
2017-06,2016-17,ACT,4148.0,3543.0,2915.0,11942.0,403104.0,415046,2.96,10.29,34.7
2017-06,2016-17,AUS,263351.0,147602.0,0.0,401681.0,24190907.0,24592588,1.66,10.89,65.6
2017-06,2016-17,NSW,105502.0,44737.0,-15964.0,122458.0,7732858.0,7855316,1.58,13.64,86.2
2017-06,2016-17,NT,1845.0,2861.0,-1933.0,1734.0,245678.0,247412,0.71,7.51,106.4
2017-06,2016-17,QLD,34075.0,30607.0,17494.0,81228.0,4845152.0,4926380,1.68,7.03,41.9
2017-06,2016-17,SA,12175.0,5683.0,-6300.0,15830.0,1712843.0,1728673,0.92,7.11,76.9
2017-06,2016-17,TAS,2344.0,1030.0,1941.0,9248.0,517514.0,526762,1.79,4.53,25.3
2017-06,2016-17,VIC,91243.0,38998.0,13748.0,129436.0,6173172.0,6302608,2.1,14.78,70.5
2017-06,2016-17,WA,12009.0,20140.0,-11901.0,29742.0,2555978.0,2585720,1.16,4.7,40.4
2017-09,,ACT,4455.0,3435.0,2705.0,11924.0,406040.0,417964,2.94,10.97,37.4
2017-09,,AUS,259426.0,142603.0,0.0,392541.0,24297530.0,24690071,1.62,10.68,66.1
2017-09,,NSW,103506.0,42856.0,-17602.0,116837.0,7767915.0,7884752,1.5,13.32,88.6
2017-09,,NT,1385.0,2775.0,-2055.0,1071.0,246443.0,247514,0.43,5.62,129.3
2017-09,,QLD,31762.0,29646.0,19484.0,79826.0,4865303.0,4945129,1.64,6.53,39.8
2017-09,,SA,12328.0,5235.0,-6082.0,15780.0,1717275.0,1733055,0.92,7.18,78.1
2017-09,,TAS,2777.0,706.0,2317.0,9744.0,519606.0,529350,1.88,5.34,28.5
2017-09,,VIC,91291.0,37955.0,13027.0,127662.0,6205852.0,6333514,2.06,14.71,71.5
2017-09,,WA,11926.0,20000.0,-11794.0,29646.0,2564492.0,2594138,1.16,4.65,40.2
2017-12,,ACT,4348.0,3365.0,2311.0,11348.0,408878.0,420226,2.78,10.63,38.3
2017-12,,AUS,241661.0,142005.0,0.0,373954.0,24385064.0,24759018,1.53,9.91,64.6
2017-12,,NSW,94928.0,42401.0,-19983.0,105321.0,7795625.0,7900946,1.35,12.18,90.1
2017-12,,NT,1242.0,2696.0,-2115.0,797.0,246065.0,246862,0.32,5.05,155.8
2017-12,,QLD,27637.0,29104.0,22465.0,78026.0,4882939.0,4960965,1.6,5.66,35.4
2017-12,,SA,12103.0,5062.0,-5418.0,16074.0,1719580.0,1735654,0.93,7.04,75.3
2017-12,,TAS,2571.0,705.0,2347.0,9580.0,521981.0,531561,1.84,4.93,26.8
2017-12,,VIC,87132.0,38700.0,11264.0,122429.0,6235781.0,6358210,1.96,13.97,71.2
2017-12,,WA,11702.0,19971.0,-10871.0,30322.0,2569606.0,2599928,1.18,4.55,38.6
2018-03,,ACT,4359.0,3258.0,1852.0,10793.0,413017.0,423810,2.61,10.55,40.4
2018-03,,AUS,237997.0,142279.0,0.0,370342.0,24511409.0,24881751,1.51,9.71,64.3
2018-03,,NSW,92158.0,42519.0,-21317.0,101225.0,7833463.0,7934688,1.29,11.76,91.0
2018-03,,NT,1125.0,2680.0,-2347.0,443.0,246231.0,246674,0.18,4.57,254.0
2018-03,,QLD,27604.0,29417.0,23867.0,79585.0,4906370.0,4985955,1.62,5.63,34.7
2018-03,,SA,12599.0,5072.0,-5022.0,17002.0,1725253.0,1742255,0.99,7.3,74.1
2018-03,,TAS,2558.0,813.0,2836.0,10180.0,524574.0,534754,1.94,4.88,25.1
2018-03,,VIC,86299.0,38673.0,9775.0,120031.0,6278555.0,6398586,1.91,13.75,71.9
2018-03,,WA,11294.0,19851.0,-9644.0,31044.0,2579276.0,2610320,1.2,4.38,36.4
2018-06,2017-18,ACT,4598.0,3198.0,1928.0,11035.0,415046.0,426081,2.66,11.08,41.7
2018-06,2017-18,AUS,238224.0,142604.0,0.0,370670.0,24592588.0,24963258,1.51,9.69,64.3
2018-06,2017-18,NSW,90650.0,43254.0,-22499.0,99160.0,7855316.0,7954476,1.26,11.54,91.4
2018-06,2017-18,NT,758.0,2614.0,-2677.0,-317.0,247412.0,247095,-0.13,3.06,
2018-06,2017-18,QLD,27741.0,29356.0,24563.0,80243.0,4926380.0,5006623,1.63,5.63,34.6
2018-06,2017-18,SA,12724.0,5031.0,-4672.0,17464.0,1728673.0,1746137,1.01,7.36,72.9
2018-06,2017-18,TAS,2803.0,703.0,3029.0,10529.0,526762.0,537291,2.0,5.32,26.6
2018-06,2017-18,VIC,86968.0,39129.0,9101.0,120430.0,6302608.0,6423038,1.91,13.8,72.2
2018-06,2017-18,WA,11980.0,19308.0,-8773.0,32072.0,2585720.0,2617792,1.24,4.63,37.4
2018-09,,ACT,4228.0,3153.0,1762.0,10453.0,417964.0,428417,2.5,10.12,40.4
2018-09,,AUS,242320.0,145498.0,0.0,377328.0,24690071.0,25067399,1.53,9.81,64.2
2018-09,,NSW,90062.0,45348.0,-23156.0,99773.0,7884752.0,7984525,1.27,11.42,90.3
2018-09,,NT,709.0,2635.0,-2850.0,-508.0,247514.0,247006,-0.21,2.86,
2018-09,,QLD,30297.0,29619.0,24077.0,82414.0,4945129.0,5027543,1.67,6.13,36.8
2018-09,,SA,13472.0,5091.0,-4174.0,18794.0,1733055.0,1751849,1.08,7.77,71.7
2018-09,,TAS,2945.0,1022.0,2910.0,10891.0,529350.0,540241,2.06,5.56,27.0
2018-09,,VIC,87977.0,39520.0,8763.0,121462.0,6333514.0,6454976,1.92,13.89,72.4
2018-09,,WA,12621.0,19096.0,-7332.0,33983.0,2594138.0,2628121,1.31,4.87,37.1
2018-12,,ACT,3816.0,3166.0,2240.0,10532.0,420226.0,430758,2.51,9.08,36.2
2018-12,,AUS,252220.0,145721.0,0.0,387122.0,24759018.0,25146140,1.56,10.19,65.2
2018-12,,NSW,92886.0,45861.0,-23411.0,102618.0,7900946.0,8003564,1.3,11.76,90.5
2018-12,,NT,556.0,2598.0,-3109.0,-942.0,246862.0,245920,-0.38,2.25,
2018-12,,QLD,33737.0,30046.0,23424.0,85469.0,4960965.0,5046434,1.72,6.8,39.5
2018-12,,SA,13964.0,5360.0,-3687.0,20061.0,1735654.0,1755715,1.16,8.05,69.6
2018-12,,TAS,3165.0,1121.0,3044.0,11366.0,531561.0,542927,2.14,5.95,27.8
2018-12,,VIC,89537.0,38774.0,7998.0,121485.0,6358210.0,6479695,1.91,14.08,73.7
2018-12,,WA,14550.0,18784.0,-6499.0,36476.0,2599928.0,2636404,1.4,5.6,39.9
2019-03,,ACT,3274.0,3218.0,2182.0,9991.0,423810.0,433801,2.36,7.73,32.8
2019-03,,AUS,250669.0,143667.0,0.0,383181.0,24881751.0,25264932,1.54,10.07,65.4
2019-03,,NSW,89565.0,45362.0,-23678.0,98303.0,7934688.0,8032991,1.24,11.29,91.1
2019-03,,NT,792.0,2600.0,-3068.0,-658.0,246674.0,246016,-0.27,3.21,
2019-03,,QLD,33694.0,29692.0,22860.0,84351.0,4985955.0,5070306,1.69,6.76,39.9
2019-03,,SA,14420.0,5126.0,-3356.0,20634.0,1742255.0,1762889,1.18,8.28,69.9
2019-03,,TAS,3376.0,1048.0,2576.0,11049.0,534754.0,545803,2.07,6.31,30.6
2019-03,,VIC,89085.0,38319.0,7575.0,120130.0,6398586.0,6518716,1.88,13.92,74.2
2019-03,,WA,16449.0,18288.0,-5091.0,39321.0,2610320.0,2649641,1.51,6.3,41.8
2019-06,2018-19,ACT,2809.0,3291.0,2225.0,9649.0,426081.0,435730,2.26,6.59,29.1
2019-06,2018-19,AUS,241338.0,141719.0,0.0,371568.0,24963258.0,25334826,1.49,9.67,65.0
2019-06,2018-19,NSW,84543.0,44731.0,-23830.0,92272.0,7954476.0,8046748,1.16,10.63,91.6
2019-06,2018-19,NT,932.0,2524.0,-3012.0,-536.0,247095.0,246559,-0.22,3.77,
2019-06,2018-19,QLD,31749.0,29880.0,22646.0,82224.0,5006623.0,5088847,1.64,6.34,38.6
2019-06,2018-19,SA,15141.0,4971.0,-3313.0,21258.0,1746137.0,1767395,1.22,8.67,71.2
2019-06,2018-19,TAS,3185.0,1084.0,2211.0,10550.0,537291.0,547841,1.96,5.93,30.2
2019-06,2018-19,VIC,85476.0,37187.0,6480.0,114267.0,6423038.0,6537305,1.78,13.31,74.8
2019-06,2018-19,WA,17484.0,18045.0,-3407.0,41833.0,2617792.0,2659625,1.6,6.68,41.8
2019-09,,ACT,2580.0,3446.0,2879.0,10216.0,428417.0,438633,2.38,6.02,25.3
2019-09,,AUS,242035.0,140531.0,0.0,370674.0,25067399.0,25438073,1.48,9.66,65.3
2019-09,,NSW,80290.0,44212.0,-24245.0,86825.0,7984525.0,8071350,1.09,10.06,92.5
2019-09,,NT,885.0,2496.0,-2716.0,-329.0,247006.0,246677,-0.13,3.58,
2019-09,,QLD,32593.0,29337.0,23361.0,82997.0,5027543.0,5110540,1.65,6.48,39.3
2019-09,,SA,15903.0,5172.0,-3382.0,22157.0,1751849.0,1774006,1.26,9.08,71.8
2019-09,,TAS,2897.0,1040.0,1690.0,9706.0,540241.0,549947,1.8,5.36,29.8
2019-09,,VIC,85832.0,36670.0,5168.0,112922.0,6454976.0,6567898,1.75,13.3,76.0
2019-09,,WA,21024.0,18161.0,-2755.0,46125.0,2628121.0,2674246,1.76,8.0,45.6
2019-12,,ACT,2233.0,3456.0,2529.0,9509.0,430758.0,440267,2.21,5.18,23.5
2019-12,,AUS,247620.0,139003.0,0.0,374328.0,25146140.0,25520468,1.49,9.85,66.2
2019-12,,NSW,79284.0,43820.0,-24613.0,84797.0,8003564.0,8088361,1.06,9.91,93.5
2019-12,,NT,991.0,2462.0,-2154.0,293.0,245920.0,246213,0.12,4.03,338.2
2019-12,,QLD,33915.0,28964.0,22955.0,83307.0,5046434.0,5129741,1.65,6.72,40.7
2019-12,,SA,16643.0,4996.0,-2885.0,23213.0,1755715.0,1778928,1.32,9.48,71.7
2019-12,,TAS,3967.0,1013.0,1352.0,10413.0,542927.0,553340,1.92,7.31,38.1
2019-12,,VIC,85063.0,35942.0,3962.0,110355.0,6479695.0,6590050,1.7,13.13,77.1
2019-12,,WA,25505.0,18357.0,-1146.0,52395.0,2636404.0,2688799,1.99,9.67,48.7
2020-03,,ACT,2413.0,3401.0,2147.0,9234.0,433801.0,443035,2.13,5.56,26.1
2020-03,,AUS,239245.0,136444.0,0.0,362992.0,25264932.0,25627924,1.44,9.47,65.9
2020-03,,NSW,73833.0,43183.0,-24051.0,79010.0,8032991.0,8112001,0.98,9.19,93.4
2020-03,,NT,1036.0,2444.0,-1519.0,953.0,246016.0,246969,0.39,4.21,108.7
2020-03,,QLD,35089.0,28329.0,23346.0,83999.0,5070306.0,5154305,1.66,6.92,41.8
2020-03,,SA,18029.0,4811.0,-2339.0,24958.0,1762889.0,1787847,1.42,10.23,72.2
2020-03,,TAS,4002.0,1019.0,1061.0,10172.0,545803.0,555975,1.86,7.33,39.3
2020-03,,VIC,75960.0,34898.0,1543.0,97920.0,6518716.0,6616636,1.5,11.65,77.6
2020-03,,WA,28864.0,18366.0,-188.0,56709.0,2649641.0,2706350,2.14,10.89,50.9
2020-06,2019-20,ACT,2235.0,3343.0,2339.0,9173.0,435730.0,444903,2.11,5.13,24.4
2020-06,2019-20,AUS,192703.0,134819.0,0.0,314422.0,25334826.0,25649248,1.24,7.61,61.3
2020-06,2019-20,NSW,57863.0,42669.0,-22450.0,63862.0,8046748.0,8110610,0.79,7.19,90.6
2020-06,2019-20,NT,289.0,2500.0,-899.0,869.0,246559.0,247428,0.35,1.17,33.3
2020-06,2019-20,QLD,27974.0,28039.0,23759.0,76766.0,5088847.0,5165613,1.51,5.5,36.4
2020-06,2019-20,SA,14938.0,4818.0,-1253.0,22960.0,1767395.0,1790355,1.3,8.45,65.1
2020-06,2019-20,TAS,3638.0,1110.0,888.0,9737.0,547841.0,557578,1.78,6.64,37.4
2020-06,2019-20,VIC,60597.0,34138.0,-2652.0,77741.0,6537305.0,6615046,1.19,9.27,77.9
2020-06,2019-20,WA,25157.0,18206.0,268.0,53287.0,2659625.0,2712912,2.0,9.46,47.2
2020-09,,ACT,215.0,3216.0,2462.0,7116.0,438633.0,445749,1.62,0.49,3.0
2020-09,,AUS,75627.0,134057.0,0.0,195268.0,25438073.0,25633341,0.77,2.97,38.7
2020-09,,NSW,24499.0,42437.0,-24624.0,27555.0,8071350.0,8098905,0.34,3.04,88.9
2020-09,,NT,72.0,2507.0,-444.0,1078.0,246677.0,247755,0.44,0.29,6.7
2020-09,,QLD,10753.0,28601.0,27100.0,62531.0,5110540.0,5173071,1.22,2.1,17.2
2020-09,,SA,8614.0,4603.0,394.0,18172.0,1774006.0,1792178,1.02,4.86,47.4
2020-09,,TAS,2514.0,1193.0,1640.0,9480.0,549947.0,559427,1.72,4.57,26.5
2020-09,,VIC,14000.0,33585.0,-9822.0,23539.0,6567898.0,6591437,0.36,2.13,59.5
2020-09,,WA,14939.0,17914.0,3294.0,45755.0,2674246.0,2720001,1.71,5.59,32.6
2020-12,,ACT,-471.0,3176.0,3480.0,7383.0,440267.0,447650,1.68,-1.07,-6.4
2020-12,,AUS,-4957.0,130926.0,0.0,110230.0,25520468.0,25630698,0.43,-0.19,-4.5
2020-12,,NSW,7002.0,41271.0,-27041.0,5939.0,8088361.0,8094300,0.07,0.87,117.9
2020-12,,NT,61.0,2537.0,109.0,1606.0,246213.0,247819,0.65,0.25,3.8
2020-12,,QLD,-999.0,28096.0,32344.0,54588.0,5129741.0,5184329,1.06,-0.19,-1.8
2020-12,,SA,4056.0,4510.0,2348.0,15586.0,1778928.0,1794514,0.88,2.28,26.0
2020-12,,TAS,628.0,1130.0,2633.0,8541.0,553340.0,561881,1.54,1.13,7.4
2020-12,,VIC,-20417.0,33065.0,-21412.0,-22855.0,6590050.0,6567195,-0.35,-3.1,
2020-12,,WA,5156.0,17138.0,7539.0,39388.0,2688799.0,2728187,1.46,1.92,13.1
2021-03,,ACT,-2641.0,3314.0,4685.0,6538.0,443035.0,449573,1.48,-5.96,-40.4
2021-03,,AUS,-94326.0,136468.0,0.0,25081.0,25627924.0,25653005,0.1,-3.68,-376.1
2021-03,,NSW,-15313.0,42994.0,-30839.0,-18986.0,8112001.0,8093015,-0.23,-1.89,
2021-03,,NT,-494.0,2637.0,220.0,1216.0,246969.0,248185,0.49,-2.0,-40.6
2021-03,,QLD,-15168.0,29340.0,36854.0,45243.0,5154305.0,5199548,0.88,-2.94,-33.5
2021-03,,SA,-3264.0,5056.0,4176.0,10739.0,1787847.0,1798586,0.6,-1.83,-30.4
2021-03,,TAS,-300.0,1191.0,3794.0,8865.0,555975.0,564840,1.59,-0.54,-3.4
2021-03,,VIC,-51705.0,34323.0,-29986.0,-61334.0,6616636.0,6555302,-0.93,-7.81,
2021-03,,WA,-5468.0,17612.0,11096.0,32755.0,2706350.0,2739105,1.21,-2.02,-16.7
2021-06,2020-21,ACT,-3140.0,3318.0,6275.0,7605.0,444903.0,452508,1.71,-7.06,-41.3
2021-06,2020-21,AUS,-84930.0,139479.0,0.0,36164.0,25649248.0,25685412,0.14,-3.31,-234.8
2021-06,2020-21,NSW,-7236.0,44065.0,-34008.0,-13548.0,8110610.0,8097062,-0.17,-0.89,
2021-06,2020-21,NT,-422.0,2651.0,-319.0,723.0,247428.0,248151,0.29,-1.71,-58.4
2021-06,2020-21,QLD,-12846.0,29534.0,40223.0,50201.0,5165613.0,5215814,0.97,-2.49,-25.6
2021-06,2020-21,SA,-2839.0,5360.0,4851.0,12246.0,1790355.0,1802601,0.68,-1.59,-23.2
2021-06,2020-21,TAS,-320.0,1179.0,4597.0,9661.0,557578.0,567239,1.73,-0.57,-3.3
2021-06,2020-21,VIC,-53059.0,35287.0,-35622.0,-67224.0,6615046.0,6547822,-1.02,-8.02,
2021-06,2020-21,WA,-5093.0,18079.0,14003.0,36453.0,2712912.0,2749365,1.34,-1.88,-14.0
2021-09,,ACT,-2809.0,3356.0,6231.0,7649.0,445749.0,453398,1.72,-6.3,-36.7
2021-09,,AUS,-55378.0,140606.0,0.0,71433.0,25633341.0,25704774,0.28,-2.16,-77.5
2021-09,,NSW,-3060.0,44512.0,-31355.0,-2186.0,8098905.0,8096719,-0.03,-0.38,
2021-09,,NT,384.0,2584.0,-373.0,1710.0,247755.0,249465,0.69,1.55,22.5
2021-09,,QLD,-7251.0,29554.0,39687.0,56958.0,5173071.0,5230029,1.1,-1.4,-12.7
2021-09,,SA,-2033.0,5342.0,4652.0,11611.0,1792178.0,1803789,0.65,-1.13,-17.5
2021-09,,TAS,109.0,1083.0,4064.0,8402.0,559427.0,567829,1.5,0.19,1.3
2021-09,,VIC,-37377.0,36059.0,-36631.0,-48321.0,6591437.0,6543116,-0.73,-5.67,
2021-09,,WA,-3349.0,18114.0,13725.0,35582.0,2720001.0,2755583,1.31,-1.23,-9.4
2021-12,,ACT,-778.0,3456.0,5090.0,8355.0,447650.0,456005,1.87,-1.74,-9.3
2021-12,,AUS,9304.0,143012.0,0.0,143097.0,25630698.0,25773795,0.56,0.36,6.5
2021-12,,NSW,12730.0,46096.0,-27865.0,22757.0,8094300.0,8117057,0.28,1.57,55.9
2021-12,,NT,1247.0,2586.0,-565.0,2681.0,247819.0,250500,1.08,5.03,46.5
2021-12,,QLD,-271.0,29775.0,39206.0,65343.0,5184329.0,5249672,1.26,-0.05,-0.4
2021-12,,SA,1206.0,5361.0,4324.0,13325.0,1794514.0,1807839,0.74,0.67,9.1
2021-12,,TAS,1467.0,1108.0,3048.0,7728.0,561881.0,569609,1.38,2.61,19.0
2021-12,,VIC,-5360.0,36036.0,-35932.0,-12182.0,6567195.0,6555013,-0.19,-0.82,
2021-12,,WA,-957.0,18592.0,12694.0,35053.0,2728187.0,2763240,1.28,-0.35,-2.7
2022-03,,ACT,1930.0,3340.0,4428.0,9983.0,449573.0,459556,2.22,4.29,19.3
2022-03,,AUS,131018.0,133565.0,0.0,259972.0,25653005.0,25912977,1.01,5.11,50.4
2022-03,,NSW,49703.0,42796.0,-28212.0,60188.0,8093015.0,8153203,0.74,6.14,82.6
2022-03,,NT,2245.0,2471.0,-497.0,3922.0,248185.0,252107,1.58,9.05,57.2
2022-03,,QLD,17532.0,28022.0,40057.0,83931.0,5199548.0,5283479,1.61,3.37,20.9
2022-03,,SA,10004.0,4741.0,3808.0,19770.0,1798586.0,1818356,1.1,5.56,50.6
2022-03,,TAS,2565.0,951.0,1971.0,6544.0,564840.0,571384,1.16,4.54,39.2
2022-03,,VIC,40094.0,33362.0,-33728.0,36278.0,6555302.0,6591580,0.55,6.12,110.5
2022-03,,WA,6905.0,17876.0,12173.0,39316.0,2739105.0,2778421,1.44,2.52,17.6
2022-06,2021-22,ACT,3363.0,3232.0,2159.0,8754.0,452508.0,461262,1.93,7.43,38.4
2022-06,2021-22,AUS,207912.0,125397.0,0.0,333309.0,25685412.0,26018721,1.3,8.09,62.4
2022-06,2021-22,NSW,70720.0,39865.0,-25549.0,85036.0,8097062.0,8182098,1.05,8.73,83.2
2022-06,2021-22,NT,2852.0,2302.0,-205.0,4949.0,248151.0,253100,1.99,11.49,57.6
2022-06,2021-22,QLD,30559.0,26725.0,37807.0,95091.0,5215814.0,5310905,1.82,5.86,32.1
2022-06,2021-22,SA,14504.0,4061.0,3803.0,22368.0,1802601.0,1824969,1.24,8.05,64.8
2022-06,2021-22,TAS,3435.0,837.0,789.0,5061.0,567239.0,572300,0.89,6.06,67.9
2022-06,2021-22,VIC,66690.0,31624.0,-30904.0,67410.0,6547822.0,6615232,1.03,10.19,98.9
2022-06,2021-22,WA,15716.0,16753.0,12100.0,44569.0,2749365.0,2793934,1.62,5.72,35.3
2022-09,,ACT,6443.0,3063.0,1111.0,10617.0,453398.0,464015,2.34,14.21,60.7
2022-09,,AUS,348629.0,115911.0,0.0,464540.0,25704774.0,26169314,1.81,13.56,75.0
2022-09,,NSW,120075.0,36145.0,-29031.0,127189.0,8096719.0,8223908,1.57,14.83,94.4
2022-09,,NT,3327.0,2322.0,-710.0,4939.0,249465.0,254404,1.98,13.34,67.4
2022-09,,QLD,51365.0,24650.0,36273.0,112288.0,5230029.0,5342317,2.15,9.82,45.7
2022-09,,SA,22232.0,3737.0,3573.0,29542.0,1803789.0,1833331,1.64,12.33,75.3
2022-09,,TAS,4184.0,723.0,54.0,4961.0,567829.0,572790,0.87,7.37,84.3
2022-09,,VIC,109728.0,29267.0,-24421.0,114574.0,6543116.0,6657690,1.75,16.77,95.8
2022-09,,WA,31176.0,15997.0,13151.0,60324.0,2755583.0,2815907,2.19,11.31,51.7
2022-12,,ACT,6965.0,2788.0,115.0,9868.0,456005.0,465873,2.16,15.27,70.6
2022-12,,AUS,437857.0,108633.0,0.0,546490.0,25773795.0,26320285,2.12,16.99,80.1
2022-12,,NSW,147317.0,32977.0,-33303.0,146991.0,8117057.0,8264048,1.81,18.15,100.2
2022-12,,NT,3627.0,2255.0,-1088.0,4794.0,250500.0,255294,1.91,14.48,75.7
2022-12,,QLD,68671.0,23349.0,34986.0,127006.0,5249672.0,5376678,2.42,13.08,54.1
2022-12,,SA,26299.0,3368.0,2681.0,32348.0,1807839.0,1840187,1.79,14.55,81.3
2022-12,,TAS,4386.0,664.0,-1316.0,3734.0,569609.0,573343,0.66,7.7,117.5
2022-12,,VIC,133980.0,28221.0,-16819.0,145382.0,6555013.0,6700395,2.22,20.44,92.2
2022-12,,WA,46536.0,15003.0,14744.0,76283.0,2763240.0,2839523,2.76,16.84,61.0
2023-03,,ACT,7865.0,2605.0,-841.0,9629.0,459556.0,469185,2.1,17.11,81.7
2023-03,,AUS,495833.0,105492.0,0.0,601325.0,25912977.0,26514302,2.32,19.13,82.5
2023-03,,NSW,163592.0,32196.0,-31662.0,164126.0,8153203.0,8317329,2.01,20.06,99.7
2023-03,,NT,3913.0,2147.0,-1701.0,4359.0,252107.0,256466,1.73,15.52,89.8
2023-03,,QLD,79091.0,22305.0,30911.0,132307.0,5283479.0,5415786,2.5,14.97,59.8
2023-03,,SA,27972.0,3069.0,1617.0,32658.0,1818356.0,1851014,1.8,15.38,85.7
2023-03,,TAS,4616.0,689.0,-2853.0,2452.0,571384.0,573836,0.43,8.08,188.3
2023-03,,VIC,148427.0,28357.0,-11113.0,165671.0,6591580.0,6757251,2.51,22.52,89.6
2023-03,,WA,60302.0,14113.0,15642.0,90057.0,2778421.0,2868478,3.24,21.7,67.0
2023-06,2022-23,ACT,8408.0,2644.0,-974.0,10078.0,461262.0,471340,2.18,18.23,83.4
2023-06,2022-23,AUS,538341.0,102860.0,0.0,641201.0,26018721.0,26659922,2.46,20.69,84.0
2023-06,2022-23,NSW,178035.0,31553.0,-35299.0,174289.0,8182098.0,8356387,2.13,21.76,102.1
2023-06,2022-23,NT,4468.0,2209.0,-2269.0,4408.0,253100.0,257508,1.74,17.65,101.4
2023-06,2022-23,QLD,86625.0,21268.0,31437.0,139330.0,5310905.0,5450235,2.62,16.31,62.2
2023-06,2022-23,SA,29342.0,2856.0,479.0,32677.0,1824969.0,1857646,1.79,16.08,89.8
2023-06,2022-23,TAS,4798.0,520.0,-3887.0,1431.0,572300.0,573731,0.25,8.38,335.3
2023-06,2022-23,VIC,159896.0,28055.0,-6014.0,181937.0,6615232.0,6797169,2.75,24.17,87.9
2023-06,2022-23,WA,66742.0,13733.0,16527.0,97002.0,2793934.0,2890936,3.47,23.89,68.8
2023-09,,ACT,8442.0,2721.0,-1361.0,9802.0,464015.0,473817,2.11,18.19,86.1
2023-09,,AUS,555798.0,106019.0,0.0,661817.0,26169314.0,26831131,2.53,21.24,84.0
2023-09,,NSW,183209.0,33097.0,-33876.0,182430.0,8223908.0,8406338,2.22,22.28,100.4
2023-09,,NT,4516.0,2146.0,-2523.0,4139.0,254404.0,258543,1.63,17.75,109.1
2023-09,,QLD,90098.0,21816.0,31743.0,143657.0,5342317.0,5485974,2.69,16.86,62.7
2023-09,,SA,29898.0,2868.0,-337.0,32429.0,1833331.0,1865760,1.77,16.31,92.2
2023-09,,TAS,4883.0,511.0,-4365.0,1029.0,572790.0,573819,0.18,8.52,474.5
2023-09,,VIC,164068.0,29409.0,-5501.0,187976.0,6657690.0,6845666,2.82,24.64,87.3
2023-09,,WA,70660.0,13435.0,16220.0,100315.0,2815907.0,2916222,3.56,25.09,70.4
2023-12,,ACT,7864.0,2721.0,-1596.0,8989.0,465873.0,474862,1.93,16.88,87.5
2023-12,,AUS,530620.0,105755.0,0.0,636375.0,26320285.0,26956660,2.42,20.16,83.4
2023-12,,NSW,172156.0,32768.0,-31638.0,173286.0,8264048.0,8437334,2.1,20.83,99.3
2023-12,,NT,4557.0,2113.0,-2821.0,3849.0,255294.0,259143,1.51,17.85,118.4
2023-12,,QLD,87344.0,21729.0,30725.0,139798.0,5376678.0,5516476,2.6,16.24,62.5
2023-12,,SA,28790.0,2911.0,-951.0,30750.0,1840187.0,1870937,1.67,15.65,93.6
2023-12,,TAS,4793.0,492.0,-4414.0,871.0,573343.0,574214,0.15,8.36,550.3
2023-12,,VIC,155654.0,29783.0,-4764.0,180673.0,6700395.0,6881068,2.7,23.23,86.2
2023-12,,WA,69428.0,13237.0,15459.0,98124.0,2839523.0,2937647,3.46,24.45,70.8
2024-03,,ACT,7046.0,2855.0,-1557.0,8344.0,469185.0,477529,1.78,15.02,84.4
2024-03,,AUS,493823.0,105392.0,0.0,599215.0,26514302.0,27113517,2.26,18.62,82.4
2024-03,,NSW,157976.0,32646.0,-30550.0,160072.0,8317329.0,8477401,1.92,18.99,98.7
2024-03,,NT,4188.0,2214.0,-2901.0,3501.0,256466.0,259967,1.37,16.33,119.6
2024-03,,QLD,81840.0,21184.0,30022.0,133046.0,5415786.0,5548832,2.46,15.11,61.5
2024-03,,SA,26378.0,2906.0,-1643.0,27641.0,1851014.0,1878655,1.49,14.25,95.4
2024-03,,TAS,4612.0,373.0,-3856.0,1129.0,573836.0,574965,0.2,8.04,408.5
2024-03,,VIC,145588.0,29854.0,-4159.0,171283.0,6757251.0,6928534,2.53,21.55,85.0
2024-03,,WA,66164.0,13365.0,14644.0,94173.0,2868478.0,2962651,3.28,23.07,70.3
2024-06,2023-24,ACT,5864.0,2793.0,-1567.0,7090.0,471340.0,478430,1.5,12.44,82.7
2024-06,2023-24,AUS,429162.0,105202.0,0.0,534364.0,26659922.0,27194286,2.0,16.1,80.3
2024-06,2023-24,NSW,133115.0,32293.0,-29745.0,135663.0,8356387.0,8492050,1.62,15.93,98.1
2024-06,2023-24,NT,3767.0,2125.0,-2516.0,3376.0,257508.0,260884,1.31,14.63,111.6
2024-06,2023-24,QLD,71733.0,20965.0,28957.0,121655.0,5450235.0,5571890,2.23,13.16,59.0
2024-06,2023-24,SA,23347.0,2937.0,-1766.0,24518.0,1857646.0,1882164,1.32,12.57,95.2
2024-06,2023-24,TAS,4144.0,299.0,-3409.0,1034.0,573731.0,574765,0.18,7.22,400.8
2024-06,2023-24,VIC,127881.0,30153.0,-4242.0,153792.0,6797169.0,6950961,2.26,18.81,83.2
2024-06,2023-24,WA,59272.0,13651.0,14288.0,87211.0,2890936.0,2978147,3.02,20.5,68.0
2024-09,,ACT,4548.0,2708.0,-1200.0,6056.0,473817.0,479873,1.28,9.6,75.1
2024-09,,AUS,365629.0,102245.0,0.0,467874.0,26831131.0,27299005,1.74,13.63,78.1
2024-09,,NSW,110764.0,31070.0,-28666.0,113168.0,8406338.0,8519506,1.35,13.18,97.9
2024-09,,NT,3521.0,2181.0,-2219.0,3483.0,258543.0,262026,1.35,13.62,101.1
2024-09,,QLD,62014.0,20126.0,27452.0,109592.0,5485974.0,5595566,2.0,11.3,56.6
2024-09,,SA,20530.0,2719.0,-1899.0,21350.0,1865760.0,1887110,1.14,11.0,96.2
2024-09,,TAS,3900.0,195.0,-2542.0,1553.0,573819.0,575372,0.27,6.8,251.1
2024-09,,VIC,108166.0,29750.0,-4575.0,133341.0,6845666.0,6979007,1.95,15.8,81.1
2024-09,,WA,52164.0,13518.0,13649.0,79331.0,2916222.0,2995553,2.72,17.89,65.8
2024-12,,ACT,4310.0,2860.0,-774.0,6396.0,474862.0,481258,1.35,9.08,67.4
2024-12,,AUS,330458.0,104007.0,0.0,434465.0,26956660.0,27391125,1.61,12.26,76.1
2024-12,,NSW,97571.0,32140.0,-28368.0,101343.0,8437334.0,8538677,1.2,11.56,96.3
2024-12,,NT,3510.0,2201.0,-1571.0,4140.0,259143.0,263283,1.6,13.54,84.8
2024-12,,QLD,57871.0,19871.0,26181.0,103923.0,5516476.0,5620399,1.88,10.49,55.7
2024-12,,SA,19700.0,2752.0,-2165.0,20287.0,1870937.0,1891224,1.08,10.53,97.1
2024-12,,TAS,3736.0,136.0,-1815.0,2057.0,574214.0,576271,0.36,6.51,181.6
2024-12,,VIC,96849.0,30532.0,-4639.0,122742.0,6881068.0,7003810,1.78,14.07,78.9
2024-12,,WA,46873.0,13526.0,13151.0,73550.0,2937647.0,3011197,2.5,15.96,63.7
2025-03,,ACT,4088.0,2812.0,-967.0,5933.0,477529.0,483462,1.24,8.56,68.9
2025-03,,AUS,309493.0,105412.0,0.0,414905.0,27113517.0,27528422,1.53,11.41,74.6
2025-03,,NSW,90064.0,32591.0,-26922.0,95733.0,8477401.0,8573134,1.13,10.62,94.1
2025-03,,NT,3823.0,2043.0,-899.0,4967.0,259967.0,264934,1.91,14.71,77.0
2025-03,,QLD,55917.0,20315.0,24319.0,100551.0,5548832.0,5649383,1.81,10.08,55.6
2025-03,,SA,19297.0,2833.0,-2336.0,19794.0,1878655.0,1898449,1.05,10.27,97.5
2025-03,,TAS,3344.0,234.0,-1246.0,2332.0,574965.0,577297,0.41,5.82,143.4
2025-03,,VIC,89515.0,31137.0,-4456.0,116196.0,6928534.0,7044730,1.68,12.92,77.0
2025-03,,WA,43406.0,13460.0,12507.0,69373.0,2962651.0,3032024,2.34,14.65,62.6
2025-06,2024-25,ACT,4425.0,2949.0,-1123.0,6251.0,478430.0,484681,1.31,9.25,70.8
2025-06,2024-25,AUS,301572.0,105881.0,0.0,407453.0,27194286.0,27601739,1.5,11.09,74.0
2025-06,2024-25,NSW,86916.0,33189.0,-24786.0,95319.0,8492050.0,8587369,1.12,10.23,91.2
2025-06,2024-25,NT,3938.0,2007.0,-851.0,5094.0,260884.0,265978,1.95,15.09,77.3
2025-06,2024-25,QLD,55959.0,20390.0,21964.0,98313.0,5571890.0,5670203,1.76,10.04,56.9
2025-06,2024-25,SA,19154.0,2756.0,-2422.0,19488.0,1882164.0,1901652,1.04,10.18,98.3
2025-06,2024-25,TAS,3324.0,339.0,-601.0,3062.0,574765.0,577827,0.53,5.78,108.6
2025-06,2024-25,VIC,85603.0,31035.0,-3558.0,113080.0,6950961.0,7064041,1.63,12.32,75.7
2025-06,2024-25,WA,42213.0,13229.0,11377.0,66819.0,2978147.0,3044966,2.24,14.17,63.2
2025-09,,ACT,4736.0,2944.0,-1356.0,6324.0,479873.0,486197,1.32,9.87,74.9
2025-09,,AUS,307028.0,106073.0,0.0,413101.0,27299005.0,27712106,1.51,11.25,74.3
2025-09,,NSW,88360.0,34018.0,-23752.0,98626.0,8519506.0,8618132,1.16,10.37,89.6
2025-09,,NT,4128.0,1912.0,-978.0,5062.0,262026.0,267088,1.93,15.75,81.5
2025-09,,QLD,57522.0,20808.0,19350.0,97680.0,5595566.0,5693246,1.75,10.28,58.9
2025-09,,SA,19681.0,2494.0,-2016.0,20159.0,1887110.0,1907269,1.07,10.43,97.6
2025-09,,TAS,3314.0,261.0,-508.0,3067.0,575372.0,578439,0.53,5.76,108.1
2025-09,,VIC,86845.0,30012.0,-1988.0,114869.0,6979007.0,7093876,1.65,12.44,75.6
2025-09,,WA,42410.0,13627.0,11248.0,67285.0,2995553.0,3062838,2.25,14.16,63.0
2025-12,,ACT,4728.0,2814.0,-1541.0,6001.0,481258.0,487259,1.25,9.82,78.8
2025-12,,AUS,298870.0,100268.0,0.0,399138.0,27391125.0,27790263,1.46,10.91,74.9
2025-12,,NSW,86463.0,31525.0,-21465.0,96523.0,8538677.0,8635200,1.13,10.13,89.6
2025-12,,NT,3821.0,1827.0,-1228.0,4420.0,263283.0,267703,1.68,14.51,86.4
2025-12,,QLD,56022.0,20377.0,16528.0,92927.0,5620399.0,5713326,1.65,9.97,60.3
2025-12,,SA,18716.0,2416.0,-1576.0,19556.0,1891224.0,1910780,1.03,9.9,95.7
2025-12,,TAS,3049.0,217.0,-452.0,2814.0,576271.0,579085,0.49,5.29,108.4
2025-12,,VIC,84628.0,28263.0,-685.0,112206.0,7003810.0,7116016,1.6,12.08,75.4
2025-12,,WA,41419.0,12829.0,10419.0,64667.0,3011197.0,3075864,2.15,13.75,64.0
2026-03,,ACT,4816.0,2791.0,-1401.0,6206.0,483462.0,489668,1.28,9.96,77.6
2026-03,,AUS,292137.0,100591.0,0.0,392728.0,27528422.0,27921150,1.43,10.61,74.4
2026-03,,NSW,84573.0,33216.0,-20818.0,96971.0,8573134.0,8670105,1.13,9.86,87.2
2026-03,,NT,3585.0,1969.0,-1589.0,3965.0,264934.0,268899,1.5,13.53,90.4
2026-03,,QLD,55217.0,20143.0,14718.0,90078.0,5649383.0,5739461,1.59,9.77,61.3
2026-03,,SA,17406.0,2189.0,-1208.0,18387.0,1898449.0,1916836,0.97,9.17,94.7
2026-03,,TAS,3247.0,245.0,-98.0,3394.0,577297.0,580691,0.59,5.62,95.7
2026-03,,VIC,81732.0,27677.0,82.0,109491.0,7044730.0,7154221,1.55,11.6,74.6
2026-03,,WA,41531.0,12353.0,10314.0,64198.0,3032024.0,3096222,2.12,13.7,64.7
